[2026-04-12T15:38:05.196] [DEBUG] debug-file - env: nodejsVersion=v18.20.1
[2026-04-12T15:38:05.808] [DEBUG] debug-file - Hvigor init with startParameters:{
  hvigorfileTypeCheck: false,
  parallelExecution: true,
  incrementalExecution: true,
  printStackTrace: false,
  daemon: false,
  analyze: 0,
  logLevel: Level { level: 20000, levelStr: 'INFO', colour: 'green' },
  optimizationStrategy: 'memory',
  hotCompile: undefined,
  hotReloadBuild: undefined,
  customizedParam: undefined
}
[2026-04-12T15:38:09.858] [DEBUG] debug-file - hvigorfile, require result:  { default: { system: [Function: appTasks], plugins: [] } }
[2026-04-12T15:38:10.165] [DEBUG] debug-file - App plugin register hook start...
[2026-04-12T15:38:10.168] [DEBUG] debug-file - Start initialize project's product build option map with build mode debug.
[2026-04-12T15:38:10.173] [DEBUG] debug-file - Obtain build option for product 'default'in this build.
[2026-04-12T15:38:10.187] [DEBUG] debug-file - Start recording SDK configuration permission data.
[2026-04-12T15:38:09.861] [DEBUG] debug-file - Starting plugin build process
[2026-04-12T15:38:10.274] [DEBUG] debug-file - Project task initialization takes 18 ms 
[2026-04-12T15:38:10.296] [DEBUG] debug-file - failed to load cangjie to dynamically generate schemas: Error: Cannot find module '@ohos/cangjie-build-support/index'
Require stack:
- D:\Program Files\Huawei\DevEco Studio\tools\hvigor\hvigor-ohos-plugin\src\plugin\hooks\cangjie-register.js
- D:\Program Files\Huawei\DevEco Studio\tools\hvigor\hvigor-ohos-plugin\src\plugin\strategy\stage-init-strategy.js
- D:\Program Files\Huawei\DevEco Studio\tools\hvigor\hvigor-ohos-plugin\src\plugin\builder\abstract-plugin-builder.js
- D:\Program Files\Huawei\DevEco Studio\tools\hvigor\hvigor-ohos-plugin\src\plugin\builder\app-plugin-builder.js
- D:\Program Files\Huawei\DevEco Studio\tools\hvigor\hvigor-ohos-plugin\src\plugin\factory\plugin-factory.js
- D:\Program Files\Huawei\DevEco Studio\tools\hvigor\hvigor-ohos-plugin\index.js
- C:\Users\20732\Desktop\NativeCase\hvigorfile.ts
- D:\Program Files\Huawei\DevEco Studio\tools\hvigor\hvigor\src\base\internal\lifecycle\configuration.js
- D:\Program Files\Huawei\DevEco Studio\tools\hvigor\hvigor\src\base\boot\index.js
- D:\Program Files\Huawei\DevEco Studio\tools\hvigor\hvigor\src\cli\main\cli.js
- D:\Program Files\Huawei\DevEco Studio\tools\hvigor\hvigor\bin\hvigor.js
[2026-04-12T15:38:10.320] [DEBUG] debug-file - Start initialize module-target build option map, moduleName=entry, buildMode=debug
[2026-04-12T15:38:10.339] [DEBUG] debug-file - start to load updatedOhPackageInfo to the disk
[2026-04-12T15:38:10.335] [DEBUG] debug-file - project has submodules:entry
[2026-04-12T15:38:10.369] [DEBUG] debug-file - Start to initialize dependency information.
[2026-04-12T15:38:05.197] [DEBUG] debug-file - env: hvigor-config.json5 content = {
  modelVersion: '5.0.0',
  dependencies: {},
  execution: {},
  logging: {},
  debugging: {},
  nodeOptions: {}
}
[2026-04-12T15:38:10.397] [DEBUG] debug-file - entry : clean cost memory 0.3568267822265625
[2026-04-12T15:38:10.438] [DEBUG] debug-file - Create  resident worker with id: 0.
[2026-04-12T15:38:05.809] [DEBUG] debug-file - Since current hvigor version 6.22.2 differs from last hvigor version 
      undefined, delete file-cache.json and task-cache.json.
[2026-04-12T15:38:09.859] [DEBUG] debug-file - hvigorfile, binding system plugins [Function: appTasks]
[2026-04-12T15:38:10.166] [DEBUG] debug-file - App plugin register hook end...
[2026-04-12T15:38:10.168] [DEBUG] debug-file - Picking option from product 'default' with build mode 'debug'.
[2026-04-12T15:38:10.175] [DEBUG] debug-file - No signingConfig found, initRemoteHspCache failed.
[2026-04-12T15:38:10.251] [DEBUG] debug-file - Sdk init in 74 ms 
[2026-04-12T15:38:10.274] [DEBUG] debug-file - hvigorfile, binding custom plugins []
[2026-04-12T15:38:09.861] [DEBUG] debug-file - App plugin prepare start...
[2026-04-12T15:38:10.321] [DEBUG] debug-file - Target 'default' config initialized
[2026-04-12T15:38:10.362] [DEBUG] debug-file - load to the disk finished
[2026-04-12T15:38:10.382] [DEBUG] debug-file - Module entry Collected Dependency: C:\Users\20732\Desktop\NativeCase\entry\src\main\cpp\types\libentry
[2026-04-12T15:38:05.200] [DEBUG] debug-file - env: daemon=false
[2026-04-12T15:38:10.397] [DEBUG] debug-file - runTaskFromQueue task cost before running: 4 s 606 ms 
[2026-04-12T15:38:10.441] [DEBUG] debug-file - Create  resident worker with id: 1.
[2026-04-12T15:38:05.810] [DEBUG] debug-file - Cache service initialization finished in 1 ms 
[2026-04-12T15:38:10.166] [DEBUG] debug-file - Plugin build process completed
[2026-04-12T15:38:10.169] [DEBUG] debug-file - Product 'default' build option initialized
[2026-04-12T15:38:10.178] [DEBUG] debug-file - Local scan or download HarmonyOS sdk components toolchains,ets,js,native,previewer
[2026-04-12T15:38:10.274] [DEBUG] debug-file - hvigorfile, no custom plugins were found in C:\Users\20732\Desktop\NativeCase\hvigorfile.ts
[2026-04-12T15:38:09.861] [DEBUG] debug-file - App plugin prepare end...
[2026-04-12T15:38:10.323] [DEBUG] debug-file - Module 'entry' target 'default' build option initialized
[2026-04-12T15:38:10.363] [DEBUG] debug-file - Start to initialize dependency information.
[2026-04-12T15:38:10.382] [DEBUG] debug-file - Module entry's total dependency: 1
[2026-04-12T15:38:05.200] [DEBUG] debug-file - no-daemon, use the parent process.execArgv --max-old-space-size=8192,--max-semi-space-size=16,--expose-gc
[2026-04-12T15:38:10.399] [INFO] debug-file - Finished :entry:clean... after 4 ms 
[2026-04-12T15:38:10.444] [DEBUG] debug-file - Current worker pool is stopped or closed.
[2026-04-12T15:38:05.813] [DEBUG] debug-file - hvigorfile, resolving C:\Users\20732\Desktop\NativeCase\hvigorfile.ts
[2026-04-12T15:38:10.169] [DEBUG] debug-file - End initialize project's product build option map with build mode 'debug'.
[2026-04-12T15:38:10.182] [DEBUG] debug-file - Local scan or download hmscore sdk components toolchains,ets,native
[2026-04-12T15:38:10.274] [DEBUG] debug-file - hvigorfile, resolve finished C:\Users\20732\Desktop\NativeCase\hvigorfile.ts
[2026-04-12T15:38:09.861] [DEBUG] debug-file - App plugin creating...
[2026-04-12T15:38:10.323] [DEBUG] debug-file - End initialize module-target build option map, moduleName=entry
[2026-04-12T15:38:10.367] [DEBUG] debug-file - Module NativeCase Collected Dependency: 
[2026-04-12T15:38:10.389] [DEBUG] debug-file - Configuration phase cost:4 s 578 ms 
[2026-04-12T15:38:10.399] [DEBUG] debug-file - Executing task ::clean
[2026-04-12T15:38:10.444] [DEBUG] debug-file - Clear worker 0.
[2026-04-12T15:38:10.276] [DEBUG] debug-file - hvigorfile, resolving C:\Users\20732\Desktop\NativeCase\entry\hvigorfile.ts
[2026-04-12T15:38:10.323] [DEBUG] debug-file - Start initialize module-target build option map, moduleName=entry, buildMode=release
[2026-04-12T15:38:10.367] [DEBUG] debug-file - Module NativeCase's total dependency: 0
[2026-04-12T15:38:10.392] [DEBUG] debug-file - Configuration task cost before running: 4 s 601 ms 
[2026-04-12T15:38:10.399] [DEBUG] debug-file - clean: Worker pool is inactive.
[2026-04-12T15:38:10.445] [DEBUG] debug-file - Worker 0 has been cleared.
[2026-04-12T15:38:10.291] [DEBUG] debug-file - hvigorfile, require result:  { default: { system: [Function: hapTasks], plugins: [] } }
[2026-04-12T15:38:10.323] [DEBUG] debug-file - Target 'default' config initialized
[2026-04-12T15:38:10.394] [DEBUG] debug-file - Executing task :entry:clean
[2026-04-12T15:38:10.400] [DEBUG] debug-file - NativeCase : clean cost memory 0.02008819580078125
[2026-04-12T15:38:10.445] [DEBUG] debug-file - Current idle worker size: 1.
[2026-04-12T15:38:10.291] [DEBUG] debug-file - hvigorfile, binding system plugins [Function: hapTasks]
[2026-04-12T15:38:10.324] [DEBUG] debug-file - Module 'entry' target 'default' build option initialized
[2026-04-12T15:38:10.394] [DEBUG] debug-file - clean: Worker pool is inactive.
[2026-04-12T15:38:10.445] [DEBUG] debug-file - Current busy worker size: 0.
[2026-04-12T15:38:10.400] [DEBUG] debug-file - runTaskFromQueue task cost before running: 4 s 609 ms 
[2026-04-12T15:38:10.291] [DEBUG] debug-file - Starting plugin build process
[2026-04-12T15:38:10.324] [DEBUG] debug-file - End initialize module-target build option map, moduleName=entry
[2026-04-12T15:38:10.445] [DEBUG] debug-file - Clear worker 1.
[2026-04-12T15:38:10.400] [INFO] debug-file - Finished ::clean... after 1 ms 
[2026-04-12T15:38:10.291] [DEBUG] debug-file - Hap plugin creating...
[2026-04-12T15:38:10.324] [DEBUG] debug-file - Start initialize module-target build option map, moduleName=entry, buildMode=debug
[2026-04-12T15:38:10.445] [DEBUG] debug-file - Worker 1 has been cleared.
[2026-04-12T15:38:10.400] [DEBUG] debug-file - Executing task :entry:init
[2026-04-12T15:38:10.324] [DEBUG] debug-file - Target 'default' config initialized
[2026-04-12T15:38:10.445] [DEBUG] debug-file - Current idle worker size: 0.
[2026-04-12T15:38:10.400] [DEBUG] debug-file - entry : init cost memory 0.01263427734375
[2026-04-12T15:38:10.325] [DEBUG] debug-file - Module 'entry' target 'default' build option initialized
[2026-04-12T15:38:10.445] [DEBUG] debug-file - Current busy worker size: 0.
[2026-04-12T15:38:10.325] [DEBUG] debug-file - End initialize module-target build option map, moduleName=entry
[2026-04-12T15:38:10.400] [DEBUG] debug-file - runTaskFromQueue task cost before running: 4 s 609 ms 
[2026-04-12T15:38:10.447] [DEBUG] debug-file - hvigor build process will be closed.
[2026-04-12T15:38:10.325] [DEBUG] debug-file - Obtain build option for module 'entry' target 'default'in this build.
[2026-04-12T15:38:10.455] [DEBUG] debug-file - worker[0] exits with exit code 0.
[2026-04-12T15:38:10.401] [INFO] debug-file - Finished :entry:init... after 1 ms 
[2026-04-12T15:38:10.332] [DEBUG] debug-file - Module entry task initialization takes 7 ms 
[2026-04-12T15:38:10.459] [DEBUG] debug-file - worker[1] exits with exit code 0.
[2026-04-12T15:38:10.332] [DEBUG] debug-file - Hap plugin register hook start...
[2026-04-12T15:38:10.401] [DEBUG] debug-file - Executing task ::init
[2026-04-12T15:38:10.462] [DEBUG] debug-file - Current worker pool is terminated.
[2026-04-12T15:38:10.332] [DEBUG] debug-file - Hap plugin register hook end...
[2026-04-12T15:38:10.401] [DEBUG] debug-file - NativeCase : init cost memory 0.01141357421875
[2026-04-12T15:38:10.332] [DEBUG] debug-file - Plugin build process completed
[2026-04-12T15:38:10.401] [DEBUG] debug-file - runTaskFromQueue task cost before running: 4 s 610 ms 
[2026-04-12T15:38:10.332] [DEBUG] debug-file - hvigorfile, binding custom plugins []
[2026-04-12T15:38:10.401] [INFO] debug-file - Finished ::init... after 1 ms 
[2026-04-12T15:38:10.332] [DEBUG] debug-file - hvigorfile, no custom plugins were found in C:\Users\20732\Desktop\NativeCase\entry\hvigorfile.ts
[2026-04-12T15:38:10.410] [DEBUG] debug-file - Obtain build option for module 'entry' target 'default'in this build.
[2026-04-12T15:38:10.332] [DEBUG] debug-file - hvigorfile, resolve finished C:\Users\20732\Desktop\NativeCase\entry\hvigorfile.ts
[2026-04-12T15:38:10.422] [DEBUG] debug-file - Since there is no instance or instance is terminated, create a new worker pool.
[2026-04-12T15:38:10.423] [DEBUG] debug-file - Worker pool is initialized with config:  {
  minPoolNum: 2,
  maxPoolNum: undefined,
  maxCoreSize: undefined,
  cacheCapacity: undefined,
  cacheTtl: undefined
}
[2026-04-12T15:38:15.042] [DEBUG] debug-file - env: nodejsVersion=v18.20.1
[2026-04-12T15:38:15.157] [DEBUG] debug-file - env: daemon=true
[2026-04-12T15:38:15.052] [DEBUG] debug-file - env: hvigor-config.json5 content = {
  modelVersion: '5.0.0',
  dependencies: {},
  execution: {},
  logging: {},
  debugging: {},
  nodeOptions: {}
}
[2026-04-12T15:38:17.022] [DEBUG] debug-file - java daemon tryConnect success
[2026-04-12T15:38:17.091] [DEBUG] debug-file - session manager: set active socket. socketId=t0Qd0BfJlJF6l5_3AAAB
[2026-04-12T15:38:18.881] [DEBUG] debug-file - watch worker: worker id should be larger than 0. Nothing will be sent to any worker thread.
[2026-04-12T15:38:18.896] [DEBUG] debug-file - Since there is no instance or instance is terminated, create a new worker pool.
[2026-04-12T15:38:18.897] [DEBUG] debug-file - Worker pool is initialized with config:  {
  minPoolNum: 2,
  maxPoolNum: undefined,
  maxCoreSize: undefined,
  cacheCapacity: undefined,
  cacheTtl: undefined
}
[2026-04-12T15:38:18.900] [DEBUG] debug-file - Create  resident worker with id: 0.
[2026-04-12T15:38:18.905] [DEBUG] debug-file - Create  resident worker with id: 1.
[2026-04-12T15:38:18.909] [DEBUG] debug-file - Workers' log level updated to INFO
[2026-04-12T15:38:18.927] [DEBUG] debug-file - Hvigor init with startParameters:{
  hvigorfileTypeCheck: false,
  parallelExecution: true,
  incrementalExecution: true,
  printStackTrace: false,
  daemon: true,
  analyze: 0,
  logLevel: Level { level: 20000, levelStr: 'INFO', colour: 'green' },
  optimizationStrategy: 'memory',
  hotCompile: undefined,
  hotReloadBuild: undefined,
  customizedParam: undefined
}
[2026-04-12T15:38:18.931] [DEBUG] debug-file - Cache service initialization finished in 3 ms 
[2026-04-12T15:38:18.940] [DEBUG] debug-file - hvigorfile, resolving C:\Users\20732\Desktop\NativeCase\hvigorfile.ts
[2026-04-12T15:38:28.944] [DEBUG] debug-file - hvigorfile, require result:  { default: { plugins: [] } }
[2026-04-12T15:38:28.945] [DEBUG] debug-file - hvigorfile, binding system plugins null
[2026-04-12T15:38:28.946] [DEBUG] debug-file - Starting plugin build process
[2026-04-12T15:38:28.946] [DEBUG] debug-file - App plugin prepare start...
[2026-04-12T15:38:28.946] [DEBUG] debug-file - App plugin prepare end...
[2026-04-12T15:38:28.946] [DEBUG] debug-file - App plugin creating...
[2026-04-12T15:38:29.497] [DEBUG] debug-file - App plugin register hook start...
[2026-04-12T15:38:29.498] [DEBUG] debug-file - App plugin register hook end...
[2026-04-12T15:38:29.499] [DEBUG] debug-file - Plugin build process completed
[2026-04-12T15:38:29.502] [DEBUG] debug-file - Start initialize project's product build option map with build mode debug.
[2026-04-12T15:38:29.502] [DEBUG] debug-file - Picking option from product 'default' with build mode 'debug'.
[2026-04-12T15:38:29.503] [DEBUG] debug-file - Product 'default' build option initialized
[2026-04-12T15:38:29.503] [DEBUG] debug-file - End initialize project's product build option map with build mode 'debug'.
[2026-04-12T15:38:29.508] [DEBUG] debug-file - Obtain build option for product 'default'in this build.
[2026-04-12T15:38:29.512] [DEBUG] debug-file - No signingConfig found, initRemoteHspCache failed.
[2026-04-12T15:38:29.518] [DEBUG] debug-file - Local scan or download HarmonyOS sdk components toolchains,ets,js,native,previewer
[2026-04-12T15:38:29.525] [DEBUG] debug-file - Local scan or download hmscore sdk components toolchains,ets,native
[2026-04-12T15:38:29.530] [DEBUG] debug-file - Start recording SDK configuration permission data.
[2026-04-12T15:38:29.633] [DEBUG] debug-file - Sdk init in 118 ms 
[2026-04-12T15:38:29.646] [DEBUG] debug-file - Project task initialization takes 11 ms 
[2026-04-12T15:38:29.646] [DEBUG] debug-file - hvigorfile, binding custom plugins []
[2026-04-12T15:38:29.646] [DEBUG] debug-file - hvigorfile, no custom plugins were found in C:\Users\20732\Desktop\NativeCase\hvigorfile.ts
[2026-04-12T15:38:29.647] [DEBUG] debug-file - hvigorfile, resolve finished C:\Users\20732\Desktop\NativeCase\hvigorfile.ts
[2026-04-12T15:38:29.649] [DEBUG] debug-file - hvigorfile, resolving C:\Users\20732\Desktop\NativeCase\entry\hvigorfile.ts
[2026-04-12T15:38:29.665] [DEBUG] debug-file - hvigorfile, require result:  { default: { plugins: [] } }
[2026-04-12T15:38:29.666] [DEBUG] debug-file - hvigorfile, binding system plugins null
[2026-04-12T15:38:29.666] [DEBUG] debug-file - Starting plugin build process
[2026-04-12T15:38:29.666] [DEBUG] debug-file - Hap plugin creating...
[2026-04-12T15:38:29.671] [DEBUG] debug-file - failed to load cangjie to dynamically generate schemas: Error: Cannot find module '@ohos/cangjie-build-support/index'
Require stack:
- D:\Program Files\Huawei\DevEco Studio\tools\hvigor\hvigor-ohos-plugin\src\plugin\hooks\cangjie-register.js
- D:\Program Files\Huawei\DevEco Studio\tools\hvigor\hvigor-ohos-plugin\src\plugin\strategy\stage-init-strategy.js
- D:\Program Files\Huawei\DevEco Studio\tools\hvigor\hvigor-ohos-plugin\src\plugin\builder\abstract-plugin-builder.js
- D:\Program Files\Huawei\DevEco Studio\tools\hvigor\hvigor-ohos-plugin\src\plugin\builder\app-plugin-builder.js
- D:\Program Files\Huawei\DevEco Studio\tools\hvigor\hvigor-ohos-plugin\src\plugin\factory\plugin-factory.js
- D:\Program Files\Huawei\DevEco Studio\tools\hvigor\hvigor-ohos-plugin\index.js
- C:\Users\20732\Desktop\NativeCase\hvigorfile.ts
- D:\Program Files\Huawei\DevEco Studio\tools\hvigor\hvigor\src\base\internal\lifecycle\configuration.js
- D:\Program Files\Huawei\DevEco Studio\tools\hvigor\hvigor\src\base\boot\index.js
- D:\Program Files\Huawei\DevEco Studio\tools\hvigor\hvigor\src\base\daemon\cluster\worker-process-lifecycle.js
- D:\Program Files\Huawei\DevEco Studio\tools\hvigor\hvigor\src\base\daemon\process\daemon-process-boot-script.js
[2026-04-12T15:38:29.710] [DEBUG] debug-file - Start initialize module-target build option map, moduleName=entry, buildMode=debug
[2026-04-12T15:38:29.710] [DEBUG] debug-file - Target 'default' config initialized
[2026-04-12T15:38:29.712] [DEBUG] debug-file - Module 'entry' target 'default' build option initialized
[2026-04-12T15:38:29.712] [DEBUG] debug-file - End initialize module-target build option map, moduleName=entry
[2026-04-12T15:38:29.713] [DEBUG] debug-file - Start initialize module-target build option map, moduleName=entry, buildMode=release
[2026-04-12T15:38:29.713] [DEBUG] debug-file - Target 'default' config initialized
[2026-04-12T15:38:29.715] [DEBUG] debug-file - Module 'entry' target 'default' build option initialized
[2026-04-12T15:38:29.715] [DEBUG] debug-file - End initialize module-target build option map, moduleName=entry
[2026-04-12T15:38:29.715] [DEBUG] debug-file - Start initialize module-target build option map, moduleName=entry, buildMode=debug
[2026-04-12T15:38:29.715] [DEBUG] debug-file - Target 'default' config initialized
[2026-04-12T15:38:29.716] [DEBUG] debug-file - Module 'entry' target 'default' build option initialized
[2026-04-12T15:38:29.716] [DEBUG] debug-file - End initialize module-target build option map, moduleName=entry
[2026-04-12T15:38:29.717] [DEBUG] debug-file - Obtain build option for module 'entry' target 'default'in this build.
[2026-04-12T15:38:29.729] [DEBUG] debug-file - Module entry task initialization takes 10 ms 
[2026-04-12T15:38:29.729] [DEBUG] debug-file - Hap plugin register hook start...
[2026-04-12T15:38:29.729] [DEBUG] debug-file - Hap plugin register hook end...
[2026-04-12T15:38:29.729] [DEBUG] debug-file - Plugin build process completed
[2026-04-12T15:38:29.729] [DEBUG] debug-file - hvigorfile, binding custom plugins []
[2026-04-12T15:38:29.729] [DEBUG] debug-file - hvigorfile, no custom plugins were found in C:\Users\20732\Desktop\NativeCase\entry\hvigorfile.ts
[2026-04-12T15:38:29.729] [DEBUG] debug-file - hvigorfile, resolve finished C:\Users\20732\Desktop\NativeCase\entry\hvigorfile.ts
[2026-04-12T15:38:29.776] [DEBUG] debug-file - hvigorfile, resolve hvigorfile dependencies in 46 ms 
[2026-04-12T15:38:29.777] [DEBUG] debug-file - project has submodules:entry
[2026-04-12T15:38:29.783] [DEBUG] debug-file - start to load updatedOhPackageInfo to the disk
[2026-04-12T15:38:29.799] [DEBUG] debug-file - load to the disk finished
[2026-04-12T15:38:29.804] [DEBUG] debug-file - Start to initialize dependency information.
[2026-04-12T15:38:29.810] [DEBUG] debug-file - Module NativeCase Collected Dependency: 
[2026-04-12T15:38:29.810] [DEBUG] debug-file - Module NativeCase's total dependency: 0
[2026-04-12T15:38:29.813] [DEBUG] debug-file - Start to initialize dependency information.
[2026-04-12T15:38:29.832] [DEBUG] debug-file - Module entry Collected Dependency: C:\Users\20732\Desktop\NativeCase\entry\src\main\cpp\types\libentry
[2026-04-12T15:38:29.833] [DEBUG] debug-file - Module entry's total dependency: 1
[2026-04-12T15:38:29.841] [DEBUG] debug-file - Configuration phase cost:10 s 909 ms 
[2026-04-12T15:38:29.846] [DEBUG] debug-file - Configuration task cost before running: 10 s 935 ms 
[2026-04-12T15:38:29.865] [DEBUG] debug-file - Executing task :entry:default@PreBuild
[2026-04-12T15:38:29.869] [DEBUG] debug-file - Task 'entry:default@PreBuild' cost while wrapping incremental declarations: 1 ms 
[2026-04-12T15:38:30.249] [DEBUG] debug-file - current product is not Atomic service.
[2026-04-12T15:38:30.251] [DEBUG] debug-file - Use tool [win32: JAVA_HOME, CLASSPATH]
 [
  { JAVA_HOME: 'D:\\Program Files\\Huawei\\DevEco Studio\\jbr' },
  { CLASSPATH: undefined }
]
[2026-04-12T15:38:30.251] [DEBUG] debug-file - Use tool [win32: NODE_HOME]
 [
  {
    NODE_HOME: 'D:\\Program Files\\Huawei\\DevEco Studio\\tools\\node'
  }
]
[2026-04-12T15:38:30.253] [DEBUG] debug-file - entry : default@PreBuild cost memory 5.7639923095703125
[2026-04-12T15:38:30.253] [DEBUG] debug-file - runTaskFromQueue task cost before running: 11 s 343 ms 
[2026-04-12T15:38:30.260] [INFO] debug-file - Finished :entry:default@PreBuild... after 389 ms 
[2026-04-12T15:38:30.263] [DEBUG] debug-file - Executing task :entry:default@ConfigureCmake
[2026-04-12T15:38:30.282] [DEBUG] debug-file - entry : default@ConfigureCmake cost memory 0.1312408447265625
[2026-04-12T15:38:30.282] [DEBUG] debug-file - runTaskFromQueue task cost before running: 11 s 372 ms 
[2026-04-12T15:38:30.283] [INFO] debug-file - Finished :entry:default@ConfigureCmake... after 20 ms 
[2026-04-12T15:38:30.285] [DEBUG] debug-file - Executing task :entry:default@BuildNativeWithCmake
[2026-04-12T15:38:30.295] [DEBUG] debug-file - Use tool [Cmake]
 [
  'D:\\Program Files\\Huawei\\DevEco Studio\\sdk\\default\\openharmony\\native\\build-tools\\cmake\\bin\\cmake.exe',
  '-HC:\\Users\\20732\\Desktop\\NativeCase\\entry\\src\\main\\cpp',
  '-BC:\\Users\\20732\\Desktop\\NativeCase\\entry\\.cxx\\default\\default\\debug\\arm64-v8a',
  '-DOHOS_ARCH=arm64-v8a',
  '-DCMAKE_LIBRARY_OUTPUT_DIRECTORY=C:\\Users\\20732\\Desktop\\NativeCase\\entry\\build\\default\\intermediates\\cmake\\default\\obj\\arm64-v8a',
  '-DCMAKE_BUILD_TYPE=Debug',
  '-DOHOS_SDK_NATIVE=D:\\Program Files\\Huawei\\DevEco Studio\\sdk\\default\\openharmony\\native',
  '-DCMAKE_SYSTEM_NAME=OHOS',
  '-DCMAKE_OHOS_ARCH_ABI=arm64-v8a',
  '-DCMAKE_EXPORT_COMPILE_COMMANDS=ON',
  '-DCMAKE_TOOLCHAIN_FILE=D:\\Program Files\\Huawei\\DevEco Studio\\sdk\\default\\hms\\native\\build\\cmake\\hmos.toolchain.cmake',
  '-GNinja',
  '-DCMAKE_MAKE_PROGRAM=D:\\Program Files\\Huawei\\DevEco Studio\\sdk\\default\\openharmony\\native\\build-tools\\cmake\\bin\\ninja.exe',
  '-DCMAKE_FIND_ROOT_PATH=C:\\Users\\20732\\Desktop\\NativeCase\\entry\\.cxx\\default\\default\\debug\\hvigor\\arm64-v8a',
  '-DPACKAGE_FIND_FILE=C:\\Users\\20732\\Desktop\\NativeCase\\entry\\.cxx\\default\\default\\debug\\hvigor\\arm64-v8a\\summary.cmake',
  '--no-warn-unused-cli',
  '-DHMOS_SDK_NATIVE=D:\\Program Files\\Huawei\\DevEco Studio\\sdk\\default\\hms\\native'
]
[2026-04-12T15:38:30.309] [DEBUG] debug-file - Clean CMakeCache.txt due to outdated CMake configuration.
[2026-04-12T15:38:30.311] [DEBUG] debug-file - - no fingerprint file, will remove stale cache CMakeCache.txt
[2026-04-12T15:38:30.319] [DEBUG] debug-file - default@BuildNativeWithCmake work[0] is submitted.
[2026-04-12T15:38:30.321] [DEBUG] debug-file - default@BuildNativeWithCmake work[0] is pushed to ready queue.
[2026-04-12T15:38:30.321] [DEBUG] debug-file - A work dispatched to worker[7] failed because unable to get work from ready queue.
[2026-04-12T15:38:30.322] [DEBUG] debug-file - Create  resident worker with id: 6.
[2026-04-12T15:38:30.324] [DEBUG] debug-file - default@BuildNativeWithCmake work[0] has been dispatched to worker[6].
[2026-04-12T15:38:30.324] [DEBUG] debug-file - default@BuildNativeWithCmake work[0] is dispatched.
[2026-04-12T15:38:30.328] [DEBUG] debug-file - Use tool [Cmake]
 [
  'D:\\Program Files\\Huawei\\DevEco Studio\\sdk\\default\\openharmony\\native\\build-tools\\cmake\\bin\\cmake.exe',
  '-HC:\\Users\\20732\\Desktop\\NativeCase\\entry\\src\\main\\cpp',
  '-BC:\\Users\\20732\\Desktop\\NativeCase\\entry\\.cxx\\default\\default\\debug\\x86_64',
  '-DOHOS_ARCH=x86_64',
  '-DCMAKE_LIBRARY_OUTPUT_DIRECTORY=C:\\Users\\20732\\Desktop\\NativeCase\\entry\\build\\default\\intermediates\\cmake\\default\\obj\\x86_64',
  '-DCMAKE_BUILD_TYPE=Debug',
  '-DOHOS_SDK_NATIVE=D:\\Program Files\\Huawei\\DevEco Studio\\sdk\\default\\openharmony\\native',
  '-DCMAKE_SYSTEM_NAME=OHOS',
  '-DCMAKE_OHOS_ARCH_ABI=x86_64',
  '-DCMAKE_EXPORT_COMPILE_COMMANDS=ON',
  '-DCMAKE_TOOLCHAIN_FILE=D:\\Program Files\\Huawei\\DevEco Studio\\sdk\\default\\hms\\native\\build\\cmake\\hmos.toolchain.cmake',
  '-GNinja',
  '-DCMAKE_MAKE_PROGRAM=D:\\Program Files\\Huawei\\DevEco Studio\\sdk\\default\\openharmony\\native\\build-tools\\cmake\\bin\\ninja.exe',
  '-DCMAKE_FIND_ROOT_PATH=C:\\Users\\20732\\Desktop\\NativeCase\\entry\\.cxx\\default\\default\\debug\\hvigor\\x86_64',
  '-DPACKAGE_FIND_FILE=C:\\Users\\20732\\Desktop\\NativeCase\\entry\\.cxx\\default\\default\\debug\\hvigor\\x86_64\\summary.cmake',
  '--no-warn-unused-cli',
  '-DHMOS_SDK_NATIVE=D:\\Program Files\\Huawei\\DevEco Studio\\sdk\\default\\hms\\native'
]
[2026-04-12T15:38:30.338] [DEBUG] debug-file - Clean CMakeCache.txt due to outdated CMake configuration.
[2026-04-12T15:38:30.339] [DEBUG] debug-file - - no fingerprint file, will remove stale cache CMakeCache.txt
[2026-04-12T15:38:30.344] [DEBUG] debug-file - default@BuildNativeWithCmake work[1] is submitted.
[2026-04-12T15:38:30.345] [DEBUG] debug-file - default@BuildNativeWithCmake work[1] is pushed to ready queue.
[2026-04-12T15:38:30.345] [DEBUG] debug-file - A work dispatched to worker[7] failed because unable to get work from ready queue.
[2026-04-12T15:38:30.345] [DEBUG] debug-file - A work dispatched to worker[6] failed because of worker busy.
[2026-04-12T15:38:30.345] [DEBUG] debug-file - Create  resident worker with id: 5.
[2026-04-12T15:38:30.346] [DEBUG] debug-file - default@BuildNativeWithCmake work[1] has been dispatched to worker[5].
[2026-04-12T15:38:30.347] [DEBUG] debug-file - default@BuildNativeWithCmake work[1] is dispatched.
[2026-04-12T15:38:30.347] [DEBUG] debug-file - entry : default@BuildNativeWithCmake cost memory 1.072540283203125
[2026-04-12T15:38:36.188] [DEBUG] debug-file - Not searching for unused variables given on the command line.

[2026-04-12T15:38:36.259] [DEBUG] debug-file - Not searching for unused variables given on the command line.

[2026-04-12T15:38:36.842] [DEBUG] debug-file - -- The C compiler identification is Clang 15.0.4

[2026-04-12T15:38:36.843] [DEBUG] debug-file - -- The C compiler identification is Clang 15.0.4

[2026-04-12T15:38:37.635] [DEBUG] debug-file - -- The CXX compiler identification is Clang 15.0.4

[2026-04-12T15:38:37.636] [DEBUG] debug-file - -- The CXX compiler identification is Clang 15.0.4

[2026-04-12T15:38:38.234] [DEBUG] debug-file - -- Detecting C compiler ABI info

[2026-04-12T15:38:38.235] [DEBUG] debug-file - -- Detecting C compiler ABI info

[2026-04-12T15:38:39.319] [DEBUG] debug-file - -- Detecting C compiler ABI info - done

[2026-04-12T15:38:39.319] [DEBUG] debug-file - -- Detecting C compiler ABI info - done

[2026-04-12T15:38:39.346] [DEBUG] debug-file - -- Check for working C compiler: D:/Program Files/Huawei/DevEco Studio/sdk/default/openharmony/native/llvm/bin/clang.exe - skipped

[2026-04-12T15:38:39.348] [DEBUG] debug-file - -- Check for working C compiler: D:/Program Files/Huawei/DevEco Studio/sdk/default/openharmony/native/llvm/bin/clang.exe - skipped

[2026-04-12T15:38:39.349] [DEBUG] debug-file - -- Detecting C compile features

[2026-04-12T15:38:39.349] [DEBUG] debug-file - -- Detecting C compile features

[2026-04-12T15:38:39.352] [DEBUG] debug-file - -- Detecting C compile features - done

[2026-04-12T15:38:39.352] [DEBUG] debug-file - -- Detecting C compile features - done

[2026-04-12T15:38:39.613] [DEBUG] debug-file - -- Detecting CXX compiler ABI info

[2026-04-12T15:38:39.614] [DEBUG] debug-file - -- Detecting CXX compiler ABI info

[2026-04-12T15:38:40.702] [DEBUG] debug-file - -- Detecting CXX compiler ABI info - done

[2026-04-12T15:38:40.705] [DEBUG] debug-file - -- Detecting CXX compiler ABI info - done

[2026-04-12T15:38:40.742] [DEBUG] debug-file - -- Check for working CXX compiler: D:/Program Files/Huawei/DevEco Studio/sdk/default/openharmony/native/llvm/bin/clang++.exe - skipped

[2026-04-12T15:38:40.743] [DEBUG] debug-file - -- Detecting CXX compile features

[2026-04-12T15:38:40.749] [DEBUG] debug-file - -- Detecting CXX compile features - done

[2026-04-12T15:38:40.755] [DEBUG] debug-file - -- Check for working CXX compiler: D:/Program Files/Huawei/DevEco Studio/sdk/default/openharmony/native/llvm/bin/clang++.exe - skipped

[2026-04-12T15:38:40.756] [DEBUG] debug-file - -- Detecting CXX compile features

[2026-04-12T15:38:40.759] [DEBUG] debug-file - -- Detecting CXX compile features - done

[2026-04-12T15:38:40.774] [DEBUG] debug-file - -- Configuring done (4.5s)

[2026-04-12T15:38:40.786] [DEBUG] debug-file - -- Configuring done (4.6s)

[2026-04-12T15:38:40.882] [DEBUG] debug-file - -- Generating done (0.1s)

[2026-04-12T15:38:40.883] [DEBUG] debug-file - -- Generating done (0.1s)

[2026-04-12T15:38:41.037] [DEBUG] debug-file - -- Build files have been written to: C:/Users/20732/Desktop/NativeCase/entry/.cxx/default/default/debug/x86_64

[2026-04-12T15:38:41.041] [DEBUG] debug-file - -- Build files have been written to: C:/Users/20732/Desktop/NativeCase/entry/.cxx/default/default/debug/arm64-v8a

[2026-04-12T15:38:41.060] [DEBUG] debug-file - worker[5] has one work done.
[2026-04-12T15:38:41.162] [DEBUG] debug-file - worker[6] has one work done.
[2026-04-12T15:38:41.298] [DEBUG] debug-file - default@BuildNativeWithCmake work[1] done.
[2026-04-12T15:38:41.299] [DEBUG] debug-file - default@BuildNativeWithCmake work[0] done.
[2026-04-12T15:38:41.300] [INFO] debug-file - Finished :entry:default@BuildNativeWithCmake... after 5 s 73 ms 
[2026-04-12T15:38:41.301] [DEBUG] debug-file - Executing task :entry:compileNative
[2026-04-12T15:38:41.302] [DEBUG] debug-file - entry : compileNative cost memory 0.01422119140625
[2026-04-12T15:38:41.302] [DEBUG] debug-file - runTaskFromQueue task cost before running: 22 s 392 ms 
[2026-04-12T15:38:41.303] [INFO] debug-file - Finished :entry:compileNative... after 1 ms 
[2026-04-12T15:38:41.319] [INFO] debug-file - BUILD SUCCESSFUL in 22 s 408 ms 
[2026-04-12T15:38:41.323] [DEBUG] debug-file - Update task entry:default@PreBuild input file:C:\Users\20732\Desktop\NativeCase\AppScope\app.json5 cache by regenerate.
[2026-04-12T15:38:41.325] [DEBUG] debug-file - Update task entry:default@PreBuild input file:C:\Users\20732\Desktop\NativeCase\entry\src\main\module.json5 cache by regenerate.
[2026-04-12T15:38:41.327] [DEBUG] debug-file - Update task entry:default@PreBuild input file:C:\Users\20732\Desktop\NativeCase\build-profile.json5 cache by regenerate.
[2026-04-12T15:38:41.328] [DEBUG] debug-file - Update task entry:default@PreBuild input file:C:\Users\20732\Desktop\NativeCase\entry\build-profile.json5 cache by regenerate.
[2026-04-12T15:38:41.328] [DEBUG] debug-file - Update task entry:default@PreBuild input file:C:\Users\20732\Desktop\NativeCase\entry\src\main\resources\base\profile\main_pages.json cache by regenerate.
[2026-04-12T15:38:41.329] [DEBUG] debug-file - Update task entry:default@PreBuild input file:C:\Users\20732\Desktop\NativeCase\hvigor\hvigor-config.json5 cache by regenerate.
[2026-04-12T15:38:41.330] [DEBUG] debug-file - Update task entry:default@PreBuild input file:C:\Users\20732\Desktop\NativeCase\entry\oh-package.json5 cache by regenerate.
[2026-04-12T15:38:41.331] [DEBUG] debug-file - Update task entry:default@PreBuild input file:C:\Users\20732\Desktop\NativeCase\oh-package.json5 cache by regenerate.
[2026-04-12T15:38:41.333] [DEBUG] debug-file - Incremental task entry:default@PreBuild post-execution cost:13 ms .
[2026-04-12T15:38:41.365] [DEBUG] debug-file - Cleanup worker 0.
[2026-04-12T15:38:41.366] [DEBUG] debug-file - Worker 0 has been cleaned up.
[2026-04-12T15:38:41.366] [DEBUG] debug-file - Current idle worker size: 3.
[2026-04-12T15:38:41.366] [DEBUG] debug-file - Current resident worker size: 4.
[2026-04-12T15:38:41.366] [DEBUG] debug-file - Cleanup worker 1.
[2026-04-12T15:38:41.367] [DEBUG] debug-file - Worker 1 has been cleaned up.
[2026-04-12T15:38:41.367] [DEBUG] debug-file - Current idle worker size: 2.
[2026-04-12T15:38:41.367] [DEBUG] debug-file - Current resident worker size: 4.
[2026-04-12T15:38:41.371] [DEBUG] debug-file - hvigor build process will be closed.
[2026-04-12T15:38:41.380] [DEBUG] debug-file - session manager: send message to worker process.
[2026-04-12T15:38:41.382] [DEBUG] debug-file - session manager: send message to worker process.
[2026-04-12T15:38:41.375] [DEBUG] debug-file - worker[0] exits with exit code 1.
[2026-04-12T15:38:41.376] [DEBUG] debug-file - worker[1] exits with exit code 1.
[2026-04-12T15:38:41.381] [DEBUG] debug-file - watch worker: worker id should be larger than 0. Nothing will be sent to any worker thread.
[2026-04-12T15:38:41.382] [DEBUG] debug-file - watch worker: worker id should be larger than 0. Nothing will be sent to any worker thread.
[2026-04-12T15:39:19.082] [DEBUG] debug-file - session manager: set active socket. socketId=Z9pWQIzJbDsPiPo-AAAD
[2026-04-12T15:39:19.092] [DEBUG] debug-file - watch worker: worker id should be larger than 0. Nothing will be sent to any worker thread.
[2026-04-12T15:39:19.100] [DEBUG] debug-file - Workers' log level updated to INFO
[2026-04-12T15:39:19.106] [DEBUG] debug-file - Hvigor init with startParameters:{
  hvigorfileTypeCheck: false,
  parallelExecution: true,
  incrementalExecution: true,
  printStackTrace: false,
  daemon: true,
  analyze: 0,
  logLevel: Level { level: 20000, levelStr: 'INFO', colour: 'green' },
  optimizationStrategy: 'memory',
  hotCompile: undefined,
  hotReloadBuild: undefined,
  customizedParam: undefined
}
[2026-04-12T15:39:19.109] [DEBUG] debug-file - Cache service initialization finished in 3 ms 
[2026-04-12T15:39:19.110] [DEBUG] debug-file - hvigorfile, resolving C:\Users\20732\Desktop\NativeCase\hvigorfile.ts
[2026-04-12T15:39:19.119] [DEBUG] debug-file - hvigorfile, require result:  { default: { plugins: [] } }
[2026-04-12T15:39:19.119] [DEBUG] debug-file - hvigorfile, binding system plugins null
[2026-04-12T15:39:19.120] [DEBUG] debug-file - Starting plugin build process
[2026-04-12T15:39:19.120] [DEBUG] debug-file - App plugin prepare start...
[2026-04-12T15:39:19.120] [DEBUG] debug-file - App plugin prepare end...
[2026-04-12T15:39:19.120] [DEBUG] debug-file - App plugin creating...
[2026-04-12T15:39:19.128] [DEBUG] debug-file - App plugin register hook start...
[2026-04-12T15:39:19.128] [DEBUG] debug-file - App plugin register hook end...
[2026-04-12T15:39:19.128] [DEBUG] debug-file - Plugin build process completed
[2026-04-12T15:39:19.128] [DEBUG] debug-file - Start initialize project's product build option map with build mode debug.
[2026-04-12T15:39:19.128] [DEBUG] debug-file - Picking option from product 'default' with build mode 'debug'.
[2026-04-12T15:39:19.128] [DEBUG] debug-file - Product 'default' build option initialized
[2026-04-12T15:39:19.129] [DEBUG] debug-file - End initialize project's product build option map with build mode 'debug'.
[2026-04-12T15:39:19.129] [DEBUG] debug-file - Obtain build option for product 'default'in this build.
[2026-04-12T15:39:19.131] [DEBUG] debug-file - No signingConfig found, initRemoteHspCache failed.
[2026-04-12T15:39:19.134] [DEBUG] debug-file - Start recording SDK configuration permission data.
[2026-04-12T15:39:19.183] [DEBUG] debug-file - Sdk init in 52 ms 
[2026-04-12T15:39:19.189] [DEBUG] debug-file - Project task initialization takes 6 ms 
[2026-04-12T15:39:19.190] [DEBUG] debug-file - hvigorfile, binding custom plugins []
[2026-04-12T15:39:19.190] [DEBUG] debug-file - hvigorfile, no custom plugins were found in C:\Users\20732\Desktop\NativeCase\hvigorfile.ts
[2026-04-12T15:39:19.190] [DEBUG] debug-file - hvigorfile, resolve finished C:\Users\20732\Desktop\NativeCase\hvigorfile.ts
[2026-04-12T15:39:19.191] [DEBUG] debug-file - hvigorfile, resolving C:\Users\20732\Desktop\NativeCase\entry\hvigorfile.ts
[2026-04-12T15:39:19.198] [DEBUG] debug-file - hvigorfile, require result:  { default: { plugins: [] } }
[2026-04-12T15:39:19.198] [DEBUG] debug-file - hvigorfile, binding system plugins null
[2026-04-12T15:39:19.198] [DEBUG] debug-file - Starting plugin build process
[2026-04-12T15:39:19.199] [DEBUG] debug-file - Hap plugin creating...
[2026-04-12T15:39:19.202] [DEBUG] debug-file - failed to load cangjie to dynamically generate schemas: Error: Cannot find module '@ohos/cangjie-build-support/index'
Require stack:
- D:\Program Files\Huawei\DevEco Studio\tools\hvigor\hvigor-ohos-plugin\src\plugin\hooks\cangjie-register.js
- D:\Program Files\Huawei\DevEco Studio\tools\hvigor\hvigor-ohos-plugin\src\plugin\strategy\stage-init-strategy.js
- D:\Program Files\Huawei\DevEco Studio\tools\hvigor\hvigor-ohos-plugin\src\plugin\builder\abstract-plugin-builder.js
- D:\Program Files\Huawei\DevEco Studio\tools\hvigor\hvigor-ohos-plugin\src\plugin\builder\app-plugin-builder.js
- D:\Program Files\Huawei\DevEco Studio\tools\hvigor\hvigor-ohos-plugin\src\plugin\factory\plugin-factory.js
- D:\Program Files\Huawei\DevEco Studio\tools\hvigor\hvigor-ohos-plugin\index.js
- C:\Users\20732\Desktop\NativeCase\hvigorfile.ts
- D:\Program Files\Huawei\DevEco Studio\tools\hvigor\hvigor\src\base\internal\lifecycle\configuration.js
- D:\Program Files\Huawei\DevEco Studio\tools\hvigor\hvigor\src\base\boot\index.js
- D:\Program Files\Huawei\DevEco Studio\tools\hvigor\hvigor\src\base\daemon\cluster\worker-process-lifecycle.js
- D:\Program Files\Huawei\DevEco Studio\tools\hvigor\hvigor\src\base\daemon\process\daemon-process-boot-script.js
[2026-04-12T15:39:19.205] [DEBUG] debug-file - Start initialize module-target build option map, moduleName=entry, buildMode=debug
[2026-04-12T15:39:19.205] [DEBUG] debug-file - Target 'default' config initialized
[2026-04-12T15:39:19.205] [DEBUG] debug-file - Module 'entry' target 'default' build option initialized
[2026-04-12T15:39:19.206] [DEBUG] debug-file - End initialize module-target build option map, moduleName=entry
[2026-04-12T15:39:19.206] [DEBUG] debug-file - Start initialize module-target build option map, moduleName=entry, buildMode=release
[2026-04-12T15:39:19.206] [DEBUG] debug-file - Target 'default' config initialized
[2026-04-12T15:39:19.206] [DEBUG] debug-file - Module 'entry' target 'default' build option initialized
[2026-04-12T15:39:19.206] [DEBUG] debug-file - End initialize module-target build option map, moduleName=entry
[2026-04-12T15:39:19.206] [DEBUG] debug-file - Start initialize module-target build option map, moduleName=entry, buildMode=debug
[2026-04-12T15:39:19.206] [DEBUG] debug-file - Target 'default' config initialized
[2026-04-12T15:39:19.207] [DEBUG] debug-file - Module 'entry' target 'default' build option initialized
[2026-04-12T15:39:19.207] [DEBUG] debug-file - End initialize module-target build option map, moduleName=entry
[2026-04-12T15:39:19.207] [DEBUG] debug-file - Obtain build option for module 'entry' target 'default'in this build.
[2026-04-12T15:39:19.209] [DEBUG] debug-file - Module entry task initialization takes 2 ms 
[2026-04-12T15:39:19.209] [DEBUG] debug-file - Hap plugin register hook start...
[2026-04-12T15:39:19.209] [DEBUG] debug-file - Hap plugin register hook end...
[2026-04-12T15:39:19.209] [DEBUG] debug-file - Plugin build process completed
[2026-04-12T15:39:19.209] [DEBUG] debug-file - hvigorfile, binding custom plugins []
[2026-04-12T15:39:19.209] [DEBUG] debug-file - hvigorfile, no custom plugins were found in C:\Users\20732\Desktop\NativeCase\entry\hvigorfile.ts
[2026-04-12T15:39:19.209] [DEBUG] debug-file - hvigorfile, resolve finished C:\Users\20732\Desktop\NativeCase\entry\hvigorfile.ts
[2026-04-12T15:39:19.238] [DEBUG] debug-file - hvigorfile, resolve hvigorfile dependencies in 29 ms 
[2026-04-12T15:39:19.239] [DEBUG] debug-file - project has submodules:entry
[2026-04-12T15:39:19.241] [DEBUG] debug-file - start to load updatedOhPackageInfo to the disk
[2026-04-12T15:39:19.266] [DEBUG] debug-file - load to the disk finished
[2026-04-12T15:39:19.268] [DEBUG] debug-file - Start to initialize dependency information.
[2026-04-12T15:39:19.271] [DEBUG] debug-file - Module NativeCase Collected Dependency: 
[2026-04-12T15:39:19.271] [DEBUG] debug-file - Module NativeCase's total dependency: 0
[2026-04-12T15:39:19.272] [DEBUG] debug-file - Start to initialize dependency information.
[2026-04-12T15:39:19.285] [DEBUG] debug-file - Module entry Collected Dependency: C:\Users\20732\Desktop\NativeCase\entry\src\main\cpp\types\libentry
[2026-04-12T15:39:19.285] [DEBUG] debug-file - Module entry's total dependency: 1
[2026-04-12T15:39:19.289] [DEBUG] debug-file - Configuration phase cost:181 ms 
[2026-04-12T15:39:19.292] [DEBUG] debug-file - Configuration task cost before running: 191 ms 
[2026-04-12T15:39:19.301] [DEBUG] debug-file - Executing task :entry:default@PreBuild
[2026-04-12T15:39:19.302] [DEBUG] debug-file - Task 'entry:default@PreBuild' cost while wrapping incremental declarations: 1 ms 
[2026-04-12T15:39:19.321] [DEBUG] debug-file - entry:default@PreBuild is not up-to-date, since the task snapshots are different.
[2026-04-12T15:39:19.321] [DEBUG] debug-file - Incremental task entry:default@PreBuild pre-execution cost: 15 ms .
[2026-04-12T15:39:19.332] [DEBUG] debug-file - current product is not Atomic service.
[2026-04-12T15:39:19.333] [DEBUG] debug-file - Use tool [win32: JAVA_HOME, CLASSPATH]
 [
  { JAVA_HOME: 'D:\\Program Files\\Huawei\\DevEco Studio\\jbr' },
  { CLASSPATH: undefined }
]
[2026-04-12T15:39:19.333] [DEBUG] debug-file - Use tool [win32: NODE_HOME]
 [
  {
    NODE_HOME: 'D:\\Program Files\\Huawei\\DevEco Studio\\tools\\node'
  }
]
[2026-04-12T15:39:19.334] [DEBUG] debug-file - entry : default@PreBuild cost memory 0.7332000732421875
[2026-04-12T15:39:19.334] [DEBUG] debug-file - runTaskFromQueue task cost before running: 233 ms 
[2026-04-12T15:39:19.339] [INFO] debug-file - Finished :entry:default@PreBuild... after 33 ms 
[2026-04-12T15:39:19.342] [DEBUG] debug-file - Executing task :entry:default@CreateModuleInfo
[2026-04-12T15:39:19.343] [DEBUG] debug-file - Task 'entry:default@CreateModuleInfo' cost while wrapping incremental declarations: 1 ms 
[2026-04-12T15:39:19.344] [DEBUG] debug-file - entry : default@CreateModuleInfo cost memory 0.0473175048828125
[2026-04-12T15:39:19.344] [DEBUG] debug-file - runTaskFromQueue task cost before running: 243 ms 
[2026-04-12T15:39:19.344] [INFO] debug-file - Finished :entry:default@CreateModuleInfo... after 2 ms 
[2026-04-12T15:39:19.348] [DEBUG] debug-file - Executing task :entry:default@GenerateMetadata
[2026-04-12T15:39:19.350] [DEBUG] debug-file - Task 'entry:default@GenerateMetadata' cost while wrapping incremental declarations: 2 ms 
[2026-04-12T15:39:19.354] [DEBUG] debug-file - entry : default@GenerateMetadata cost memory 0.06931304931640625
[2026-04-12T15:39:19.354] [DEBUG] debug-file - runTaskFromQueue task cost before running: 253 ms 
[2026-04-12T15:39:19.354] [INFO] debug-file - Finished :entry:default@GenerateMetadata... after 6 ms 
[2026-04-12T15:39:19.356] [DEBUG] debug-file - Executing task :entry:default@ConfigureCmake
[2026-04-12T15:39:19.358] [DEBUG] debug-file - entry : default@ConfigureCmake cost memory 0.03850555419921875
[2026-04-12T15:39:19.358] [DEBUG] debug-file - runTaskFromQueue task cost before running: 258 ms 
[2026-04-12T15:39:19.359] [INFO] debug-file - Finished :entry:default@ConfigureCmake... after 2 ms 
[2026-04-12T15:39:19.370] [DEBUG] debug-file - Executing task :entry:default@MergeProfile
[2026-04-12T15:39:19.372] [DEBUG] debug-file - Task 'entry:default@MergeProfile' cost while wrapping incremental declarations: 1 ms 
[2026-04-12T15:39:19.374] [DEBUG] debug-file - Change app api release type with 'Beta1'
[2026-04-12T15:39:19.375] [DEBUG] debug-file - Change app compile API version with '6.0.2.129'
[2026-04-12T15:39:19.375] [DEBUG] debug-file - Change app target API version with '60002022'
[2026-04-12T15:39:19.375] [DEBUG] debug-file - Change app minimum API version with '50005017'
[2026-04-12T15:39:19.375] [DEBUG] debug-file - Use cli appEnvironment
[2026-04-12T15:39:19.381] [DEBUG] debug-file - entry : default@MergeProfile cost memory 0.16056060791015625
[2026-04-12T15:39:19.381] [DEBUG] debug-file - runTaskFromQueue task cost before running: 280 ms 
[2026-04-12T15:39:19.382] [INFO] debug-file - Finished :entry:default@MergeProfile... after 11 ms 
[2026-04-12T15:39:19.386] [DEBUG] debug-file - Executing task :entry:default@CreateBuildProfile
[2026-04-12T15:39:19.390] [DEBUG] debug-file - Task 'entry:default@CreateBuildProfile' cost while wrapping incremental declarations: 2 ms 
[2026-04-12T15:39:19.450] [DEBUG] debug-file - entry : default@CreateBuildProfile cost memory 0.06957244873046875
[2026-04-12T15:39:19.450] [DEBUG] debug-file - runTaskFromQueue task cost before running: 349 ms 
[2026-04-12T15:39:19.451] [INFO] debug-file - Finished :entry:default@CreateBuildProfile... after 65 ms 
[2026-04-12T15:39:19.454] [DEBUG] debug-file - Executing task :entry:default@PreCheckSyscap
[2026-04-12T15:39:19.455] [DEBUG] debug-file - entry : default@PreCheckSyscap cost memory 0.01691436767578125
[2026-04-12T15:39:19.455] [DEBUG] debug-file - runTaskFromQueue task cost before running: 354 ms 
[2026-04-12T15:39:19.455] [INFO] debug-file - Finished :entry:default@PreCheckSyscap... after 1 ms 
[2026-04-12T15:39:19.473] [DEBUG] debug-file - Executing task :entry:default@ProcessIntegratedHsp
[2026-04-12T15:39:19.475] [DEBUG] debug-file - entry : default@ProcessIntegratedHsp cost memory 0.03179168701171875
[2026-04-12T15:39:19.475] [DEBUG] debug-file - runTaskFromQueue task cost before running: 375 ms 
[2026-04-12T15:39:19.476] [INFO] debug-file - Finished :entry:default@ProcessIntegratedHsp... after 3 ms 
[2026-04-12T15:39:19.478] [DEBUG] debug-file - Executing task :entry:default@BuildNativeWithCmake
[2026-04-12T15:39:19.482] [DEBUG] debug-file - Use tool [Cmake]
 [
  'D:\\Program Files\\Huawei\\DevEco Studio\\sdk\\default\\openharmony\\native\\build-tools\\cmake\\bin\\cmake.exe',
  '-HC:\\Users\\20732\\Desktop\\NativeCase\\entry\\src\\main\\cpp',
  '-BC:\\Users\\20732\\Desktop\\NativeCase\\entry\\.cxx\\default\\default\\debug\\arm64-v8a',
  '-DOHOS_ARCH=arm64-v8a',
  '-DCMAKE_LIBRARY_OUTPUT_DIRECTORY=C:\\Users\\20732\\Desktop\\NativeCase\\entry\\build\\default\\intermediates\\cmake\\default\\obj\\arm64-v8a',
  '-DCMAKE_BUILD_TYPE=Debug',
  '-DOHOS_SDK_NATIVE=D:\\Program Files\\Huawei\\DevEco Studio\\sdk\\default\\openharmony\\native',
  '-DCMAKE_SYSTEM_NAME=OHOS',
  '-DCMAKE_OHOS_ARCH_ABI=arm64-v8a',
  '-DCMAKE_EXPORT_COMPILE_COMMANDS=ON',
  '-DCMAKE_TOOLCHAIN_FILE=D:\\Program Files\\Huawei\\DevEco Studio\\sdk\\default\\hms\\native\\build\\cmake\\hmos.toolchain.cmake',
  '-GNinja',
  '-DCMAKE_MAKE_PROGRAM=D:\\Program Files\\Huawei\\DevEco Studio\\sdk\\default\\openharmony\\native\\build-tools\\cmake\\bin\\ninja.exe',
  '-DCMAKE_FIND_ROOT_PATH=C:\\Users\\20732\\Desktop\\NativeCase\\entry\\.cxx\\default\\default\\debug\\hvigor\\arm64-v8a',
  '-DPACKAGE_FIND_FILE=C:\\Users\\20732\\Desktop\\NativeCase\\entry\\.cxx\\default\\default\\debug\\hvigor\\arm64-v8a\\summary.cmake',
  '--no-warn-unused-cli',
  '-DHMOS_SDK_NATIVE=D:\\Program Files\\Huawei\\DevEco Studio\\sdk\\default\\hms\\native'
]
[2026-04-12T15:39:19.548] [DEBUG] debug-file - CMake configuration was up-to-date
[2026-04-12T15:39:19.568] [DEBUG] debug-file - Use tool [Cmake]
 [
  'D:\\Program Files\\Huawei\\DevEco Studio\\sdk\\default\\openharmony\\native\\build-tools\\cmake\\bin\\cmake.exe',
  '-HC:\\Users\\20732\\Desktop\\NativeCase\\entry\\src\\main\\cpp',
  '-BC:\\Users\\20732\\Desktop\\NativeCase\\entry\\.cxx\\default\\default\\debug\\x86_64',
  '-DOHOS_ARCH=x86_64',
  '-DCMAKE_LIBRARY_OUTPUT_DIRECTORY=C:\\Users\\20732\\Desktop\\NativeCase\\entry\\build\\default\\intermediates\\cmake\\default\\obj\\x86_64',
  '-DCMAKE_BUILD_TYPE=Debug',
  '-DOHOS_SDK_NATIVE=D:\\Program Files\\Huawei\\DevEco Studio\\sdk\\default\\openharmony\\native',
  '-DCMAKE_SYSTEM_NAME=OHOS',
  '-DCMAKE_OHOS_ARCH_ABI=x86_64',
  '-DCMAKE_EXPORT_COMPILE_COMMANDS=ON',
  '-DCMAKE_TOOLCHAIN_FILE=D:\\Program Files\\Huawei\\DevEco Studio\\sdk\\default\\hms\\native\\build\\cmake\\hmos.toolchain.cmake',
  '-GNinja',
  '-DCMAKE_MAKE_PROGRAM=D:\\Program Files\\Huawei\\DevEco Studio\\sdk\\default\\openharmony\\native\\build-tools\\cmake\\bin\\ninja.exe',
  '-DCMAKE_FIND_ROOT_PATH=C:\\Users\\20732\\Desktop\\NativeCase\\entry\\.cxx\\default\\default\\debug\\hvigor\\x86_64',
  '-DPACKAGE_FIND_FILE=C:\\Users\\20732\\Desktop\\NativeCase\\entry\\.cxx\\default\\default\\debug\\hvigor\\x86_64\\summary.cmake',
  '--no-warn-unused-cli',
  '-DHMOS_SDK_NATIVE=D:\\Program Files\\Huawei\\DevEco Studio\\sdk\\default\\hms\\native'
]
[2026-04-12T15:39:19.615] [DEBUG] debug-file - CMake configuration was up-to-date
[2026-04-12T15:39:19.631] [DEBUG] debug-file - entry : default@BuildNativeWithCmake cost memory 1.202789306640625
[2026-04-12T15:39:19.631] [DEBUG] debug-file - runTaskFromQueue task cost before running: 530 ms 
[2026-04-12T15:39:19.631] [INFO] debug-file - Finished :entry:default@BuildNativeWithCmake... after 153 ms 
[2026-04-12T15:39:19.635] [DEBUG] debug-file - Executing task :entry:default@MakePackInfo
[2026-04-12T15:39:19.640] [DEBUG] debug-file - Module Pack Info:  {
  summary: {
    app: { bundleName: 'c***e', bundleType: 'app', version: [Object] },
    modules: [ [Object] ]
  },
  packages: [
    {
      deviceType: [Array],
      moduleType: 'entry',
      deliveryWithInstall: true,
      name: 'entry-default'
    }
  ]
}
[2026-04-12T15:39:19.646] [DEBUG] debug-file - entry : default@MakePackInfo cost memory 0.11339569091796875
[2026-04-12T15:39:19.646] [DEBUG] debug-file - runTaskFromQueue task cost before running: 545 ms 
[2026-04-12T15:39:19.651] [INFO] debug-file - Finished :entry:default@MakePackInfo... after 12 ms 
[2026-04-12T15:39:19.654] [DEBUG] debug-file - Executing task :entry:default@SyscapTransform
[2026-04-12T15:39:19.654] [DEBUG] debug-file - File: 'C:\Users\20732\Desktop\NativeCase\entry\src\main\syscap.json' from 'sysCapJsonPath' is not exists, just ignore.
[2026-04-12T15:39:19.657] [DEBUG] debug-file - Task 'entry:default@SyscapTransform' cost while wrapping incremental declarations: 4 ms 
[2026-04-12T15:39:19.658] [DEBUG] debug-file - entry : default@SyscapTransform cost memory -1.6244354248046875
[2026-04-12T15:39:19.659] [DEBUG] debug-file - runTaskFromQueue task cost before running: 558 ms 
[2026-04-12T15:39:19.659] [INFO] debug-file - Finished :entry:default@SyscapTransform... after 5 ms 
[2026-04-12T15:39:19.662] [DEBUG] debug-file - Executing task :entry:default@BuildNativeWithNinja
[2026-04-12T15:39:19.665] [DEBUG] debug-file - Use tool [Ninja]
 [
  'D:\\Program Files\\Huawei\\DevEco Studio\\sdk\\default\\openharmony\\native\\build-tools\\cmake\\bin\\ninja.exe',
  '-C',
  'C:\\Users\\20732\\Desktop\\NativeCase\\entry\\.cxx\\default\\default\\debug\\arm64-v8a'
]
[2026-04-12T15:39:19.665] [DEBUG] debug-file - default@BuildNativeWithNinja work[2] is submitted.
[2026-04-12T15:39:19.665] [DEBUG] debug-file - default@BuildNativeWithNinja work[2] is pushed to ready queue.
[2026-04-12T15:39:19.666] [DEBUG] debug-file - default@BuildNativeWithNinja work[2] is not dispatched.
[2026-04-12T15:39:19.682] [DEBUG] debug-file - OHOS_STL is c++_shared
[2026-04-12T15:39:19.682] [DEBUG] debug-file - Copy STL libc++_shared.so to C:\Users\20732\Desktop\NativeCase\entry\build\default\intermediates\cmake\default\obj\arm64-v8a due to OHOS_STL is 'c++_shared'
[2026-04-12T15:39:19.765] [DEBUG] debug-file - Use tool [Ninja]
 [
  'D:\\Program Files\\Huawei\\DevEco Studio\\sdk\\default\\openharmony\\native\\build-tools\\cmake\\bin\\ninja.exe',
  '-C',
  'C:\\Users\\20732\\Desktop\\NativeCase\\entry\\.cxx\\default\\default\\debug\\x86_64'
]
[2026-04-12T15:39:19.766] [DEBUG] debug-file - default@BuildNativeWithNinja work[3] is submitted.
[2026-04-12T15:39:19.766] [DEBUG] debug-file - default@BuildNativeWithNinja work[3] is pushed to ready queue.
[2026-04-12T15:39:19.766] [DEBUG] debug-file - default@BuildNativeWithNinja work[3] is not dispatched.
[2026-04-12T15:39:19.789] [DEBUG] debug-file - OHOS_STL is c++_shared
[2026-04-12T15:39:19.790] [DEBUG] debug-file - Copy STL libc++_shared.so to C:\Users\20732\Desktop\NativeCase\entry\build\default\intermediates\cmake\default\obj\x86_64 due to OHOS_STL is 'c++_shared'
[2026-04-12T15:39:19.803] [DEBUG] debug-file - entry : default@BuildNativeWithNinja cost memory 0.7948989868164062
[2026-04-12T15:39:19.809] [DEBUG] debug-file - Executing task :entry:default@GeneratePkgContextInfo
[2026-04-12T15:39:19.884] [DEBUG] debug-file - Task 'entry:default@GeneratePkgContextInfo' cost while wrapping incremental declarations: 1 ms 
[2026-04-12T15:39:19.887] [DEBUG] debug-file - entry : default@GeneratePkgContextInfo cost memory 0.207305908203125
[2026-04-12T15:39:19.887] [DEBUG] debug-file - runTaskFromQueue task cost before running: 786 ms 
[2026-04-12T15:39:19.887] [INFO] debug-file - Finished :entry:default@GeneratePkgContextInfo... after 78 ms 
[2026-04-12T15:39:19.892] [DEBUG] debug-file - Executing task :entry:default@ProcessProfile
[2026-04-12T15:39:19.895] [DEBUG] debug-file - Task 'entry:default@ProcessProfile' cost while wrapping incremental declarations: 1 ms 
[2026-04-12T15:39:19.899] [DEBUG] debug-file - [
  'D:\\Program Files\\Huawei\\DevEco Studio\\tools\\node\\node.exe',
  'D:\\Program Files\\Huawei\\DevEco Studio\\sdk\\default\\openharmony\\ets\\build-tools\\ets-loader\\bin\\ark\\ts2abc.js',
  '--target-api-version',
  '17'
]
[2026-04-12T15:39:20.101] [DEBUG] debug-file - 12.0.6.0
[2026-04-12T15:39:20.105] [DEBUG] debug-file - No need to add fake ui ability because of not in preview process.
[2026-04-12T15:39:20.107] [DEBUG] debug-file - entry : default@ProcessProfile cost memory 2.1656265258789062
[2026-04-12T15:39:20.107] [DEBUG] debug-file - runTaskFromQueue task cost before running: 1 s 7 ms 
[2026-04-12T15:39:20.108] [INFO] debug-file - Finished :entry:default@ProcessProfile... after 216 ms 
[2026-04-12T15:39:20.110] [DEBUG] debug-file - Executing task :entry:default@ProcessRouterMap
[2026-04-12T15:39:20.117] [DEBUG] debug-file - entry : default@ProcessRouterMap cost memory 0.10150909423828125
[2026-04-12T15:39:20.118] [DEBUG] debug-file - runTaskFromQueue task cost before running: 1 s 17 ms 
[2026-04-12T15:39:20.119] [INFO] debug-file - Finished :entry:default@ProcessRouterMap... after 8 ms 
[2026-04-12T15:39:20.121] [DEBUG] debug-file - Executing task :entry:default@ProcessShareConfig
[2026-04-12T15:39:20.127] [DEBUG] debug-file - entry : default@ProcessShareConfig cost memory 0.08298492431640625
[2026-04-12T15:39:20.127] [DEBUG] debug-file - runTaskFromQueue task cost before running: 1 s 26 ms 
[2026-04-12T15:39:20.128] [INFO] debug-file - Finished :entry:default@ProcessShareConfig... after 6 ms 
[2026-04-12T15:39:20.131] [DEBUG] debug-file - Executing task :entry:default@ProcessStartupConfig
[2026-04-12T15:39:20.131] [DEBUG] debug-file - Task 'entry:default@ProcessStartupConfig' cost while wrapping incremental declarations: 1 ms 
[2026-04-12T15:39:20.134] [DEBUG] debug-file - entry : default@ProcessStartupConfig cost memory 0.09293365478515625
[2026-04-12T15:39:20.135] [DEBUG] debug-file - runTaskFromQueue task cost before running: 1 s 34 ms 
[2026-04-12T15:39:20.135] [INFO] debug-file - Finished :entry:default@ProcessStartupConfig... after 4 ms 
[2026-04-12T15:39:20.139] [DEBUG] debug-file - restool module names: entry; moduleName=entry, taskName=default@ProcessResource
[2026-04-12T15:39:20.142] [DEBUG] debug-file - Executing task :entry:default@ProcessResource
[2026-04-12T15:39:20.143] [DEBUG] debug-file - Task 'entry:default@ProcessResource' cost while wrapping incremental declarations: 1 ms 
[2026-04-12T15:39:20.146] [DEBUG] debug-file - entry : default@ProcessResource cost memory 0.1240234375
[2026-04-12T15:39:20.148] [DEBUG] debug-file - runTaskFromQueue task cost before running: 1 s 47 ms 
[2026-04-12T15:39:20.150] [INFO] debug-file - Finished :entry:default@ProcessResource... after 6 ms 
[2026-04-12T15:39:20.153] [DEBUG] debug-file - Executing task :entry:default@GenerateLoaderJson
[2026-04-12T15:39:20.156] [DEBUG] debug-file - Task 'entry:default@GenerateLoaderJson' cost while wrapping incremental declarations: 1 ms 
[2026-04-12T15:39:20.175] [DEBUG] debug-file - entry : default@GenerateLoaderJson cost memory 0.525604248046875
[2026-04-12T15:39:20.175] [DEBUG] debug-file - runTaskFromQueue task cost before running: 1 s 74 ms 
[2026-04-12T15:39:20.183] [INFO] debug-file - Finished :entry:default@GenerateLoaderJson... after 22 ms 
[2026-04-12T15:39:20.186] [DEBUG] debug-file - restool module names: entry; moduleName=entry, taskName=default@CompileResource
[2026-04-12T15:39:20.187] [DEBUG] debug-file - Executing task :entry:default@CompileResource
[2026-04-12T15:39:20.193] [DEBUG] debug-file - A work dispatched to worker[7] failed because unable to get work from ready queue.
[2026-04-12T15:39:20.193] [DEBUG] debug-file - default@BuildNativeWithNinja work[2] has been dispatched to worker[6].
[2026-04-12T15:39:20.195] [DEBUG] debug-file - Use tool [D:\Program Files\Huawei\DevEco Studio\sdk\default\openharmony\toolchains\restool.exe]
 [
  'D:\\Program Files\\Huawei\\DevEco Studio\\sdk\\default\\openharmony\\toolchains\\restool.exe',
  '-l',
  'C:\\Users\\20732\\Desktop\\NativeCase\\entry\\build\\default\\intermediates\\res\\default\\resConfig.json'
]
[2026-04-12T15:39:20.197] [DEBUG] debug-file - current process  memoryUsage: {
  rss: 292216832,
  heapTotal: 127827968,
  heapUsed: 116614984,
  external: 3134260,
  arrayBuffers: 104036
} os memoryUsage :12.982234954833984
[2026-04-12T15:39:20.305] [DEBUG] debug-file - A work dispatched to worker[7] failed because unable to get work from ready queue.
[2026-04-12T15:39:20.306] [DEBUG] debug-file - A work dispatched to worker[6] failed because of worker busy.
[2026-04-12T15:39:20.306] [DEBUG] debug-file - default@BuildNativeWithNinja work[3] has been dispatched to worker[5].
[2026-04-12T15:39:20.608] [DEBUG] debug-file - Info: Pack: normal pack mode

[2026-04-12T15:39:20.739] [DEBUG] debug-file - Info: hardware concurrency count is : 8
Info: thread count is : 8

[2026-04-12T15:39:20.778] [DEBUG] debug-file - Info: thread pool is started

[2026-04-12T15:39:20.783] [DEBUG] debug-file - Info: GenericCompiler::CompileFiles

[2026-04-12T15:39:20.862] [DEBUG] debug-file - Info: GenericCompiler::CompileFiles

[2026-04-12T15:39:20.880] [DEBUG] debug-file - Info: GenericCompiler::CompileFiles

[2026-04-12T15:39:20.900] [DEBUG] debug-file - 04-12 15:39:20.901 15300 23380 E C01400/ImageTranscoderUtils: DecodeToRGBA IN

[2026-04-12T15:39:20.901] [DEBUG] debug-file - 04-12 15:39:20.901 15300 23380 E C01400/ImageTranscoderUtils: ImageFilter IN C:\Users\20732\Desktop\NativeCase\AppScope\resources\base\media\app_icon.png

[2026-04-12T15:39:20.901] [DEBUG] debug-file - 04-12 15:39:20.902 15300 23380 E C01400/ImageTranscoder: TranscodeSLR Only zoom-out is supported.
Warning: ScaleImage failed, error message: INVALID_PARAMETERS, file path = C:\Users\20732\Desktop\NativeCase\AppScope\resources\base\media\app_icon.png

[2026-04-12T15:39:20.915] [DEBUG] debug-file - 04-12 15:39:20.916 15300 23380 E C01400/ImageTranscoderUtils: DecodeToRGBA IN

[2026-04-12T15:39:20.916] [DEBUG] debug-file - 04-12 15:39:20.916 15300 23380 E C01400/ImageTranscoderUtils: ImageFilter IN C:\Users\20732\Desktop\NativeCase\entry\src\main\resources\base\media\background.png

[2026-04-12T15:39:20.920] [DEBUG] debug-file - 04-12 15:39:20.920 15300 23380 E C01400/ImageTranscoder: TranscodeSLR Only zoom-out is supported.

[2026-04-12T15:39:20.920] [DEBUG] debug-file - Warning: ScaleImage failed, error message: INVALID_PARAMETERS, file path = C:\Users\20732\Desktop\NativeCase\entry\src\main\resources\base\media\background.png

[2026-04-12T15:39:20.926] [DEBUG] debug-file - 04-12 15:39:20.927 15300 23380 E C01400/ImageTranscoderUtils: DecodeToRGBA IN

[2026-04-12T15:39:20.927] [DEBUG] debug-file - 04-12 15:39:20.927 15300 23380 E C01400/ImageTranscoderUtils: ImageFilter IN C:\Users\20732\Desktop\NativeCase\entry\src\main\resources\base\media\foreground.png

[2026-04-12T15:39:20.929] [DEBUG] debug-file - 04-12 15:39:20.929 15300 23380 E C01400/ImageTranscoder: TranscodeSLR Only zoom-out is supported.

[2026-04-12T15:39:20.929] [DEBUG] debug-file - Warning: ScaleImage failed, error message: INVALID_PARAMETERS, file path = C:\Users\20732\Desktop\NativeCase\entry\src\main\resources\base\media\foreground.png

[2026-04-12T15:39:20.933] [DEBUG] debug-file - Info: can't scale media json file.

[2026-04-12T15:39:20.933] [DEBUG] debug-file - Warning: The width or height of the png file referenced by the icon exceeds the limit (41 pixels)
at C:\Users\20732\Desktop\NativeCase\entry\src\main\resources\base\media\background.png

[2026-04-12T15:39:20.934] [DEBUG] debug-file - Warning: The width or height of the png file referenced by the icon exceeds the limit (41 pixels)
at C:\Users\20732\Desktop\NativeCase\entry\src\main\resources\base\media\foreground.png

[2026-04-12T15:39:20.934] [DEBUG] debug-file - Warning: C:\Users\20732\Desktop\NativeCase\entry\src\main\resources\base\media\layered_image.json is not png format

[2026-04-12T15:39:20.937] [DEBUG] debug-file - Info: restool resources compile success.

[2026-04-12T15:39:20.938] [DEBUG] debug-file - Info: thread pool is stopped

[2026-04-12T15:39:21.036] [DEBUG] debug-file - entry : default@CompileResource cost memory 0.9480819702148438
[2026-04-12T15:39:21.037] [DEBUG] debug-file - runTaskFromQueue task cost before running: 1 s 936 ms 
[2026-04-12T15:39:21.040] [INFO] debug-file - Finished :entry:default@CompileResource... after 850 ms 
[2026-04-12T15:39:21.044] [DEBUG] debug-file - Executing task :entry:default@CompileArkTS
[2026-04-12T15:39:21.046] [DEBUG] debug-file - obfuscationOptions: undefined
[2026-04-12T15:39:21.060] [DEBUG] debug-file - Task 'entry:default@CompileArkTS' cost while wrapping incremental declarations: 1 ms 
[2026-04-12T15:39:21.138] [DEBUG] debug-file - build config:
[2026-04-12T15:39:21.139] [DEBUG] debug-file - {
  moduleType: 'entry',
  perf: 0,
  targetName: '.default',
  packageManagerType: 'ohpm',
  localPropertiesPath: 'C:\\Users\\20732\\Desktop\\NativeCase\\local.properties',
  isPreview: false,
  isOhosTest: false,
  isLocalTest: false,
  buildMode: 'Debug',
  hotReloadBuild: undefined,
  watchMode: 'false',
  aceProfilePath: 'C:\\Users\\20732\\Desktop\\NativeCase\\entry\\build\\default\\intermediates\\res\\default\\resources\\base\\profile',
  etsLoaderPath: 'D:\\Program Files\\Huawei\\DevEco Studio\\sdk\\default\\openharmony\\ets\\build-tools\\ets-loader',
  modulePath: 'C:\\Users\\20732\\Desktop\\NativeCase\\entry',
  testFrameworkPar: {
    testMode: undefined,
    coveragePathFilter: undefined,
    coverageMode: undefined
  },
  needCoverageInsert: false,
  debugLine: false,
  projectTopDir: 'C:\\Users\\20732\\Desktop\\NativeCase',
  compileSdkVersion: 22,
  compatibleSdkVersion: 17,
  originCompatibleSdkVersion: '5.0.5(17)',
  compatibleSdkVersionStage: undefined,
  bundleName: 'c***e',
  etsLoaderVersion: '6.0.2.129',
  etsLoaderReleaseType: 'Beta1',
  aotCompileMode: 'type',
  apPath: 'C:\\Users\\20732\\Desktop\\NativeCase\\entry\\modules.ap',
  entryModuleName: 'entry',
  entryModuleVersion: '1.0.0',
  entryPackageName: 'entry',
  allModuleNameHash: '3895e33b199dd8d436581ad1b70260b74915ec3e145a2a9aa5865ef57a3ee027',
  externalApiPaths: [
    'D:\\Program Files\\Huawei\\DevEco Studio\\sdk\\default\\hms\\ets'
  ],
  compilerTypes: [],
  isCrossplatform: false,
  hvigorPluginFile: undefined,
  compilePluginPath: undefined,
  buildGeneratedProfilePath: 'C:\\Users\\20732\\Desktop\\NativeCase\\entry\\build\\default\\generated\\profile\\default',
  bundleType: 'app',
  arkTSVersion: undefined,
  apiVersion: 22,
  needCompleteSourcesMap: false,
  isFaMode: false,
  buildDir: 'C:\\Users\\20732\\Desktop\\NativeCase\\entry\\build',
  deviceTypes: [ 'phone' ],
  pkgContextInfo: {
    'libentry.so': {
      packageName: 'libentry.so',
      bundleName: '*****',
      moduleName: '',
      version: '',
      entryPath: 'Index',
      isSO: true,
      dependencyAlias: ''
    },
    entry: {
      packageName: 'entry',
      bundleName: '*****',
      moduleName: '',
      version: '',
      entryPath: 'src/main/',
      isSO: false,
      dependencyAlias: ''
    }
  },
  ohPackagePathMap: {},
  dependencyAliasMap: {},
  permission: { requestPermissions: undefined, definePermissions: undefined },
  useGetCurrentBundleName: false,
  projectArkOption: undefined,
  sourceMapDir: undefined,
  branchElimination: false,
  transformLib: undefined,
  tsImportSendable: false,
  resolveConflictMode: true,
  depName2RootPath: {},
  depName2DepInfo: {},
  rootPathSet: [ 'C:\\Users\\20732\\Desktop\\NativeCase' ],
  useNativeResolver: true,
  shouldEmitJs: true,
  useTscResolve: false,
  singleFileEmit: false,
  userProjectConfig: {
    autoLazyImport: false,
    allowEmptyBundleName: false,
    reExportCheckMode: 'noCheck',
    executionMode: 'memory',
    usePathPlaceholder: false,
    writeRollupCache: true,
    isExpandImportEnabled: false,
    expandImportExclude: '',
    lazyImportExclude: '',
    lazyImportInclude: '',
    ignoreCrossplatformCheck: false,
    isHarDeduplicateEnabled: false,
    skipOhModulesLint: false,
    enableStrictCheckOHModule: false,
    disableSendableCheckRules: [],
    useDeclarationFileSignature: false,
    customizedOptions: undefined,
    integratedHsp: false,
    isPreloadSoEnabled: false
  },
  executionMode: 'memory',
  arkCompileCachePath: 'C:\\Users\\20732\\Desktop\\NativeCase\\entry\\build\\default\\cache\\default\\default@CompileArkTS\\esmodule',
  autoLazyFilter: undefined,
  isHarDeduplicateEnabled: false,
  intermediateHarDuplicateDirPath: 'C:\\Users\\20732\\Desktop\\NativeCase\\entry\\build\\default\\intermediates\\har_duplicate\\default',
  autoLazyImport: false,
  allowEmptyBundleName: false,
  reExportCheckMode: 'noCheck',
  usePathPlaceholder: false,
  writeRollupCache: true,
  isExpandImportEnabled: false,
  expandImportExclude: '',
  lazyImportExclude: '',
  lazyImportInclude: '',
  ignoreCrossplatformCheck: false,
  skipOhModulesLint: false,
  enableStrictCheckOHModule: false,
  disableSendableCheckRules: [],
  useDeclarationFileSignature: false,
  customizedOptions: undefined,
  integratedHsp: false,
  isPreloadSoEnabled: false,
  strictMode: {
    caseSensitiveCheck: true,
    useNormalizedOHMUrl: true,
    noExternalImportByPath: true
  },
  useNormalizedOHMUrl: true,
  caseSensitiveCheck: true,
  aceModuleJsonPath: 'C:\\Users\\20732\\Desktop\\NativeCase\\entry\\build\\default\\intermediates\\res\\default\\ark_module.json',
  appResource: 'C:\\Users\\20732\\Desktop\\NativeCase\\entry\\build\\default\\intermediates\\res\\default\\ResourceTable.txt',
  rawFileResource: 'C:\\Users\\20732\\Desktop\\NativeCase\\entry\\build\\default\\intermediates\\res\\default\\resources\\rawfile',
  resourceTableHash: 'a6a31783820f90a9bce4d618dbdd04e1a5ba13b7be7388edad88ef48231724b9',
  runtimeOS: 'HarmonyOS',
  sdkInfo: 'false:22:6.0.2.129:Beta1',
  aceModuleRoot: 'C:\\Users\\20732\\Desktop\\NativeCase\\entry\\src\\main\\ets',
  compileMode: 'esmodule',
  aceSuperVisualPath: 'C:\\Users\\20732\\Desktop\\NativeCase\\entry\\src\\main\\supervisual',
  aceBuildJson: 'C:\\Users\\20732\\Desktop\\NativeCase\\entry\\build\\default\\intermediates\\loader\\default\\loader.json',
  cachePath: 'C:\\Users\\20732\\Desktop\\NativeCase\\entry\\build\\default\\cache\\default\\default@CompileArkTS\\esmodule\\debug',
  aceModuleBuild: 'C:\\Users\\20732\\Desktop\\NativeCase\\entry\\build\\default\\intermediates\\loader_out\\default\\ets',
  supportChunks: true,
  declaredFilesPath: undefined,
  shouldCollectDirectImportees: false,
  isByteCodeHarOptimize: false,
  expandImportPath: undefined,
  pkgNameToPkgBriefInfo: {
    entry: {
      pkgRoot: 'C:\\Users\\20732\\Desktop\\NativeCase\\entry',
      originalSourceRoots: undefined,
      sourceRoots: [Array],
      pkgName: 'entry'
    }
  },
  projectModel: {
    'C:\\Users\\20732\\Desktop\\NativeCase\\entry\\src\\main': {
      moduleName: 'entry',
      modulePkgPath: 'C:\\Users\\20732\\Desktop\\NativeCase\\entry',
      belongProjectPath: 'C:\\Users\\20732\\Desktop\\NativeCase'
    },
    'C:\\Users\\20732\\Desktop\\NativeCase\\entry': {
      moduleName: 'entry',
      modulePkgPath: 'C:\\Users\\20732\\Desktop\\NativeCase\\entry',
      belongProjectPath: 'C:\\Users\\20732\\Desktop\\NativeCase'
    },
    'C:\\Users\\20732\\Desktop\\NativeCase': {
      moduleName: 'NativeCase',
      modulePkgPath: 'C:\\Users\\20732\\Desktop\\NativeCase',
      belongProjectPath: 'C:\\Users\\20732\\Desktop\\NativeCase'
    }
  },
  pkgJsonFileHash: '568f0ace7f575887772b8b9a8b6a0795eeea92e5620d94b16b6d3a73e47e4fcd',
  allModulePaths: [ 'C:\\Users\\20732\\Desktop\\NativeCase\\entry' ],
  routerMap: {},
  obfuscationOptions: undefined,
  byteCodeHarToDependencyKeys: undefined,
  compileBlockPkg: [],
  mockParams: {
    decorator: '@MockSetup',
    packageName: '@ohos/hamock',
    etsSourceRootPath: 'src/main/ets',
    mockConfigPath: undefined,
    mockConfigKey2ModuleInfo: {},
    source2ModuleIdMap: {}
  },
  copyCodeResourceEnable: true,
  copyCodeResourceExcludes: [],
  copyCodeResourceIncludes: undefined,
  uiTransformOptimization: false,
  sdkPath: 'D:/Program Files/Huawei/DevEco Studio/sdk',
  needPreloadSoFileSet: {},
  preloadSoFilePath: 'C:\\Users\\20732\\Desktop\\NativeCase\\entry\\build\\default\\intermediates\\preload\\default\\preload.json',
  useSourceHash: false,
  localModuleParamMap: {},
  otherPaths: {
    'entry/*': [
      '..\\*',
      '..\\..\\..\\build\\default\\generated\\profile\\default\\*'
    ]
  },
  collectImportersConfig: undefined
}
[2026-04-12T15:39:21.140] [DEBUG] debug-file - Compile arkts with external api path: D:\Program Files\Huawei\DevEco Studio\sdk\default\hms\ets
[2026-04-12T15:39:21.143] [DEBUG] debug-file - default@CompileArkTS work[4] is submitted.
[2026-04-12T15:39:21.144] [DEBUG] debug-file - default@CompileArkTS work[4] is pushed to ready queue.
[2026-04-12T15:39:21.144] [DEBUG] debug-file - default@CompileArkTS work[4] is not dispatched.
[2026-04-12T15:39:21.145] [DEBUG] debug-file - CopyResources startTime: 2247922131500
[2026-04-12T15:39:21.145] [DEBUG] debug-file - default@CompileArkTS work[5] is submitted.
[2026-04-12T15:39:21.145] [DEBUG] debug-file - default@CompileArkTS work[5] is pushed to ready queue.
[2026-04-12T15:39:21.145] [DEBUG] debug-file - default@CompileArkTS work[5] is not dispatched.
[2026-04-12T15:39:21.145] [DEBUG] debug-file - entry : default@CompileArkTS cost memory -1.6875686645507812
[2026-04-12T15:39:21.149] [DEBUG] debug-file - Executing task :entry:default@BuildJS
[2026-04-12T15:39:21.170] [DEBUG] debug-file - Task 'entry:default@BuildJS' cost while wrapping incremental declarations: 1 ms 
[2026-04-12T15:39:21.181] [DEBUG] debug-file - entry : default@BuildJS cost memory 0.17032623291015625
[2026-04-12T15:39:21.182] [DEBUG] debug-file - runTaskFromQueue task cost before running: 2 s 81 ms 
[2026-04-12T15:39:21.182] [INFO] debug-file - Finished :entry:default@BuildJS... after 33 ms 
[2026-04-12T15:39:21.405] [DEBUG] debug-file - A work dispatched to worker[7] failed because unable to get work from ready queue.
[2026-04-12T15:39:21.406] [DEBUG] debug-file - A work dispatched to worker[6] failed because of worker busy.
[2026-04-12T15:39:21.426] [DEBUG] debug-file - A work dispatched to worker[5] failed because of worker busy.
[2026-04-12T15:39:21.427] [DEBUG] debug-file - Create  resident worker with id: 4.
[2026-04-12T15:39:21.430] [DEBUG] debug-file - default@CompileArkTS work[5] has been dispatched to worker[4].
[2026-04-12T15:39:21.839] [DEBUG] debug-file - ninja: Entering directory `C:\Users\20732\Desktop\NativeCase\entry\.cxx\default\default\debug\arm64-v8a'
[1/7] Building CXX object CMakeFiles/entry.dir/SyncCallback/SyncCallback.cpp.o

[2026-04-12T15:39:21.979] [DEBUG] debug-file - ninja: Entering directory `C:\Users\20732\Desktop\NativeCase\entry\.cxx\default\default\debug\x86_64'
[1/7] Building CXX object CMakeFiles/entry.dir/SyncCallback/SyncCallback.cpp.o

[2026-04-12T15:39:22.187] [DEBUG] debug-file - A work dispatched to worker[7] failed because unable to get work from ready queue.
[2026-04-12T15:39:22.187] [DEBUG] debug-file - A work dispatched to worker[6] failed because of worker busy.
[2026-04-12T15:39:22.189] [DEBUG] debug-file - A work dispatched to worker[5] failed because of worker busy.
[2026-04-12T15:39:22.189] [DEBUG] debug-file - A work dispatched to worker[4] failed because of worker busy.
[2026-04-12T15:39:22.189] [DEBUG] debug-file - Create  resident worker with id: 3.
[2026-04-12T15:39:22.191] [DEBUG] debug-file - default@CompileArkTS work[4] has been dispatched to worker[3].
[2026-04-12T15:39:23.242] [DEBUG] debug-file - clang++: warning: argument unused during compilation: '--gcc-toolchain=D:/Program Files/Huawei/DevEco Studio/sdk/default/openharmony/native/llvm' [-Wunused-command-line-argument]
[2/7] Building CXX object CMakeFiles/entry.dir/AsyncPromise/AsyncPromise.cpp.o

[2026-04-12T15:39:23.369] [DEBUG] debug-file - clang++: warning: argument unused during compilation: '--gcc-toolchain=D:/Program Files/Huawei/DevEco Studio/sdk/default/openharmony/native/llvm' [-Wunused-command-line-argument]
[3/7] Building CXX object CMakeFiles/entry.dir/AsyncCallback/AsyncCallback.cpp.o

[2026-04-12T15:39:23.577] [DEBUG] debug-file - clang++: warning: argument unused during compilation: '--gcc-toolchain=D:/Program Files/Huawei/DevEco Studio/sdk/default/openharmony/native/llvm' [-Wunused-command-line-argument]
[4/7] Building CXX object CMakeFiles/entry.dir/napi_init.cpp.o

[2026-04-12T15:39:23.588] [DEBUG] debug-file - clang++: warning: argument unused during compilation: '--gcc-toolchain=D:/Program Files/Huawei/DevEco Studio/sdk/default/openharmony/native/llvm' [-Wunused-command-line-argument]
[2/7] Building CXX object CMakeFiles/entry.dir/ThreadSafeCase/ThreadSafeCase.cpp.o

[2026-04-12T15:39:23.599] [DEBUG] debug-file - clang++: warning: argument unused during compilation: '--gcc-toolchain=D:/Program Files/Huawei/DevEco Studio/sdk/default/openharmony/native/llvm' [-Wunused-command-line-argument]
[5/7] Building CXX object CMakeFiles/entry.dir/ThreadSafeCase/ThreadSafeCase.cpp.o

[2026-04-12T15:39:23.644] [DEBUG] debug-file - clang++: warning: argument unused during compilation: '--gcc-toolchain=D:/Program Files/Huawei/DevEco Studio/sdk/default/openharmony/native/llvm' [-Wunused-command-line-argument]
[6/7] Building CXX object CMakeFiles/entry.dir/LibUvCase/LibUvCase.cpp.o

[2026-04-12T15:39:23.819] [DEBUG] debug-file - clang++: warning: argument unused during compilation: '--gcc-toolchain=D:/Program Files/Huawei/DevEco Studio/sdk/default/openharmony/native/llvm' [-Wunused-command-line-argument]
[3/7] Building CXX object CMakeFiles/entry.dir/AsyncPromise/AsyncPromise.cpp.o

[2026-04-12T15:39:23.826] [DEBUG] debug-file - clang++: warning: argument unused during compilation: '--gcc-toolchain=D:/Program Files/Huawei/DevEco Studio/sdk/default/openharmony/native/llvm' [-Wunused-command-line-argument]
[4/7] Building CXX object CMakeFiles/entry.dir/napi_init.cpp.o

[2026-04-12T15:39:23.832] [DEBUG] debug-file - clang++: warning: argument unused during compilation: '--gcc-toolchain=D:/Program Files/Huawei/DevEco Studio/sdk/default/openharmony/native/llvm' [-Wunused-command-line-argument]
[5/7] Building CXX object CMakeFiles/entry.dir/LibUvCase/LibUvCase.cpp.o

[2026-04-12T15:39:23.867] [DEBUG] debug-file - clang++: warning: argument unused during compilation: '--gcc-toolchain=D:/Program Files/Huawei/DevEco Studio/sdk/default/openharmony/native/llvm' [-Wunused-command-line-argument]
[6/7] Building CXX object CMakeFiles/entry.dir/AsyncCallback/AsyncCallback.cpp.o

[2026-04-12T15:39:24.093] [DEBUG] debug-file - clang++: warning: argument unused during compilation: '--gcc-toolchain=D:/Program Files/Huawei/DevEco Studio/sdk/default/openharmony/native/llvm' [-Wunused-command-line-argument]
[7/7] Linking CXX shared library C:\Users\20732\Desktop\NativeCase\entry\build\default\intermediates\cmake\default\obj\arm64-v8a\libentry.so

[2026-04-12T15:39:24.098] [DEBUG] debug-file - worker[6] has one work done.
[2026-04-12T15:39:24.120] [DEBUG] debug-file - default@BuildNativeWithNinja work[2] done.
[2026-04-12T15:39:24.197] [DEBUG] debug-file - clang++: warning: argument unused during compilation: '--gcc-toolchain=D:/Program Files/Huawei/DevEco Studio/sdk/default/openharmony/native/llvm' [-Wunused-command-line-argument]
[7/7] Linking CXX shared library C:\Users\20732\Desktop\NativeCase\entry\build\default\intermediates\cmake\default\obj\x86_64\libentry.so

[2026-04-12T15:39:24.202] [DEBUG] debug-file - worker[5] has one work done.
[2026-04-12T15:39:24.214] [DEBUG] debug-file - default@BuildNativeWithNinja work[3] done.
[2026-04-12T15:39:24.214] [INFO] debug-file - Finished :entry:default@BuildNativeWithNinja... after 4 s 151 ms 
[2026-04-12T15:39:24.217] [DEBUG] debug-file - Executing task :entry:default@ProcessLibs
[2026-04-12T15:39:24.249] [DEBUG] debug-file - Check content hash for C:\Users\20732\Desktop\NativeCase\entry\build\default\intermediates\cmake\default\obj\x86_64\libentry.so
[2026-04-12T15:39:24.259] [DEBUG] debug-file - Check content hash for C:\Users\20732\Desktop\NativeCase\entry\build\default\intermediates\cmake\default\obj\x86_64\libc++_shared.so
[2026-04-12T15:39:24.268] [DEBUG] debug-file - Check content hash for C:\Users\20732\Desktop\NativeCase\entry\build\default\intermediates\cmake\default\obj\arm64-v8a\libentry.so
[2026-04-12T15:39:24.276] [DEBUG] debug-file - Check content hash for C:\Users\20732\Desktop\NativeCase\entry\build\default\intermediates\cmake\default\obj\arm64-v8a\libc++_shared.so
[2026-04-12T15:39:24.325] [DEBUG] debug-file - Worker dispatch failed, running processLibs on main thread.
[2026-04-12T15:39:24.328] [DEBUG] debug-file - A work dispatched to worker[5] failed because unable to get work from ready queue.
[2026-04-12T15:39:24.331] [DEBUG] debug-file - Link C:\Users\20732\Desktop\NativeCase\entry\build\default\intermediates\cmake\default\obj\x86_64\libentry.so to C:\Users\20732\Desktop\NativeCase\entry\build\default\intermediates\libs\default\x86_64\libentry.so successfully.
[2026-04-12T15:39:24.333] [DEBUG] debug-file - Link C:\Users\20732\Desktop\NativeCase\entry\build\default\intermediates\cmake\default\obj\x86_64\libc++_shared.so to C:\Users\20732\Desktop\NativeCase\entry\build\default\intermediates\libs\default\x86_64\libc++_shared.so successfully.
[2026-04-12T15:39:24.342] [DEBUG] debug-file - Link C:\Users\20732\Desktop\NativeCase\entry\build\default\intermediates\cmake\default\obj\arm64-v8a\libentry.so to C:\Users\20732\Desktop\NativeCase\entry\build\default\intermediates\libs\default\arm64-v8a\libentry.so successfully.
[2026-04-12T15:39:24.344] [DEBUG] debug-file - Link C:\Users\20732\Desktop\NativeCase\entry\build\default\intermediates\cmake\default\obj\arm64-v8a\libc++_shared.so to C:\Users\20732\Desktop\NativeCase\entry\build\default\intermediates\libs\default\arm64-v8a\libc++_shared.so successfully.
[2026-04-12T15:39:24.344] [DEBUG] debug-file - entry : default@ProcessLibs cost memory -8.786705017089844
[2026-04-12T15:39:24.344] [DEBUG] debug-file - runTaskFromQueue task cost before running: 5 s 243 ms 
[2026-04-12T15:39:24.345] [INFO] debug-file - Finished :entry:default@ProcessLibs... after 128 ms 
[2026-04-12T15:39:24.347] [DEBUG] debug-file - Executing task :entry:default@DoNativeStrip
[2026-04-12T15:39:24.348] [DEBUG] debug-file - Task 'entry:default@DoNativeStrip' cost while wrapping incremental declarations: 1 ms 
[2026-04-12T15:39:24.357] [DEBUG] debug-file - default@DoNativeStrip work[6] is submitted.
[2026-04-12T15:39:24.357] [DEBUG] debug-file - default@DoNativeStrip work[6] is pushed to ready queue.
[2026-04-12T15:39:24.357] [DEBUG] debug-file - default@DoNativeStrip work[6] is not dispatched.
[2026-04-12T15:39:24.357] [DEBUG] debug-file - entry : default@DoNativeStrip cost memory 0.17063140869140625
[2026-04-12T15:39:24.479] [DEBUG] debug-file - default@DoNativeStrip work[6] has been dispatched to worker[6].
[2026-04-12T15:39:24.480] [DEBUG] debug-file - A work dispatched to worker[7] failed because unable to get work from ready queue.
[2026-04-12T15:39:24.480] [DEBUG] debug-file - A work dispatched to worker[6] failed because of worker busy.
[2026-04-12T15:39:24.480] [DEBUG] debug-file - A work dispatched to worker[5] failed because unable to get work from ready queue.
[2026-04-12T15:39:24.480] [DEBUG] debug-file - A work dispatched to worker[4] failed because of worker busy.
[2026-04-12T15:39:24.481] [DEBUG] debug-file - A work dispatched to worker[3] failed because of worker busy.
[2026-04-12T15:39:24.482] [DEBUG] debug-file - A work dispatched to worker[2] failed because unable to get work from ready queue.
[2026-04-12T15:39:24.484] [DEBUG] debug-file - A work dispatched to worker[1] failed because unable to get work from ready queue.
[2026-04-12T15:39:24.484] [DEBUG] debug-file - A work dispatched to worker[0] failed because unable to get work from ready queue.
[2026-04-12T15:39:24.554] [DEBUG] debug-file - current process  memoryUsage: {
  rss: 398200832,
  heapTotal: 57585664,
  heapUsed: 54370520,
  external: 4050050,
  arrayBuffers: 62000
} os memoryUsage :13.042972564697266
[2026-04-12T15:39:24.563] [DEBUG] debug-file - current process  memoryUsage: {
  rss: 399802368,
  heapTotal: 57585664,
  heapUsed: 54453384,
  external: 4050090,
  arrayBuffers: 62000
} os memoryUsage :13.043190002441406
[2026-04-12T15:39:24.586] [DEBUG] debug-file - current process  memoryUsage: {
  rss: 394657792,
  heapTotal: 57585664,
  heapUsed: 54533968,
  external: 4050090,
  arrayBuffers: 62000
} os memoryUsage :13.03725814819336
[2026-04-12T15:39:24.595] [DEBUG] debug-file - current process  memoryUsage: {
  rss: 394817536,
  heapTotal: 57585664,
  heapUsed: 54613864,
  external: 4050090,
  arrayBuffers: 62000
} os memoryUsage :13.038063049316406
[2026-04-12T15:39:24.687] [DEBUG] debug-file - worker[6] has one work done.
[2026-04-12T15:39:24.687] [DEBUG] debug-file - default@DoNativeStrip work[6] done.
[2026-04-12T15:39:24.688] [INFO] debug-file - Finished :entry:default@DoNativeStrip... after 189 ms 
[2026-04-12T15:39:24.691] [DEBUG] debug-file - Executing task :entry:default@CacheNativeLibs
[2026-04-12T15:39:24.693] [DEBUG] debug-file - Task 'entry:default@CacheNativeLibs' cost while wrapping incremental declarations: 1 ms 
[2026-04-12T15:39:24.693] [DEBUG] debug-file - default@CacheNativeLibs work[7] is submitted.
[2026-04-12T15:39:24.694] [DEBUG] debug-file - default@CacheNativeLibs work[7] is pushed to ready queue.
[2026-04-12T15:39:24.694] [DEBUG] debug-file - default@CacheNativeLibs work[7] is not dispatched.
[2026-04-12T15:39:24.694] [DEBUG] debug-file - entry : default@CacheNativeLibs cost memory 0.083221435546875
[2026-04-12T15:39:24.910] [DEBUG] debug-file - A work dispatched to worker[7] failed because unable to get work from ready queue.
[2026-04-12T15:39:24.912] [DEBUG] debug-file - default@CacheNativeLibs work[7] has been dispatched to worker[6].
[2026-04-12T15:39:24.927] [DEBUG] debug-file - worker[6] has one work done.
[2026-04-12T15:39:24.933] [DEBUG] debug-file - default@CacheNativeLibs work[7] done.
[2026-04-12T15:39:24.934] [INFO] debug-file - Finished :entry:default@CacheNativeLibs... after 15 ms 
[2026-04-12T15:39:25.135] [DEBUG] debug-file - A work dispatched to worker[6] failed because unable to get work from ready queue.
[2026-04-12T15:39:25.136] [DEBUG] debug-file - A work dispatched to worker[6] failed because unable to get work from ready queue.
[2026-04-12T15:39:25.153] [DEBUG] debug-file - worker[4] has one work done.
[2026-04-12T15:39:25.153] [DEBUG] debug-file - CopyResources is end, endTime: 2251930722600
[2026-04-12T15:39:25.154] [DEBUG] debug-file - default@CompileArkTS work[5] done.
[2026-04-12T15:39:25.154] [DEBUG] debug-file - A work dispatched to worker[4] failed because unable to get work from ready queue.
[2026-04-12T15:39:35.129] [DEBUG] debug-file - worker[3] has one work done.
[2026-04-12T15:39:35.130] [DEBUG] debug-file - Ark compile task finished.finished time is 2261906778500
[2026-04-12T15:39:35.133] [DEBUG] debug-file - default@CompileArkTS work[4] done.
[2026-04-12T15:39:35.134] [DEBUG] debug-file - A work dispatched to worker[3] failed because unable to get work from ready queue.
[2026-04-12T15:39:35.141] [INFO] debug-file - Finished :entry:default@CompileArkTS... after 6 s 366 ms 
[2026-04-12T15:39:35.143] [DEBUG] debug-file - Executing task :entry:default@GeneratePkgModuleJson
[2026-04-12T15:39:35.144] [DEBUG] debug-file - File: 'C:\Users\20732\Desktop\NativeCase\entry\build\default\intermediates\preload\default\preload.json' from 'preloadSoJsonPath' is not exists, just ignore.
[2026-04-12T15:39:35.145] [DEBUG] debug-file - Error occurs while handling @Input 'shouldDeduplicateHar': The "data" argument must be of type string or an instance of Buffer, TypedArray, or DataView. Received undefined
[2026-04-12T15:39:35.145] [DEBUG] debug-file - Task 'entry:default@GeneratePkgModuleJson' cost while wrapping incremental declarations: 2 ms 
[2026-04-12T15:39:35.150] [DEBUG] debug-file - entry : default@GeneratePkgModuleJson cost memory 0.16605377197265625
[2026-04-12T15:39:35.151] [DEBUG] debug-file - runTaskFromQueue task cost before running: 16 s 50 ms 
[2026-04-12T15:39:35.151] [INFO] debug-file - Finished :entry:default@GeneratePkgModuleJson... after 8 ms 
[2026-04-12T15:39:35.153] [DEBUG] debug-file - Executing task :entry:default@ProcessCompiledResources
[2026-04-12T15:39:35.153] [DEBUG] debug-file - File: 'C:\Users\20732\Desktop\NativeCase\entry\build\default\intermediates\preload\default\preload.json' from 'preloadSoJsonPath' is not exists, just ignore.
[2026-04-12T15:39:35.153] [DEBUG] debug-file - Task 'entry:default@ProcessCompiledResources' cost while wrapping incremental declarations: 1 ms 
[2026-04-12T15:39:35.154] [DEBUG] debug-file - entry : default@ProcessCompiledResources cost memory 0.06499481201171875
[2026-04-12T15:39:35.154] [DEBUG] debug-file - runTaskFromQueue task cost before running: 16 s 53 ms 
[2026-04-12T15:39:35.154] [INFO] debug-file - Finished :entry:default@ProcessCompiledResources... after 2 ms 
[2026-04-12T15:39:35.158] [DEBUG] debug-file - Executing task :entry:default@PackageHap
[2026-04-12T15:39:35.168] [DEBUG] debug-file - Use tool [D:\Program Files\Huawei\DevEco Studio\sdk\default\openharmony\toolchains\lib\app_packing_tool.jar]
 [
  'java',
  '-Dfile.encoding=GBK',
  '-jar',
  'D:\\Program Files\\Huawei\\DevEco Studio\\sdk\\default\\openharmony\\toolchains\\lib\\app_packing_tool.jar',
  '--mode',
  'hap',
  '--force',
  'true',
  '--lib-path',
  'C:\\Users\\20732\\Desktop\\NativeCase\\entry\\build\\default\\intermediates\\stripped_native_libs\\default',
  '--json-path',
  'C:\\Users\\20732\\Desktop\\NativeCase\\entry\\build\\default\\intermediates\\package\\default\\module.json',
  '--resources-path',
  'C:\\Users\\20732\\Desktop\\NativeCase\\entry\\build\\default\\intermediates\\res\\default\\resources',
  '--index-path',
  'C:\\Users\\20732\\Desktop\\NativeCase\\entry\\build\\default\\intermediates\\res\\default\\resources.index',
  '--pack-info-path',
  'C:\\Users\\20732\\Desktop\\NativeCase\\entry\\build\\default\\outputs\\default\\pack.info',
  '--out-path',
  'C:\\Users\\20732\\Desktop\\NativeCase\\entry\\build\\default\\outputs\\default\\entry-default-unsigned.hap',
  '--ets-path',
  'C:\\Users\\20732\\Desktop\\NativeCase\\entry\\build\\default\\intermediates\\loader_out\\default\\ets',
  '--pkg-context-path',
  'C:\\Users\\20732\\Desktop\\NativeCase\\entry\\build\\default\\intermediates\\loader\\default\\pkgContextInfo.json'
]
[2026-04-12T15:39:35.268] [DEBUG] debug-file - java daemon socket received message:{"code":0,"message":"pack success"}
[2026-04-12T15:39:35.280] [DEBUG] debug-file - entry : default@PackageHap cost memory 0.45558929443359375
[2026-04-12T15:39:35.281] [DEBUG] debug-file - runTaskFromQueue task cost before running: 16 s 180 ms 
[2026-04-12T15:39:35.283] [INFO] debug-file - Finished :entry:default@PackageHap... after 123 ms 
[2026-04-12T15:39:35.285] [DEBUG] debug-file - Executing task :entry:default@PackingCheck
[2026-04-12T15:39:35.298] [DEBUG] debug-file - entry : default@PackingCheck cost memory 0.3995819091796875
[2026-04-12T15:39:35.298] [DEBUG] debug-file - runTaskFromQueue task cost before running: 16 s 198 ms 
[2026-04-12T15:39:35.299] [INFO] debug-file - Finished :entry:default@PackingCheck... after 14 ms 
[2026-04-12T15:39:35.301] [DEBUG] debug-file - Executing task :entry:default@SignHap
[2026-04-12T15:39:35.301] [WARN] debug-file - Will skip sign 'hos_hap'. No signingConfigs profile is configured in current project.
             If needed, configure the signingConfigs in C:\Users\20732\Desktop\NativeCase\build-profile.json5.
[2026-04-12T15:39:35.304] [DEBUG] debug-file - entry : default@SignHap cost memory 0.0784149169921875
[2026-04-12T15:39:35.305] [DEBUG] debug-file - runTaskFromQueue task cost before running: 16 s 204 ms 
[2026-04-12T15:39:35.305] [INFO] debug-file - Finished :entry:default@SignHap... after 4 ms 
[2026-04-12T15:39:35.308] [DEBUG] debug-file - Executing task :entry:default@CollectDebugSymbol
[2026-04-12T15:39:35.310] [DEBUG] debug-file - entry : default@CollectDebugSymbol cost memory 0.10107421875
[2026-04-12T15:39:35.310] [DEBUG] debug-file - runTaskFromQueue task cost before running: 16 s 210 ms 
[2026-04-12T15:39:35.310] [INFO] debug-file - Finished :entry:default@CollectDebugSymbol... after 3 ms 
[2026-04-12T15:39:35.311] [DEBUG] debug-file - Executing task :entry:assembleHap
[2026-04-12T15:39:35.311] [DEBUG] debug-file - entry : assembleHap cost memory 0.01432037353515625
[2026-04-12T15:39:35.311] [DEBUG] debug-file - runTaskFromQueue task cost before running: 16 s 211 ms 
[2026-04-12T15:39:35.311] [INFO] debug-file - Finished :entry:assembleHap... after 1 ms 
[2026-04-12T15:39:35.324] [INFO] debug-file - BUILD SUCCESSFUL in 16 s 223 ms 
[2026-04-12T15:39:35.327] [DEBUG] debug-file - Update task entry:default@PreBuild input file:C:\Users\20732\Desktop\NativeCase\AppScope\app.json5 cache by regenerate.
[2026-04-12T15:39:35.329] [DEBUG] debug-file - Update task entry:default@PreBuild input file:C:\Users\20732\Desktop\NativeCase\entry\src\main\module.json5 cache by regenerate.
[2026-04-12T15:39:35.331] [DEBUG] debug-file - Update task entry:default@PreBuild input file:C:\Users\20732\Desktop\NativeCase\build-profile.json5 cache by regenerate.
[2026-04-12T15:39:35.332] [DEBUG] debug-file - Update task entry:default@PreBuild input file:C:\Users\20732\Desktop\NativeCase\entry\build-profile.json5 cache by regenerate.
[2026-04-12T15:39:35.332] [DEBUG] debug-file - Update task entry:default@PreBuild input file:C:\Users\20732\Desktop\NativeCase\entry\src\main\resources\base\profile\main_pages.json cache by regenerate.
[2026-04-12T15:39:35.333] [DEBUG] debug-file - Update task entry:default@PreBuild input file:C:\Users\20732\Desktop\NativeCase\hvigor\hvigor-config.json5 cache by regenerate.
[2026-04-12T15:39:35.333] [DEBUG] debug-file - Update task entry:default@PreBuild input file:C:\Users\20732\Desktop\NativeCase\entry\oh-package.json5 cache by regenerate.
[2026-04-12T15:39:35.333] [DEBUG] debug-file - Update task entry:default@PreBuild input file:C:\Users\20732\Desktop\NativeCase\oh-package.json5 cache by regenerate.
[2026-04-12T15:39:35.334] [DEBUG] debug-file - Incremental task entry:default@PreBuild post-execution cost:10 ms .
[2026-04-12T15:39:35.335] [DEBUG] debug-file - Update task entry:default@CreateModuleInfo output file:C:\Users\20732\Desktop\NativeCase\entry\build\default\generated\profile\default\ModuleInfo.ts cache.
[2026-04-12T15:39:35.335] [DEBUG] debug-file - Incremental task entry:default@CreateModuleInfo post-execution cost:1 ms .
[2026-04-12T15:39:35.335] [DEBUG] debug-file - Update task entry:default@GenerateMetadata input file:C:\Users\20732\Desktop\NativeCase\entry\src\main\module.json5 cache by regenerate.
[2026-04-12T15:39:35.336] [DEBUG] debug-file - Update task entry:default@GenerateMetadata output file:C:\Users\20732\Desktop\NativeCase\entry\build\default\intermediates\hap_metadata\default\output_metadata.json cache.
[2026-04-12T15:39:35.336] [DEBUG] debug-file - Incremental task entry:default@GenerateMetadata post-execution cost:2 ms .
[2026-04-12T15:39:35.337] [DEBUG] debug-file - Update task entry:default@MergeProfile input file:C:\Users\20732\Desktop\NativeCase\AppScope\app.json5 cache by regenerate.
[2026-04-12T15:39:35.337] [DEBUG] debug-file - Update task entry:default@MergeProfile input file:C:\Users\20732\Desktop\NativeCase\build-profile.json5 cache by regenerate.
[2026-04-12T15:39:35.338] [DEBUG] debug-file - Update task entry:default@MergeProfile input file:C:\Users\20732\Desktop\NativeCase\entry\src\main\module.json5 cache by regenerate.
[2026-04-12T15:39:35.338] [DEBUG] debug-file - Update task entry:default@MergeProfile output file:C:\Users\20732\Desktop\NativeCase\entry\build\default\intermediates\merge_profile\default\module.json cache.
[2026-04-12T15:39:35.339] [DEBUG] debug-file - Incremental task entry:default@MergeProfile post-execution cost:3 ms .
[2026-04-12T15:39:35.339] [DEBUG] debug-file - Update task entry:default@CreateBuildProfile input file:C:\Users\20732\Desktop\NativeCase\AppScope\app.json5 cache by regenerate.
[2026-04-12T15:39:35.339] [DEBUG] debug-file - Update task entry:default@CreateBuildProfile input file:C:\Users\20732\Desktop\NativeCase\build-profile.json5 cache by regenerate.
[2026-04-12T15:39:35.340] [DEBUG] debug-file - Update task entry:default@CreateBuildProfile output file:C:\Users\20732\Desktop\NativeCase\entry\build\default\generated\profile\default\BuildProfile.ets cache.
[2026-04-12T15:39:35.340] [DEBUG] debug-file - Incremental task entry:default@CreateBuildProfile post-execution cost:2 ms .
[2026-04-12T15:39:35.340] [DEBUG] debug-file - Update task entry:default@ProcessIntegratedHsp output file:C:\Users\20732\Desktop\NativeCase\build\cache\default\integrated_hsp\integratedHspCache.json cache.
[2026-04-12T15:39:35.341] [DEBUG] debug-file - Incremental task entry:default@ProcessIntegratedHsp post-execution cost:1 ms .
[2026-04-12T15:39:35.342] [DEBUG] debug-file - Update task entry:default@MakePackInfo input file:C:\Users\20732\Desktop\NativeCase\AppScope\app.json5 cache by regenerate.
[2026-04-12T15:39:35.343] [DEBUG] debug-file - Update task entry:default@MakePackInfo input file:C:\Users\20732\Desktop\NativeCase\entry\src\main\module.json5 cache by regenerate.
[2026-04-12T15:39:35.343] [DEBUG] debug-file - Update task entry:default@MakePackInfo input file:C:\Users\20732\Desktop\NativeCase\build-profile.json5 cache by regenerate.
[2026-04-12T15:39:35.344] [DEBUG] debug-file - Update task entry:default@MakePackInfo input file:C:\Users\20732\Desktop\NativeCase\entry\src\main\resources\base\profile\backup_config.json cache by regenerate.
[2026-04-12T15:39:35.345] [DEBUG] debug-file - Update task entry:default@MakePackInfo output file:C:\Users\20732\Desktop\NativeCase\entry\build\default\outputs\default\pack.info cache.
[2026-04-12T15:39:35.346] [DEBUG] debug-file - Incremental task entry:default@MakePackInfo post-execution cost:6 ms .
[2026-04-12T15:39:35.346] [DEBUG] debug-file - Update task entry:default@SyscapTransform input file:D:\Program Files\Huawei\DevEco Studio\sdk\default\openharmony\toolchains\syscap_tool.exe cache by regenerate.
[2026-04-12T15:39:35.347] [DEBUG] debug-file - Update task entry:default@SyscapTransform input file:D:\Program Files\Huawei\DevEco Studio\sdk\default\openharmony\ets\api\device-define cache by regenerate.
[2026-04-12T15:39:35.353] [DEBUG] debug-file - Update task entry:default@SyscapTransform output file:C:\Users\20732\Desktop\NativeCase\entry\build\default\intermediates\syscap\default\rpcid.sc cache.
[2026-04-12T15:39:35.354] [DEBUG] debug-file - Incremental task entry:default@SyscapTransform post-execution cost:8 ms .
[2026-04-12T15:39:35.354] [DEBUG] debug-file - Update task entry:default@GeneratePkgContextInfo output file:C:\Users\20732\Desktop\NativeCase\entry\build\default\intermediates\loader\default\pkgContextInfo.json cache.
[2026-04-12T15:39:35.355] [DEBUG] debug-file - Incremental task entry:default@GeneratePkgContextInfo post-execution cost:2 ms .
[2026-04-12T15:39:35.358] [DEBUG] debug-file - Update task entry:default@ProcessProfile input file:C:\Users\20732\Desktop\NativeCase\entry\build\default\intermediates\merge_profile\default\module.json cache by regenerate.
[2026-04-12T15:39:35.359] [DEBUG] debug-file - Update task entry:default@ProcessProfile output file:C:\Users\20732\Desktop\NativeCase\entry\build\default\intermediates\process_profile\default\module.json cache.
[2026-04-12T15:39:35.360] [DEBUG] debug-file - Incremental task entry:default@ProcessProfile post-execution cost:2 ms .
[2026-04-12T15:39:35.361] [DEBUG] debug-file - Update task entry:default@ProcessRouterMap input file:C:\Users\20732\Desktop\NativeCase\entry\oh-package.json5 cache by regenerate.
[2026-04-12T15:39:35.361] [DEBUG] debug-file - Update task entry:default@ProcessRouterMap input file:C:\Users\20732\Desktop\NativeCase\oh-package.json5 cache by regenerate.
[2026-04-12T15:39:35.362] [DEBUG] debug-file - Update task entry:default@ProcessRouterMap input file:C:\Users\20732\Desktop\NativeCase\entry\src\main\module.json5 cache by regenerate.
[2026-04-12T15:39:35.363] [DEBUG] debug-file - Update task entry:default@ProcessRouterMap input file:C:\Users\20732\Desktop\NativeCase\entry\build\default\intermediates\loader\default\pkgContextInfo.json cache by regenerate.
[2026-04-12T15:39:35.364] [DEBUG] debug-file - Update task entry:default@ProcessRouterMap output file:C:\Users\20732\Desktop\NativeCase\entry\build\default\intermediates\router_map\default\temp-router-map.json cache.
[2026-04-12T15:39:35.365] [DEBUG] debug-file - Update task entry:default@ProcessRouterMap output file:C:\Users\20732\Desktop\NativeCase\entry\build\default\intermediates\router_map\default\loader-router-map.json cache.
[2026-04-12T15:39:35.366] [DEBUG] debug-file - Incremental task entry:default@ProcessRouterMap post-execution cost:7 ms .
[2026-04-12T15:39:35.368] [DEBUG] debug-file - Update task entry:default@ProcessShareConfig input file:C:\Users\20732\Desktop\NativeCase\entry\oh-package.json5 cache by regenerate.
[2026-04-12T15:39:35.368] [DEBUG] debug-file - Update task entry:default@ProcessShareConfig input file:C:\Users\20732\Desktop\NativeCase\oh-package.json5 cache by regenerate.
[2026-04-12T15:39:35.369] [DEBUG] debug-file - Update task entry:default@ProcessShareConfig input file:C:\Users\20732\Desktop\NativeCase\entry\src\main\module.json5 cache by regenerate.
[2026-04-12T15:39:35.370] [DEBUG] debug-file - Update task entry:default@ProcessShareConfig input file:C:\Users\20732\Desktop\NativeCase\entry\build\default\intermediates\loader\default\pkgContextInfo.json cache by regenerate.
[2026-04-12T15:39:35.370] [DEBUG] debug-file - Update task entry:default@ProcessShareConfig output file:C:\Users\20732\Desktop\NativeCase\entry\build\default\intermediates\share_config\default\temp-share-config.json cache.
[2026-04-12T15:39:35.371] [DEBUG] debug-file - Incremental task entry:default@ProcessShareConfig post-execution cost:5 ms .
[2026-04-12T15:39:35.372] [DEBUG] debug-file - Update task entry:default@ProcessStartupConfig input file:C:\Users\20732\Desktop\NativeCase\entry\build\default\intermediates\loader\default\pkgContextInfo.json cache by regenerate.
[2026-04-12T15:39:35.373] [DEBUG] debug-file - Update task entry:default@ProcessStartupConfig output file:C:\Users\20732\Desktop\NativeCase\entry\build\default\intermediates\startup\default\startup_config.json cache.
[2026-04-12T15:39:35.373] [DEBUG] debug-file - Incremental task entry:default@ProcessStartupConfig post-execution cost:2 ms .
[2026-04-12T15:39:35.373] [DEBUG] debug-file - Update task entry:default@ProcessResource output file:C:\Users\20732\Desktop\NativeCase\entry\build\default\intermediates\res\default\resConfig.json cache.
[2026-04-12T15:39:35.374] [DEBUG] debug-file - Update task entry:default@ProcessResource output file:C:\Users\20732\Desktop\NativeCase\entry\build\default\intermediates\res\default\opt-compression.json cache.
[2026-04-12T15:39:35.374] [DEBUG] debug-file - Incremental task entry:default@ProcessResource post-execution cost:2 ms .
[2026-04-12T15:39:35.376] [DEBUG] debug-file - Update task entry:default@GenerateLoaderJson input file:C:\Users\20732\Desktop\NativeCase\entry\build\default\intermediates\loader\default\pkgContextInfo.json cache by regenerate.
[2026-04-12T15:39:35.377] [DEBUG] debug-file - Update task entry:default@GenerateLoaderJson input file:C:\Users\20732\Desktop\NativeCase\entry\build\default\intermediates\router_map\default\temp-router-map.json cache by regenerate.
[2026-04-12T15:39:35.378] [DEBUG] debug-file - Update task entry:default@GenerateLoaderJson output file:C:\Users\20732\Desktop\NativeCase\entry\build\default\intermediates\loader\default\loader.json cache.
[2026-04-12T15:39:35.378] [DEBUG] debug-file - Incremental task entry:default@GenerateLoaderJson post-execution cost:4 ms .
[2026-04-12T15:39:35.382] [DEBUG] debug-file - Update task entry:default@CompileResource input file:C:\Users\20732\Desktop\NativeCase\entry\src\main\resources cache by regenerate.
[2026-04-12T15:39:35.399] [DEBUG] debug-file - Update task entry:default@CompileResource input file:C:\Users\20732\Desktop\NativeCase\AppScope\resources cache by regenerate.
[2026-04-12T15:39:35.404] [DEBUG] debug-file - Update task entry:default@CompileResource input file:C:\Users\20732\Desktop\NativeCase\entry\build\default\intermediates\process_profile\default\module.json cache by regenerate.
[2026-04-12T15:39:35.404] [DEBUG] debug-file - Update task entry:default@CompileResource input file:C:\Users\20732\Desktop\NativeCase\entry\build\default\intermediates\res\default\resConfig.json cache by regenerate.
[2026-04-12T15:39:35.405] [DEBUG] debug-file - Update task entry:default@CompileResource output file:C:\Users\20732\Desktop\NativeCase\entry\build\default\intermediates\res\default cache.
[2026-04-12T15:39:35.418] [DEBUG] debug-file - Update task entry:default@CompileResource output file:C:\Users\20732\Desktop\NativeCase\entry\build\default\generated\r\default\ResourceTable.h cache.
[2026-04-12T15:39:35.419] [DEBUG] debug-file - Update task entry:default@CompileResource output file:C:\Users\20732\Desktop\NativeCase\entry\build\default\generated\r\default cache.
[2026-04-12T15:39:35.420] [DEBUG] debug-file - Incremental task entry:default@CompileResource post-execution cost:42 ms .
[2026-04-12T15:39:35.425] [DEBUG] debug-file - Update task entry:default@CompileArkTS input file:C:\Users\20732\Desktop\NativeCase\entry\build\default\intermediates\loader\default cache by regenerate.
[2026-04-12T15:39:35.426] [DEBUG] debug-file - Update task entry:default@CompileArkTS input file:C:\Users\20732\Desktop\NativeCase\entry\build\default\intermediates\res\default\resources\rawfile cache by regenerate.
[2026-04-12T15:39:35.430] [DEBUG] debug-file - Update task entry:default@CompileArkTS input file:C:\Users\20732\Desktop\NativeCase\entry\build\default\intermediates\res\default\ResourceTable.txt cache by regenerate.
[2026-04-12T15:39:35.431] [DEBUG] debug-file - Update task entry:default@CompileArkTS input file:C:\Users\20732\Desktop\NativeCase\entry\build\default\intermediates\res\default\ark_module.json cache by regenerate.
[2026-04-12T15:39:35.432] [DEBUG] debug-file - Update task entry:default@CompileArkTS input file:C:\Users\20732\Desktop\NativeCase\entry\build\default\intermediates\res\default\resources\base\profile cache by regenerate.
[2026-04-12T15:39:35.434] [DEBUG] debug-file - Update task entry:default@CompileArkTS input file:C:\Users\20732\Desktop\NativeCase\entry\src\main\ets cache by regenerate.
[2026-04-12T15:39:35.442] [DEBUG] debug-file - Update task entry:default@CompileArkTS input file:C:\Users\20732\Desktop\NativeCase\entry\build\default\intermediates\loader\default\pkgContextInfo.json cache by regenerate.
[2026-04-12T15:39:35.443] [DEBUG] debug-file - Update task entry:default@CompileArkTS input file:C:\Users\20732\Desktop\NativeCase\entry\build\default\generated\profile\default\BuildProfile.ets cache by regenerate.
[2026-04-12T15:39:35.444] [DEBUG] debug-file - Update task entry:default@CompileArkTS input file:C:\Users\20732\Desktop\NativeCase\entry\src\main\cpp\types cache by regenerate.
[2026-04-12T15:39:35.446] [DEBUG] debug-file - Update task entry:default@CompileArkTS output file:C:\Users\20732\Desktop\NativeCase\entry\build\default\intermediates\loader_out\default\ets cache.
[2026-04-12T15:39:35.449] [DEBUG] debug-file - Incremental task entry:default@CompileArkTS post-execution cost:29 ms .
[2026-04-12T15:39:35.453] [DEBUG] debug-file - Update task entry:default@BuildJS input file:C:\Users\20732\Desktop\NativeCase\entry\build\default\intermediates\loader\default cache by regenerate.
[2026-04-12T15:39:35.454] [DEBUG] debug-file - Update task entry:default@BuildJS input file:C:\Users\20732\Desktop\NativeCase\entry\build\default\intermediates\res\default\resources\rawfile cache by regenerate.
[2026-04-12T15:39:35.456] [DEBUG] debug-file - Update task entry:default@BuildJS input file:C:\Users\20732\Desktop\NativeCase\entry\build\default\intermediates\res\default\ResourceTable.txt cache by regenerate.
[2026-04-12T15:39:35.457] [DEBUG] debug-file - Update task entry:default@BuildJS input file:C:\Users\20732\Desktop\NativeCase\entry\build\default\intermediates\res\default\ark_module.json cache by regenerate.
[2026-04-12T15:39:35.458] [DEBUG] debug-file - Update task entry:default@BuildJS input file:C:\Users\20732\Desktop\NativeCase\entry\build\default\intermediates\res\default\resources\base\profile cache by regenerate.
[2026-04-12T15:39:35.460] [DEBUG] debug-file - Update task entry:default@BuildJS input file:C:\Users\20732\Desktop\NativeCase\entry\build\default\intermediates\loader\default\pkgContextInfo.json cache by regenerate.
[2026-04-12T15:39:35.460] [DEBUG] debug-file - Update task entry:default@BuildJS output file:C:\Users\20732\Desktop\NativeCase\entry\build\default\intermediates\loader_out\default\js cache.
[2026-04-12T15:39:35.461] [DEBUG] debug-file - Incremental task entry:default@BuildJS post-execution cost:12 ms .
[2026-04-12T15:39:35.462] [DEBUG] debug-file - Update task entry:default@ProcessLibs input file:C:\Users\20732\Desktop\NativeCase\build-profile.json5 cache by regenerate.
[2026-04-12T15:39:35.462] [DEBUG] debug-file - Update task entry:default@ProcessLibs input file:C:\Users\20732\Desktop\NativeCase\entry\build-profile.json5 cache by regenerate.
[2026-04-12T15:39:35.463] [DEBUG] debug-file - Update task entry:default@ProcessLibs output file:C:\Users\20732\Desktop\NativeCase\entry\build\default\intermediates\libs\default cache.
[2026-04-12T15:39:35.467] [DEBUG] debug-file - Incremental task entry:default@ProcessLibs post-execution cost:7 ms .
[2026-04-12T15:39:35.467] [DEBUG] debug-file - Update task entry:default@DoNativeStrip input file:C:\Users\20732\Desktop\NativeCase\entry\build\default\intermediates\libs\default cache by regenerate.
[2026-04-12T15:39:35.470] [DEBUG] debug-file - Update task entry:default@DoNativeStrip output file:C:\Users\20732\Desktop\NativeCase\entry\build\default\intermediates\stripped_native_libs\default cache.
[2026-04-12T15:39:35.474] [DEBUG] debug-file - Incremental task entry:default@DoNativeStrip post-execution cost:7 ms .
[2026-04-12T15:39:35.474] [DEBUG] debug-file - Update task entry:default@CacheNativeLibs input file:C:\Users\20732\Desktop\NativeCase\entry\build\default\intermediates\stripped_native_libs\default cache by regenerate.
[2026-04-12T15:39:35.478] [DEBUG] debug-file - Update task entry:default@CacheNativeLibs input file:C:\Users\20732\Desktop\NativeCase\entry\build\default\intermediates\libs\default cache by regenerate.
[2026-04-12T15:39:35.481] [DEBUG] debug-file - Update task entry:default@CacheNativeLibs output file:C:\Users\20732\Desktop\NativeCase\entry\build\default\intermediates\patch\default\base_native_libs.json cache.
[2026-04-12T15:39:35.482] [DEBUG] debug-file - Incremental task entry:default@CacheNativeLibs post-execution cost:8 ms .
[2026-04-12T15:39:35.482] [DEBUG] debug-file - Update task entry:default@GeneratePkgModuleJson input file:C:\Users\20732\Desktop\NativeCase\entry\build\default\intermediates\res\default\module.json cache by regenerate.
[2026-04-12T15:39:35.483] [DEBUG] debug-file - Update task entry:default@GeneratePkgModuleJson output file:C:\Users\20732\Desktop\NativeCase\entry\build\default\intermediates\package\default\module.json cache.
[2026-04-12T15:39:35.483] [DEBUG] debug-file - Incremental task entry:default@GeneratePkgModuleJson post-execution cost:2 ms .
[2026-04-12T15:39:35.483] [DEBUG] debug-file - Incremental task entry:default@ProcessCompiledResources post-execution cost:1 ms .
[2026-04-12T15:39:35.485] [DEBUG] debug-file - Update task entry:default@PackageHap input file:C:\Users\20732\Desktop\NativeCase\entry\build\default\intermediates\stripped_native_libs\default cache by regenerate.
[2026-04-12T15:39:35.489] [DEBUG] debug-file - Update task entry:default@PackageHap input file:C:\Users\20732\Desktop\NativeCase\entry\build\default\intermediates\res\default\module.json cache by regenerate.
[2026-04-12T15:39:35.490] [DEBUG] debug-file - Update task entry:default@PackageHap input file:C:\Users\20732\Desktop\NativeCase\entry\build\default\intermediates\res\default\resources cache by regenerate.
[2026-04-12T15:39:35.497] [DEBUG] debug-file - Update task entry:default@PackageHap input file:C:\Users\20732\Desktop\NativeCase\entry\build\default\intermediates\res\default\resources.index cache by regenerate.
[2026-04-12T15:39:35.498] [DEBUG] debug-file - Update task entry:default@PackageHap input file:C:\Users\20732\Desktop\NativeCase\entry\build\default\outputs\default\pack.info cache by regenerate.
[2026-04-12T15:39:35.499] [DEBUG] debug-file - Update task entry:default@PackageHap input file:C:\Users\20732\Desktop\NativeCase\entry\build\default\intermediates\loader_out\default\ets cache by regenerate.
[2026-04-12T15:39:35.500] [DEBUG] debug-file - Update task entry:default@PackageHap input file:C:\Users\20732\Desktop\NativeCase\entry\build\default\intermediates\loader\default\pkgContextInfo.json cache by regenerate.
[2026-04-12T15:39:35.501] [DEBUG] debug-file - Update task entry:default@PackageHap input file:C:\Users\20732\Desktop\NativeCase\entry\build\default\intermediates\loader_out\default\ets\sourceMaps.map cache by regenerate.
[2026-04-12T15:39:35.501] [DEBUG] debug-file - Update task entry:default@PackageHap input file:C:\Users\20732\Desktop\NativeCase\entry\build\default\generated\profile\default\BuildProfile.ets cache by regenerate.
[2026-04-12T15:39:35.502] [DEBUG] debug-file - Update task entry:default@PackageHap output file:C:\Users\20732\Desktop\NativeCase\entry\build\default\outputs\default\entry-default-unsigned.hap cache.
[2026-04-12T15:39:35.503] [DEBUG] debug-file - Update task entry:default@PackageHap output file:C:\Users\20732\Desktop\NativeCase\entry\build\default\intermediates\source_map\default\sourceMaps.map cache.
[2026-04-12T15:39:35.503] [DEBUG] debug-file - Update task entry:default@PackageHap output file:C:\Users\20732\Desktop\NativeCase\entry\build\default\outputs\default\mapping\sourceMaps.map cache.
[2026-04-12T15:39:35.504] [DEBUG] debug-file - Incremental task entry:default@PackageHap post-execution cost:21 ms .
[2026-04-12T15:39:35.505] [DEBUG] debug-file - Update task entry:default@SignHap input file:C:\Users\20732\Desktop\NativeCase\entry\build\default\outputs\default\entry-default-unsigned.hap cache by regenerate.
[2026-04-12T15:39:35.506] [DEBUG] debug-file - Update task entry:default@SignHap output file:C:\Users\20732\Desktop\NativeCase\entry\build\default\outputs\default\entry-default-signed.hap cache.
[2026-04-12T15:39:35.506] [DEBUG] debug-file - Incremental task entry:default@SignHap post-execution cost:3 ms .
[2026-04-12T15:39:35.508] [DEBUG] debug-file - Update task entry:default@CollectDebugSymbol input file:C:\Users\20732\Desktop\NativeCase\entry\build\default\intermediates\loader_out\default\ets\sourceMaps.map cache by regenerate.
[2026-04-12T15:39:35.509] [DEBUG] debug-file - Update task entry:default@CollectDebugSymbol input file:C:\Users\20732\Desktop\NativeCase\entry\build\default\intermediates\libs\default cache by regenerate.
[2026-04-12T15:39:35.512] [DEBUG] debug-file - Update task entry:default@CollectDebugSymbol output file:C:\Users\20732\Desktop\NativeCase\entry\build\default\outputs\default\symbol cache.
[2026-04-12T15:39:35.513] [DEBUG] debug-file - Incremental task entry:default@CollectDebugSymbol post-execution cost:7 ms .
[2026-04-12T15:39:35.546] [DEBUG] debug-file - Cleanup worker 4.
[2026-04-12T15:39:35.547] [DEBUG] debug-file - Worker 4 has been cleaned up.
[2026-04-12T15:39:35.547] [DEBUG] debug-file - Current idle worker size: 3.
[2026-04-12T15:39:35.547] [DEBUG] debug-file - Current resident worker size: 4.
[2026-04-12T15:39:35.550] [DEBUG] debug-file - hvigor build process will be closed.
[2026-04-12T15:39:35.551] [DEBUG] debug-file - java daemon socket close code:1000 reason:close by user
[2026-04-12T15:39:35.556] [DEBUG] debug-file - session manager: send message to worker process.
[2026-04-12T15:39:35.557] [DEBUG] debug-file - session manager: send message to worker process.
[2026-04-12T15:39:35.557] [DEBUG] debug-file - watch worker: worker id should be larger than 0. Nothing will be sent to any worker thread.
[2026-04-12T15:39:35.558] [DEBUG] debug-file - watch worker: worker id should be larger than 0. Nothing will be sent to any worker thread.
[2026-04-12T15:39:35.563] [DEBUG] debug-file - worker[4] exits with exit code 1.
[2026-04-12T15:39:59.461] [DEBUG] debug-file - session manager: set active socket. socketId=-8aXeHWMcxRt-wNIAAAF
[2026-04-12T15:39:59.469] [DEBUG] debug-file - watch worker: worker id should be larger than 0. Nothing will be sent to any worker thread.
[2026-04-12T15:39:59.475] [DEBUG] debug-file - Workers' log level updated to INFO
[2026-04-12T15:39:59.483] [DEBUG] debug-file - Hvigor init with startParameters:{
  hvigorfileTypeCheck: false,
  parallelExecution: true,
  incrementalExecution: true,
  printStackTrace: false,
  daemon: true,
  analyze: 0,
  logLevel: Level { level: 20000, levelStr: 'INFO', colour: 'green' },
  optimizationStrategy: 'memory',
  hotCompile: undefined,
  hotReloadBuild: undefined,
  customizedParam: undefined
}
[2026-04-12T15:39:59.489] [DEBUG] debug-file - Cache service initialization finished in 7 ms 
[2026-04-12T15:39:59.491] [DEBUG] debug-file - hvigorfile, resolving C:\Users\20732\Desktop\NativeCase\hvigorfile.ts
[2026-04-12T15:39:59.505] [DEBUG] debug-file - hvigorfile, require result:  { default: { plugins: [] } }
[2026-04-12T15:39:59.505] [DEBUG] debug-file - hvigorfile, binding system plugins null
[2026-04-12T15:39:59.506] [DEBUG] debug-file - Starting plugin build process
[2026-04-12T15:39:59.506] [DEBUG] debug-file - App plugin prepare start...
[2026-04-12T15:39:59.506] [DEBUG] debug-file - App plugin prepare end...
[2026-04-12T15:39:59.506] [DEBUG] debug-file - App plugin creating...
[2026-04-12T15:39:59.519] [DEBUG] debug-file - App plugin register hook start...
[2026-04-12T15:39:59.519] [DEBUG] debug-file - App plugin register hook end...
[2026-04-12T15:39:59.519] [DEBUG] debug-file - Plugin build process completed
[2026-04-12T15:39:59.520] [DEBUG] debug-file - Start initialize project's product build option map with build mode debug.
[2026-04-12T15:39:59.520] [DEBUG] debug-file - Picking option from product 'default' with build mode 'debug'.
[2026-04-12T15:39:59.520] [DEBUG] debug-file - Product 'default' build option initialized
[2026-04-12T15:39:59.520] [DEBUG] debug-file - End initialize project's product build option map with build mode 'debug'.
[2026-04-12T15:39:59.521] [DEBUG] debug-file - Obtain build option for product 'default'in this build.
[2026-04-12T15:39:59.524] [DEBUG] debug-file - C:\Users\20732\Desktop\NativeCase\build\cache\default\remote_hsp\remoteHspCache.json not exists.
[2026-04-12T15:39:59.530] [DEBUG] debug-file - Start recording SDK configuration permission data.
[2026-04-12T15:39:59.576] [DEBUG] debug-file - Sdk init in 51 ms 
[2026-04-12T15:39:59.585] [DEBUG] debug-file - Project task initialization takes 8 ms 
[2026-04-12T15:39:59.585] [DEBUG] debug-file - hvigorfile, binding custom plugins []
[2026-04-12T15:39:59.585] [DEBUG] debug-file - hvigorfile, no custom plugins were found in C:\Users\20732\Desktop\NativeCase\hvigorfile.ts
[2026-04-12T15:39:59.586] [DEBUG] debug-file - hvigorfile, resolve finished C:\Users\20732\Desktop\NativeCase\hvigorfile.ts
[2026-04-12T15:39:59.587] [DEBUG] debug-file - hvigorfile, resolving C:\Users\20732\Desktop\NativeCase\entry\hvigorfile.ts
[2026-04-12T15:39:59.595] [DEBUG] debug-file - hvigorfile, require result:  { default: { plugins: [] } }
[2026-04-12T15:39:59.596] [DEBUG] debug-file - hvigorfile, binding system plugins null
[2026-04-12T15:39:59.596] [DEBUG] debug-file - Starting plugin build process
[2026-04-12T15:39:59.596] [DEBUG] debug-file - Hap plugin creating...
[2026-04-12T15:39:59.600] [DEBUG] debug-file - failed to load cangjie to dynamically generate schemas: Error: Cannot find module '@ohos/cangjie-build-support/index'
Require stack:
- D:\Program Files\Huawei\DevEco Studio\tools\hvigor\hvigor-ohos-plugin\src\plugin\hooks\cangjie-register.js
- D:\Program Files\Huawei\DevEco Studio\tools\hvigor\hvigor-ohos-plugin\src\plugin\strategy\stage-init-strategy.js
- D:\Program Files\Huawei\DevEco Studio\tools\hvigor\hvigor-ohos-plugin\src\plugin\builder\abstract-plugin-builder.js
- D:\Program Files\Huawei\DevEco Studio\tools\hvigor\hvigor-ohos-plugin\src\plugin\builder\app-plugin-builder.js
- D:\Program Files\Huawei\DevEco Studio\tools\hvigor\hvigor-ohos-plugin\src\plugin\factory\plugin-factory.js
- D:\Program Files\Huawei\DevEco Studio\tools\hvigor\hvigor-ohos-plugin\index.js
- C:\Users\20732\Desktop\NativeCase\hvigorfile.ts
- D:\Program Files\Huawei\DevEco Studio\tools\hvigor\hvigor\src\base\internal\lifecycle\configuration.js
- D:\Program Files\Huawei\DevEco Studio\tools\hvigor\hvigor\src\base\boot\index.js
- D:\Program Files\Huawei\DevEco Studio\tools\hvigor\hvigor\src\base\daemon\cluster\worker-process-lifecycle.js
- D:\Program Files\Huawei\DevEco Studio\tools\hvigor\hvigor\src\base\daemon\process\daemon-process-boot-script.js
[2026-04-12T15:39:59.605] [DEBUG] debug-file - Start initialize module-target build option map, moduleName=entry, buildMode=debug
[2026-04-12T15:39:59.605] [DEBUG] debug-file - Target 'default' config initialized
[2026-04-12T15:39:59.607] [DEBUG] debug-file - Module 'entry' target 'default' build option initialized
[2026-04-12T15:39:59.607] [DEBUG] debug-file - End initialize module-target build option map, moduleName=entry
[2026-04-12T15:39:59.607] [DEBUG] debug-file - Start initialize module-target build option map, moduleName=entry, buildMode=release
[2026-04-12T15:39:59.607] [DEBUG] debug-file - Target 'default' config initialized
[2026-04-12T15:39:59.607] [DEBUG] debug-file - Module 'entry' target 'default' build option initialized
[2026-04-12T15:39:59.607] [DEBUG] debug-file - End initialize module-target build option map, moduleName=entry
[2026-04-12T15:39:59.608] [DEBUG] debug-file - Start initialize module-target build option map, moduleName=entry, buildMode=debug
[2026-04-12T15:39:59.608] [DEBUG] debug-file - Target 'default' config initialized
[2026-04-12T15:39:59.610] [DEBUG] debug-file - Module 'entry' target 'default' build option initialized
[2026-04-12T15:39:59.610] [DEBUG] debug-file - End initialize module-target build option map, moduleName=entry
[2026-04-12T15:39:59.610] [DEBUG] debug-file - Obtain build option for module 'entry' target 'default'in this build.
[2026-04-12T15:39:59.613] [DEBUG] debug-file - Module entry task initialization takes 2 ms 
[2026-04-12T15:39:59.613] [DEBUG] debug-file - Hap plugin register hook start...
[2026-04-12T15:39:59.613] [DEBUG] debug-file - Hap plugin register hook end...
[2026-04-12T15:39:59.613] [DEBUG] debug-file - Plugin build process completed
[2026-04-12T15:39:59.613] [DEBUG] debug-file - hvigorfile, binding custom plugins []
[2026-04-12T15:39:59.613] [DEBUG] debug-file - hvigorfile, no custom plugins were found in C:\Users\20732\Desktop\NativeCase\entry\hvigorfile.ts
[2026-04-12T15:39:59.613] [DEBUG] debug-file - hvigorfile, resolve finished C:\Users\20732\Desktop\NativeCase\entry\hvigorfile.ts
[2026-04-12T15:39:59.640] [DEBUG] debug-file - hvigorfile, resolve hvigorfile dependencies in 27 ms 
[2026-04-12T15:39:59.640] [DEBUG] debug-file - project has submodules:entry
[2026-04-12T15:39:59.642] [DEBUG] debug-file - start to load updatedOhPackageInfo to the disk
[2026-04-12T15:39:59.664] [DEBUG] debug-file - load to the disk finished
[2026-04-12T15:39:59.666] [DEBUG] debug-file - Start to initialize dependency information.
[2026-04-12T15:39:59.667] [DEBUG] debug-file - Module NativeCase Collected Dependency: 
[2026-04-12T15:39:59.667] [DEBUG] debug-file - Module NativeCase's total dependency: 0
[2026-04-12T15:39:59.669] [DEBUG] debug-file - Start to initialize dependency information.
[2026-04-12T15:39:59.678] [DEBUG] debug-file - Module entry Collected Dependency: C:\Users\20732\Desktop\NativeCase\entry\src\main\cpp\types\libentry
[2026-04-12T15:39:59.678] [DEBUG] debug-file - Module entry's total dependency: 1
[2026-04-12T15:39:59.682] [DEBUG] debug-file - Configuration phase cost:193 ms 
[2026-04-12T15:39:59.684] [DEBUG] debug-file - Configuration task cost before running: 209 ms 
[2026-04-12T15:39:59.685] [DEBUG] debug-file - Executing task :entry:init
[2026-04-12T15:39:59.686] [DEBUG] debug-file - entry : init cost memory 0.01633453369140625
[2026-04-12T15:39:59.686] [DEBUG] debug-file - runTaskFromQueue task cost before running: 210 ms 
[2026-04-12T15:39:59.686] [INFO] debug-file - Finished :entry:init... after 2 ms 
[2026-04-12T15:39:59.686] [DEBUG] debug-file - Executing task ::init
[2026-04-12T15:39:59.687] [DEBUG] debug-file - NativeCase : init cost memory 0.01808929443359375
[2026-04-12T15:39:59.687] [DEBUG] debug-file - runTaskFromQueue task cost before running: 211 ms 
[2026-04-12T15:39:59.687] [INFO] debug-file - Finished ::init... after 1 ms 
[2026-04-12T15:39:59.700] [DEBUG] debug-file - Obtain build option for module 'entry' target 'default'in this build.
[2026-04-12T15:39:59.706] [DEBUG] debug-file - hvigor build process will be closed.
[2026-04-12T15:39:59.721] [DEBUG] debug-file - session manager: send message to worker process.
[2026-04-12T15:39:59.723] [DEBUG] debug-file - session manager: send message to worker process.
[2026-04-12T15:39:59.722] [DEBUG] debug-file - watch worker: worker id should be larger than 0. Nothing will be sent to any worker thread.
[2026-04-12T15:39:59.723] [DEBUG] debug-file - watch worker: worker id should be larger than 0. Nothing will be sent to any worker thread.
[2026-04-12T15:40:00.434] [DEBUG] debug-file - session manager: set active socket. socketId=cdwip892nn4dJBokAAAH
[2026-04-12T15:40:00.444] [DEBUG] debug-file - watch worker: worker id should be larger than 0. Nothing will be sent to any worker thread.
[2026-04-12T15:40:00.454] [DEBUG] debug-file - Workers' log level updated to INFO
[2026-04-12T15:40:00.461] [DEBUG] debug-file - Hvigor init with startParameters:{
  hvigorfileTypeCheck: false,
  parallelExecution: true,
  incrementalExecution: true,
  printStackTrace: false,
  daemon: true,
  analyze: 0,
  logLevel: Level { level: 20000, levelStr: 'INFO', colour: 'green' },
  optimizationStrategy: 'memory',
  hotCompile: undefined,
  hotReloadBuild: undefined,
  customizedParam: undefined
}
[2026-04-12T15:40:00.467] [DEBUG] debug-file - Cache service initialization finished in 6 ms 
[2026-04-12T15:40:00.469] [DEBUG] debug-file - hvigorfile, resolving C:\Users\20732\Desktop\NativeCase\hvigorfile.ts
[2026-04-12T15:40:00.474] [DEBUG] debug-file - hvigorfile, require result:  { default: { plugins: [] } }
[2026-04-12T15:40:00.475] [DEBUG] debug-file - hvigorfile, binding system plugins null
[2026-04-12T15:40:00.475] [DEBUG] debug-file - Starting plugin build process
[2026-04-12T15:40:00.476] [DEBUG] debug-file - App plugin prepare start...
[2026-04-12T15:40:00.476] [DEBUG] debug-file - App plugin prepare end...
[2026-04-12T15:40:00.476] [DEBUG] debug-file - App plugin creating...
[2026-04-12T15:40:00.486] [DEBUG] debug-file - App plugin register hook start...
[2026-04-12T15:40:00.486] [DEBUG] debug-file - App plugin register hook end...
[2026-04-12T15:40:00.486] [DEBUG] debug-file - Plugin build process completed
[2026-04-12T15:40:00.487] [DEBUG] debug-file - Start initialize project's product build option map with build mode debug.
[2026-04-12T15:40:00.487] [DEBUG] debug-file - Picking option from product 'default' with build mode 'debug'.
[2026-04-12T15:40:00.487] [DEBUG] debug-file - Product 'default' build option initialized
[2026-04-12T15:40:00.487] [DEBUG] debug-file - End initialize project's product build option map with build mode 'debug'.
[2026-04-12T15:40:00.488] [DEBUG] debug-file - Obtain build option for product 'default'in this build.
[2026-04-12T15:40:00.489] [DEBUG] debug-file - C:\Users\20732\Desktop\NativeCase\build\cache\default\remote_hsp\remoteHspCache.json not exists.
[2026-04-12T15:40:00.494] [DEBUG] debug-file - Start recording SDK configuration permission data.
[2026-04-12T15:40:00.531] [DEBUG] debug-file - Sdk init in 42 ms 
[2026-04-12T15:40:00.539] [DEBUG] debug-file - Project task initialization takes 7 ms 
[2026-04-12T15:40:00.539] [DEBUG] debug-file - hvigorfile, binding custom plugins []
[2026-04-12T15:40:00.539] [DEBUG] debug-file - hvigorfile, no custom plugins were found in C:\Users\20732\Desktop\NativeCase\hvigorfile.ts
[2026-04-12T15:40:00.539] [DEBUG] debug-file - hvigorfile, resolve finished C:\Users\20732\Desktop\NativeCase\hvigorfile.ts
[2026-04-12T15:40:00.540] [DEBUG] debug-file - hvigorfile, resolving C:\Users\20732\Desktop\NativeCase\entry\hvigorfile.ts
[2026-04-12T15:40:00.546] [DEBUG] debug-file - hvigorfile, require result:  { default: { plugins: [] } }
[2026-04-12T15:40:00.546] [DEBUG] debug-file - hvigorfile, binding system plugins null
[2026-04-12T15:40:00.547] [DEBUG] debug-file - Starting plugin build process
[2026-04-12T15:40:00.547] [DEBUG] debug-file - Hap plugin creating...
[2026-04-12T15:40:00.551] [DEBUG] debug-file - failed to load cangjie to dynamically generate schemas: Error: Cannot find module '@ohos/cangjie-build-support/index'
Require stack:
- D:\Program Files\Huawei\DevEco Studio\tools\hvigor\hvigor-ohos-plugin\src\plugin\hooks\cangjie-register.js
- D:\Program Files\Huawei\DevEco Studio\tools\hvigor\hvigor-ohos-plugin\src\plugin\strategy\stage-init-strategy.js
- D:\Program Files\Huawei\DevEco Studio\tools\hvigor\hvigor-ohos-plugin\src\plugin\builder\abstract-plugin-builder.js
- D:\Program Files\Huawei\DevEco Studio\tools\hvigor\hvigor-ohos-plugin\src\plugin\builder\app-plugin-builder.js
- D:\Program Files\Huawei\DevEco Studio\tools\hvigor\hvigor-ohos-plugin\src\plugin\factory\plugin-factory.js
- D:\Program Files\Huawei\DevEco Studio\tools\hvigor\hvigor-ohos-plugin\index.js
- C:\Users\20732\Desktop\NativeCase\hvigorfile.ts
- D:\Program Files\Huawei\DevEco Studio\tools\hvigor\hvigor\src\base\internal\lifecycle\configuration.js
- D:\Program Files\Huawei\DevEco Studio\tools\hvigor\hvigor\src\base\boot\index.js
- D:\Program Files\Huawei\DevEco Studio\tools\hvigor\hvigor\src\base\daemon\cluster\worker-process-lifecycle.js
- D:\Program Files\Huawei\DevEco Studio\tools\hvigor\hvigor\src\base\daemon\process\daemon-process-boot-script.js
[2026-04-12T15:40:00.556] [DEBUG] debug-file - Start initialize module-target build option map, moduleName=entry, buildMode=debug
[2026-04-12T15:40:00.557] [DEBUG] debug-file - Target 'default' config initialized
[2026-04-12T15:40:00.557] [DEBUG] debug-file - Module 'entry' target 'default' build option initialized
[2026-04-12T15:40:00.558] [DEBUG] debug-file - End initialize module-target build option map, moduleName=entry
[2026-04-12T15:40:00.558] [DEBUG] debug-file - Start initialize module-target build option map, moduleName=entry, buildMode=release
[2026-04-12T15:40:00.558] [DEBUG] debug-file - Target 'default' config initialized
[2026-04-12T15:40:00.559] [DEBUG] debug-file - Module 'entry' target 'default' build option initialized
[2026-04-12T15:40:00.560] [DEBUG] debug-file - End initialize module-target build option map, moduleName=entry
[2026-04-12T15:40:00.560] [DEBUG] debug-file - Start initialize module-target build option map, moduleName=entry, buildMode=debug
[2026-04-12T15:40:00.560] [DEBUG] debug-file - Target 'default' config initialized
[2026-04-12T15:40:00.560] [DEBUG] debug-file - Module 'entry' target 'default' build option initialized
[2026-04-12T15:40:00.561] [DEBUG] debug-file - End initialize module-target build option map, moduleName=entry
[2026-04-12T15:40:00.561] [DEBUG] debug-file - Obtain build option for module 'entry' target 'default'in this build.
[2026-04-12T15:40:00.564] [DEBUG] debug-file - Module entry task initialization takes 1 ms 
[2026-04-12T15:40:00.564] [DEBUG] debug-file - Hap plugin register hook start...
[2026-04-12T15:40:00.564] [DEBUG] debug-file - Hap plugin register hook end...
[2026-04-12T15:40:00.564] [DEBUG] debug-file - Plugin build process completed
[2026-04-12T15:40:00.564] [DEBUG] debug-file - hvigorfile, binding custom plugins []
[2026-04-12T15:40:00.564] [DEBUG] debug-file - hvigorfile, no custom plugins were found in C:\Users\20732\Desktop\NativeCase\entry\hvigorfile.ts
[2026-04-12T15:40:00.564] [DEBUG] debug-file - hvigorfile, resolve finished C:\Users\20732\Desktop\NativeCase\entry\hvigorfile.ts
[2026-04-12T15:40:00.598] [DEBUG] debug-file - hvigorfile, resolve hvigorfile dependencies in 34 ms 
[2026-04-12T15:40:00.598] [DEBUG] debug-file - project has submodules:entry
[2026-04-12T15:40:00.600] [DEBUG] debug-file - start to load updatedOhPackageInfo to the disk
[2026-04-12T15:40:00.621] [DEBUG] debug-file - load to the disk finished
[2026-04-12T15:40:00.622] [DEBUG] debug-file - Start to initialize dependency information.
[2026-04-12T15:40:00.624] [DEBUG] debug-file - Module NativeCase Collected Dependency: 
[2026-04-12T15:40:00.624] [DEBUG] debug-file - Module NativeCase's total dependency: 0
[2026-04-12T15:40:00.624] [DEBUG] debug-file - Start to initialize dependency information.
[2026-04-12T15:40:00.630] [DEBUG] debug-file - Module entry Collected Dependency: C:\Users\20732\Desktop\NativeCase\entry\src\main\cpp\types\libentry
[2026-04-12T15:40:00.630] [DEBUG] debug-file - Module entry's total dependency: 1
[2026-04-12T15:40:00.633] [DEBUG] debug-file - Configuration phase cost:165 ms 
[2026-04-12T15:40:00.634] [DEBUG] debug-file - Configuration task cost before running: 180 ms 
[2026-04-12T15:40:00.640] [DEBUG] debug-file - Executing task :entry:default@PreBuild
[2026-04-12T15:40:00.641] [DEBUG] debug-file - Task 'entry:default@PreBuild' cost while wrapping incremental declarations: 1 ms 
[2026-04-12T15:40:00.649] [DEBUG] debug-file - entry:default@PreBuild is not up-to-date, since the input file 'C:\Users\20732\Desktop\NativeCase\build-profile.json5' has been changed.
[2026-04-12T15:40:00.649] [DEBUG] debug-file - Incremental task entry:default@PreBuild pre-execution cost: 6 ms .
[2026-04-12T15:40:00.657] [DEBUG] debug-file - current product is not Atomic service.
[2026-04-12T15:40:00.658] [DEBUG] debug-file - Use tool [win32: JAVA_HOME, CLASSPATH]
 [
  { JAVA_HOME: 'D:\\Program Files\\Huawei\\DevEco Studio\\jbr' },
  { CLASSPATH: undefined }
]
[2026-04-12T15:40:00.658] [DEBUG] debug-file - Use tool [win32: NODE_HOME]
 [
  {
    NODE_HOME: 'D:\\Program Files\\Huawei\\DevEco Studio\\tools\\node'
  }
]
[2026-04-12T15:40:00.658] [DEBUG] debug-file - entry : default@PreBuild cost memory 0.5391616821289062
[2026-04-12T15:40:00.658] [DEBUG] debug-file - runTaskFromQueue task cost before running: 204 ms 
[2026-04-12T15:40:00.662] [INFO] debug-file - Finished :entry:default@PreBuild... after 19 ms 
[2026-04-12T15:40:00.664] [DEBUG] debug-file - Executing task :entry:default@ConfigureCmake
[2026-04-12T15:40:00.666] [DEBUG] debug-file - entry : default@ConfigureCmake cost memory 0.0355682373046875
[2026-04-12T15:40:00.666] [DEBUG] debug-file - runTaskFromQueue task cost before running: 211 ms 
[2026-04-12T15:40:00.666] [INFO] debug-file - Finished :entry:default@ConfigureCmake... after 2 ms 
[2026-04-12T15:40:00.667] [DEBUG] debug-file - Executing task :entry:default@BuildNativeWithCmake
[2026-04-12T15:40:00.669] [DEBUG] debug-file - Use tool [Cmake]
 [
  'D:\\Program Files\\Huawei\\DevEco Studio\\sdk\\default\\openharmony\\native\\build-tools\\cmake\\bin\\cmake.exe',
  '-HC:\\Users\\20732\\Desktop\\NativeCase\\entry\\src\\main\\cpp',
  '-BC:\\Users\\20732\\Desktop\\NativeCase\\entry\\.cxx\\default\\default\\debug\\arm64-v8a',
  '-DOHOS_ARCH=arm64-v8a',
  '-DCMAKE_LIBRARY_OUTPUT_DIRECTORY=C:\\Users\\20732\\Desktop\\NativeCase\\entry\\build\\default\\intermediates\\cmake\\default\\obj\\arm64-v8a',
  '-DCMAKE_BUILD_TYPE=Debug',
  '-DOHOS_SDK_NATIVE=D:\\Program Files\\Huawei\\DevEco Studio\\sdk\\default\\openharmony\\native',
  '-DCMAKE_SYSTEM_NAME=OHOS',
  '-DCMAKE_OHOS_ARCH_ABI=arm64-v8a',
  '-DCMAKE_EXPORT_COMPILE_COMMANDS=ON',
  '-DCMAKE_TOOLCHAIN_FILE=D:\\Program Files\\Huawei\\DevEco Studio\\sdk\\default\\hms\\native\\build\\cmake\\hmos.toolchain.cmake',
  '-GNinja',
  '-DCMAKE_MAKE_PROGRAM=D:\\Program Files\\Huawei\\DevEco Studio\\sdk\\default\\openharmony\\native\\build-tools\\cmake\\bin\\ninja.exe',
  '-DCMAKE_FIND_ROOT_PATH=C:\\Users\\20732\\Desktop\\NativeCase\\entry\\.cxx\\default\\default\\debug\\hvigor\\arm64-v8a',
  '-DPACKAGE_FIND_FILE=C:\\Users\\20732\\Desktop\\NativeCase\\entry\\.cxx\\default\\default\\debug\\hvigor\\arm64-v8a\\summary.cmake',
  '--no-warn-unused-cli',
  '-DHMOS_SDK_NATIVE=D:\\Program Files\\Huawei\\DevEco Studio\\sdk\\default\\hms\\native'
]
[2026-04-12T15:40:00.690] [DEBUG] debug-file - CMake configuration was up-to-date
[2026-04-12T15:40:00.696] [DEBUG] debug-file - Use tool [Cmake]
 [
  'D:\\Program Files\\Huawei\\DevEco Studio\\sdk\\default\\openharmony\\native\\build-tools\\cmake\\bin\\cmake.exe',
  '-HC:\\Users\\20732\\Desktop\\NativeCase\\entry\\src\\main\\cpp',
  '-BC:\\Users\\20732\\Desktop\\NativeCase\\entry\\.cxx\\default\\default\\debug\\x86_64',
  '-DOHOS_ARCH=x86_64',
  '-DCMAKE_LIBRARY_OUTPUT_DIRECTORY=C:\\Users\\20732\\Desktop\\NativeCase\\entry\\build\\default\\intermediates\\cmake\\default\\obj\\x86_64',
  '-DCMAKE_BUILD_TYPE=Debug',
  '-DOHOS_SDK_NATIVE=D:\\Program Files\\Huawei\\DevEco Studio\\sdk\\default\\openharmony\\native',
  '-DCMAKE_SYSTEM_NAME=OHOS',
  '-DCMAKE_OHOS_ARCH_ABI=x86_64',
  '-DCMAKE_EXPORT_COMPILE_COMMANDS=ON',
  '-DCMAKE_TOOLCHAIN_FILE=D:\\Program Files\\Huawei\\DevEco Studio\\sdk\\default\\hms\\native\\build\\cmake\\hmos.toolchain.cmake',
  '-GNinja',
  '-DCMAKE_MAKE_PROGRAM=D:\\Program Files\\Huawei\\DevEco Studio\\sdk\\default\\openharmony\\native\\build-tools\\cmake\\bin\\ninja.exe',
  '-DCMAKE_FIND_ROOT_PATH=C:\\Users\\20732\\Desktop\\NativeCase\\entry\\.cxx\\default\\default\\debug\\hvigor\\x86_64',
  '-DPACKAGE_FIND_FILE=C:\\Users\\20732\\Desktop\\NativeCase\\entry\\.cxx\\default\\default\\debug\\hvigor\\x86_64\\summary.cmake',
  '--no-warn-unused-cli',
  '-DHMOS_SDK_NATIVE=D:\\Program Files\\Huawei\\DevEco Studio\\sdk\\default\\hms\\native'
]
[2026-04-12T15:40:00.716] [DEBUG] debug-file - CMake configuration was up-to-date
[2026-04-12T15:40:00.722] [DEBUG] debug-file - entry : default@BuildNativeWithCmake cost memory 0.9981307983398438
[2026-04-12T15:40:00.722] [DEBUG] debug-file - runTaskFromQueue task cost before running: 268 ms 
[2026-04-12T15:40:00.722] [INFO] debug-file - Finished :entry:default@BuildNativeWithCmake... after 55 ms 
[2026-04-12T15:40:00.723] [DEBUG] debug-file - Executing task :entry:compileNative
[2026-04-12T15:40:00.723] [DEBUG] debug-file - entry : compileNative cost memory 0.0142059326171875
[2026-04-12T15:40:00.723] [DEBUG] debug-file - runTaskFromQueue task cost before running: 269 ms 
[2026-04-12T15:40:00.723] [INFO] debug-file - Finished :entry:compileNative... after 1 ms 
[2026-04-12T15:40:00.732] [INFO] debug-file - BUILD SUCCESSFUL in 277 ms 
[2026-04-12T15:40:00.735] [DEBUG] debug-file - Update task entry:default@PreBuild input file:C:\Users\20732\Desktop\NativeCase\AppScope\app.json5 cache by regenerate.
[2026-04-12T15:40:00.735] [DEBUG] debug-file - Update task entry:default@PreBuild input file:C:\Users\20732\Desktop\NativeCase\entry\src\main\module.json5 cache by regenerate.
[2026-04-12T15:40:00.736] [DEBUG] debug-file - Update task entry:default@PreBuild input file:C:\Users\20732\Desktop\NativeCase\build-profile.json5 cache from map.
[2026-04-12T15:40:00.736] [DEBUG] debug-file - Update task entry:default@PreBuild input file:C:\Users\20732\Desktop\NativeCase\entry\build-profile.json5 cache by regenerate.
[2026-04-12T15:40:00.737] [DEBUG] debug-file - Update task entry:default@PreBuild input file:C:\Users\20732\Desktop\NativeCase\entry\src\main\resources\base\profile\main_pages.json cache by regenerate.
[2026-04-12T15:40:00.737] [DEBUG] debug-file - Update task entry:default@PreBuild input file:C:\Users\20732\Desktop\NativeCase\hvigor\hvigor-config.json5 cache by regenerate.
[2026-04-12T15:40:00.738] [DEBUG] debug-file - Update task entry:default@PreBuild input file:C:\Users\20732\Desktop\NativeCase\entry\oh-package.json5 cache by regenerate.
[2026-04-12T15:40:00.739] [DEBUG] debug-file - Update task entry:default@PreBuild input file:C:\Users\20732\Desktop\NativeCase\oh-package.json5 cache by regenerate.
[2026-04-12T15:40:00.740] [DEBUG] debug-file - Incremental task entry:default@PreBuild post-execution cost:8 ms .
[2026-04-12T15:40:00.788] [DEBUG] debug-file - hvigor build process will be closed.
[2026-04-12T15:40:00.797] [DEBUG] debug-file - session manager: send message to worker process.
[2026-04-12T15:40:00.798] [DEBUG] debug-file - session manager: send message to worker process.
[2026-04-12T15:40:00.797] [DEBUG] debug-file - watch worker: worker id should be larger than 0. Nothing will be sent to any worker thread.
[2026-04-12T15:40:00.798] [DEBUG] debug-file - watch worker: worker id should be larger than 0. Nothing will be sent to any worker thread.
[2026-04-12T15:40:06.844] [DEBUG] debug-file - session manager: set active socket. socketId=TP4dGKQgLdk6sZVmAAAJ
[2026-04-12T15:40:06.856] [DEBUG] debug-file - watch worker: worker id should be larger than 0. Nothing will be sent to any worker thread.
[2026-04-12T15:40:06.864] [DEBUG] debug-file - Workers' log level updated to INFO
[2026-04-12T15:40:06.873] [DEBUG] debug-file - Hvigor init with startParameters:{
  hvigorfileTypeCheck: false,
  parallelExecution: true,
  incrementalExecution: true,
  printStackTrace: false,
  daemon: true,
  analyze: 0,
  logLevel: Level { level: 20000, levelStr: 'INFO', colour: 'green' },
  optimizationStrategy: 'memory',
  hotCompile: undefined,
  hotReloadBuild: undefined,
  customizedParam: undefined
}
[2026-04-12T15:40:06.879] [DEBUG] debug-file - Cache service initialization finished in 7 ms 
[2026-04-12T15:40:06.881] [DEBUG] debug-file - hvigorfile, resolving C:\Users\20732\Desktop\NativeCase\hvigorfile.ts
[2026-04-12T15:40:06.892] [DEBUG] debug-file - hvigorfile, require result:  { default: { plugins: [] } }
[2026-04-12T15:40:06.892] [DEBUG] debug-file - hvigorfile, binding system plugins null
[2026-04-12T15:40:06.893] [DEBUG] debug-file - Starting plugin build process
[2026-04-12T15:40:06.893] [DEBUG] debug-file - App plugin prepare start...
[2026-04-12T15:40:06.893] [DEBUG] debug-file - App plugin prepare end...
[2026-04-12T15:40:06.893] [DEBUG] debug-file - App plugin creating...
[2026-04-12T15:40:06.901] [DEBUG] debug-file - App plugin register hook start...
[2026-04-12T15:40:06.901] [DEBUG] debug-file - App plugin register hook end...
[2026-04-12T15:40:06.901] [DEBUG] debug-file - Plugin build process completed
[2026-04-12T15:40:06.901] [DEBUG] debug-file - Start initialize project's product build option map with build mode debug.
[2026-04-12T15:40:06.901] [DEBUG] debug-file - Picking option from product 'default' with build mode 'debug'.
[2026-04-12T15:40:06.902] [DEBUG] debug-file - Product 'default' build option initialized
[2026-04-12T15:40:06.902] [DEBUG] debug-file - End initialize project's product build option map with build mode 'debug'.
[2026-04-12T15:40:06.903] [DEBUG] debug-file - Obtain build option for product 'default'in this build.
[2026-04-12T15:40:06.904] [DEBUG] debug-file - C:\Users\20732\Desktop\NativeCase\build\cache\default\remote_hsp\remoteHspCache.json not exists.
[2026-04-12T15:40:06.908] [DEBUG] debug-file - Start recording SDK configuration permission data.
[2026-04-12T15:40:06.939] [DEBUG] debug-file - Sdk init in 35 ms 
[2026-04-12T15:40:06.945] [DEBUG] debug-file - Project task initialization takes 5 ms 
[2026-04-12T15:40:06.945] [DEBUG] debug-file - hvigorfile, binding custom plugins []
[2026-04-12T15:40:06.945] [DEBUG] debug-file - hvigorfile, no custom plugins were found in C:\Users\20732\Desktop\NativeCase\hvigorfile.ts
[2026-04-12T15:40:06.945] [DEBUG] debug-file - hvigorfile, resolve finished C:\Users\20732\Desktop\NativeCase\hvigorfile.ts
[2026-04-12T15:40:06.946] [DEBUG] debug-file - hvigorfile, resolving C:\Users\20732\Desktop\NativeCase\entry\hvigorfile.ts
[2026-04-12T15:40:06.952] [DEBUG] debug-file - hvigorfile, require result:  { default: { plugins: [] } }
[2026-04-12T15:40:06.953] [DEBUG] debug-file - hvigorfile, binding system plugins null
[2026-04-12T15:40:06.953] [DEBUG] debug-file - Starting plugin build process
[2026-04-12T15:40:06.953] [DEBUG] debug-file - Hap plugin creating...
[2026-04-12T15:40:06.957] [DEBUG] debug-file - failed to load cangjie to dynamically generate schemas: Error: Cannot find module '@ohos/cangjie-build-support/index'
Require stack:
- D:\Program Files\Huawei\DevEco Studio\tools\hvigor\hvigor-ohos-plugin\src\plugin\hooks\cangjie-register.js
- D:\Program Files\Huawei\DevEco Studio\tools\hvigor\hvigor-ohos-plugin\src\plugin\strategy\stage-init-strategy.js
- D:\Program Files\Huawei\DevEco Studio\tools\hvigor\hvigor-ohos-plugin\src\plugin\builder\abstract-plugin-builder.js
- D:\Program Files\Huawei\DevEco Studio\tools\hvigor\hvigor-ohos-plugin\src\plugin\builder\app-plugin-builder.js
- D:\Program Files\Huawei\DevEco Studio\tools\hvigor\hvigor-ohos-plugin\src\plugin\factory\plugin-factory.js
- D:\Program Files\Huawei\DevEco Studio\tools\hvigor\hvigor-ohos-plugin\index.js
- C:\Users\20732\Desktop\NativeCase\hvigorfile.ts
- D:\Program Files\Huawei\DevEco Studio\tools\hvigor\hvigor\src\base\internal\lifecycle\configuration.js
- D:\Program Files\Huawei\DevEco Studio\tools\hvigor\hvigor\src\base\boot\index.js
- D:\Program Files\Huawei\DevEco Studio\tools\hvigor\hvigor\src\base\daemon\cluster\worker-process-lifecycle.js
- D:\Program Files\Huawei\DevEco Studio\tools\hvigor\hvigor\src\base\daemon\process\daemon-process-boot-script.js
[2026-04-12T15:40:06.961] [DEBUG] debug-file - Start initialize module-target build option map, moduleName=entry, buildMode=debug
[2026-04-12T15:40:06.961] [DEBUG] debug-file - Target 'default' config initialized
[2026-04-12T15:40:06.962] [DEBUG] debug-file - Module 'entry' target 'default' build option initialized
[2026-04-12T15:40:06.962] [DEBUG] debug-file - End initialize module-target build option map, moduleName=entry
[2026-04-12T15:40:06.962] [DEBUG] debug-file - Start initialize module-target build option map, moduleName=entry, buildMode=release
[2026-04-12T15:40:06.962] [DEBUG] debug-file - Target 'default' config initialized
[2026-04-12T15:40:06.963] [DEBUG] debug-file - Module 'entry' target 'default' build option initialized
[2026-04-12T15:40:06.963] [DEBUG] debug-file - End initialize module-target build option map, moduleName=entry
[2026-04-12T15:40:06.963] [DEBUG] debug-file - Start initialize module-target build option map, moduleName=entry, buildMode=debug
[2026-04-12T15:40:06.963] [DEBUG] debug-file - Target 'default' config initialized
[2026-04-12T15:40:06.963] [DEBUG] debug-file - Module 'entry' target 'default' build option initialized
[2026-04-12T15:40:06.964] [DEBUG] debug-file - End initialize module-target build option map, moduleName=entry
[2026-04-12T15:40:06.964] [DEBUG] debug-file - Obtain build option for module 'entry' target 'default'in this build.
[2026-04-12T15:40:06.966] [DEBUG] debug-file - Module entry task initialization takes 1 ms 
[2026-04-12T15:40:06.966] [DEBUG] debug-file - Hap plugin register hook start...
[2026-04-12T15:40:06.966] [DEBUG] debug-file - Hap plugin register hook end...
[2026-04-12T15:40:06.966] [DEBUG] debug-file - Plugin build process completed
[2026-04-12T15:40:06.967] [DEBUG] debug-file - hvigorfile, binding custom plugins []
[2026-04-12T15:40:06.967] [DEBUG] debug-file - hvigorfile, no custom plugins were found in C:\Users\20732\Desktop\NativeCase\entry\hvigorfile.ts
[2026-04-12T15:40:06.967] [DEBUG] debug-file - hvigorfile, resolve finished C:\Users\20732\Desktop\NativeCase\entry\hvigorfile.ts
[2026-04-12T15:40:07.014] [DEBUG] debug-file - hvigorfile, resolve hvigorfile dependencies in 46 ms 
[2026-04-12T15:40:07.014] [DEBUG] debug-file - project has submodules:entry
[2026-04-12T15:40:07.017] [DEBUG] debug-file - start to load updatedOhPackageInfo to the disk
[2026-04-12T15:40:07.028] [DEBUG] debug-file - load to the disk finished
[2026-04-12T15:40:07.031] [DEBUG] debug-file - Start to initialize dependency information.
[2026-04-12T15:40:07.034] [DEBUG] debug-file - Module NativeCase Collected Dependency: 
[2026-04-12T15:40:07.034] [DEBUG] debug-file - Module NativeCase's total dependency: 0
[2026-04-12T15:40:07.035] [DEBUG] debug-file - Start to initialize dependency information.
[2026-04-12T15:40:07.051] [DEBUG] debug-file - Module entry Collected Dependency: C:\Users\20732\Desktop\NativeCase\entry\src\main\cpp\types\libentry
[2026-04-12T15:40:07.051] [DEBUG] debug-file - Module entry's total dependency: 1
[2026-04-12T15:40:07.055] [DEBUG] debug-file - Configuration phase cost:176 ms 
[2026-04-12T15:40:07.056] [DEBUG] debug-file - Configuration task cost before running: 191 ms 
[2026-04-12T15:40:07.063] [DEBUG] debug-file - Executing task :entry:default@PreBuild
[2026-04-12T15:40:07.064] [DEBUG] debug-file - Task 'entry:default@PreBuild' cost while wrapping incremental declarations: 1 ms 
[2026-04-12T15:40:07.079] [DEBUG] debug-file - entry:default@PreBuild is not up-to-date, since the task snapshots are different.
[2026-04-12T15:40:07.079] [DEBUG] debug-file - Incremental task entry:default@PreBuild pre-execution cost: 11 ms .
[2026-04-12T15:40:07.091] [DEBUG] debug-file - current product is not Atomic service.
[2026-04-12T15:40:07.091] [DEBUG] debug-file - Use tool [win32: JAVA_HOME, CLASSPATH]
 [
  { JAVA_HOME: 'D:\\Program Files\\Huawei\\DevEco Studio\\jbr' },
  { CLASSPATH: undefined }
]
[2026-04-12T15:40:07.091] [DEBUG] debug-file - Use tool [win32: NODE_HOME]
 [
  {
    NODE_HOME: 'D:\\Program Files\\Huawei\\DevEco Studio\\tools\\node'
  }
]
[2026-04-12T15:40:07.092] [DEBUG] debug-file - entry : default@PreBuild cost memory 0.5970458984375
[2026-04-12T15:40:07.092] [DEBUG] debug-file - runTaskFromQueue task cost before running: 227 ms 
[2026-04-12T15:40:07.097] [INFO] debug-file - Finished :entry:default@PreBuild... after 29 ms 
[2026-04-12T15:40:07.099] [DEBUG] debug-file - Executing task :entry:default@CreateModuleInfo
[2026-04-12T15:40:07.100] [DEBUG] debug-file - Task 'entry:default@CreateModuleInfo' cost while wrapping incremental declarations: 1 ms 
[2026-04-12T15:40:07.100] [DEBUG] debug-file - entry : default@CreateModuleInfo cost memory 0.0472412109375
[2026-04-12T15:40:07.100] [DEBUG] debug-file - runTaskFromQueue task cost before running: 236 ms 
[2026-04-12T15:40:07.101] [INFO] debug-file - Finished :entry:default@CreateModuleInfo... after 2 ms 
[2026-04-12T15:40:07.109] [DEBUG] debug-file - Executing task :entry:default@GenerateMetadata
[2026-04-12T15:40:07.110] [DEBUG] debug-file - Task 'entry:default@GenerateMetadata' cost while wrapping incremental declarations: 1 ms 
[2026-04-12T15:40:07.112] [DEBUG] debug-file - entry:default@GenerateMetadata is not up-to-date, since the task snapshots are different.
[2026-04-12T15:40:07.112] [DEBUG] debug-file - Incremental task entry:default@GenerateMetadata pre-execution cost: 2 ms .
[2026-04-12T15:40:07.113] [DEBUG] debug-file - entry : default@GenerateMetadata cost memory 0.2353973388671875
[2026-04-12T15:40:07.113] [DEBUG] debug-file - runTaskFromQueue task cost before running: 248 ms 
[2026-04-12T15:40:07.114] [INFO] debug-file - Finished :entry:default@GenerateMetadata... after 5 ms 
[2026-04-12T15:40:07.115] [DEBUG] debug-file - Executing task :entry:default@ConfigureCmake
[2026-04-12T15:40:07.118] [DEBUG] debug-file - entry : default@ConfigureCmake cost memory -1.24560546875
[2026-04-12T15:40:07.118] [DEBUG] debug-file - runTaskFromQueue task cost before running: 253 ms 
[2026-04-12T15:40:07.119] [INFO] debug-file - Finished :entry:default@ConfigureCmake... after 4 ms 
[2026-04-12T15:40:07.120] [DEBUG] debug-file - Executing task :entry:default@MergeProfile
[2026-04-12T15:40:07.121] [DEBUG] debug-file - Task 'entry:default@MergeProfile' cost while wrapping incremental declarations: 1 ms 
[2026-04-12T15:40:07.125] [DEBUG] debug-file - entry:default@MergeProfile is not up-to-date, since the task snapshots are different.
[2026-04-12T15:40:07.126] [DEBUG] debug-file - Incremental task entry:default@MergeProfile pre-execution cost: 5 ms .
[2026-04-12T15:40:07.126] [DEBUG] debug-file - Change app api release type with 'Beta1'
[2026-04-12T15:40:07.126] [DEBUG] debug-file - Change app compile API version with '6.0.2.129'
[2026-04-12T15:40:07.127] [DEBUG] debug-file - Change app target API version with '60002022'
[2026-04-12T15:40:07.127] [DEBUG] debug-file - Change app minimum API version with '50005017'
[2026-04-12T15:40:07.127] [DEBUG] debug-file - Use cli appEnvironment
[2026-04-12T15:40:07.133] [DEBUG] debug-file - entry : default@MergeProfile cost memory 0.28902435302734375
[2026-04-12T15:40:07.133] [DEBUG] debug-file - runTaskFromQueue task cost before running: 268 ms 
[2026-04-12T15:40:07.134] [INFO] debug-file - Finished :entry:default@MergeProfile... after 13 ms 
[2026-04-12T15:40:07.136] [DEBUG] debug-file - Executing task :entry:default@CreateBuildProfile
[2026-04-12T15:40:07.138] [DEBUG] debug-file - Task 'entry:default@CreateBuildProfile' cost while wrapping incremental declarations: 1 ms 
[2026-04-12T15:40:07.142] [DEBUG] debug-file - entry:default@CreateBuildProfile is not up-to-date, since the task snapshots are different.
[2026-04-12T15:40:07.142] [DEBUG] debug-file - Incremental task entry:default@CreateBuildProfile pre-execution cost: 5 ms .
[2026-04-12T15:40:07.144] [DEBUG] debug-file - entry : default@CreateBuildProfile cost memory 0.12790679931640625
[2026-04-12T15:40:07.144] [DEBUG] debug-file - runTaskFromQueue task cost before running: 280 ms 
[2026-04-12T15:40:07.145] [INFO] debug-file - Finished :entry:default@CreateBuildProfile... after 9 ms 
[2026-04-12T15:40:07.148] [DEBUG] debug-file - Executing task :entry:default@PreCheckSyscap
[2026-04-12T15:40:07.148] [DEBUG] debug-file - entry : default@PreCheckSyscap cost memory 0.01628875732421875
[2026-04-12T15:40:07.148] [DEBUG] debug-file - runTaskFromQueue task cost before running: 284 ms 
[2026-04-12T15:40:07.149] [INFO] debug-file - Finished :entry:default@PreCheckSyscap... after 1 ms 
[2026-04-12T15:40:07.155] [DEBUG] debug-file - Executing task :entry:default@ProcessIntegratedHsp
[2026-04-12T15:40:07.155] [DEBUG] debug-file - entry:default@ProcessIntegratedHsp is not up-to-date, since the output file 'C:\Users\20732\Desktop\NativeCase\build\cache\default\integrated_hsp\integratedHspCache.json' does not exist.
[2026-04-12T15:40:07.155] [DEBUG] debug-file - Incremental task entry:default@ProcessIntegratedHsp pre-execution cost: 1 ms .
[2026-04-12T15:40:07.155] [DEBUG] debug-file - entry : default@ProcessIntegratedHsp cost memory 0.0632171630859375
[2026-04-12T15:40:07.155] [DEBUG] debug-file - runTaskFromQueue task cost before running: 291 ms 
[2026-04-12T15:40:07.156] [INFO] debug-file - Finished :entry:default@ProcessIntegratedHsp... after 1 ms 
[2026-04-12T15:40:07.157] [DEBUG] debug-file - Executing task :entry:default@BuildNativeWithCmake
[2026-04-12T15:40:07.160] [DEBUG] debug-file - Use tool [Cmake]
 [
  'D:\\Program Files\\Huawei\\DevEco Studio\\sdk\\default\\openharmony\\native\\build-tools\\cmake\\bin\\cmake.exe',
  '-HC:\\Users\\20732\\Desktop\\NativeCase\\entry\\src\\main\\cpp',
  '-BC:\\Users\\20732\\Desktop\\NativeCase\\entry\\.cxx\\default\\default\\debug\\arm64-v8a',
  '-DOHOS_ARCH=arm64-v8a',
  '-DCMAKE_LIBRARY_OUTPUT_DIRECTORY=C:\\Users\\20732\\Desktop\\NativeCase\\entry\\build\\default\\intermediates\\cmake\\default\\obj\\arm64-v8a',
  '-DCMAKE_BUILD_TYPE=Debug',
  '-DOHOS_SDK_NATIVE=D:\\Program Files\\Huawei\\DevEco Studio\\sdk\\default\\openharmony\\native',
  '-DCMAKE_SYSTEM_NAME=OHOS',
  '-DCMAKE_OHOS_ARCH_ABI=arm64-v8a',
  '-DCMAKE_EXPORT_COMPILE_COMMANDS=ON',
  '-DCMAKE_TOOLCHAIN_FILE=D:\\Program Files\\Huawei\\DevEco Studio\\sdk\\default\\hms\\native\\build\\cmake\\hmos.toolchain.cmake',
  '-GNinja',
  '-DCMAKE_MAKE_PROGRAM=D:\\Program Files\\Huawei\\DevEco Studio\\sdk\\default\\openharmony\\native\\build-tools\\cmake\\bin\\ninja.exe',
  '-DCMAKE_FIND_ROOT_PATH=C:\\Users\\20732\\Desktop\\NativeCase\\entry\\.cxx\\default\\default\\debug\\hvigor\\arm64-v8a',
  '-DPACKAGE_FIND_FILE=C:\\Users\\20732\\Desktop\\NativeCase\\entry\\.cxx\\default\\default\\debug\\hvigor\\arm64-v8a\\summary.cmake',
  '--no-warn-unused-cli',
  '-DHMOS_SDK_NATIVE=D:\\Program Files\\Huawei\\DevEco Studio\\sdk\\default\\hms\\native'
]
[2026-04-12T15:40:07.186] [DEBUG] debug-file - CMake configuration was up-to-date
[2026-04-12T15:40:07.194] [DEBUG] debug-file - Use tool [Cmake]
 [
  'D:\\Program Files\\Huawei\\DevEco Studio\\sdk\\default\\openharmony\\native\\build-tools\\cmake\\bin\\cmake.exe',
  '-HC:\\Users\\20732\\Desktop\\NativeCase\\entry\\src\\main\\cpp',
  '-BC:\\Users\\20732\\Desktop\\NativeCase\\entry\\.cxx\\default\\default\\debug\\x86_64',
  '-DOHOS_ARCH=x86_64',
  '-DCMAKE_LIBRARY_OUTPUT_DIRECTORY=C:\\Users\\20732\\Desktop\\NativeCase\\entry\\build\\default\\intermediates\\cmake\\default\\obj\\x86_64',
  '-DCMAKE_BUILD_TYPE=Debug',
  '-DOHOS_SDK_NATIVE=D:\\Program Files\\Huawei\\DevEco Studio\\sdk\\default\\openharmony\\native',
  '-DCMAKE_SYSTEM_NAME=OHOS',
  '-DCMAKE_OHOS_ARCH_ABI=x86_64',
  '-DCMAKE_EXPORT_COMPILE_COMMANDS=ON',
  '-DCMAKE_TOOLCHAIN_FILE=D:\\Program Files\\Huawei\\DevEco Studio\\sdk\\default\\hms\\native\\build\\cmake\\hmos.toolchain.cmake',
  '-GNinja',
  '-DCMAKE_MAKE_PROGRAM=D:\\Program Files\\Huawei\\DevEco Studio\\sdk\\default\\openharmony\\native\\build-tools\\cmake\\bin\\ninja.exe',
  '-DCMAKE_FIND_ROOT_PATH=C:\\Users\\20732\\Desktop\\NativeCase\\entry\\.cxx\\default\\default\\debug\\hvigor\\x86_64',
  '-DPACKAGE_FIND_FILE=C:\\Users\\20732\\Desktop\\NativeCase\\entry\\.cxx\\default\\default\\debug\\hvigor\\x86_64\\summary.cmake',
  '--no-warn-unused-cli',
  '-DHMOS_SDK_NATIVE=D:\\Program Files\\Huawei\\DevEco Studio\\sdk\\default\\hms\\native'
]
[2026-04-12T15:40:07.218] [DEBUG] debug-file - CMake configuration was up-to-date
[2026-04-12T15:40:07.226] [DEBUG] debug-file - entry : default@BuildNativeWithCmake cost memory -9.519500732421875
[2026-04-12T15:40:07.226] [DEBUG] debug-file - runTaskFromQueue task cost before running: 361 ms 
[2026-04-12T15:40:07.227] [INFO] debug-file - Finished :entry:default@BuildNativeWithCmake... after 70 ms 
[2026-04-12T15:40:07.229] [DEBUG] debug-file - Executing task :entry:default@MakePackInfo
[2026-04-12T15:40:07.236] [DEBUG] debug-file - entry:default@MakePackInfo is not up-to-date, since the task snapshots are different.
[2026-04-12T15:40:07.236] [DEBUG] debug-file - Incremental task entry:default@MakePackInfo pre-execution cost: 6 ms .
[2026-04-12T15:40:07.237] [DEBUG] debug-file - Module Pack Info:  {
  summary: {
    app: { bundleName: 'c***e', bundleType: 'app', version: [Object] },
    modules: [ [Object] ]
  },
  packages: [
    {
      deviceType: [Array],
      moduleType: 'entry',
      deliveryWithInstall: true,
      name: 'entry-default'
    }
  ]
}
[2026-04-12T15:40:07.239] [DEBUG] debug-file - entry : default@MakePackInfo cost memory 0.23281097412109375
[2026-04-12T15:40:07.239] [DEBUG] debug-file - runTaskFromQueue task cost before running: 374 ms 
[2026-04-12T15:40:07.240] [INFO] debug-file - Finished :entry:default@MakePackInfo... after 10 ms 
[2026-04-12T15:40:07.243] [DEBUG] debug-file - Executing task :entry:default@SyscapTransform
[2026-04-12T15:40:07.243] [DEBUG] debug-file - File: 'C:\Users\20732\Desktop\NativeCase\entry\src\main\syscap.json' from 'sysCapJsonPath' is not exists, just ignore.
[2026-04-12T15:40:07.245] [DEBUG] debug-file - Task 'entry:default@SyscapTransform' cost while wrapping incremental declarations: 2 ms 
[2026-04-12T15:40:07.250] [DEBUG] debug-file - entry:default@SyscapTransform is not up-to-date, since the output file 'C:\Users\20732\Desktop\NativeCase\entry\build\default\intermediates\syscap\default\rpcid.sc' does not exist.
[2026-04-12T15:40:07.250] [DEBUG] debug-file - Incremental task entry:default@SyscapTransform pre-execution cost: 6 ms .
[2026-04-12T15:40:07.250] [DEBUG] debug-file - entry : default@SyscapTransform cost memory 0.15740203857421875
[2026-04-12T15:40:07.250] [DEBUG] debug-file - runTaskFromQueue task cost before running: 385 ms 
[2026-04-12T15:40:07.251] [INFO] debug-file - Finished :entry:default@SyscapTransform... after 8 ms 
[2026-04-12T15:40:07.253] [DEBUG] debug-file - Executing task :entry:default@BuildNativeWithNinja
[2026-04-12T15:40:07.255] [DEBUG] debug-file - Use tool [Ninja]
 [
  'D:\\Program Files\\Huawei\\DevEco Studio\\sdk\\default\\openharmony\\native\\build-tools\\cmake\\bin\\ninja.exe',
  '-C',
  'C:\\Users\\20732\\Desktop\\NativeCase\\entry\\.cxx\\default\\default\\debug\\arm64-v8a'
]
[2026-04-12T15:40:07.256] [DEBUG] debug-file - default@BuildNativeWithNinja work[8] is submitted.
[2026-04-12T15:40:07.256] [DEBUG] debug-file - default@BuildNativeWithNinja work[8] is pushed to ready queue.
[2026-04-12T15:40:07.256] [DEBUG] debug-file - A work dispatched to worker[7] failed because unable to get work from ready queue.
[2026-04-12T15:40:07.257] [DEBUG] debug-file - default@BuildNativeWithNinja work[8] has been dispatched to worker[6].
[2026-04-12T15:40:07.257] [DEBUG] debug-file - default@BuildNativeWithNinja work[8] is dispatched.
[2026-04-12T15:40:07.272] [DEBUG] debug-file - OHOS_STL is c++_shared
[2026-04-12T15:40:07.273] [DEBUG] debug-file - Copy STL libc++_shared.so to C:\Users\20732\Desktop\NativeCase\entry\build\default\intermediates\cmake\default\obj\arm64-v8a due to OHOS_STL is 'c++_shared'
[2026-04-12T15:40:07.274] [DEBUG] debug-file - Use tool [Ninja]
 [
  'D:\\Program Files\\Huawei\\DevEco Studio\\sdk\\default\\openharmony\\native\\build-tools\\cmake\\bin\\ninja.exe',
  '-C',
  'C:\\Users\\20732\\Desktop\\NativeCase\\entry\\.cxx\\default\\default\\debug\\x86_64'
]
[2026-04-12T15:40:07.275] [DEBUG] debug-file - default@BuildNativeWithNinja work[9] is submitted.
[2026-04-12T15:40:07.275] [DEBUG] debug-file - default@BuildNativeWithNinja work[9] is pushed to ready queue.
[2026-04-12T15:40:07.275] [DEBUG] debug-file - A work dispatched to worker[7] failed because unable to get work from ready queue.
[2026-04-12T15:40:07.275] [DEBUG] debug-file - A work dispatched to worker[6] failed because of worker busy.
[2026-04-12T15:40:07.275] [DEBUG] debug-file - default@BuildNativeWithNinja work[9] has been dispatched to worker[5].
[2026-04-12T15:40:07.275] [DEBUG] debug-file - default@BuildNativeWithNinja work[9] is dispatched.
[2026-04-12T15:40:07.293] [DEBUG] debug-file - OHOS_STL is c++_shared
[2026-04-12T15:40:07.293] [DEBUG] debug-file - Copy STL libc++_shared.so to C:\Users\20732\Desktop\NativeCase\entry\build\default\intermediates\cmake\default\obj\x86_64 due to OHOS_STL is 'c++_shared'
[2026-04-12T15:40:07.295] [DEBUG] debug-file - entry : default@BuildNativeWithNinja cost memory 2.3500289916992188
[2026-04-12T15:40:07.297] [DEBUG] debug-file - Executing task :entry:default@GeneratePkgContextInfo
[2026-04-12T15:40:07.321] [DEBUG] debug-file - ninja: Entering directory `C:\Users\20732\Desktop\NativeCase\entry\.cxx\default\default\debug\arm64-v8a'
ninja: no work to do.

[2026-04-12T15:40:07.333] [DEBUG] debug-file - Task 'entry:default@GeneratePkgContextInfo' cost while wrapping incremental declarations: 1 ms 
[2026-04-12T15:40:07.335] [DEBUG] debug-file - Incremental task entry:default@GeneratePkgContextInfo pre-execution cost: 2 ms .
[2026-04-12T15:40:07.335] [DEBUG] debug-file - entry : default@GeneratePkgContextInfo cost memory -1.1075286865234375
[2026-04-12T15:40:07.336] [INFO] debug-file - UP-TO-DATE :entry:default@GeneratePkgContextInfo...  
[2026-04-12T15:40:07.338] [DEBUG] debug-file - Executing task :entry:default@ProcessProfile
[2026-04-12T15:40:07.339] [DEBUG] debug-file - ninja: Entering directory `C:\Users\20732\Desktop\NativeCase\entry\.cxx\default\default\debug\x86_64'
ninja: no work to do.

[2026-04-12T15:40:07.340] [DEBUG] debug-file - Task 'entry:default@ProcessProfile' cost while wrapping incremental declarations: 1 ms 
[2026-04-12T15:40:07.342] [DEBUG] debug-file - entry:default@ProcessProfile is not up-to-date, since the input file 'C:\Users\20732\Desktop\NativeCase\entry\build\default\intermediates\merge_profile\default\module.json' has been changed.
[2026-04-12T15:40:07.342] [DEBUG] debug-file - Incremental task entry:default@ProcessProfile pre-execution cost: 2 ms .
[2026-04-12T15:40:07.344] [DEBUG] debug-file - [
  'D:\\Program Files\\Huawei\\DevEco Studio\\tools\\node\\node.exe',
  'D:\\Program Files\\Huawei\\DevEco Studio\\sdk\\default\\openharmony\\ets\\build-tools\\ets-loader\\bin\\ark\\ts2abc.js',
  '--target-api-version',
  '17'
]
[2026-04-12T15:40:07.451] [DEBUG] debug-file - 12.0.6.0
[2026-04-12T15:40:07.453] [DEBUG] debug-file - No need to add fake ui ability because of not in preview process.
[2026-04-12T15:40:07.454] [DEBUG] debug-file - entry : default@ProcessProfile cost memory 0.36753082275390625
[2026-04-12T15:40:07.454] [DEBUG] debug-file - runTaskFromQueue task cost before running: 590 ms 
[2026-04-12T15:40:07.455] [INFO] debug-file - Finished :entry:default@ProcessProfile... after 117 ms 
[2026-04-12T15:40:07.456] [DEBUG] debug-file - Executing task :entry:default@ProcessRouterMap
[2026-04-12T15:40:07.462] [DEBUG] debug-file - Incremental task entry:default@ProcessRouterMap pre-execution cost: 5 ms .
[2026-04-12T15:40:07.462] [DEBUG] debug-file - entry : default@ProcessRouterMap cost memory 0.17717742919921875
[2026-04-12T15:40:07.464] [INFO] debug-file - UP-TO-DATE :entry:default@ProcessRouterMap...  
[2026-04-12T15:40:07.466] [DEBUG] debug-file - Executing task :entry:default@ProcessShareConfig
[2026-04-12T15:40:07.472] [DEBUG] debug-file - Incremental task entry:default@ProcessShareConfig pre-execution cost: 5 ms .
[2026-04-12T15:40:07.473] [DEBUG] debug-file - entry : default@ProcessShareConfig cost memory 0.14917755126953125
[2026-04-12T15:40:07.474] [INFO] debug-file - UP-TO-DATE :entry:default@ProcessShareConfig...  
[2026-04-12T15:40:07.476] [DEBUG] debug-file - Executing task :entry:default@ProcessStartupConfig
[2026-04-12T15:40:07.476] [DEBUG] debug-file - Task 'entry:default@ProcessStartupConfig' cost while wrapping incremental declarations: 1 ms 
[2026-04-12T15:40:07.478] [DEBUG] debug-file - entry:default@ProcessStartupConfig is not up-to-date, since the output file 'C:\Users\20732\Desktop\NativeCase\entry\build\default\intermediates\startup\default\startup_config.json' does not exist.
[2026-04-12T15:40:07.478] [DEBUG] debug-file - Incremental task entry:default@ProcessStartupConfig pre-execution cost: 2 ms .
[2026-04-12T15:40:07.481] [DEBUG] debug-file - entry : default@ProcessStartupConfig cost memory -3.461822509765625
[2026-04-12T15:40:07.481] [DEBUG] debug-file - runTaskFromQueue task cost before running: 616 ms 
[2026-04-12T15:40:07.482] [INFO] debug-file - Finished :entry:default@ProcessStartupConfig... after 6 ms 
[2026-04-12T15:40:07.486] [DEBUG] debug-file - restool module names: entry; moduleName=entry, taskName=default@ProcessResource
[2026-04-12T15:40:07.490] [DEBUG] debug-file - Executing task :entry:default@ProcessResource
[2026-04-12T15:40:07.490] [DEBUG] debug-file - Task 'entry:default@ProcessResource' cost while wrapping incremental declarations: 1 ms 
[2026-04-12T15:40:07.493] [DEBUG] debug-file - Incremental task entry:default@ProcessResource pre-execution cost: 3 ms .
[2026-04-12T15:40:07.494] [DEBUG] debug-file - entry : default@ProcessResource cost memory 0.1414947509765625
[2026-04-12T15:40:07.497] [INFO] debug-file - UP-TO-DATE :entry:default@ProcessResource...  
[2026-04-12T15:40:07.501] [DEBUG] debug-file - Executing task :entry:default@GenerateLoaderJson
[2026-04-12T15:40:07.503] [DEBUG] debug-file - Task 'entry:default@GenerateLoaderJson' cost while wrapping incremental declarations: 1 ms 
[2026-04-12T15:40:07.516] [DEBUG] debug-file - Incremental task entry:default@GenerateLoaderJson pre-execution cost: 8 ms .
[2026-04-12T15:40:07.516] [DEBUG] debug-file - entry : default@GenerateLoaderJson cost memory 0.531219482421875
[2026-04-12T15:40:07.522] [INFO] debug-file - UP-TO-DATE :entry:default@GenerateLoaderJson...  
[2026-04-12T15:40:07.524] [DEBUG] debug-file - restool module names: entry; moduleName=entry, taskName=default@CompileResource
[2026-04-12T15:40:07.525] [DEBUG] debug-file - Executing task :entry:default@CompileResource
[2026-04-12T15:40:07.548] [DEBUG] debug-file - entry:default@CompileResource is not up-to-date, since the input file 'C:\Users\20732\Desktop\NativeCase\entry\build\default\intermediates\process_profile\default\module.json' has been changed.
[2026-04-12T15:40:07.549] [DEBUG] debug-file - Incremental task entry:default@CompileResource pre-execution cost: 22 ms .
[2026-04-12T15:40:07.550] [DEBUG] debug-file - worker[6] has one work done.
[2026-04-12T15:40:07.564] [DEBUG] debug-file - default@BuildNativeWithNinja work[8] done.
[2026-04-12T15:40:07.565] [DEBUG] debug-file - A work dispatched to worker[6] failed because unable to get work from ready queue.
[2026-04-12T15:40:07.565] [DEBUG] debug-file - worker[5] has one work done.
[2026-04-12T15:40:07.584] [DEBUG] debug-file - default@BuildNativeWithNinja work[9] done.
[2026-04-12T15:40:07.584] [DEBUG] debug-file - A work dispatched to worker[5] failed because unable to get work from ready queue.
[2026-04-12T15:40:07.585] [INFO] debug-file - Finished :entry:default@BuildNativeWithNinja... after 90 ms 
[2026-04-12T15:40:07.587] [DEBUG] debug-file - Executing task :entry:default@ProcessLibs
[2026-04-12T15:40:07.668] [DEBUG] debug-file - Check content hash for C:\Users\20732\Desktop\NativeCase\entry\build\default\intermediates\cmake\default\obj\x86_64\libentry.so
[2026-04-12T15:40:07.679] [DEBUG] debug-file - Use tool [D:\Program Files\Huawei\DevEco Studio\sdk\default\openharmony\toolchains\restool.exe]
 [
  'D:\\Program Files\\Huawei\\DevEco Studio\\sdk\\default\\openharmony\\toolchains\\restool.exe',
  '-l',
  'C:\\Users\\20732\\Desktop\\NativeCase\\entry\\build\\default\\intermediates\\res\\default\\resConfig.json'
]
[2026-04-12T15:40:07.685] [DEBUG] debug-file - current process  memoryUsage: {
  rss: 591368192,
  heapTotal: 133148672,
  heapUsed: 112409496,
  external: 3241668,
  arrayBuffers: 211001
} os memoryUsage :13.14920425415039
[2026-04-12T15:40:07.696] [DEBUG] debug-file - Check content hash for C:\Users\20732\Desktop\NativeCase\entry\build\default\intermediates\cmake\default\obj\x86_64\libc++_shared.so
[2026-04-12T15:40:07.701] [DEBUG] debug-file - Check content hash for C:\Users\20732\Desktop\NativeCase\entry\build\default\intermediates\cmake\default\obj\arm64-v8a\libentry.so
[2026-04-12T15:40:07.703] [DEBUG] debug-file - Check content hash for C:\Users\20732\Desktop\NativeCase\entry\build\default\intermediates\cmake\default\obj\arm64-v8a\libc++_shared.so
[2026-04-12T15:40:07.713] [DEBUG] debug-file - entry:default@ProcessLibs is not up-to-date, since the task snapshots are different.
[2026-04-12T15:40:07.713] [DEBUG] debug-file - Incremental task entry:default@ProcessLibs pre-execution cost: 6 ms .
[2026-04-12T15:40:07.717] [DEBUG] debug-file - Worker dispatch failed, running processLibs on main thread.
[2026-04-12T15:40:07.724] [DEBUG] debug-file - Link C:\Users\20732\Desktop\NativeCase\entry\build\default\intermediates\cmake\default\obj\x86_64\libentry.so to C:\Users\20732\Desktop\NativeCase\entry\build\default\intermediates\libs\default\x86_64\libentry.so successfully.
[2026-04-12T15:40:07.726] [DEBUG] debug-file - Link C:\Users\20732\Desktop\NativeCase\entry\build\default\intermediates\cmake\default\obj\x86_64\libc++_shared.so to C:\Users\20732\Desktop\NativeCase\entry\build\default\intermediates\libs\default\x86_64\libc++_shared.so successfully.
[2026-04-12T15:40:07.729] [DEBUG] debug-file - Link C:\Users\20732\Desktop\NativeCase\entry\build\default\intermediates\cmake\default\obj\arm64-v8a\libentry.so to C:\Users\20732\Desktop\NativeCase\entry\build\default\intermediates\libs\default\arm64-v8a\libentry.so successfully.
[2026-04-12T15:40:07.731] [DEBUG] debug-file - Link C:\Users\20732\Desktop\NativeCase\entry\build\default\intermediates\cmake\default\obj\arm64-v8a\libc++_shared.so to C:\Users\20732\Desktop\NativeCase\entry\build\default\intermediates\libs\default\arm64-v8a\libc++_shared.so successfully.
[2026-04-12T15:40:07.731] [DEBUG] debug-file - entry : default@ProcessLibs cost memory 0.8718719482421875
[2026-04-12T15:40:07.731] [DEBUG] debug-file - runTaskFromQueue task cost before running: 866 ms 
[2026-04-12T15:40:07.732] [INFO] debug-file - Finished :entry:default@ProcessLibs... after 144 ms 
[2026-04-12T15:40:07.733] [DEBUG] debug-file - Executing task :entry:default@DoNativeStrip
[2026-04-12T15:40:07.734] [DEBUG] debug-file - Task 'entry:default@DoNativeStrip' cost while wrapping incremental declarations: 1 ms 
[2026-04-12T15:40:07.741] [DEBUG] debug-file - Incremental task entry:default@DoNativeStrip pre-execution cost: 7 ms .
[2026-04-12T15:40:07.741] [DEBUG] debug-file - entry : default@DoNativeStrip cost memory 0.21680450439453125
[2026-04-12T15:40:07.741] [INFO] debug-file - UP-TO-DATE :entry:default@DoNativeStrip...  
[2026-04-12T15:40:07.743] [DEBUG] debug-file - Executing task :entry:default@CacheNativeLibs
[2026-04-12T15:40:07.744] [DEBUG] debug-file - Task 'entry:default@CacheNativeLibs' cost while wrapping incremental declarations: 1 ms 
[2026-04-12T15:40:07.751] [DEBUG] debug-file - Incremental task entry:default@CacheNativeLibs pre-execution cost: 7 ms .
[2026-04-12T15:40:07.752] [DEBUG] debug-file - entry : default@CacheNativeLibs cost memory 0.2392120361328125
[2026-04-12T15:40:07.752] [INFO] debug-file - UP-TO-DATE :entry:default@CacheNativeLibs...  
[2026-04-12T15:40:07.825] [DEBUG] debug-file - Info: Pack: normal pack mode

[2026-04-12T15:40:07.904] [DEBUG] debug-file - Info: hardware concurrency count is : 8
Info: thread count is : 8

[2026-04-12T15:40:07.905] [DEBUG] debug-file - Info: thread pool is started

[2026-04-12T15:40:07.908] [DEBUG] debug-file - Info: GenericCompiler::CompileFiles

[2026-04-12T15:40:07.928] [DEBUG] debug-file - Info: GenericCompiler::CompileFiles

[2026-04-12T15:40:07.937] [DEBUG] debug-file - Info: GenericCompiler::CompileFiles

[2026-04-12T15:40:07.956] [DEBUG] debug-file - 04-12 15:40:07.956 21352 11280 E C01400/ImageTranscoderUtils: DecodeToRGBA IN

[2026-04-12T15:40:07.956] [DEBUG] debug-file - 04-12 15:40:07.956 21352 11280 E C01400/ImageTranscoderUtils: ImageFilter IN C:\Users\20732\Desktop\NativeCase\AppScope\resources\base\media\app_icon.png

[2026-04-12T15:40:07.956] [DEBUG] debug-file - 04-12 15:40:07.957 21352 11280 E C01400/ImageTranscoder: TranscodeSLR Only zoom-out is supported.

[2026-04-12T15:40:07.957] [DEBUG] debug-file - Warning: ScaleImage failed, error message: INVALID_PARAMETERS, file path = C:\Users\20732\Desktop\NativeCase\AppScope\resources\base\media\app_icon.png

[2026-04-12T15:40:07.961] [DEBUG] debug-file - 04-12 15:40:07.962 21352 11280 E C01400/ImageTranscoderUtils: DecodeToRGBA IN

[2026-04-12T15:40:07.961] [DEBUG] debug-file - 04-12 15:40:07.962 21352 11280 E C01400/ImageTranscoderUtils: ImageFilter IN C:\Users\20732\Desktop\NativeCase\entry\src\main\resources\base\media\background.png

[2026-04-12T15:40:07.967] [DEBUG] debug-file - 04-12 15:40:07.966 21352 11280 E C01400/ImageTranscoder: TranscodeSLR Only zoom-out is supported.

[2026-04-12T15:40:07.968] [DEBUG] debug-file - Warning: ScaleImage failed, error message: INVALID_PARAMETERS, file path = C:\Users\20732\Desktop\NativeCase\entry\src\main\resources\base\media\background.png

[2026-04-12T15:40:07.973] [DEBUG] debug-file - 04-12 15:40:07.974 21352 11280 E C01400/ImageTranscoderUtils: DecodeToRGBA IN

[2026-04-12T15:40:07.973] [DEBUG] debug-file - 04-12 15:40:07.974 21352 11280 E C01400/ImageTranscoderUtils: ImageFilter IN C:\Users\20732\Desktop\NativeCase\entry\src\main\resources\base\media\foreground.png

[2026-04-12T15:40:07.976] [DEBUG] debug-file - 04-12 15:40:07.977 21352 11280 E C01400/ImageTranscoder: TranscodeSLR Only zoom-out is supported.

[2026-04-12T15:40:07.976] [DEBUG] debug-file - Warning: ScaleImage failed, error message: INVALID_PARAMETERS, file path = C:\Users\20732\Desktop\NativeCase\entry\src\main\resources\base\media\foreground.png

[2026-04-12T15:40:07.980] [DEBUG] debug-file - Info: can't scale media json file.

[2026-04-12T15:40:07.980] [DEBUG] debug-file - Warning: The width or height of the png file referenced by the icon exceeds the limit (41 pixels)
at C:\Users\20732\Desktop\NativeCase\entry\src\main\resources\base\media\background.png

[2026-04-12T15:40:07.981] [DEBUG] debug-file - Warning: The width or height of the png file referenced by the icon exceeds the limit (41 pixels)
at C:\Users\20732\Desktop\NativeCase\entry\src\main\resources\base\media\foreground.png

[2026-04-12T15:40:07.981] [DEBUG] debug-file - Warning: C:\Users\20732\Desktop\NativeCase\entry\src\main\resources\base\media\layered_image.json is not png format

[2026-04-12T15:40:07.983] [DEBUG] debug-file - Info: restool resources compile success.

[2026-04-12T15:40:07.984] [DEBUG] debug-file - Info: thread pool is stopped

[2026-04-12T15:40:08.059] [DEBUG] debug-file - entry : default@CompileResource cost memory 1.8014068603515625
[2026-04-12T15:40:08.059] [DEBUG] debug-file - runTaskFromQueue task cost before running: 1 s 194 ms 
[2026-04-12T15:40:08.062] [INFO] debug-file - Finished :entry:default@CompileResource... after 534 ms 
[2026-04-12T15:40:08.065] [DEBUG] debug-file - Executing task :entry:default@CompileArkTS
[2026-04-12T15:40:08.066] [DEBUG] debug-file - obfuscationOptions: undefined
[2026-04-12T15:40:08.078] [DEBUG] debug-file - Task 'entry:default@CompileArkTS' cost while wrapping incremental declarations: 1 ms 
[2026-04-12T15:40:08.099] [DEBUG] debug-file - entry:default@CompileArkTS is not up-to-date, since the input file 'C:\Users\20732\Desktop\NativeCase\entry\build\default\intermediates\res\default\ResourceTable.txt' has been changed.
[2026-04-12T15:40:08.099] [DEBUG] debug-file - Incremental task entry:default@CompileArkTS pre-execution cost: 16 ms .
[2026-04-12T15:40:08.130] [DEBUG] debug-file - build config:
[2026-04-12T15:40:08.130] [DEBUG] debug-file - {
  moduleType: 'entry',
  perf: 0,
  targetName: '.default',
  packageManagerType: 'ohpm',
  localPropertiesPath: 'C:\\Users\\20732\\Desktop\\NativeCase\\local.properties',
  isPreview: false,
  isOhosTest: false,
  isLocalTest: false,
  buildMode: 'Debug',
  hotReloadBuild: undefined,
  watchMode: 'false',
  aceProfilePath: 'C:\\Users\\20732\\Desktop\\NativeCase\\entry\\build\\default\\intermediates\\res\\default\\resources\\base\\profile',
  etsLoaderPath: 'D:\\Program Files\\Huawei\\DevEco Studio\\sdk\\default\\openharmony\\ets\\build-tools\\ets-loader',
  modulePath: 'C:\\Users\\20732\\Desktop\\NativeCase\\entry',
  testFrameworkPar: {
    testMode: undefined,
    coveragePathFilter: undefined,
    coverageMode: undefined
  },
  needCoverageInsert: false,
  debugLine: false,
  projectTopDir: 'C:\\Users\\20732\\Desktop\\NativeCase',
  compileSdkVersion: 22,
  compatibleSdkVersion: 17,
  originCompatibleSdkVersion: '5.0.5(17)',
  compatibleSdkVersionStage: undefined,
  bundleName: 'c***e',
  etsLoaderVersion: '6.0.2.129',
  etsLoaderReleaseType: 'Beta1',
  aotCompileMode: 'type',
  apPath: 'C:\\Users\\20732\\Desktop\\NativeCase\\entry\\modules.ap',
  entryModuleName: 'entry',
  entryModuleVersion: '1.0.0',
  entryPackageName: 'entry',
  allModuleNameHash: '3895e33b199dd8d436581ad1b70260b74915ec3e145a2a9aa5865ef57a3ee027',
  externalApiPaths: [
    'D:\\Program Files\\Huawei\\DevEco Studio\\sdk\\default\\hms\\ets'
  ],
  compilerTypes: [],
  isCrossplatform: false,
  hvigorPluginFile: undefined,
  compilePluginPath: undefined,
  buildGeneratedProfilePath: 'C:\\Users\\20732\\Desktop\\NativeCase\\entry\\build\\default\\generated\\profile\\default',
  bundleType: 'app',
  arkTSVersion: undefined,
  apiVersion: 22,
  needCompleteSourcesMap: false,
  isFaMode: false,
  buildDir: 'C:\\Users\\20732\\Desktop\\NativeCase\\entry\\build',
  deviceTypes: [ 'phone' ],
  pkgContextInfo: {
    'libentry.so': {
      packageName: 'libentry.so',
      bundleName: '*****',
      moduleName: '',
      version: '',
      entryPath: 'Index',
      isSO: true,
      dependencyAlias: ''
    },
    entry: {
      packageName: 'entry',
      bundleName: '*****',
      moduleName: '',
      version: '',
      entryPath: 'src/main/',
      isSO: false,
      dependencyAlias: ''
    }
  },
  ohPackagePathMap: {},
  dependencyAliasMap: {},
  permission: { requestPermissions: undefined, definePermissions: undefined },
  useGetCurrentBundleName: false,
  projectArkOption: undefined,
  sourceMapDir: undefined,
  branchElimination: false,
  transformLib: undefined,
  tsImportSendable: false,
  resolveConflictMode: true,
  depName2RootPath: {},
  depName2DepInfo: {},
  rootPathSet: [ 'C:\\Users\\20732\\Desktop\\NativeCase' ],
  useNativeResolver: true,
  shouldEmitJs: true,
  useTscResolve: false,
  singleFileEmit: false,
  userProjectConfig: {
    autoLazyImport: false,
    allowEmptyBundleName: false,
    reExportCheckMode: 'noCheck',
    executionMode: 'memory',
    usePathPlaceholder: false,
    writeRollupCache: true,
    isExpandImportEnabled: false,
    expandImportExclude: '',
    lazyImportExclude: '',
    lazyImportInclude: '',
    ignoreCrossplatformCheck: false,
    isHarDeduplicateEnabled: false,
    skipOhModulesLint: false,
    enableStrictCheckOHModule: false,
    disableSendableCheckRules: [],
    useDeclarationFileSignature: false,
    customizedOptions: undefined,
    integratedHsp: false,
    isPreloadSoEnabled: false
  },
  executionMode: 'memory',
  arkCompileCachePath: 'C:\\Users\\20732\\Desktop\\NativeCase\\entry\\build\\default\\cache\\default\\default@CompileArkTS\\esmodule',
  autoLazyFilter: undefined,
  isHarDeduplicateEnabled: false,
  intermediateHarDuplicateDirPath: 'C:\\Users\\20732\\Desktop\\NativeCase\\entry\\build\\default\\intermediates\\har_duplicate\\default',
  autoLazyImport: false,
  allowEmptyBundleName: false,
  reExportCheckMode: 'noCheck',
  usePathPlaceholder: false,
  writeRollupCache: true,
  isExpandImportEnabled: false,
  expandImportExclude: '',
  lazyImportExclude: '',
  lazyImportInclude: '',
  ignoreCrossplatformCheck: false,
  skipOhModulesLint: false,
  enableStrictCheckOHModule: false,
  disableSendableCheckRules: [],
  useDeclarationFileSignature: false,
  customizedOptions: undefined,
  integratedHsp: false,
  isPreloadSoEnabled: false,
  strictMode: {
    caseSensitiveCheck: true,
    useNormalizedOHMUrl: true,
    noExternalImportByPath: true
  },
  useNormalizedOHMUrl: true,
  caseSensitiveCheck: true,
  aceModuleJsonPath: 'C:\\Users\\20732\\Desktop\\NativeCase\\entry\\build\\default\\intermediates\\res\\default\\ark_module.json',
  appResource: 'C:\\Users\\20732\\Desktop\\NativeCase\\entry\\build\\default\\intermediates\\res\\default\\ResourceTable.txt',
  rawFileResource: 'C:\\Users\\20732\\Desktop\\NativeCase\\entry\\build\\default\\intermediates\\res\\default\\resources\\rawfile',
  resourceTableHash: 'a6a31783820f90a9bce4d618dbdd04e1a5ba13b7be7388edad88ef48231724b9',
  runtimeOS: 'HarmonyOS',
  sdkInfo: 'false:22:6.0.2.129:Beta1',
  aceModuleRoot: 'C:\\Users\\20732\\Desktop\\NativeCase\\entry\\src\\main\\ets',
  compileMode: 'esmodule',
  aceSuperVisualPath: 'C:\\Users\\20732\\Desktop\\NativeCase\\entry\\src\\main\\supervisual',
  aceBuildJson: 'C:\\Users\\20732\\Desktop\\NativeCase\\entry\\build\\default\\intermediates\\loader\\default\\loader.json',
  cachePath: 'C:\\Users\\20732\\Desktop\\NativeCase\\entry\\build\\default\\cache\\default\\default@CompileArkTS\\esmodule\\debug',
  aceModuleBuild: 'C:\\Users\\20732\\Desktop\\NativeCase\\entry\\build\\default\\intermediates\\loader_out\\default\\ets',
  supportChunks: true,
  declaredFilesPath: undefined,
  shouldCollectDirectImportees: false,
  isByteCodeHarOptimize: false,
  expandImportPath: undefined,
  pkgNameToPkgBriefInfo: {
    entry: {
      pkgRoot: 'C:\\Users\\20732\\Desktop\\NativeCase\\entry',
      originalSourceRoots: undefined,
      sourceRoots: [Array],
      pkgName: 'entry'
    }
  },
  projectModel: {
    'C:\\Users\\20732\\Desktop\\NativeCase\\entry\\src\\main': {
      moduleName: 'entry',
      modulePkgPath: 'C:\\Users\\20732\\Desktop\\NativeCase\\entry',
      belongProjectPath: 'C:\\Users\\20732\\Desktop\\NativeCase'
    },
    'C:\\Users\\20732\\Desktop\\NativeCase\\entry': {
      moduleName: 'entry',
      modulePkgPath: 'C:\\Users\\20732\\Desktop\\NativeCase\\entry',
      belongProjectPath: 'C:\\Users\\20732\\Desktop\\NativeCase'
    },
    'C:\\Users\\20732\\Desktop\\NativeCase': {
      moduleName: 'NativeCase',
      modulePkgPath: 'C:\\Users\\20732\\Desktop\\NativeCase',
      belongProjectPath: 'C:\\Users\\20732\\Desktop\\NativeCase'
    }
  },
  pkgJsonFileHash: '568f0ace7f575887772b8b9a8b6a0795eeea92e5620d94b16b6d3a73e47e4fcd',
  allModulePaths: [ 'C:\\Users\\20732\\Desktop\\NativeCase\\entry' ],
  routerMap: {},
  obfuscationOptions: undefined,
  byteCodeHarToDependencyKeys: undefined,
  compileBlockPkg: [],
  mockParams: {
    decorator: '@MockSetup',
    packageName: '@ohos/hamock',
    etsSourceRootPath: 'src/main/ets',
    mockConfigPath: undefined,
    mockConfigKey2ModuleInfo: {},
    source2ModuleIdMap: {}
  },
  copyCodeResourceEnable: true,
  copyCodeResourceExcludes: [],
  copyCodeResourceIncludes: undefined,
  uiTransformOptimization: false,
  sdkPath: 'D:/Program Files/Huawei/DevEco Studio/sdk',
  needPreloadSoFileSet: {},
  preloadSoFilePath: 'C:\\Users\\20732\\Desktop\\NativeCase\\entry\\build\\default\\intermediates\\preload\\default\\preload.json',
  useSourceHash: false,
  localModuleParamMap: {},
  otherPaths: {
    'entry/*': [
      '..\\*',
      '..\\..\\..\\build\\default\\generated\\profile\\default\\*'
    ]
  },
  collectImportersConfig: undefined
}
[2026-04-12T15:40:08.131] [DEBUG] debug-file - Compile arkts with external api path: D:\Program Files\Huawei\DevEco Studio\sdk\default\hms\ets
[2026-04-12T15:40:08.133] [DEBUG] debug-file - default@CompileArkTS work[10] is submitted.
[2026-04-12T15:40:08.133] [DEBUG] debug-file - default@CompileArkTS work[10] is pushed to ready queue.
[2026-04-12T15:40:08.133] [DEBUG] debug-file - A work dispatched to worker[7] failed because unable to get work from ready queue.
[2026-04-12T15:40:08.133] [DEBUG] debug-file - A work dispatched to worker[6] failed because unable to get work from ready queue.
[2026-04-12T15:40:08.134] [DEBUG] debug-file - A work dispatched to worker[5] failed because unable to get work from ready queue.
[2026-04-12T15:40:08.134] [DEBUG] debug-file - A work dispatched to worker[4] failed because unable to get work from ready queue.
[2026-04-12T15:40:08.134] [DEBUG] debug-file - default@CompileArkTS work[10] has been dispatched to worker[3].
[2026-04-12T15:40:08.134] [DEBUG] debug-file - default@CompileArkTS work[10] is dispatched.
[2026-04-12T15:40:08.134] [DEBUG] debug-file - CopyResources startTime: 2294912006200
[2026-04-12T15:40:08.135] [DEBUG] debug-file - default@CompileArkTS work[11] is submitted.
[2026-04-12T15:40:08.135] [DEBUG] debug-file - default@CompileArkTS work[11] is pushed to ready queue.
[2026-04-12T15:40:08.135] [DEBUG] debug-file - A work dispatched to worker[7] failed because unable to get work from ready queue.
[2026-04-12T15:40:08.135] [DEBUG] debug-file - default@CompileArkTS work[11] has been dispatched to worker[6].
[2026-04-12T15:40:08.135] [DEBUG] debug-file - default@CompileArkTS work[11] is dispatched.
[2026-04-12T15:40:08.135] [DEBUG] debug-file - entry : default@CompileArkTS cost memory -2.0905380249023438
[2026-04-12T15:40:08.138] [DEBUG] debug-file - Executing task :entry:default@BuildJS
[2026-04-12T15:40:08.139] [DEBUG] debug-file - Task 'entry:default@BuildJS' cost while wrapping incremental declarations: 1 ms 
[2026-04-12T15:40:08.147] [DEBUG] debug-file - entry : default@BuildJS cost memory 0.17296600341796875
[2026-04-12T15:40:08.147] [DEBUG] debug-file - runTaskFromQueue task cost before running: 1 s 282 ms 
[2026-04-12T15:40:08.147] [INFO] debug-file - Finished :entry:default@BuildJS... after 9 ms 
[2026-04-12T15:40:08.152] [DEBUG] debug-file - worker[6] has one work done.
[2026-04-12T15:40:08.152] [DEBUG] debug-file - CopyResources is end, endTime: 2294929842800
[2026-04-12T15:40:08.152] [DEBUG] debug-file - default@CompileArkTS work[11] done.
[2026-04-12T15:40:08.264] [DEBUG] debug-file - A work dispatched to worker[6] failed because unable to get work from ready queue.
[2026-04-12T15:40:08.834] [DEBUG] debug-file - Ark compile task finished.finished time is 2295611342700
[2026-04-12T15:40:08.834] [DEBUG] debug-file - worker[3] has one work done.
[2026-04-12T15:40:08.835] [DEBUG] debug-file - default@CompileArkTS work[10] done.
[2026-04-12T15:40:08.835] [DEBUG] debug-file - A work dispatched to worker[3] failed because unable to get work from ready queue.
[2026-04-12T15:40:08.839] [INFO] debug-file - Finished :entry:default@CompileArkTS... after 769 ms 
[2026-04-12T15:40:08.840] [DEBUG] debug-file - Executing task :entry:default@GeneratePkgModuleJson
[2026-04-12T15:40:08.841] [DEBUG] debug-file - File: 'C:\Users\20732\Desktop\NativeCase\entry\build\default\intermediates\preload\default\preload.json' from 'preloadSoJsonPath' is not exists, just ignore.
[2026-04-12T15:40:08.841] [DEBUG] debug-file - Error occurs while handling @Input 'shouldDeduplicateHar': The "data" argument must be of type string or an instance of Buffer, TypedArray, or DataView. Received undefined
[2026-04-12T15:40:08.841] [DEBUG] debug-file - Task 'entry:default@GeneratePkgModuleJson' cost while wrapping incremental declarations: 2 ms 
[2026-04-12T15:40:08.842] [DEBUG] debug-file - entry:default@GeneratePkgModuleJson is not up-to-date, since the input file 'C:\Users\20732\Desktop\NativeCase\entry\build\default\intermediates\res\default\module.json' has been changed.
[2026-04-12T15:40:08.842] [DEBUG] debug-file - Incremental task entry:default@GeneratePkgModuleJson pre-execution cost: 1 ms .
[2026-04-12T15:40:08.844] [DEBUG] debug-file - entry : default@GeneratePkgModuleJson cost memory 0.2009429931640625
[2026-04-12T15:40:08.844] [DEBUG] debug-file - runTaskFromQueue task cost before running: 1 s 979 ms 
[2026-04-12T15:40:08.844] [INFO] debug-file - Finished :entry:default@GeneratePkgModuleJson... after 4 ms 
[2026-04-12T15:40:08.845] [DEBUG] debug-file - Executing task :entry:default@ProcessCompiledResources
[2026-04-12T15:40:08.846] [DEBUG] debug-file - File: 'C:\Users\20732\Desktop\NativeCase\entry\build\default\intermediates\preload\default\preload.json' from 'preloadSoJsonPath' is not exists, just ignore.
[2026-04-12T15:40:08.846] [DEBUG] debug-file - Task 'entry:default@ProcessCompiledResources' cost while wrapping incremental declarations: 1 ms 
[2026-04-12T15:40:08.846] [DEBUG] debug-file - entry : default@ProcessCompiledResources cost memory 0.10301971435546875
[2026-04-12T15:40:08.846] [DEBUG] debug-file - runTaskFromQueue task cost before running: 1 s 981 ms 
[2026-04-12T15:40:08.846] [INFO] debug-file - Finished :entry:default@ProcessCompiledResources... after 1 ms 
[2026-04-12T15:40:08.848] [DEBUG] debug-file - Executing task :entry:default@PackageHap
[2026-04-12T15:40:08.857] [DEBUG] debug-file - entry:default@PackageHap is not up-to-date, since the input file 'C:\Users\20732\Desktop\NativeCase\entry\build\default\intermediates\res\default\module.json' has been changed.
[2026-04-12T15:40:08.857] [DEBUG] debug-file - Incremental task entry:default@PackageHap pre-execution cost: 7 ms .
[2026-04-12T15:40:08.858] [DEBUG] debug-file - Use tool [D:\Program Files\Huawei\DevEco Studio\sdk\default\openharmony\toolchains\lib\app_packing_tool.jar]
 [
  'java',
  '-Dfile.encoding=GBK',
  '-jar',
  'D:\\Program Files\\Huawei\\DevEco Studio\\sdk\\default\\openharmony\\toolchains\\lib\\app_packing_tool.jar',
  '--mode',
  'hap',
  '--force',
  'true',
  '--lib-path',
  'C:\\Users\\20732\\Desktop\\NativeCase\\entry\\build\\default\\intermediates\\stripped_native_libs\\default',
  '--json-path',
  'C:\\Users\\20732\\Desktop\\NativeCase\\entry\\build\\default\\intermediates\\package\\default\\module.json',
  '--resources-path',
  'C:\\Users\\20732\\Desktop\\NativeCase\\entry\\build\\default\\intermediates\\res\\default\\resources',
  '--index-path',
  'C:\\Users\\20732\\Desktop\\NativeCase\\entry\\build\\default\\intermediates\\res\\default\\resources.index',
  '--pack-info-path',
  'C:\\Users\\20732\\Desktop\\NativeCase\\entry\\build\\default\\outputs\\default\\pack.info',
  '--out-path',
  'C:\\Users\\20732\\Desktop\\NativeCase\\entry\\build\\default\\outputs\\default\\entry-default-unsigned.hap',
  '--ets-path',
  'C:\\Users\\20732\\Desktop\\NativeCase\\entry\\build\\default\\intermediates\\loader_out\\default\\ets',
  '--pkg-context-path',
  'C:\\Users\\20732\\Desktop\\NativeCase\\entry\\build\\default\\intermediates\\loader\\default\\pkgContextInfo.json'
]
[2026-04-12T15:40:08.929] [DEBUG] debug-file - java daemon socket received message:{"code":0,"message":"pack success"}
[2026-04-12T15:40:08.935] [DEBUG] debug-file - entry : default@PackageHap cost memory 0.539947509765625
[2026-04-12T15:40:08.935] [DEBUG] debug-file - runTaskFromQueue task cost before running: 2 s 70 ms 
[2026-04-12T15:40:08.937] [INFO] debug-file - Finished :entry:default@PackageHap... after 87 ms 
[2026-04-12T15:40:08.939] [DEBUG] debug-file - Executing task :entry:default@PackingCheck
[2026-04-12T15:40:08.946] [DEBUG] debug-file - entry : default@PackingCheck cost memory 0.3866119384765625
[2026-04-12T15:40:08.946] [DEBUG] debug-file - runTaskFromQueue task cost before running: 2 s 81 ms 
[2026-04-12T15:40:08.946] [INFO] debug-file - Finished :entry:default@PackingCheck... after 7 ms 
[2026-04-12T15:40:08.949] [DEBUG] debug-file - Executing task :entry:default@SignHap
[2026-04-12T15:40:08.952] [DEBUG] debug-file - entry:default@SignHap is not up-to-date, since the input file 'C:\Users\20732\.ohos\config\default_NativeCase_tUOsm4NFZygh6JRAkUqpde0Wmh65X71EEEIuYwNO0go=.cer' has been changed.
[2026-04-12T15:40:08.952] [DEBUG] debug-file - Incremental task entry:default@SignHap pre-execution cost: 3 ms .
[2026-04-12T15:40:08.980] [DEBUG] debug-file - java daemon socket close code:1000 reason:close by user
[2026-04-12T15:40:09.041] [DEBUG] debug-file - java daemon socket received message:{"code":0,"message":"verify profile success"}
[2026-04-12T15:40:09.049] [DEBUG] debug-file - java daemon socket close code:1000 reason:close by user
[2026-04-12T15:40:09.254] [DEBUG] debug-file - java daemon socket received message:{"code":0,"message":"sign app success"}
[2026-04-12T15:40:09.255] [DEBUG] debug-file - entry : default@SignHap cost memory -2.7398300170898438
[2026-04-12T15:40:09.255] [DEBUG] debug-file - runTaskFromQueue task cost before running: 2 s 390 ms 
[2026-04-12T15:40:09.257] [INFO] debug-file - Finished :entry:default@SignHap... after 307 ms 
[2026-04-12T15:40:09.260] [DEBUG] debug-file - Executing task :entry:default@CollectDebugSymbol
[2026-04-12T15:40:09.262] [DEBUG] debug-file - entry : default@CollectDebugSymbol cost memory 0.09813690185546875
[2026-04-12T15:40:09.263] [DEBUG] debug-file - runTaskFromQueue task cost before running: 2 s 398 ms 
[2026-04-12T15:40:09.263] [INFO] debug-file - Finished :entry:default@CollectDebugSymbol... after 3 ms 
[2026-04-12T15:40:09.263] [DEBUG] debug-file - Executing task :entry:assembleHap
[2026-04-12T15:40:09.263] [DEBUG] debug-file - entry : assembleHap cost memory 0.01419830322265625
[2026-04-12T15:40:09.264] [DEBUG] debug-file - runTaskFromQueue task cost before running: 2 s 399 ms 
[2026-04-12T15:40:09.264] [INFO] debug-file - Finished :entry:assembleHap... after 1 ms 
[2026-04-12T15:40:09.272] [INFO] debug-file - BUILD SUCCESSFUL in 2 s 407 ms 
[2026-04-12T15:40:09.275] [DEBUG] debug-file - Update task entry:default@PreBuild input file:C:\Users\20732\Desktop\NativeCase\AppScope\app.json5 cache by regenerate.
[2026-04-12T15:40:09.275] [DEBUG] debug-file - Update task entry:default@PreBuild input file:C:\Users\20732\Desktop\NativeCase\entry\src\main\module.json5 cache by regenerate.
[2026-04-12T15:40:09.276] [DEBUG] debug-file - Update task entry:default@PreBuild input file:C:\Users\20732\Desktop\NativeCase\build-profile.json5 cache by regenerate.
[2026-04-12T15:40:09.276] [DEBUG] debug-file - Update task entry:default@PreBuild input file:C:\Users\20732\Desktop\NativeCase\entry\build-profile.json5 cache by regenerate.
[2026-04-12T15:40:09.277] [DEBUG] debug-file - Update task entry:default@PreBuild input file:C:\Users\20732\Desktop\NativeCase\entry\src\main\resources\base\profile\main_pages.json cache by regenerate.
[2026-04-12T15:40:09.277] [DEBUG] debug-file - Update task entry:default@PreBuild input file:C:\Users\20732\Desktop\NativeCase\hvigor\hvigor-config.json5 cache by regenerate.
[2026-04-12T15:40:09.278] [DEBUG] debug-file - Update task entry:default@PreBuild input file:C:\Users\20732\Desktop\NativeCase\entry\oh-package.json5 cache by regenerate.
[2026-04-12T15:40:09.278] [DEBUG] debug-file - Update task entry:default@PreBuild input file:C:\Users\20732\Desktop\NativeCase\oh-package.json5 cache by regenerate.
[2026-04-12T15:40:09.279] [DEBUG] debug-file - Incremental task entry:default@PreBuild post-execution cost:7 ms .
[2026-04-12T15:40:09.279] [DEBUG] debug-file - Update task entry:default@CreateModuleInfo output file:C:\Users\20732\Desktop\NativeCase\entry\build\default\generated\profile\default\ModuleInfo.ts cache.
[2026-04-12T15:40:09.279] [DEBUG] debug-file - Incremental task entry:default@CreateModuleInfo post-execution cost:1 ms .
[2026-04-12T15:40:09.280] [DEBUG] debug-file - Update task entry:default@GenerateMetadata input file:C:\Users\20732\Desktop\NativeCase\entry\src\main\module.json5 cache by regenerate.
[2026-04-12T15:40:09.280] [DEBUG] debug-file - Update task entry:default@GenerateMetadata output file:C:\Users\20732\Desktop\NativeCase\entry\build\default\intermediates\hap_metadata\default\output_metadata.json cache.
[2026-04-12T15:40:09.281] [DEBUG] debug-file - Incremental task entry:default@GenerateMetadata post-execution cost:2 ms .
[2026-04-12T15:40:09.281] [DEBUG] debug-file - Update task entry:default@MergeProfile input file:C:\Users\20732\Desktop\NativeCase\AppScope\app.json5 cache by regenerate.
[2026-04-12T15:40:09.282] [DEBUG] debug-file - Update task entry:default@MergeProfile input file:C:\Users\20732\Desktop\NativeCase\build-profile.json5 cache by regenerate.
[2026-04-12T15:40:09.282] [DEBUG] debug-file - Update task entry:default@MergeProfile input file:C:\Users\20732\Desktop\NativeCase\entry\src\main\module.json5 cache by regenerate.
[2026-04-12T15:40:09.283] [DEBUG] debug-file - Update task entry:default@MergeProfile output file:C:\Users\20732\Desktop\NativeCase\entry\build\default\intermediates\merge_profile\default\module.json cache.
[2026-04-12T15:40:09.283] [DEBUG] debug-file - Incremental task entry:default@MergeProfile post-execution cost:3 ms .
[2026-04-12T15:40:09.283] [DEBUG] debug-file - Update task entry:default@CreateBuildProfile input file:C:\Users\20732\Desktop\NativeCase\AppScope\app.json5 cache by regenerate.
[2026-04-12T15:40:09.284] [DEBUG] debug-file - Update task entry:default@CreateBuildProfile input file:C:\Users\20732\Desktop\NativeCase\build-profile.json5 cache by regenerate.
[2026-04-12T15:40:09.285] [DEBUG] debug-file - Update task entry:default@CreateBuildProfile output file:C:\Users\20732\Desktop\NativeCase\entry\build\default\generated\profile\default\BuildProfile.ets cache.
[2026-04-12T15:40:09.285] [DEBUG] debug-file - Incremental task entry:default@CreateBuildProfile post-execution cost:2 ms .
[2026-04-12T15:40:09.285] [DEBUG] debug-file - Update task entry:default@ProcessIntegratedHsp output file:C:\Users\20732\Desktop\NativeCase\build\cache\default\integrated_hsp\integratedHspCache.json cache.
[2026-04-12T15:40:09.286] [DEBUG] debug-file - Incremental task entry:default@ProcessIntegratedHsp post-execution cost:1 ms .
[2026-04-12T15:40:09.287] [DEBUG] debug-file - Update task entry:default@MakePackInfo input file:C:\Users\20732\Desktop\NativeCase\AppScope\app.json5 cache by regenerate.
[2026-04-12T15:40:09.287] [DEBUG] debug-file - Update task entry:default@MakePackInfo input file:C:\Users\20732\Desktop\NativeCase\entry\src\main\module.json5 cache by regenerate.
[2026-04-12T15:40:09.288] [DEBUG] debug-file - Update task entry:default@MakePackInfo input file:C:\Users\20732\Desktop\NativeCase\build-profile.json5 cache by regenerate.
[2026-04-12T15:40:09.288] [DEBUG] debug-file - Update task entry:default@MakePackInfo input file:C:\Users\20732\Desktop\NativeCase\entry\src\main\resources\base\profile\backup_config.json cache by regenerate.
[2026-04-12T15:40:09.289] [DEBUG] debug-file - Update task entry:default@MakePackInfo output file:C:\Users\20732\Desktop\NativeCase\entry\build\default\outputs\default\pack.info cache.
[2026-04-12T15:40:09.289] [DEBUG] debug-file - Incremental task entry:default@MakePackInfo post-execution cost:4 ms .
[2026-04-12T15:40:09.289] [DEBUG] debug-file - Update task entry:default@SyscapTransform input file:D:\Program Files\Huawei\DevEco Studio\sdk\default\openharmony\toolchains\syscap_tool.exe cache by regenerate.
[2026-04-12T15:40:09.290] [DEBUG] debug-file - Update task entry:default@SyscapTransform input file:D:\Program Files\Huawei\DevEco Studio\sdk\default\openharmony\ets\api\device-define cache by regenerate.
[2026-04-12T15:40:09.294] [DEBUG] debug-file - Update task entry:default@SyscapTransform output file:C:\Users\20732\Desktop\NativeCase\entry\build\default\intermediates\syscap\default\rpcid.sc cache.
[2026-04-12T15:40:09.295] [DEBUG] debug-file - Incremental task entry:default@SyscapTransform post-execution cost:6 ms .
[2026-04-12T15:40:09.295] [DEBUG] debug-file - There is no need to refresh cache, since the incremental task entry:default@GeneratePkgContextInfo is up-to-date.
[2026-04-12T15:40:09.295] [DEBUG] debug-file - Update task entry:default@ProcessProfile input file:C:\Users\20732\Desktop\NativeCase\entry\build\default\intermediates\merge_profile\default\module.json cache from map.
[2026-04-12T15:40:09.295] [DEBUG] debug-file - Update task entry:default@ProcessProfile output file:C:\Users\20732\Desktop\NativeCase\entry\build\default\intermediates\process_profile\default\module.json cache.
[2026-04-12T15:40:09.296] [DEBUG] debug-file - Incremental task entry:default@ProcessProfile post-execution cost:1 ms .
[2026-04-12T15:40:09.296] [DEBUG] debug-file - There is no need to refresh cache, since the incremental task entry:default@ProcessRouterMap is up-to-date.
[2026-04-12T15:40:09.296] [DEBUG] debug-file - There is no need to refresh cache, since the incremental task entry:default@ProcessShareConfig is up-to-date.
[2026-04-12T15:40:09.296] [DEBUG] debug-file - Update task entry:default@ProcessStartupConfig input file:C:\Users\20732\Desktop\NativeCase\entry\build\default\intermediates\loader\default\pkgContextInfo.json cache by regenerate.
[2026-04-12T15:40:09.297] [DEBUG] debug-file - Update task entry:default@ProcessStartupConfig output file:C:\Users\20732\Desktop\NativeCase\entry\build\default\intermediates\startup\default\startup_config.json cache.
[2026-04-12T15:40:09.297] [DEBUG] debug-file - Incremental task entry:default@ProcessStartupConfig post-execution cost:2 ms .
[2026-04-12T15:40:09.297] [DEBUG] debug-file - There is no need to refresh cache, since the incremental task entry:default@ProcessResource is up-to-date.
[2026-04-12T15:40:09.297] [DEBUG] debug-file - There is no need to refresh cache, since the incremental task entry:default@GenerateLoaderJson is up-to-date.
[2026-04-12T15:40:09.299] [DEBUG] debug-file - Update task entry:default@CompileResource input file:C:\Users\20732\Desktop\NativeCase\entry\src\main\resources cache by regenerate.
[2026-04-12T15:40:09.307] [DEBUG] debug-file - Update task entry:default@CompileResource input file:C:\Users\20732\Desktop\NativeCase\AppScope\resources cache by regenerate.
[2026-04-12T15:40:09.309] [DEBUG] debug-file - Update task entry:default@CompileResource input file:C:\Users\20732\Desktop\NativeCase\entry\build\default\intermediates\process_profile\default\module.json cache from map.
[2026-04-12T15:40:09.309] [DEBUG] debug-file - Update task entry:default@CompileResource input file:C:\Users\20732\Desktop\NativeCase\entry\build\default\intermediates\res\default\resConfig.json cache by regenerate.
[2026-04-12T15:40:09.310] [DEBUG] debug-file - Update task entry:default@CompileResource output file:C:\Users\20732\Desktop\NativeCase\entry\build\default\intermediates\res\default cache.
[2026-04-12T15:40:09.317] [DEBUG] debug-file - Update task entry:default@CompileResource output file:C:\Users\20732\Desktop\NativeCase\entry\build\default\generated\r\default\ResourceTable.h cache.
[2026-04-12T15:40:09.317] [DEBUG] debug-file - Update task entry:default@CompileResource output file:C:\Users\20732\Desktop\NativeCase\entry\build\default\generated\r\default cache.
[2026-04-12T15:40:09.318] [DEBUG] debug-file - Incremental task entry:default@CompileResource post-execution cost:21 ms .
[2026-04-12T15:40:09.319] [DEBUG] debug-file - Update task entry:default@ProcessLibs input file:C:\Users\20732\Desktop\NativeCase\build-profile.json5 cache by regenerate.
[2026-04-12T15:40:09.319] [DEBUG] debug-file - Update task entry:default@ProcessLibs input file:C:\Users\20732\Desktop\NativeCase\entry\build-profile.json5 cache by regenerate.
[2026-04-12T15:40:09.320] [DEBUG] debug-file - Update task entry:default@ProcessLibs output file:C:\Users\20732\Desktop\NativeCase\entry\build\default\intermediates\libs\default cache.
[2026-04-12T15:40:09.323] [DEBUG] debug-file - Incremental task entry:default@ProcessLibs post-execution cost:5 ms .
[2026-04-12T15:40:09.323] [DEBUG] debug-file - There is no need to refresh cache, since the incremental task entry:default@DoNativeStrip is up-to-date.
[2026-04-12T15:40:09.323] [DEBUG] debug-file - There is no need to refresh cache, since the incremental task entry:default@CacheNativeLibs is up-to-date.
[2026-04-12T15:40:09.327] [DEBUG] debug-file - Update task entry:default@CompileArkTS input file:C:\Users\20732\Desktop\NativeCase\entry\build\default\intermediates\loader\default cache by regenerate.
[2026-04-12T15:40:09.328] [DEBUG] debug-file - Update task entry:default@CompileArkTS input file:C:\Users\20732\Desktop\NativeCase\entry\build\default\intermediates\res\default\resources\rawfile cache by regenerate.
[2026-04-12T15:40:09.329] [DEBUG] debug-file - Update task entry:default@CompileArkTS input file:C:\Users\20732\Desktop\NativeCase\entry\build\default\intermediates\res\default\ResourceTable.txt cache from map.
[2026-04-12T15:40:09.330] [DEBUG] debug-file - Update task entry:default@CompileArkTS input file:C:\Users\20732\Desktop\NativeCase\entry\build\default\intermediates\res\default\ark_module.json cache by regenerate.
[2026-04-12T15:40:09.330] [DEBUG] debug-file - Update task entry:default@CompileArkTS input file:C:\Users\20732\Desktop\NativeCase\entry\build\default\intermediates\res\default\resources\base\profile cache by regenerate.
[2026-04-12T15:40:09.331] [DEBUG] debug-file - Update task entry:default@CompileArkTS input file:C:\Users\20732\Desktop\NativeCase\entry\src\main\ets cache by regenerate.
[2026-04-12T15:40:09.334] [DEBUG] debug-file - Update task entry:default@CompileArkTS input file:C:\Users\20732\Desktop\NativeCase\entry\build\default\intermediates\loader\default\pkgContextInfo.json cache by regenerate.
[2026-04-12T15:40:09.334] [DEBUG] debug-file - Update task entry:default@CompileArkTS input file:C:\Users\20732\Desktop\NativeCase\entry\build\default\generated\profile\default\BuildProfile.ets cache by regenerate.
[2026-04-12T15:40:09.335] [DEBUG] debug-file - Update task entry:default@CompileArkTS input file:C:\Users\20732\Desktop\NativeCase\entry\src\main\cpp\types cache by regenerate.
[2026-04-12T15:40:09.336] [DEBUG] debug-file - Update task entry:default@CompileArkTS output file:C:\Users\20732\Desktop\NativeCase\entry\build\default\intermediates\loader_out\default\ets cache.
[2026-04-12T15:40:09.337] [DEBUG] debug-file - Incremental task entry:default@CompileArkTS post-execution cost:15 ms .
[2026-04-12T15:40:09.339] [DEBUG] debug-file - Update task entry:default@BuildJS input file:C:\Users\20732\Desktop\NativeCase\entry\build\default\intermediates\loader\default cache by regenerate.
[2026-04-12T15:40:09.340] [DEBUG] debug-file - Update task entry:default@BuildJS input file:C:\Users\20732\Desktop\NativeCase\entry\build\default\intermediates\res\default\resources\rawfile cache by regenerate.
[2026-04-12T15:40:09.342] [DEBUG] debug-file - Update task entry:default@BuildJS input file:C:\Users\20732\Desktop\NativeCase\entry\build\default\intermediates\res\default\ResourceTable.txt cache by regenerate.
[2026-04-12T15:40:09.342] [DEBUG] debug-file - Update task entry:default@BuildJS input file:C:\Users\20732\Desktop\NativeCase\entry\build\default\intermediates\res\default\ark_module.json cache by regenerate.
[2026-04-12T15:40:09.342] [DEBUG] debug-file - Update task entry:default@BuildJS input file:C:\Users\20732\Desktop\NativeCase\entry\build\default\intermediates\res\default\resources\base\profile cache by regenerate.
[2026-04-12T15:40:09.344] [DEBUG] debug-file - Update task entry:default@BuildJS input file:C:\Users\20732\Desktop\NativeCase\entry\build\default\intermediates\loader\default\pkgContextInfo.json cache by regenerate.
[2026-04-12T15:40:09.344] [DEBUG] debug-file - Update task entry:default@BuildJS output file:C:\Users\20732\Desktop\NativeCase\entry\build\default\intermediates\loader_out\default\js cache.
[2026-04-12T15:40:09.344] [DEBUG] debug-file - Incremental task entry:default@BuildJS post-execution cost:8 ms .
[2026-04-12T15:40:09.344] [DEBUG] debug-file - Update task entry:default@GeneratePkgModuleJson input file:C:\Users\20732\Desktop\NativeCase\entry\build\default\intermediates\res\default\module.json cache from map.
[2026-04-12T15:40:09.344] [DEBUG] debug-file - Update task entry:default@GeneratePkgModuleJson output file:C:\Users\20732\Desktop\NativeCase\entry\build\default\intermediates\package\default\module.json cache.
[2026-04-12T15:40:09.345] [DEBUG] debug-file - Incremental task entry:default@GeneratePkgModuleJson post-execution cost:1 ms .
[2026-04-12T15:40:09.345] [DEBUG] debug-file - Incremental task entry:default@ProcessCompiledResources post-execution cost:1 ms .
[2026-04-12T15:40:09.346] [DEBUG] debug-file - Update task entry:default@PackageHap input file:C:\Users\20732\Desktop\NativeCase\entry\build\default\intermediates\stripped_native_libs\default cache by regenerate.
[2026-04-12T15:40:09.349] [DEBUG] debug-file - Update task entry:default@PackageHap input file:C:\Users\20732\Desktop\NativeCase\entry\build\default\intermediates\res\default\module.json cache from map.
[2026-04-12T15:40:09.349] [DEBUG] debug-file - Update task entry:default@PackageHap input file:C:\Users\20732\Desktop\NativeCase\entry\build\default\intermediates\res\default\resources cache by regenerate.
[2026-04-12T15:40:09.355] [DEBUG] debug-file - Update task entry:default@PackageHap input file:C:\Users\20732\Desktop\NativeCase\entry\build\default\intermediates\res\default\resources.index cache by regenerate.
[2026-04-12T15:40:09.355] [DEBUG] debug-file - Update task entry:default@PackageHap input file:C:\Users\20732\Desktop\NativeCase\entry\build\default\outputs\default\pack.info cache by regenerate.
[2026-04-12T15:40:09.356] [DEBUG] debug-file - Update task entry:default@PackageHap input file:C:\Users\20732\Desktop\NativeCase\entry\build\default\intermediates\loader_out\default\ets cache by regenerate.
[2026-04-12T15:40:09.357] [DEBUG] debug-file - Update task entry:default@PackageHap input file:C:\Users\20732\Desktop\NativeCase\entry\build\default\intermediates\loader\default\pkgContextInfo.json cache by regenerate.
[2026-04-12T15:40:09.357] [DEBUG] debug-file - Update task entry:default@PackageHap input file:C:\Users\20732\Desktop\NativeCase\entry\build\default\intermediates\loader_out\default\ets\sourceMaps.map cache by regenerate.
[2026-04-12T15:40:09.357] [DEBUG] debug-file - Update task entry:default@PackageHap input file:C:\Users\20732\Desktop\NativeCase\entry\build\default\generated\profile\default\BuildProfile.ets cache by regenerate.
[2026-04-12T15:40:09.358] [DEBUG] debug-file - Update task entry:default@PackageHap output file:C:\Users\20732\Desktop\NativeCase\entry\build\default\outputs\default\entry-default-unsigned.hap cache.
[2026-04-12T15:40:09.358] [DEBUG] debug-file - Update task entry:default@PackageHap output file:C:\Users\20732\Desktop\NativeCase\entry\build\default\intermediates\source_map\default\sourceMaps.map cache.
[2026-04-12T15:40:09.359] [DEBUG] debug-file - Update task entry:default@PackageHap output file:C:\Users\20732\Desktop\NativeCase\entry\build\default\outputs\default\mapping\sourceMaps.map cache.
[2026-04-12T15:40:09.360] [DEBUG] debug-file - Incremental task entry:default@PackageHap post-execution cost:16 ms .
[2026-04-12T15:40:09.361] [DEBUG] debug-file - Update task entry:default@SignHap input file:C:\Users\20732\.ohos\config\default_NativeCase_tUOsm4NFZygh6JRAkUqpde0Wmh65X71EEEIuYwNO0go=.cer cache from map.
[2026-04-12T15:40:09.361] [DEBUG] debug-file - Update task entry:default@SignHap input file:C:\Users\20732\.ohos\config\default_NativeCase_tUOsm4NFZygh6JRAkUqpde0Wmh65X71EEEIuYwNO0go=.p7b cache by regenerate.
[2026-04-12T15:40:09.362] [DEBUG] debug-file - Update task entry:default@SignHap input file:C:\Users\20732\.ohos\config\default_NativeCase_tUOsm4NFZygh6JRAkUqpde0Wmh65X71EEEIuYwNO0go=.p12 cache by regenerate.
[2026-04-12T15:40:09.362] [DEBUG] debug-file - Update task entry:default@SignHap input file:C:\Users\20732\Desktop\NativeCase\entry\build\default\outputs\default\entry-default-unsigned.hap cache by regenerate.
[2026-04-12T15:40:09.363] [DEBUG] debug-file - Update task entry:default@SignHap output file:C:\Users\20732\Desktop\NativeCase\entry\build\default\outputs\default\entry-default-signed.hap cache.
[2026-04-12T15:40:09.363] [DEBUG] debug-file - Incremental task entry:default@SignHap post-execution cost:4 ms .
[2026-04-12T15:40:09.364] [DEBUG] debug-file - Update task entry:default@CollectDebugSymbol input file:C:\Users\20732\Desktop\NativeCase\entry\build\default\intermediates\loader_out\default\ets\sourceMaps.map cache by regenerate.
[2026-04-12T15:40:09.365] [DEBUG] debug-file - Update task entry:default@CollectDebugSymbol input file:C:\Users\20732\Desktop\NativeCase\entry\build\default\intermediates\libs\default cache by regenerate.
[2026-04-12T15:40:09.367] [DEBUG] debug-file - Update task entry:default@CollectDebugSymbol output file:C:\Users\20732\Desktop\NativeCase\entry\build\default\outputs\default\symbol cache.
[2026-04-12T15:40:09.367] [DEBUG] debug-file - Incremental task entry:default@CollectDebugSymbol post-execution cost:5 ms .
[2026-04-12T15:40:09.394] [DEBUG] debug-file - hvigor build process will be closed.
[2026-04-12T15:40:09.394] [DEBUG] debug-file - java daemon socket close code:1000 reason:close by user
[2026-04-12T15:40:09.416] [DEBUG] debug-file - session manager: send message to worker process.
[2026-04-12T15:40:09.417] [DEBUG] debug-file - session manager: send message to worker process.
[2026-04-12T15:40:09.416] [DEBUG] debug-file - watch worker: worker id should be larger than 0. Nothing will be sent to any worker thread.
[2026-04-12T15:40:09.418] [DEBUG] debug-file - watch worker: worker id should be larger than 0. Nothing will be sent to any worker thread.
[2026-04-12T15:40:17.492] [DEBUG] debug-file - session manager: set active socket. socketId=KSQ3XsZuPzBm8NR9AAAL
[2026-04-12T15:40:17.500] [DEBUG] debug-file - watch worker: worker id should be larger than 0. Nothing will be sent to any worker thread.
[2026-04-12T15:40:17.508] [DEBUG] debug-file - Workers' log level updated to INFO
[2026-04-12T15:40:17.515] [DEBUG] debug-file - Hvigor init with startParameters:{
  hvigorfileTypeCheck: false,
  parallelExecution: true,
  incrementalExecution: true,
  printStackTrace: false,
  daemon: true,
  analyze: 0,
  logLevel: Level { level: 20000, levelStr: 'INFO', colour: 'green' },
  optimizationStrategy: 'memory',
  hotCompile: undefined,
  hotReloadBuild: undefined,
  customizedParam: undefined
}
[2026-04-12T15:40:17.520] [DEBUG] debug-file - Cache service initialization finished in 5 ms 
[2026-04-12T15:40:17.521] [DEBUG] debug-file - hvigorfile, resolving C:\Users\20732\Desktop\NativeCase\hvigorfile.ts
[2026-04-12T15:40:17.531] [DEBUG] debug-file - hvigorfile, require result:  { default: { plugins: [] } }
[2026-04-12T15:40:17.531] [DEBUG] debug-file - hvigorfile, binding system plugins null
[2026-04-12T15:40:17.532] [DEBUG] debug-file - Starting plugin build process
[2026-04-12T15:40:17.532] [DEBUG] debug-file - App plugin prepare start...
[2026-04-12T15:40:17.532] [DEBUG] debug-file - App plugin prepare end...
[2026-04-12T15:40:17.532] [DEBUG] debug-file - App plugin creating...
[2026-04-12T15:40:17.544] [DEBUG] debug-file - App plugin register hook start...
[2026-04-12T15:40:17.544] [DEBUG] debug-file - App plugin register hook end...
[2026-04-12T15:40:17.544] [DEBUG] debug-file - Plugin build process completed
[2026-04-12T15:40:17.545] [DEBUG] debug-file - Start initialize project's product build option map with build mode debug.
[2026-04-12T15:40:17.545] [DEBUG] debug-file - Picking option from product 'default' with build mode 'debug'.
[2026-04-12T15:40:17.545] [DEBUG] debug-file - Product 'default' build option initialized
[2026-04-12T15:40:17.545] [DEBUG] debug-file - End initialize project's product build option map with build mode 'debug'.
[2026-04-12T15:40:17.547] [DEBUG] debug-file - Obtain build option for product 'default'in this build.
[2026-04-12T15:40:17.549] [DEBUG] debug-file - C:\Users\20732\Desktop\NativeCase\build\cache\default\remote_hsp\remoteHspCache.json not exists.
[2026-04-12T15:40:17.553] [DEBUG] debug-file - Start recording SDK configuration permission data.
[2026-04-12T15:40:17.595] [DEBUG] debug-file - Sdk init in 45 ms 
[2026-04-12T15:40:17.600] [DEBUG] debug-file - Project task initialization takes 5 ms 
[2026-04-12T15:40:17.600] [DEBUG] debug-file - hvigorfile, binding custom plugins []
[2026-04-12T15:40:17.601] [DEBUG] debug-file - hvigorfile, no custom plugins were found in C:\Users\20732\Desktop\NativeCase\hvigorfile.ts
[2026-04-12T15:40:17.601] [DEBUG] debug-file - hvigorfile, resolve finished C:\Users\20732\Desktop\NativeCase\hvigorfile.ts
[2026-04-12T15:40:17.601] [DEBUG] debug-file - hvigorfile, resolving C:\Users\20732\Desktop\NativeCase\entry\hvigorfile.ts
[2026-04-12T15:40:17.607] [DEBUG] debug-file - hvigorfile, require result:  { default: { plugins: [] } }
[2026-04-12T15:40:17.607] [DEBUG] debug-file - hvigorfile, binding system plugins null
[2026-04-12T15:40:17.607] [DEBUG] debug-file - Starting plugin build process
[2026-04-12T15:40:17.607] [DEBUG] debug-file - Hap plugin creating...
[2026-04-12T15:40:17.610] [DEBUG] debug-file - failed to load cangjie to dynamically generate schemas: Error: Cannot find module '@ohos/cangjie-build-support/index'
Require stack:
- D:\Program Files\Huawei\DevEco Studio\tools\hvigor\hvigor-ohos-plugin\src\plugin\hooks\cangjie-register.js
- D:\Program Files\Huawei\DevEco Studio\tools\hvigor\hvigor-ohos-plugin\src\plugin\strategy\stage-init-strategy.js
- D:\Program Files\Huawei\DevEco Studio\tools\hvigor\hvigor-ohos-plugin\src\plugin\builder\abstract-plugin-builder.js
- D:\Program Files\Huawei\DevEco Studio\tools\hvigor\hvigor-ohos-plugin\src\plugin\builder\app-plugin-builder.js
- D:\Program Files\Huawei\DevEco Studio\tools\hvigor\hvigor-ohos-plugin\src\plugin\factory\plugin-factory.js
- D:\Program Files\Huawei\DevEco Studio\tools\hvigor\hvigor-ohos-plugin\index.js
- C:\Users\20732\Desktop\NativeCase\hvigorfile.ts
- D:\Program Files\Huawei\DevEco Studio\tools\hvigor\hvigor\src\base\internal\lifecycle\configuration.js
- D:\Program Files\Huawei\DevEco Studio\tools\hvigor\hvigor\src\base\boot\index.js
- D:\Program Files\Huawei\DevEco Studio\tools\hvigor\hvigor\src\base\daemon\cluster\worker-process-lifecycle.js
- D:\Program Files\Huawei\DevEco Studio\tools\hvigor\hvigor\src\base\daemon\process\daemon-process-boot-script.js
[2026-04-12T15:40:17.613] [DEBUG] debug-file - Start initialize module-target build option map, moduleName=entry, buildMode=debug
[2026-04-12T15:40:17.613] [DEBUG] debug-file - Target 'default' config initialized
[2026-04-12T15:40:17.614] [DEBUG] debug-file - Module 'entry' target 'default' build option initialized
[2026-04-12T15:40:17.614] [DEBUG] debug-file - End initialize module-target build option map, moduleName=entry
[2026-04-12T15:40:17.614] [DEBUG] debug-file - Start initialize module-target build option map, moduleName=entry, buildMode=release
[2026-04-12T15:40:17.614] [DEBUG] debug-file - Target 'default' config initialized
[2026-04-12T15:40:17.615] [DEBUG] debug-file - Module 'entry' target 'default' build option initialized
[2026-04-12T15:40:17.615] [DEBUG] debug-file - End initialize module-target build option map, moduleName=entry
[2026-04-12T15:40:17.615] [DEBUG] debug-file - Start initialize module-target build option map, moduleName=entry, buildMode=debug
[2026-04-12T15:40:17.615] [DEBUG] debug-file - Target 'default' config initialized
[2026-04-12T15:40:17.616] [DEBUG] debug-file - Module 'entry' target 'default' build option initialized
[2026-04-12T15:40:17.616] [DEBUG] debug-file - End initialize module-target build option map, moduleName=entry
[2026-04-12T15:40:17.616] [DEBUG] debug-file - Obtain build option for module 'entry' target 'default'in this build.
[2026-04-12T15:40:17.619] [DEBUG] debug-file - Module entry task initialization takes 2 ms 
[2026-04-12T15:40:17.620] [DEBUG] debug-file - Hap plugin register hook start...
[2026-04-12T15:40:17.620] [DEBUG] debug-file - Hap plugin register hook end...
[2026-04-12T15:40:17.620] [DEBUG] debug-file - Plugin build process completed
[2026-04-12T15:40:17.620] [DEBUG] debug-file - hvigorfile, binding custom plugins []
[2026-04-12T15:40:17.620] [DEBUG] debug-file - hvigorfile, no custom plugins were found in C:\Users\20732\Desktop\NativeCase\entry\hvigorfile.ts
[2026-04-12T15:40:17.620] [DEBUG] debug-file - hvigorfile, resolve finished C:\Users\20732\Desktop\NativeCase\entry\hvigorfile.ts
[2026-04-12T15:40:17.656] [DEBUG] debug-file - hvigorfile, resolve hvigorfile dependencies in 36 ms 
[2026-04-12T15:40:17.656] [DEBUG] debug-file - project has submodules:entry
[2026-04-12T15:40:17.658] [DEBUG] debug-file - start to load updatedOhPackageInfo to the disk
[2026-04-12T15:40:17.668] [DEBUG] debug-file - load to the disk finished
[2026-04-12T15:40:17.670] [DEBUG] debug-file - Start to initialize dependency information.
[2026-04-12T15:40:17.672] [DEBUG] debug-file - Module NativeCase Collected Dependency: 
[2026-04-12T15:40:17.672] [DEBUG] debug-file - Module NativeCase's total dependency: 0
[2026-04-12T15:40:17.673] [DEBUG] debug-file - Start to initialize dependency information.
[2026-04-12T15:40:17.681] [DEBUG] debug-file - Module entry Collected Dependency: C:\Users\20732\Desktop\NativeCase\entry\src\main\cpp\types\libentry
[2026-04-12T15:40:17.681] [DEBUG] debug-file - Module entry's total dependency: 1
[2026-04-12T15:40:17.684] [DEBUG] debug-file - Configuration phase cost:164 ms 
[2026-04-12T15:40:17.686] [DEBUG] debug-file - Configuration task cost before running: 177 ms 
[2026-04-12T15:40:17.692] [DEBUG] debug-file - Executing task :entry:default@PreBuild
[2026-04-12T15:40:17.693] [DEBUG] debug-file - Task 'entry:default@PreBuild' cost while wrapping incremental declarations: 1 ms 
[2026-04-12T15:40:17.710] [DEBUG] debug-file - Incremental task entry:default@PreBuild pre-execution cost: 12 ms .
[2026-04-12T15:40:17.710] [DEBUG] debug-file - entry : default@PreBuild cost memory -1.4763870239257812
[2026-04-12T15:40:17.717] [INFO] debug-file - UP-TO-DATE :entry:default@PreBuild...  
[2026-04-12T15:40:17.719] [DEBUG] debug-file - Executing task :entry:default@CreateModuleInfo
[2026-04-12T15:40:17.719] [DEBUG] debug-file - Task 'entry:default@CreateModuleInfo' cost while wrapping incremental declarations: 1 ms 
[2026-04-12T15:40:17.720] [DEBUG] debug-file - entry : default@CreateModuleInfo cost memory 0.0525665283203125
[2026-04-12T15:40:17.720] [DEBUG] debug-file - runTaskFromQueue task cost before running: 212 ms 
[2026-04-12T15:40:17.721] [INFO] debug-file - Finished :entry:default@CreateModuleInfo... after 2 ms 
[2026-04-12T15:40:17.735] [DEBUG] debug-file - Executing task :entry:default@GenerateMetadata
[2026-04-12T15:40:17.736] [DEBUG] debug-file - Task 'entry:default@GenerateMetadata' cost while wrapping incremental declarations: 2 ms 
[2026-04-12T15:40:17.739] [DEBUG] debug-file - Incremental task entry:default@GenerateMetadata pre-execution cost: 3 ms .
[2026-04-12T15:40:17.739] [DEBUG] debug-file - entry : default@GenerateMetadata cost memory 0.0949554443359375
[2026-04-12T15:40:17.740] [INFO] debug-file - UP-TO-DATE :entry:default@GenerateMetadata...  
[2026-04-12T15:40:17.742] [DEBUG] debug-file - Executing task :entry:default@ConfigureCmake
[2026-04-12T15:40:17.745] [DEBUG] debug-file - entry : default@ConfigureCmake cost memory 0.03289031982421875
[2026-04-12T15:40:17.745] [DEBUG] debug-file - runTaskFromQueue task cost before running: 237 ms 
[2026-04-12T15:40:17.745] [INFO] debug-file - Finished :entry:default@ConfigureCmake... after 4 ms 
[2026-04-12T15:40:17.748] [DEBUG] debug-file - Executing task :entry:default@MergeProfile
[2026-04-12T15:40:17.748] [DEBUG] debug-file - Task 'entry:default@MergeProfile' cost while wrapping incremental declarations: 1 ms 
[2026-04-12T15:40:17.753] [DEBUG] debug-file - Incremental task entry:default@MergeProfile pre-execution cost: 5 ms .
[2026-04-12T15:40:17.754] [DEBUG] debug-file - entry : default@MergeProfile cost memory 0.12454986572265625
[2026-04-12T15:40:17.754] [INFO] debug-file - UP-TO-DATE :entry:default@MergeProfile...  
[2026-04-12T15:40:17.757] [DEBUG] debug-file - Executing task :entry:default@CreateBuildProfile
[2026-04-12T15:40:17.759] [DEBUG] debug-file - Task 'entry:default@CreateBuildProfile' cost while wrapping incremental declarations: 2 ms 
[2026-04-12T15:40:17.762] [DEBUG] debug-file - Incremental task entry:default@CreateBuildProfile pre-execution cost: 4 ms .
[2026-04-12T15:40:17.762] [DEBUG] debug-file - entry : default@CreateBuildProfile cost memory 0.0983734130859375
[2026-04-12T15:40:17.762] [INFO] debug-file - UP-TO-DATE :entry:default@CreateBuildProfile...  
[2026-04-12T15:40:17.765] [DEBUG] debug-file - Executing task :entry:default@PreCheckSyscap
[2026-04-12T15:40:17.766] [DEBUG] debug-file - entry : default@PreCheckSyscap cost memory 0.01628875732421875
[2026-04-12T15:40:17.766] [DEBUG] debug-file - runTaskFromQueue task cost before running: 257 ms 
[2026-04-12T15:40:17.766] [INFO] debug-file - Finished :entry:default@PreCheckSyscap... after 1 ms 
[2026-04-12T15:40:17.780] [DEBUG] debug-file - Executing task :entry:default@ProcessIntegratedHsp
[2026-04-12T15:40:17.780] [DEBUG] debug-file - entry:default@ProcessIntegratedHsp is not up-to-date, since the output file 'C:\Users\20732\Desktop\NativeCase\build\cache\default\integrated_hsp\integratedHspCache.json' does not exist.
[2026-04-12T15:40:17.781] [DEBUG] debug-file - Incremental task entry:default@ProcessIntegratedHsp pre-execution cost: 1 ms .
[2026-04-12T15:40:17.781] [DEBUG] debug-file - entry : default@ProcessIntegratedHsp cost memory 0.06534576416015625
[2026-04-12T15:40:17.781] [DEBUG] debug-file - runTaskFromQueue task cost before running: 273 ms 
[2026-04-12T15:40:17.782] [INFO] debug-file - Finished :entry:default@ProcessIntegratedHsp... after 2 ms 
[2026-04-12T15:40:17.785] [DEBUG] debug-file - Executing task :entry:default@BuildNativeWithCmake
[2026-04-12T15:40:17.791] [DEBUG] debug-file - Use tool [Cmake]
 [
  'D:\\Program Files\\Huawei\\DevEco Studio\\sdk\\default\\openharmony\\native\\build-tools\\cmake\\bin\\cmake.exe',
  '-HC:\\Users\\20732\\Desktop\\NativeCase\\entry\\src\\main\\cpp',
  '-BC:\\Users\\20732\\Desktop\\NativeCase\\entry\\.cxx\\default\\default\\debug\\arm64-v8a',
  '-DOHOS_ARCH=arm64-v8a',
  '-DCMAKE_LIBRARY_OUTPUT_DIRECTORY=C:\\Users\\20732\\Desktop\\NativeCase\\entry\\build\\default\\intermediates\\cmake\\default\\obj\\arm64-v8a',
  '-DCMAKE_BUILD_TYPE=Debug',
  '-DOHOS_SDK_NATIVE=D:\\Program Files\\Huawei\\DevEco Studio\\sdk\\default\\openharmony\\native',
  '-DCMAKE_SYSTEM_NAME=OHOS',
  '-DCMAKE_OHOS_ARCH_ABI=arm64-v8a',
  '-DCMAKE_EXPORT_COMPILE_COMMANDS=ON',
  '-DCMAKE_TOOLCHAIN_FILE=D:\\Program Files\\Huawei\\DevEco Studio\\sdk\\default\\hms\\native\\build\\cmake\\hmos.toolchain.cmake',
  '-GNinja',
  '-DCMAKE_MAKE_PROGRAM=D:\\Program Files\\Huawei\\DevEco Studio\\sdk\\default\\openharmony\\native\\build-tools\\cmake\\bin\\ninja.exe',
  '-DCMAKE_FIND_ROOT_PATH=C:\\Users\\20732\\Desktop\\NativeCase\\entry\\.cxx\\default\\default\\debug\\hvigor\\arm64-v8a',
  '-DPACKAGE_FIND_FILE=C:\\Users\\20732\\Desktop\\NativeCase\\entry\\.cxx\\default\\default\\debug\\hvigor\\arm64-v8a\\summary.cmake',
  '--no-warn-unused-cli',
  '-DHMOS_SDK_NATIVE=D:\\Program Files\\Huawei\\DevEco Studio\\sdk\\default\\hms\\native'
]
[2026-04-12T15:40:17.826] [DEBUG] debug-file - CMake configuration was up-to-date
[2026-04-12T15:40:17.839] [DEBUG] debug-file - Use tool [Cmake]
 [
  'D:\\Program Files\\Huawei\\DevEco Studio\\sdk\\default\\openharmony\\native\\build-tools\\cmake\\bin\\cmake.exe',
  '-HC:\\Users\\20732\\Desktop\\NativeCase\\entry\\src\\main\\cpp',
  '-BC:\\Users\\20732\\Desktop\\NativeCase\\entry\\.cxx\\default\\default\\debug\\x86_64',
  '-DOHOS_ARCH=x86_64',
  '-DCMAKE_LIBRARY_OUTPUT_DIRECTORY=C:\\Users\\20732\\Desktop\\NativeCase\\entry\\build\\default\\intermediates\\cmake\\default\\obj\\x86_64',
  '-DCMAKE_BUILD_TYPE=Debug',
  '-DOHOS_SDK_NATIVE=D:\\Program Files\\Huawei\\DevEco Studio\\sdk\\default\\openharmony\\native',
  '-DCMAKE_SYSTEM_NAME=OHOS',
  '-DCMAKE_OHOS_ARCH_ABI=x86_64',
  '-DCMAKE_EXPORT_COMPILE_COMMANDS=ON',
  '-DCMAKE_TOOLCHAIN_FILE=D:\\Program Files\\Huawei\\DevEco Studio\\sdk\\default\\hms\\native\\build\\cmake\\hmos.toolchain.cmake',
  '-GNinja',
  '-DCMAKE_MAKE_PROGRAM=D:\\Program Files\\Huawei\\DevEco Studio\\sdk\\default\\openharmony\\native\\build-tools\\cmake\\bin\\ninja.exe',
  '-DCMAKE_FIND_ROOT_PATH=C:\\Users\\20732\\Desktop\\NativeCase\\entry\\.cxx\\default\\default\\debug\\hvigor\\x86_64',
  '-DPACKAGE_FIND_FILE=C:\\Users\\20732\\Desktop\\NativeCase\\entry\\.cxx\\default\\default\\debug\\hvigor\\x86_64\\summary.cmake',
  '--no-warn-unused-cli',
  '-DHMOS_SDK_NATIVE=D:\\Program Files\\Huawei\\DevEco Studio\\sdk\\default\\hms\\native'
]
[2026-04-12T15:40:17.876] [DEBUG] debug-file - CMake configuration was up-to-date
[2026-04-12T15:40:17.885] [DEBUG] debug-file - entry : default@BuildNativeWithCmake cost memory -0.7036895751953125
[2026-04-12T15:40:17.885] [DEBUG] debug-file - runTaskFromQueue task cost before running: 377 ms 
[2026-04-12T15:40:17.886] [INFO] debug-file - Finished :entry:default@BuildNativeWithCmake... after 101 ms 
[2026-04-12T15:40:17.888] [DEBUG] debug-file - Executing task :entry:default@MakePackInfo
[2026-04-12T15:40:17.897] [DEBUG] debug-file - Incremental task entry:default@MakePackInfo pre-execution cost: 8 ms .
[2026-04-12T15:40:17.897] [DEBUG] debug-file - entry : default@MakePackInfo cost memory 0.13381195068359375
[2026-04-12T15:40:17.899] [INFO] debug-file - UP-TO-DATE :entry:default@MakePackInfo...  
[2026-04-12T15:40:17.901] [DEBUG] debug-file - Executing task :entry:default@SyscapTransform
[2026-04-12T15:40:17.902] [DEBUG] debug-file - File: 'C:\Users\20732\Desktop\NativeCase\entry\src\main\syscap.json' from 'sysCapJsonPath' is not exists, just ignore.
[2026-04-12T15:40:17.903] [DEBUG] debug-file - Task 'entry:default@SyscapTransform' cost while wrapping incremental declarations: 2 ms 
[2026-04-12T15:40:17.909] [DEBUG] debug-file - entry:default@SyscapTransform is not up-to-date, since the output file 'C:\Users\20732\Desktop\NativeCase\entry\build\default\intermediates\syscap\default\rpcid.sc' does not exist.
[2026-04-12T15:40:17.910] [DEBUG] debug-file - Incremental task entry:default@SyscapTransform pre-execution cost: 7 ms .
[2026-04-12T15:40:17.910] [DEBUG] debug-file - entry : default@SyscapTransform cost memory 0.1537933349609375
[2026-04-12T15:40:17.910] [DEBUG] debug-file - runTaskFromQueue task cost before running: 402 ms 
[2026-04-12T15:40:17.911] [INFO] debug-file - Finished :entry:default@SyscapTransform... after 9 ms 
[2026-04-12T15:40:17.913] [DEBUG] debug-file - Executing task :entry:default@BuildNativeWithNinja
[2026-04-12T15:40:17.915] [DEBUG] debug-file - Use tool [Ninja]
 [
  'D:\\Program Files\\Huawei\\DevEco Studio\\sdk\\default\\openharmony\\native\\build-tools\\cmake\\bin\\ninja.exe',
  '-C',
  'C:\\Users\\20732\\Desktop\\NativeCase\\entry\\.cxx\\default\\default\\debug\\arm64-v8a'
]
[2026-04-12T15:40:17.915] [DEBUG] debug-file - default@BuildNativeWithNinja work[12] is submitted.
[2026-04-12T15:40:17.915] [DEBUG] debug-file - default@BuildNativeWithNinja work[12] is pushed to ready queue.
[2026-04-12T15:40:17.915] [DEBUG] debug-file - A work dispatched to worker[7] failed because unable to get work from ready queue.
[2026-04-12T15:40:17.916] [DEBUG] debug-file - default@BuildNativeWithNinja work[12] has been dispatched to worker[6].
[2026-04-12T15:40:17.916] [DEBUG] debug-file - default@BuildNativeWithNinja work[12] is dispatched.
[2026-04-12T15:40:17.928] [DEBUG] debug-file - OHOS_STL is c++_shared
[2026-04-12T15:40:17.929] [DEBUG] debug-file - Copy STL libc++_shared.so to C:\Users\20732\Desktop\NativeCase\entry\build\default\intermediates\cmake\default\obj\arm64-v8a due to OHOS_STL is 'c++_shared'
[2026-04-12T15:40:17.930] [DEBUG] debug-file - Use tool [Ninja]
 [
  'D:\\Program Files\\Huawei\\DevEco Studio\\sdk\\default\\openharmony\\native\\build-tools\\cmake\\bin\\ninja.exe',
  '-C',
  'C:\\Users\\20732\\Desktop\\NativeCase\\entry\\.cxx\\default\\default\\debug\\x86_64'
]
[2026-04-12T15:40:17.931] [DEBUG] debug-file - default@BuildNativeWithNinja work[13] is submitted.
[2026-04-12T15:40:17.931] [DEBUG] debug-file - default@BuildNativeWithNinja work[13] is pushed to ready queue.
[2026-04-12T15:40:17.931] [DEBUG] debug-file - A work dispatched to worker[7] failed because unable to get work from ready queue.
[2026-04-12T15:40:17.931] [DEBUG] debug-file - A work dispatched to worker[6] failed because of worker busy.
[2026-04-12T15:40:17.931] [DEBUG] debug-file - default@BuildNativeWithNinja work[13] has been dispatched to worker[5].
[2026-04-12T15:40:17.931] [DEBUG] debug-file - default@BuildNativeWithNinja work[13] is dispatched.
[2026-04-12T15:40:17.944] [DEBUG] debug-file - OHOS_STL is c++_shared
[2026-04-12T15:40:17.944] [DEBUG] debug-file - Copy STL libc++_shared.so to C:\Users\20732\Desktop\NativeCase\entry\build\default\intermediates\cmake\default\obj\x86_64 due to OHOS_STL is 'c++_shared'
[2026-04-12T15:40:17.946] [DEBUG] debug-file - entry : default@BuildNativeWithNinja cost memory 0.45355987548828125
[2026-04-12T15:40:17.948] [DEBUG] debug-file - Executing task :entry:default@GeneratePkgContextInfo
[2026-04-12T15:40:17.973] [DEBUG] debug-file - ninja: Entering directory `C:\Users\20732\Desktop\NativeCase\entry\.cxx\default\default\debug\arm64-v8a'
ninja: no work to do.

[2026-04-12T15:40:17.982] [DEBUG] debug-file - Task 'entry:default@GeneratePkgContextInfo' cost while wrapping incremental declarations: 1 ms 
[2026-04-12T15:40:17.983] [DEBUG] debug-file - Incremental task entry:default@GeneratePkgContextInfo pre-execution cost: 2 ms .
[2026-04-12T15:40:17.984] [DEBUG] debug-file - entry : default@GeneratePkgContextInfo cost memory -0.759674072265625
[2026-04-12T15:40:17.984] [INFO] debug-file - UP-TO-DATE :entry:default@GeneratePkgContextInfo...  
[2026-04-12T15:40:17.986] [DEBUG] debug-file - Executing task :entry:default@ProcessProfile
[2026-04-12T15:40:17.988] [DEBUG] debug-file - Task 'entry:default@ProcessProfile' cost while wrapping incremental declarations: 1 ms 
[2026-04-12T15:40:17.989] [DEBUG] debug-file - ninja: Entering directory `C:\Users\20732\Desktop\NativeCase\entry\.cxx\default\default\debug\x86_64'
ninja: no work to do.

[2026-04-12T15:40:17.990] [DEBUG] debug-file - Incremental task entry:default@ProcessProfile pre-execution cost: 2 ms .
[2026-04-12T15:40:17.990] [DEBUG] debug-file - entry : default@ProcessProfile cost memory 0.13939666748046875
[2026-04-12T15:40:17.991] [INFO] debug-file - UP-TO-DATE :entry:default@ProcessProfile...  
[2026-04-12T15:40:17.993] [DEBUG] debug-file - Executing task :entry:default@ProcessRouterMap
[2026-04-12T15:40:17.998] [DEBUG] debug-file - Incremental task entry:default@ProcessRouterMap pre-execution cost: 5 ms .
[2026-04-12T15:40:17.999] [DEBUG] debug-file - entry : default@ProcessRouterMap cost memory 0.1620941162109375
[2026-04-12T15:40:18.000] [INFO] debug-file - UP-TO-DATE :entry:default@ProcessRouterMap...  
[2026-04-12T15:40:18.001] [DEBUG] debug-file - Executing task :entry:default@ProcessShareConfig
[2026-04-12T15:40:18.006] [DEBUG] debug-file - Incremental task entry:default@ProcessShareConfig pre-execution cost: 4 ms .
[2026-04-12T15:40:18.006] [DEBUG] debug-file - entry : default@ProcessShareConfig cost memory 0.14757537841796875
[2026-04-12T15:40:18.007] [INFO] debug-file - UP-TO-DATE :entry:default@ProcessShareConfig...  
[2026-04-12T15:40:18.008] [DEBUG] debug-file - Executing task :entry:default@ProcessStartupConfig
[2026-04-12T15:40:18.008] [DEBUG] debug-file - Task 'entry:default@ProcessStartupConfig' cost while wrapping incremental declarations: 1 ms 
[2026-04-12T15:40:18.011] [DEBUG] debug-file - entry:default@ProcessStartupConfig is not up-to-date, since the output file 'C:\Users\20732\Desktop\NativeCase\entry\build\default\intermediates\startup\default\startup_config.json' does not exist.
[2026-04-12T15:40:18.011] [DEBUG] debug-file - Incremental task entry:default@ProcessStartupConfig pre-execution cost: 2 ms .
[2026-04-12T15:40:18.012] [DEBUG] debug-file - entry : default@ProcessStartupConfig cost memory 0.149017333984375
[2026-04-12T15:40:18.013] [DEBUG] debug-file - runTaskFromQueue task cost before running: 504 ms 
[2026-04-12T15:40:18.014] [INFO] debug-file - Finished :entry:default@ProcessStartupConfig... after 5 ms 
[2026-04-12T15:40:18.018] [DEBUG] debug-file - restool module names: entry; moduleName=entry, taskName=default@ProcessResource
[2026-04-12T15:40:18.020] [DEBUG] debug-file - Executing task :entry:default@ProcessResource
[2026-04-12T15:40:18.020] [DEBUG] debug-file - Task 'entry:default@ProcessResource' cost while wrapping incremental declarations: 1 ms 
[2026-04-12T15:40:18.022] [DEBUG] debug-file - Incremental task entry:default@ProcessResource pre-execution cost: 2 ms .
[2026-04-12T15:40:18.023] [DEBUG] debug-file - entry : default@ProcessResource cost memory 0.1376495361328125
[2026-04-12T15:40:18.026] [INFO] debug-file - UP-TO-DATE :entry:default@ProcessResource...  
[2026-04-12T15:40:18.029] [DEBUG] debug-file - Executing task :entry:default@GenerateLoaderJson
[2026-04-12T15:40:18.031] [DEBUG] debug-file - Task 'entry:default@GenerateLoaderJson' cost while wrapping incremental declarations: 1 ms 
[2026-04-12T15:40:18.048] [DEBUG] debug-file - Incremental task entry:default@GenerateLoaderJson pre-execution cost: 12 ms .
[2026-04-12T15:40:18.048] [DEBUG] debug-file - entry : default@GenerateLoaderJson cost memory 0.5308837890625
[2026-04-12T15:40:18.056] [INFO] debug-file - UP-TO-DATE :entry:default@GenerateLoaderJson...  
[2026-04-12T15:40:18.058] [DEBUG] debug-file - restool module names: entry; moduleName=entry, taskName=default@CompileResource
[2026-04-12T15:40:18.060] [DEBUG] debug-file - Executing task :entry:default@CompileResource
[2026-04-12T15:40:18.098] [DEBUG] debug-file - Incremental task entry:default@CompileResource pre-execution cost: 37 ms .
[2026-04-12T15:40:18.099] [DEBUG] debug-file - entry : default@CompileResource cost memory -2.9238739013671875
[2026-04-12T15:40:18.102] [INFO] debug-file - UP-TO-DATE :entry:default@CompileResource...  
[2026-04-12T15:40:18.105] [DEBUG] debug-file - Executing task :entry:default@CompileArkTS
[2026-04-12T15:40:18.105] [DEBUG] debug-file - obfuscationOptions: undefined
[2026-04-12T15:40:18.115] [DEBUG] debug-file - Task 'entry:default@CompileArkTS' cost while wrapping incremental declarations: 1 ms 
[2026-04-12T15:40:18.182] [DEBUG] debug-file - Incremental task entry:default@CompileArkTS pre-execution cost: 63 ms .
[2026-04-12T15:40:18.183] [DEBUG] debug-file - entry : default@CompileArkTS cost memory 0.9890060424804688
[2026-04-12T15:40:18.193] [INFO] debug-file - UP-TO-DATE :entry:default@CompileArkTS...  
[2026-04-12T15:40:18.198] [DEBUG] debug-file - Executing task :entry:default@BuildJS
[2026-04-12T15:40:18.198] [DEBUG] debug-file - Task 'entry:default@BuildJS' cost while wrapping incremental declarations: 1 ms 
[2026-04-12T15:40:18.224] [DEBUG] debug-file - entry : default@BuildJS cost memory 0.1731719970703125
[2026-04-12T15:40:18.224] [DEBUG] debug-file - runTaskFromQueue task cost before running: 716 ms 
[2026-04-12T15:40:18.224] [INFO] debug-file - Finished :entry:default@BuildJS... after 27 ms 
[2026-04-12T15:40:18.225] [DEBUG] debug-file - worker[6] has one work done.
[2026-04-12T15:40:18.259] [DEBUG] debug-file - default@BuildNativeWithNinja work[12] done.
[2026-04-12T15:40:18.259] [DEBUG] debug-file - A work dispatched to worker[6] failed because unable to get work from ready queue.
[2026-04-12T15:40:18.260] [DEBUG] debug-file - worker[5] has one work done.
[2026-04-12T15:40:18.273] [DEBUG] debug-file - default@BuildNativeWithNinja work[13] done.
[2026-04-12T15:40:18.274] [INFO] debug-file - Finished :entry:default@BuildNativeWithNinja... after 80 ms 
[2026-04-12T15:40:18.276] [DEBUG] debug-file - Executing task :entry:default@ProcessLibs
[2026-04-12T15:40:18.299] [DEBUG] debug-file - Check content hash for C:\Users\20732\Desktop\NativeCase\entry\build\default\intermediates\cmake\default\obj\x86_64\libentry.so
[2026-04-12T15:40:18.304] [DEBUG] debug-file - Check content hash for C:\Users\20732\Desktop\NativeCase\entry\build\default\intermediates\cmake\default\obj\x86_64\libc++_shared.so
[2026-04-12T15:40:18.311] [DEBUG] debug-file - Check content hash for C:\Users\20732\Desktop\NativeCase\entry\build\default\intermediates\cmake\default\obj\arm64-v8a\libentry.so
[2026-04-12T15:40:18.315] [DEBUG] debug-file - Check content hash for C:\Users\20732\Desktop\NativeCase\entry\build\default\intermediates\cmake\default\obj\arm64-v8a\libc++_shared.so
[2026-04-12T15:40:18.330] [DEBUG] debug-file - Incremental task entry:default@ProcessLibs pre-execution cost: 8 ms .
[2026-04-12T15:40:18.330] [DEBUG] debug-file - entry : default@ProcessLibs cost memory 0.265899658203125
[2026-04-12T15:40:18.332] [INFO] debug-file - UP-TO-DATE :entry:default@ProcessLibs...  
[2026-04-12T15:40:18.334] [DEBUG] debug-file - Executing task :entry:default@DoNativeStrip
[2026-04-12T15:40:18.334] [DEBUG] debug-file - Task 'entry:default@DoNativeStrip' cost while wrapping incremental declarations: 1 ms 
[2026-04-12T15:40:18.342] [DEBUG] debug-file - Incremental task entry:default@DoNativeStrip pre-execution cost: 8 ms .
[2026-04-12T15:40:18.342] [DEBUG] debug-file - entry : default@DoNativeStrip cost memory 0.203582763671875
[2026-04-12T15:40:18.342] [INFO] debug-file - UP-TO-DATE :entry:default@DoNativeStrip...  
[2026-04-12T15:40:18.344] [DEBUG] debug-file - Executing task :entry:default@CacheNativeLibs
[2026-04-12T15:40:18.345] [DEBUG] debug-file - Task 'entry:default@CacheNativeLibs' cost while wrapping incremental declarations: 1 ms 
[2026-04-12T15:40:18.352] [DEBUG] debug-file - Incremental task entry:default@CacheNativeLibs pre-execution cost: 8 ms .
[2026-04-12T15:40:18.352] [DEBUG] debug-file - entry : default@CacheNativeLibs cost memory 0.22296142578125
[2026-04-12T15:40:18.353] [INFO] debug-file - UP-TO-DATE :entry:default@CacheNativeLibs...  
[2026-04-12T15:40:18.355] [DEBUG] debug-file - Executing task :entry:default@GeneratePkgModuleJson
[2026-04-12T15:40:18.356] [DEBUG] debug-file - File: 'C:\Users\20732\Desktop\NativeCase\entry\build\default\intermediates\preload\default\preload.json' from 'preloadSoJsonPath' is not exists, just ignore.
[2026-04-12T15:40:18.356] [DEBUG] debug-file - Error occurs while handling @Input 'shouldDeduplicateHar': The "data" argument must be of type string or an instance of Buffer, TypedArray, or DataView. Received undefined
[2026-04-12T15:40:18.357] [DEBUG] debug-file - Task 'entry:default@GeneratePkgModuleJson' cost while wrapping incremental declarations: 2 ms 
[2026-04-12T15:40:18.359] [DEBUG] debug-file - Incremental task entry:default@GeneratePkgModuleJson pre-execution cost: 3 ms .
[2026-04-12T15:40:18.359] [DEBUG] debug-file - entry : default@GeneratePkgModuleJson cost memory 0.11292266845703125
[2026-04-12T15:40:18.359] [INFO] debug-file - UP-TO-DATE :entry:default@GeneratePkgModuleJson...  
[2026-04-12T15:40:18.361] [DEBUG] debug-file - Executing task :entry:default@ProcessCompiledResources
[2026-04-12T15:40:18.362] [DEBUG] debug-file - File: 'C:\Users\20732\Desktop\NativeCase\entry\build\default\intermediates\preload\default\preload.json' from 'preloadSoJsonPath' is not exists, just ignore.
[2026-04-12T15:40:18.362] [DEBUG] debug-file - Task 'entry:default@ProcessCompiledResources' cost while wrapping incremental declarations: 1 ms 
[2026-04-12T15:40:18.363] [DEBUG] debug-file - entry : default@ProcessCompiledResources cost memory 0.0649871826171875
[2026-04-12T15:40:18.363] [DEBUG] debug-file - runTaskFromQueue task cost before running: 855 ms 
[2026-04-12T15:40:18.364] [INFO] debug-file - Finished :entry:default@ProcessCompiledResources... after 2 ms 
[2026-04-12T15:40:18.368] [DEBUG] debug-file - Executing task :entry:default@PackageHap
[2026-04-12T15:40:18.396] [DEBUG] debug-file - Incremental task entry:default@PackageHap pre-execution cost: 27 ms .
[2026-04-12T15:40:18.397] [DEBUG] debug-file - entry : default@PackageHap cost memory 0.5318832397460938
[2026-04-12T15:40:18.400] [INFO] debug-file - UP-TO-DATE :entry:default@PackageHap...  
[2026-04-12T15:40:18.403] [DEBUG] debug-file - Executing task :entry:default@PackingCheck
[2026-04-12T15:40:18.414] [DEBUG] debug-file - entry : default@PackingCheck cost memory 0.366851806640625
[2026-04-12T15:40:18.414] [DEBUG] debug-file - runTaskFromQueue task cost before running: 906 ms 
[2026-04-12T15:40:18.415] [INFO] debug-file - Finished :entry:default@PackingCheck... after 12 ms 
[2026-04-12T15:40:18.418] [DEBUG] debug-file - Executing task :entry:default@SignHap
[2026-04-12T15:40:18.435] [DEBUG] debug-file - Incremental task entry:default@SignHap pre-execution cost: 14 ms .
[2026-04-12T15:40:18.435] [DEBUG] debug-file - entry : default@SignHap cost memory -2.7199554443359375
[2026-04-12T15:40:18.438] [INFO] debug-file - UP-TO-DATE :entry:default@SignHap...  
[2026-04-12T15:40:18.441] [DEBUG] debug-file - Executing task :entry:default@CollectDebugSymbol
[2026-04-12T15:40:18.444] [DEBUG] debug-file - entry : default@CollectDebugSymbol cost memory 0.1008148193359375
[2026-04-12T15:40:18.444] [DEBUG] debug-file - runTaskFromQueue task cost before running: 935 ms 
[2026-04-12T15:40:18.444] [INFO] debug-file - Finished :entry:default@CollectDebugSymbol... after 3 ms 
[2026-04-12T15:40:18.444] [DEBUG] debug-file - Executing task :entry:assembleHap
[2026-04-12T15:40:18.445] [DEBUG] debug-file - entry : assembleHap cost memory 0.01419830322265625
[2026-04-12T15:40:18.445] [DEBUG] debug-file - runTaskFromQueue task cost before running: 937 ms 
[2026-04-12T15:40:18.446] [INFO] debug-file - Finished :entry:assembleHap... after 1 ms 
[2026-04-12T15:40:18.461] [INFO] debug-file - BUILD SUCCESSFUL in 953 ms 
[2026-04-12T15:40:18.462] [DEBUG] debug-file - There is no need to refresh cache, since the incremental task entry:default@PreBuild is up-to-date.
[2026-04-12T15:40:18.462] [DEBUG] debug-file - Update task entry:default@CreateModuleInfo output file:C:\Users\20732\Desktop\NativeCase\entry\build\default\generated\profile\default\ModuleInfo.ts cache.
[2026-04-12T15:40:18.463] [DEBUG] debug-file - Incremental task entry:default@CreateModuleInfo post-execution cost:2 ms .
[2026-04-12T15:40:18.464] [DEBUG] debug-file - There is no need to refresh cache, since the incremental task entry:default@GenerateMetadata is up-to-date.
[2026-04-12T15:40:18.464] [DEBUG] debug-file - There is no need to refresh cache, since the incremental task entry:default@MergeProfile is up-to-date.
[2026-04-12T15:40:18.464] [DEBUG] debug-file - There is no need to refresh cache, since the incremental task entry:default@CreateBuildProfile is up-to-date.
[2026-04-12T15:40:18.464] [DEBUG] debug-file - Update task entry:default@ProcessIntegratedHsp output file:C:\Users\20732\Desktop\NativeCase\build\cache\default\integrated_hsp\integratedHspCache.json cache.
[2026-04-12T15:40:18.465] [DEBUG] debug-file - Incremental task entry:default@ProcessIntegratedHsp post-execution cost:1 ms .
[2026-04-12T15:40:18.465] [DEBUG] debug-file - There is no need to refresh cache, since the incremental task entry:default@MakePackInfo is up-to-date.
[2026-04-12T15:40:18.465] [DEBUG] debug-file - Update task entry:default@SyscapTransform input file:D:\Program Files\Huawei\DevEco Studio\sdk\default\openharmony\toolchains\syscap_tool.exe cache by regenerate.
[2026-04-12T15:40:18.466] [DEBUG] debug-file - Update task entry:default@SyscapTransform input file:D:\Program Files\Huawei\DevEco Studio\sdk\default\openharmony\ets\api\device-define cache by regenerate.
[2026-04-12T15:40:18.471] [DEBUG] debug-file - Update task entry:default@SyscapTransform output file:C:\Users\20732\Desktop\NativeCase\entry\build\default\intermediates\syscap\default\rpcid.sc cache.
[2026-04-12T15:40:18.472] [DEBUG] debug-file - Incremental task entry:default@SyscapTransform post-execution cost:8 ms .
[2026-04-12T15:40:18.473] [DEBUG] debug-file - There is no need to refresh cache, since the incremental task entry:default@GeneratePkgContextInfo is up-to-date.
[2026-04-12T15:40:18.473] [DEBUG] debug-file - There is no need to refresh cache, since the incremental task entry:default@ProcessProfile is up-to-date.
[2026-04-12T15:40:18.473] [DEBUG] debug-file - There is no need to refresh cache, since the incremental task entry:default@ProcessRouterMap is up-to-date.
[2026-04-12T15:40:18.473] [DEBUG] debug-file - There is no need to refresh cache, since the incremental task entry:default@ProcessShareConfig is up-to-date.
[2026-04-12T15:40:18.474] [DEBUG] debug-file - Update task entry:default@ProcessStartupConfig input file:C:\Users\20732\Desktop\NativeCase\entry\build\default\intermediates\loader\default\pkgContextInfo.json cache by regenerate.
[2026-04-12T15:40:18.475] [DEBUG] debug-file - Update task entry:default@ProcessStartupConfig output file:C:\Users\20732\Desktop\NativeCase\entry\build\default\intermediates\startup\default\startup_config.json cache.
[2026-04-12T15:40:18.476] [DEBUG] debug-file - Incremental task entry:default@ProcessStartupConfig post-execution cost:3 ms .
[2026-04-12T15:40:18.476] [DEBUG] debug-file - There is no need to refresh cache, since the incremental task entry:default@ProcessResource is up-to-date.
[2026-04-12T15:40:18.476] [DEBUG] debug-file - There is no need to refresh cache, since the incremental task entry:default@GenerateLoaderJson is up-to-date.
[2026-04-12T15:40:18.476] [DEBUG] debug-file - There is no need to refresh cache, since the incremental task entry:default@CompileResource is up-to-date.
[2026-04-12T15:40:18.477] [DEBUG] debug-file - There is no need to refresh cache, since the incremental task entry:default@CompileArkTS is up-to-date.
[2026-04-12T15:40:18.489] [DEBUG] debug-file - Update task entry:default@BuildJS input file:C:\Users\20732\Desktop\NativeCase\entry\build\default\intermediates\loader\default cache by regenerate.
[2026-04-12T15:40:18.492] [DEBUG] debug-file - Update task entry:default@BuildJS input file:C:\Users\20732\Desktop\NativeCase\entry\build\default\intermediates\res\default\resources\rawfile cache by regenerate.
[2026-04-12T15:40:18.495] [DEBUG] debug-file - Update task entry:default@BuildJS input file:C:\Users\20732\Desktop\NativeCase\entry\build\default\intermediates\res\default\ResourceTable.txt cache by regenerate.
[2026-04-12T15:40:18.496] [DEBUG] debug-file - Update task entry:default@BuildJS input file:C:\Users\20732\Desktop\NativeCase\entry\build\default\intermediates\res\default\ark_module.json cache by regenerate.
[2026-04-12T15:40:18.497] [DEBUG] debug-file - Update task entry:default@BuildJS input file:C:\Users\20732\Desktop\NativeCase\entry\build\default\intermediates\res\default\resources\base\profile cache by regenerate.
[2026-04-12T15:40:18.500] [DEBUG] debug-file - Update task entry:default@BuildJS input file:C:\Users\20732\Desktop\NativeCase\entry\build\default\intermediates\loader\default\pkgContextInfo.json cache by regenerate.
[2026-04-12T15:40:18.500] [DEBUG] debug-file - Update task entry:default@BuildJS output file:C:\Users\20732\Desktop\NativeCase\entry\build\default\intermediates\loader_out\default\js cache.
[2026-04-12T15:40:18.501] [DEBUG] debug-file - Incremental task entry:default@BuildJS post-execution cost:25 ms .
[2026-04-12T15:40:18.501] [DEBUG] debug-file - There is no need to refresh cache, since the incremental task entry:default@ProcessLibs is up-to-date.
[2026-04-12T15:40:18.501] [DEBUG] debug-file - There is no need to refresh cache, since the incremental task entry:default@DoNativeStrip is up-to-date.
[2026-04-12T15:40:18.502] [DEBUG] debug-file - There is no need to refresh cache, since the incremental task entry:default@CacheNativeLibs is up-to-date.
[2026-04-12T15:40:18.502] [DEBUG] debug-file - There is no need to refresh cache, since the incremental task entry:default@GeneratePkgModuleJson is up-to-date.
[2026-04-12T15:40:18.502] [DEBUG] debug-file - Incremental task entry:default@ProcessCompiledResources post-execution cost:1 ms .
[2026-04-12T15:40:18.502] [DEBUG] debug-file - There is no need to refresh cache, since the incremental task entry:default@PackageHap is up-to-date.
[2026-04-12T15:40:18.502] [DEBUG] debug-file - There is no need to refresh cache, since the incremental task entry:default@SignHap is up-to-date.
[2026-04-12T15:40:18.504] [DEBUG] debug-file - Update task entry:default@CollectDebugSymbol input file:C:\Users\20732\Desktop\NativeCase\entry\build\default\intermediates\loader_out\default\ets\sourceMaps.map cache by regenerate.
[2026-04-12T15:40:18.505] [DEBUG] debug-file - Update task entry:default@CollectDebugSymbol input file:C:\Users\20732\Desktop\NativeCase\entry\build\default\intermediates\libs\default cache by regenerate.
[2026-04-12T15:40:18.513] [DEBUG] debug-file - Update task entry:default@CollectDebugSymbol output file:C:\Users\20732\Desktop\NativeCase\entry\build\default\outputs\default\symbol cache.
[2026-04-12T15:40:18.514] [DEBUG] debug-file - Incremental task entry:default@CollectDebugSymbol post-execution cost:12 ms .
[2026-04-12T15:40:18.563] [DEBUG] debug-file - hvigor build process will be closed.
[2026-04-12T15:40:18.578] [DEBUG] debug-file - session manager: send message to worker process.
[2026-04-12T15:40:18.580] [DEBUG] debug-file - session manager: send message to worker process.
[2026-04-12T15:40:18.580] [DEBUG] debug-file - watch worker: worker id should be larger than 0. Nothing will be sent to any worker thread.
[2026-04-12T15:40:18.580] [DEBUG] debug-file - watch worker: worker id should be larger than 0. Nothing will be sent to any worker thread.
