imgId,file,origResolution,infiPredPerson,infiProbPerson,gtPerson,infiCorrect,infiType,yoloModel,latencyMs,prepMs,totalMs,tau,stateName,cpuProcPct,cpuSysPct,pssMb,availMemMb,totalMemMb,freeMemMb,cpuFreqsKhz,gpuFreqKhz,batterySocPct,batteryTempC,batteryCurrentMa,batteryVoltageMv,batteryPowerMw,thermalLevel,preprocessMode
266409,000000266409.jpg,640x480,1,1.000000,1,1,TP,yolov8l_bsz4.ms,112.00,111.50,223.50,0.500,Idle,2.37,10.02,607.95,4423.00,11499.37,529.74,,0,100,34.00,-73,4425281,-323045.51,2,fused
438862,000000438862.jpg,640x427,1,1.000000,1,1,TP,yolov8l_bsz4.ms,112.00,111.50,223.50,0.500,Idle,2.37,10.02,607.95,4423.00,11499.37,529.74,,0,100,34.00,-73,4425281,-323045.51,2,fused
474028,000000474028.jpg,640x427,1,1.000000,1,1,TP,yolov8l_bsz4.ms,112.00,111.50,223.50,0.500,Idle,2.37,10.02,607.95,4423.00,11499.37,529.74,,0,100,34.00,-73,4425281,-323045.51,2,fused
78915,000000078915.jpg,481x640,1,1.000000,1,1,TP,yolov8l_bsz4.ms,112.00,111.50,223.50,0.500,Idle,2.37,10.02,607.95,4423.00,11499.37,529.74,,0,100,34.00,-73,4425281,-323045.51,2,fused
57597,000000057597.jpg,640x426,1,1.000000,1,1,TP,yolov8l_bsz4.ms,110.50,119.50,230.00,0.500,Idle,5.04,10.02,687.40,4313.00,11499.37,449.13,,0,100,34.00,-73,4425232,-323041.94,2,fused
559842,000000559842.jpg,640x427,1,1.000000,1,1,TP,yolov8l_bsz4.ms,110.50,119.50,230.00,0.500,Idle,5.04,10.02,687.40,4313.00,11499.37,449.13,,0,100,34.00,-73,4425232,-323041.94,2,fused
295713,000000295713.jpg,640x427,1,1.000000,1,1,TP,yolov8l_bsz4.ms,110.50,119.50,230.00,0.500,Idle,5.04,10.02,687.40,4313.00,11499.37,449.13,,0,100,34.00,-73,4425232,-323041.94,2,fused
562243,000000562243.jpg,640x640,1,1.000000,1,1,TP,yolov8l_bsz4.ms,110.50,119.50,230.00,0.500,Idle,5.04,10.02,687.40,4313.00,11499.37,449.13,,0,100,34.00,-73,4425232,-323041.94,2,fused
283520,000000283520.jpg,640x426,1,1.000000,1,1,TP,yolov8l_bsz4.ms,109.00,92.00,201.00,0.500,Idle,5.18,10.02,354.69,4607.00,11499.37,719.24,,0,100,34.00,-67,4425181,-296487.13,2,fused
414170,000000414170.jpg,425x640,1,1.000000,1,1,TP,yolov8l_bsz4.ms,109.00,92.00,201.00,0.500,Idle,5.18,10.02,354.69,4607.00,11499.37,719.24,,0,100,34.00,-67,4425181,-296487.13,2,fused
541055,000000541055.jpg,640x360,1,1.000000,1,1,TP,yolov8l_bsz4.ms,109.00,92.00,201.00,0.500,Idle,5.18,10.02,354.69,4607.00,11499.37,719.24,,0,100,34.00,-67,4425181,-296487.13,2,fused
409475,000000409475.jpg,640x480,1,1.000000,1,1,TP,yolov8l_bsz4.ms,109.00,92.00,201.00,0.500,Idle,5.18,10.02,354.69,4607.00,11499.37,719.24,,0,100,34.00,-67,4425181,-296487.13,2,fused
239537,000000239537.jpg,640x436,1,1.000000,1,1,TP,yolov8l_bsz4.ms,109.25,97.50,206.75,0.500,Idle,4.97,10.45,430.12,4532.00,11499.37,647.68,,0,100,34.00,-112,4423489,-495430.77,2,fused
537991,000000537991.jpg,640x480,1,1.000000,1,1,TP,yolov8l_bsz4.ms,109.25,97.50,206.75,0.500,Idle,4.97,10.45,430.12,4532.00,11499.37,647.68,,0,100,34.00,-112,4423489,-495430.77,2,fused
140640,000000140640.jpg,640x426,1,1.000000,1,1,TP,yolov8l_bsz4.ms,109.25,97.50,206.75,0.500,Idle,4.97,10.45,430.12,4532.00,11499.37,647.68,,0,100,34.00,-112,4423489,-495430.77,2,fused
386352,000000386352.jpg,640x427,1,1.000000,1,1,TP,yolov8l_bsz4.ms,109.25,97.50,206.75,0.500,Idle,4.97,10.45,430.12,4532.00,11499.37,647.68,,0,100,34.00,-112,4423489,-495430.77,2,fused
221291,000000221291.jpg,335x500,1,1.000000,1,1,TP,yolov8l_bsz4.ms,108.00,124.00,232.00,0.500,Idle,4.99,10.45,509.71,4449.00,11499.37,560.45,,0,100,34.00,-62,4425404,-274375.05,2,fused
410650,000000410650.jpg,640x480,1,1.000000,1,1,TP,yolov8l_bsz4.ms,108.00,124.00,232.00,0.500,Idle,4.99,10.45,509.71,4449.00,11499.37,560.45,,0,100,34.00,-62,4425404,-274375.05,2,fused
202228,000000202228.jpg,480x640,1,1.000000,1,1,TP,yolov8l_bsz4.ms,108.00,124.00,232.00,0.500,Idle,4.99,10.45,509.71,4449.00,11499.37,560.45,,0,100,34.00,-62,4425404,-274375.05,2,fused
559956,000000559956.jpg,640x480,1,1.000000,1,1,TP,yolov8l_bsz4.ms,108.00,124.00,232.00,0.500,Idle,4.99,10.45,509.71,4449.00,11499.37,560.45,,0,100,34.00,-62,4425404,-274375.05,2,fused
253742,000000253742.jpg,640x480,1,1.000000,1,1,TP,yolov8l_bsz4.ms,108.50,109.25,217.75,0.500,Idle,4.91,9.81,589.55,4370.00,11499.37,485.12,,0,100,34.00,-68,4425330,-300922.44,2,fused
518770,000000518770.jpg,500x375,1,1.000000,1,1,TP,yolov8l_bsz4.ms,108.50,109.25,217.75,0.500,Idle,4.91,9.81,589.55,4370.00,11499.37,485.12,,0,100,34.00,-68,4425330,-300922.44,2,fused
286553,000000286553.jpg,640x480,1,1.000000,1,1,TP,yolov8l_bsz4.ms,108.50,109.25,217.75,0.500,Idle,4.91,9.81,589.55,4370.00,11499.37,485.12,,0,100,34.00,-68,4425330,-300922.44,2,fused
458992,000000458992.jpg,480x640,1,1.000000,1,1,TP,yolov8l_bsz4.ms,108.50,109.25,217.75,0.500,Idle,4.91,9.81,589.55,4370.00,11499.37,485.12,,0,100,34.00,-68,4425330,-300922.44,2,fused
123213,000000123213.jpg,640x392,1,1.000000,1,1,TP,yolov8l_bsz4.ms,111.00,91.50,202.50,0.500,Idle,4.82,9.81,669.82,4290.00,11499.37,409.13,,0,100,34.00,-106,4423563,-468897.68,2,fused
91406,000000091406.jpg,640x424,1,1.000000,1,1,TP,yolov8l_bsz4.ms,111.00,91.50,202.50,0.500,Idle,4.82,9.81,669.82,4290.00,11499.37,409.13,,0,100,34.00,-106,4423563,-468897.68,2,fused
218439,000000218439.jpg,480x640,1,1.000000,1,1,TP,yolov8l_bsz4.ms,111.00,91.50,202.50,0.500,Idle,4.82,9.81,669.82,4290.00,11499.37,409.13,,0,100,34.00,-106,4423563,-468897.68,2,fused
579307,000000579307.jpg,480x640,1,1.000000,1,1,TP,yolov8l_bsz4.ms,111.00,91.50,202.50,0.500,Idle,4.82,9.81,669.82,4290.00,11499.37,409.13,,0,100,34.00,-106,4423563,-468897.68,2,fused
567640,000000567640.jpg,640x425,1,1.000000,1,1,TP,yolov8l_bsz4.ms,109.25,92.75,202.00,0.500,Idle,4.91,9.81,353.42,4609.00,11499.37,730.62,,0,100,34.00,-64,4425359,-283222.98,2,fused
45550,000000045550.jpg,640x480,1,1.000000,1,1,TP,yolov8l_bsz4.ms,109.25,92.75,202.00,0.500,Idle,4.91,9.81,353.42,4609.00,11499.37,730.62,,0,100,34.00,-64,4425359,-283222.98,2,fused
229849,000000229849.jpg,427x640,1,1.000000,1,1,TP,yolov8l_bsz4.ms,109.25,92.75,202.00,0.500,Idle,4.91,9.81,353.42,4609.00,11499.37,730.62,,0,100,34.00,-64,4425359,-283222.98,2,fused
259690,000000259690.jpg,640x480,1,1.000000,1,1,TP,yolov8l_bsz4.ms,109.25,92.75,202.00,0.500,Idle,4.91,9.81,353.42,4609.00,11499.37,730.62,,0,100,34.00,-64,4425359,-283222.98,2,fused
343218,000000343218.jpg,640x428,1,1.000000,1,1,TP,yolov8l_bsz4.ms,114.00,101.00,215.00,0.500,Idle,4.88,9.65,432.91,4534.00,11499.37,657.14,,0,100,34.00,-106,4423446,-468885.28,2,fused
224807,000000224807.jpg,640x428,1,1.000000,1,1,TP,yolov8l_bsz4.ms,114.00,101.00,215.00,0.500,Idle,4.88,9.65,432.91,4534.00,11499.37,657.14,,0,100,34.00,-106,4423446,-468885.28,2,fused
87144,000000087144.jpg,640x480,1,1.000000,1,1,TP,yolov8l_bsz4.ms,114.00,101.00,215.00,0.500,Idle,4.88,9.65,432.91,4534.00,11499.37,657.14,,0,100,34.00,-106,4423446,-468885.28,2,fused
247917,000000247917.jpg,612x612,1,1.000000,1,1,TP,yolov8l_bsz4.ms,114.00,101.00,215.00,0.500,Idle,4.88,9.65,432.91,4534.00,11499.37,657.14,,0,100,34.00,-106,4423446,-468885.28,2,fused
334767,000000334767.jpg,500x333,1,1.000000,1,1,TP,yolov8l_bsz4.ms,108.50,108.25,216.75,0.500,Idle,4.85,9.65,510.08,4462.00,11499.37,584.21,,0,100,34.00,-69,4425047,-305328.24,2,fused
482275,000000482275.jpg,640x480,1,1.000000,1,1,TP,yolov8l_bsz4.ms,108.50,108.25,216.75,0.500,Idle,4.85,9.65,510.08,4462.00,11499.37,584.21,,0,100,34.00,-69,4425047,-305328.24,2,fused
380913,000000380913.jpg,640x428,1,1.000000,1,1,TP,yolov8l_bsz4.ms,108.50,108.25,216.75,0.500,Idle,4.85,9.65,510.08,4462.00,11499.37,584.21,,0,100,34.00,-69,4425047,-305328.24,2,fused
399205,000000399205.jpg,640x480,1,1.000000,1,1,TP,yolov8l_bsz4.ms,108.50,108.25,216.75,0.500,Idle,4.85,9.65,510.08,4462.00,11499.37,584.21,,0,100,34.00,-69,4425047,-305328.24,2,fused
363666,000000363666.jpg,640x419,1,1.000000,1,1,TP,yolov8l_bsz4.ms,108.25,116.75,225.00,0.500,Idle,4.85,9.65,590.17,4387.00,11499.37,508.41,,0,100,34.00,-77,4424992,-340724.38,2,fused
405249,000000405249.jpg,500x375,1,1.000000,1,1,TP,yolov8l_bsz4.ms,108.25,116.75,225.00,0.500,Idle,4.85,9.65,590.17,4387.00,11499.37,508.41,,0,100,34.00,-77,4424992,-340724.38,2,fused
507015,000000507015.jpg,640x426,1,1.000000,1,1,TP,yolov8l_bsz4.ms,108.25,116.75,225.00,0.500,Idle,4.85,9.65,590.17,4387.00,11499.37,508.41,,0,100,34.00,-77,4424992,-340724.38,2,fused
1000,000000001000.jpg,640x480,1,1.000000,1,1,TP,yolov8l_bsz4.ms,108.25,116.75,225.00,0.500,Idle,4.85,9.65,590.17,4387.00,11499.37,508.41,,0,100,34.00,-77,4424992,-340724.38,2,fused
129492,000000129492.jpg,640x480,1,1.000000,1,1,TP,yolov8l_bsz4.ms,110.25,110.50,220.75,0.500,Idle,8.44,9.15,380.59,4602.00,11499.37,724.96,,0,100,34.00,-63,4425245,-278790.43,2,fused
62808,000000062808.jpg,640x481,1,1.000000,1,1,TP,yolov8l_bsz4.ms,110.25,110.50,220.75,0.500,Idle,8.44,9.15,380.59,4602.00,11499.37,724.96,,0,100,34.00,-63,4425245,-278790.43,2,fused
541123,000000541123.jpg,640x427,1,1.000000,1,1,TP,yolov8l_bsz4.ms,110.25,110.50,220.75,0.500,Idle,8.44,9.15,380.59,4602.00,11499.37,724.96,,0,100,34.00,-63,4425245,-278790.43,2,fused
306139,000000306139.jpg,640x426,1,1.000000,1,1,TP,yolov8l_bsz4.ms,110.25,110.50,220.75,0.500,Idle,8.44,9.15,380.59,4602.00,11499.37,724.96,,0,100,34.00,-63,4425245,-278790.43,2,fused
453166,000000453166.jpg,640x425,1,1.000000,1,1,TP,yolov8l_bsz4.ms,110.00,130.75,240.75,0.500,Idle,5.32,9.15,448.93,4536.00,11499.37,660.82,,0,100,34.00,-64,4425321,-283220.54,2,fused
119995,000000119995.jpg,468x500,1,1.000000,1,1,TP,yolov8l_bsz4.ms,110.00,130.75,240.75,0.500,Idle,5.32,9.15,448.93,4536.00,11499.37,660.82,,0,100,34.00,-64,4425321,-283220.54,2,fused
369323,000000369323.jpg,377x500,1,1.000000,1,1,TP,yolov8l_bsz4.ms,110.00,130.75,240.75,0.500,Idle,5.32,9.15,448.93,4536.00,11499.37,660.82,,0,100,34.00,-64,4425321,-283220.54,2,fused
127270,000000127270.jpg,328x500,1,1.000000,1,1,TP,yolov8l_bsz4.ms,110.00,130.75,240.75,0.500,Idle,5.32,9.15,448.93,4536.00,11499.37,660.82,,0,100,34.00,-64,4425321,-283220.54,2,fused
13291,000000013291.jpg,500x335,1,1.000000,1,1,TP,yolov8l_bsz4.ms,111.75,113.50,225.25,0.500,Idle,5.11,9.61,527.37,4459.00,11499.37,584.68,,0,100,34.00,-67,4425190,-296487.73,2,fused
440336,000000440336.jpg,500x335,1,1.000000,1,1,TP,yolov8l_bsz4.ms,111.75,113.50,225.25,0.500,Idle,5.11,9.61,527.37,4459.00,11499.37,584.68,,0,100,34.00,-67,4425190,-296487.73,2,fused
427160,000000427160.jpg,640x512,1,1.000000,1,1,TP,yolov8l_bsz4.ms,111.75,113.50,225.25,0.500,Idle,5.11,9.61,527.37,4459.00,11499.37,584.68,,0,100,34.00,-67,4425190,-296487.73,2,fused
179487,000000179487.jpg,512x640,1,1.000000,1,1,TP,yolov8l_bsz4.ms,111.75,113.50,225.25,0.500,Idle,5.11,9.61,527.37,4459.00,11499.37,584.68,,0,100,34.00,-67,4425190,-296487.73,2,fused
91500,000000091500.jpg,640x480,1,1.000000,1,1,TP,yolov8l_bsz4.ms,109.50,118.25,227.75,0.500,Idle,5.19,9.61,386.37,4605.00,11499.37,726.34,,0,100,34.00,-67,4425250,-296491.75,2,fused
136915,000000136915.jpg,640x427,1,1.000000,1,1,TP,yolov8l_bsz4.ms,109.50,118.25,227.75,0.500,Idle,5.19,9.61,386.37,4605.00,11499.37,726.34,,0,100,34.00,-67,4425250,-296491.75,2,fused
548246,000000548246.jpg,640x428,1,1.000000,1,1,TP,yolov8l_bsz4.ms,109.50,118.25,227.75,0.500,Idle,5.19,9.61,386.37,4605.00,11499.37,726.34,,0,100,34.00,-67,4425250,-296491.75,2,fused
74256,000000074256.jpg,640x480,1,1.000000,1,1,TP,yolov8l_bsz4.ms,109.50,118.25,227.75,0.500,Idle,5.19,9.61,386.37,4605.00,11499.37,726.34,,0,100,34.00,-67,4425250,-296491.75,2,fused
10764,000000010764.jpg,640x424,1,1.000000,1,1,TP,yolov8l_bsz4.ms,111.00,122.75,233.75,0.500,Idle,5.11,9.50,447.13,4545.00,11499.37,664.82,,0,100,34.00,-59,4425469,-261102.67,2,fused
346968,000000346968.jpg,640x426,1,1.000000,1,1,TP,yolov8l_bsz4.ms,111.00,122.75,233.75,0.500,Idle,5.11,9.50,447.13,4545.00,11499.37,664.82,,0,100,34.00,-59,4425469,-261102.67,2,fused
100723,000000100723.jpg,500x333,1,1.000000,1,1,TP,yolov8l_bsz4.ms,111.00,122.75,233.75,0.500,Idle,5.11,9.50,447.13,4545.00,11499.37,664.82,,0,100,34.00,-59,4425469,-261102.67,2,fused
46872,000000046872.jpg,640x391,1,1.000000,1,1,TP,yolov8l_bsz4.ms,111.00,122.75,233.75,0.500,Idle,5.11,9.50,447.13,4545.00,11499.37,664.82,,0,100,34.00,-59,4425469,-261102.67,2,fused
476770,000000476770.jpg,640x426,1,1.000000,1,1,TP,yolov8l_bsz4.ms,109.25,95.50,204.75,0.500,Idle,5.11,9.50,362.30,4632.00,11499.37,750.05,,0,100,34.00,-65,4425191,-287637.41,2,fused
190007,000000190007.jpg,640x381,1,1.000000,1,1,TP,yolov8l_bsz4.ms,109.25,95.50,204.75,0.500,Idle,5.11,9.50,362.30,4632.00,11499.37,750.05,,0,100,34.00,-65,4425191,-287637.41,2,fused
493864,000000493864.jpg,480x640,1,1.000000,1,1,TP,yolov8l_bsz4.ms,109.25,95.50,204.75,0.500,Idle,5.11,9.50,362.30,4632.00,11499.37,750.05,,0,100,34.00,-65,4425191,-287637.41,2,fused
381360,000000381360.jpg,640x425,1,1.000000,1,1,TP,yolov8l_bsz4.ms,109.25,95.50,204.75,0.500,Idle,5.11,9.50,362.30,4632.00,11499.37,750.05,,0,100,34.00,-65,4425191,-287637.41,2,fused
300341,000000300341.jpg,640x427,1,1.000000,1,1,TP,yolov8l_bsz4.ms,112.00,95.50,207.50,0.500,Idle,5.05,9.78,428.70,4566.00,11499.37,683.09,,0,100,34.00,-85,4424014,-376041.19,2,fused
52996,000000052996.jpg,640x426,1,1.000000,1,1,TP,yolov8l_bsz4.ms,112.00,95.50,207.50,0.500,Idle,5.05,9.78,428.70,4566.00,11499.37,683.09,,0,100,34.00,-85,4424014,-376041.19,2,fused
188465,000000188465.jpg,640x454,1,1.000000,1,1,TP,yolov8l_bsz4.ms,112.00,95.50,207.50,0.500,Idle,5.05,9.78,428.70,4566.00,11499.37,683.09,,0,100,34.00,-85,4424014,-376041.19,2,fused
130579,000000130579.jpg,388x640,1,1.000000,1,1,TP,yolov8l_bsz4.ms,112.00,95.50,207.50,0.500,Idle,5.05,9.78,428.70,4566.00,11499.37,683.09,,0,100,34.00,-85,4424014,-376041.19,2,fused
398203,000000398203.jpg,640x427,1,1.000000,1,1,TP,yolov8l_bsz4.ms,108.75,102.75,211.50,0.500,Idle,5.06,9.78,355.88,4641.00,11499.37,755.68,,0,100,34.00,-69,4424889,-305317.34,2,fused
323799,000000323799.jpg,640x480,1,1.000000,1,1,TP,yolov8l_bsz4.ms,108.75,102.75,211.50,0.500,Idle,5.06,9.78,355.88,4641.00,11499.37,755.68,,0,100,34.00,-69,4424889,-305317.34,2,fused
325483,000000325483.jpg,640x480,1,1.000000,1,1,TP,yolov8l_bsz4.ms,108.75,102.75,211.50,0.500,Idle,5.06,9.78,355.88,4641.00,11499.37,755.68,,0,100,34.00,-69,4424889,-305317.34,2,fused
559348,000000559348.jpg,640x480,1,1.000000,1,1,TP,yolov8l_bsz4.ms,108.75,102.75,211.50,0.500,Idle,5.06,9.78,355.88,4641.00,11499.37,755.68,,0,100,34.00,-69,4424889,-305317.34,2,fused
208363,000000208363.jpg,640x480,1,1.000000,1,1,TP,yolov8l_bsz4.ms,109.25,93.75,203.00,0.500,Idle,4.98,9.67,430.14,4568.00,11499.37,681.51,,0,100,34.00,-66,4425179,-292061.81,2,fused
478420,000000478420.jpg,480x640,1,1.000000,1,1,TP,yolov8l_bsz4.ms,109.25,93.75,203.00,0.500,Idle,4.98,9.67,430.14,4568.00,11499.37,681.51,,0,100,34.00,-66,4425179,-292061.81,2,fused
411938,000000411938.jpg,640x427,1,1.000000,1,1,TP,yolov8l_bsz4.ms,109.25,93.75,203.00,0.500,Idle,4.98,9.67,430.14,4568.00,11499.37,681.51,,0,100,34.00,-66,4425179,-292061.81,2,fused
4134,000000004134.jpg,640x425,1,1.000000,1,1,TP,yolov8l_bsz4.ms,109.25,93.75,203.00,0.500,Idle,4.98,9.67,430.14,4568.00,11499.37,681.51,,0,100,34.00,-66,4425179,-292061.81,2,fused
269316,000000269316.jpg,640x428,1,1.000000,1,1,TP,yolov8l_bsz4.ms,109.50,119.25,228.75,0.500,Idle,5.04,9.67,371.34,4628.00,11499.37,739.79,,0,100,34.00,-62,4425236,-274364.63,2,fused
398742,000000398742.jpg,427x640,1,1.000000,1,1,TP,yolov8l_bsz4.ms,109.50,119.25,228.75,0.500,Idle,5.04,9.67,371.34,4628.00,11499.37,739.79,,0,100,34.00,-62,4425236,-274364.63,2,fused
248400,000000248400.jpg,640x427,1,1.000000,1,1,TP,yolov8l_bsz4.ms,109.50,119.25,228.75,0.500,Idle,5.04,9.67,371.34,4628.00,11499.37,739.79,,0,100,34.00,-62,4425236,-274364.63,2,fused
203864,000000203864.jpg,640x491,1,1.000000,1,1,TP,yolov8l_bsz4.ms,109.50,119.25,228.75,0.500,Idle,5.04,9.67,371.34,4628.00,11499.37,739.79,,0,100,34.00,-62,4425236,-274364.63,2,fused
146155,000000146155.jpg,640x512,1,1.000000,1,1,TP,yolov8l_bsz4.ms,109.50,118.25,227.75,0.500,Idle,5.04,9.42,294.07,4706.00,11499.37,816.87,,0,100,34.00,-65,4425227,-287639.76,2,fused
491090,000000491090.jpg,478x640,1,1.000000,1,1,TP,yolov8l_bsz4.ms,109.50,118.25,227.75,0.500,Idle,5.04,9.42,294.07,4706.00,11499.37,816.87,,0,100,34.00,-65,4425227,-287639.76,2,fused
11699,000000011699.jpg,480x640,1,1.000000,1,1,TP,yolov8l_bsz4.ms,109.50,118.25,227.75,0.500,Idle,5.04,9.42,294.07,4706.00,11499.37,816.87,,0,100,34.00,-65,4425227,-287639.76,2,fused
271402,000000271402.jpg,424x640,1,1.000000,1,1,TP,yolov8l_bsz4.ms,109.50,118.25,227.75,0.500,Idle,5.04,9.42,294.07,4706.00,11499.37,816.87,,0,100,34.00,-65,4425227,-287639.76,2,fused
406129,000000406129.jpg,428x640,1,1.000000,1,1,TP,yolov8l_bsz4.ms,109.50,112.00,221.50,0.500,Idle,6.13,9.42,373.43,4630.00,11499.37,738.85,,0,100,34.00,-65,4425193,-287637.54,2,fused
457559,000000457559.jpg,640x427,1,1.000000,1,1,TP,yolov8l_bsz4.ms,109.50,112.00,221.50,0.500,Idle,6.13,9.42,373.43,4630.00,11499.37,738.85,,0,100,34.00,-65,4425193,-287637.54,2,fused
142238,000000142238.jpg,640x427,1,1.000000,1,1,TP,yolov8l_bsz4.ms,109.50,112.00,221.50,0.500,Idle,6.13,9.42,373.43,4630.00,11499.37,738.85,,0,100,34.00,-65,4425193,-287637.54,2,fused
479953,000000479953.jpg,640x393,1,1.000000,1,1,TP,yolov8l_bsz4.ms,109.50,112.00,221.50,0.500,Idle,6.13,9.42,373.43,4630.00,11499.37,738.85,,0,100,34.00,-65,4425193,-287637.54,2,fused
273760,000000273760.jpg,467x640,1,1.000000,1,1,TP,yolov8l_bsz4.ms,111.25,123.75,235.00,0.500,Idle,5.88,9.42,373.76,4584.00,11499.37,681.86,,0,100,34.00,-59,4425257,-261090.16,2,fused
382009,000000382009.jpg,640x427,1,1.000000,1,1,TP,yolov8l_bsz4.ms,111.25,123.75,235.00,0.500,Idle,5.88,9.42,373.76,4584.00,11499.37,681.86,,0,100,34.00,-59,4425257,-261090.16,2,fused
75612,000000075612.jpg,640x480,1,1.000000,1,1,TP,yolov8l_bsz4.ms,111.25,123.75,235.00,0.500,Idle,5.88,9.42,373.76,4584.00,11499.37,681.86,,0,100,34.00,-59,4425257,-261090.16,2,fused
383842,000000383842.jpg,640x434,1,1.000000,1,1,TP,yolov8l_bsz4.ms,111.25,123.75,235.00,0.500,Idle,5.88,9.42,373.76,4584.00,11499.37,681.86,,0,100,34.00,-59,4425257,-261090.16,2,fused
463918,000000463918.jpg,500x359,1,1.000000,1,1,TP,yolov8l_bsz4.ms,109.50,124.50,234.00,0.500,Idle,5.71,9.73,350.87,4609.00,11499.37,709.03,,0,100,34.00,-69,4424663,-305301.75,2,fused
400794,000000400794.jpg,426x640,1,1.000000,1,1,TP,yolov8l_bsz4.ms,109.50,124.50,234.00,0.500,Idle,5.71,9.73,350.87,4609.00,11499.37,709.03,,0,100,34.00,-69,4424663,-305301.75,2,fused
144003,000000144003.jpg,500x375,1,1.000000,1,1,TP,yolov8l_bsz4.ms,109.50,124.50,234.00,0.500,Idle,5.71,9.73,350.87,4609.00,11499.37,709.03,,0,100,34.00,-69,4424663,-305301.75,2,fused
477288,000000477288.jpg,480x640,1,1.000000,1,1,TP,yolov8l_bsz4.ms,109.50,124.50,234.00,0.500,Idle,5.71,9.73,350.87,4609.00,11499.37,709.03,,0,100,34.00,-69,4424663,-305301.75,2,fused
482800,000000482800.jpg,640x457,1,1.000000,1,1,TP,yolov8l_bsz4.ms,109.50,124.75,234.25,0.500,Idle,5.55,9.73,297.90,4661.00,11499.37,760.47,,0,100,34.00,-68,4424964,-300897.55,2,fused
479126,000000479126.jpg,640x427,1,1.000000,1,1,TP,yolov8l_bsz4.ms,109.50,124.75,234.25,0.500,Idle,5.55,9.73,297.90,4661.00,11499.37,760.47,,0,100,34.00,-68,4424964,-300897.55,2,fused
162732,000000162732.jpg,640x427,1,1.000000,1,1,TP,yolov8l_bsz4.ms,109.50,124.75,234.25,0.500,Idle,5.55,9.73,297.90,4661.00,11499.37,760.47,,0,100,34.00,-68,4424964,-300897.55,2,fused
516318,000000516318.jpg,640x427,1,1.000000,1,1,TP,yolov8l_bsz4.ms,109.50,124.75,234.25,0.500,Idle,5.55,9.73,297.90,4661.00,11499.37,760.47,,0,100,34.00,-68,4424964,-300897.55,2,fused
209530,000000209530.jpg,640x428,1,1.000000,1,1,TP,yolov8l_bsz4.ms,108.50,121.75,230.25,0.500,Idle,5.45,9.24,373.05,4589.00,11499.37,689.68,,0,100,34.00,-112,4423609,-495444.21,2,fused
266892,000000266892.jpg,640x427,1,1.000000,1,1,TP,yolov8l_bsz4.ms,108.50,121.75,230.25,0.500,Idle,5.45,9.24,373.05,4589.00,11499.37,689.68,,0,100,34.00,-112,4423609,-495444.21,2,fused
515828,000000515828.jpg,640x429,1,1.000000,1,1,TP,yolov8l_bsz4.ms,108.50,121.75,230.25,0.500,Idle,5.45,9.24,373.05,4589.00,11499.37,689.68,,0,100,34.00,-112,4423609,-495444.21,2,fused
429761,000000429761.jpg,640x428,1,1.000000,1,1,TP,yolov8l_bsz4.ms,108.50,121.75,230.25,0.500,Idle,5.45,9.24,373.05,4589.00,11499.37,689.68,,0,100,34.00,-112,4423609,-495444.21,2,fused
116068,000000116068.jpg,500x375,1,1.000000,1,1,TP,yolov8l_bsz4.ms,111.00,123.75,234.75,0.500,Idle,5.42,9.24,370.43,4591.00,11499.37,687.72,,0,100,34.00,-66,4425058,-292053.83,2,fused
546475,000000546475.jpg,383x640,1,1.000000,1,1,TP,yolov8l_bsz4.ms,111.00,123.75,234.75,0.500,Idle,5.42,9.24,370.43,4591.00,11499.37,687.72,,0,100,34.00,-66,4425058,-292053.83,2,fused
177489,000000177489.jpg,640x478,1,1.000000,1,1,TP,yolov8l_bsz4.ms,111.00,123.75,234.75,0.500,Idle,5.42,9.24,370.43,4591.00,11499.37,687.72,,0,100,34.00,-66,4425058,-292053.83,2,fused
568213,000000568213.jpg,500x325,1,1.000000,1,1,TP,yolov8l_bsz4.ms,111.00,123.75,234.75,0.500,Idle,5.42,9.24,370.43,4591.00,11499.37,687.72,,0,100,34.00,-66,4425058,-292053.83,2,fused
350679,000000350679.jpg,640x428,1,1.000000,1,1,TP,yolov8l_bsz4.ms,109.75,127.25,237.00,0.500,Idle,5.45,9.28,350.98,4615.00,11499.37,711.03,,0,100,34.00,-69,4425017,-305326.17,2,fused
376093,000000376093.jpg,640x480,1,1.000000,1,1,TP,yolov8l_bsz4.ms,109.75,127.25,237.00,0.500,Idle,5.45,9.28,350.98,4615.00,11499.37,711.03,,0,100,34.00,-69,4425017,-305326.17,2,fused
25386,000000025386.jpg,427x640,1,1.000000,1,1,TP,yolov8l_bsz4.ms,109.75,127.25,237.00,0.500,Idle,5.45,9.28,350.98,4615.00,11499.37,711.03,,0,100,34.00,-69,4425017,-305326.17,2,fused
338905,000000338905.jpg,480x360,1,1.000000,1,1,TP,yolov8l_bsz4.ms,109.75,127.25,237.00,0.500,Idle,5.45,9.28,350.98,4615.00,11499.37,711.03,,0,100,34.00,-69,4425017,-305326.17,2,fused
32334,000000032334.jpg,640x480,1,1.000000,1,1,TP,yolov8l_bsz4.ms,109.75,125.25,235.00,0.500,Idle,5.48,9.28,293.48,4655.00,11499.37,743.97,,0,100,34.00,-59,4425277,-261091.34,2,fused
438907,000000438907.jpg,458x640,1,1.000000,1,1,TP,yolov8l_bsz4.ms,109.75,125.25,235.00,0.500,Idle,5.48,9.28,293.48,4655.00,11499.37,743.97,,0,100,34.00,-59,4425277,-261091.34,2,fused
471893,000000471893.jpg,640x442,1,1.000000,1,1,TP,yolov8l_bsz4.ms,109.75,125.25,235.00,0.500,Idle,5.48,9.28,293.48,4655.00,11499.37,743.97,,0,100,34.00,-59,4425277,-261091.34,2,fused
189475,000000189475.jpg,500x375,1,1.000000,1,1,TP,yolov8l_bsz4.ms,109.75,125.25,235.00,0.500,Idle,5.48,9.28,293.48,4655.00,11499.37,743.97,,0,100,34.00,-59,4425277,-261091.34,2,fused
271116,000000271116.jpg,640x424,1,1.000000,1,1,TP,yolov8l_bsz4.ms,109.00,122.00,231.00,0.500,Idle,5.40,10.09,372.42,4571.00,11499.37,659.92,,0,100,34.00,-57,4425284,-252241.19,2,fused
48396,000000048396.jpg,640x427,1,1.000000,1,1,TP,yolov8l_bsz4.ms,109.00,122.00,231.00,0.500,Idle,5.40,10.09,372.42,4571.00,11499.37,659.92,,0,100,34.00,-57,4425284,-252241.19,2,fused
274460,000000274460.jpg,640x454,1,1.000000,1,1,TP,yolov8l_bsz4.ms,109.00,122.00,231.00,0.500,Idle,5.40,10.09,372.42,4571.00,11499.37,659.92,,0,100,34.00,-57,4425284,-252241.19,2,fused
274066,000000274066.jpg,640x427,1,1.000000,1,1,TP,yolov8l_bsz4.ms,109.00,122.00,231.00,0.500,Idle,5.40,10.09,372.42,4571.00,11499.37,659.92,,0,100,34.00,-57,4425284,-252241.19,2,fused
146667,000000146667.jpg,640x539,1,1.000000,1,1,TP,yolov8l_bsz4.ms,109.25,128.50,237.75,0.500,Idle,5.40,10.09,370.23,4547.00,11499.37,632.73,,0,100,34.00,-58,4425212,-256662.30,2,fused
242946,000000242946.jpg,640x480,1,1.000000,1,1,TP,yolov8l_bsz4.ms,109.25,128.50,237.75,0.500,Idle,5.40,10.09,370.23,4547.00,11499.37,632.73,,0,100,34.00,-58,4425212,-256662.30,2,fused
135604,000000135604.jpg,640x427,1,1.000000,1,1,TP,yolov8l_bsz4.ms,109.25,128.50,237.75,0.500,Idle,5.40,10.09,370.23,4547.00,11499.37,632.73,,0,100,34.00,-58,4425212,-256662.30,2,fused
225405,000000225405.jpg,640x471,1,1.000000,1,1,TP,yolov8l_bsz4.ms,109.25,128.50,237.75,0.500,Idle,5.40,10.09,370.23,4547.00,11499.37,632.73,,0,100,34.00,-58,4425212,-256662.30,2,fused
231879,000000231879.jpg,640x426,1,1.000000,1,1,TP,yolov8l_bsz4.ms,110.00,113.25,223.25,0.500,Idle,6.12,15.97,350.42,4596.00,11499.37,683.55,,0,100,34.00,-59,4425167,-261084.85,2,fused
18491,000000018491.jpg,640x427,1,1.000000,1,1,TP,yolov8l_bsz4.ms,110.00,113.25,223.25,0.500,Idle,6.12,15.97,350.42,4596.00,11499.37,683.55,,0,100,34.00,-59,4425167,-261084.85,2,fused
393056,000000393056.jpg,640x480,1,1.000000,1,1,TP,yolov8l_bsz4.ms,110.00,113.25,223.25,0.500,Idle,6.12,15.97,350.42,4596.00,11499.37,683.55,,0,100,34.00,-59,4425167,-261084.85,2,fused
281409,000000281409.jpg,640x427,1,1.000000,1,1,TP,yolov8l_bsz4.ms,110.00,113.25,223.25,0.500,Idle,6.12,15.97,350.42,4596.00,11499.37,683.55,,0,100,34.00,-59,4425167,-261084.85,2,fused
484351,000000484351.jpg,640x426,1,1.000000,1,1,TP,yolov8l_bsz4.ms,109.75,119.00,228.75,0.500,Idle,5.53,15.97,294.12,4659.00,11499.37,746.32,,0,100,34.00,-109,4423269,-482136.32,2,fused
412362,000000412362.jpg,640x499,1,1.000000,1,1,TP,yolov8l_bsz4.ms,109.75,119.00,228.75,0.500,Idle,5.53,15.97,294.12,4659.00,11499.37,746.32,,0,100,34.00,-109,4423269,-482136.32,2,fused
25096,000000025096.jpg,375x500,1,1.000000,1,1,TP,yolov8l_bsz4.ms,109.75,119.00,228.75,0.500,Idle,5.53,15.97,294.12,4659.00,11499.37,746.32,,0,100,34.00,-109,4423269,-482136.32,2,fused
261036,000000261036.jpg,333x500,1,1.000000,1,1,TP,yolov8l_bsz4.ms,109.75,119.00,228.75,0.500,Idle,5.53,15.97,294.12,4659.00,11499.37,746.32,,0,100,34.00,-109,4423269,-482136.32,2,fused
451879,000000451879.jpg,500x438,1,1.000000,1,1,TP,yolov8l_bsz4.ms,109.50,120.00,229.50,0.500,Idle,5.37,11.80,370.68,4589.00,11499.37,677.02,,0,100,34.00,-66,4424877,-292041.88,2,fused
485480,000000485480.jpg,640x281,1,1.000000,1,1,TP,yolov8l_bsz4.ms,109.50,120.00,229.50,0.500,Idle,5.37,11.80,370.68,4589.00,11499.37,677.02,,0,100,34.00,-66,4424877,-292041.88,2,fused
318138,000000318138.jpg,480x640,1,1.000000,1,1,TP,yolov8l_bsz4.ms,109.50,120.00,229.50,0.500,Idle,5.37,11.80,370.68,4589.00,11499.37,677.02,,0,100,34.00,-66,4424877,-292041.88,2,fused
323496,000000323496.jpg,500x398,1,1.000000,1,1,TP,yolov8l_bsz4.ms,109.50,120.00,229.50,0.500,Idle,5.37,11.80,370.68,4589.00,11499.37,677.02,,0,100,34.00,-66,4424877,-292041.88,2,fused
170955,000000170955.jpg,640x427,1,1.000000,1,1,TP,yolov8l_bsz4.ms,109.50,118.50,228.00,0.500,Idle,5.48,11.80,372.77,4581.00,11499.37,668.73,,0,100,34.00,-64,4424896,-283193.34,2,fused
100238,000000100238.jpg,640x480,1,1.000000,1,1,TP,yolov8l_bsz4.ms,109.50,118.50,228.00,0.500,Idle,5.48,11.80,372.77,4581.00,11499.37,668.73,,0,100,34.00,-64,4424896,-283193.34,2,fused
493905,000000493905.jpg,571x640,1,1.000000,1,1,TP,yolov8l_bsz4.ms,109.50,118.50,228.00,0.500,Idle,5.48,11.80,372.77,4581.00,11499.37,668.73,,0,100,34.00,-64,4424896,-283193.34,2,fused
416451,000000416451.jpg,640x480,1,1.000000,1,1,TP,yolov8l_bsz4.ms,109.50,118.50,228.00,0.500,Idle,5.48,11.80,372.77,4581.00,11499.37,668.73,,0,100,34.00,-64,4424896,-283193.34,2,fused
447088,000000447088.jpg,500x333,1,1.000000,1,1,TP,yolov8l_bsz4.ms,110.75,117.75,228.50,0.500,Idle,5.45,10.70,369.08,4589.00,11499.37,676.72,,0,100,34.00,-68,4424893,-300892.72,2,fused
470924,000000470924.jpg,640x480,1,1.000000,1,1,TP,yolov8l_bsz4.ms,110.75,117.75,228.50,0.500,Idle,5.45,10.70,369.08,4589.00,11499.37,676.72,,0,100,34.00,-68,4424893,-300892.72,2,fused
463618,000000463618.jpg,640x451,1,1.000000,1,1,TP,yolov8l_bsz4.ms,110.75,117.75,228.50,0.500,Idle,5.45,10.70,369.08,4589.00,11499.37,676.72,,0,100,34.00,-68,4424893,-300892.72,2,fused
523957,000000523957.jpg,640x427,1,1.000000,1,1,TP,yolov8l_bsz4.ms,110.75,117.75,228.50,0.500,Idle,5.45,10.70,369.08,4589.00,11499.37,676.72,,0,100,34.00,-68,4424893,-300892.72,2,fused
84674,000000084674.jpg,480x640,1,1.000000,1,1,TP,yolov8l_bsz4.ms,109.75,115.25,225.00,0.500,Idle,5.48,10.70,349.44,4609.00,11499.37,693.10,,0,100,34.00,-65,4424905,-287618.83,2,fused
246883,000000246883.jpg,640x480,1,1.000000,1,1,TP,yolov8l_bsz4.ms,109.75,115.25,225.00,0.500,Idle,5.48,10.70,349.44,4609.00,11499.37,693.10,,0,100,34.00,-65,4424905,-287618.83,2,fused
571598,000000571598.jpg,640x480,1,1.000000,1,1,TP,yolov8l_bsz4.ms,109.75,115.25,225.00,0.500,Idle,5.48,10.70,349.44,4609.00,11499.37,693.10,,0,100,34.00,-65,4424905,-287618.83,2,fused
275749,000000275749.jpg,500x375,1,1.000000,1,1,TP,yolov8l_bsz4.ms,109.75,115.25,225.00,0.500,Idle,5.48,10.70,349.44,4609.00,11499.37,693.10,,0,100,34.00,-65,4424905,-287618.83,2,fused
371552,000000371552.jpg,640x427,1,1.000000,1,1,TP,yolov8l_bsz4.ms,109.50,110.75,220.25,0.500,Idle,5.48,10.22,293.50,4668.00,11499.37,753.46,,0,100,34.00,-63,4424922,-278770.09,2,fused
509451,000000509451.jpg,500x375,1,1.000000,1,1,TP,yolov8l_bsz4.ms,109.50,110.75,220.25,0.500,Idle,5.48,10.22,293.50,4668.00,11499.37,753.46,,0,100,34.00,-63,4424922,-278770.09,2,fused
309964,000000309964.jpg,640x427,1,1.000000,1,1,TP,yolov8l_bsz4.ms,109.50,110.75,220.25,0.500,Idle,5.48,10.22,293.50,4668.00,11499.37,753.46,,0,100,34.00,-63,4424922,-278770.09,2,fused
53626,000000053626.jpg,640x480,1,1.000000,1,1,TP,yolov8l_bsz4.ms,109.50,110.75,220.25,0.500,Idle,5.48,10.22,293.50,4668.00,11499.37,753.46,,0,100,34.00,-63,4424922,-278770.09,2,fused
568195,000000568195.jpg,427x640,1,1.000000,1,1,TP,yolov8l_bsz4.ms,109.00,108.25,217.25,0.500,Idle,5.38,10.22,372.48,4586.00,11499.37,667.60,,0,100,34.00,-63,4425049,-278778.09,2,fused
373382,000000373382.jpg,480x640,1,1.000000,1,1,TP,yolov8l_bsz4.ms,109.00,108.25,217.25,0.500,Idle,5.38,10.22,372.48,4586.00,11499.37,667.60,,0,100,34.00,-63,4425049,-278778.09,2,fused
304404,000000304404.jpg,640x428,1,1.000000,1,1,TP,yolov8l_bsz4.ms,109.00,108.25,217.25,0.500,Idle,5.38,10.22,372.48,4586.00,11499.37,667.60,,0,100,34.00,-63,4425049,-278778.09,2,fused
397354,000000397354.jpg,640x480,1,1.000000,1,1,TP,yolov8l_bsz4.ms,109.00,108.25,217.25,0.500,Idle,5.38,10.22,372.48,4586.00,11499.37,667.60,,0,100,34.00,-63,4425049,-278778.09,2,fused
44279,000000044279.jpg,640x425,1,1.000000,1,1,TP,yolov8l_bsz4.ms,111.50,118.25,229.75,0.500,Idle,5.37,10.22,372.42,4591.00,11499.37,672.03,,0,100,34.00,-106,4423302,-468870.01,2,fused
513567,000000513567.jpg,640x480,1,1.000000,1,1,TP,yolov8l_bsz4.ms,111.50,118.25,229.75,0.500,Idle,5.37,10.22,372.42,4591.00,11499.37,672.03,,0,100,34.00,-106,4423302,-468870.01,2,fused
33221,000000033221.jpg,500x333,1,1.000000,1,1,TP,yolov8l_bsz4.ms,111.50,118.25,229.75,0.500,Idle,5.37,10.22,372.42,4591.00,11499.37,672.03,,0,100,34.00,-106,4423302,-468870.01,2,fused
237071,000000237071.jpg,640x427,1,1.000000,1,1,TP,yolov8l_bsz4.ms,111.50,118.25,229.75,0.500,Idle,5.37,10.22,372.42,4591.00,11499.37,672.03,,0,100,34.00,-106,4423302,-468870.01,2,fused
85772,000000085772.jpg,640x427,1,1.000000,1,1,TP,yolov8l_bsz4.ms,109.50,121.00,230.50,0.500,Idle,5.42,9.59,349.92,4610.00,11499.37,690.57,,0,100,34.00,-67,4424871,-296466.36,2,fused
474021,000000474021.jpg,500x375,1,1.000000,1,1,TP,yolov8l_bsz4.ms,109.50,121.00,230.50,0.500,Idle,5.42,9.59,349.92,4610.00,11499.37,690.57,,0,100,34.00,-67,4424871,-296466.36,2,fused
203629,000000203629.jpg,640x427,1,1.000000,1,1,TP,yolov8l_bsz4.ms,109.50,121.00,230.50,0.500,Idle,5.42,9.59,349.92,4610.00,11499.37,690.57,,0,100,34.00,-67,4424871,-296466.36,2,fused
276018,000000276018.jpg,416x640,1,1.000000,1,1,TP,yolov8l_bsz4.ms,109.50,121.00,230.50,0.500,Idle,5.42,9.59,349.92,4610.00,11499.37,690.57,,0,100,34.00,-67,4424871,-296466.36,2,fused
275198,000000275198.jpg,640x480,1,1.000000,1,1,TP,yolov8l_bsz4.ms,109.25,119.00,228.25,0.500,Idle,9.09,9.59,294.99,4668.00,11499.37,749.60,,0,100,34.00,-69,4424891,-305317.48,2,fused
153797,000000153797.jpg,500x400,1,1.000000,1,1,TP,yolov8l_bsz4.ms,109.25,119.00,228.25,0.500,Idle,9.09,9.59,294.99,4668.00,11499.37,749.60,,0,100,34.00,-69,4424891,-305317.48,2,fused
296222,000000296222.jpg,640x480,1,1.000000,1,1,TP,yolov8l_bsz4.ms,109.25,119.00,228.25,0.500,Idle,9.09,9.59,294.99,4668.00,11499.37,749.60,,0,100,34.00,-69,4424891,-305317.48,2,fused
382125,000000382125.jpg,640x480,1,1.000000,1,1,TP,yolov8l_bsz4.ms,109.25,119.00,228.25,0.500,Idle,9.09,9.59,294.99,4668.00,11499.37,749.60,,0,100,34.00,-69,4424891,-305317.48,2,fused
213171,000000213171.jpg,375x500,1,1.000000,1,1,TP,yolov8l_bsz4.ms,109.75,128.25,238.00,0.500,Idle,6.02,11.03,372.16,4587.00,11499.37,663.57,,0,100,34.00,-64,4424913,-283194.43,2,fused
468332,000000468332.jpg,640x424,1,1.000000,1,1,TP,yolov8l_bsz4.ms,109.75,128.25,238.00,0.500,Idle,6.02,11.03,372.16,4587.00,11499.37,663.57,,0,100,34.00,-64,4424913,-283194.43,2,fused
182923,000000182923.jpg,375x500,1,1.000000,1,1,TP,yolov8l_bsz4.ms,109.75,128.25,238.00,0.500,Idle,6.02,11.03,372.16,4587.00,11499.37,663.57,,0,100,34.00,-64,4424913,-283194.43,2,fused
578871,000000578871.jpg,480x640,1,1.000000,1,1,TP,yolov8l_bsz4.ms,109.75,128.25,238.00,0.500,Idle,6.02,11.03,372.16,4587.00,11499.37,663.57,,0,100,34.00,-64,4424913,-283194.43,2,fused
442161,000000442161.jpg,500x375,1,1.000000,1,1,TP,yolov8l_bsz4.ms,111.00,111.00,222.00,0.500,Idle,5.72,11.03,369.17,4591.00,11499.37,669.61,,0,100,34.00,-62,4424994,-274349.63,2,fused
92416,000000092416.jpg,480x640,1,1.000000,1,1,TP,yolov8l_bsz4.ms,111.00,111.00,222.00,0.500,Idle,5.72,11.03,369.17,4591.00,11499.37,669.61,,0,100,34.00,-62,4424994,-274349.63,2,fused
529122,000000529122.jpg,500x281,1,1.000000,1,1,TP,yolov8l_bsz4.ms,111.00,111.00,222.00,0.500,Idle,5.72,11.03,369.17,4591.00,11499.37,669.61,,0,100,34.00,-62,4424994,-274349.63,2,fused
447917,000000447917.jpg,640x362,1,1.000000,1,1,TP,yolov8l_bsz4.ms,111.00,111.00,222.00,0.500,Idle,5.72,11.03,369.17,4591.00,11499.37,669.61,,0,100,34.00,-62,4424994,-274349.63,2,fused
245026,000000245026.jpg,640x424,1,1.000000,1,1,TP,yolov8l_bsz4.ms,109.75,112.50,222.25,0.500,Idle,5.72,10.58,350.59,4605.00,11499.37,684.46,,0,100,34.00,-67,4424781,-296460.33,2,fused
60507,000000060507.jpg,640x427,1,1.000000,1,1,TP,yolov8l_bsz4.ms,109.75,112.50,222.25,0.500,Idle,5.72,10.58,350.59,4605.00,11499.37,684.46,,0,100,34.00,-67,4424781,-296460.33,2,fused
465822,000000465822.jpg,500x375,1,1.000000,1,1,TP,yolov8l_bsz4.ms,109.75,112.50,222.25,0.500,Idle,5.72,10.58,350.59,4605.00,11499.37,684.46,,0,100,34.00,-67,4424781,-296460.33,2,fused
199771,000000199771.jpg,640x425,1,1.000000,1,1,TP,yolov8l_bsz4.ms,109.75,112.50,222.25,0.500,Idle,5.72,10.58,350.59,4605.00,11499.37,684.46,,0,100,34.00,-67,4424781,-296460.33,2,fused
401244,000000401244.jpg,426x640,1,1.000000,1,1,TP,yolov8l_bsz4.ms,110.00,135.25,245.25,0.500,Idle,5.66,10.58,298.97,4661.00,11499.37,739.46,,0,100,34.00,-60,4425024,-265501.44,2,fused
81988,000000081988.jpg,640x427,1,1.000000,1,1,TP,yolov8l_bsz4.ms,110.00,135.25,245.25,0.500,Idle,5.66,10.58,298.97,4661.00,11499.37,739.46,,0,100,34.00,-60,4425024,-265501.44,2,fused
547854,000000547854.jpg,640x640,1,1.000000,1,1,TP,yolov8l_bsz4.ms,110.00,135.25,245.25,0.500,Idle,5.66,10.58,298.97,4661.00,11499.37,739.46,,0,100,34.00,-60,4425024,-265501.44,2,fused
64718,000000064718.jpg,640x464,1,1.000000,1,1,TP,yolov8l_bsz4.ms,110.00,135.25,245.25,0.500,Idle,5.66,10.58,298.97,4661.00,11499.37,739.46,,0,100,34.00,-60,4425024,-265501.44,2,fused
447187,000000447187.jpg,640x480,1,1.000000,1,1,TP,yolov8l_bsz4.ms,109.50,124.25,233.75,0.500,Idle,5.50,9.69,374.91,4576.00,11499.37,652.03,,0,100,34.00,-97,4423358,-429065.73,2,fused
343561,000000343561.jpg,640x428,1,1.000000,1,1,TP,yolov8l_bsz4.ms,109.50,124.25,233.75,0.500,Idle,5.50,9.69,374.91,4576.00,11499.37,652.03,,0,100,34.00,-97,4423358,-429065.73,2,fused
13729,000000013729.jpg,640x480,1,1.000000,1,1,TP,yolov8l_bsz4.ms,109.50,124.25,233.75,0.500,Idle,5.50,9.69,374.91,4576.00,11499.37,652.03,,0,100,34.00,-97,4423358,-429065.73,2,fused
386912,000000386912.jpg,640x480,1,0.999999,1,1,TP,yolov8l_bsz4.ms,109.50,124.25,233.75,0.500,Idle,5.50,9.69,374.91,4576.00,11499.37,652.03,,0,100,34.00,-97,4423358,-429065.73,2,fused
400573,000000400573.jpg,480x640,1,0.999999,1,1,TP,yolov8l_bsz4.ms,110.00,116.75,226.75,0.500,Idle,5.55,9.69,368.79,4586.00,11499.37,662.71,,0,100,34.00,-69,4424543,-305293.47,2,fused
544519,000000544519.jpg,640x427,1,0.999999,1,1,TP,yolov8l_bsz4.ms,110.00,116.75,226.75,0.500,Idle,5.55,9.69,368.79,4586.00,11499.37,662.71,,0,100,34.00,-69,4424543,-305293.47,2,fused
399462,000000399462.jpg,300x451,1,0.999999,1,1,TP,yolov8l_bsz4.ms,110.00,116.75,226.75,0.500,Idle,5.55,9.69,368.79,4586.00,11499.37,662.71,,0,100,34.00,-69,4424543,-305293.47,2,fused
217285,000000217285.jpg,640x427,1,0.999999,1,1,TP,yolov8l_bsz4.ms,110.00,116.75,226.75,0.500,Idle,5.55,9.69,368.79,4586.00,11499.37,662.71,,0,100,34.00,-69,4424543,-305293.47,2,fused
785,000000000785.jpg,640x425,1,0.999999,1,1,TP,yolov8l_bsz4.ms,109.50,104.50,214.00,0.500,Idle,5.54,9.62,349.88,4604.00,11499.37,678.60,,0,100,35.00,-89,4424159,-393750.15,2,fused
578545,000000578545.jpg,640x474,1,0.999999,1,1,TP,yolov8l_bsz4.ms,109.50,104.50,214.00,0.500,Idle,5.54,9.62,349.88,4604.00,11499.37,678.60,,0,100,35.00,-89,4424159,-393750.15,2,fused
281414,000000281414.jpg,443x640,1,0.999999,1,1,TP,yolov8l_bsz4.ms,109.50,104.50,214.00,0.500,Idle,5.54,9.62,349.88,4604.00,11499.37,678.60,,0,100,35.00,-89,4424159,-393750.15,2,fused
80340,000000080340.jpg,640x427,1,0.999999,1,1,TP,yolov8l_bsz4.ms,109.50,104.50,214.00,0.500,Idle,5.54,9.62,349.88,4604.00,11499.37,678.60,,0,100,35.00,-89,4424159,-393750.15,2,fused
578489,000000578489.jpg,640x480,1,0.999999,1,1,TP,yolov8l_bsz4.ms,109.25,112.25,221.50,0.500,Idle,5.50,9.62,296.00,4660.00,11499.37,737.14,,0,100,35.00,-63,4424949,-278771.79,2,fused
89648,000000089648.jpg,640x427,1,0.999999,1,1,TP,yolov8l_bsz4.ms,109.25,112.25,221.50,0.500,Idle,5.50,9.62,296.00,4660.00,11499.37,737.14,,0,100,35.00,-63,4424949,-278771.79,2,fused
570471,000000570471.jpg,375x500,1,0.999999,1,1,TP,yolov8l_bsz4.ms,109.25,112.25,221.50,0.500,Idle,5.50,9.62,296.00,4660.00,11499.37,737.14,,0,100,35.00,-63,4424949,-278771.79,2,fused
59044,000000059044.jpg,640x427,1,0.999999,1,1,TP,yolov8l_bsz4.ms,109.25,112.25,221.50,0.500,Idle,5.50,9.62,296.00,4660.00,11499.37,737.14,,0,100,35.00,-63,4424949,-278771.79,2,fused
153529,000000153529.jpg,480x640,1,0.999999,1,1,TP,yolov8l_bsz4.ms,109.50,113.75,223.25,0.500,Idle,5.43,9.45,372.82,4587.00,11499.37,664.08,,0,100,35.00,-59,4424992,-261074.53,2,fused
189752,000000189752.jpg,640x480,1,0.999999,1,1,TP,yolov8l_bsz4.ms,109.50,113.75,223.25,0.500,Idle,5.43,9.45,372.82,4587.00,11499.37,664.08,,0,100,35.00,-59,4424992,-261074.53,2,fused
290163,000000290163.jpg,512x640,1,0.999999,1,1,TP,yolov8l_bsz4.ms,109.50,113.75,223.25,0.500,Idle,5.43,9.45,372.82,4587.00,11499.37,664.08,,0,100,35.00,-59,4424992,-261074.53,2,fused
130586,000000130586.jpg,427x640,1,0.999999,1,1,TP,yolov8l_bsz4.ms,109.50,113.75,223.25,0.500,Idle,5.43,9.45,372.82,4587.00,11499.37,664.08,,0,100,35.00,-59,4424992,-261074.53,2,fused
11051,000000011051.jpg,640x536,1,0.999999,1,1,TP,yolov8l_bsz4.ms,111.25,110.00,221.25,0.500,Idle,5.40,9.45,371.57,4585.00,11499.37,659.79,,0,100,35.00,-64,4424933,-283195.71,2,fused
143572,000000143572.jpg,640x424,1,0.999999,1,1,TP,yolov8l_bsz4.ms,111.25,110.00,221.25,0.500,Idle,5.40,9.45,371.57,4585.00,11499.37,659.79,,0,100,35.00,-64,4424933,-283195.71,2,fused
388056,000000388056.jpg,500x332,1,0.999999,1,1,TP,yolov8l_bsz4.ms,111.25,110.00,221.25,0.500,Idle,5.40,9.45,371.57,4585.00,11499.37,659.79,,0,100,35.00,-64,4424933,-283195.71,2,fused
372819,000000372819.jpg,640x426,1,0.999999,1,1,TP,yolov8l_bsz4.ms,111.25,110.00,221.25,0.500,Idle,5.40,9.45,371.57,4585.00,11499.37,659.79,,0,100,35.00,-64,4424933,-283195.71,2,fused
54654,000000054654.jpg,407x640,1,0.999999,1,1,TP,yolov8l_bsz4.ms,109.25,115.50,224.75,0.500,Idle,5.30,9.45,350.91,4613.00,11499.37,686.62,,0,100,35.00,-59,4425034,-261077.01,2,fused
413395,000000413395.jpg,640x421,1,0.999999,1,1,TP,yolov8l_bsz4.ms,109.25,115.50,224.75,0.500,Idle,5.30,9.45,350.91,4613.00,11499.37,686.62,,0,100,35.00,-59,4425034,-261077.01,2,fused
469067,000000469067.jpg,640x480,1,0.999999,1,1,TP,yolov8l_bsz4.ms,109.25,115.50,224.75,0.500,Idle,5.30,9.45,350.91,4613.00,11499.37,686.62,,0,100,35.00,-59,4425034,-261077.01,2,fused
203931,000000203931.jpg,428x640,1,0.999999,1,1,TP,yolov8l_bsz4.ms,109.25,115.50,224.75,0.500,Idle,5.30,9.45,350.91,4613.00,11499.37,686.62,,0,100,35.00,-59,4425034,-261077.01,2,fused
229216,000000229216.jpg,640x426,1,0.999999,1,1,TP,yolov8l_bsz4.ms,109.50,118.25,227.75,0.500,Idle,5.52,9.64,296.14,4660.00,11499.37,733.32,,0,100,35.00,-77,4423907,-340640.84,2,fused
323263,000000323263.jpg,640x447,1,0.999999,1,1,TP,yolov8l_bsz4.ms,109.50,118.25,227.75,0.500,Idle,5.52,9.64,296.14,4660.00,11499.37,733.32,,0,100,35.00,-77,4423907,-340640.84,2,fused
289229,000000289229.jpg,362x500,1,0.999999,1,1,TP,yolov8l_bsz4.ms,109.50,118.25,227.75,0.500,Idle,5.52,9.64,296.14,4660.00,11499.37,733.32,,0,100,35.00,-77,4423907,-340640.84,2,fused
376900,000000376900.jpg,480x640,1,0.999999,1,1,TP,yolov8l_bsz4.ms,109.50,118.25,227.75,0.500,Idle,5.52,9.64,296.14,4660.00,11499.37,733.32,,0,100,35.00,-77,4423907,-340640.84,2,fused
60886,000000060886.jpg,500x333,1,0.999999,1,1,TP,yolov8l_bsz4.ms,109.00,118.50,227.50,0.500,Idle,5.37,9.64,371.96,4587.00,11499.37,660.12,,0,100,35.00,-70,4424496,-309714.72,2,fused
63047,000000063047.jpg,640x561,1,0.999999,1,1,TP,yolov8l_bsz4.ms,109.00,118.50,227.50,0.500,Idle,5.37,9.64,371.96,4587.00,11499.37,660.12,,0,100,35.00,-70,4424496,-309714.72,2,fused
391290,000000391290.jpg,640x426,1,0.999999,1,1,TP,yolov8l_bsz4.ms,109.00,118.50,227.50,0.500,Idle,5.37,9.64,371.96,4587.00,11499.37,660.12,,0,100,35.00,-70,4424496,-309714.72,2,fused
93261,000000093261.jpg,500x375,1,0.999999,1,1,TP,yolov8l_bsz4.ms,109.00,118.50,227.50,0.500,Idle,5.37,9.64,371.96,4587.00,11499.37,660.12,,0,100,35.00,-70,4424496,-309714.72,2,fused
66886,000000066886.jpg,640x427,1,0.999999,1,1,TP,yolov8l_bsz4.ms,111.25,114.75,226.00,0.500,Idle,5.36,10.57,372.12,4585.00,11499.37,655.87,,0,100,35.00,-105,4423426,-464459.73,2,fused
480936,000000480936.jpg,482x640,1,0.999999,1,1,TP,yolov8l_bsz4.ms,111.25,114.75,226.00,0.500,Idle,5.36,10.57,372.12,4585.00,11499.37,655.87,,0,100,35.00,-105,4423426,-464459.73,2,fused
289059,000000289059.jpg,640x480,1,0.999999,1,1,TP,yolov8l_bsz4.ms,111.25,114.75,226.00,0.500,Idle,5.36,10.57,372.12,4585.00,11499.37,655.87,,0,100,35.00,-105,4423426,-464459.73,2,fused
8211,000000008211.jpg,640x459,1,0.999999,1,1,TP,yolov8l_bsz4.ms,111.25,114.75,226.00,0.500,Idle,5.36,10.57,372.12,4585.00,11499.37,655.87,,0,100,35.00,-105,4423426,-464459.73,2,fused
180101,000000180101.jpg,640x480,1,0.999999,1,1,TP,yolov8l_bsz4.ms,108.50,126.00,234.50,0.500,Idle,5.48,10.57,352.25,4610.00,11499.37,681.11,,0,100,35.00,-62,4424816,-274338.59,2,fused
5001,000000005001.jpg,640x480,1,0.999999,1,1,TP,yolov8l_bsz4.ms,108.50,126.00,234.50,0.500,Idle,5.48,10.57,352.25,4610.00,11499.37,681.11,,0,100,35.00,-62,4424816,-274338.59,2,fused
406417,000000406417.jpg,568x640,1,0.999999,1,1,TP,yolov8l_bsz4.ms,108.50,126.00,234.50,0.500,Idle,5.48,10.57,352.25,4610.00,11499.37,681.11,,0,100,35.00,-62,4424816,-274338.59,2,fused
280779,000000280779.jpg,640x501,1,0.999999,1,1,TP,yolov8l_bsz4.ms,108.50,126.00,234.50,0.500,Idle,5.48,10.57,352.25,4610.00,11499.37,681.11,,0,100,35.00,-62,4424816,-274338.59,2,fused
269121,000000269121.jpg,480x640,1,0.999999,1,1,TP,yolov8l_bsz4.ms,109.25,108.50,217.75,0.500,Idle,5.40,10.03,296.98,4663.00,11499.37,732.83,,0,100,35.00,-59,4424869,-261067.27,2,fused
463199,000000463199.jpg,640x480,1,0.999999,1,1,TP,yolov8l_bsz4.ms,109.25,108.50,217.75,0.500,Idle,5.40,10.03,296.98,4663.00,11499.37,732.83,,0,100,35.00,-59,4424869,-261067.27,2,fused
548780,000000548780.jpg,640x427,1,0.999999,1,1,TP,yolov8l_bsz4.ms,109.25,108.50,217.75,0.500,Idle,5.40,10.03,296.98,4663.00,11499.37,732.83,,0,100,35.00,-59,4424869,-261067.27,2,fused
500565,000000500565.jpg,640x466,1,0.999999,1,1,TP,yolov8l_bsz4.ms,109.25,108.50,217.75,0.500,Idle,5.40,10.03,296.98,4663.00,11499.37,732.83,,0,100,35.00,-59,4424869,-261067.27,2,fused
500478,000000500478.jpg,329x640,1,0.999999,1,1,TP,yolov8l_bsz4.ms,110.25,109.25,219.50,0.500,Idle,5.29,10.03,370.17,4593.00,11499.37,662.65,,0,100,35.00,-63,4424878,-278767.31,2,fused
534041,000000534041.jpg,500x375,1,0.999999,1,1,TP,yolov8l_bsz4.ms,110.25,109.25,219.50,0.500,Idle,5.29,10.03,370.17,4593.00,11499.37,662.65,,0,100,35.00,-63,4424878,-278767.31,2,fused
12670,000000012670.jpg,640x428,1,0.999999,1,1,TP,yolov8l_bsz4.ms,110.25,109.25,219.50,0.500,Idle,5.29,10.03,370.17,4593.00,11499.37,662.65,,0,100,35.00,-63,4424878,-278767.31,2,fused
22371,000000022371.jpg,425x282,1,0.999999,1,1,TP,yolov8l_bsz4.ms,110.25,109.25,219.50,0.500,Idle,5.29,10.03,370.17,4593.00,11499.37,662.65,,0,100,35.00,-63,4424878,-278767.31,2,fused
170099,000000170099.jpg,640x478,1,0.999999,1,1,TP,yolov8l_bsz4.ms,111.50,113.00,224.50,0.500,Idle,5.34,10.03,370.41,4587.00,11499.37,654.40,,0,100,35.00,-57,4424945,-252221.86,2,fused
203389,000000203389.jpg,640x480,1,0.999999,1,1,TP,yolov8l_bsz4.ms,111.50,113.00,224.50,0.500,Idle,5.34,10.03,370.41,4587.00,11499.37,654.40,,0,100,35.00,-57,4424945,-252221.86,2,fused
114907,000000114907.jpg,640x425,1,0.999999,1,1,TP,yolov8l_bsz4.ms,111.50,113.00,224.50,0.500,Idle,5.34,10.03,370.41,4587.00,11499.37,654.40,,0,100,35.00,-57,4424945,-252221.86,2,fused
512657,000000512657.jpg,640x427,1,0.999999,1,1,TP,yolov8l_bsz4.ms,111.50,113.00,224.50,0.500,Idle,5.34,10.03,370.41,4587.00,11499.37,654.40,,0,100,35.00,-57,4424945,-252221.86,2,fused
482319,000000482319.jpg,640x480,1,0.999999,1,1,TP,yolov8l_bsz4.ms,109.25,120.50,229.75,0.500,Idle,5.37,9.82,349.96,4612.00,11499.37,679.43,,0,100,35.00,-64,4424765,-283184.96,2,fused
254516,000000254516.jpg,640x427,1,0.999999,1,1,TP,yolov8l_bsz4.ms,109.25,120.50,229.75,0.500,Idle,5.37,9.82,349.96,4612.00,11499.37,679.43,,0,100,35.00,-64,4424765,-283184.96,2,fused
70739,000000070739.jpg,640x480,1,0.999999,1,1,TP,yolov8l_bsz4.ms,109.25,120.50,229.75,0.500,Idle,5.37,9.82,349.96,4612.00,11499.37,679.43,,0,100,35.00,-64,4424765,-283184.96,2,fused
179898,000000179898.jpg,640x480,1,0.999999,1,1,TP,yolov8l_bsz4.ms,109.25,120.50,229.75,0.500,Idle,5.37,9.82,349.96,4612.00,11499.37,679.43,,0,100,35.00,-64,4424765,-283184.96,2,fused
527029,000000527029.jpg,640x640,1,0.999999,1,1,TP,yolov8l_bsz4.ms,109.50,122.25,231.75,0.500,Idle,5.34,9.82,293.08,4666.00,11499.37,731.75,,0,100,35.00,-67,4424589,-296447.46,2,fused
55528,000000055528.jpg,640x480,1,0.999999,1,1,TP,yolov8l_bsz4.ms,109.50,122.25,231.75,0.500,Idle,5.34,9.82,293.08,4666.00,11499.37,731.75,,0,100,35.00,-67,4424589,-296447.46,2,fused
291551,000000291551.jpg,428x640,1,0.999999,1,1,TP,yolov8l_bsz4.ms,109.50,122.25,231.75,0.500,Idle,5.34,9.82,293.08,4666.00,11499.37,731.75,,0,100,35.00,-67,4424589,-296447.46,2,fused
66771,000000066771.jpg,640x480,1,0.999999,1,1,TP,yolov8l_bsz4.ms,109.50,122.25,231.75,0.500,Idle,5.34,9.82,293.08,4666.00,11499.37,731.75,,0,100,35.00,-67,4424589,-296447.46,2,fused
450399,000000450399.jpg,640x480,1,0.999999,1,1,TP,yolov8l_bsz4.ms,109.25,119.00,228.25,0.500,Idle,9.38,15.32,372.34,4590.00,11499.37,657.16,,0,100,35.00,-112,4423135,-495391.12,2,fused
412286,000000412286.jpg,333x500,1,0.999999,1,1,TP,yolov8l_bsz4.ms,109.25,119.00,228.25,0.500,Idle,9.38,15.32,372.34,4590.00,11499.37,657.16,,0,100,35.00,-112,4423135,-495391.12,2,fused
417632,000000417632.jpg,640x480,1,0.999999,1,1,TP,yolov8l_bsz4.ms,109.25,119.00,228.25,0.500,Idle,9.38,15.32,372.34,4590.00,11499.37,657.16,,0,100,35.00,-112,4423135,-495391.12,2,fused
76468,000000076468.jpg,640x480,1,0.999999,1,1,TP,yolov8l_bsz4.ms,109.25,119.00,228.25,0.500,Idle,9.38,15.32,372.34,4590.00,11499.37,657.16,,0,100,35.00,-112,4423135,-495391.12,2,fused
143556,000000143556.jpg,480x640,1,0.999999,1,1,TP,yolov8l_bsz4.ms,116.25,103.25,219.50,0.500,Idle,6.52,15.32,368.03,4587.00,11499.37,652.60,,0,100,35.00,-65,4424748,-287608.62,2,fused
281754,000000281754.jpg,419x640,1,0.999999,1,1,TP,yolov8l_bsz4.ms,116.25,103.25,219.50,0.500,Idle,6.52,15.32,368.03,4587.00,11499.37,652.60,,0,100,35.00,-65,4424748,-287608.62,2,fused
341973,000000341973.jpg,500x375,1,0.999999,1,1,TP,yolov8l_bsz4.ms,116.25,103.25,219.50,0.500,Idle,6.52,15.32,368.03,4587.00,11499.37,652.60,,0,100,35.00,-65,4424748,-287608.62,2,fused
334417,000000334417.jpg,640x423,1,0.999999,1,1,TP,yolov8l_bsz4.ms,116.25,103.25,219.50,0.500,Idle,6.52,15.32,368.03,4587.00,11499.37,652.60,,0,100,35.00,-65,4424748,-287608.62,2,fused
92939,000000092939.jpg,424x640,1,0.999999,1,1,TP,yolov8l_bsz4.ms,110.00,120.50,230.50,0.500,Idle,6.07,11.02,350.60,4609.00,11499.37,675.05,,0,100,35.00,-63,4424762,-278760.01,2,fused
79969,000000079969.jpg,426x640,1,0.999999,1,1,TP,yolov8l_bsz4.ms,110.00,120.50,230.50,0.500,Idle,6.07,11.02,350.60,4609.00,11499.37,675.05,,0,100,35.00,-63,4424762,-278760.01,2,fused
345356,000000345356.jpg,640x480,1,0.999999,1,1,TP,yolov8l_bsz4.ms,110.00,120.50,230.50,0.500,Idle,6.07,11.02,350.60,4609.00,11499.37,675.05,,0,100,35.00,-63,4424762,-278760.01,2,fused
496854,000000496854.jpg,640x480,1,0.999999,1,1,TP,yolov8l_bsz4.ms,110.00,120.50,230.50,0.500,Idle,6.07,11.02,350.60,4609.00,11499.37,675.05,,0,100,35.00,-63,4424762,-278760.01,2,fused
368752,000000368752.jpg,480x640,1,0.999999,1,1,TP,yolov8l_bsz4.ms,109.25,109.75,219.00,0.500,Idle,5.86,11.02,293.18,4658.00,11499.37,724.35,,0,100,35.00,-63,4424689,-278755.41,2,fused
333745,000000333745.jpg,427x640,1,0.999999,1,1,TP,yolov8l_bsz4.ms,109.25,109.75,219.00,0.500,Idle,5.86,11.02,293.18,4658.00,11499.37,724.35,,0,100,35.00,-63,4424689,-278755.41,2,fused
439180,000000439180.jpg,640x360,1,0.999999,1,1,TP,yolov8l_bsz4.ms,109.25,109.75,219.00,0.500,Idle,5.86,11.02,293.18,4658.00,11499.37,724.35,,0,100,35.00,-63,4424689,-278755.41,2,fused
171382,000000171382.jpg,640x426,1,0.999999,1,1,TP,yolov8l_bsz4.ms,109.25,109.75,219.00,0.500,Idle,5.86,11.02,293.18,4658.00,11499.37,724.35,,0,100,35.00,-63,4424689,-278755.41,2,fused
85157,000000085157.jpg,640x480,1,0.999999,1,1,TP,yolov8l_bsz4.ms,109.50,121.00,230.50,0.500,Idle,5.68,11.02,371.62,4585.00,11499.37,650.09,,0,100,35.00,-63,4424797,-278762.21,2,fused
391140,000000391140.jpg,640x480,1,0.999999,1,1,TP,yolov8l_bsz4.ms,109.50,121.00,230.50,0.500,Idle,5.68,11.02,371.62,4585.00,11499.37,650.09,,0,100,35.00,-63,4424797,-278762.21,2,fused
329323,000000329323.jpg,425x640,1,0.999998,1,1,TP,yolov8l_bsz4.ms,109.50,121.00,230.50,0.500,Idle,5.68,11.02,371.62,4585.00,11499.37,650.09,,0,100,35.00,-63,4424797,-278762.21,2,fused
183716,000000183716.jpg,353x500,1,0.999998,1,1,TP,yolov8l_bsz4.ms,109.50,121.00,230.50,0.500,Idle,5.68,11.02,371.62,4585.00,11499.37,650.09,,0,100,35.00,-63,4424797,-278762.21,2,fused
301563,000000301563.jpg,640x428,1,0.999998,1,1,TP,yolov8l_bsz4.ms,111.00,127.50,238.50,0.500,Idle,5.64,9.73,375.89,4579.00,11499.37,642.33,,0,100,35.00,-64,4424704,-283181.06,2,fused
58350,000000058350.jpg,640x480,1,0.999998,1,1,TP,yolov8l_bsz4.ms,111.00,127.50,238.50,0.500,Idle,5.64,9.73,375.89,4579.00,11499.37,642.33,,0,100,35.00,-64,4424704,-283181.06,2,fused
290248,000000290248.jpg,640x480,1,0.999998,1,1,TP,yolov8l_bsz4.ms,111.00,127.50,238.50,0.500,Idle,5.64,9.73,375.89,4579.00,11499.37,642.33,,0,100,35.00,-64,4424704,-283181.06,2,fused
532058,000000532058.jpg,640x480,1,0.999998,1,1,TP,yolov8l_bsz4.ms,111.00,127.50,238.50,0.500,Idle,5.64,9.73,375.89,4579.00,11499.37,642.33,,0,100,35.00,-64,4424704,-283181.06,2,fused
183648,000000183648.jpg,640x428,1,0.999998,1,1,TP,yolov8l_bsz4.ms,109.75,117.00,226.75,0.500,Idle,5.67,9.73,350.91,4609.00,11499.37,671.99,,0,100,35.00,-61,4424709,-269907.25,2,fused
414034,000000414034.jpg,640x480,1,0.999998,1,1,TP,yolov8l_bsz4.ms,109.75,117.00,226.75,0.500,Idle,5.67,9.73,350.91,4609.00,11499.37,671.99,,0,100,35.00,-61,4424709,-269907.25,2,fused
69356,000000069356.jpg,640x505,1,0.999998,1,1,TP,yolov8l_bsz4.ms,109.75,117.00,226.75,0.500,Idle,5.67,9.73,350.91,4609.00,11499.37,671.99,,0,100,35.00,-61,4424709,-269907.25,2,fused
139099,000000139099.jpg,640x453,1,0.999998,1,1,TP,yolov8l_bsz4.ms,109.75,117.00,226.75,0.500,Idle,5.67,9.73,350.91,4609.00,11499.37,671.99,,0,100,35.00,-61,4424709,-269907.25,2,fused
140270,000000140270.jpg,600x400,1,0.999998,1,1,TP,yolov8l_bsz4.ms,109.75,127.50,237.25,0.500,Idle,5.64,9.72,294.17,4660.00,11499.37,721.20,,0,100,35.00,-65,4424480,-287591.20,2,fused
342128,000000342128.jpg,488x640,1,0.999998,1,1,TP,yolov8l_bsz4.ms,109.75,127.50,237.25,0.500,Idle,5.64,9.72,294.17,4660.00,11499.37,721.20,,0,100,35.00,-65,4424480,-287591.20,2,fused
104424,000000104424.jpg,424x640,1,0.999998,1,1,TP,yolov8l_bsz4.ms,109.75,127.50,237.25,0.500,Idle,5.64,9.72,294.17,4660.00,11499.37,721.20,,0,100,35.00,-65,4424480,-287591.20,2,fused
132931,000000132931.jpg,640x427,1,0.999998,1,1,TP,yolov8l_bsz4.ms,109.75,127.50,237.25,0.500,Idle,5.64,9.72,294.17,4660.00,11499.37,721.20,,0,100,35.00,-65,4424480,-287591.20,2,fused
264968,000000264968.jpg,334x500,1,0.999998,1,1,TP,yolov8l_bsz4.ms,109.25,109.75,219.00,0.500,Idle,5.55,9.72,372.87,4587.00,11499.37,646.57,,0,100,35.00,-71,4424396,-314132.12,2,fused
117744,000000117744.jpg,359x640,1,0.999998,1,1,TP,yolov8l_bsz4.ms,109.25,109.75,219.00,0.500,Idle,5.55,9.72,372.87,4587.00,11499.37,646.57,,0,100,35.00,-71,4424396,-314132.12,2,fused
41990,000000041990.jpg,640x480,1,0.999998,1,1,TP,yolov8l_bsz4.ms,109.25,109.75,219.00,0.500,Idle,5.55,9.72,372.87,4587.00,11499.37,646.57,,0,100,35.00,-71,4424396,-314132.12,2,fused
22935,000000022935.jpg,640x480,1,0.999998,1,1,TP,yolov8l_bsz4.ms,109.25,109.75,219.00,0.500,Idle,5.55,9.72,372.87,4587.00,11499.37,646.57,,0,100,35.00,-71,4424396,-314132.12,2,fused
170613,000000170613.jpg,439x640,1,0.999998,1,1,TP,yolov8l_bsz4.ms,110.75,105.25,216.00,0.500,Idle,5.52,9.71,371.49,4579.00,11499.37,635.70,,0,100,35.00,-68,4424516,-300867.09,2,fused
156924,000000156924.jpg,500x333,1,0.999998,1,1,TP,yolov8l_bsz4.ms,110.75,105.25,216.00,0.500,Idle,5.52,9.71,371.49,4579.00,11499.37,635.70,,0,100,35.00,-68,4424516,-300867.09,2,fused
439773,000000439773.jpg,640x480,1,0.999998,1,1,TP,yolov8l_bsz4.ms,110.75,105.25,216.00,0.500,Idle,5.52,9.71,371.49,4579.00,11499.37,635.70,,0,100,35.00,-68,4424516,-300867.09,2,fused
441543,000000441543.jpg,640x403,1,0.999998,1,1,TP,yolov8l_bsz4.ms,110.75,105.25,216.00,0.500,Idle,5.52,9.71,371.49,4579.00,11499.37,635.70,,0,100,35.00,-68,4424516,-300867.09,2,fused
117492,000000117492.jpg,640x428,1,0.999998,1,1,TP,yolov8l_bsz4.ms,109.50,122.25,231.75,0.500,Idle,8.16,9.71,351.82,4605.00,11499.37,659.90,,0,100,35.00,-66,4424585,-292022.61,2,fused
156071,000000156071.jpg,640x480,1,0.999998,1,1,TP,yolov8l_bsz4.ms,109.50,122.25,231.75,0.500,Idle,8.16,9.71,351.82,4605.00,11499.37,659.90,,0,100,35.00,-66,4424585,-292022.61,2,fused
257478,000000257478.jpg,500x398,1,0.999998,1,1,TP,yolov8l_bsz4.ms,109.50,122.25,231.75,0.500,Idle,8.16,9.71,351.82,4605.00,11499.37,659.90,,0,100,35.00,-66,4424585,-292022.61,2,fused
540414,000000540414.jpg,640x480,1,0.999998,1,1,TP,yolov8l_bsz4.ms,109.50,122.25,231.75,0.500,Idle,8.16,9.71,351.82,4605.00,11499.37,659.90,,0,100,35.00,-66,4424585,-292022.61,2,fused
6471,000000006471.jpg,500x333,1,0.999998,1,1,TP,yolov8l_bsz4.ms,109.50,131.50,241.00,0.500,Idle,5.72,12.16,298.12,4658.00,11499.37,712.59,,0,100,35.00,-63,4424636,-278752.07,2,fused
313034,000000313034.jpg,640x480,1,0.999998,1,1,TP,yolov8l_bsz4.ms,109.50,131.50,241.00,0.500,Idle,5.72,12.16,298.12,4658.00,11499.37,712.59,,0,100,35.00,-63,4424636,-278752.07,2,fused
98853,000000098853.jpg,427x640,1,0.999998,1,1,TP,yolov8l_bsz4.ms,109.50,131.50,241.00,0.500,Idle,5.72,12.16,298.12,4658.00,11499.37,712.59,,0,100,35.00,-63,4424636,-278752.07,2,fused
481390,000000481390.jpg,640x480,1,0.999997,1,1,TP,yolov8l_bsz4.ms,109.50,131.50,241.00,0.500,Idle,5.72,12.16,298.12,4658.00,11499.37,712.59,,0,100,35.00,-63,4424636,-278752.07,2,fused
441286,000000441286.jpg,640x493,1,0.999997,1,1,TP,yolov8l_bsz4.ms,109.25,125.25,234.50,0.500,Idle,5.37,12.16,375.44,4586.00,11499.37,640.46,,0,100,35.00,-99,4423021,-437879.08,2,fused
162415,000000162415.jpg,536x640,1,0.999997,1,1,TP,yolov8l_bsz4.ms,109.25,125.25,234.50,0.500,Idle,5.37,12.16,375.44,4586.00,11499.37,640.46,,0,100,35.00,-99,4423021,-437879.08,2,fused
434459,000000434459.jpg,640x457,1,0.999997,1,1,TP,yolov8l_bsz4.ms,109.25,125.25,234.50,0.500,Idle,5.37,12.16,375.44,4586.00,11499.37,640.46,,0,100,35.00,-99,4423021,-437879.08,2,fused
87476,000000087476.jpg,427x640,1,0.999997,1,1,TP,yolov8l_bsz4.ms,109.25,125.25,234.50,0.500,Idle,5.37,12.16,375.44,4586.00,11499.37,640.46,,0,100,35.00,-99,4423021,-437879.08,2,fused
517056,000000517056.jpg,640x480,1,0.999997,1,1,TP,yolov8l_bsz4.ms,116.25,113.00,229.25,0.500,Idle,5.41,9.97,370.14,4586.00,11499.37,638.02,,0,100,35.00,-74,4424287,-327397.24,2,fused
5193,000000005193.jpg,640x425,1,0.999997,1,1,TP,yolov8l_bsz4.ms,116.25,113.00,229.25,0.500,Idle,5.41,9.97,370.14,4586.00,11499.37,638.02,,0,100,35.00,-74,4424287,-327397.24,2,fused
320743,000000320743.jpg,640x360,1,0.999997,1,1,TP,yolov8l_bsz4.ms,116.25,113.00,229.25,0.500,Idle,5.41,9.97,370.14,4586.00,11499.37,638.02,,0,100,35.00,-74,4424287,-327397.24,2,fused
12639,000000012639.jpg,480x640,1,0.999997,1,1,TP,yolov8l_bsz4.ms,116.25,113.00,229.25,0.500,Idle,5.41,9.97,370.14,4586.00,11499.37,638.02,,0,100,35.00,-74,4424287,-327397.24,2,fused
58539,000000058539.jpg,640x421,1,0.999997,1,1,TP,yolov8l_bsz4.ms,109.50,125.25,234.75,0.500,Idle,5.43,9.97,350.91,4607.00,11499.37,659.37,,0,100,35.00,-79,4424196,-349511.48,2,fused
489611,000000489611.jpg,640x622,1,0.999997,1,1,TP,yolov8l_bsz4.ms,109.50,125.25,234.75,0.500,Idle,5.43,9.97,350.91,4607.00,11499.37,659.37,,0,100,35.00,-79,4424196,-349511.48,2,fused
297353,000000297353.jpg,640x640,1,0.999997,1,1,TP,yolov8l_bsz4.ms,109.50,125.25,234.75,0.500,Idle,5.43,9.97,350.91,4607.00,11499.37,659.37,,0,100,35.00,-79,4424196,-349511.48,2,fused
24243,000000024243.jpg,640x480,1,0.999997,1,1,TP,yolov8l_bsz4.ms,109.50,125.25,234.75,0.500,Idle,5.43,9.97,350.91,4607.00,11499.37,659.37,,0,100,35.00,-79,4424196,-349511.48,2,fused
403122,000000403122.jpg,427x640,1,0.999997,1,1,TP,yolov8l_bsz4.ms,110.00,113.75,223.75,0.500,Idle,5.38,9.42,306.56,4648.00,11499.37,699.68,,0,100,35.00,-65,4424456,-287589.64,2,fused
328238,000000328238.jpg,640x426,1,0.999997,1,1,TP,yolov8l_bsz4.ms,110.00,113.75,223.75,0.500,Idle,5.38,9.42,306.56,4648.00,11499.37,699.68,,0,100,35.00,-65,4424456,-287589.64,2,fused
431545,000000431545.jpg,500x334,1,0.999997,1,1,TP,yolov8l_bsz4.ms,110.00,113.75,223.75,0.500,Idle,5.38,9.42,306.56,4648.00,11499.37,699.68,,0,100,35.00,-65,4424456,-287589.64,2,fused
303653,000000303653.jpg,640x426,1,0.999997,1,1,TP,yolov8l_bsz4.ms,110.00,113.75,223.75,0.500,Idle,5.38,9.42,306.56,4648.00,11499.37,699.68,,0,100,35.00,-65,4424456,-287589.64,2,fused
343453,000000343453.jpg,640x480,1,0.999997,1,1,TP,yolov8l_bsz4.ms,109.00,132.75,241.75,0.500,Idle,5.34,9.42,373.68,4584.00,11499.37,637.36,,0,100,35.00,-63,4424579,-278748.48,2,fused
109313,000000109313.jpg,480x640,1,0.999997,1,1,TP,yolov8l_bsz4.ms,109.00,132.75,241.75,0.500,Idle,5.34,9.42,373.68,4584.00,11499.37,637.36,,0,100,35.00,-63,4424579,-278748.48,2,fused
118921,000000118921.jpg,640x427,1,0.999996,1,1,TP,yolov8l_bsz4.ms,109.00,132.75,241.75,0.500,Idle,5.34,9.42,373.68,4584.00,11499.37,637.36,,0,100,35.00,-63,4424579,-278748.48,2,fused
406611,000000406611.jpg,640x480,1,0.999996,1,1,TP,yolov8l_bsz4.ms,109.00,132.75,241.75,0.500,Idle,5.34,9.42,373.68,4584.00,11499.37,637.36,,0,100,35.00,-63,4424579,-278748.48,2,fused
329456,000000329456.jpg,640x427,1,0.999996,1,1,TP,yolov8l_bsz4.ms,111.00,105.25,216.25,0.500,Idle,5.31,9.42,370.24,4581.00,11499.37,632.39,,0,100,35.00,-65,4424471,-287590.61,2,fused
201072,000000201072.jpg,411x640,1,0.999996,1,1,TP,yolov8l_bsz4.ms,111.00,105.25,216.25,0.500,Idle,5.31,9.42,370.24,4581.00,11499.37,632.39,,0,100,35.00,-65,4424471,-287590.61,2,fused
97278,000000097278.jpg,457x640,1,0.999996,1,1,TP,yolov8l_bsz4.ms,111.00,105.25,216.25,0.500,Idle,5.31,9.42,370.24,4581.00,11499.37,632.39,,0,100,35.00,-65,4424471,-287590.61,2,fused
2261,000000002261.jpg,640x427,1,0.999996,1,1,TP,yolov8l_bsz4.ms,111.00,105.25,216.25,0.500,Idle,5.31,9.42,370.24,4581.00,11499.37,632.39,,0,100,35.00,-65,4424471,-287590.61,2,fused
14439,000000014439.jpg,640x404,1,0.999996,1,1,TP,yolov8l_bsz4.ms,109.25,122.00,231.25,0.500,Idle,5.33,9.08,348.32,4607.00,11499.37,658.09,,0,100,35.00,-63,4424296,-278730.65,2,fused
125936,000000125936.jpg,500x327,1,0.999996,1,1,TP,yolov8l_bsz4.ms,109.25,122.00,231.25,0.500,Idle,5.33,9.08,348.32,4607.00,11499.37,658.09,,0,100,35.00,-63,4424296,-278730.65,2,fused
213547,000000213547.jpg,480x640,1,0.999996,1,1,TP,yolov8l_bsz4.ms,109.25,122.00,231.25,0.500,Idle,5.33,9.08,348.32,4607.00,11499.37,658.09,,0,100,35.00,-63,4424296,-278730.65,2,fused
201418,000000201418.jpg,500x375,1,0.999996,1,1,TP,yolov8l_bsz4.ms,109.25,122.00,231.25,0.500,Idle,5.33,9.08,348.32,4607.00,11499.37,658.09,,0,100,35.00,-63,4424296,-278730.65,2,fused
196141,000000196141.jpg,640x429,1,0.999996,1,1,TP,yolov8l_bsz4.ms,109.50,120.25,229.75,0.500,Idle,5.38,9.08,294.78,4658.00,11499.37,705.05,,0,100,35.00,-112,4422235,-495290.32,2,fused
113720,000000113720.jpg,640x426,1,0.999996,1,1,TP,yolov8l_bsz4.ms,109.50,120.25,229.75,0.500,Idle,5.38,9.08,294.78,4658.00,11499.37,705.05,,0,100,35.00,-112,4422235,-495290.32,2,fused
210230,000000210230.jpg,640x457,1,0.999996,1,1,TP,yolov8l_bsz4.ms,109.50,120.25,229.75,0.500,Idle,5.38,9.08,294.78,4658.00,11499.37,705.05,,0,100,35.00,-112,4422235,-495290.32,2,fused
174371,000000174371.jpg,640x511,1,0.999996,1,1,TP,yolov8l_bsz4.ms,109.50,120.25,229.75,0.500,Idle,5.38,9.08,294.78,4658.00,11499.37,705.05,,0,100,35.00,-112,4422235,-495290.32,2,fused
132544,000000132544.jpg,640x427,1,0.999996,1,1,TP,yolov8l_bsz4.ms,106.75,97.75,204.50,0.500,Idle,5.29,9.20,372.75,4582.00,11499.37,630.82,,0,100,35.00,-189,4418996,-835190.24,2,fused
122962,000000122962.jpg,640x424,1,0.999996,1,1,TP,yolov8l_bsz4.ms,106.75,97.75,204.50,0.500,Idle,5.29,9.20,372.75,4582.00,11499.37,630.82,,0,100,35.00,-189,4418996,-835190.24,2,fused
546219,000000546219.jpg,640x427,1,0.999996,1,1,TP,yolov8l_bsz4.ms,106.75,97.75,204.50,0.500,Idle,5.29,9.20,372.75,4582.00,11499.37,630.82,,0,100,35.00,-189,4418996,-835190.24,2,fused
325991,000000325991.jpg,500x334,1,0.999996,1,1,TP,yolov8l_bsz4.ms,106.75,97.75,204.50,0.500,Idle,5.29,9.20,372.75,4582.00,11499.37,630.82,,0,100,35.00,-189,4418996,-835190.24,2,fused
184324,000000184324.jpg,640x425,1,0.999996,1,1,TP,yolov8l_bsz4.ms,115.00,88.75,203.75,0.500,Idle,5.31,9.20,370.04,4588.00,11499.37,635.29,,0,100,35.00,-120,4421653,-530598.36,2,fused
279278,000000279278.jpg,640x429,1,0.999996,1,1,TP,yolov8l_bsz4.ms,115.00,88.75,203.75,0.500,Idle,5.31,9.20,370.04,4588.00,11499.37,635.29,,0,100,35.00,-120,4421653,-530598.36,2,fused
110449,000000110449.jpg,500x375,1,0.999996,1,1,TP,yolov8l_bsz4.ms,115.00,88.75,203.75,0.500,Idle,5.31,9.20,370.04,4588.00,11499.37,635.29,,0,100,35.00,-120,4421653,-530598.36,2,fused
33005,000000033005.jpg,640x426,1,0.999996,1,1,TP,yolov8l_bsz4.ms,115.00,88.75,203.75,0.500,Idle,5.31,9.20,370.04,4588.00,11499.37,635.29,,0,100,35.00,-120,4421653,-530598.36,2,fused
547336,000000547336.jpg,640x480,1,0.999996,1,1,TP,yolov8l_bsz4.ms,109.00,103.25,212.25,0.500,Idle,5.44,9.20,369.61,4586.00,11499.37,632.44,,0,100,35.00,-98,4422500,-433405.00,2,fused
34139,000000034139.jpg,640x480,1,0.999995,1,1,TP,yolov8l_bsz4.ms,109.00,103.25,212.25,0.500,Idle,5.44,9.20,369.61,4586.00,11499.37,632.44,,0,100,35.00,-98,4422500,-433405.00,2,fused
326248,000000326248.jpg,640x427,1,0.999995,1,1,TP,yolov8l_bsz4.ms,109.00,103.25,212.25,0.500,Idle,5.44,9.20,369.61,4586.00,11499.37,632.44,,0,100,35.00,-98,4422500,-433405.00,2,fused
25393,000000025393.jpg,640x480,1,0.999995,1,1,TP,yolov8l_bsz4.ms,109.00,103.25,212.25,0.500,Idle,5.44,9.20,369.61,4586.00,11499.37,632.44,,0,100,35.00,-98,4422500,-433405.00,2,fused
409211,000000409211.jpg,640x427,1,0.999995,1,1,TP,yolov8l_bsz4.ms,109.25,96.75,206.00,0.500,Idle,5.21,9.29,293.99,4666.00,11499.37,712.16,,0,100,35.00,-64,4423972,-283134.21,2,fused
44877,000000044877.jpg,640x427,1,0.999995,1,1,TP,yolov8l_bsz4.ms,109.25,96.75,206.00,0.500,Idle,5.21,9.29,293.99,4666.00,11499.37,712.16,,0,100,35.00,-64,4423972,-283134.21,2,fused
293200,000000293200.jpg,640x427,1,0.999995,1,1,TP,yolov8l_bsz4.ms,109.25,96.75,206.00,0.500,Idle,5.21,9.29,293.99,4666.00,11499.37,712.16,,0,100,35.00,-64,4423972,-283134.21,2,fused
374083,000000374083.jpg,426x640,1,0.999995,1,1,TP,yolov8l_bsz4.ms,109.25,96.75,206.00,0.500,Idle,5.21,9.29,293.99,4666.00,11499.37,712.16,,0,100,35.00,-64,4423972,-283134.21,2,fused
457884,000000457884.jpg,640x458,1,0.999995,1,1,TP,yolov8l_bsz4.ms,107.75,121.25,229.00,0.500,Idle,5.07,9.29,373.66,4580.00,11499.37,624.42,,0,100,35.00,-113,4422235,-499712.55,2,fused
556193,000000556193.jpg,500x333,1,0.999995,1,1,TP,yolov8l_bsz4.ms,107.75,121.25,229.00,0.500,Idle,5.07,9.29,373.66,4580.00,11499.37,624.42,,0,100,35.00,-113,4422235,-499712.55,2,fused
468632,000000468632.jpg,640x479,1,0.999995,1,1,TP,yolov8l_bsz4.ms,107.75,121.25,229.00,0.500,Idle,5.07,9.29,373.66,4580.00,11499.37,624.42,,0,100,35.00,-113,4422235,-499712.55,2,fused
296657,000000296657.jpg,640x427,1,0.999995,1,1,TP,yolov8l_bsz4.ms,107.75,121.25,229.00,0.500,Idle,5.07,9.29,373.66,4580.00,11499.37,624.42,,0,100,35.00,-113,4422235,-499712.55,2,fused
200421,000000200421.jpg,640x480,1,0.999995,1,1,TP,yolov8l_bsz4.ms,110.25,134.00,244.25,0.500,Idle,5.23,9.30,373.46,4585.00,11499.37,628.90,,0,100,35.00,-72,4423897,-318520.58,2,fused
507037,000000507037.jpg,640x480,1,0.999995,1,1,TP,yolov8l_bsz4.ms,110.25,134.00,244.25,0.500,Idle,5.23,9.30,373.46,4585.00,11499.37,628.90,,0,100,35.00,-72,4423897,-318520.58,2,fused
288685,000000288685.jpg,640x436,1,0.999995,1,1,TP,yolov8l_bsz4.ms,110.25,134.00,244.25,0.500,Idle,5.23,9.30,373.46,4585.00,11499.37,628.90,,0,100,35.00,-72,4423897,-318520.58,2,fused
299887,000000299887.jpg,640x480,1,0.999995,1,1,TP,yolov8l_bsz4.ms,110.25,134.00,244.25,0.500,Idle,5.23,9.30,373.46,4585.00,11499.37,628.90,,0,100,35.00,-72,4423897,-318520.58,2,fused
9400,000000009400.jpg,640x480,1,0.999995,1,1,TP,yolov8l_bsz4.ms,109.75,129.25,239.00,0.500,Idle,5.34,9.30,351.60,4608.00,11499.37,651.02,,0,100,35.00,-63,4424138,-278720.69,2,fused
420281,000000420281.jpg,480x640,1,0.999994,1,1,TP,yolov8l_bsz4.ms,109.75,129.25,239.00,0.500,Idle,5.34,9.30,351.60,4608.00,11499.37,651.02,,0,100,35.00,-63,4424138,-278720.69,2,fused
519688,000000519688.jpg,521x640,1,0.999994,1,1,TP,yolov8l_bsz4.ms,109.75,129.25,239.00,0.500,Idle,5.34,9.30,351.60,4608.00,11499.37,651.02,,0,100,35.00,-63,4424138,-278720.69,2,fused
448256,000000448256.jpg,640x426,1,0.999994,1,1,TP,yolov8l_bsz4.ms,109.75,129.25,239.00,0.500,Idle,5.34,9.30,351.60,4608.00,11499.37,651.02,,0,100,35.00,-63,4424138,-278720.69,2,fused
537827,000000537827.jpg,640x400,1,0.999994,1,1,TP,yolov8l_bsz4.ms,109.25,128.25,237.50,0.500,Idle,5.37,9.15,295.87,4670.00,11499.37,713.01,,0,100,35.00,-69,4424058,-305260.00,2,fused
468501,000000468501.jpg,500x375,1,0.999994,1,1,TP,yolov8l_bsz4.ms,109.25,128.25,237.50,0.500,Idle,5.37,9.15,295.87,4670.00,11499.37,713.01,,0,100,35.00,-69,4424058,-305260.00,2,fused
492110,000000492110.jpg,640x427,1,0.999994,1,1,TP,yolov8l_bsz4.ms,109.25,128.25,237.50,0.500,Idle,5.37,9.15,295.87,4670.00,11499.37,713.01,,0,100,35.00,-69,4424058,-305260.00,2,fused
25394,000000025394.jpg,480x640,1,0.999994,1,1,TP,yolov8l_bsz4.ms,109.25,128.25,237.50,0.500,Idle,5.37,9.15,295.87,4670.00,11499.37,713.01,,0,100,35.00,-69,4424058,-305260.00,2,fused
410496,000000410496.jpg,427x640,1,0.999994,1,1,TP,yolov8l_bsz4.ms,107.50,118.75,226.25,0.500,Idle,5.36,9.15,373.58,4550.00,11499.37,592.62,,0,100,35.00,-66,4424167,-291995.02,2,fused
370375,000000370375.jpg,427x640,1,0.999994,1,1,TP,yolov8l_bsz4.ms,107.50,118.75,226.25,0.500,Idle,5.36,9.15,373.58,4550.00,11499.37,592.62,,0,100,35.00,-66,4424167,-291995.02,2,fused
204186,000000204186.jpg,640x513,1,0.999994,1,1,TP,yolov8l_bsz4.ms,107.50,118.75,226.25,0.500,Idle,5.36,9.15,373.58,4550.00,11499.37,592.62,,0,100,35.00,-66,4424167,-291995.02,2,fused
394559,000000394559.jpg,426x640,1,0.999994,1,1,TP,yolov8l_bsz4.ms,107.50,118.75,226.25,0.500,Idle,5.36,9.15,373.58,4550.00,11499.37,592.62,,0,100,35.00,-66,4424167,-291995.02,2,fused
163746,000000163746.jpg,640x488,1,0.999994,1,1,TP,yolov8l_bsz4.ms,111.00,121.00,232.00,0.500,Idle,5.33,11.02,370.44,4577.00,11499.37,621.65,,0,100,35.00,-69,4424120,-305264.28,3,fused
212800,000000212800.jpg,640x427,1,0.999994,1,1,TP,yolov8l_bsz4.ms,111.00,121.00,232.00,0.500,Idle,5.33,11.02,370.44,4577.00,11499.37,621.65,,0,100,35.00,-69,4424120,-305264.28,3,fused
422886,000000422886.jpg,640x640,1,0.999994,1,1,TP,yolov8l_bsz4.ms,111.00,121.00,232.00,0.500,Idle,5.33,11.02,370.44,4577.00,11499.37,621.65,,0,100,35.00,-69,4424120,-305264.28,3,fused
320490,000000320490.jpg,640x426,1,0.999994,1,1,TP,yolov8l_bsz4.ms,111.00,121.00,232.00,0.500,Idle,5.33,11.02,370.44,4577.00,11499.37,621.65,,0,100,35.00,-69,4424120,-305264.28,3,fused
231580,000000231580.jpg,640x480,1,0.999994,1,1,TP,yolov8l_bsz4.ms,108.25,126.25,234.50,0.500,Idle,5.36,11.02,368.62,4553.00,11499.37,596.84,,0,100,35.00,-65,4424173,-287571.24,3,fused
561223,000000561223.jpg,640x427,1,0.999994,1,1,TP,yolov8l_bsz4.ms,108.25,126.25,234.50,0.500,Idle,5.36,11.02,368.62,4553.00,11499.37,596.84,,0,100,35.00,-65,4424173,-287571.24,3,fused
86956,000000086956.jpg,480x640,1,0.999994,1,1,TP,yolov8l_bsz4.ms,108.25,126.25,234.50,0.500,Idle,5.36,11.02,368.62,4553.00,11499.37,596.84,,0,100,35.00,-65,4424173,-287571.24,3,fused
3934,000000003934.jpg,375x500,1,0.999993,1,1,TP,yolov8l_bsz4.ms,108.25,126.25,234.50,0.500,Idle,5.36,11.02,368.62,4553.00,11499.37,596.84,,0,100,35.00,-65,4424173,-287571.24,3,fused
6954,000000006954.jpg,640x480,1,0.999993,1,1,TP,yolov8l_bsz4.ms,109.75,113.50,223.25,0.500,Idle,8.28,11.97,293.66,4667.00,11499.37,708.96,,0,100,35.00,-64,4424140,-283144.96,3,fused
316404,000000316404.jpg,640x445,1,0.999993,1,1,TP,yolov8l_bsz4.ms,109.75,113.50,223.25,0.500,Idle,8.28,11.97,293.66,4667.00,11499.37,708.96,,0,100,35.00,-64,4424140,-283144.96,3,fused
47585,000000047585.jpg,424x640,1,0.999993,1,1,TP,yolov8l_bsz4.ms,109.75,113.50,223.25,0.500,Idle,8.28,11.97,293.66,4667.00,11499.37,708.96,,0,100,35.00,-64,4424140,-283144.96,3,fused
519208,000000519208.jpg,640x406,1,0.999993,1,1,TP,yolov8l_bsz4.ms,109.75,113.50,223.25,0.500,Idle,8.28,11.97,293.66,4667.00,11499.37,708.96,,0,100,35.00,-64,4424140,-283144.96,3,fused
18380,000000018380.jpg,640x426,1,0.999993,1,1,TP,yolov8l_bsz4.ms,109.25,114.25,223.50,0.500,Idle,5.69,11.97,373.70,4576.00,11499.37,617.25,,0,100,35.00,-63,4424306,-278731.28,3,fused
448076,000000448076.jpg,640x480,1,0.999992,1,1,TP,yolov8l_bsz4.ms,109.25,114.25,223.50,0.500,Idle,5.69,11.97,373.70,4576.00,11499.37,617.25,,0,100,35.00,-63,4424306,-278731.28,3,fused
885,000000000885.jpg,640x427,1,0.999992,1,1,TP,yolov8l_bsz4.ms,109.25,114.25,223.50,0.500,Idle,5.69,11.97,373.70,4576.00,11499.37,617.25,,0,100,35.00,-63,4424306,-278731.28,3,fused
404805,000000404805.jpg,640x427,1,0.999992,1,1,TP,yolov8l_bsz4.ms,109.25,114.25,223.50,0.500,Idle,5.69,11.97,373.70,4576.00,11499.37,617.25,,0,100,35.00,-63,4424306,-278731.28,3,fused
201426,000000201426.jpg,640x490,1,0.999992,1,1,TP,yolov8l_bsz4.ms,110.50,120.00,230.50,0.500,Idle,5.57,9.69,370.67,4588.00,11499.37,628.31,,0,100,35.00,-113,4422434,-499735.04,3,fused
339823,000000339823.jpg,484x640,1,0.999992,1,1,TP,yolov8l_bsz4.ms,110.50,120.00,230.50,0.500,Idle,5.57,9.69,370.67,4588.00,11499.37,628.31,,0,100,35.00,-113,4422434,-499735.04,3,fused
324258,000000324258.jpg,640x480,1,0.999992,1,1,TP,yolov8l_bsz4.ms,110.50,120.00,230.50,0.500,Idle,5.57,9.69,370.67,4588.00,11499.37,628.31,,0,100,35.00,-113,4422434,-499735.04,3,fused
160864,000000160864.jpg,640x389,1,0.999992,1,1,TP,yolov8l_bsz4.ms,110.50,120.00,230.50,0.500,Idle,5.57,9.69,370.67,4588.00,11499.37,628.31,,0,100,35.00,-113,4422434,-499735.04,3,fused
281759,000000281759.jpg,640x427,1,0.999992,1,1,TP,yolov8l_bsz4.ms,109.50,109.00,218.50,0.500,Idle,5.49,9.69,350.66,4605.00,11499.37,642.71,,0,100,35.00,-63,4424237,-278726.93,3,fused
202339,000000202339.jpg,480x640,1,0.999992,1,1,TP,yolov8l_bsz4.ms,109.50,109.00,218.50,0.500,Idle,5.49,9.69,350.66,4605.00,11499.37,642.71,,0,100,35.00,-63,4424237,-278726.93,3,fused
31217,000000031217.jpg,640x426,1,0.999992,1,1,TP,yolov8l_bsz4.ms,109.50,109.00,218.50,0.500,Idle,5.49,9.69,350.66,4605.00,11499.37,642.71,,0,100,35.00,-63,4424237,-278726.93,3,fused
151820,000000151820.jpg,640x427,1,0.999992,1,1,TP,yolov8l_bsz4.ms,109.50,109.00,218.50,0.500,Idle,5.49,9.69,350.66,4605.00,11499.37,642.71,,0,100,35.00,-63,4424237,-278726.93,3,fused
370677,000000370677.jpg,500x332,1,0.999991,1,1,TP,yolov8l_bsz4.ms,109.50,108.00,217.50,0.500,Idle,5.44,9.39,295.86,4664.00,11499.37,701.07,,0,100,35.00,-65,4424153,-287569.95,3,fused
21167,000000021167.jpg,426x640,1,0.999991,1,1,TP,yolov8l_bsz4.ms,109.50,108.00,217.50,0.500,Idle,5.44,9.39,295.86,4664.00,11499.37,701.07,,0,100,35.00,-65,4424153,-287569.95,3,fused
156643,000000156643.jpg,640x480,1,0.999991,1,1,TP,yolov8l_bsz4.ms,109.50,108.00,217.50,0.500,Idle,5.44,9.39,295.86,4664.00,11499.37,701.07,,0,100,35.00,-65,4424153,-287569.95,3,fused
93437,000000093437.jpg,640x361,1,0.999991,1,1,TP,yolov8l_bsz4.ms,109.50,108.00,217.50,0.500,Idle,5.44,9.39,295.86,4664.00,11499.37,701.07,,0,100,35.00,-65,4424153,-287569.95,3,fused
37988,000000037988.jpg,640x480,1,0.999991,1,1,TP,yolov8l_bsz4.ms,108.50,114.25,222.75,0.500,Idle,5.32,9.39,372.96,4585.00,11499.37,620.48,,0,100,35.00,-65,4424181,-287571.77,3,fused
88345,000000088345.jpg,640x425,1,0.999991,1,1,TP,yolov8l_bsz4.ms,108.50,114.25,222.75,0.500,Idle,5.32,9.39,372.96,4585.00,11499.37,620.48,,0,100,35.00,-65,4424181,-287571.77,3,fused
6771,000000006771.jpg,640x427,1,0.999991,1,1,TP,yolov8l_bsz4.ms,108.50,114.25,222.75,0.500,Idle,5.32,9.39,372.96,4585.00,11499.37,620.48,,0,100,35.00,-65,4424181,-287571.77,3,fused
370270,000000370270.jpg,480x640,1,0.999991,1,1,TP,yolov8l_bsz4.ms,108.50,114.25,222.75,0.500,Idle,5.32,9.39,372.96,4585.00,11499.37,620.48,,0,100,35.00,-65,4424181,-287571.77,3,fused
572620,000000572620.jpg,640x427,1,0.999991,1,1,TP,yolov8l_bsz4.ms,110.25,116.75,227.00,0.500,Idle,5.32,9.39,370.11,4591.00,11499.37,627.06,,0,100,35.00,-67,4424202,-296421.53,3,fused
182611,000000182611.jpg,480x640,1,0.999991,1,1,TP,yolov8l_bsz4.ms,110.25,116.75,227.00,0.500,Idle,5.32,9.39,370.11,4591.00,11499.37,627.06,,0,100,35.00,-67,4424202,-296421.53,3,fused
262895,000000262895.jpg,334x500,1,0.999991,1,1,TP,yolov8l_bsz4.ms,110.25,116.75,227.00,0.500,Idle,5.32,9.39,370.11,4591.00,11499.37,627.06,,0,100,35.00,-67,4424202,-296421.53,3,fused
288584,000000288584.jpg,640x427,1,0.999991,1,1,TP,yolov8l_bsz4.ms,110.25,116.75,227.00,0.500,Idle,5.32,9.39,370.11,4591.00,11499.37,627.06,,0,100,35.00,-67,4424202,-296421.53,3,fused
177065,000000177065.jpg,640x564,1,0.999991,1,1,TP,yolov8l_bsz4.ms,109.50,110.25,219.75,0.500,Idle,5.42,9.26,352.46,4603.00,11499.37,637.16,,0,100,35.00,-64,4424226,-283150.46,3,fused
314264,000000314264.jpg,480x640,1,0.999991,1,1,TP,yolov8l_bsz4.ms,109.50,110.25,219.75,0.500,Idle,5.42,9.26,352.46,4603.00,11499.37,637.16,,0,100,35.00,-64,4424226,-283150.46,3,fused
99242,000000099242.jpg,640x426,1,0.999990,1,1,TP,yolov8l_bsz4.ms,109.50,110.25,219.75,0.500,Idle,5.42,9.26,352.46,4603.00,11499.37,637.16,,0,100,35.00,-64,4424226,-283150.46,3,fused
506656,000000506656.jpg,640x480,1,0.999990,1,1,TP,yolov8l_bsz4.ms,109.50,110.25,219.75,0.500,Idle,5.42,9.26,352.46,4603.00,11499.37,637.16,,0,100,35.00,-64,4424226,-283150.46,3,fused
507975,000000507975.jpg,640x480,1,0.999990,1,1,TP,yolov8l_bsz4.ms,109.25,123.75,233.00,0.500,Idle,5.39,9.26,296.50,4663.00,11499.37,696.54,,0,100,35.00,-79,4423554,-349460.77,3,fused
483999,000000483999.jpg,640x428,1,0.999990,1,1,TP,yolov8l_bsz4.ms,109.25,123.75,233.00,0.500,Idle,5.39,9.26,296.50,4663.00,11499.37,696.54,,0,100,35.00,-79,4423554,-349460.77,3,fused
21604,000000021604.jpg,512x640,1,0.999990,1,1,TP,yolov8l_bsz4.ms,109.25,123.75,233.00,0.500,Idle,5.39,9.26,296.50,4663.00,11499.37,696.54,,0,100,35.00,-79,4423554,-349460.77,3,fused
21879,000000021879.jpg,640x427,1,0.999990,1,1,TP,yolov8l_bsz4.ms,109.25,123.75,233.00,0.500,Idle,5.39,9.26,296.50,4663.00,11499.37,696.54,,0,100,35.00,-79,4423554,-349460.77,3,fused
336356,000000336356.jpg,427x640,1,0.999990,1,1,TP,yolov8l_bsz4.ms,107.75,119.25,227.00,0.500,Idle,5.33,9.36,373.67,4583.00,11499.37,616.09,,0,100,35.00,-79,4423554,-349460.77,3,fused
180751,000000180751.jpg,640x480,1,0.999990,1,1,TP,yolov8l_bsz4.ms,107.75,119.25,227.00,0.500,Idle,5.33,9.36,373.67,4583.00,11499.37,616.09,,0,100,35.00,-79,4423554,-349460.77,3,fused
400815,000000400815.jpg,640x427,1,0.999990,1,1,TP,yolov8l_bsz4.ms,107.75,119.25,227.00,0.500,Idle,5.33,9.36,373.67,4583.00,11499.37,616.09,,0,100,35.00,-79,4423554,-349460.77,3,fused
363188,000000363188.jpg,640x425,1,0.999990,1,1,TP,yolov8l_bsz4.ms,107.75,119.25,227.00,0.500,Idle,5.33,9.36,373.67,4583.00,11499.37,616.09,,0,100,35.00,-79,4423554,-349460.77,3,fused
491464,000000491464.jpg,640x428,1,0.999990,1,1,TP,yolov8l_bsz4.ms,109.75,106.00,215.75,0.500,Idle,5.32,9.36,371.26,4587.00,11499.37,621.30,,0,100,35.00,-79,4423554,-349460.77,3,fused
224222,000000224222.jpg,640x426,1,0.999990,1,1,TP,yolov8l_bsz4.ms,109.75,106.00,215.75,0.500,Idle,5.32,9.36,371.26,4587.00,11499.37,621.30,,0,100,35.00,-79,4423554,-349460.77,3,fused
569972,000000569972.jpg,640x574,1,0.999990,1,1,TP,yolov8l_bsz4.ms,109.75,106.00,215.75,0.500,Idle,5.32,9.36,371.26,4587.00,11499.37,621.30,,0,100,35.00,-79,4423554,-349460.77,3,fused
420840,000000420840.jpg,640x424,1,0.999990,1,1,TP,yolov8l_bsz4.ms,109.75,106.00,215.75,0.500,Idle,5.32,9.36,371.26,4587.00,11499.37,621.30,,0,100,35.00,-79,4423554,-349460.77,3,fused
130699,000000130699.jpg,640x427,1,0.999989,1,1,TP,yolov8l_bsz4.ms,109.50,108.25,217.75,0.500,Idle,6.99,9.36,350.89,4613.00,11499.37,646.03,,0,100,35.00,-66,4424088,-291989.81,3,fused
351823,000000351823.jpg,508x640,1,0.999989,1,1,TP,yolov8l_bsz4.ms,109.50,108.25,217.75,0.500,Idle,6.99,9.36,350.89,4613.00,11499.37,646.03,,0,100,35.00,-66,4424088,-291989.81,3,fused
439994,000000439994.jpg,428x640,1,0.999989,1,1,TP,yolov8l_bsz4.ms,109.50,108.25,217.75,0.500,Idle,6.99,9.36,350.89,4613.00,11499.37,646.03,,0,100,35.00,-66,4424088,-291989.81,3,fused
474344,000000474344.jpg,640x427,1,0.999989,1,1,TP,yolov8l_bsz4.ms,109.50,108.25,217.75,0.500,Idle,6.99,9.36,350.89,4613.00,11499.37,646.03,,0,100,35.00,-66,4424088,-291989.81,3,fused
508370,000000508370.jpg,427x640,1,0.999989,1,1,TP,yolov8l_bsz4.ms,109.25,114.75,224.00,0.500,Idle,5.90,9.50,294.93,4662.00,11499.37,693.99,,0,100,35.00,-62,4424199,-274300.34,3,fused
182155,000000182155.jpg,640x426,1,0.999989,1,1,TP,yolov8l_bsz4.ms,109.25,114.75,224.00,0.500,Idle,5.90,9.50,294.93,4662.00,11499.37,693.99,,0,100,35.00,-62,4424199,-274300.34,3,fused
314709,000000314709.jpg,640x426,1,0.999988,1,1,TP,yolov8l_bsz4.ms,109.25,114.75,224.00,0.500,Idle,5.90,9.50,294.93,4662.00,11499.37,693.99,,0,100,35.00,-62,4424199,-274300.34,3,fused
338624,000000338624.jpg,640x360,1,0.999988,1,1,TP,yolov8l_bsz4.ms,109.25,114.75,224.00,0.500,Idle,5.90,9.50,294.93,4662.00,11499.37,693.99,,0,100,35.00,-62,4424199,-274300.34,3,fused
329455,000000329455.jpg,640x480,1,0.999988,1,1,TP,yolov8l_bsz4.ms,108.00,115.50,223.50,0.500,Idle,5.62,9.50,372.64,4589.00,11499.37,620.73,,0,100,35.00,-62,4424274,-274304.99,3,fused
467176,000000467176.jpg,640x428,1,0.999988,1,1,TP,yolov8l_bsz4.ms,108.00,115.50,223.50,0.500,Idle,5.62,9.50,372.64,4589.00,11499.37,620.73,,0,100,35.00,-62,4424274,-274304.99,3,fused
357737,000000357737.jpg,640x480,1,0.999988,1,1,TP,yolov8l_bsz4.ms,108.00,115.50,223.50,0.500,Idle,5.62,9.50,372.64,4589.00,11499.37,620.73,,0,100,35.00,-62,4424274,-274304.99,3,fused
321790,000000321790.jpg,640x427,1,0.999988,1,1,TP,yolov8l_bsz4.ms,108.00,115.50,223.50,0.500,Idle,5.62,9.50,372.64,4589.00,11499.37,620.73,,0,100,35.00,-62,4424274,-274304.99,3,fused
481413,000000481413.jpg,640x427,1,0.999988,1,1,TP,yolov8l_bsz4.ms,116.00,113.75,229.75,0.500,Idle,5.50,9.31,367.77,4587.00,11499.37,617.64,,0,100,35.00,-58,4424321,-256610.62,3,fused
268378,000000268378.jpg,640x359,1,0.999988,1,1,TP,yolov8l_bsz4.ms,116.00,113.75,229.75,0.500,Idle,5.50,9.31,367.77,4587.00,11499.37,617.64,,0,100,35.00,-58,4424321,-256610.62,3,fused
145597,000000145597.jpg,640x480,1,0.999988,1,1,TP,yolov8l_bsz4.ms,116.00,113.75,229.75,0.500,Idle,5.50,9.31,367.77,4587.00,11499.37,617.64,,0,100,35.00,-58,4424321,-256610.62,3,fused
394677,000000394677.jpg,500x375,1,0.999988,1,1,TP,yolov8l_bsz4.ms,116.00,113.75,229.75,0.500,Idle,5.50,9.31,367.77,4587.00,11499.37,617.64,,0,100,35.00,-58,4424321,-256610.62,3,fused
491366,000000491366.jpg,500x375,1,0.999987,1,1,TP,yolov8l_bsz4.ms,109.50,115.75,225.25,0.500,Idle,5.43,9.31,349.36,4610.00,11499.37,640.05,,0,100,35.00,-57,4424326,-252186.58,3,fused
483667,000000483667.jpg,426x640,1,0.999987,1,1,TP,yolov8l_bsz4.ms,109.50,115.75,225.25,0.500,Idle,5.43,9.31,349.36,4610.00,11499.37,640.05,,0,100,35.00,-57,4424326,-252186.58,3,fused
465179,000000465179.jpg,374x500,1,0.999987,1,1,TP,yolov8l_bsz4.ms,109.50,115.75,225.25,0.500,Idle,5.43,9.31,349.36,4610.00,11499.37,640.05,,0,100,35.00,-57,4424326,-252186.58,3,fused
418062,000000418062.jpg,427x640,1,0.999987,1,1,TP,yolov8l_bsz4.ms,109.50,115.75,225.25,0.500,Idle,5.43,9.31,349.36,4610.00,11499.37,640.05,,0,100,35.00,-57,4424326,-252186.58,3,fused
114049,000000114049.jpg,425x640,1,0.999987,1,1,TP,yolov8l_bsz4.ms,109.50,111.75,221.25,0.500,Idle,5.45,9.31,295.15,4660.00,11499.37,690.71,,0,100,35.00,-73,4423898,-322944.55,3,fused
60102,000000060102.jpg,640x360,1,0.999987,1,1,TP,yolov8l_bsz4.ms,109.50,111.75,221.25,0.500,Idle,5.45,9.31,295.15,4660.00,11499.37,690.71,,0,100,35.00,-73,4423898,-322944.55,3,fused
235241,000000235241.jpg,640x427,1,0.999987,1,1,TP,yolov8l_bsz4.ms,109.50,111.75,221.25,0.500,Idle,5.45,9.31,295.15,4660.00,11499.37,690.71,,0,100,35.00,-73,4423898,-322944.55,3,fused
133969,000000133969.jpg,640x427,1,0.999987,1,1,TP,yolov8l_bsz4.ms,109.50,111.75,221.25,0.500,Idle,5.45,9.31,295.15,4660.00,11499.37,690.71,,0,100,35.00,-73,4423898,-322944.55,3,fused
266768,000000266768.jpg,612x612,1,0.999987,1,1,TP,yolov8l_bsz4.ms,108.00,136.75,244.75,0.500,Idle,5.38,8.62,371.79,4590.00,11499.37,619.23,,0,100,35.00,-61,4424388,-269887.67,3,fused
276055,000000276055.jpg,500x375,1,0.999987,1,1,TP,yolov8l_bsz4.ms,108.00,136.75,244.75,0.500,Idle,5.38,8.62,371.79,4590.00,11499.37,619.23,,0,100,35.00,-61,4424388,-269887.67,3,fused
193181,000000193181.jpg,426x640,1,0.999987,1,1,TP,yolov8l_bsz4.ms,108.00,136.75,244.75,0.500,Idle,5.38,8.62,371.79,4590.00,11499.37,619.23,,0,100,35.00,-61,4424388,-269887.67,3,fused
456559,000000456559.jpg,640x480,1,0.999986,1,1,TP,yolov8l_bsz4.ms,108.00,136.75,244.75,0.500,Idle,5.38,8.62,371.79,4590.00,11499.37,619.23,,0,100,35.00,-61,4424388,-269887.67,3,fused
46252,000000046252.jpg,640x480,1,0.999986,1,1,TP,yolov8l_bsz4.ms,111.00,120.00,231.00,0.500,Idle,5.32,8.62,369.93,4584.00,11499.37,613.19,,0,100,35.00,-56,4424389,-247765.78,3,fused
439715,000000439715.jpg,640x480,1,0.999986,1,1,TP,yolov8l_bsz4.ms,111.00,120.00,231.00,0.500,Idle,5.32,8.62,369.93,4584.00,11499.37,613.19,,0,100,35.00,-56,4424389,-247765.78,3,fused
99810,000000099810.jpg,500x332,1,0.999986,1,1,TP,yolov8l_bsz4.ms,111.00,120.00,231.00,0.500,Idle,5.32,8.62,369.93,4584.00,11499.37,613.19,,0,100,35.00,-56,4424389,-247765.78,3,fused
8690,000000008690.jpg,640x480,1,0.999986,1,1,TP,yolov8l_bsz4.ms,111.00,120.00,231.00,0.500,Idle,5.32,8.62,369.93,4584.00,11499.37,613.19,,0,100,35.00,-56,4424389,-247765.78,3,fused
199055,000000199055.jpg,480x640,1,0.999986,1,1,TP,yolov8l_bsz4.ms,109.00,112.25,221.25,0.500,Idle,5.38,8.71,351.23,4609.00,11499.37,637.05,,0,100,35.00,-58,4424343,-256611.89,3,fused
533816,000000533816.jpg,640x426,1,0.999986,1,1,TP,yolov8l_bsz4.ms,109.00,112.25,221.25,0.500,Idle,5.38,8.71,351.23,4609.00,11499.37,637.05,,0,100,35.00,-58,4424343,-256611.89,3,fused
252701,000000252701.jpg,640x378,1,0.999986,1,1,TP,yolov8l_bsz4.ms,109.00,112.25,221.25,0.500,Idle,5.38,8.71,351.23,4609.00,11499.37,637.05,,0,100,35.00,-58,4424343,-256611.89,3,fused
356424,000000356424.jpg,480x640,1,0.999986,1,1,TP,yolov8l_bsz4.ms,109.00,112.25,221.25,0.500,Idle,5.38,8.71,351.23,4609.00,11499.37,637.05,,0,100,35.00,-58,4424343,-256611.89,3,fused
546717,000000546717.jpg,471x640,1,0.999986,1,1,TP,yolov8l_bsz4.ms,109.25,116.25,225.50,0.500,Idle,5.37,8.71,295.15,4663.00,11499.37,689.98,,0,100,35.00,-64,4424015,-283136.96,3,fused
516677,000000516677.jpg,640x480,1,0.999986,1,1,TP,yolov8l_bsz4.ms,109.25,116.25,225.50,0.500,Idle,5.37,8.71,295.15,4663.00,11499.37,689.98,,0,100,35.00,-64,4424015,-283136.96,3,fused
424551,000000424551.jpg,640x480,1,0.999985,1,1,TP,yolov8l_bsz4.ms,109.25,116.25,225.50,0.500,Idle,5.37,8.71,295.15,4663.00,11499.37,689.98,,0,100,35.00,-64,4424015,-283136.96,3,fused
187734,000000187734.jpg,640x480,1,0.999985,1,1,TP,yolov8l_bsz4.ms,109.25,116.25,225.50,0.500,Idle,5.37,8.71,295.15,4663.00,11499.37,689.98,,0,100,35.00,-64,4424015,-283136.96,3,fused
312552,000000312552.jpg,400x300,1,0.999985,1,1,TP,yolov8l_bsz4.ms,108.00,110.00,218.00,0.500,Idle,9.11,8.88,373.12,4590.00,11499.37,616.98,,0,100,35.00,-116,4422148,-512969.17,3,fused
227482,000000227482.jpg,640x480,1,0.999985,1,1,TP,yolov8l_bsz4.ms,108.00,110.00,218.00,0.500,Idle,9.11,8.88,373.12,4590.00,11499.37,616.98,,0,100,35.00,-116,4422148,-512969.17,3,fused
140987,000000140987.jpg,425x640,1,0.999985,1,1,TP,yolov8l_bsz4.ms,108.00,110.00,218.00,0.500,Idle,9.11,8.88,373.12,4590.00,11499.37,616.98,,0,100,35.00,-116,4422148,-512969.17,3,fused
321214,000000321214.jpg,640x480,1,0.999984,1,1,TP,yolov8l_bsz4.ms,108.00,110.00,218.00,0.500,Idle,9.11,8.88,373.12,4590.00,11499.37,616.98,,0,100,35.00,-116,4422148,-512969.17,3,fused
239347,000000239347.jpg,640x480,1,0.999984,1,1,TP,yolov8l_bsz4.ms,110.75,132.50,243.25,0.500,Idle,5.59,8.88,369.57,4589.00,11499.37,612.68,,0,100,35.00,-68,4424049,-300835.33,3,fused
18193,000000018193.jpg,640x480,1,0.999984,1,1,TP,yolov8l_bsz4.ms,110.75,132.50,243.25,0.500,Idle,5.59,8.88,369.57,4589.00,11499.37,612.68,,0,100,35.00,-68,4424049,-300835.33,3,fused
216516,000000216516.jpg,480x640,1,0.999984,1,1,TP,yolov8l_bsz4.ms,110.75,132.50,243.25,0.500,Idle,5.59,8.88,369.57,4589.00,11499.37,612.68,,0,100,35.00,-68,4424049,-300835.33,3,fused
157365,000000157365.jpg,427x640,1,0.999984,1,1,TP,yolov8l_bsz4.ms,110.75,132.50,243.25,0.500,Idle,5.59,8.88,369.57,4589.00,11499.37,612.68,,0,100,35.00,-68,4424049,-300835.33,3,fused
358525,000000358525.jpg,640x480,1,0.999983,1,1,TP,yolov8l_bsz4.ms,109.25,116.00,225.25,0.500,Idle,5.64,9.57,349.48,4614.00,11499.37,636.93,,0,100,35.00,-65,4424088,-287565.72,3,fused
67310,000000067310.jpg,486x640,1,0.999983,1,1,TP,yolov8l_bsz4.ms,109.25,116.00,225.25,0.500,Idle,5.64,9.57,349.48,4614.00,11499.37,636.93,,0,100,35.00,-65,4424088,-287565.72,3,fused
294695,000000294695.jpg,640x427,1,0.999983,1,1,TP,yolov8l_bsz4.ms,109.25,116.00,225.25,0.500,Idle,5.64,9.57,349.48,4614.00,11499.37,636.93,,0,100,35.00,-65,4424088,-287565.72,3,fused
390902,000000390902.jpg,333x500,1,0.999983,1,1,TP,yolov8l_bsz4.ms,109.25,116.00,225.25,0.500,Idle,5.64,9.57,349.48,4614.00,11499.37,636.93,,0,100,35.00,-65,4424088,-287565.72,3,fused
383384,000000383384.jpg,640x360,1,0.999982,1,1,TP,yolov8l_bsz4.ms,109.75,113.50,223.25,0.500,Idle,5.54,9.57,295.78,4657.00,11499.37,678.20,,0,100,35.00,-62,4424155,-274297.61,3,fused
18150,000000018150.jpg,640x480,1,0.999982,1,1,TP,yolov8l_bsz4.ms,109.75,113.50,223.25,0.500,Idle,5.54,9.57,295.78,4657.00,11499.37,678.20,,0,100,35.00,-62,4424155,-274297.61,3,fused
301718,000000301718.jpg,480x640,1,0.999982,1,1,TP,yolov8l_bsz4.ms,109.75,113.50,223.25,0.500,Idle,5.54,9.57,295.78,4657.00,11499.37,678.20,,0,100,35.00,-62,4424155,-274297.61,3,fused
32081,000000032081.jpg,375x500,1,0.999982,1,1,TP,yolov8l_bsz4.ms,109.75,113.50,223.25,0.500,Idle,5.54,9.57,295.78,4657.00,11499.37,678.20,,0,100,35.00,-62,4424155,-274297.61,3,fused
161925,000000161925.jpg,480x640,1,0.999982,1,1,TP,yolov8l_bsz4.ms,108.25,110.00,218.25,0.500,Idle,5.35,9.54,373.27,4584.00,11499.37,605.49,,0,100,35.00,-59,4424212,-261028.51,3,fused
440184,000000440184.jpg,640x425,1,0.999982,1,1,TP,yolov8l_bsz4.ms,108.25,110.00,218.25,0.500,Idle,5.35,9.54,373.27,4584.00,11499.37,605.49,,0,100,35.00,-59,4424212,-261028.51,3,fused
151000,000000151000.jpg,640x426,1,0.999981,1,1,TP,yolov8l_bsz4.ms,108.25,110.00,218.25,0.500,Idle,5.35,9.54,373.27,4584.00,11499.37,605.49,,0,100,35.00,-59,4424212,-261028.51,3,fused
466125,000000466125.jpg,427x640,1,0.999981,1,1,TP,yolov8l_bsz4.ms,108.25,110.00,218.25,0.500,Idle,5.35,9.54,373.27,4584.00,11499.37,605.49,,0,100,35.00,-59,4424212,-261028.51,3,fused
319534,000000319534.jpg,640x480,1,0.999981,1,1,TP,yolov8l_bsz4.ms,110.75,115.75,226.50,0.500,Idle,5.34,9.54,370.02,4583.00,11499.37,604.18,,0,100,35.00,-58,4424302,-256609.52,3,fused
6763,000000006763.jpg,375x500,1,0.999981,1,1,TP,yolov8l_bsz4.ms,110.75,115.75,226.50,0.500,Idle,5.34,9.54,370.02,4583.00,11499.37,604.18,,0,100,35.00,-58,4424302,-256609.52,3,fused
445834,000000445834.jpg,640x427,1,0.999981,1,1,TP,yolov8l_bsz4.ms,110.75,115.75,226.50,0.500,Idle,5.34,9.54,370.02,4583.00,11499.37,604.18,,0,100,35.00,-58,4424302,-256609.52,3,fused
432085,000000432085.jpg,500x375,1,0.999981,1,1,TP,yolov8l_bsz4.ms,110.75,115.75,226.50,0.500,Idle,5.34,9.54,370.02,4583.00,11499.37,604.18,,0,100,35.00,-58,4424302,-256609.52,3,fused
224675,000000224675.jpg,400x300,1,0.999981,1,1,TP,yolov8l_bsz4.ms,109.25,116.75,226.00,0.500,Idle,5.35,9.23,349.85,4609.00,11499.37,629.03,,0,100,35.00,-58,4424308,-256609.86,3,fused
163682,000000163682.jpg,427x640,1,0.999981,1,1,TP,yolov8l_bsz4.ms,109.25,116.75,226.00,0.500,Idle,5.35,9.23,349.85,4609.00,11499.37,629.03,,0,100,35.00,-58,4424308,-256609.86,3,fused
465180,000000465180.jpg,640x426,1,0.999981,1,1,TP,yolov8l_bsz4.ms,109.25,116.75,226.00,0.500,Idle,5.35,9.23,349.85,4609.00,11499.37,629.03,,0,100,35.00,-58,4424308,-256609.86,3,fused
96493,000000096493.jpg,426x640,1,0.999980,1,1,TP,yolov8l_bsz4.ms,109.25,116.75,226.00,0.500,Idle,5.35,9.23,349.85,4609.00,11499.37,629.03,,0,100,35.00,-58,4424308,-256609.86,3,fused
284445,000000284445.jpg,640x594,1,0.999980,1,1,TP,yolov8l_bsz4.ms,109.00,116.50,225.50,0.500,Idle,5.36,9.23,294.47,4660.00,11499.37,680.13,,0,100,35.00,-60,4424261,-265455.66,3,fused
358923,000000358923.jpg,640x428,1,0.999980,1,1,TP,yolov8l_bsz4.ms,109.00,116.50,225.50,0.500,Idle,5.36,9.23,294.47,4660.00,11499.37,680.13,,0,100,35.00,-60,4424261,-265455.66,3,fused
368294,000000368294.jpg,640x426,1,0.999979,1,1,TP,yolov8l_bsz4.ms,109.00,116.50,225.50,0.500,Idle,5.36,9.23,294.47,4660.00,11499.37,680.13,,0,100,35.00,-60,4424261,-265455.66,3,fused
121031,000000121031.jpg,640x451,1,0.999979,1,1,TP,yolov8l_bsz4.ms,109.00,116.50,225.50,0.500,Idle,5.36,9.23,294.47,4660.00,11499.37,680.13,,0,100,35.00,-60,4424261,-265455.66,3,fused
371749,000000371749.jpg,500x375,1,0.999979,1,1,TP,yolov8l_bsz4.ms,108.00,126.75,234.75,0.500,Idle,5.33,9.23,371.36,4588.00,11499.37,607.91,,0,100,35.00,-58,4424276,-256608.01,3,fused
121673,000000121673.jpg,500x375,1,0.999979,1,1,TP,yolov8l_bsz4.ms,108.00,126.75,234.75,0.500,Idle,5.33,9.23,371.36,4588.00,11499.37,607.91,,0,100,35.00,-58,4424276,-256608.01,3,fused
119088,000000119088.jpg,500x375,1,0.999979,1,1,TP,yolov8l_bsz4.ms,108.00,126.75,234.75,0.500,Idle,5.33,9.23,371.36,4588.00,11499.37,607.91,,0,100,35.00,-58,4424276,-256608.01,3,fused
50380,000000050380.jpg,640x427,1,0.999979,1,1,TP,yolov8l_bsz4.ms,108.00,126.75,234.75,0.500,Idle,5.33,9.23,371.36,4588.00,11499.37,607.91,,0,100,35.00,-58,4424276,-256608.01,3,fused
551215,000000551215.jpg,480x640,1,0.999978,1,1,TP,yolov8l_bsz4.ms,110.75,110.50,221.25,0.500,Idle,5.28,8.97,369.76,4584.00,11499.37,601.86,,0,100,35.00,-63,4423978,-278710.61,3,fused
297578,000000297578.jpg,500x281,1,0.999978,1,1,TP,yolov8l_bsz4.ms,110.75,110.50,221.25,0.500,Idle,5.28,8.97,369.76,4584.00,11499.37,601.86,,0,100,35.00,-63,4423978,-278710.61,3,fused
350148,000000350148.jpg,480x640,1,0.999978,1,1,TP,yolov8l_bsz4.ms,110.75,110.50,221.25,0.500,Idle,5.28,8.97,369.76,4584.00,11499.37,601.86,,0,100,35.00,-63,4423978,-278710.61,3,fused
130826,000000130826.jpg,640x480,1,0.999978,1,1,TP,yolov8l_bsz4.ms,110.75,110.50,221.25,0.500,Idle,5.28,8.97,369.76,4584.00,11499.37,601.86,,0,100,35.00,-63,4423978,-278710.61,3,fused
481567,000000481567.jpg,640x480,1,0.999978,1,1,TP,yolov8l_bsz4.ms,109.00,119.00,228.00,0.500,Idle,5.30,8.97,351.55,4607.00,11499.37,624.59,,0,100,35.00,-64,4423998,-283135.87,3,fused
150417,000000150417.jpg,640x480,1,0.999978,1,1,TP,yolov8l_bsz4.ms,109.00,119.00,228.00,0.500,Idle,5.30,8.97,351.55,4607.00,11499.37,624.59,,0,100,35.00,-64,4423998,-283135.87,3,fused
382111,000000382111.jpg,640x427,1,0.999977,1,1,TP,yolov8l_bsz4.ms,109.00,119.00,228.00,0.500,Idle,5.30,8.97,351.55,4607.00,11499.37,624.59,,0,100,35.00,-64,4423998,-283135.87,3,fused
197658,000000197658.jpg,582x640,1,0.999977,1,1,TP,yolov8l_bsz4.ms,109.00,119.00,228.00,0.500,Idle,5.30,8.97,351.55,4607.00,11499.37,624.59,,0,100,35.00,-64,4423998,-283135.87,3,fused
489764,000000489764.jpg,640x538,1,0.999977,1,1,TP,yolov8l_bsz4.ms,109.25,116.75,226.00,0.500,Idle,6.32,8.64,294.66,4657.00,11499.37,672.44,,0,100,35.00,-66,4423996,-291983.74,3,fused
334309,000000334309.jpg,640x427,1,0.999976,1,1,TP,yolov8l_bsz4.ms,109.25,116.75,226.00,0.500,Idle,6.32,8.64,294.66,4657.00,11499.37,672.44,,0,100,35.00,-66,4423996,-291983.74,3,fused
474078,000000474078.jpg,640x480,1,0.999976,1,1,TP,yolov8l_bsz4.ms,109.25,116.75,226.00,0.500,Idle,6.32,8.64,294.66,4657.00,11499.37,672.44,,0,100,35.00,-66,4423996,-291983.74,3,fused
127530,000000127530.jpg,640x440,1,0.999976,1,1,TP,yolov8l_bsz4.ms,109.25,116.75,226.00,0.500,Idle,6.32,8.64,294.66,4657.00,11499.37,672.44,,0,100,35.00,-66,4423996,-291983.74,3,fused
576031,000000576031.jpg,640x480,1,0.999976,1,1,TP,yolov8l_bsz4.ms,109.25,131.25,240.50,0.500,Idle,5.70,8.64,373.13,4583.00,11499.37,599.20,,0,100,35.00,-64,4424051,-283139.26,3,fused
491867,000000491867.jpg,480x640,1,0.999976,1,1,TP,yolov8l_bsz4.ms,109.25,131.25,240.50,0.500,Idle,5.70,8.64,373.13,4583.00,11499.37,599.20,,0,100,35.00,-64,4424051,-283139.26,3,fused
404922,000000404922.jpg,368x500,1,0.999976,1,1,TP,yolov8l_bsz4.ms,109.25,131.25,240.50,0.500,Idle,5.70,8.64,373.13,4583.00,11499.37,599.20,,0,100,35.00,-64,4424051,-283139.26,3,fused
192670,000000192670.jpg,640x433,1,0.999976,1,1,TP,yolov8l_bsz4.ms,109.25,131.25,240.50,0.500,Idle,5.70,8.64,373.13,4583.00,11499.37,599.20,,0,100,35.00,-64,4424051,-283139.26,3,fused
115898,000000115898.jpg,640x427,1,0.999975,1,1,TP,yolov8l_bsz4.ms,109.50,119.75,229.25,0.500,Idle,5.58,11.07,370.10,4579.00,11499.37,594.27,,0,100,35.00,-66,4423994,-291983.60,3,fused
410456,000000410456.jpg,640x480,1,0.999975,1,1,TP,yolov8l_bsz4.ms,109.50,119.75,229.25,0.500,Idle,5.58,11.07,370.10,4579.00,11499.37,594.27,,0,100,35.00,-66,4423994,-291983.60,3,fused
13201,000000013201.jpg,427x640,1,0.999975,1,1,TP,yolov8l_bsz4.ms,109.50,119.75,229.25,0.500,Idle,5.58,11.07,370.10,4579.00,11499.37,594.27,,0,100,35.00,-66,4423994,-291983.60,3,fused
68093,000000068093.jpg,640x480,1,0.999975,1,1,TP,yolov8l_bsz4.ms,109.50,119.75,229.25,0.500,Idle,5.58,11.07,370.10,4579.00,11499.37,594.27,,0,100,35.00,-66,4423994,-291983.60,3,fused
1296,000000001296.jpg,427x640,1,0.999975,1,1,TP,yolov8l_bsz4.ms,109.50,118.00,227.50,0.500,Idle,5.59,11.07,349.28,4604.00,11499.37,619.52,,0,100,35.00,-67,4423995,-296407.66,3,fused
485071,000000485071.jpg,640x426,1,0.999974,1,1,TP,yolov8l_bsz4.ms,109.50,118.00,227.50,0.500,Idle,5.59,11.07,349.28,4604.00,11499.37,619.52,,0,100,35.00,-67,4423995,-296407.66,3,fused
566923,000000566923.jpg,640x426,1,0.999974,1,1,TP,yolov8l_bsz4.ms,109.50,118.00,227.50,0.500,Idle,5.59,11.07,349.28,4604.00,11499.37,619.52,,0,100,35.00,-67,4423995,-296407.66,3,fused
559543,000000559543.jpg,500x333,1,0.999973,1,1,TP,yolov8l_bsz4.ms,109.50,118.00,227.50,0.500,Idle,5.59,11.07,349.28,4604.00,11499.37,619.52,,0,100,35.00,-67,4423995,-296407.66,3,fused
416104,000000416104.jpg,640x480,1,0.999973,1,1,TP,yolov8l_bsz4.ms,110.00,113.75,223.75,0.500,Idle,5.53,10.44,294.20,4655.00,11499.37,670.64,,0,100,35.00,-61,4424112,-269870.83,3,fused
328337,000000328337.jpg,640x427,1,0.999973,1,1,TP,yolov8l_bsz4.ms,110.00,113.75,223.75,0.500,Idle,5.53,10.44,294.20,4655.00,11499.37,670.64,,0,100,35.00,-61,4424112,-269870.83,3,fused
356427,000000356427.jpg,640x427,1,0.999972,1,1,TP,yolov8l_bsz4.ms,110.00,113.75,223.75,0.500,Idle,5.53,10.44,294.20,4655.00,11499.37,670.64,,0,100,35.00,-61,4424112,-269870.83,3,fused
327601,000000327601.jpg,333x500,1,0.999972,1,1,TP,yolov8l_bsz4.ms,110.00,113.75,223.75,0.500,Idle,5.53,10.44,294.20,4655.00,11499.37,670.64,,0,100,35.00,-61,4424112,-269870.83,3,fused
456015,000000456015.jpg,640x427,1,0.999972,1,1,TP,yolov8l_bsz4.ms,107.75,118.75,226.50,0.500,Idle,5.42,10.44,371.86,4583.00,11499.37,597.06,,0,100,35.00,-106,4422366,-468770.80,3,fused
494188,000000494188.jpg,480x640,1,0.999972,1,1,TP,yolov8l_bsz4.ms,107.75,118.75,226.50,0.500,Idle,5.42,10.44,371.86,4583.00,11499.37,597.06,,0,100,35.00,-106,4422366,-468770.80,3,fused
114884,000000114884.jpg,500x329,1,0.999972,1,1,TP,yolov8l_bsz4.ms,107.75,118.75,226.50,0.500,Idle,5.42,10.44,371.86,4583.00,11499.37,597.06,,0,100,35.00,-106,4422366,-468770.80,3,fused
326174,000000326174.jpg,640x480,1,0.999972,1,1,TP,yolov8l_bsz4.ms,107.75,118.75,226.50,0.500,Idle,5.42,10.44,371.86,4583.00,11499.37,597.06,,0,100,35.00,-106,4422366,-468770.80,3,fused
54164,000000054164.jpg,640x427,1,0.999972,1,1,TP,yolov8l_bsz4.ms,110.25,105.25,215.50,0.500,Idle,5.42,10.02,370.76,4587.00,11499.37,601.16,,0,100,35.00,-67,4423900,-296401.30,3,fused
185890,000000185890.jpg,509x640,1,0.999971,1,1,TP,yolov8l_bsz4.ms,110.25,105.25,215.50,0.500,Idle,5.42,10.02,370.76,4587.00,11499.37,601.16,,0,100,35.00,-67,4423900,-296401.30,3,fused
143961,000000143961.jpg,640x356,1,0.999971,1,1,TP,yolov8l_bsz4.ms,110.25,105.25,215.50,0.500,Idle,5.42,10.02,370.76,4587.00,11499.37,601.16,,0,100,35.00,-67,4423900,-296401.30,3,fused
193429,000000193429.jpg,640x428,1,0.999971,1,1,TP,yolov8l_bsz4.ms,110.25,105.25,215.50,0.500,Idle,5.42,10.02,370.76,4587.00,11499.37,601.16,,0,100,35.00,-67,4423900,-296401.30,3,fused
136715,000000136715.jpg,640x425,1,0.999971,1,1,TP,yolov8l_bsz4.ms,108.25,112.75,221.00,0.500,Idle,5.39,10.02,350.03,4596.00,11499.37,614.03,,0,100,35.00,-65,4423902,-287553.63,3,fused
322944,000000322944.jpg,457x640,1,0.999971,1,1,TP,yolov8l_bsz4.ms,108.25,112.75,221.00,0.500,Idle,5.39,10.02,350.03,4596.00,11499.37,614.03,,0,100,35.00,-65,4423902,-287553.63,3,fused
102411,000000102411.jpg,640x427,1,0.999971,1,1,TP,yolov8l_bsz4.ms,108.25,112.75,221.00,0.500,Idle,5.39,10.02,350.03,4596.00,11499.37,614.03,,0,100,35.00,-65,4423902,-287553.63,3,fused
22479,000000022479.jpg,640x605,1,0.999970,1,1,TP,yolov8l_bsz4.ms,108.25,112.75,221.00,0.500,Idle,5.39,10.02,350.03,4596.00,11499.37,614.03,,0,100,35.00,-65,4423902,-287553.63,3,fused
188296,000000188296.jpg,640x609,1,0.999970,1,1,TP,yolov8l_bsz4.ms,109.50,113.75,223.25,0.500,Idle,5.33,10.02,295.35,4657.00,11499.37,672.03,,0,100,35.00,-59,4424226,-261029.33,3,fused
256868,000000256868.jpg,640x428,1,0.999970,1,1,TP,yolov8l_bsz4.ms,109.50,113.75,223.25,0.500,Idle,5.33,10.02,295.35,4657.00,11499.37,672.03,,0,100,35.00,-59,4424226,-261029.33,3,fused
25424,000000025424.jpg,427x640,1,0.999970,1,1,TP,yolov8l_bsz4.ms,109.50,113.75,223.25,0.500,Idle,5.33,10.02,295.35,4657.00,11499.37,672.03,,0,100,35.00,-59,4424226,-261029.33,3,fused
133244,000000133244.jpg,640x359,1,0.999970,1,1,TP,yolov8l_bsz4.ms,109.50,113.75,223.25,0.500,Idle,5.33,10.02,295.35,4657.00,11499.37,672.03,,0,100,35.00,-59,4424226,-261029.33,3,fused
423506,000000423506.jpg,375x500,1,0.999969,1,1,TP,yolov8l_bsz4.ms,109.00,105.50,214.50,0.500,Idle,5.31,9.88,371.01,4577.00,11499.37,591.74,,0,100,35.00,-59,4424187,-261027.03,3,fused
345466,000000345466.jpg,500x375,1,0.999967,1,1,TP,yolov8l_bsz4.ms,109.00,105.50,214.50,0.500,Idle,5.31,9.88,371.01,4577.00,11499.37,591.74,,0,100,35.00,-59,4424187,-261027.03,3,fused
361147,000000361147.jpg,417x640,1,0.999967,1,1,TP,yolov8l_bsz4.ms,109.00,105.50,214.50,0.500,Idle,5.31,9.88,371.01,4577.00,11499.37,591.74,,0,100,35.00,-59,4424187,-261027.03,3,fused
511760,000000511760.jpg,296x640,1,0.999967,1,1,TP,yolov8l_bsz4.ms,109.00,105.50,214.50,0.500,Idle,5.31,9.88,371.01,4577.00,11499.37,591.74,,0,100,35.00,-59,4424187,-261027.03,3,fused
567011,000000567011.jpg,640x426,1,0.999967,1,1,TP,yolov8l_bsz4.ms,109.50,111.00,220.50,0.500,Idle,7.91,9.88,371.39,4582.00,11499.37,595.41,,0,100,35.00,-112,4422048,-495269.38,3,fused
562207,000000562207.jpg,640x425,1,0.999967,1,1,TP,yolov8l_bsz4.ms,109.50,111.00,220.50,0.500,Idle,7.91,9.88,371.39,4582.00,11499.37,595.41,,0,100,35.00,-112,4422048,-495269.38,3,fused
343524,000000343524.jpg,640x447,1,0.999966,1,1,TP,yolov8l_bsz4.ms,109.50,111.00,220.50,0.500,Idle,7.91,9.88,371.39,4582.00,11499.37,595.41,,0,100,35.00,-112,4422048,-495269.38,3,fused
153229,000000153229.jpg,640x457,1,0.999966,1,1,TP,yolov8l_bsz4.ms,109.50,111.00,220.50,0.500,Idle,7.91,9.88,371.39,4582.00,11499.37,595.41,,0,100,35.00,-112,4422048,-495269.38,3,fused
238410,000000238410.jpg,640x480,1,0.999966,1,1,TP,yolov8l_bsz4.ms,109.75,112.75,222.50,0.500,Idle,5.97,13.62,350.23,4599.00,11499.37,612.07,,0,100,35.00,-70,4423711,-309659.77,3,fused
57150,000000057150.jpg,240x320,1,0.999965,1,1,TP,yolov8l_bsz4.ms,109.75,112.75,222.50,0.500,Idle,5.97,13.62,350.23,4599.00,11499.37,612.07,,0,100,35.00,-70,4423711,-309659.77,3,fused
507797,000000507797.jpg,640x425,1,0.999965,1,1,TP,yolov8l_bsz4.ms,109.75,112.75,222.50,0.500,Idle,5.97,13.62,350.23,4599.00,11499.37,612.07,,0,100,35.00,-70,4423711,-309659.77,3,fused
192699,000000192699.jpg,640x457,1,0.999965,1,1,TP,yolov8l_bsz4.ms,109.75,112.75,222.50,0.500,Idle,5.97,13.62,350.23,4599.00,11499.37,612.07,,0,100,35.00,-70,4423711,-309659.77,3,fused
188592,000000188592.jpg,480x640,1,0.999965,1,1,TP,yolov8l_bsz4.ms,109.25,122.00,231.25,0.500,Idle,5.84,13.62,292.63,4662.00,11499.37,674.14,,0,100,35.00,-73,4423744,-322933.31,3,fused
236426,000000236426.jpg,640x429,1,0.999965,1,1,TP,yolov8l_bsz4.ms,109.25,122.00,231.25,0.500,Idle,5.84,13.62,292.63,4662.00,11499.37,674.14,,0,100,35.00,-73,4423744,-322933.31,3,fused
442836,000000442836.jpg,640x457,1,0.999965,1,1,TP,yolov8l_bsz4.ms,109.25,122.00,231.25,0.500,Idle,5.84,13.62,292.63,4662.00,11499.37,674.14,,0,100,35.00,-73,4423744,-322933.31,3,fused
568439,000000568439.jpg,640x449,1,0.999963,1,1,TP,yolov8l_bsz4.ms,109.25,122.00,231.25,0.500,Idle,5.84,13.62,292.63,4662.00,11499.37,674.14,,0,100,35.00,-73,4423744,-322933.31,3,fused
375493,000000375493.jpg,640x480,1,0.999963,1,1,TP,yolov8l_bsz4.ms,108.00,120.00,228.00,0.500,Idle,5.54,13.62,372.87,4574.00,11499.37,585.58,,0,100,35.00,-62,4423979,-274286.70,3,fused
157767,000000157767.jpg,640x427,1,0.999962,1,1,TP,yolov8l_bsz4.ms,108.00,120.00,228.00,0.500,Idle,5.54,13.62,372.87,4574.00,11499.37,585.58,,0,100,35.00,-62,4423979,-274286.70,3,fused
556000,000000556000.jpg,640x515,1,0.999962,1,1,TP,yolov8l_bsz4.ms,108.00,120.00,228.00,0.500,Idle,5.54,13.62,372.87,4574.00,11499.37,585.58,,0,100,35.00,-62,4423979,-274286.70,3,fused
425361,000000425361.jpg,640x491,1,0.999962,1,1,TP,yolov8l_bsz4.ms,108.00,120.00,228.00,0.500,Idle,5.54,13.62,372.87,4574.00,11499.37,585.58,,0,100,35.00,-62,4423979,-274286.70,3,fused
27186,000000027186.jpg,640x428,1,0.999962,1,1,TP,yolov8l_bsz4.ms,110.75,110.25,221.00,0.500,Idle,5.46,10.37,369.63,4583.00,11499.37,593.56,,0,100,35.00,-63,4423948,-278708.72,3,fused
553731,000000553731.jpg,640x428,1,0.999961,1,1,TP,yolov8l_bsz4.ms,110.75,110.25,221.00,0.500,Idle,5.46,10.37,369.63,4583.00,11499.37,593.56,,0,100,35.00,-63,4423948,-278708.72,3,fused
369310,000000369310.jpg,395x640,1,0.999961,1,1,TP,yolov8l_bsz4.ms,110.75,110.25,221.00,0.500,Idle,5.46,10.37,369.63,4583.00,11499.37,593.56,,0,100,35.00,-63,4423948,-278708.72,3,fused
253835,000000253835.jpg,640x480,1,0.999960,1,1,TP,yolov8l_bsz4.ms,110.75,110.25,221.00,0.500,Idle,5.46,10.37,369.63,4583.00,11499.37,593.56,,0,100,35.00,-63,4423948,-278708.72,3,fused
320642,000000320642.jpg,500x321,1,0.999960,1,1,TP,yolov8l_bsz4.ms,108.25,99.50,207.75,0.500,Idle,5.46,10.37,350.66,4594.00,11499.37,604.55,,0,100,35.00,-73,4423461,-322912.65,3,fused
216296,000000216296.jpg,640x427,1,0.999960,1,1,TP,yolov8l_bsz4.ms,108.25,99.50,207.75,0.500,Idle,5.46,10.37,350.66,4594.00,11499.37,604.55,,0,100,35.00,-73,4423461,-322912.65,3,fused
92091,000000092091.jpg,640x480,1,0.999960,1,1,TP,yolov8l_bsz4.ms,108.25,99.50,207.75,0.500,Idle,5.46,10.37,350.66,4594.00,11499.37,604.55,,0,100,35.00,-73,4423461,-322912.65,3,fused
194716,000000194716.jpg,640x427,1,0.999960,1,1,TP,yolov8l_bsz4.ms,108.25,99.50,207.75,0.500,Idle,5.46,10.37,350.66,4594.00,11499.37,604.55,,0,100,35.00,-73,4423461,-322912.65,3,fused
509403,000000509403.jpg,640x427,1,0.999960,1,1,TP,yolov8l_bsz4.ms,109.50,120.50,230.00,0.500,Idle,5.43,9.89,305.75,4644.00,11499.37,654.11,,0,100,35.00,-62,4423999,-274287.94,3,fused
244750,000000244750.jpg,393x500,1,0.999959,1,1,TP,yolov8l_bsz4.ms,109.50,120.50,230.00,0.500,Idle,5.43,9.89,305.75,4644.00,11499.37,654.11,,0,100,35.00,-62,4423999,-274287.94,3,fused
514797,000000514797.jpg,640x439,1,0.999958,1,1,TP,yolov8l_bsz4.ms,109.50,120.50,230.00,0.500,Idle,5.43,9.89,305.75,4644.00,11499.37,654.11,,0,100,35.00,-62,4423999,-274287.94,3,fused
12748,000000012748.jpg,480x640,1,0.999958,1,1,TP,yolov8l_bsz4.ms,109.50,120.50,230.00,0.500,Idle,5.43,9.89,305.75,4644.00,11499.37,654.11,,0,100,35.00,-62,4423999,-274287.94,3,fused
190307,000000190307.jpg,540x640,1,0.999958,1,1,TP,yolov8l_bsz4.ms,109.50,115.25,224.75,0.500,Idle,5.34,9.89,371.93,4571.00,11499.37,580.29,,0,100,35.00,-94,4422504,-415715.38,3,fused
412894,000000412894.jpg,427x640,1,0.999957,1,1,TP,yolov8l_bsz4.ms,109.50,115.25,224.75,0.500,Idle,5.34,9.89,371.93,4571.00,11499.37,580.29,,0,100,35.00,-94,4422504,-415715.38,3,fused
132796,000000132796.jpg,640x426,1,0.999957,1,1,TP,yolov8l_bsz4.ms,109.50,115.25,224.75,0.500,Idle,5.34,9.89,371.93,4571.00,11499.37,580.29,,0,100,35.00,-94,4422504,-415715.38,3,fused
475064,000000475064.jpg,640x427,1,0.999955,1,1,TP,yolov8l_bsz4.ms,109.50,115.25,224.75,0.500,Idle,5.34,9.89,371.93,4571.00,11499.37,580.29,,0,100,35.00,-94,4422504,-415715.38,3,fused
485027,000000485027.jpg,337x640,1,0.999955,1,1,TP,yolov8l_bsz4.ms,109.75,87.00,196.75,0.500,Idle,5.29,9.89,371.34,4581.00,11499.37,590.05,,0,100,35.00,-70,4423568,-309649.76,3,fused
437239,000000437239.jpg,640x425,1,0.999954,1,1,TP,yolov8l_bsz4.ms,109.75,87.00,196.75,0.500,Idle,5.29,9.89,371.34,4581.00,11499.37,590.05,,0,100,35.00,-70,4423568,-309649.76,3,fused
549390,000000549390.jpg,640x427,1,0.999954,1,1,TP,yolov8l_bsz4.ms,109.75,87.00,196.75,0.500,Idle,5.29,9.89,371.34,4581.00,11499.37,590.05,,0,100,35.00,-70,4423568,-309649.76,3,fused
414673,000000414673.jpg,500x332,1,0.999954,1,1,TP,yolov8l_bsz4.ms,109.75,87.00,196.75,0.500,Idle,5.29,9.89,371.34,4581.00,11499.37,590.05,,0,100,35.00,-70,4423568,-309649.76,3,fused
246963,000000246963.jpg,640x420,1,0.999953,1,1,TP,yolov8l_bsz4.ms,107.75,83.00,190.75,0.500,Idle,5.30,9.62,349.28,4596.00,11499.37,603.74,,0,100,36.00,-72,4423511,-318492.79,3,fused
150649,000000150649.jpg,500x311,1,0.999953,1,1,TP,yolov8l_bsz4.ms,107.75,83.00,190.75,0.500,Idle,5.30,9.62,349.28,4596.00,11499.37,603.74,,0,100,36.00,-72,4423511,-318492.79,3,fused
312489,000000312489.jpg,500x333,1,0.999952,1,1,TP,yolov8l_bsz4.ms,107.75,83.00,190.75,0.500,Idle,5.30,9.62,349.28,4596.00,11499.37,603.74,,0,100,36.00,-72,4423511,-318492.79,3,fused
320696,000000320696.jpg,640x427,1,0.999952,1,1,TP,yolov8l_bsz4.ms,107.75,83.00,190.75,0.500,Idle,5.30,9.62,349.28,4596.00,11499.37,603.74,,0,100,36.00,-72,4423511,-318492.79,3,fused
465549,000000465549.jpg,640x428,1,0.999951,1,1,TP,yolov8l_bsz4.ms,108.50,92.25,200.75,0.500,Idle,5.24,9.62,304.93,4645.00,11499.37,652.60,,0,100,36.00,-79,4423134,-349427.59,3,fused
520264,000000520264.jpg,640x480,1,0.999950,1,1,TP,yolov8l_bsz4.ms,108.50,92.25,200.75,0.500,Idle,5.24,9.62,304.93,4645.00,11499.37,652.60,,0,100,36.00,-79,4423134,-349427.59,3,fused
243148,000000243148.jpg,640x360,1,0.999950,1,1,TP,yolov8l_bsz4.ms,108.50,92.25,200.75,0.500,Idle,5.24,9.62,304.93,4645.00,11499.37,652.60,,0,100,36.00,-79,4423134,-349427.59,3,fused
327701,000000327701.jpg,640x428,1,0.999949,1,1,TP,yolov8l_bsz4.ms,108.50,92.25,200.75,0.500,Idle,5.24,9.62,304.93,4645.00,11499.37,652.60,,0,100,36.00,-79,4423134,-349427.59,3,fused
470779,000000470779.jpg,640x479,1,0.999949,1,1,TP,yolov8l_bsz4.ms,109.50,100.75,210.25,0.500,Idle,8.56,9.62,374.50,4581.00,11499.37,587.01,,0,100,36.00,-67,4423768,-296392.46,3,fused
499031,000000499031.jpg,427x640,1,0.999949,1,1,TP,yolov8l_bsz4.ms,109.50,100.75,210.25,0.500,Idle,8.56,9.62,374.50,4581.00,11499.37,587.01,,0,100,36.00,-67,4423768,-296392.46,3,fused
142620,000000142620.jpg,640x426,1,0.999948,1,1,TP,yolov8l_bsz4.ms,109.50,100.75,210.25,0.500,Idle,8.56,9.62,374.50,4581.00,11499.37,587.01,,0,100,36.00,-67,4423768,-296392.46,3,fused
319100,000000319100.jpg,500x333,1,0.999948,1,1,TP,yolov8l_bsz4.ms,109.50,100.75,210.25,0.500,Idle,8.56,9.62,374.50,4581.00,11499.37,587.01,,0,100,36.00,-67,4423768,-296392.46,3,fused
9590,000000009590.jpg,640x427,1,0.999947,1,1,TP,yolov8l_bsz4.ms,110.00,119.00,229.00,0.500,Idle,6.51,11.25,371.34,4577.00,11499.37,582.54,,0,100,36.00,-79,4423061,-349421.82,3,fused
237118,000000237118.jpg,580x640,1,0.999947,1,1,TP,yolov8l_bsz4.ms,110.00,119.00,229.00,0.500,Idle,6.51,11.25,371.34,4577.00,11499.37,582.54,,0,100,36.00,-79,4423061,-349421.82,3,fused
25057,000000025057.jpg,640x427,1,0.999946,1,1,TP,yolov8l_bsz4.ms,110.00,119.00,229.00,0.500,Idle,6.51,11.25,371.34,4577.00,11499.37,582.54,,0,100,36.00,-79,4423061,-349421.82,3,fused
156076,000000156076.jpg,640x478,1,0.999945,1,1,TP,yolov8l_bsz4.ms,110.00,119.00,229.00,0.500,Idle,6.51,11.25,371.34,4577.00,11499.37,582.54,,0,100,36.00,-79,4423061,-349421.82,3,fused
384666,000000384666.jpg,500x332,1,0.999945,1,1,TP,yolov8l_bsz4.ms,109.50,118.25,227.75,0.500,Idle,5.99,11.25,352.02,4601.00,11499.37,605.42,,0,100,36.00,-67,4423736,-296390.31,3,fused
199442,000000199442.jpg,640x433,1,0.999945,1,1,TP,yolov8l_bsz4.ms,109.50,118.25,227.75,0.500,Idle,5.99,11.25,352.02,4601.00,11499.37,605.42,,0,100,36.00,-67,4423736,-296390.31,3,fused
311394,000000311394.jpg,480x640,1,0.999944,1,1,TP,yolov8l_bsz4.ms,109.50,118.25,227.75,0.500,Idle,5.99,11.25,352.02,4601.00,11499.37,605.42,,0,100,36.00,-67,4423736,-296390.31,3,fused
5060,000000005060.jpg,480x640,1,0.999944,1,1,TP,yolov8l_bsz4.ms,109.50,118.25,227.75,0.500,Idle,5.99,11.25,352.02,4601.00,11499.37,605.42,,0,100,36.00,-67,4423736,-296390.31,3,fused
489339,000000489339.jpg,426x640,1,0.999944,1,1,TP,yolov8l_bsz4.ms,109.75,129.75,239.50,0.500,Idle,5.78,9.93,296.34,4652.00,11499.37,653.78,,0,100,36.00,-100,4422768,-442276.80,3,fused
449432,000000449432.jpg,640x427,1,0.999944,1,1,TP,yolov8l_bsz4.ms,109.75,129.75,239.50,0.500,Idle,5.78,9.93,296.34,4652.00,11499.37,653.78,,0,100,36.00,-100,4422768,-442276.80,3,fused
302452,000000302452.jpg,403x403,1,0.999943,1,1,TP,yolov8l_bsz4.ms,109.75,129.75,239.50,0.500,Idle,5.78,9.93,296.34,4652.00,11499.37,653.78,,0,100,36.00,-100,4422768,-442276.80,3,fused
343803,000000343803.jpg,427x640,1,0.999943,1,1,TP,yolov8l_bsz4.ms,109.75,129.75,239.50,0.500,Idle,5.78,9.93,296.34,4652.00,11499.37,653.78,,0,100,36.00,-100,4422768,-442276.80,3,fused
47801,000000047801.jpg,612x612,1,0.999943,1,1,TP,yolov8l_bsz4.ms,109.50,118.25,227.75,0.500,Idle,5.61,9.93,371.83,4582.00,11499.37,582.96,,0,100,36.00,-65,4423797,-287546.80,3,fused
117425,000000117425.jpg,640x426,1,0.999941,1,1,TP,yolov8l_bsz4.ms,109.50,118.25,227.75,0.500,Idle,5.61,9.93,371.83,4582.00,11499.37,582.96,,0,100,36.00,-65,4423797,-287546.80,3,fused
364126,000000364126.jpg,640x426,1,0.999941,1,1,TP,yolov8l_bsz4.ms,109.50,118.25,227.75,0.500,Idle,5.61,9.93,371.83,4582.00,11499.37,582.96,,0,100,36.00,-65,4423797,-287546.80,3,fused
82812,000000082812.jpg,640x360,1,0.999941,1,1,TP,yolov8l_bsz4.ms,109.50,118.25,227.75,0.500,Idle,5.61,9.93,371.83,4582.00,11499.37,582.96,,0,100,36.00,-65,4423797,-287546.80,3,fused
183437,000000183437.jpg,427x640,1,0.999940,1,1,TP,yolov8l_bsz4.ms,110.25,119.50,229.75,0.500,Idle,5.57,9.49,368.75,4578.00,11499.37,577.93,,0,100,36.00,-58,4423927,-256587.77,3,fused
328601,000000328601.jpg,396x640,1,0.999939,1,1,TP,yolov8l_bsz4.ms,110.25,119.50,229.75,0.500,Idle,5.57,9.49,368.75,4578.00,11499.37,577.93,,0,100,36.00,-58,4423927,-256587.77,3,fused
16249,000000016249.jpg,500x365,1,0.999939,1,1,TP,yolov8l_bsz4.ms,110.25,119.50,229.75,0.500,Idle,5.57,9.49,368.75,4578.00,11499.37,577.93,,0,100,36.00,-58,4423927,-256587.77,3,fused
124442,000000124442.jpg,375x500,1,0.999938,1,1,TP,yolov8l_bsz4.ms,110.25,119.50,229.75,0.500,Idle,5.57,9.49,368.75,4578.00,11499.37,577.93,,0,100,36.00,-58,4423927,-256587.77,3,fused
407298,000000407298.jpg,640x480,1,0.999937,1,1,TP,yolov8l_bsz4.ms,114.25,112.50,226.75,0.500,Idle,5.56,9.49,353.17,4588.00,11499.37,587.05,,0,100,36.00,-65,4423726,-287542.19,3,fused
293625,000000293625.jpg,640x480,1,0.999936,1,1,TP,yolov8l_bsz4.ms,114.25,112.50,226.75,0.500,Idle,5.56,9.49,353.17,4588.00,11499.37,587.05,,0,100,36.00,-65,4423726,-287542.19,3,fused
65736,000000065736.jpg,640x427,1,0.999936,1,1,TP,yolov8l_bsz4.ms,114.25,112.50,226.75,0.500,Idle,5.56,9.49,353.17,4588.00,11499.37,587.05,,0,100,36.00,-65,4423726,-287542.19,3,fused
183391,000000183391.jpg,632x640,1,0.999936,1,1,TP,yolov8l_bsz4.ms,114.25,112.50,226.75,0.500,Idle,5.56,9.49,353.17,4588.00,11499.37,587.05,,0,100,36.00,-65,4423726,-287542.19,3,fused
240250,000000240250.jpg,612x612,1,0.999935,1,1,TP,yolov8l_bsz4.ms,107.25,126.25,233.50,0.500,Idle,5.54,10.86,305.79,4616.00,11499.37,614.91,,0,100,36.00,-62,4423855,-274279.01,3,fused
428867,000000428867.jpg,500x333,1,0.999935,0,0,FP,yolov8l_bsz4.ms,107.25,126.25,233.50,0.500,Idle,5.54,10.86,305.79,4616.00,11499.37,614.91,,0,100,36.00,-62,4423855,-274279.01,3,fused
164883,000000164883.jpg,500x375,1,0.999935,1,1,TP,yolov8l_bsz4.ms,107.25,126.25,233.50,0.500,Idle,5.54,10.86,305.79,4616.00,11499.37,614.91,,0,100,36.00,-62,4423855,-274279.01,3,fused
121744,000000121744.jpg,640x426,1,0.999934,1,1,TP,yolov8l_bsz4.ms,107.25,126.25,233.50,0.500,Idle,5.54,10.86,305.79,4616.00,11499.37,614.91,,0,100,36.00,-62,4423855,-274279.01,3,fused
311928,000000311928.jpg,640x398,1,0.999933,1,1,TP,yolov8l_bsz4.ms,108.75,98.50,207.25,0.500,Idle,5.46,10.86,371.80,4534.00,11499.37,532.70,,0,100,36.00,-65,4423299,-287514.43,3,fused
563882,000000563882.jpg,640x425,1,0.999933,1,1,TP,yolov8l_bsz4.ms,108.75,98.50,207.25,0.500,Idle,5.46,10.86,371.80,4534.00,11499.37,532.70,,0,100,36.00,-65,4423299,-287514.43,3,fused
177357,000000177357.jpg,640x396,1,0.999932,1,1,TP,yolov8l_bsz4.ms,108.75,98.50,207.25,0.500,Idle,5.46,10.86,371.80,4534.00,11499.37,532.70,,0,100,36.00,-65,4423299,-287514.43,3,fused
54593,000000054593.jpg,640x427,1,0.999931,1,1,TP,yolov8l_bsz4.ms,108.75,98.50,207.25,0.500,Idle,5.46,10.86,371.80,4534.00,11499.37,532.70,,0,100,36.00,-65,4423299,-287514.43,3,fused
146457,000000146457.jpg,640x480,1,0.999931,1,1,TP,yolov8l_bsz4.ms,109.25,106.75,216.00,0.500,Idle,5.44,10.86,373.25,4530.00,11499.37,531.03,,0,100,36.00,-61,4423835,-269853.93,3,fused
497599,000000497599.jpg,427x640,1,0.999930,1,1,TP,yolov8l_bsz4.ms,109.25,106.75,216.00,0.500,Idle,5.44,10.86,373.25,4530.00,11499.37,531.03,,0,100,36.00,-61,4423835,-269853.93,3,fused
554156,000000554156.jpg,640x428,1,0.999930,1,1,TP,yolov8l_bsz4.ms,109.25,106.75,216.00,0.500,Idle,5.44,10.86,373.25,4530.00,11499.37,531.03,,0,100,36.00,-61,4423835,-269853.93,3,fused
521259,000000521259.jpg,640x457,1,0.999929,1,1,TP,yolov8l_bsz4.ms,109.25,106.75,216.00,0.500,Idle,5.44,10.86,373.25,4530.00,11499.37,531.03,,0,100,36.00,-61,4423835,-269853.93,3,fused
164602,000000164602.jpg,640x480,1,0.999928,1,1,TP,yolov8l_bsz4.ms,109.25,114.00,223.25,0.500,Idle,5.44,11.72,350.31,4564.00,11499.37,564.20,,0,100,36.00,-61,4423826,-269853.39,3,fused
253695,000000253695.jpg,427x640,1,0.999928,1,1,TP,yolov8l_bsz4.ms,109.25,114.00,223.25,0.500,Idle,5.44,11.72,350.31,4564.00,11499.37,564.20,,0,100,36.00,-61,4423826,-269853.39,3,fused
189775,000000189775.jpg,640x480,1,0.999927,1,1,TP,yolov8l_bsz4.ms,109.25,114.00,223.25,0.500,Idle,5.44,11.72,350.31,4564.00,11499.37,564.20,,0,100,36.00,-61,4423826,-269853.39,3,fused
22705,000000022705.jpg,482x640,1,0.999927,1,1,TP,yolov8l_bsz4.ms,109.25,114.00,223.25,0.500,Idle,5.44,11.72,350.31,4564.00,11499.37,564.20,,0,100,36.00,-61,4423826,-269853.39,3,fused
327592,000000327592.jpg,640x361,1,0.999926,1,1,TP,yolov8l_bsz4.ms,109.75,115.75,225.50,0.500,Idle,6.87,11.72,293.34,4626.00,11499.37,624.98,,0,100,36.00,-67,4423585,-296380.20,3,fused
532481,000000532481.jpg,640x426,1,0.999925,1,1,TP,yolov8l_bsz4.ms,109.75,115.75,225.50,0.500,Idle,6.87,11.72,293.34,4626.00,11499.37,624.98,,0,100,36.00,-67,4423585,-296380.20,3,fused
521956,000000521956.jpg,500x330,1,0.999925,1,1,TP,yolov8l_bsz4.ms,109.75,115.75,225.50,0.500,Idle,6.87,11.72,293.34,4626.00,11499.37,624.98,,0,100,36.00,-67,4423585,-296380.20,3,fused
261116,000000261116.jpg,500x375,1,0.999924,1,1,TP,yolov8l_bsz4.ms,109.75,115.75,225.50,0.500,Idle,6.87,11.72,293.34,4626.00,11499.37,624.98,,0,100,36.00,-67,4423585,-296380.20,3,fused
2685,000000002685.jpg,640x555,1,0.999924,1,1,TP,yolov8l_bsz4.ms,109.00,121.25,230.25,0.500,Idle,5.82,11.56,372.46,4556.00,11499.37,553.95,,0,100,36.00,-66,4423649,-291960.83,3,fused
73533,000000073533.jpg,640x480,1,0.999923,1,1,TP,yolov8l_bsz4.ms,109.00,121.25,230.25,0.500,Idle,5.82,11.56,372.46,4556.00,11499.37,553.95,,0,100,36.00,-66,4423649,-291960.83,3,fused
273711,000000273711.jpg,640x480,1,0.999922,1,1,TP,yolov8l_bsz4.ms,109.00,121.25,230.25,0.500,Idle,5.82,11.56,372.46,4556.00,11499.37,553.95,,0,100,36.00,-66,4423649,-291960.83,3,fused
151657,000000151657.jpg,385x640,1,0.999922,1,1,TP,yolov8l_bsz4.ms,109.00,121.25,230.25,0.500,Idle,5.82,11.56,372.46,4556.00,11499.37,553.95,,0,100,36.00,-66,4423649,-291960.83,3,fused
248616,000000248616.jpg,640x427,1,0.999922,1,1,TP,yolov8l_bsz4.ms,115.00,112.25,227.25,0.500,Idle,5.54,11.56,369.79,4564.00,11499.37,561.17,,0,100,36.00,-112,4421856,-495247.87,3,fused
84031,000000084031.jpg,640x427,1,0.999921,1,1,TP,yolov8l_bsz4.ms,115.00,112.25,227.25,0.500,Idle,5.54,11.56,369.79,4564.00,11499.37,561.17,,0,100,36.00,-112,4421856,-495247.87,3,fused
86755,000000086755.jpg,640x480,1,0.999919,1,1,TP,yolov8l_bsz4.ms,115.00,112.25,227.25,0.500,Idle,5.54,11.56,369.79,4564.00,11499.37,561.17,,0,100,36.00,-112,4421856,-495247.87,3,fused
546976,000000546976.jpg,500x375,1,0.999919,1,1,TP,yolov8l_bsz4.ms,115.00,112.25,227.25,0.500,Idle,5.54,11.56,369.79,4564.00,11499.37,561.17,,0,100,36.00,-112,4421856,-495247.87,3,fused
301867,000000301867.jpg,640x480,1,0.999918,1,1,TP,yolov8l_bsz4.ms,108.00,127.00,235.00,0.500,Idle,5.64,9.98,351.01,4614.00,11499.37,610.55,,0,100,36.00,-69,4423573,-305226.54,3,fused
226147,000000226147.jpg,480x640,1,0.999918,1,1,TP,yolov8l_bsz4.ms,108.00,127.00,235.00,0.500,Idle,5.64,9.98,351.01,4614.00,11499.37,610.55,,0,100,36.00,-69,4423573,-305226.54,3,fused
243989,000000243989.jpg,500x438,1,0.999917,1,1,TP,yolov8l_bsz4.ms,108.00,127.00,235.00,0.500,Idle,5.64,9.98,351.01,4614.00,11499.37,610.55,,0,100,36.00,-69,4423573,-305226.54,3,fused
60823,000000060823.jpg,640x480,1,0.999916,1,1,TP,yolov8l_bsz4.ms,108.00,127.00,235.00,0.500,Idle,5.64,9.98,351.01,4614.00,11499.37,610.55,,0,100,36.00,-69,4423573,-305226.54,3,fused
11197,000000011197.jpg,640x427,1,0.999914,1,1,TP,yolov8l_bsz4.ms,110.00,102.50,212.50,0.500,Idle,5.46,9.98,295.76,4674.00,11499.37,670.29,,0,100,36.00,-62,4423788,-274274.86,3,fused
466986,000000466986.jpg,640x478,1,0.999914,1,1,TP,yolov8l_bsz4.ms,110.00,102.50,212.50,0.500,Idle,5.46,9.98,295.76,4674.00,11499.37,670.29,,0,100,36.00,-62,4423788,-274274.86,3,fused
55150,000000055150.jpg,640x426,1,0.999914,1,1,TP,yolov8l_bsz4.ms,110.00,102.50,212.50,0.500,Idle,5.46,9.98,295.76,4674.00,11499.37,670.29,,0,100,36.00,-62,4423788,-274274.86,3,fused
244496,000000244496.jpg,276x500,1,0.999914,1,1,TP,yolov8l_bsz4.ms,110.00,102.50,212.50,0.500,Idle,5.46,9.98,295.76,4674.00,11499.37,670.29,,0,100,36.00,-62,4423788,-274274.86,3,fused
97924,000000097924.jpg,600x400,1,0.999911,1,1,TP,yolov8l_bsz4.ms,109.25,118.00,227.25,0.500,Idle,5.36,9.98,371.39,4604.00,11499.37,599.24,,0,100,36.00,-59,4423857,-261007.56,3,fused
190753,000000190753.jpg,640x478,1,0.999911,1,1,TP,yolov8l_bsz4.ms,109.25,118.00,227.25,0.500,Idle,5.36,9.98,371.39,4604.00,11499.37,599.24,,0,100,36.00,-59,4423857,-261007.56,3,fused
363207,000000363207.jpg,640x480,1,0.999908,1,1,TP,yolov8l_bsz4.ms,109.25,118.00,227.25,0.500,Idle,5.36,9.98,371.39,4604.00,11499.37,599.24,,0,100,36.00,-59,4423857,-261007.56,3,fused
438876,000000438876.jpg,500x333,1,0.999908,1,1,TP,yolov8l_bsz4.ms,109.25,118.00,227.25,0.500,Idle,5.36,9.98,371.39,4604.00,11499.37,599.24,,0,100,36.00,-59,4423857,-261007.56,3,fused
345252,000000345252.jpg,640x479,1,0.999907,1,1,TP,yolov8l_bsz4.ms,112.25,130.25,242.50,0.500,Idle,5.44,9.27,371.46,4609.00,11499.37,603.34,,0,100,36.00,-63,4423799,-278699.34,3,fused
516038,000000516038.jpg,480x640,1,0.999906,1,1,TP,yolov8l_bsz4.ms,112.25,130.25,242.50,0.500,Idle,5.44,9.27,371.46,4609.00,11499.37,603.34,,0,100,36.00,-63,4423799,-278699.34,3,fused
529762,000000529762.jpg,640x480,1,0.999905,1,1,TP,yolov8l_bsz4.ms,112.25,130.25,242.50,0.500,Idle,5.44,9.27,371.46,4609.00,11499.37,603.34,,0,100,36.00,-63,4423799,-278699.34,3,fused
465836,000000465836.jpg,500x375,1,0.999904,1,1,TP,yolov8l_bsz4.ms,112.25,130.25,242.50,0.500,Idle,5.44,9.27,371.46,4609.00,11499.37,603.34,,0,100,36.00,-63,4423799,-278699.34,3,fused
261097,000000261097.jpg,333x500,1,0.999904,1,1,TP,yolov8l_bsz4.ms,108.75,116.00,224.75,0.500,Idle,5.44,9.27,351.44,4630.00,11499.37,623.90,,0,100,36.00,-59,4423826,-261005.73,3,fused
153669,000000153669.jpg,640x427,1,0.999904,1,1,TP,yolov8l_bsz4.ms,108.75,116.00,224.75,0.500,Idle,5.44,9.27,351.44,4630.00,11499.37,623.90,,0,100,36.00,-59,4423826,-261005.73,3,fused
180560,000000180560.jpg,640x426,1,0.999903,1,1,TP,yolov8l_bsz4.ms,108.75,116.00,224.75,0.500,Idle,5.44,9.27,351.44,4630.00,11499.37,623.90,,0,100,36.00,-59,4423826,-261005.73,3,fused
163562,000000163562.jpg,500x333,1,0.999902,1,1,TP,yolov8l_bsz4.ms,108.75,116.00,224.75,0.500,Idle,5.44,9.27,351.44,4630.00,11499.37,623.90,,0,100,36.00,-59,4423826,-261005.73,3,fused
468965,000000468965.jpg,640x480,1,0.999901,1,1,TP,yolov8l_bsz4.ms,109.50,124.00,233.50,0.500,Idle,5.43,9.49,294.33,4690.00,11499.37,677.53,,0,100,36.00,-58,4423851,-256583.36,3,fused
36539,000000036539.jpg,427x640,1,0.999901,1,1,TP,yolov8l_bsz4.ms,109.50,124.00,233.50,0.500,Idle,5.43,9.49,294.33,4690.00,11499.37,677.53,,0,100,36.00,-58,4423851,-256583.36,3,fused
384808,000000384808.jpg,375x500,1,0.999901,1,1,TP,yolov8l_bsz4.ms,109.50,124.00,233.50,0.500,Idle,5.43,9.49,294.33,4690.00,11499.37,677.53,,0,100,36.00,-58,4423851,-256583.36,3,fused
473406,000000473406.jpg,480x640,1,0.999900,1,1,TP,yolov8l_bsz4.ms,109.50,124.00,233.50,0.500,Idle,5.43,9.49,294.33,4690.00,11499.37,677.53,,0,100,36.00,-58,4423851,-256583.36,3,fused
138115,000000138115.jpg,448x621,1,0.999898,1,1,TP,yolov8l_bsz4.ms,109.25,134.50,243.75,0.500,Idle,5.42,9.49,373.49,4611.00,11499.37,598.01,,0,100,36.00,-61,4423763,-269849.54,3,fused
126137,000000126137.jpg,640x427,1,0.999898,1,1,TP,yolov8l_bsz4.ms,109.25,134.50,243.75,0.500,Idle,5.42,9.49,373.49,4611.00,11499.37,598.01,,0,100,36.00,-61,4423763,-269849.54,3,fused
137294,000000137294.jpg,640x427,1,0.999897,1,1,TP,yolov8l_bsz4.ms,109.25,134.50,243.75,0.500,Idle,5.42,9.49,373.49,4611.00,11499.37,598.01,,0,100,36.00,-61,4423763,-269849.54,3,fused
381639,000000381639.jpg,584x640,1,0.999895,1,1,TP,yolov8l_bsz4.ms,109.25,134.50,243.75,0.500,Idle,5.42,9.49,373.49,4611.00,11499.37,598.01,,0,100,36.00,-61,4423763,-269849.54,3,fused
303893,000000303893.jpg,640x427,1,0.999895,1,1,TP,yolov8l_bsz4.ms,110.25,118.75,229.00,0.500,Idle,8.46,17.81,369.39,4619.00,11499.37,603.90,,0,100,36.00,-64,4423693,-283116.35,3,fused
32901,000000032901.jpg,640x546,1,0.999894,1,1,TP,yolov8l_bsz4.ms,110.25,118.75,229.00,0.500,Idle,8.46,17.81,369.39,4619.00,11499.37,603.90,,0,100,36.00,-64,4423693,-283116.35,3,fused
145665,000000145665.jpg,429x640,1,0.999894,1,1,TP,yolov8l_bsz4.ms,110.25,118.75,229.00,0.500,Idle,8.46,17.81,369.39,4619.00,11499.37,603.90,,0,100,36.00,-64,4423693,-283116.35,3,fused
454067,000000454067.jpg,500x406,1,0.999893,1,1,TP,yolov8l_bsz4.ms,110.25,118.75,229.00,0.500,Idle,8.46,17.81,369.39,4619.00,11499.37,603.90,,0,100,36.00,-64,4423693,-283116.35,3,fused
460683,000000460683.jpg,478x640,1,0.999893,1,1,TP,yolov8l_bsz4.ms,109.50,118.25,227.75,0.500,Idle,6.38,17.81,350.41,4638.00,11499.37,622.57,,0,100,36.00,-104,4421969,-459884.78,3,fused
495732,000000495732.jpg,427x640,1,0.999893,1,1,TP,yolov8l_bsz4.ms,109.50,118.25,227.75,0.500,Idle,6.38,17.81,350.41,4638.00,11499.37,622.57,,0,100,36.00,-104,4421969,-459884.78,3,fused
565877,000000565877.jpg,427x640,1,0.999892,1,1,TP,yolov8l_bsz4.ms,109.50,118.25,227.75,0.500,Idle,6.38,17.81,350.41,4638.00,11499.37,622.57,,0,100,36.00,-104,4421969,-459884.78,3,fused
282037,000000282037.jpg,640x449,1,0.999890,1,1,TP,yolov8l_bsz4.ms,109.50,118.25,227.75,0.500,Idle,6.38,17.81,350.41,4638.00,11499.37,622.57,,0,100,36.00,-104,4421969,-459884.78,3,fused
270474,000000270474.jpg,500x375,1,0.999890,1,1,TP,yolov8l_bsz4.ms,109.25,115.50,224.75,0.500,Idle,6.07,10.79,295.47,4694.00,11499.37,676.85,,0,100,36.00,-69,4423446,-305217.77,3,fused
280918,000000280918.jpg,640x480,1,0.999889,1,1,TP,yolov8l_bsz4.ms,109.25,115.50,224.75,0.500,Idle,6.07,10.79,295.47,4694.00,11499.37,676.85,,0,100,36.00,-69,4423446,-305217.77,3,fused
262487,000000262487.jpg,640x480,1,0.999888,1,1,TP,yolov8l_bsz4.ms,109.25,115.50,224.75,0.500,Idle,6.07,10.79,295.47,4694.00,11499.37,676.85,,0,100,36.00,-69,4423446,-305217.77,3,fused
447611,000000447611.jpg,500x334,1,0.999888,1,1,TP,yolov8l_bsz4.ms,109.25,115.50,224.75,0.500,Idle,6.07,10.79,295.47,4694.00,11499.37,676.85,,0,100,36.00,-69,4423446,-305217.77,3,fused
347254,000000347254.jpg,375x500,1,0.999888,1,1,TP,yolov8l_bsz4.ms,107.75,109.25,217.00,0.500,Idle,5.70,10.79,372.03,4617.00,11499.37,600.10,,0,100,36.00,-69,4423474,-305219.71,3,fused
163057,000000163057.jpg,640x480,1,0.999886,1,1,TP,yolov8l_bsz4.ms,107.75,109.25,217.00,0.500,Idle,5.70,10.79,372.03,4617.00,11499.37,600.10,,0,100,36.00,-69,4423474,-305219.71,3,fused
15497,000000015497.jpg,640x480,1,0.999884,0,0,FP,yolov8l_bsz4.ms,107.75,109.25,217.00,0.500,Idle,5.70,10.79,372.03,4617.00,11499.37,600.10,,0,100,36.00,-69,4423474,-305219.71,3,fused
442456,000000442456.jpg,640x356,1,0.999883,1,1,TP,yolov8l_bsz4.ms,107.75,109.25,217.00,0.500,Idle,5.70,10.79,372.03,4617.00,11499.37,600.10,,0,100,36.00,-69,4423474,-305219.71,3,fused
94871,000000094871.jpg,480x640,1,0.999883,1,1,TP,yolov8l_bsz4.ms,115.00,119.25,234.25,0.500,Idle,5.59,10.79,368.48,4621.00,11499.37,603.09,,0,100,36.00,-61,4423629,-269841.37,3,fused
458045,000000458045.jpg,500x375,1,0.999882,1,1,TP,yolov8l_bsz4.ms,115.00,119.25,234.25,0.500,Idle,5.59,10.79,368.48,4621.00,11499.37,603.09,,0,100,36.00,-61,4423629,-269841.37,3,fused
13659,000000013659.jpg,640x480,1,0.999880,1,1,TP,yolov8l_bsz4.ms,115.00,119.25,234.25,0.500,Idle,5.59,10.79,368.48,4621.00,11499.37,603.09,,0,100,36.00,-61,4423629,-269841.37,3,fused
544444,000000544444.jpg,427x640,1,0.999879,1,1,TP,yolov8l_bsz4.ms,115.00,119.25,234.25,0.500,Idle,5.59,10.79,368.48,4621.00,11499.37,603.09,,0,100,36.00,-61,4423629,-269841.37,3,fused
287347,000000287347.jpg,478x640,1,0.999877,1,1,TP,yolov8l_bsz4.ms,109.25,118.50,227.75,0.500,Idle,5.59,9.60,349.21,4641.00,11499.37,622.15,,0,100,36.00,-64,4423614,-283111.30,3,fused
263425,000000263425.jpg,640x428,1,0.999875,1,1,TP,yolov8l_bsz4.ms,109.25,118.50,227.75,0.500,Idle,5.59,9.60,349.21,4641.00,11499.37,622.15,,0,100,36.00,-64,4423614,-283111.30,3,fused
133343,000000133343.jpg,295x480,1,0.999873,1,1,TP,yolov8l_bsz4.ms,109.25,118.50,227.75,0.500,Idle,5.59,9.60,349.21,4641.00,11499.37,622.15,,0,100,36.00,-64,4423614,-283111.30,3,fused
515025,000000515025.jpg,640x427,1,0.999872,1,1,TP,yolov8l_bsz4.ms,109.25,118.50,227.75,0.500,Idle,5.59,9.60,349.21,4641.00,11499.37,622.15,,0,100,36.00,-64,4423614,-283111.30,3,fused
501005,000000501005.jpg,640x396,1,0.999870,1,1,TP,yolov8l_bsz4.ms,109.25,117.50,226.75,0.500,Idle,5.51,9.60,293.56,4697.00,11499.37,676.66,,0,100,36.00,-62,4423679,-274268.10,3,fused
148739,000000148739.jpg,640x426,1,0.999870,1,1,TP,yolov8l_bsz4.ms,109.25,117.50,226.75,0.500,Idle,5.51,9.60,293.56,4697.00,11499.37,676.66,,0,100,36.00,-62,4423679,-274268.10,3,fused
302536,000000302536.jpg,500x375,1,0.999867,1,1,TP,yolov8l_bsz4.ms,109.25,117.50,226.75,0.500,Idle,5.51,9.60,293.56,4697.00,11499.37,676.66,,0,100,36.00,-62,4423679,-274268.10,3,fused
261318,000000261318.jpg,427x640,1,0.999866,1,1,TP,yolov8l_bsz4.ms,109.25,117.50,226.75,0.500,Idle,5.51,9.60,293.56,4697.00,11499.37,676.66,,0,100,36.00,-62,4423679,-274268.10,3,fused
120420,000000120420.jpg,640x480,1,0.999865,1,1,TP,yolov8l_bsz4.ms,109.50,112.50,222.00,0.500,Idle,5.44,9.60,371.67,4619.00,11499.37,598.14,,0,100,36.00,-60,4423717,-265423.02,3,fused
370486,000000370486.jpg,421x640,1,0.999865,1,1,TP,yolov8l_bsz4.ms,109.50,112.50,222.00,0.500,Idle,5.44,9.60,371.67,4619.00,11499.37,598.14,,0,100,36.00,-60,4423717,-265423.02,3,fused
172877,000000172877.jpg,640x480,1,0.999861,1,1,TP,yolov8l_bsz4.ms,109.50,112.50,222.00,0.500,Idle,5.44,9.60,371.67,4619.00,11499.37,598.14,,0,100,36.00,-60,4423717,-265423.02,3,fused
229601,000000229601.jpg,640x427,1,0.999860,1,1,TP,yolov8l_bsz4.ms,109.50,112.50,222.00,0.500,Idle,5.44,9.60,371.67,4619.00,11499.37,598.14,,0,100,36.00,-60,4423717,-265423.02,3,fused
575081,000000575081.jpg,640x427,1,0.999859,1,1,TP,yolov8l_bsz4.ms,110.75,123.25,234.00,0.500,Idle,5.46,9.10,370.02,4622.00,11499.37,600.50,,0,100,36.00,-85,4422617,-375922.45,3,fused
357978,000000357978.jpg,500x375,1,0.999858,1,1,TP,yolov8l_bsz4.ms,110.75,123.25,234.00,0.500,Idle,5.46,9.10,370.02,4622.00,11499.37,600.50,,0,100,36.00,-85,4422617,-375922.45,3,fused
336209,000000336209.jpg,640x432,1,0.999856,1,1,TP,yolov8l_bsz4.ms,110.75,123.25,234.00,0.500,Idle,5.46,9.10,370.02,4622.00,11499.37,600.50,,0,100,36.00,-85,4422617,-375922.45,3,fused
62692,000000062692.jpg,427x640,1,0.999852,1,1,TP,yolov8l_bsz4.ms,110.75,123.25,234.00,0.500,Idle,5.46,9.10,370.02,4622.00,11499.37,600.50,,0,100,36.00,-85,4422617,-375922.45,3,fused
569825,000000569825.jpg,338x500,1,0.999851,1,1,TP,yolov8l_bsz4.ms,109.50,116.75,226.25,0.500,Idle,5.45,9.10,350.69,4641.00,11499.37,619.18,,0,100,36.00,-56,4423748,-247729.89,3,fused
239717,000000239717.jpg,554x640,1,0.999848,1,1,TP,yolov8l_bsz4.ms,109.50,116.75,226.25,0.500,Idle,5.45,9.10,350.69,4641.00,11499.37,619.18,,0,100,36.00,-56,4423748,-247729.89,3,fused
64462,000000064462.jpg,500x378,1,0.999845,1,1,TP,yolov8l_bsz4.ms,109.50,116.75,226.25,0.500,Idle,5.45,9.10,350.69,4641.00,11499.37,619.18,,0,100,36.00,-56,4423748,-247729.89,3,fused
2473,000000002473.jpg,640x427,1,0.999843,1,1,TP,yolov8l_bsz4.ms,109.50,116.75,226.25,0.500,Idle,5.45,9.10,350.69,4641.00,11499.37,619.18,,0,100,36.00,-56,4423748,-247729.89,3,fused
176857,000000176857.jpg,500x375,1,0.999843,1,1,TP,yolov8l_bsz4.ms,109.50,117.50,227.00,0.500,Idle,5.43,9.15,292.31,4700.00,11499.37,677.41,,0,100,36.00,-61,4423790,-269851.19,3,fused
325347,000000325347.jpg,640x359,1,0.999841,1,1,TP,yolov8l_bsz4.ms,109.50,117.50,227.00,0.500,Idle,5.43,9.15,292.31,4700.00,11499.37,677.41,,0,100,36.00,-61,4423790,-269851.19,3,fused
515982,000000515982.jpg,640x426,1,0.999840,1,1,TP,yolov8l_bsz4.ms,109.50,117.50,227.00,0.500,Idle,5.43,9.15,292.31,4700.00,11499.37,677.41,,0,100,36.00,-61,4423790,-269851.19,3,fused
284698,000000284698.jpg,375x500,1,0.999839,1,1,TP,yolov8l_bsz4.ms,109.50,117.50,227.00,0.500,Idle,5.43,9.15,292.31,4700.00,11499.37,677.41,,0,100,36.00,-61,4423790,-269851.19,3,fused
388903,000000388903.jpg,500x332,1,0.999838,1,1,TP,yolov8l_bsz4.ms,108.75,123.75,232.50,0.500,Idle,5.01,9.15,371.96,4624.00,11499.37,599.94,,0,100,36.00,-62,4423503,-274257.19,3,fused
419974,000000419974.jpg,426x640,1,0.999834,1,1,TP,yolov8l_bsz4.ms,108.75,123.75,232.50,0.500,Idle,5.01,9.15,371.96,4624.00,11499.37,599.94,,0,100,36.00,-62,4423503,-274257.19,3,fused
560474,000000560474.jpg,640x480,1,0.999834,1,1,TP,yolov8l_bsz4.ms,108.75,123.75,232.50,0.500,Idle,5.01,9.15,371.96,4624.00,11499.37,599.94,,0,100,36.00,-62,4423503,-274257.19,3,fused
569976,000000569976.jpg,480x640,1,0.999833,1,1,TP,yolov8l_bsz4.ms,108.75,123.75,232.50,0.500,Idle,5.01,9.15,371.96,4624.00,11499.37,599.94,,0,100,36.00,-62,4423503,-274257.19,3,fused
228214,000000228214.jpg,429x640,1,0.999832,1,1,TP,yolov8l_bsz4.ms,110.50,115.50,226.00,0.500,Idle,5.32,9.15,368.82,4630.00,11499.37,603.18,,0,100,36.00,-65,4423472,-287525.68,3,fused
371042,000000371042.jpg,640x428,1,0.999831,1,1,TP,yolov8l_bsz4.ms,110.50,115.50,226.00,0.500,Idle,5.32,9.15,368.82,4630.00,11499.37,603.18,,0,100,36.00,-65,4423472,-287525.68,3,fused
450559,000000450559.jpg,427x640,1,0.999831,1,1,TP,yolov8l_bsz4.ms,110.50,115.50,226.00,0.500,Idle,5.32,9.15,368.82,4630.00,11499.37,603.18,,0,100,36.00,-65,4423472,-287525.68,3,fused
231508,000000231508.jpg,335x500,1,0.999829,1,1,TP,yolov8l_bsz4.ms,110.50,115.50,226.00,0.500,Idle,5.32,9.15,368.82,4630.00,11499.37,603.18,,0,100,36.00,-65,4423472,-287525.68,3,fused
258541,000000258541.jpg,336x448,1,0.999826,1,1,TP,yolov8l_bsz4.ms,109.50,128.25,237.75,0.500,Idle,5.37,9.74,349.44,4649.00,11499.37,621.94,,0,100,36.00,-112,4421867,-495249.10,3,fused
154425,000000154425.jpg,640x425,1,0.999825,1,1,TP,yolov8l_bsz4.ms,109.50,128.25,237.75,0.500,Idle,5.37,9.74,349.44,4649.00,11499.37,621.94,,0,100,36.00,-112,4421867,-495249.10,3,fused
396863,000000396863.jpg,640x426,1,0.999825,1,1,TP,yolov8l_bsz4.ms,109.50,128.25,237.75,0.500,Idle,5.37,9.74,349.44,4649.00,11499.37,621.94,,0,100,36.00,-112,4421867,-495249.10,3,fused
213830,000000213830.jpg,640x427,1,0.999822,1,1,TP,yolov8l_bsz4.ms,109.50,128.25,237.75,0.500,Idle,5.37,9.74,349.44,4649.00,11499.37,621.94,,0,100,36.00,-112,4421867,-495249.10,3,fused
194471,000000194471.jpg,334x500,1,0.999820,1,1,TP,yolov8l_bsz4.ms,110.25,124.00,234.25,0.500,Idle,5.35,9.74,296.50,4703.00,11499.37,673.85,,0,100,36.00,-57,4423745,-252153.46,3,fused
399764,000000399764.jpg,427x640,1,0.999819,1,1,TP,yolov8l_bsz4.ms,110.25,124.00,234.25,0.500,Idle,5.35,9.74,296.50,4703.00,11499.37,673.85,,0,100,36.00,-57,4423745,-252153.46,3,fused
130599,000000130599.jpg,640x480,1,0.999818,1,1,TP,yolov8l_bsz4.ms,110.25,124.00,234.25,0.500,Idle,5.35,9.74,296.50,4703.00,11499.37,673.85,,0,100,36.00,-57,4423745,-252153.46,3,fused
521819,000000521819.jpg,640x480,1,0.999818,1,1,TP,yolov8l_bsz4.ms,110.25,124.00,234.25,0.500,Idle,5.35,9.74,296.50,4703.00,11499.37,673.85,,0,100,36.00,-57,4423745,-252153.46,3,fused
437205,000000437205.jpg,383x640,1,0.999816,1,1,TP,yolov8l_bsz4.ms,107.25,126.75,234.00,0.500,Idle,5.33,9.37,371.91,4627.00,11499.37,597.88,,0,100,36.00,-60,4423748,-265424.88,3,fused
345397,000000345397.jpg,500x375,1,0.999815,1,1,TP,yolov8l_bsz4.ms,107.25,126.75,234.00,0.500,Idle,5.33,9.37,371.91,4627.00,11499.37,597.88,,0,100,36.00,-60,4423748,-265424.88,3,fused
398377,000000398377.jpg,500x375,1,0.999814,1,1,TP,yolov8l_bsz4.ms,107.25,126.75,234.00,0.500,Idle,5.33,9.37,371.91,4627.00,11499.37,597.88,,0,100,36.00,-60,4423748,-265424.88,3,fused
57672,000000057672.jpg,640x480,1,0.999812,1,1,TP,yolov8l_bsz4.ms,107.25,126.75,234.00,0.500,Idle,5.33,9.37,371.91,4627.00,11499.37,597.88,,0,100,36.00,-60,4423748,-265424.88,3,fused
210789,000000210789.jpg,369x520,1,0.999808,1,1,TP,yolov8l_bsz4.ms,115.00,113.50,228.50,0.500,Idle,5.29,9.37,368.98,4630.00,11499.37,599.38,,0,100,36.00,-65,4423422,-287522.43,3,fused
166478,000000166478.jpg,640x426,1,0.999806,1,1,TP,yolov8l_bsz4.ms,115.00,113.50,228.50,0.500,Idle,5.29,9.37,368.98,4630.00,11499.37,599.38,,0,100,36.00,-65,4423422,-287522.43,3,fused
270883,000000270883.jpg,640x393,1,0.999803,1,1,TP,yolov8l_bsz4.ms,115.00,113.50,228.50,0.500,Idle,5.29,9.37,368.98,4630.00,11499.37,599.38,,0,100,36.00,-65,4423422,-287522.43,3,fused
198928,000000198928.jpg,480x640,1,0.999799,1,1,TP,yolov8l_bsz4.ms,115.00,113.50,228.50,0.500,Idle,5.29,9.37,368.98,4630.00,11499.37,599.38,,0,100,36.00,-65,4423422,-287522.43,3,fused
447314,000000447314.jpg,640x458,1,0.999792,1,1,TP,yolov8l_bsz4.ms,108.50,124.00,232.50,0.500,Idle,5.31,9.15,350.55,4648.00,11499.37,616.45,,0,100,36.00,-67,4423513,-296375.37,3,fused
529148,000000529148.jpg,640x426,1,0.999790,1,1,TP,yolov8l_bsz4.ms,108.50,124.00,232.50,0.500,Idle,5.31,9.15,350.55,4648.00,11499.37,616.45,,0,100,36.00,-67,4423513,-296375.37,3,fused
127660,000000127660.jpg,640x513,1,0.999787,1,1,TP,yolov8l_bsz4.ms,108.50,124.00,232.50,0.500,Idle,5.31,9.15,350.55,4648.00,11499.37,616.45,,0,100,36.00,-67,4423513,-296375.37,3,fused
256192,000000256192.jpg,640x480,1,0.999786,1,1,TP,yolov8l_bsz4.ms,108.50,124.00,232.50,0.500,Idle,5.31,9.15,350.55,4648.00,11499.37,616.45,,0,100,36.00,-67,4423513,-296375.37,3,fused
157756,000000157756.jpg,480x640,1,0.999786,1,1,TP,yolov8l_bsz4.ms,108.50,107.00,215.50,0.500,Idle,5.30,9.15,295.75,4702.00,11499.37,669.48,,0,100,36.00,-68,4423385,-300790.18,3,fused
492282,000000492282.jpg,480x640,1,0.999785,1,1,TP,yolov8l_bsz4.ms,108.50,107.00,215.50,0.500,Idle,5.30,9.15,295.75,4702.00,11499.37,669.48,,0,100,36.00,-68,4423385,-300790.18,3,fused
427655,000000427655.jpg,427x640,1,0.999784,1,1,TP,yolov8l_bsz4.ms,108.50,107.00,215.50,0.500,Idle,5.30,9.15,295.75,4702.00,11499.37,669.48,,0,100,36.00,-68,4423385,-300790.18,3,fused
242724,000000242724.jpg,640x480,1,0.999781,1,1,TP,yolov8l_bsz4.ms,108.50,107.00,215.50,0.500,Idle,5.30,9.15,295.75,4702.00,11499.37,669.48,,0,100,36.00,-68,4423385,-300790.18,3,fused
193245,000000193245.jpg,500x375,1,0.999778,1,1,TP,yolov8l_bsz4.ms,109.75,115.50,225.25,0.500,Idle,5.28,9.15,373.46,4625.00,11499.37,590.75,,0,100,36.00,-66,4423382,-291943.21,3,fused
283785,000000283785.jpg,500x336,1,0.999777,1,1,TP,yolov8l_bsz4.ms,109.75,115.50,225.25,0.500,Idle,5.28,9.15,373.46,4625.00,11499.37,590.75,,0,100,36.00,-66,4423382,-291943.21,3,fused
495146,000000495146.jpg,640x480,1,0.999777,1,1,TP,yolov8l_bsz4.ms,109.75,115.50,225.25,0.500,Idle,5.28,9.15,373.46,4625.00,11499.37,590.75,,0,100,36.00,-66,4423382,-291943.21,3,fused
19432,000000019432.jpg,640x480,1,0.999772,1,1,TP,yolov8l_bsz4.ms,109.75,115.50,225.25,0.500,Idle,5.28,9.15,373.46,4625.00,11499.37,590.75,,0,100,36.00,-66,4423382,-291943.21,3,fused
50811,000000050811.jpg,640x605,1,0.999770,1,1,TP,yolov8l_bsz4.ms,109.75,121.00,230.75,0.500,Idle,5.28,9.07,371.58,4626.00,11499.37,590.43,,0,100,36.00,-111,4421809,-490820.80,3,fused
252776,000000252776.jpg,418x640,1,0.999768,1,1,TP,yolov8l_bsz4.ms,109.75,121.00,230.75,0.500,Idle,5.28,9.07,371.58,4626.00,11499.37,590.43,,0,100,36.00,-111,4421809,-490820.80,3,fused
395801,000000395801.jpg,640x480,1,0.999768,1,1,TP,yolov8l_bsz4.ms,109.75,121.00,230.75,0.500,Idle,5.28,9.07,371.58,4626.00,11499.37,590.43,,0,100,36.00,-111,4421809,-490820.80,3,fused
7977,000000007977.jpg,429x640,1,0.999768,1,1,TP,yolov8l_bsz4.ms,109.75,121.00,230.75,0.500,Idle,5.28,9.07,371.58,4626.00,11499.37,590.43,,0,100,36.00,-111,4421809,-490820.80,3,fused
288862,000000288862.jpg,427x640,1,0.999768,1,1,TP,yolov8l_bsz4.ms,108.00,105.00,213.00,0.500,Idle,6.93,9.07,349.81,4647.00,11499.37,610.23,,0,100,36.00,-64,4423509,-283104.58,3,fused
1490,000000001490.jpg,640x315,1,0.999766,1,1,TP,yolov8l_bsz4.ms,108.00,105.00,213.00,0.500,Idle,6.93,9.07,349.81,4647.00,11499.37,610.23,,0,100,36.00,-64,4423509,-283104.58,3,fused
459195,000000459195.jpg,500x375,1,0.999765,1,1,TP,yolov8l_bsz4.ms,108.00,105.00,213.00,0.500,Idle,6.93,9.07,349.81,4647.00,11499.37,610.23,,0,100,36.00,-64,4423509,-283104.58,3,fused
43816,000000043816.jpg,640x426,1,0.999760,1,1,TP,yolov8l_bsz4.ms,108.00,105.00,213.00,0.500,Idle,6.93,9.07,349.81,4647.00,11499.37,610.23,,0,100,36.00,-64,4423509,-283104.58,3,fused
533493,000000533493.jpg,500x281,1,0.999759,1,1,TP,yolov8l_bsz4.ms,109.25,118.50,227.75,0.500,Idle,5.74,9.91,293.03,4703.00,11499.37,665.46,,0,100,36.00,-66,4423346,-291940.84,3,fused
535306,000000535306.jpg,500x333,1,0.999757,1,1,TP,yolov8l_bsz4.ms,109.25,118.50,227.75,0.500,Idle,5.74,9.91,293.03,4703.00,11499.37,665.46,,0,100,36.00,-66,4423346,-291940.84,3,fused
383838,000000383838.jpg,640x588,1,0.999753,1,1,TP,yolov8l_bsz4.ms,109.25,118.50,227.75,0.500,Idle,5.74,9.91,293.03,4703.00,11499.37,665.46,,0,100,36.00,-66,4423346,-291940.84,3,fused
73702,000000073702.jpg,464x640,1,0.999749,1,1,TP,yolov8l_bsz4.ms,109.25,118.50,227.75,0.500,Idle,5.74,9.91,293.03,4703.00,11499.37,665.46,,0,100,36.00,-66,4423346,-291940.84,3,fused
461751,000000461751.jpg,640x569,1,0.999746,1,1,TP,yolov8l_bsz4.ms,109.00,129.75,238.75,0.500,Idle,5.44,9.91,372.23,4624.00,11499.37,585.17,,0,100,36.00,-65,4423467,-287525.35,3,fused
498747,000000498747.jpg,640x480,1,0.999746,1,1,TP,yolov8l_bsz4.ms,109.00,129.75,238.75,0.500,Idle,5.44,9.91,372.23,4624.00,11499.37,585.17,,0,100,36.00,-65,4423467,-287525.35,3,fused
537270,000000537270.jpg,640x480,1,0.999746,1,1,TP,yolov8l_bsz4.ms,109.00,129.75,238.75,0.500,Idle,5.44,9.91,372.23,4624.00,11499.37,585.17,,0,100,36.00,-65,4423467,-287525.35,3,fused
532690,000000532690.jpg,528x640,1,0.999742,1,1,TP,yolov8l_bsz4.ms,109.00,129.75,238.75,0.500,Idle,5.44,9.91,372.23,4624.00,11499.37,585.17,,0,100,36.00,-65,4423467,-287525.35,3,fused
49759,000000049759.jpg,640x457,1,0.999742,1,1,TP,yolov8l_bsz4.ms,111.00,122.75,233.75,0.500,Idle,5.53,9.40,372.04,4624.00,11499.37,583.52,,0,100,36.00,-66,4423438,-291946.91,3,fused
413689,000000413689.jpg,640x426,1,0.999740,1,1,TP,yolov8l_bsz4.ms,111.00,122.75,233.75,0.500,Idle,5.53,9.40,372.04,4624.00,11499.37,583.52,,0,100,36.00,-66,4423438,-291946.91,3,fused
177934,000000177934.jpg,640x480,1,0.999737,1,1,TP,yolov8l_bsz4.ms,111.00,122.75,233.75,0.500,Idle,5.53,9.40,372.04,4624.00,11499.37,583.52,,0,100,36.00,-66,4423438,-291946.91,3,fused
31296,000000031296.jpg,640x425,1,0.999733,1,1,TP,yolov8l_bsz4.ms,111.00,122.75,233.75,0.500,Idle,5.53,9.40,372.04,4624.00,11499.37,583.52,,0,100,36.00,-66,4423438,-291946.91,3,fused
572900,000000572900.jpg,640x480,1,0.999733,1,1,TP,yolov8l_bsz4.ms,109.50,126.50,236.00,0.500,Idle,5.53,9.40,352.42,4643.00,11499.37,601.92,,0,100,36.00,-58,4423675,-256573.15,3,fused
451714,000000451714.jpg,480x640,1,0.999732,1,1,TP,yolov8l_bsz4.ms,109.50,126.50,236.00,0.500,Idle,5.53,9.40,352.42,4643.00,11499.37,601.92,,0,100,36.00,-58,4423675,-256573.15,3,fused
451084,000000451084.jpg,426x640,1,0.999727,1,1,TP,yolov8l_bsz4.ms,109.50,126.50,236.00,0.500,Idle,5.53,9.40,352.42,4643.00,11499.37,601.92,,0,100,36.00,-58,4423675,-256573.15,3,fused
18519,000000018519.jpg,515x640,1,0.999725,1,1,TP,yolov8l_bsz4.ms,109.50,126.50,236.00,0.500,Idle,5.53,9.40,352.42,4643.00,11499.37,601.92,,0,100,36.00,-58,4423675,-256573.15,3,fused
122166,000000122166.jpg,640x480,1,0.999721,1,1,TP,yolov8l_bsz4.ms,109.50,123.50,233.00,0.500,Idle,5.50,9.31,297.33,4698.00,11499.37,655.65,,0,100,36.00,-68,4423384,-300790.11,3,fused
458755,000000458755.jpg,640x480,1,0.999719,1,1,TP,yolov8l_bsz4.ms,109.50,123.50,233.00,0.500,Idle,5.50,9.31,297.33,4698.00,11499.37,655.65,,0,100,36.00,-68,4423384,-300790.11,3,fused
551439,000000551439.jpg,427x640,1,0.999719,1,1,TP,yolov8l_bsz4.ms,109.50,123.50,233.00,0.500,Idle,5.50,9.31,297.33,4698.00,11499.37,655.65,,0,100,36.00,-68,4423384,-300790.11,3,fused
576955,000000576955.jpg,640x427,1,0.999717,1,1,TP,yolov8l_bsz4.ms,109.50,123.50,233.00,0.500,Idle,5.50,9.31,297.33,4698.00,11499.37,655.65,,0,100,36.00,-68,4423384,-300790.11,3,fused
297595,000000297595.jpg,640x427,1,0.999717,1,1,TP,yolov8l_bsz4.ms,109.50,114.00,223.50,0.500,Idle,5.41,9.31,372.61,4622.00,11499.37,578.56,,0,100,36.00,-116,4421508,-512894.93,3,fused
199236,000000199236.jpg,640x424,1,0.999715,1,1,TP,yolov8l_bsz4.ms,109.50,114.00,223.50,0.500,Idle,5.41,9.31,372.61,4622.00,11499.37,578.56,,0,100,36.00,-116,4421508,-512894.93,3,fused
173008,000000173008.jpg,640x480,1,0.999714,1,1,TP,yolov8l_bsz4.ms,109.50,114.00,223.50,0.500,Idle,5.41,9.31,372.61,4622.00,11499.37,578.56,,0,100,36.00,-116,4421508,-512894.93,3,fused
492362,000000492362.jpg,427x640,1,0.999708,1,1,TP,yolov8l_bsz4.ms,109.50,114.00,223.50,0.500,Idle,5.41,9.31,372.61,4622.00,11499.37,578.56,,0,100,36.00,-116,4421508,-512894.93,3,fused
506707,000000506707.jpg,640x427,1,0.999708,1,1,TP,yolov8l_bsz4.ms,108.50,135.50,244.00,0.500,Idle,5.39,9.20,371.92,4623.00,11499.37,577.66,,0,100,36.00,-68,4423315,-300785.42,3,fused
142324,000000142324.jpg,640x480,1,0.999706,1,1,TP,yolov8l_bsz4.ms,108.50,135.50,244.00,0.500,Idle,5.39,9.20,371.92,4623.00,11499.37,577.66,,0,100,36.00,-68,4423315,-300785.42,3,fused
404923,000000404923.jpg,640x480,1,0.999705,1,1,TP,yolov8l_bsz4.ms,108.50,135.50,244.00,0.500,Idle,5.39,9.20,371.92,4623.00,11499.37,577.66,,0,100,36.00,-68,4423315,-300785.42,3,fused
270677,000000270677.jpg,634x640,1,0.999705,1,1,TP,yolov8l_bsz4.ms,108.50,135.50,244.00,0.500,Idle,5.39,9.20,371.92,4623.00,11499.37,577.66,,0,100,36.00,-68,4423315,-300785.42,3,fused
579070,000000579070.jpg,640x427,1,0.999704,1,1,TP,yolov8l_bsz4.ms,109.50,125.00,234.50,0.500,Idle,5.40,9.20,368.65,4626.00,11499.37,579.60,,0,100,36.00,-105,4421905,-464300.03,3,fused
361551,000000361551.jpg,480x640,1,0.999702,1,1,TP,yolov8l_bsz4.ms,109.50,125.00,234.50,0.500,Idle,5.40,9.20,368.65,4626.00,11499.37,579.60,,0,100,36.00,-105,4421905,-464300.03,3,fused
491008,000000491008.jpg,640x427,1,0.999697,1,1,TP,yolov8l_bsz4.ms,109.50,125.00,234.50,0.500,Idle,5.40,9.20,368.65,4626.00,11499.37,579.60,,0,100,36.00,-105,4421905,-464300.03,3,fused
389812,000000389812.jpg,640x480,1,0.999695,1,1,TP,yolov8l_bsz4.ms,109.50,125.00,234.50,0.500,Idle,5.40,9.20,368.65,4626.00,11499.37,579.60,,0,100,36.00,-105,4421905,-464300.03,3,fused
137246,000000137246.jpg,500x333,1,0.999693,1,1,TP,yolov8l_bsz4.ms,109.50,106.25,215.75,0.500,Idle,5.40,9.20,291.44,4703.00,11499.37,655.36,,0,100,36.00,-64,4423380,-283096.32,3,fused
277005,000000277005.jpg,640x426,1,0.999691,1,1,TP,yolov8l_bsz4.ms,109.50,106.25,215.75,0.500,Idle,5.40,9.20,291.44,4703.00,11499.37,655.36,,0,100,36.00,-64,4423380,-283096.32,3,fused
244833,000000244833.jpg,640x428,1,0.999685,1,1,TP,yolov8l_bsz4.ms,109.50,106.25,215.75,0.500,Idle,5.40,9.20,291.44,4703.00,11499.37,655.36,,0,100,36.00,-64,4423380,-283096.32,3,fused
489305,000000489305.jpg,305x229,1,0.999685,1,1,TP,yolov8l_bsz4.ms,109.50,106.25,215.75,0.500,Idle,5.40,9.20,291.44,4703.00,11499.37,655.36,,0,100,36.00,-64,4423380,-283096.32,3,fused
350002,000000350002.jpg,427x640,1,0.999684,1,1,TP,yolov8l_bsz4.ms,108.25,113.25,221.50,0.500,Idle,8.06,9.31,371.37,4623.00,11499.37,573.44,,0,100,36.00,-64,4423434,-283099.78,3,fused
872,000000000872.jpg,621x640,1,0.999684,1,1,TP,yolov8l_bsz4.ms,108.25,113.25,221.50,0.500,Idle,8.06,9.31,371.37,4623.00,11499.37,573.44,,0,100,36.00,-64,4423434,-283099.78,3,fused
319184,000000319184.jpg,500x294,1,0.999681,1,1,TP,yolov8l_bsz4.ms,108.25,113.25,221.50,0.500,Idle,8.06,9.31,371.37,4623.00,11499.37,573.44,,0,100,36.00,-64,4423434,-283099.78,3,fused
83172,000000083172.jpg,640x427,1,0.999670,1,1,TP,yolov8l_bsz4.ms,108.25,113.25,221.50,0.500,Idle,8.06,9.31,371.37,4623.00,11499.37,573.44,,0,100,36.00,-64,4423434,-283099.78,3,fused
580197,000000580197.jpg,640x480,1,0.999665,1,1,TP,yolov8l_bsz4.ms,110.50,132.00,242.50,0.500,Idle,6.20,9.31,371.99,4622.00,11499.37,571.47,,0,100,36.00,-65,4423395,-287520.67,3,fused
68387,000000068387.jpg,640x480,1,0.999663,1,1,TP,yolov8l_bsz4.ms,110.50,132.00,242.50,0.500,Idle,6.20,9.31,371.99,4622.00,11499.37,571.47,,0,100,36.00,-65,4423395,-287520.67,3,fused
170474,000000170474.jpg,640x476,1,0.999663,1,1,TP,yolov8l_bsz4.ms,110.50,132.00,242.50,0.500,Idle,6.20,9.31,371.99,4622.00,11499.37,571.47,,0,100,36.00,-65,4423395,-287520.67,3,fused
402720,000000402720.jpg,612x612,1,0.999654,1,1,TP,yolov8l_bsz4.ms,110.50,132.00,242.50,0.500,Idle,6.20,9.31,371.99,4622.00,11499.37,571.47,,0,100,36.00,-65,4423395,-287520.67,3,fused
581317,000000581317.jpg,640x354,1,0.999645,1,1,TP,yolov8l_bsz4.ms,109.00,112.25,221.25,0.500,Idle,5.95,10.03,348.75,4647.00,11499.37,595.81,,0,100,36.00,-61,4423466,-269831.43,3,fused
125572,000000125572.jpg,640x427,1,0.999644,1,1,TP,yolov8l_bsz4.ms,109.00,112.25,221.25,0.500,Idle,5.95,10.03,348.75,4647.00,11499.37,595.81,,0,100,36.00,-61,4423466,-269831.43,3,fused
257624,000000257624.jpg,424x640,1,0.999643,1,1,TP,yolov8l_bsz4.ms,109.00,112.25,221.25,0.500,Idle,5.95,10.03,348.75,4647.00,11499.37,595.81,,0,100,36.00,-61,4423466,-269831.43,3,fused
206135,000000206135.jpg,332x500,1,0.999642,0,0,FP,yolov8l_bsz4.ms,109.00,112.25,221.25,0.500,Idle,5.95,10.03,348.75,4647.00,11499.37,595.81,,0,100,36.00,-61,4423466,-269831.43,3,fused
18770,000000018770.jpg,640x428,1,0.999639,1,1,TP,yolov8l_bsz4.ms,109.75,114.25,224.00,0.500,Idle,5.65,10.03,295.13,4701.00,11499.37,648.00,,0,100,36.00,-61,4423482,-269832.40,3,fused
78748,000000078748.jpg,640x480,1,0.999634,1,1,TP,yolov8l_bsz4.ms,109.75,114.25,224.00,0.500,Idle,5.65,10.03,295.13,4701.00,11499.37,648.00,,0,100,36.00,-61,4423482,-269832.40,3,fused
556158,000000556158.jpg,480x640,1,0.999631,1,1,TP,yolov8l_bsz4.ms,109.75,114.25,224.00,0.500,Idle,5.65,10.03,295.13,4701.00,11499.37,648.00,,0,100,36.00,-61,4423482,-269832.40,3,fused
463174,000000463174.jpg,640x427,1,0.999621,1,1,TP,yolov8l_bsz4.ms,109.75,114.25,224.00,0.500,Idle,5.65,10.03,295.13,4701.00,11499.37,648.00,,0,100,36.00,-61,4423482,-269832.40,3,fused
89078,000000089078.jpg,479x640,1,0.999617,1,1,TP,yolov8l_bsz4.ms,108.75,107.50,216.25,0.500,Idle,5.49,9.52,372.50,4623.00,11499.37,569.39,,0,100,36.00,-74,4422987,-327301.04,3,fused
38118,000000038118.jpg,640x427,1,0.999615,1,1,TP,yolov8l_bsz4.ms,108.75,107.50,216.25,0.500,Idle,5.49,9.52,372.50,4623.00,11499.37,569.39,,0,100,36.00,-74,4422987,-327301.04,3,fused
65798,000000065798.jpg,640x480,1,0.999609,1,1,TP,yolov8l_bsz4.ms,108.75,107.50,216.25,0.500,Idle,5.49,9.52,372.50,4623.00,11499.37,569.39,,0,100,36.00,-74,4422987,-327301.04,3,fused
42102,000000042102.jpg,246x640,1,0.999605,1,1,TP,yolov8l_bsz4.ms,108.75,107.50,216.25,0.500,Idle,5.49,9.52,372.50,4623.00,11499.37,569.39,,0,100,36.00,-74,4422987,-327301.04,3,fused
450686,000000450686.jpg,511x640,1,0.999600,1,1,TP,yolov8l_bsz4.ms,111.00,121.50,232.50,0.500,Idle,5.47,9.52,370.44,4625.00,11499.37,569.55,,0,100,36.00,-66,4423369,-291942.35,3,fused
569030,000000569030.jpg,500x375,1,0.999593,1,1,TP,yolov8l_bsz4.ms,111.00,121.50,232.50,0.500,Idle,5.47,9.52,370.44,4625.00,11499.37,569.55,,0,100,36.00,-66,4423369,-291942.35,3,fused
311392,000000311392.jpg,640x427,1,0.999584,1,1,TP,yolov8l_bsz4.ms,111.00,121.50,232.50,0.500,Idle,5.47,9.52,370.44,4625.00,11499.37,569.55,,0,100,36.00,-66,4423369,-291942.35,3,fused
256775,000000256775.jpg,640x480,1,0.999573,1,1,TP,yolov8l_bsz4.ms,111.00,121.50,232.50,0.500,Idle,5.47,9.52,370.44,4625.00,11499.37,569.55,,0,100,36.00,-66,4423369,-291942.35,3,fused
350019,000000350019.jpg,426x640,1,0.999571,1,1,TP,yolov8l_bsz4.ms,110.00,109.25,219.25,0.500,Idle,5.40,9.52,351.29,4643.00,11499.37,587.06,,0,100,36.00,-61,4423383,-269826.36,3,fused
132703,000000132703.jpg,426x640,1,0.999570,1,1,TP,yolov8l_bsz4.ms,110.00,109.25,219.25,0.500,Idle,5.40,9.52,351.29,4643.00,11499.37,587.06,,0,100,36.00,-61,4423383,-269826.36,3,fused
61960,000000061960.jpg,640x371,1,0.999568,1,1,TP,yolov8l_bsz4.ms,110.00,109.25,219.25,0.500,Idle,5.40,9.52,351.29,4643.00,11499.37,587.06,,0,100,36.00,-61,4423383,-269826.36,3,fused
72795,000000072795.jpg,640x480,1,0.999554,1,1,TP,yolov8l_bsz4.ms,110.00,109.25,219.25,0.500,Idle,5.40,9.52,351.29,4643.00,11499.37,587.06,,0,100,36.00,-61,4423383,-269826.36,3,fused
471756,000000471756.jpg,640x427,1,0.999553,1,1,TP,yolov8l_bsz4.ms,110.25,126.25,236.50,0.500,Idle,5.37,9.02,296.40,4697.00,11499.37,640.61,,0,100,36.00,-70,4423237,-309626.59,3,fused
190637,000000190637.jpg,428x640,1,0.999552,1,1,TP,yolov8l_bsz4.ms,110.25,126.25,236.50,0.500,Idle,5.37,9.02,296.40,4697.00,11499.37,640.61,,0,100,36.00,-70,4423237,-309626.59,3,fused
354547,000000354547.jpg,427x640,1,0.999552,1,1,TP,yolov8l_bsz4.ms,110.25,126.25,236.50,0.500,Idle,5.37,9.02,296.40,4697.00,11499.37,640.61,,0,100,36.00,-70,4423237,-309626.59,3,fused
61747,000000061747.jpg,640x574,1,0.999546,1,1,TP,yolov8l_bsz4.ms,110.25,126.25,236.50,0.500,Idle,5.37,9.02,296.40,4697.00,11499.37,640.61,,0,100,36.00,-70,4423237,-309626.59,3,fused
248752,000000248752.jpg,500x375,1,0.999544,1,1,TP,yolov8l_bsz4.ms,109.25,137.50,246.75,0.500,Idle,5.39,9.02,373.47,4621.00,11499.37,562.52,,0,100,36.00,-62,4423536,-274259.23,3,fused
297084,000000297084.jpg,612x612,1,0.999544,1,1,TP,yolov8l_bsz4.ms,109.25,137.50,246.75,0.500,Idle,5.39,9.02,373.47,4621.00,11499.37,562.52,,0,100,36.00,-62,4423536,-274259.23,3,fused
346703,000000346703.jpg,550x640,1,0.999543,1,1,TP,yolov8l_bsz4.ms,109.25,137.50,246.75,0.500,Idle,5.39,9.02,373.47,4621.00,11499.37,562.52,,0,100,36.00,-62,4423536,-274259.23,3,fused
326542,000000326542.jpg,640x480,1,0.999539,1,1,TP,yolov8l_bsz4.ms,109.25,137.50,246.75,0.500,Idle,5.39,9.02,373.47,4621.00,11499.37,562.52,,0,100,36.00,-62,4423536,-274259.23,3,fused
218997,000000218997.jpg,640x622,1,0.999539,1,1,TP,yolov8l_bsz4.ms,111.75,124.75,236.50,0.500,Idle,5.36,9.16,373.04,4621.00,11499.37,561.22,,0,100,36.00,-63,4423390,-278673.57,3,fused
239773,000000239773.jpg,500x344,1,0.999537,1,1,TP,yolov8l_bsz4.ms,111.75,124.75,236.50,0.500,Idle,5.36,9.16,373.04,4621.00,11499.37,561.22,,0,100,36.00,-63,4423390,-278673.57,3,fused
436617,000000436617.jpg,640x425,1,0.999536,1,1,TP,yolov8l_bsz4.ms,111.75,124.75,236.50,0.500,Idle,5.36,9.16,373.04,4621.00,11499.37,561.22,,0,100,36.00,-63,4423390,-278673.57,3,fused
226417,000000226417.jpg,500x333,1,0.999531,1,1,TP,yolov8l_bsz4.ms,111.75,124.75,236.50,0.500,Idle,5.36,9.16,373.04,4621.00,11499.37,561.22,,0,100,36.00,-63,4423390,-278673.57,3,fused
38829,000000038829.jpg,640x427,1,0.999518,1,1,TP,yolov8l_bsz4.ms,109.50,106.50,216.00,0.500,Idle,5.35,9.16,352.27,4641.00,11499.37,579.29,,0,100,36.00,-68,4423270,-300782.36,3,fused
303566,000000303566.jpg,640x426,1,0.999518,1,1,TP,yolov8l_bsz4.ms,109.50,106.50,216.00,0.500,Idle,5.35,9.16,352.27,4641.00,11499.37,579.29,,0,100,36.00,-68,4423270,-300782.36,3,fused
206838,000000206838.jpg,640x480,1,0.999511,1,1,TP,yolov8l_bsz4.ms,109.50,106.50,216.00,0.500,Idle,5.35,9.16,352.27,4641.00,11499.37,579.29,,0,100,36.00,-68,4423270,-300782.36,3,fused
319721,000000319721.jpg,480x640,1,0.999509,1,1,TP,yolov8l_bsz4.ms,109.50,106.50,216.00,0.500,Idle,5.35,9.16,352.27,4641.00,11499.37,579.29,,0,100,36.00,-68,4423270,-300782.36,3,fused
507223,000000507223.jpg,480x640,1,0.999506,1,1,TP,yolov8l_bsz4.ms,108.75,115.00,223.75,0.500,Idle,5.65,10.24,296.42,4697.00,11499.37,633.31,,0,100,36.00,-63,4423322,-278669.29,3,fused
440171,000000440171.jpg,411x640,1,0.999504,1,1,TP,yolov8l_bsz4.ms,108.75,115.00,223.75,0.500,Idle,5.65,10.24,296.42,4697.00,11499.37,633.31,,0,100,36.00,-63,4423322,-278669.29,3,fused
146831,000000146831.jpg,640x428,1,0.999503,1,1,TP,yolov8l_bsz4.ms,108.75,115.00,223.75,0.500,Idle,5.65,10.24,296.42,4697.00,11499.37,633.31,,0,100,36.00,-63,4423322,-278669.29,3,fused
108026,000000108026.jpg,640x428,1,0.999502,1,1,TP,yolov8l_bsz4.ms,108.75,115.00,223.75,0.500,Idle,5.65,10.24,296.42,4697.00,11499.37,633.31,,0,100,36.00,-63,4423322,-278669.29,3,fused
180487,000000180487.jpg,640x427,1,0.999497,1,1,TP,yolov8l_bsz4.ms,108.50,113.00,221.50,0.500,Idle,5.09,10.24,372.88,4620.00,11499.37,556.07,,0,100,36.00,-114,4421526,-504053.96,3,fused
245448,000000245448.jpg,640x480,1,0.999497,1,1,TP,yolov8l_bsz4.ms,108.50,113.00,221.50,0.500,Idle,5.09,10.24,372.88,4620.00,11499.37,556.07,,0,100,36.00,-114,4421526,-504053.96,3,fused
257370,000000257370.jpg,640x480,1,0.999494,1,1,TP,yolov8l_bsz4.ms,108.50,113.00,221.50,0.500,Idle,5.09,10.24,372.88,4620.00,11499.37,556.07,,0,100,36.00,-114,4421526,-504053.96,3,fused
93717,000000093717.jpg,640x427,1,0.999487,1,1,TP,yolov8l_bsz4.ms,108.50,113.00,221.50,0.500,Idle,5.09,10.24,372.88,4620.00,11499.37,556.07,,0,100,36.00,-114,4421526,-504053.96,3,fused
223955,000000223955.jpg,500x333,1,0.999484,1,1,TP,yolov8l_bsz4.ms,111.25,115.00,226.25,0.500,Idle,5.14,9.14,372.37,4620.00,11499.37,555.27,,0,100,36.00,-64,4423306,-283091.58,3,fused
396200,000000396200.jpg,640x427,1,0.999484,1,1,TP,yolov8l_bsz4.ms,111.25,115.00,226.25,0.500,Idle,5.14,9.14,372.37,4620.00,11499.37,555.27,,0,100,36.00,-64,4423306,-283091.58,3,fused
123633,000000123633.jpg,640x480,1,0.999477,1,1,TP,yolov8l_bsz4.ms,111.25,115.00,226.25,0.500,Idle,5.14,9.14,372.37,4620.00,11499.37,555.27,,0,100,36.00,-64,4423306,-283091.58,3,fused
99024,000000099024.jpg,640x482,1,0.999471,1,1,TP,yolov8l_bsz4.ms,111.25,115.00,226.25,0.500,Idle,5.14,9.14,372.37,4620.00,11499.37,555.27,,0,100,36.00,-64,4423306,-283091.58,3,fused
283268,000000283268.jpg,640x427,1,0.999467,1,1,TP,yolov8l_bsz4.ms,107.75,127.50,235.25,0.500,Idle,5.25,9.14,350.22,4641.00,11499.37,576.07,,0,100,36.00,-56,4423575,-247720.20,3,fused
459662,000000459662.jpg,640x480,1,0.999467,1,1,TP,yolov8l_bsz4.ms,107.75,127.50,235.25,0.500,Idle,5.25,9.14,350.22,4641.00,11499.37,576.07,,0,100,36.00,-56,4423575,-247720.20,3,fused
58705,000000058705.jpg,640x482,1,0.999463,1,1,TP,yolov8l_bsz4.ms,107.75,127.50,235.25,0.500,Idle,5.25,9.14,350.22,4641.00,11499.37,576.07,,0,100,36.00,-56,4423575,-247720.20,3,fused
577932,000000577932.jpg,640x543,1,0.999462,1,1,TP,yolov8l_bsz4.ms,107.75,127.50,235.25,0.500,Idle,5.25,9.14,350.22,4641.00,11499.37,576.07,,0,100,36.00,-56,4423575,-247720.20,3,fused
372577,000000372577.jpg,480x640,1,0.999461,1,1,TP,yolov8l_bsz4.ms,109.50,118.00,227.50,0.500,Idle,5.24,8.88,297.43,4695.00,11499.37,627.30,,0,100,36.00,-59,4423471,-260984.79,3,fused
428218,000000428218.jpg,640x480,1,0.999459,1,1,TP,yolov8l_bsz4.ms,109.50,118.00,227.50,0.500,Idle,5.24,8.88,297.43,4695.00,11499.37,627.30,,0,100,36.00,-59,4423471,-260984.79,3,fused
313454,000000313454.jpg,640x388,1,0.999449,1,1,TP,yolov8l_bsz4.ms,109.50,118.00,227.50,0.500,Idle,5.24,8.88,297.43,4695.00,11499.37,627.30,,0,100,36.00,-59,4423471,-260984.79,3,fused
325838,000000325838.jpg,640x480,1,0.999440,1,1,TP,yolov8l_bsz4.ms,109.50,118.00,227.50,0.500,Idle,5.24,8.88,297.43,4695.00,11499.37,627.30,,0,100,36.00,-59,4423471,-260984.79,3,fused
376112,000000376112.jpg,426x640,1,0.999438,1,1,TP,yolov8l_bsz4.ms,108.00,114.00,222.00,0.500,Idle,5.18,8.88,373.92,4576.00,11499.37,506.67,,0,100,36.00,-66,4423131,-291926.65,3,fused
239857,000000239857.jpg,500x333,1,0.999430,1,1,TP,yolov8l_bsz4.ms,108.00,114.00,222.00,0.500,Idle,5.18,8.88,373.92,4576.00,11499.37,506.67,,0,100,36.00,-66,4423131,-291926.65,3,fused
444142,000000444142.jpg,427x640,1,0.999416,1,1,TP,yolov8l_bsz4.ms,108.00,114.00,222.00,0.500,Idle,5.18,8.88,373.92,4576.00,11499.37,506.67,,0,100,36.00,-66,4423131,-291926.65,3,fused
554579,000000554579.jpg,494x640,1,0.999414,1,1,TP,yolov8l_bsz4.ms,108.00,114.00,222.00,0.500,Idle,5.18,8.88,373.92,4576.00,11499.37,506.67,,0,100,36.00,-66,4423131,-291926.65,3,fused
376322,000000376322.jpg,478x640,1,0.999406,1,1,TP,yolov8l_bsz4.ms,110.50,108.75,219.25,0.500,Idle,5.19,8.88,370.69,4606.00,11499.37,536.13,,0,100,36.00,-119,4421257,-526129.58,3,fused
502737,000000502737.jpg,480x640,1,0.999405,1,1,TP,yolov8l_bsz4.ms,110.50,108.75,219.25,0.500,Idle,5.19,8.88,370.69,4606.00,11499.37,536.13,,0,100,36.00,-119,4421257,-526129.58,3,fused
509014,000000509014.jpg,640x281,1,0.999398,1,1,TP,yolov8l_bsz4.ms,110.50,108.75,219.25,0.500,Idle,5.19,8.88,370.69,4606.00,11499.37,536.13,,0,100,36.00,-119,4421257,-526129.58,3,fused
319369,000000319369.jpg,640x432,1,0.999390,1,1,TP,yolov8l_bsz4.ms,110.50,108.75,219.25,0.500,Idle,5.19,8.88,370.69,4606.00,11499.37,536.13,,0,100,36.00,-119,4421257,-526129.58,3,fused
127394,000000127394.jpg,409x640,1,0.999376,1,1,TP,yolov8l_bsz4.ms,109.00,114.50,223.50,0.500,Idle,5.25,11.45,349.29,4601.00,11499.37,530.11,,0,100,36.00,-64,4423225,-283086.40,3,fused
190923,000000190923.jpg,375x500,1,0.999374,1,1,TP,yolov8l_bsz4.ms,109.00,114.50,223.50,0.500,Idle,5.25,11.45,349.29,4601.00,11499.37,530.11,,0,100,36.00,-64,4423225,-283086.40,3,fused
261732,000000261732.jpg,640x438,1,0.999371,1,1,TP,yolov8l_bsz4.ms,109.00,114.50,223.50,0.500,Idle,5.25,11.45,349.29,4601.00,11499.37,530.11,,0,100,36.00,-64,4423225,-283086.40,3,fused
187362,000000187362.jpg,640x425,1,0.999361,1,1,TP,yolov8l_bsz4.ms,109.00,114.50,223.50,0.500,Idle,5.25,11.45,349.29,4601.00,11499.37,530.11,,0,100,36.00,-64,4423225,-283086.40,3,fused
280710,000000280710.jpg,640x480,1,0.999357,1,1,TP,yolov8l_bsz4.ms,109.50,130.25,239.75,0.500,Idle,5.23,11.45,295.37,4688.00,11499.37,615.57,,0,100,36.00,-63,4423337,-278670.23,3,fused
341921,000000341921.jpg,640x478,1,0.999357,1,1,TP,yolov8l_bsz4.ms,109.50,130.25,239.75,0.500,Idle,5.23,11.45,295.37,4688.00,11499.37,615.57,,0,100,36.00,-63,4423337,-278670.23,3,fused
39951,000000039951.jpg,640x445,1,0.999349,1,1,TP,yolov8l_bsz4.ms,109.50,130.25,239.75,0.500,Idle,5.23,11.45,295.37,4688.00,11499.37,615.57,,0,100,36.00,-63,4423337,-278670.23,3,fused
172946,000000172946.jpg,427x640,1,0.999339,1,1,TP,yolov8l_bsz4.ms,109.50,130.25,239.75,0.500,Idle,5.23,11.45,295.37,4688.00,11499.37,615.57,,0,100,36.00,-63,4423337,-278670.23,3,fused
214753,000000214753.jpg,640x424,1,0.999337,1,1,TP,yolov8l_bsz4.ms,108.00,130.75,238.75,0.500,Idle,5.21,11.49,374.31,4608.00,11499.37,534.08,,0,100,36.00,-63,4423299,-278667.84,3,fused
9448,000000009448.jpg,551x640,1,0.999321,1,1,TP,yolov8l_bsz4.ms,108.00,130.75,238.75,0.500,Idle,5.21,11.49,374.31,4608.00,11499.37,534.08,,0,100,36.00,-63,4423299,-278667.84,3,fused
7088,000000007088.jpg,478x640,1,0.999319,1,1,TP,yolov8l_bsz4.ms,108.00,130.75,238.75,0.500,Idle,5.21,11.49,374.31,4608.00,11499.37,534.08,,0,100,36.00,-63,4423299,-278667.84,3,fused
479248,000000479248.jpg,640x480,1,0.999319,1,1,TP,yolov8l_bsz4.ms,108.00,130.75,238.75,0.500,Idle,5.21,11.49,374.31,4608.00,11499.37,534.08,,0,100,36.00,-63,4423299,-278667.84,3,fused
297562,000000297562.jpg,640x480,1,0.999311,1,1,TP,yolov8l_bsz4.ms,110.25,108.75,219.00,0.500,Idle,8.51,11.49,371.02,4613.00,11499.37,537.65,,0,100,36.00,-63,4423353,-278671.24,3,fused
547886,000000547886.jpg,640x427,1,0.999309,1,1,TP,yolov8l_bsz4.ms,110.25,108.75,219.00,0.500,Idle,8.51,11.49,371.02,4613.00,11499.37,537.65,,0,100,36.00,-63,4423353,-278671.24,3,fused
32887,000000032887.jpg,640x480,1,0.999304,1,1,TP,yolov8l_bsz4.ms,110.25,108.75,219.00,0.500,Idle,8.51,11.49,371.02,4613.00,11499.37,537.65,,0,100,36.00,-63,4423353,-278671.24,3,fused
394206,000000394206.jpg,640x480,1,0.999301,1,1,TP,yolov8l_bsz4.ms,110.25,108.75,219.00,0.500,Idle,8.51,11.49,371.02,4613.00,11499.37,537.65,,0,100,36.00,-63,4423353,-278671.24,3,fused
301135,000000301135.jpg,428x640,1,0.999296,1,1,TP,yolov8l_bsz4.ms,109.25,125.00,234.25,0.500,Idle,6.38,12.17,349.80,4636.00,11499.37,559.44,,0,100,36.00,-58,4423374,-256555.69,3,fused
260261,000000260261.jpg,426x640,1,0.999284,1,1,TP,yolov8l_bsz4.ms,109.25,125.00,234.25,0.500,Idle,6.38,12.17,349.80,4636.00,11499.37,559.44,,0,100,36.00,-58,4423374,-256555.69,3,fused
148662,000000148662.jpg,640x480,1,0.999272,1,1,TP,yolov8l_bsz4.ms,109.25,125.00,234.25,0.500,Idle,6.38,12.17,349.80,4636.00,11499.37,559.44,,0,100,36.00,-58,4423374,-256555.69,3,fused
46497,000000046497.jpg,500x332,1,0.999269,1,1,TP,yolov8l_bsz4.ms,109.25,125.00,234.25,0.500,Idle,6.38,12.17,349.80,4636.00,11499.37,559.44,,0,100,36.00,-58,4423374,-256555.69,3,fused
166165,000000166165.jpg,561x640,1,0.999268,1,1,TP,yolov8l_bsz4.ms,109.50,134.75,244.25,0.500,Idle,5.92,12.17,292.50,4693.00,11499.37,615.28,,0,100,36.00,-61,4423397,-269827.22,3,fused
334399,000000334399.jpg,640x480,1,0.999267,1,1,TP,yolov8l_bsz4.ms,109.50,134.75,244.25,0.500,Idle,5.92,12.17,292.50,4693.00,11499.37,615.28,,0,100,36.00,-61,4423397,-269827.22,3,fused
140556,000000140556.jpg,640x457,1,0.999266,1,1,TP,yolov8l_bsz4.ms,109.50,134.75,244.25,0.500,Idle,5.92,12.17,292.50,4693.00,11499.37,615.28,,0,100,36.00,-61,4423397,-269827.22,3,fused
64868,000000064868.jpg,500x375,1,0.999253,1,1,TP,yolov8l_bsz4.ms,109.50,134.75,244.25,0.500,Idle,5.92,12.17,292.50,4693.00,11499.37,615.28,,0,100,36.00,-61,4423397,-269827.22,3,fused
536038,000000536038.jpg,358x640,1,0.999251,1,1,TP,yolov8l_bsz4.ms,108.50,108.50,217.00,0.500,Idle,5.61,9.94,372.04,4614.00,11499.37,534.84,,0,100,36.00,-59,4423421,-260981.84,3,fused
352582,000000352582.jpg,425x640,1,0.999248,1,1,TP,yolov8l_bsz4.ms,108.50,108.50,217.00,0.500,Idle,5.61,9.94,372.04,4614.00,11499.37,534.84,,0,100,36.00,-59,4423421,-260981.84,3,fused
223188,000000223188.jpg,427x640,1,0.999238,1,1,TP,yolov8l_bsz4.ms,108.50,108.50,217.00,0.500,Idle,5.61,9.94,372.04,4614.00,11499.37,534.84,,0,100,36.00,-59,4423421,-260981.84,3,fused
326970,000000326970.jpg,640x480,1,0.999220,1,1,TP,yolov8l_bsz4.ms,108.50,108.50,217.00,0.500,Idle,5.61,9.94,372.04,4614.00,11499.37,534.84,,0,100,36.00,-59,4423421,-260981.84,3,fused
182021,000000182021.jpg,640x360,1,0.999213,1,1,TP,yolov8l_bsz4.ms,109.25,104.00,213.25,0.500,Idle,5.46,9.94,370.44,4615.00,11499.37,535.06,,0,100,36.00,-68,4423120,-300772.16,3,fused
151629,000000151629.jpg,427x640,1,0.999209,1,1,TP,yolov8l_bsz4.ms,109.25,104.00,213.25,0.500,Idle,5.46,9.94,370.44,4615.00,11499.37,535.06,,0,100,36.00,-68,4423120,-300772.16,3,fused
409198,000000409198.jpg,640x427,1,0.999207,1,1,TP,yolov8l_bsz4.ms,109.25,104.00,213.25,0.500,Idle,5.46,9.94,370.44,4615.00,11499.37,535.06,,0,100,36.00,-68,4423120,-300772.16,3,fused
7281,000000007281.jpg,640x361,1,0.999207,1,1,TP,yolov8l_bsz4.ms,109.25,104.00,213.25,0.500,Idle,5.46,9.94,370.44,4615.00,11499.37,535.06,,0,100,36.00,-68,4423120,-300772.16,3,fused
211825,000000211825.jpg,640x480,1,0.999205,1,1,TP,yolov8l_bsz4.ms,109.75,118.00,227.75,0.500,Idle,5.49,9.94,350.21,4635.00,11499.37,553.73,,0,100,36.00,-65,4423166,-287505.79,3,fused
36936,000000036936.jpg,640x404,1,0.999201,1,1,TP,yolov8l_bsz4.ms,109.75,118.00,227.75,0.500,Idle,5.49,9.94,350.21,4635.00,11499.37,553.73,,0,100,36.00,-65,4423166,-287505.79,3,fused
205105,000000205105.jpg,640x428,1,0.999193,1,1,TP,yolov8l_bsz4.ms,109.75,118.00,227.75,0.500,Idle,5.49,9.94,350.21,4635.00,11499.37,553.73,,0,100,36.00,-65,4423166,-287505.79,3,fused
169076,000000169076.jpg,612x612,1,0.999192,1,1,TP,yolov8l_bsz4.ms,109.75,118.00,227.75,0.500,Idle,5.49,9.94,350.21,4635.00,11499.37,553.73,,0,100,36.00,-65,4423166,-287505.79,3,fused
1268,000000001268.jpg,640x427,1,0.999183,1,1,TP,yolov8l_bsz4.ms,109.00,120.75,229.75,0.500,Idle,5.48,9.28,295.06,4690.00,11499.37,607.53,,0,100,36.00,-65,4423157,-287505.21,3,fused
281687,000000281687.jpg,500x375,1,0.999167,1,1,TP,yolov8l_bsz4.ms,109.00,120.75,229.75,0.500,Idle,5.48,9.28,295.06,4690.00,11499.37,607.53,,0,100,36.00,-65,4423157,-287505.21,3,fused
12120,000000012120.jpg,640x428,1,0.999166,1,1,TP,yolov8l_bsz4.ms,109.00,120.75,229.75,0.500,Idle,5.48,9.28,295.06,4690.00,11499.37,607.53,,0,100,36.00,-65,4423157,-287505.21,3,fused
380706,000000380706.jpg,640x426,1,0.999158,1,1,TP,yolov8l_bsz4.ms,109.00,120.75,229.75,0.500,Idle,5.48,9.28,295.06,4690.00,11499.37,607.53,,0,100,36.00,-65,4423157,-287505.21,3,fused
441247,000000441247.jpg,640x424,1,0.999151,1,1,TP,yolov8l_bsz4.ms,109.00,111.00,220.00,0.500,Idle,5.39,9.28,372.06,4613.00,11499.37,529.23,,0,100,36.00,-65,4423104,-287501.76,3,fused
144300,000000144300.jpg,640x427,1,0.999142,1,1,TP,yolov8l_bsz4.ms,109.00,111.00,220.00,0.500,Idle,5.39,9.28,372.06,4613.00,11499.37,529.23,,0,100,36.00,-65,4423104,-287501.76,3,fused
241668,000000241668.jpg,460x640,1,0.999142,1,1,TP,yolov8l_bsz4.ms,109.00,111.00,220.00,0.500,Idle,5.39,9.28,372.06,4613.00,11499.37,529.23,,0,100,36.00,-65,4423104,-287501.76,3,fused
420916,000000420916.jpg,640x400,1,0.999136,1,1,TP,yolov8l_bsz4.ms,109.00,111.00,220.00,0.500,Idle,5.39,9.28,372.06,4613.00,11499.37,529.23,,0,100,36.00,-65,4423104,-287501.76,3,fused
468954,000000468954.jpg,640x427,1,0.999126,1,1,TP,yolov8l_bsz4.ms,108.75,109.75,218.50,0.500,Idle,5.37,9.83,368.73,4616.00,11499.37,530.61,,0,100,36.00,-61,4423263,-269819.04,3,fused
74092,000000074092.jpg,332x500,1,0.999124,1,1,TP,yolov8l_bsz4.ms,108.75,109.75,218.50,0.500,Idle,5.37,9.83,368.73,4616.00,11499.37,530.61,,0,100,36.00,-61,4423263,-269819.04,3,fused
273232,000000273232.jpg,640x425,1,0.999121,1,1,TP,yolov8l_bsz4.ms,108.75,109.75,218.50,0.500,Idle,5.37,9.83,368.73,4616.00,11499.37,530.61,,0,100,36.00,-61,4423263,-269819.04,3,fused
282298,000000282298.jpg,640x480,1,0.999103,1,1,TP,yolov8l_bsz4.ms,108.75,109.75,218.50,0.500,Idle,5.37,9.83,368.73,4616.00,11499.37,530.61,,0,100,36.00,-61,4423263,-269819.04,3,fused
107226,000000107226.jpg,480x640,1,0.999097,1,1,TP,yolov8l_bsz4.ms,108.75,125.00,233.75,0.500,Idle,5.42,9.83,348.74,4635.00,11499.37,548.73,,0,100,36.00,-62,4423277,-274243.17,3,fused
12576,000000012576.jpg,480x640,1,0.999092,1,1,TP,yolov8l_bsz4.ms,108.75,125.00,233.75,0.500,Idle,5.42,9.83,348.74,4635.00,11499.37,548.73,,0,100,36.00,-62,4423277,-274243.17,3,fused
563267,000000563267.jpg,500x375,1,0.999086,1,1,TP,yolov8l_bsz4.ms,108.75,125.00,233.75,0.500,Idle,5.42,9.83,348.74,4635.00,11499.37,548.73,,0,100,36.00,-62,4423277,-274243.17,3,fused
479155,000000479155.jpg,500x332,1,0.999075,1,1,TP,yolov8l_bsz4.ms,108.75,125.00,233.75,0.500,Idle,5.42,9.83,348.74,4635.00,11499.37,548.73,,0,100,36.00,-62,4423277,-274243.17,3,fused
263969,000000263969.jpg,640x610,1,0.999070,1,1,TP,yolov8l_bsz4.ms,109.25,128.75,238.00,0.500,Idle,10.00,9.93,292.79,4690.00,11499.37,602.23,,0,100,36.00,-58,4423331,-256553.20,3,fused
227898,000000227898.jpg,640x424,1,0.999062,1,1,TP,yolov8l_bsz4.ms,109.25,128.75,238.00,0.500,Idle,10.00,9.93,292.79,4690.00,11499.37,602.23,,0,100,36.00,-58,4423331,-256553.20,3,fused
105912,000000105912.jpg,500x375,1,0.999060,1,1,TP,yolov8l_bsz4.ms,109.25,128.75,238.00,0.500,Idle,10.00,9.93,292.79,4690.00,11499.37,602.23,,0,100,36.00,-58,4423331,-256553.20,3,fused
90891,000000090891.jpg,640x431,1,0.999039,1,1,TP,yolov8l_bsz4.ms,109.25,128.75,238.00,0.500,Idle,10.00,9.93,292.79,4690.00,11499.37,602.23,,0,100,36.00,-58,4423331,-256553.20,3,fused
195842,000000195842.jpg,640x480,1,0.999023,1,1,TP,yolov8l_bsz4.ms,109.25,123.75,233.00,0.500,Idle,4.93,9.93,371.65,4611.00,11499.37,522.00,,0,100,36.00,-70,4422962,-309607.34,3,fused
284743,000000284743.jpg,640x425,1,0.999012,1,1,TP,yolov8l_bsz4.ms,109.25,123.75,233.00,0.500,Idle,4.93,9.93,371.65,4611.00,11499.37,522.00,,0,100,36.00,-70,4422962,-309607.34,3,fused
99114,000000099114.jpg,500x335,1,0.999003,1,1,TP,yolov8l_bsz4.ms,109.25,123.75,233.00,0.500,Idle,4.93,9.93,371.65,4611.00,11499.37,522.00,,0,100,36.00,-70,4422962,-309607.34,3,fused
2153,000000002153.jpg,640x480,1,0.999001,1,1,TP,yolov8l_bsz4.ms,109.25,123.75,233.00,0.500,Idle,4.93,9.93,371.65,4611.00,11499.37,522.00,,0,100,36.00,-70,4422962,-309607.34,3,fused
232649,000000232649.jpg,375x500,1,0.999000,1,1,TP,yolov8l_bsz4.ms,109.75,120.50,230.25,0.500,Idle,5.15,8.70,371.01,4612.00,11499.37,521.49,,0,100,36.00,-66,4423154,-291928.16,3,fused
538458,000000538458.jpg,640x427,1,0.998999,1,1,TP,yolov8l_bsz4.ms,109.75,120.50,230.25,0.500,Idle,5.15,8.70,371.01,4612.00,11499.37,521.49,,0,100,36.00,-66,4423154,-291928.16,3,fused
514508,000000514508.jpg,640x480,1,0.998998,1,1,TP,yolov8l_bsz4.ms,109.75,120.50,230.25,0.500,Idle,5.15,8.70,371.01,4612.00,11499.37,521.49,,0,100,36.00,-66,4423154,-291928.16,3,fused
161781,000000161781.jpg,640x428,1,0.998994,1,1,TP,yolov8l_bsz4.ms,109.75,120.50,230.25,0.500,Idle,5.15,8.70,371.01,4612.00,11499.37,521.49,,0,100,36.00,-66,4423154,-291928.16,3,fused
142971,000000142971.jpg,640x427,1,0.998958,1,1,TP,yolov8l_bsz4.ms,109.25,116.00,225.25,0.500,Idle,5.13,8.70,350.36,4632.00,11499.37,540.76,,0,100,36.00,-63,4423034,-278651.14,3,fused
246436,000000246436.jpg,480x640,1,0.998943,1,1,TP,yolov8l_bsz4.ms,109.25,116.00,225.25,0.500,Idle,5.13,8.70,350.36,4632.00,11499.37,540.76,,0,100,36.00,-63,4423034,-278651.14,3,fused
553221,000000553221.jpg,640x427,1,0.998930,1,1,TP,yolov8l_bsz4.ms,109.25,116.00,225.25,0.500,Idle,5.13,8.70,350.36,4632.00,11499.37,540.76,,0,100,36.00,-63,4423034,-278651.14,3,fused
451043,000000451043.jpg,640x427,1,0.998926,1,1,TP,yolov8l_bsz4.ms,109.25,116.00,225.25,0.500,Idle,5.13,8.70,350.36,4632.00,11499.37,540.76,,0,100,36.00,-63,4423034,-278651.14,3,fused
213035,000000213035.jpg,640x427,1,0.998911,1,1,TP,yolov8l_bsz4.ms,108.75,113.25,222.00,0.500,Idle,5.14,8.70,295.86,4686.00,11499.37,593.34,,0,100,36.00,-65,4423056,-287498.64,3,fused
280930,000000280930.jpg,640x425,1,0.998907,1,1,TP,yolov8l_bsz4.ms,108.75,113.25,222.00,0.500,Idle,5.14,8.70,295.86,4686.00,11499.37,593.34,,0,100,36.00,-65,4423056,-287498.64,3,fused
311002,000000311002.jpg,640x427,1,0.998903,1,1,TP,yolov8l_bsz4.ms,108.75,113.25,222.00,0.500,Idle,5.14,8.70,295.86,4686.00,11499.37,593.34,,0,100,36.00,-65,4423056,-287498.64,3,fused
336232,000000336232.jpg,640x427,1,0.998900,1,1,TP,yolov8l_bsz4.ms,108.75,113.25,222.00,0.500,Idle,5.14,8.70,295.86,4686.00,11499.37,593.34,,0,100,36.00,-65,4423056,-287498.64,3,fused
166918,000000166918.jpg,480x640,1,0.998896,1,1,TP,yolov8l_bsz4.ms,109.25,106.50,215.75,0.500,Idle,5.05,8.54,372.37,4610.00,11499.37,516.57,,0,100,36.00,-61,4423242,-269817.76,3,fused
361103,000000361103.jpg,640x427,1,0.998887,1,1,TP,yolov8l_bsz4.ms,109.25,106.50,215.75,0.500,Idle,5.05,8.54,372.37,4610.00,11499.37,516.57,,0,100,36.00,-61,4423242,-269817.76,3,fused
74860,000000074860.jpg,640x427,1,0.998878,1,1,TP,yolov8l_bsz4.ms,109.25,106.50,215.75,0.500,Idle,5.05,8.54,372.37,4610.00,11499.37,516.57,,0,100,36.00,-61,4423242,-269817.76,3,fused
384136,000000384136.jpg,640x414,1,0.998871,1,1,TP,yolov8l_bsz4.ms,109.25,106.50,215.75,0.500,Idle,5.05,8.54,372.37,4610.00,11499.37,516.57,,0,100,36.00,-61,4423242,-269817.76,3,fused
235778,000000235778.jpg,640x337,1,0.998859,1,1,TP,yolov8l_bsz4.ms,109.25,108.00,217.25,0.500,Idle,5.14,8.54,370.35,4611.00,11499.37,516.98,,0,100,36.00,-70,4422930,-309605.10,3,fused
302990,000000302990.jpg,640x427,1,0.998841,1,1,TP,yolov8l_bsz4.ms,109.25,108.00,217.25,0.500,Idle,5.14,8.54,370.35,4611.00,11499.37,516.98,,0,100,36.00,-70,4422930,-309605.10,3,fused
394940,000000394940.jpg,426x640,1,0.998841,1,1,TP,yolov8l_bsz4.ms,109.25,108.00,217.25,0.500,Idle,5.14,8.54,370.35,4611.00,11499.37,516.98,,0,100,36.00,-70,4422930,-309605.10,3,fused
429690,000000429690.jpg,640x427,1,0.998838,1,1,TP,yolov8l_bsz4.ms,109.25,108.00,217.25,0.500,Idle,5.14,8.54,370.35,4611.00,11499.37,516.98,,0,100,36.00,-70,4422930,-309605.10,3,fused
150265,000000150265.jpg,480x640,1,0.998837,1,1,TP,yolov8l_bsz4.ms,109.25,108.00,217.25,0.500,Idle,5.15,8.78,350.55,4631.00,11499.37,535.78,,0,100,36.00,-118,4421192,-521700.66,3,fused
163257,000000163257.jpg,425x640,1,0.998832,1,1,TP,yolov8l_bsz4.ms,109.25,108.00,217.25,0.500,Idle,5.15,8.78,350.55,4631.00,11499.37,535.78,,0,100,36.00,-118,4421192,-521700.66,3,fused
123480,000000123480.jpg,640x480,1,0.998831,1,1,TP,yolov8l_bsz4.ms,109.25,108.00,217.25,0.500,Idle,5.15,8.78,350.55,4631.00,11499.37,535.78,,0,100,36.00,-118,4421192,-521700.66,3,fused
82688,000000082688.jpg,640x428,1,0.998830,1,1,TP,yolov8l_bsz4.ms,109.25,108.00,217.25,0.500,Idle,5.15,8.78,350.55,4631.00,11499.37,535.78,,0,100,36.00,-118,4421192,-521700.66,3,fused
404678,000000404678.jpg,640x425,1,0.998829,1,1,TP,yolov8l_bsz4.ms,112.75,116.00,228.75,0.500,Idle,5.15,8.78,295.09,4686.00,11499.37,589.78,,0,100,36.00,-68,4423028,-300765.90,3,fused
148999,000000148999.jpg,640x427,1,0.998823,1,1,TP,yolov8l_bsz4.ms,112.75,116.00,228.75,0.500,Idle,5.15,8.78,295.09,4686.00,11499.37,589.78,,0,100,36.00,-68,4423028,-300765.90,3,fused
236599,000000236599.jpg,500x346,1,0.998803,1,1,TP,yolov8l_bsz4.ms,112.75,116.00,228.75,0.500,Idle,5.15,8.78,295.09,4686.00,11499.37,589.78,,0,100,36.00,-68,4423028,-300765.90,3,fused
285894,000000285894.jpg,500x329,1,0.998779,1,1,TP,yolov8l_bsz4.ms,112.75,116.00,228.75,0.500,Idle,5.15,8.78,295.09,4686.00,11499.37,589.78,,0,100,36.00,-68,4423028,-300765.90,3,fused
47740,000000047740.jpg,640x359,1,0.998777,1,1,TP,yolov8l_bsz4.ms,109.25,100.50,209.75,0.500,Idle,5.10,8.78,371.37,4610.00,11499.37,512.29,,0,100,36.00,-58,4423304,-256551.63,3,fused
438955,000000438955.jpg,640x303,1,0.998770,1,1,TP,yolov8l_bsz4.ms,109.25,100.50,209.75,0.500,Idle,5.10,8.78,371.37,4610.00,11499.37,512.29,,0,100,36.00,-58,4423304,-256551.63,3,fused
100510,000000100510.jpg,600x400,1,0.998764,1,1,TP,yolov8l_bsz4.ms,109.25,100.50,209.75,0.500,Idle,5.10,8.78,371.37,4610.00,11499.37,512.29,,0,100,36.00,-58,4423304,-256551.63,3,fused
342971,000000342971.jpg,287x640,1,0.998760,1,1,TP,yolov8l_bsz4.ms,109.25,100.50,209.75,0.500,Idle,5.10,8.78,371.37,4610.00,11499.37,512.29,,0,100,36.00,-58,4423304,-256551.63,3,fused
292446,000000292446.jpg,612x612,1,0.998759,1,1,TP,yolov8l_bsz4.ms,108.50,124.50,233.00,0.500,Idle,5.14,8.48,370.93,4609.00,11499.37,510.55,,0,100,36.00,-59,4423260,-260972.34,3,fused
416343,000000416343.jpg,427x640,1,0.998750,1,1,TP,yolov8l_bsz4.ms,108.50,124.50,233.00,0.500,Idle,5.14,8.48,370.93,4609.00,11499.37,510.55,,0,100,36.00,-59,4423260,-260972.34,3,fused
209829,000000209829.jpg,640x480,1,0.998748,1,1,TP,yolov8l_bsz4.ms,108.50,124.50,233.00,0.500,Idle,5.14,8.48,370.93,4609.00,11499.37,510.55,,0,100,36.00,-59,4423260,-260972.34,3,fused
280891,000000280891.jpg,427x640,1,0.998743,1,1,TP,yolov8l_bsz4.ms,108.50,124.50,233.00,0.500,Idle,5.14,8.48,370.93,4609.00,11499.37,510.55,,0,100,36.00,-59,4423260,-260972.34,3,fused
441442,000000441442.jpg,600x400,1,0.998739,1,1,TP,yolov8l_bsz4.ms,108.25,122.75,231.00,0.500,Idle,8.69,8.48,369.26,4611.00,11499.37,510.15,,0,100,36.00,-57,4423386,-252133.00,3,fused
498709,000000498709.jpg,640x425,1,0.998724,0,0,FP,yolov8l_bsz4.ms,108.25,122.75,231.00,0.500,Idle,8.69,8.48,369.26,4611.00,11499.37,510.15,,0,100,36.00,-57,4423386,-252133.00,3,fused
391722,000000391722.jpg,635x640,1,0.998712,1,1,TP,yolov8l_bsz4.ms,108.25,122.75,231.00,0.500,Idle,8.69,8.48,369.26,4611.00,11499.37,510.15,,0,100,36.00,-57,4423386,-252133.00,3,fused
252219,000000252219.jpg,640x428,1,0.998709,1,1,TP,yolov8l_bsz4.ms,108.25,122.75,231.00,0.500,Idle,8.69,8.48,369.26,4611.00,11499.37,510.15,,0,100,36.00,-57,4423386,-252133.00,3,fused
88970,000000088970.jpg,333x500,1,0.998691,1,1,TP,yolov8l_bsz4.ms,108.50,120.50,229.00,0.500,Idle,6.17,9.34,369.60,4609.00,11499.37,507.52,,0,100,36.00,-56,4423306,-247705.14,3,fused
274411,000000274411.jpg,426x640,1,0.998686,1,1,TP,yolov8l_bsz4.ms,108.50,120.50,229.00,0.500,Idle,6.17,9.34,369.60,4609.00,11499.37,507.52,,0,100,36.00,-56,4423306,-247705.14,3,fused
111207,000000111207.jpg,478x640,1,0.998682,1,1,TP,yolov8l_bsz4.ms,108.50,120.50,229.00,0.500,Idle,6.17,9.34,369.60,4609.00,11499.37,507.52,,0,100,36.00,-56,4423306,-247705.14,3,fused
97988,000000097988.jpg,612x612,1,0.998679,1,1,TP,yolov8l_bsz4.ms,108.50,120.50,229.00,0.500,Idle,6.17,9.34,369.60,4609.00,11499.37,507.52,,0,100,36.00,-56,4423306,-247705.14,3,fused
349860,000000349860.jpg,640x426,1,0.998664,1,1,TP,yolov8l_bsz4.ms,110.50,114.25,224.75,0.500,Idle,5.77,9.34,368.35,4611.00,11499.37,507.97,,0,100,36.00,-61,4423007,-269803.43,3,fused
500257,000000500257.jpg,500x400,1,0.998661,1,1,TP,yolov8l_bsz4.ms,110.50,114.25,224.75,0.500,Idle,5.77,9.34,368.35,4611.00,11499.37,507.97,,0,100,36.00,-61,4423007,-269803.43,3,fused
367095,000000367095.jpg,640x427,1,0.998646,1,1,TP,yolov8l_bsz4.ms,110.50,114.25,224.75,0.500,Idle,5.77,9.34,368.35,4611.00,11499.37,507.97,,0,100,36.00,-61,4423007,-269803.43,3,fused
211674,000000211674.jpg,640x406,1,0.998641,1,1,TP,yolov8l_bsz4.ms,110.50,114.25,224.75,0.500,Idle,5.77,9.34,368.35,4611.00,11499.37,507.97,,0,100,36.00,-61,4423007,-269803.43,3,fused
397133,000000397133.jpg,640x427,1,0.998639,1,1,TP,yolov8l_bsz4.ms,109.00,110.75,219.75,0.500,Idle,5.61,8.98,349.60,4629.00,11499.37,525.13,,0,100,36.00,-115,4421121,-508428.91,3,fused
553990,000000553990.jpg,600x400,1,0.998625,1,1,TP,yolov8l_bsz4.ms,109.00,110.75,219.75,0.500,Idle,5.61,8.98,349.60,4629.00,11499.37,525.13,,0,100,36.00,-115,4421121,-508428.91,3,fused
398438,000000398438.jpg,500x333,1,0.998622,1,1,TP,yolov8l_bsz4.ms,109.00,110.75,219.75,0.500,Idle,5.61,8.98,349.60,4629.00,11499.37,525.13,,0,100,36.00,-115,4421121,-508428.91,3,fused
261888,000000261888.jpg,640x426,1,0.998617,1,1,TP,yolov8l_bsz4.ms,109.00,110.75,219.75,0.500,Idle,5.61,8.98,349.60,4629.00,11499.37,525.13,,0,100,36.00,-115,4421121,-508428.91,3,fused
383289,000000383289.jpg,640x444,1,0.998616,1,1,TP,yolov8l_bsz4.ms,108.75,118.50,227.25,0.500,Idle,5.61,8.98,294.21,4684.00,11499.37,578.95,,0,100,36.00,-67,4422955,-296337.98,3,fused
531134,000000531134.jpg,640x480,1,0.998605,1,1,TP,yolov8l_bsz4.ms,108.75,118.50,227.25,0.500,Idle,5.61,8.98,294.21,4684.00,11499.37,578.95,,0,100,36.00,-67,4422955,-296337.98,3,fused
331799,000000331799.jpg,640x464,1,0.998602,1,1,TP,yolov8l_bsz4.ms,108.75,118.50,227.25,0.500,Idle,5.61,8.98,294.21,4684.00,11499.37,578.95,,0,100,36.00,-67,4422955,-296337.98,3,fused
229659,000000229659.jpg,640x480,1,0.998602,1,1,TP,yolov8l_bsz4.ms,108.75,118.50,227.25,0.500,Idle,5.61,8.98,294.21,4684.00,11499.37,578.95,,0,100,36.00,-67,4422955,-296337.98,3,fused
19109,000000019109.jpg,640x428,1,0.998599,1,1,TP,yolov8l_bsz4.ms,108.75,123.50,232.25,0.500,Idle,5.48,8.90,373.01,4605.00,11499.37,498.79,,0,100,36.00,-65,4423055,-287498.58,3,fused
7816,000000007816.jpg,640x427,1,0.998591,1,1,TP,yolov8l_bsz4.ms,108.75,123.50,232.25,0.500,Idle,5.48,8.90,373.01,4605.00,11499.37,498.79,,0,100,36.00,-65,4423055,-287498.58,3,fused
19786,000000019786.jpg,500x375,1,0.998581,1,1,TP,yolov8l_bsz4.ms,108.75,123.50,232.25,0.500,Idle,5.48,8.90,373.01,4605.00,11499.37,498.79,,0,100,36.00,-65,4423055,-287498.58,3,fused
9483,000000009483.jpg,640x480,1,0.998564,1,1,TP,yolov8l_bsz4.ms,108.75,123.50,232.25,0.500,Idle,5.48,8.90,373.01,4605.00,11499.37,498.79,,0,100,36.00,-65,4423055,-287498.58,3,fused
463542,000000463542.jpg,640x426,1,0.998547,1,1,TP,yolov8l_bsz4.ms,109.50,107.00,216.50,0.500,Idle,5.43,8.90,371.57,4607.00,11499.37,499.20,,0,100,36.00,-64,4423082,-283077.25,3,fused
375469,000000375469.jpg,640x181,1,0.998542,1,1,TP,yolov8l_bsz4.ms,109.50,107.00,216.50,0.500,Idle,5.43,8.90,371.57,4607.00,11499.37,499.20,,0,100,36.00,-64,4423082,-283077.25,3,fused
423123,000000423123.jpg,640x426,1,0.998534,1,1,TP,yolov8l_bsz4.ms,109.50,107.00,216.50,0.500,Idle,5.43,8.90,371.57,4607.00,11499.37,499.20,,0,100,36.00,-64,4423082,-283077.25,3,fused
351810,000000351810.jpg,500x375,1,0.998501,1,1,TP,yolov8l_bsz4.ms,109.50,107.00,216.50,0.500,Idle,5.43,8.90,371.57,4607.00,11499.37,499.20,,0,100,36.00,-64,4423082,-283077.25,3,fused
229111,000000229111.jpg,375x500,1,0.998486,1,1,TP,yolov8l_bsz4.ms,113.25,112.75,226.00,0.500,Idle,5.47,8.98,351.35,4627.00,11499.37,518.59,,0,100,36.00,-68,4422929,-300759.17,3,fused
490515,000000490515.jpg,640x427,1,0.998469,1,1,TP,yolov8l_bsz4.ms,113.25,112.75,226.00,0.500,Idle,5.47,8.98,351.35,4627.00,11499.37,518.59,,0,100,36.00,-68,4422929,-300759.17,3,fused
252507,000000252507.jpg,375x500,1,0.998447,1,1,TP,yolov8l_bsz4.ms,113.25,112.75,226.00,0.500,Idle,5.47,8.98,351.35,4627.00,11499.37,518.59,,0,100,36.00,-68,4422929,-300759.17,3,fused
341681,000000341681.jpg,640x427,1,0.998444,1,1,TP,yolov8l_bsz4.ms,113.25,112.75,226.00,0.500,Idle,5.47,8.98,351.35,4627.00,11499.37,518.59,,0,100,36.00,-68,4422929,-300759.17,3,fused
20992,000000020992.jpg,500x333,1,0.998441,1,1,TP,yolov8l_bsz4.ms,109.75,120.00,229.75,0.500,Idle,5.41,8.98,297.38,4681.00,11499.37,571.14,,0,100,36.00,-66,4422929,-291913.31,3,fused
568981,000000568981.jpg,640x426,1,0.998439,1,1,TP,yolov8l_bsz4.ms,109.75,120.00,229.75,0.500,Idle,5.41,8.98,297.38,4681.00,11499.37,571.14,,0,100,36.00,-66,4422929,-291913.31,3,fused
323355,000000323355.jpg,480x640,1,0.998430,1,1,TP,yolov8l_bsz4.ms,109.75,120.00,229.75,0.500,Idle,5.41,8.98,297.38,4681.00,11499.37,571.14,,0,100,36.00,-66,4422929,-291913.31,3,fused
284764,000000284764.jpg,640x427,1,0.998383,1,1,TP,yolov8l_bsz4.ms,109.75,120.00,229.75,0.500,Idle,5.41,8.98,297.38,4681.00,11499.37,571.14,,0,100,36.00,-66,4422929,-291913.31,3,fused
206579,000000206579.jpg,640x480,1,0.998368,1,1,TP,yolov8l_bsz4.ms,109.00,107.00,216.00,0.500,Idle,5.35,8.98,372.94,4602.00,11499.37,491.39,,0,100,36.00,-64,4422967,-283069.89,3,fused
496571,000000496571.jpg,427x640,1,0.998362,1,1,TP,yolov8l_bsz4.ms,109.00,107.00,216.00,0.500,Idle,5.35,8.98,372.94,4602.00,11499.37,491.39,,0,100,36.00,-64,4422967,-283069.89,3,fused
80671,000000080671.jpg,640x427,1,0.998353,1,1,TP,yolov8l_bsz4.ms,109.00,107.00,216.00,0.500,Idle,5.35,8.98,372.94,4602.00,11499.37,491.39,,0,100,36.00,-64,4422967,-283069.89,3,fused
129945,000000129945.jpg,640x320,1,0.998302,1,1,TP,yolov8l_bsz4.ms,109.00,107.00,216.00,0.500,Idle,5.35,8.98,372.94,4602.00,11499.37,491.39,,0,100,36.00,-64,4422967,-283069.89,3,fused
158227,000000158227.jpg,500x357,1,0.998295,1,1,TP,yolov8l_bsz4.ms,110.25,110.50,220.75,0.500,Idle,5.33,9.03,372.50,4604.00,11499.37,492.84,,0,100,36.00,-111,4421271,-490761.08,3,fused
527427,000000527427.jpg,640x480,1,0.998266,1,1,TP,yolov8l_bsz4.ms,110.25,110.50,220.75,0.500,Idle,5.33,9.03,372.50,4604.00,11499.37,492.84,,0,100,36.00,-111,4421271,-490761.08,3,fused
473219,000000473219.jpg,640x428,1,0.998253,1,1,TP,yolov8l_bsz4.ms,110.25,110.50,220.75,0.500,Idle,5.33,9.03,372.50,4604.00,11499.37,492.84,,0,100,36.00,-111,4421271,-490761.08,3,fused
534605,000000534605.jpg,600x400,1,0.998227,1,1,TP,yolov8l_bsz4.ms,110.25,110.50,220.75,0.500,Idle,5.33,9.03,372.50,4604.00,11499.37,492.84,,0,100,36.00,-111,4421271,-490761.08,3,fused
168883,000000168883.jpg,479x640,1,0.998226,1,1,TP,yolov8l_bsz4.ms,108.75,115.25,224.00,0.500,Idle,6.01,9.03,352.77,4623.00,11499.37,510.59,,0,100,36.00,-70,4422808,-309596.56,3,fused
542776,000000542776.jpg,640x426,1,0.998224,1,1,TP,yolov8l_bsz4.ms,108.75,115.25,224.00,0.500,Idle,6.01,9.03,352.77,4623.00,11499.37,510.59,,0,100,36.00,-70,4422808,-309596.56,3,fused
121417,000000121417.jpg,480x640,1,0.998202,1,1,TP,yolov8l_bsz4.ms,108.75,115.25,224.00,0.500,Idle,6.01,9.03,352.77,4623.00,11499.37,510.59,,0,100,36.00,-70,4422808,-309596.56,3,fused
306700,000000306700.jpg,480x640,1,0.998199,1,1,TP,yolov8l_bsz4.ms,108.75,115.25,224.00,0.500,Idle,6.01,9.03,352.77,4623.00,11499.37,510.59,,0,100,36.00,-70,4422808,-309596.56,3,fused
84241,000000084241.jpg,640x396,1,0.998188,1,1,TP,yolov8l_bsz4.ms,109.25,101.50,210.75,0.500,Idle,5.13,10.96,298.73,4677.00,11499.37,563.11,,0,100,36.00,-116,4421019,-512838.20,3,fused
232692,000000232692.jpg,640x425,1,0.998183,1,1,TP,yolov8l_bsz4.ms,109.25,101.50,210.75,0.500,Idle,5.13,10.96,298.73,4677.00,11499.37,563.11,,0,100,36.00,-116,4421019,-512838.20,3,fused
88848,000000088848.jpg,640x640,1,0.998167,1,1,TP,yolov8l_bsz4.ms,109.25,101.50,210.75,0.500,Idle,5.13,10.96,298.73,4677.00,11499.37,563.11,,0,100,36.00,-116,4421019,-512838.20,3,fused
567886,000000567886.jpg,500x375,1,0.998158,1,1,TP,yolov8l_bsz4.ms,109.25,101.50,210.75,0.500,Idle,5.13,10.96,298.73,4677.00,11499.37,563.11,,0,100,36.00,-116,4421019,-512838.20,3,fused
364297,000000364297.jpg,640x428,1,0.998151,0,0,FP,yolov8l_bsz4.ms,108.25,108.25,216.50,0.500,Idle,5.01,10.96,375.37,4600.00,11499.37,484.94,,0,100,36.00,-60,4423093,-265385.58,3,fused
386879,000000386879.jpg,426x640,1,0.998126,1,1,TP,yolov8l_bsz4.ms,108.25,108.25,216.50,0.500,Idle,5.01,10.96,375.37,4600.00,11499.37,484.94,,0,100,36.00,-60,4423093,-265385.58,3,fused
363875,000000363875.jpg,558x640,1,0.998123,1,1,TP,yolov8l_bsz4.ms,108.25,108.25,216.50,0.500,Idle,5.01,10.96,375.37,4600.00,11499.37,484.94,,0,100,36.00,-60,4423093,-265385.58,3,fused
361919,000000361919.jpg,640x425,1,0.998112,1,1,TP,yolov8l_bsz4.ms,108.25,108.25,216.50,0.500,Idle,5.01,10.96,375.37,4600.00,11499.37,484.94,,0,100,36.00,-60,4423093,-265385.58,3,fused
553788,000000553788.jpg,640x363,1,0.998109,1,1,TP,yolov8l_bsz4.ms,110.75,98.00,208.75,0.500,Idle,5.06,10.96,373.11,4603.00,11499.37,486.34,,0,100,36.00,-64,4422820,-283060.48,3,fused
152214,000000152214.jpg,480x640,1,0.998103,1,1,TP,yolov8l_bsz4.ms,110.75,98.00,208.75,0.500,Idle,5.06,10.96,373.11,4603.00,11499.37,486.34,,0,100,36.00,-64,4422820,-283060.48,3,fused
559160,000000559160.jpg,429x640,1,0.998088,1,1,TP,yolov8l_bsz4.ms,110.75,98.00,208.75,0.500,Idle,5.06,10.96,373.11,4603.00,11499.37,486.34,,0,100,36.00,-64,4422820,-283060.48,3,fused
29187,000000029187.jpg,640x491,1,0.998075,1,1,TP,yolov8l_bsz4.ms,110.75,98.00,208.75,0.500,Idle,5.06,10.96,373.11,4603.00,11499.37,486.34,,0,100,36.00,-64,4422820,-283060.48,3,fused
525155,000000525155.jpg,640x426,1,0.998074,1,1,TP,yolov8l_bsz4.ms,108.25,101.75,210.00,0.500,Idle,5.00,9.31,351.96,4623.00,11499.37,504.81,,0,100,36.00,-116,4421011,-512837.28,3,fused
573258,000000573258.jpg,640x480,1,0.998064,1,1,TP,yolov8l_bsz4.ms,108.25,101.75,210.00,0.500,Idle,5.00,9.31,351.96,4623.00,11499.37,504.81,,0,100,36.00,-116,4421011,-512837.28,3,fused
71938,000000071938.jpg,640x480,1,0.998051,1,1,TP,yolov8l_bsz4.ms,108.25,101.75,210.00,0.500,Idle,5.00,9.31,351.96,4623.00,11499.37,504.81,,0,100,36.00,-116,4421011,-512837.28,3,fused
150638,000000150638.jpg,640x469,1,0.998042,1,1,TP,yolov8l_bsz4.ms,108.25,101.75,210.00,0.500,Idle,5.00,9.31,351.96,4623.00,11499.37,504.81,,0,100,36.00,-116,4421011,-512837.28,3,fused
183675,000000183675.jpg,640x412,1,0.998029,1,1,TP,yolov8l_bsz4.ms,107.25,118.00,225.25,0.500,Idle,5.02,9.31,294.95,4681.00,11499.37,561.04,,0,100,36.00,-70,4422693,-309588.51,3,fused
579635,000000579635.jpg,640x429,1,0.997984,1,1,TP,yolov8l_bsz4.ms,107.25,118.00,225.25,0.500,Idle,5.02,9.31,294.95,4681.00,11499.37,561.04,,0,100,36.00,-70,4422693,-309588.51,3,fused
481582,000000481582.jpg,640x427,1,0.997946,1,1,TP,yolov8l_bsz4.ms,107.25,118.00,225.25,0.500,Idle,5.02,9.31,294.95,4681.00,11499.37,561.04,,0,100,36.00,-70,4422693,-309588.51,3,fused
504589,000000504589.jpg,427x640,1,0.997937,1,1,TP,yolov8l_bsz4.ms,107.25,118.00,225.25,0.500,Idle,5.02,9.31,294.95,4681.00,11499.37,561.04,,0,100,36.00,-70,4422693,-309588.51,3,fused
294350,000000294350.jpg,640x425,1,0.997903,1,1,TP,yolov8l_bsz4.ms,109.00,105.50,214.50,0.500,Idle,5.03,9.20,373.40,4602.00,11499.37,481.08,,0,100,36.00,-64,4422719,-283054.02,3,fused
271997,000000271997.jpg,488x640,1,0.997893,1,1,TP,yolov8l_bsz4.ms,109.00,105.50,214.50,0.500,Idle,5.03,9.20,373.40,4602.00,11499.37,481.08,,0,100,36.00,-64,4422719,-283054.02,3,fused
564091,000000564091.jpg,427x640,1,0.997885,1,1,TP,yolov8l_bsz4.ms,109.00,105.50,214.50,0.500,Idle,5.03,9.20,373.40,4602.00,11499.37,481.08,,0,100,36.00,-64,4422719,-283054.02,3,fused
189451,000000189451.jpg,640x427,1,0.997875,0,0,FP,yolov8l_bsz4.ms,109.00,105.50,214.50,0.500,Idle,5.03,9.20,373.40,4602.00,11499.37,481.08,,0,100,36.00,-64,4422719,-283054.02,3,fused
151480,000000151480.jpg,640x480,1,0.997861,1,1,TP,yolov8l_bsz4.ms,109.00,120.75,229.75,0.500,Idle,5.07,9.20,369.37,4606.00,11499.37,483.88,,0,100,36.00,-64,4422907,-283066.05,3,fused
52413,000000052413.jpg,500x375,1,0.997849,1,1,TP,yolov8l_bsz4.ms,109.00,120.75,229.75,0.500,Idle,5.07,9.20,369.37,4606.00,11499.37,483.88,,0,100,36.00,-64,4422907,-283066.05,3,fused
303818,000000303818.jpg,480x640,1,0.997837,1,1,TP,yolov8l_bsz4.ms,109.00,120.75,229.75,0.500,Idle,5.07,9.20,369.37,4606.00,11499.37,483.88,,0,100,36.00,-64,4422907,-283066.05,3,fused
448365,000000448365.jpg,640x428,1,0.997828,1,1,TP,yolov8l_bsz4.ms,109.00,120.75,229.75,0.500,Idle,5.07,9.20,369.37,4606.00,11499.37,483.88,,0,100,36.00,-64,4422907,-283066.05,3,fused
64084,000000064084.jpg,640x436,1,0.997815,1,1,TP,yolov8l_bsz4.ms,109.00,126.00,235.00,0.500,Idle,5.09,9.17,351.40,4623.00,11499.37,500.44,,0,100,36.00,-66,4422996,-291917.74,3,fused
285047,000000285047.jpg,427x640,1,0.997812,1,1,TP,yolov8l_bsz4.ms,109.00,126.00,235.00,0.500,Idle,5.09,9.17,351.40,4623.00,11499.37,500.44,,0,100,36.00,-66,4422996,-291917.74,3,fused
308328,000000308328.jpg,640x480,1,0.997808,1,1,TP,yolov8l_bsz4.ms,109.00,126.00,235.00,0.500,Idle,5.09,9.17,351.40,4623.00,11499.37,500.44,,0,100,36.00,-66,4422996,-291917.74,3,fused
278705,000000278705.jpg,640x480,1,0.997797,1,1,TP,yolov8l_bsz4.ms,109.00,126.00,235.00,0.500,Idle,5.09,9.17,351.40,4623.00,11499.37,500.44,,0,100,36.00,-66,4422996,-291917.74,3,fused
250619,000000250619.jpg,640x481,1,0.997763,1,1,TP,yolov8l_bsz4.ms,108.50,139.00,247.50,0.500,Idle,5.17,9.17,298.65,4676.00,11499.37,551.77,,0,100,37.00,-59,4423099,-260962.84,3,fused
356505,000000356505.jpg,640x425,1,0.997748,1,1,TP,yolov8l_bsz4.ms,108.50,139.00,247.50,0.500,Idle,5.17,9.17,298.65,4676.00,11499.37,551.77,,0,100,37.00,-59,4423099,-260962.84,3,fused
187243,000000187243.jpg,480x640,1,0.997743,1,1,TP,yolov8l_bsz4.ms,108.50,139.00,247.50,0.500,Idle,5.17,9.17,298.65,4676.00,11499.37,551.77,,0,100,37.00,-59,4423099,-260962.84,3,fused
157601,000000157601.jpg,612x612,1,0.997711,1,1,TP,yolov8l_bsz4.ms,108.50,139.00,247.50,0.500,Idle,5.17,9.17,298.65,4676.00,11499.37,551.77,,0,100,37.00,-59,4423099,-260962.84,3,fused
95155,000000095155.jpg,640x427,1,0.997664,1,1,TP,yolov8l_bsz4.ms,109.50,110.00,219.50,0.500,Idle,5.11,9.28,373.39,4601.00,11499.37,475.14,,0,100,37.00,-67,4422864,-296331.89,3,fused
507473,000000507473.jpg,640x480,1,0.997661,1,1,TP,yolov8l_bsz4.ms,109.50,110.00,219.50,0.500,Idle,5.11,9.28,373.39,4601.00,11499.37,475.14,,0,100,37.00,-67,4422864,-296331.89,3,fused
326541,000000326541.jpg,640x360,1,0.997660,1,1,TP,yolov8l_bsz4.ms,109.50,110.00,219.50,0.500,Idle,5.11,9.28,373.39,4601.00,11499.37,475.14,,0,100,37.00,-67,4422864,-296331.89,3,fused
33759,000000033759.jpg,640x457,1,0.997656,1,1,TP,yolov8l_bsz4.ms,109.50,110.00,219.50,0.500,Idle,5.11,9.28,373.39,4601.00,11499.37,475.14,,0,100,37.00,-67,4422864,-296331.89,3,fused
464144,000000464144.jpg,426x640,1,0.997632,1,1,TP,yolov8l_bsz4.ms,110.50,112.00,222.50,0.500,Idle,4.69,9.28,370.36,4603.00,11499.37,476.47,,0,100,37.00,-65,4422853,-287485.45,3,fused
527750,000000527750.jpg,427x640,1,0.997632,1,1,TP,yolov8l_bsz4.ms,110.50,112.00,222.50,0.500,Idle,4.69,9.28,370.36,4603.00,11499.37,476.47,,0,100,37.00,-65,4422853,-287485.45,3,fused
517069,000000517069.jpg,640x480,1,0.997631,1,1,TP,yolov8l_bsz4.ms,110.50,112.00,222.50,0.500,Idle,4.69,9.28,370.36,4603.00,11499.37,476.47,,0,100,37.00,-65,4422853,-287485.45,3,fused
231339,000000231339.jpg,480x640,1,0.997623,1,1,TP,yolov8l_bsz4.ms,110.50,112.00,222.50,0.500,Idle,4.69,9.28,370.36,4603.00,11499.37,476.47,,0,100,37.00,-65,4422853,-287485.45,3,fused
223738,000000223738.jpg,634x640,1,0.997578,1,1,TP,yolov8l_bsz4.ms,109.50,132.25,241.75,0.500,Idle,5.33,9.28,350.35,4623.00,11499.37,495.27,,0,100,37.00,-64,4422862,-283063.17,3,fused
385190,000000385190.jpg,500x375,1,0.997546,1,1,TP,yolov8l_bsz4.ms,109.50,132.25,241.75,0.500,Idle,5.33,9.28,350.35,4623.00,11499.37,495.27,,0,100,37.00,-64,4422862,-283063.17,3,fused
42889,000000042889.jpg,375x500,1,0.997479,0,0,FP,yolov8l_bsz4.ms,109.50,132.25,241.75,0.500,Idle,5.33,9.28,350.35,4623.00,11499.37,495.27,,0,100,37.00,-64,4422862,-283063.17,3,fused
574823,000000574823.jpg,375x500,1,0.997467,1,1,TP,yolov8l_bsz4.ms,109.50,132.25,241.75,0.500,Idle,5.33,9.28,350.35,4623.00,11499.37,495.27,,0,100,37.00,-64,4422862,-283063.17,3,fused
424162,000000424162.jpg,640x512,1,0.997447,1,1,TP,yolov8l_bsz4.ms,108.25,123.25,231.50,0.500,Idle,5.28,8.61,295.60,4678.00,11499.37,548.91,,0,100,37.00,-82,4421989,-362603.10,3,fused
244099,000000244099.jpg,640x428,1,0.997437,1,1,TP,yolov8l_bsz4.ms,108.25,123.25,231.50,0.500,Idle,5.28,8.61,295.60,4678.00,11499.37,548.91,,0,100,37.00,-82,4421989,-362603.10,3,fused
411754,000000411754.jpg,320x240,1,0.997415,1,1,TP,yolov8l_bsz4.ms,108.25,123.25,231.50,0.500,Idle,5.28,8.61,295.60,4678.00,11499.37,548.91,,0,100,37.00,-82,4421989,-362603.10,3,fused
308545,000000308545.jpg,640x427,1,0.997415,1,1,TP,yolov8l_bsz4.ms,108.25,123.25,231.50,0.500,Idle,5.28,8.61,295.60,4678.00,11499.37,548.91,,0,100,37.00,-82,4421989,-362603.10,3,fused
81594,000000081594.jpg,478x640,1,0.997410,1,1,TP,yolov8l_bsz4.ms,109.50,115.00,224.50,0.500,Idle,5.18,8.61,373.68,4599.00,11499.37,468.82,,0,100,37.00,-70,4422637,-309584.59,3,fused
441586,000000441586.jpg,640x425,1,0.997406,1,1,TP,yolov8l_bsz4.ms,109.50,115.00,224.50,0.500,Idle,5.18,8.61,373.68,4599.00,11499.37,468.82,,0,100,37.00,-70,4422637,-309584.59,3,fused
153011,000000153011.jpg,640x480,1,0.997405,1,1,TP,yolov8l_bsz4.ms,109.50,115.00,224.50,0.500,Idle,5.18,8.61,373.68,4599.00,11499.37,468.82,,0,100,37.00,-70,4422637,-309584.59,3,fused
65288,000000065288.jpg,640x427,1,0.997356,1,1,TP,yolov8l_bsz4.ms,109.50,115.00,224.50,0.500,Idle,5.18,8.61,373.68,4599.00,11499.37,468.82,,0,100,37.00,-70,4422637,-309584.59,3,fused
152686,000000152686.jpg,640x400,1,0.997348,1,1,TP,yolov8l_bsz4.ms,110.25,117.50,227.75,0.500,Idle,5.27,8.78,372.67,4600.00,11499.37,468.37,,0,100,37.00,-100,4421935,-442193.50,3,fused
214720,000000214720.jpg,375x500,1,0.997343,1,1,TP,yolov8l_bsz4.ms,110.25,117.50,227.75,0.500,Idle,5.27,8.78,372.67,4600.00,11499.37,468.37,,0,100,37.00,-100,4421935,-442193.50,3,fused
129756,000000129756.jpg,640x480,1,0.997306,1,1,TP,yolov8l_bsz4.ms,110.25,117.50,227.75,0.500,Idle,5.27,8.78,372.67,4600.00,11499.37,468.37,,0,100,37.00,-100,4421935,-442193.50,3,fused
334483,000000334483.jpg,480x640,1,0.997239,1,1,TP,yolov8l_bsz4.ms,110.25,117.50,227.75,0.500,Idle,5.27,8.78,372.67,4600.00,11499.37,468.37,,0,100,37.00,-100,4421935,-442193.50,3,fused
128675,000000128675.jpg,640x480,1,0.997206,1,1,TP,yolov8l_bsz4.ms,109.00,110.50,219.50,0.500,Idle,5.23,8.78,351.45,4621.00,11499.37,488.23,,0,100,37.00,-62,4422815,-274214.53,3,fused
198489,000000198489.jpg,428x640,1,0.997189,1,1,TP,yolov8l_bsz4.ms,109.00,110.50,219.50,0.500,Idle,5.23,8.78,351.45,4621.00,11499.37,488.23,,0,100,37.00,-62,4422815,-274214.53,3,fused
570664,000000570664.jpg,500x333,1,0.997112,1,1,TP,yolov8l_bsz4.ms,109.00,110.50,219.50,0.500,Idle,5.23,8.78,351.45,4621.00,11499.37,488.23,,0,100,37.00,-62,4422815,-274214.53,3,fused
23126,000000023126.jpg,640x428,1,0.997076,1,1,TP,yolov8l_bsz4.ms,109.00,110.50,219.50,0.500,Idle,5.23,8.78,351.45,4621.00,11499.37,488.23,,0,100,37.00,-62,4422815,-274214.53,3,fused
362716,000000362716.jpg,640x427,1,0.997067,1,1,TP,yolov8l_bsz4.ms,107.75,111.00,218.75,0.500,Idle,5.22,8.74,294.60,4678.00,11499.37,544.74,,0,100,37.00,-64,4422838,-283061.63,3,fused
449579,000000449579.jpg,640x427,1,0.997049,1,1,TP,yolov8l_bsz4.ms,107.75,111.00,218.75,0.500,Idle,5.22,8.74,294.60,4678.00,11499.37,544.74,,0,100,37.00,-64,4422838,-283061.63,3,fused
323895,000000323895.jpg,640x480,1,0.997046,1,1,TP,yolov8l_bsz4.ms,107.75,111.00,218.75,0.500,Idle,5.22,8.74,294.60,4678.00,11499.37,544.74,,0,100,37.00,-64,4422838,-283061.63,3,fused
456394,000000456394.jpg,220x176,1,0.997045,0,0,FP,yolov8l_bsz4.ms,107.75,111.00,218.75,0.500,Idle,5.22,8.74,294.60,4678.00,11499.37,544.74,,0,100,37.00,-64,4422838,-283061.63,3,fused
384670,000000384670.jpg,640x480,1,0.997019,1,1,TP,yolov8l_bsz4.ms,110.50,115.00,225.50,0.500,Idle,5.15,8.74,371.74,4601.00,11499.37,466.48,,0,100,37.00,-63,4422883,-278641.63,3,fused
138639,000000138639.jpg,640x480,1,0.997016,1,1,TP,yolov8l_bsz4.ms,110.50,115.00,225.50,0.500,Idle,5.15,8.74,371.74,4601.00,11499.37,466.48,,0,100,37.00,-63,4422883,-278641.63,3,fused
34417,000000034417.jpg,500x375,1,0.997004,1,1,TP,yolov8l_bsz4.ms,110.50,115.00,225.50,0.500,Idle,5.15,8.74,371.74,4601.00,11499.37,466.48,,0,100,37.00,-63,4422883,-278641.63,3,fused
60899,000000060899.jpg,360x640,1,0.996965,1,1,TP,yolov8l_bsz4.ms,110.50,115.00,225.50,0.500,Idle,5.15,8.74,371.74,4601.00,11499.37,466.48,,0,100,37.00,-63,4422883,-278641.63,3,fused
315450,000000315450.jpg,640x428,1,0.996961,0,0,FP,yolov8l_bsz4.ms,110.50,115.00,225.50,0.500,Idle,5.19,8.74,369.94,4602.00,11499.37,466.53,,0,100,37.00,-66,4422846,-291907.84,3,fused
378116,000000378116.jpg,640x454,1,0.996921,1,1,TP,yolov8l_bsz4.ms,110.50,115.00,225.50,0.500,Idle,5.19,8.74,369.94,4602.00,11499.37,466.53,,0,100,37.00,-66,4422846,-291907.84,3,fused
78843,000000078843.jpg,640x480,1,0.996919,1,1,TP,yolov8l_bsz4.ms,110.50,115.00,225.50,0.500,Idle,5.19,8.74,369.94,4602.00,11499.37,466.53,,0,100,37.00,-66,4422846,-291907.84,3,fused
8532,000000008532.jpg,640x426,1,0.996918,1,1,TP,yolov8l_bsz4.ms,110.50,115.00,225.50,0.500,Idle,5.19,8.74,369.94,4602.00,11499.37,466.53,,0,100,37.00,-66,4422846,-291907.84,3,fused
326128,000000326128.jpg,480x640,1,0.996912,1,1,TP,yolov8l_bsz4.ms,108.25,129.25,237.50,0.500,Idle,5.23,8.92,349.93,4621.00,11499.37,484.92,,0,100,37.00,-61,4422605,-269778.91,3,fused
478862,000000478862.jpg,640x480,1,0.996904,1,1,TP,yolov8l_bsz4.ms,108.25,129.25,237.50,0.500,Idle,5.23,8.92,349.93,4621.00,11499.37,484.92,,0,100,37.00,-61,4422605,-269778.91,3,fused
33104,000000033104.jpg,428x500,1,0.996869,1,1,TP,yolov8l_bsz4.ms,108.25,129.25,237.50,0.500,Idle,5.23,8.92,349.93,4621.00,11499.37,484.92,,0,100,37.00,-61,4422605,-269778.91,3,fused
193348,000000193348.jpg,426x640,1,0.996859,1,1,TP,yolov8l_bsz4.ms,108.25,129.25,237.50,0.500,Idle,5.23,8.92,349.93,4621.00,11499.37,484.92,,0,100,37.00,-61,4422605,-269778.91,3,fused
289417,000000289417.jpg,500x375,1,0.996858,1,1,TP,yolov8l_bsz4.ms,107.50,113.25,220.75,0.500,Idle,9.00,8.92,295.88,4678.00,11499.37,556.98,,0,100,37.00,-67,4422752,-296324.38,3,fused
144984,000000144984.jpg,426x640,1,0.996847,1,1,TP,yolov8l_bsz4.ms,107.50,113.25,220.75,0.500,Idle,9.00,8.92,295.88,4678.00,11499.37,556.98,,0,100,37.00,-67,4422752,-296324.38,3,fused
203294,000000203294.jpg,640x480,1,0.996835,1,1,TP,yolov8l_bsz4.ms,107.50,113.25,220.75,0.500,Idle,9.00,8.92,295.88,4678.00,11499.37,556.98,,0,100,37.00,-67,4422752,-296324.38,3,fused
411530,000000411530.jpg,640x480,1,0.996818,1,1,TP,yolov8l_bsz4.ms,107.50,113.25,220.75,0.500,Idle,9.00,8.92,295.88,4678.00,11499.37,556.98,,0,100,37.00,-67,4422752,-296324.38,3,fused
384468,000000384468.jpg,640x480,1,0.996771,1,1,TP,yolov8l_bsz4.ms,109.25,124.25,233.50,0.500,Idle,6.27,9.22,373.92,4601.00,11499.37,477.68,,0,100,37.00,-107,4421494,-473099.86,3,fused
297427,000000297427.jpg,580x640,1,0.996741,1,1,TP,yolov8l_bsz4.ms,109.25,124.25,233.50,0.500,Idle,6.27,9.22,373.92,4601.00,11499.37,477.68,,0,100,37.00,-107,4421494,-473099.86,3,fused
288430,000000288430.jpg,500x375,1,0.996738,1,1,TP,yolov8l_bsz4.ms,109.25,124.25,233.50,0.500,Idle,6.27,9.22,373.92,4601.00,11499.37,477.68,,0,100,37.00,-107,4421494,-473099.86,3,fused
449909,000000449909.jpg,640x427,1,0.996724,1,1,TP,yolov8l_bsz4.ms,109.25,124.25,233.50,0.500,Idle,6.27,9.22,373.92,4601.00,11499.37,477.68,,0,100,37.00,-107,4421494,-473099.86,3,fused
433204,000000433204.jpg,640x480,1,0.996704,1,1,TP,yolov8l_bsz4.ms,110.25,107.25,217.50,0.500,Idle,5.79,9.22,369.12,4605.00,11499.37,481.02,,0,100,37.00,-65,4422804,-287482.26,3,fused
537506,000000537506.jpg,600x400,1,0.996701,1,1,TP,yolov8l_bsz4.ms,110.25,107.25,217.50,0.500,Idle,5.79,9.22,369.12,4605.00,11499.37,481.02,,0,100,37.00,-65,4422804,-287482.26,3,fused
260106,000000260106.jpg,400x600,1,0.996694,1,1,TP,yolov8l_bsz4.ms,110.25,107.25,217.50,0.500,Idle,5.79,9.22,369.12,4605.00,11499.37,481.02,,0,100,37.00,-65,4422804,-287482.26,3,fused
169996,000000169996.jpg,640x480,1,0.996693,1,1,TP,yolov8l_bsz4.ms,110.25,107.25,217.50,0.500,Idle,5.79,9.22,369.12,4605.00,11499.37,481.02,,0,100,37.00,-65,4422804,-287482.26,3,fused
404249,000000404249.jpg,427x640,1,0.996646,1,1,TP,yolov8l_bsz4.ms,109.50,122.75,232.25,0.500,Idle,5.70,9.22,350.06,4624.00,11499.37,498.68,,0,100,37.00,-69,4422752,-305169.89,3,fused
69224,000000069224.jpg,500x375,1,0.996638,1,1,TP,yolov8l_bsz4.ms,109.50,122.75,232.25,0.500,Idle,5.70,9.22,350.06,4624.00,11499.37,498.68,,0,100,37.00,-69,4422752,-305169.89,3,fused
127263,000000127263.jpg,640x427,1,0.996609,1,1,TP,yolov8l_bsz4.ms,109.50,122.75,232.25,0.500,Idle,5.70,9.22,350.06,4624.00,11499.37,498.68,,0,100,37.00,-69,4422752,-305169.89,3,fused
421455,000000421455.jpg,500x375,1,0.996550,1,1,TP,yolov8l_bsz4.ms,109.50,122.75,232.25,0.500,Idle,5.70,9.22,350.06,4624.00,11499.37,498.68,,0,100,37.00,-69,4422752,-305169.89,3,fused
13177,000000013177.jpg,640x427,1,0.996523,1,1,TP,yolov8l_bsz4.ms,108.25,117.50,225.75,0.500,Idle,5.63,8.49,293.44,4672.00,11499.37,545.11,,0,100,37.00,-66,4422790,-291904.14,3,fused
488251,000000488251.jpg,640x360,1,0.996489,1,1,TP,yolov8l_bsz4.ms,108.25,117.50,225.75,0.500,Idle,5.63,8.49,293.44,4672.00,11499.37,545.11,,0,100,37.00,-66,4422790,-291904.14,3,fused
563648,000000563648.jpg,468x640,1,0.996433,1,1,TP,yolov8l_bsz4.ms,108.25,117.50,225.75,0.500,Idle,5.63,8.49,293.44,4672.00,11499.37,545.11,,0,100,37.00,-66,4422790,-291904.14,3,fused
354307,000000354307.jpg,500x375,1,0.996424,1,1,TP,yolov8l_bsz4.ms,108.25,117.50,225.75,0.500,Idle,5.63,8.49,293.44,4672.00,11499.37,545.11,,0,100,37.00,-66,4422790,-291904.14,3,fused
82821,000000082821.jpg,640x427,1,0.996411,1,1,TP,yolov8l_bsz4.ms,109.50,123.50,233.00,0.500,Idle,5.51,8.49,369.89,4572.00,11499.37,443.80,,0,100,37.00,-65,4422772,-287480.18,3,fused
563349,000000563349.jpg,427x640,1,0.996378,1,1,TP,yolov8l_bsz4.ms,109.50,123.50,233.00,0.500,Idle,5.51,8.49,369.89,4572.00,11499.37,443.80,,0,100,37.00,-65,4422772,-287480.18,3,fused
486104,000000486104.jpg,500x375,1,0.996377,1,1,TP,yolov8l_bsz4.ms,109.50,123.50,233.00,0.500,Idle,5.51,8.49,369.89,4572.00,11499.37,443.80,,0,100,37.00,-65,4422772,-287480.18,3,fused
445792,000000445792.jpg,500x375,1,0.996344,1,1,TP,yolov8l_bsz4.ms,109.50,123.50,233.00,0.500,Idle,5.51,8.49,369.89,4572.00,11499.37,443.80,,0,100,37.00,-65,4422772,-287480.18,3,fused
286458,000000286458.jpg,455x310,1,0.996276,0,0,FP,yolov8l_bsz4.ms,110.50,119.75,230.25,0.500,Idle,5.49,11.35,369.01,4568.00,11499.37,438.59,,0,100,37.00,-65,4422802,-287482.13,3,fused
565853,000000565853.jpg,500x375,1,0.996267,1,1,TP,yolov8l_bsz4.ms,110.50,119.75,230.25,0.500,Idle,5.49,11.35,369.01,4568.00,11499.37,438.59,,0,100,37.00,-65,4422802,-287482.13,3,fused
454798,000000454798.jpg,640x425,1,0.996263,1,1,TP,yolov8l_bsz4.ms,110.50,119.75,230.25,0.500,Idle,5.49,11.35,369.01,4568.00,11499.37,438.59,,0,100,37.00,-65,4422802,-287482.13,3,fused
551804,000000551804.jpg,640x427,1,0.996251,1,1,TP,yolov8l_bsz4.ms,110.50,119.75,230.25,0.500,Idle,5.49,11.35,369.01,4568.00,11499.37,438.59,,0,100,37.00,-65,4422802,-287482.13,3,fused
1353,000000001353.jpg,375x500,1,0.996249,1,1,TP,yolov8l_bsz4.ms,108.75,122.25,231.00,0.500,Idle,5.56,11.35,348.61,4592.00,11499.37,462.01,,0,100,37.00,-57,4422956,-252108.49,3,fused
356531,000000356531.jpg,640x480,1,0.996210,1,1,TP,yolov8l_bsz4.ms,108.75,122.25,231.00,0.500,Idle,5.56,11.35,348.61,4592.00,11499.37,462.01,,0,100,37.00,-57,4422956,-252108.49,3,fused
374982,000000374982.jpg,375x500,1,0.996183,1,1,TP,yolov8l_bsz4.ms,108.75,122.25,231.00,0.500,Idle,5.56,11.35,348.61,4592.00,11499.37,462.01,,0,100,37.00,-57,4422956,-252108.49,3,fused
407002,000000407002.jpg,480x640,1,0.996162,1,1,TP,yolov8l_bsz4.ms,108.75,122.25,231.00,0.500,Idle,5.56,11.35,348.61,4592.00,11499.37,462.01,,0,100,37.00,-57,4422956,-252108.49,3,fused
175251,000000175251.jpg,612x612,1,0.996161,1,1,TP,yolov8l_bsz4.ms,108.00,116.75,224.75,0.500,Idle,5.49,11.81,295.28,4683.00,11499.37,550.55,,0,100,37.00,-59,4422755,-260942.55,3,fused
121497,000000121497.jpg,640x480,1,0.996149,1,1,TP,yolov8l_bsz4.ms,108.00,116.75,224.75,0.500,Idle,5.49,11.81,295.28,4683.00,11499.37,550.55,,0,100,37.00,-59,4422755,-260942.55,3,fused
343937,000000343937.jpg,640x428,1,0.996118,1,1,TP,yolov8l_bsz4.ms,108.00,116.75,224.75,0.500,Idle,5.49,11.81,295.28,4683.00,11499.37,550.55,,0,100,37.00,-59,4422755,-260942.55,3,fused
333402,000000333402.jpg,640x425,1,0.996081,1,1,TP,yolov8l_bsz4.ms,108.00,116.75,224.75,0.500,Idle,5.49,11.81,295.28,4683.00,11499.37,550.55,,0,100,37.00,-59,4422755,-260942.55,3,fused
128699,000000128699.jpg,351x500,1,0.996037,1,1,TP,yolov8l_bsz4.ms,109.50,103.75,213.25,0.500,Idle,5.39,11.81,373.21,4605.00,11499.37,468.88,,0,100,37.00,-63,4422736,-278632.37,3,fused
102805,000000102805.jpg,640x426,1,0.996034,1,1,TP,yolov8l_bsz4.ms,109.50,103.75,213.25,0.500,Idle,5.39,11.81,373.21,4605.00,11499.37,468.88,,0,100,37.00,-63,4422736,-278632.37,3,fused
185250,000000185250.jpg,399x640,1,0.996022,1,1,TP,yolov8l_bsz4.ms,109.50,103.75,213.25,0.500,Idle,5.39,11.81,373.21,4605.00,11499.37,468.88,,0,100,37.00,-63,4422736,-278632.37,3,fused
275392,000000275392.jpg,480x640,1,0.996018,1,1,TP,yolov8l_bsz4.ms,109.50,103.75,213.25,0.500,Idle,5.39,11.81,373.21,4605.00,11499.37,468.88,,0,100,37.00,-63,4422736,-278632.37,3,fused
561958,000000561958.jpg,640x480,1,0.995951,1,1,TP,yolov8l_bsz4.ms,112.00,105.25,217.25,0.500,Idle,5.41,11.81,370.06,4614.00,11499.37,476.52,,0,100,37.00,-64,4422735,-283055.04,3,fused
398905,000000398905.jpg,640x427,1,0.995944,1,1,TP,yolov8l_bsz4.ms,112.00,105.25,217.25,0.500,Idle,5.41,11.81,370.06,4614.00,11499.37,476.52,,0,100,37.00,-64,4422735,-283055.04,3,fused
82986,000000082986.jpg,640x444,1,0.995913,1,1,TP,yolov8l_bsz4.ms,112.00,105.25,217.25,0.500,Idle,5.41,11.81,370.06,4614.00,11499.37,476.52,,0,100,37.00,-64,4422735,-283055.04,3,fused
227491,000000227491.jpg,640x480,1,0.995900,1,1,TP,yolov8l_bsz4.ms,112.00,105.25,217.25,0.500,Idle,5.41,11.81,370.06,4614.00,11499.37,476.52,,0,100,37.00,-64,4422735,-283055.04,3,fused
530061,000000530061.jpg,640x455,1,0.995887,1,1,TP,yolov8l_bsz4.ms,108.75,91.50,200.25,0.500,Idle,4.64,8.82,351.11,4632.00,11499.37,494.27,,0,100,37.00,-88,4421774,-389116.11,3,fused
554002,000000554002.jpg,640x425,1,0.995879,1,1,TP,yolov8l_bsz4.ms,108.75,91.50,200.25,0.500,Idle,4.64,8.82,351.11,4632.00,11499.37,494.27,,0,100,37.00,-88,4421774,-389116.11,3,fused
471023,000000471023.jpg,640x426,1,0.995863,1,1,TP,yolov8l_bsz4.ms,108.75,91.50,200.25,0.500,Idle,4.64,8.82,351.11,4632.00,11499.37,494.27,,0,100,37.00,-88,4421774,-389116.11,3,fused
394510,000000394510.jpg,640x480,1,0.995802,1,1,TP,yolov8l_bsz4.ms,108.75,91.50,200.25,0.500,Idle,4.64,8.82,351.11,4632.00,11499.37,494.27,,0,100,37.00,-88,4421774,-389116.11,3,fused
478721,000000478721.jpg,640x480,1,0.995770,1,1,TP,yolov8l_bsz4.ms,107.50,99.00,206.50,0.500,Idle,4.87,8.82,294.04,4688.00,11499.37,550.56,,0,100,37.00,-64,4422672,-283051.01,3,fused
322163,000000322163.jpg,640x480,1,0.995763,1,1,TP,yolov8l_bsz4.ms,107.50,99.00,206.50,0.500,Idle,4.87,8.82,294.04,4688.00,11499.37,550.56,,0,100,37.00,-64,4422672,-283051.01,3,fused
337055,000000337055.jpg,640x427,1,0.995725,1,1,TP,yolov8l_bsz4.ms,107.50,99.00,206.50,0.500,Idle,4.87,8.82,294.04,4688.00,11499.37,550.56,,0,100,37.00,-64,4422672,-283051.01,3,fused
542127,000000542127.jpg,640x426,1,0.995705,1,1,TP,yolov8l_bsz4.ms,107.50,99.00,206.50,0.500,Idle,4.87,8.82,294.04,4688.00,11499.37,550.56,,0,100,37.00,-64,4422672,-283051.01,3,fused
105264,000000105264.jpg,640x427,1,0.995675,1,1,TP,yolov8l_bsz4.ms,109.00,109.75,218.75,0.500,Idle,4.79,8.82,373.06,4609.00,11499.37,470.93,,0,100,37.00,-57,4422792,-252099.14,3,fused
146358,000000146358.jpg,388x640,1,0.995649,1,1,TP,yolov8l_bsz4.ms,109.00,109.75,218.75,0.500,Idle,4.79,8.82,373.06,4609.00,11499.37,470.93,,0,100,37.00,-57,4422792,-252099.14,3,fused
162092,000000162092.jpg,640x640,1,0.995601,1,1,TP,yolov8l_bsz4.ms,109.00,109.75,218.75,0.500,Idle,4.79,8.82,373.06,4609.00,11499.37,470.93,,0,100,37.00,-57,4422792,-252099.14,3,fused
442746,000000442746.jpg,500x375,1,0.995579,1,1,TP,yolov8l_bsz4.ms,109.00,109.75,218.75,0.500,Idle,4.79,8.82,373.06,4609.00,11499.37,470.93,,0,100,37.00,-57,4422792,-252099.14,3,fused
522889,000000522889.jpg,424x640,1,0.995560,1,1,TP,yolov8l_bsz4.ms,114.00,117.50,231.50,0.500,Idle,5.01,9.59,370.92,4611.00,11499.37,472.32,,0,100,37.00,-65,4422659,-287472.84,3,fused
38210,000000038210.jpg,428x640,1,0.995528,1,1,TP,yolov8l_bsz4.ms,114.00,117.50,231.50,0.500,Idle,5.01,9.59,370.92,4611.00,11499.37,472.32,,0,100,37.00,-65,4422659,-287472.84,3,fused
449312,000000449312.jpg,640x578,1,0.995486,1,1,TP,yolov8l_bsz4.ms,114.00,117.50,231.50,0.500,Idle,5.01,9.59,370.92,4611.00,11499.37,472.32,,0,100,37.00,-65,4422659,-287472.84,3,fused
295316,000000295316.jpg,640x480,1,0.995439,1,1,TP,yolov8l_bsz4.ms,114.00,117.50,231.50,0.500,Idle,5.01,9.59,370.92,4611.00,11499.37,472.32,,0,100,37.00,-65,4422659,-287472.84,3,fused
140840,000000140840.jpg,500x281,1,0.995388,1,1,TP,yolov8l_bsz4.ms,109.25,113.00,222.25,0.500,Idle,5.09,9.59,350.15,4631.00,11499.37,491.66,,0,100,37.00,-67,4422610,-296314.87,3,fused
133567,000000133567.jpg,640x428,1,0.995380,1,1,TP,yolov8l_bsz4.ms,109.25,113.00,222.25,0.500,Idle,5.09,9.59,350.15,4631.00,11499.37,491.66,,0,100,37.00,-67,4422610,-296314.87,3,fused
187585,000000187585.jpg,640x436,1,0.995368,1,1,TP,yolov8l_bsz4.ms,109.25,113.00,222.25,0.500,Idle,5.09,9.59,350.15,4631.00,11499.37,491.66,,0,100,37.00,-67,4422610,-296314.87,3,fused
303713,000000303713.jpg,427x640,1,0.995318,1,1,TP,yolov8l_bsz4.ms,109.25,113.00,222.25,0.500,Idle,5.09,9.59,350.15,4631.00,11499.37,491.66,,0,100,37.00,-67,4422610,-296314.87,3,fused
142790,000000142790.jpg,500x375,1,0.995296,1,1,TP,yolov8l_bsz4.ms,107.25,114.25,221.50,0.500,Idle,5.13,9.69,293.45,4688.00,11499.37,548.08,,0,100,37.00,-65,4422653,-287472.45,3,fused
181303,000000181303.jpg,640x358,1,0.995266,1,1,TP,yolov8l_bsz4.ms,107.25,114.25,221.50,0.500,Idle,5.13,9.69,293.45,4688.00,11499.37,548.08,,0,100,37.00,-65,4422653,-287472.45,3,fused
352684,000000352684.jpg,424x640,1,0.995201,1,1,TP,yolov8l_bsz4.ms,107.25,114.25,221.50,0.500,Idle,5.13,9.69,293.45,4688.00,11499.37,548.08,,0,100,37.00,-65,4422653,-287472.45,3,fused
424642,000000424642.jpg,500x375,1,0.995186,1,1,TP,yolov8l_bsz4.ms,107.25,114.25,221.50,0.500,Idle,5.13,9.69,293.45,4688.00,11499.37,548.08,,0,100,37.00,-65,4422653,-287472.45,3,fused
314251,000000314251.jpg,640x480,1,0.995153,1,1,TP,yolov8l_bsz4.ms,109.50,112.50,222.00,0.500,Idle,5.10,9.69,372.02,4609.00,11499.37,468.00,,0,100,37.00,-64,4422782,-283058.05,3,fused
389197,000000389197.jpg,640x426,1,0.995130,1,1,TP,yolov8l_bsz4.ms,109.50,112.50,222.00,0.500,Idle,5.10,9.69,372.02,4609.00,11499.37,468.00,,0,100,37.00,-64,4422782,-283058.05,3,fused
222118,000000222118.jpg,640x427,1,0.995102,1,1,TP,yolov8l_bsz4.ms,109.50,112.50,222.00,0.500,Idle,5.10,9.69,372.02,4609.00,11499.37,468.00,,0,100,37.00,-64,4422782,-283058.05,3,fused
131938,000000131938.jpg,463x640,1,0.995079,0,0,FP,yolov8l_bsz4.ms,109.50,112.50,222.00,0.500,Idle,5.10,9.69,372.02,4609.00,11499.37,468.00,,0,100,37.00,-64,4422782,-283058.05,3,fused
212226,000000212226.jpg,500x335,1,0.995000,1,1,TP,yolov8l_bsz4.ms,110.25,107.00,217.25,0.500,Idle,5.09,9.69,371.24,4610.00,11499.37,468.82,,0,100,37.00,-58,4422827,-256523.97,3,fused
174482,000000174482.jpg,640x388,1,0.994951,0,0,FP,yolov8l_bsz4.ms,110.25,107.00,217.25,0.500,Idle,5.09,9.69,371.24,4610.00,11499.37,468.82,,0,100,37.00,-58,4422827,-256523.97,3,fused
40757,000000040757.jpg,425x640,1,0.994947,1,1,TP,yolov8l_bsz4.ms,110.25,107.00,217.25,0.500,Idle,5.09,9.69,371.24,4610.00,11499.37,468.82,,0,100,37.00,-58,4422827,-256523.97,3,fused
356612,000000356612.jpg,640x416,1,0.994895,1,1,TP,yolov8l_bsz4.ms,110.25,107.00,217.25,0.500,Idle,5.09,9.69,371.24,4610.00,11499.37,468.82,,0,100,37.00,-58,4422827,-256523.97,3,fused
401862,000000401862.jpg,640x480,1,0.994883,1,1,TP,yolov8l_bsz4.ms,109.50,115.50,225.00,0.500,Idle,5.14,9.54,369.72,4612.00,11499.37,469.70,,0,100,37.00,-66,4422443,-291881.24,3,fused
353051,000000353051.jpg,640x426,1,0.994879,1,1,TP,yolov8l_bsz4.ms,109.50,115.50,225.00,0.500,Idle,5.14,9.54,369.72,4612.00,11499.37,469.70,,0,100,37.00,-66,4422443,-291881.24,3,fused
302107,000000302107.jpg,427x640,1,0.994876,1,1,TP,yolov8l_bsz4.ms,109.50,115.50,225.00,0.500,Idle,5.14,9.54,369.72,4612.00,11499.37,469.70,,0,100,37.00,-66,4422443,-291881.24,3,fused
183127,000000183127.jpg,640x428,1,0.994872,1,1,TP,yolov8l_bsz4.ms,109.50,115.50,225.00,0.500,Idle,5.14,9.54,369.72,4612.00,11499.37,469.70,,0,100,37.00,-66,4422443,-291881.24,3,fused
69213,000000069213.jpg,640x427,1,0.994809,1,1,TP,yolov8l_bsz4.ms,108.00,116.75,224.75,0.500,Idle,5.20,9.54,294.71,4687.00,11499.37,543.71,,0,100,37.00,-117,4420768,-517229.86,3,fused
210299,000000210299.jpg,640x480,1,0.994789,1,1,TP,yolov8l_bsz4.ms,108.00,116.75,224.75,0.500,Idle,5.20,9.54,294.71,4687.00,11499.37,543.71,,0,100,37.00,-117,4420768,-517229.86,3,fused
482917,000000482917.jpg,500x375,1,0.994727,1,1,TP,yolov8l_bsz4.ms,108.00,116.75,224.75,0.500,Idle,5.20,9.54,294.71,4687.00,11499.37,543.71,,0,100,37.00,-117,4420768,-517229.86,3,fused
136633,000000136633.jpg,427x640,1,0.994711,1,1,TP,yolov8l_bsz4.ms,108.00,116.75,224.75,0.500,Idle,5.20,9.54,294.71,4687.00,11499.37,543.71,,0,100,37.00,-117,4420768,-517229.86,3,fused
526728,000000526728.jpg,500x375,1,0.994687,1,1,TP,yolov8l_bsz4.ms,109.25,113.00,222.25,0.500,Idle,5.15,9.62,372.01,4609.00,11499.37,465.87,,0,100,37.00,-64,4422732,-283054.85,3,fused
474039,000000474039.jpg,640x401,1,0.994673,1,1,TP,yolov8l_bsz4.ms,109.25,113.00,222.25,0.500,Idle,5.15,9.62,372.01,4609.00,11499.37,465.87,,0,100,37.00,-64,4422732,-283054.85,3,fused
25603,000000025603.jpg,640x480,1,0.994657,1,1,TP,yolov8l_bsz4.ms,109.25,113.00,222.25,0.500,Idle,5.15,9.62,372.01,4609.00,11499.37,465.87,,0,100,37.00,-64,4422732,-283054.85,3,fused
11149,000000011149.jpg,500x375,1,0.994632,1,1,TP,yolov8l_bsz4.ms,109.25,113.00,222.25,0.500,Idle,5.15,9.62,372.01,4609.00,11499.37,465.87,,0,100,37.00,-64,4422732,-283054.85,3,fused
179642,000000179642.jpg,640x427,1,0.994623,1,1,TP,yolov8l_bsz4.ms,110.00,118.50,228.50,0.500,Idle,4.62,9.62,372.75,4608.00,11499.37,464.03,,0,100,37.00,-60,4422731,-265363.86,3,fused
361238,000000361238.jpg,640x480,1,0.994547,1,1,TP,yolov8l_bsz4.ms,110.00,118.50,228.50,0.500,Idle,4.62,9.62,372.75,4608.00,11499.37,464.03,,0,100,37.00,-60,4422731,-265363.86,3,fused
528705,000000528705.jpg,426x640,1,0.994541,1,1,TP,yolov8l_bsz4.ms,110.00,118.50,228.50,0.500,Idle,4.62,9.62,372.75,4608.00,11499.37,464.03,,0,100,37.00,-60,4422731,-265363.86,3,fused
550349,000000550349.jpg,480x640,1,0.994512,1,1,TP,yolov8l_bsz4.ms,110.00,118.50,228.50,0.500,Idle,4.62,9.62,372.75,4608.00,11499.37,464.03,,0,100,37.00,-60,4422731,-265363.86,3,fused
229358,000000229358.jpg,640x423,1,0.994511,1,1,TP,yolov8l_bsz4.ms,109.25,101.00,210.25,0.500,Idle,5.10,8.91,353.99,4627.00,11499.37,481.54,,0,100,37.00,-60,4422831,-265369.86,3,fused
65350,000000065350.jpg,640x427,1,0.994497,1,1,TP,yolov8l_bsz4.ms,109.25,101.00,210.25,0.500,Idle,5.10,8.91,353.99,4627.00,11499.37,481.54,,0,100,37.00,-60,4422831,-265369.86,3,fused
407650,000000407650.jpg,640x428,1,0.994471,1,1,TP,yolov8l_bsz4.ms,109.25,101.00,210.25,0.500,Idle,5.10,8.91,353.99,4627.00,11499.37,481.54,,0,100,37.00,-60,4422831,-265369.86,3,fused
6460,000000006460.jpg,640x427,1,0.994470,1,1,TP,yolov8l_bsz4.ms,109.25,101.00,210.25,0.500,Idle,5.10,8.91,353.99,4627.00,11499.37,481.54,,0,100,37.00,-60,4422831,-265369.86,3,fused
266981,000000266981.jpg,426x640,1,0.994452,1,1,TP,yolov8l_bsz4.ms,108.00,117.00,225.00,0.500,Idle,5.15,8.91,296.88,4682.00,11499.37,537.86,,0,100,37.00,-65,4422571,-287467.11,3,fused
464089,000000464089.jpg,640x480,1,0.994403,1,1,TP,yolov8l_bsz4.ms,108.00,117.00,225.00,0.500,Idle,5.15,8.91,296.88,4682.00,11499.37,537.86,,0,100,37.00,-65,4422571,-287467.11,3,fused
524850,000000524850.jpg,500x319,1,0.994369,1,1,TP,yolov8l_bsz4.ms,108.00,117.00,225.00,0.500,Idle,5.15,8.91,296.88,4682.00,11499.37,537.86,,0,100,37.00,-65,4422571,-287467.11,3,fused
173799,000000173799.jpg,640x524,1,0.994363,1,1,TP,yolov8l_bsz4.ms,108.00,117.00,225.00,0.500,Idle,5.15,8.91,296.88,4682.00,11499.37,537.86,,0,100,37.00,-65,4422571,-287467.11,3,fused
115870,000000115870.jpg,640x426,1,0.994357,1,1,TP,yolov8l_bsz4.ms,109.25,112.50,221.75,0.500,Idle,5.09,8.91,373.70,4607.00,11499.37,460.23,,0,100,37.00,-67,4422535,-296309.84,3,fused
407646,000000407646.jpg,500x400,1,0.994315,1,1,TP,yolov8l_bsz4.ms,109.25,112.50,221.75,0.500,Idle,5.09,8.91,373.70,4607.00,11499.37,460.23,,0,100,37.00,-67,4422535,-296309.84,3,fused
369370,000000369370.jpg,640x480,1,0.994295,0,0,FP,yolov8l_bsz4.ms,109.25,112.50,221.75,0.500,Idle,5.09,8.91,373.70,4607.00,11499.37,460.23,,0,100,37.00,-67,4422535,-296309.84,3,fused
193674,000000193674.jpg,640x480,1,0.994255,1,1,TP,yolov8l_bsz4.ms,109.25,112.50,221.75,0.500,Idle,5.09,8.91,373.70,4607.00,11499.37,460.23,,0,100,37.00,-67,4422535,-296309.84,3,fused
359540,000000359540.jpg,640x427,1,0.994223,1,1,TP,yolov8l_bsz4.ms,110.50,122.75,233.25,0.500,Idle,5.23,8.63,373.74,4606.00,11499.37,459.25,,0,100,37.00,-61,4422604,-269778.84,3,fused
88485,000000088485.jpg,640x427,1,0.994191,1,1,TP,yolov8l_bsz4.ms,110.50,122.75,233.25,0.500,Idle,5.23,8.63,373.74,4606.00,11499.37,459.25,,0,100,37.00,-61,4422604,-269778.84,3,fused
400044,000000400044.jpg,483x640,1,0.994168,1,1,TP,yolov8l_bsz4.ms,110.50,122.75,233.25,0.500,Idle,5.23,8.63,373.74,4606.00,11499.37,459.25,,0,100,37.00,-61,4422604,-269778.84,3,fused
467848,000000467848.jpg,640x480,1,0.994142,1,1,TP,yolov8l_bsz4.ms,110.50,122.75,233.25,0.500,Idle,5.23,8.63,373.74,4606.00,11499.37,459.25,,0,100,37.00,-61,4422604,-269778.84,3,fused
376206,000000376206.jpg,640x427,1,0.994103,1,1,TP,yolov8l_bsz4.ms,109.50,125.50,235.00,0.500,Idle,5.26,8.63,351.29,4629.00,11499.37,481.40,,0,100,37.00,-112,4420888,-495139.46,3,fused
88432,000000088432.jpg,480x640,1,0.994014,0,0,FP,yolov8l_bsz4.ms,109.50,125.50,235.00,0.500,Idle,5.26,8.63,351.29,4629.00,11499.37,481.40,,0,100,37.00,-112,4420888,-495139.46,3,fused
121242,000000121242.jpg,640x429,1,0.993911,1,1,TP,yolov8l_bsz4.ms,109.50,125.50,235.00,0.500,Idle,5.26,8.63,351.29,4629.00,11499.37,481.40,,0,100,37.00,-112,4420888,-495139.46,3,fused
313562,000000313562.jpg,640x480,1,0.993852,1,1,TP,yolov8l_bsz4.ms,109.50,125.50,235.00,0.500,Idle,5.26,8.63,351.29,4629.00,11499.37,481.40,,0,100,37.00,-112,4420888,-495139.46,3,fused
476514,000000476514.jpg,426x640,1,0.993843,1,1,TP,yolov8l_bsz4.ms,107.00,129.75,236.75,0.500,Idle,5.27,8.86,296.09,4684.00,11499.37,535.85,,0,100,37.00,-66,4422603,-291891.80,3,fused
534270,000000534270.jpg,521x421,1,0.993830,1,1,TP,yolov8l_bsz4.ms,107.00,129.75,236.75,0.500,Idle,5.27,8.86,296.09,4684.00,11499.37,535.85,,0,100,37.00,-66,4422603,-291891.80,3,fused
4765,000000004765.jpg,612x612,1,0.993758,1,1,TP,yolov8l_bsz4.ms,107.00,129.75,236.75,0.500,Idle,5.27,8.86,296.09,4684.00,11499.37,535.85,,0,100,37.00,-66,4422603,-291891.80,3,fused
18837,000000018837.jpg,640x480,1,0.993746,1,1,TP,yolov8l_bsz4.ms,107.00,129.75,236.75,0.500,Idle,5.27,8.86,296.09,4684.00,11499.37,535.85,,0,100,37.00,-66,4422603,-291891.80,3,fused
356248,000000356248.jpg,478x640,1,0.993736,1,1,TP,yolov8l_bsz4.ms,109.25,104.75,214.00,0.500,Idle,5.19,8.86,374.17,4606.00,11499.37,457.88,,0,100,37.00,-60,4422737,-265364.22,3,fused
362520,000000362520.jpg,424x640,1,0.993735,1,1,TP,yolov8l_bsz4.ms,109.25,104.75,214.00,0.500,Idle,5.19,8.86,374.17,4606.00,11499.37,457.88,,0,100,37.00,-60,4422737,-265364.22,3,fused
263679,000000263679.jpg,640x428,1,0.993691,1,1,TP,yolov8l_bsz4.ms,109.25,104.75,214.00,0.500,Idle,5.19,8.86,374.17,4606.00,11499.37,457.88,,0,100,37.00,-60,4422737,-265364.22,3,fused
498807,000000498807.jpg,640x426,1,0.993593,1,1,TP,yolov8l_bsz4.ms,109.25,104.75,214.00,0.500,Idle,5.19,8.86,374.17,4606.00,11499.37,457.88,,0,100,37.00,-60,4422737,-265364.22,3,fused
193743,000000193743.jpg,427x640,1,0.993552,1,1,TP,yolov8l_bsz4.ms,111.75,107.50,219.25,0.500,Idle,5.24,8.86,368.84,4611.00,11499.37,461.88,,0,100,37.00,-65,4422531,-287464.52,3,fused
328430,000000328430.jpg,433x640,1,0.993543,1,1,TP,yolov8l_bsz4.ms,111.75,107.50,219.25,0.500,Idle,5.24,8.86,368.84,4611.00,11499.37,461.88,,0,100,37.00,-65,4422531,-287464.52,3,fused
296649,000000296649.jpg,640x427,1,0.993537,1,1,TP,yolov8l_bsz4.ms,111.75,107.50,219.25,0.500,Idle,5.24,8.86,368.84,4611.00,11499.37,461.88,,0,100,37.00,-65,4422531,-287464.52,3,fused
191672,000000191672.jpg,640x428,1,0.993457,1,1,TP,yolov8l_bsz4.ms,111.75,107.50,219.25,0.500,Idle,5.24,8.86,368.84,4611.00,11499.37,461.88,,0,100,37.00,-65,4422531,-287464.52,3,fused
314177,000000314177.jpg,481x640,1,0.993425,1,1,TP,yolov8l_bsz4.ms,109.00,115.25,224.25,0.500,Idle,5.25,9.00,368.66,4611.00,11499.37,461.44,,0,100,37.00,-64,4422569,-283044.42,3,fused
413552,000000413552.jpg,426x640,1,0.993414,1,1,TP,yolov8l_bsz4.ms,109.00,115.25,224.25,0.500,Idle,5.25,9.00,368.66,4611.00,11499.37,461.44,,0,100,37.00,-64,4422569,-283044.42,3,fused
470952,000000470952.jpg,428x640,1,0.993407,1,1,TP,yolov8l_bsz4.ms,109.00,115.25,224.25,0.500,Idle,5.25,9.00,368.66,4611.00,11499.37,461.44,,0,100,37.00,-64,4422569,-283044.42,3,fused
133819,000000133819.jpg,640x425,1,0.993316,1,1,TP,yolov8l_bsz4.ms,109.00,115.25,224.25,0.500,Idle,5.25,9.00,368.66,4611.00,11499.37,461.44,,0,100,37.00,-64,4422569,-283044.42,3,fused
39480,000000039480.jpg,640x427,1,0.993276,1,1,TP,yolov8l_bsz4.ms,108.25,121.00,229.25,0.500,Idle,8.43,9.00,292.61,4685.00,11499.37,535.29,,0,100,37.00,-67,4422485,-296306.49,3,fused
406997,000000406997.jpg,640x480,1,0.993205,1,1,TP,yolov8l_bsz4.ms,108.25,121.00,229.25,0.500,Idle,8.43,9.00,292.61,4685.00,11499.37,535.29,,0,100,37.00,-67,4422485,-296306.49,3,fused
286523,000000286523.jpg,640x514,1,0.993160,1,1,TP,yolov8l_bsz4.ms,108.25,121.00,229.25,0.500,Idle,8.43,9.00,292.61,4685.00,11499.37,535.29,,0,100,37.00,-67,4422485,-296306.49,3,fused
252294,000000252294.jpg,375x500,1,0.993147,1,1,TP,yolov8l_bsz4.ms,108.25,121.00,229.25,0.500,Idle,8.43,9.00,292.61,4685.00,11499.37,535.29,,0,100,37.00,-67,4422485,-296306.49,3,fused
31093,000000031093.jpg,640x426,1,0.993136,1,1,TP,yolov8l_bsz4.ms,108.50,96.25,204.75,0.500,Idle,5.68,11.42,373.58,4605.00,11499.37,454.05,,0,100,37.00,-103,4421027,-455365.78,3,fused
223182,000000223182.jpg,640x538,1,0.993023,1,1,TP,yolov8l_bsz4.ms,108.50,96.25,204.75,0.500,Idle,5.68,11.42,373.58,4605.00,11499.37,454.05,,0,100,37.00,-103,4421027,-455365.78,3,fused
142472,000000142472.jpg,640x480,1,0.993016,1,1,TP,yolov8l_bsz4.ms,108.50,96.25,204.75,0.500,Idle,5.68,11.42,373.58,4605.00,11499.37,454.05,,0,100,37.00,-103,4421027,-455365.78,3,fused
119516,000000119516.jpg,640x427,1,0.993014,1,1,TP,yolov8l_bsz4.ms,108.50,96.25,204.75,0.500,Idle,5.68,11.42,373.58,4605.00,11499.37,454.05,,0,100,37.00,-103,4421027,-455365.78,3,fused
251572,000000251572.jpg,640x426,1,0.993012,1,1,TP,yolov8l_bsz4.ms,109.75,83.25,193.00,0.500,Idle,5.24,11.42,374.15,4604.00,11499.37,452.54,,0,100,37.00,-65,4422456,-287459.64,3,fused
397279,000000397279.jpg,640x427,1,0.992990,1,1,TP,yolov8l_bsz4.ms,109.75,83.25,193.00,0.500,Idle,5.24,11.42,374.15,4604.00,11499.37,452.54,,0,100,37.00,-65,4422456,-287459.64,3,fused
476119,000000476119.jpg,640x427,1,0.992980,1,1,TP,yolov8l_bsz4.ms,109.75,83.25,193.00,0.500,Idle,5.24,11.42,374.15,4604.00,11499.37,452.54,,0,100,37.00,-65,4422456,-287459.64,3,fused
84270,000000084270.jpg,640x480,1,0.992971,1,1,TP,yolov8l_bsz4.ms,109.75,83.25,193.00,0.500,Idle,5.24,11.42,374.15,4604.00,11499.37,452.54,,0,100,37.00,-65,4422456,-287459.64,3,fused
431693,000000431693.jpg,640x426,1,0.992918,1,1,TP,yolov8l_bsz4.ms,108.00,108.75,216.75,0.500,Idle,5.26,11.42,369.04,4609.00,11499.37,457.11,,0,100,37.00,-69,4422270,-305136.63,3,fused
435081,000000435081.jpg,500x500,1,0.992903,0,0,FP,yolov8l_bsz4.ms,108.00,108.75,216.75,0.500,Idle,5.26,11.42,369.04,4609.00,11499.37,457.11,,0,100,37.00,-69,4422270,-305136.63,3,fused
488710,000000488710.jpg,500x400,1,0.992868,1,1,TP,yolov8l_bsz4.ms,108.00,108.75,216.75,0.500,Idle,5.26,11.42,369.04,4609.00,11499.37,457.11,,0,100,37.00,-69,4422270,-305136.63,3,fused
443426,000000443426.jpg,480x640,1,0.992811,1,1,TP,yolov8l_bsz4.ms,108.00,108.75,216.75,0.500,Idle,5.26,11.42,369.04,4609.00,11499.37,457.11,,0,100,37.00,-69,4422270,-305136.63,3,fused
145020,000000145020.jpg,640x361,1,0.992740,1,1,TP,yolov8l_bsz4.ms,106.25,102.75,209.00,0.500,Idle,5.30,9.23,294.77,4683.00,11499.37,530.43,,0,100,37.00,-66,4422411,-291879.13,3,fused
338304,000000338304.jpg,425x640,1,0.992647,1,1,TP,yolov8l_bsz4.ms,106.25,102.75,209.00,0.500,Idle,5.30,9.23,294.77,4683.00,11499.37,530.43,,0,100,37.00,-66,4422411,-291879.13,3,fused
215259,000000215259.jpg,336x500,1,0.992594,1,1,TP,yolov8l_bsz4.ms,106.25,102.75,209.00,0.500,Idle,5.30,9.23,294.77,4683.00,11499.37,530.43,,0,100,37.00,-66,4422411,-291879.13,3,fused
308394,000000308394.jpg,640x428,1,0.992587,1,1,TP,yolov8l_bsz4.ms,106.25,102.75,209.00,0.500,Idle,5.30,9.23,294.77,4683.00,11499.37,530.43,,0,100,37.00,-66,4422411,-291879.13,3,fused
380711,000000380711.jpg,612x612,1,0.992585,1,1,TP,yolov8l_bsz4.ms,109.25,120.00,229.25,0.500,Idle,5.23,9.23,373.83,4604.00,11499.37,450.65,,0,100,37.00,-67,4422485,-296306.49,3,fused
181666,000000181666.jpg,640x425,1,0.992541,1,1,TP,yolov8l_bsz4.ms,109.25,120.00,229.25,0.500,Idle,5.23,9.23,373.83,4604.00,11499.37,450.65,,0,100,37.00,-67,4422485,-296306.49,3,fused
433103,000000433103.jpg,640x425,1,0.992524,1,1,TP,yolov8l_bsz4.ms,109.25,120.00,229.25,0.500,Idle,5.23,9.23,373.83,4604.00,11499.37,450.65,,0,100,37.00,-67,4422485,-296306.49,3,fused
50638,000000050638.jpg,640x393,1,0.992442,1,1,TP,yolov8l_bsz4.ms,109.25,120.00,229.25,0.500,Idle,5.23,9.23,373.83,4604.00,11499.37,450.65,,0,100,37.00,-67,4422485,-296306.49,3,fused
7511,000000007511.jpg,640x480,1,0.992346,1,1,TP,yolov8l_bsz4.ms,109.00,107.75,216.75,0.500,Idle,5.23,9.15,371.69,4606.00,11499.37,452.02,,0,100,37.00,-77,4422565,-340537.51,3,fused
259597,000000259597.jpg,640x312,1,0.992345,1,1,TP,yolov8l_bsz4.ms,109.00,107.75,216.75,0.500,Idle,5.23,9.15,371.69,4606.00,11499.37,452.02,,0,100,37.00,-77,4422565,-340537.51,3,fused
96427,000000096427.jpg,640x427,1,0.992330,1,1,TP,yolov8l_bsz4.ms,109.00,107.75,216.75,0.500,Idle,5.23,9.15,371.69,4606.00,11499.37,452.02,,0,100,37.00,-77,4422565,-340537.51,3,fused
511647,000000511647.jpg,640x480,1,0.992291,1,1,TP,yolov8l_bsz4.ms,109.00,107.75,216.75,0.500,Idle,5.23,9.15,371.69,4606.00,11499.37,452.02,,0,100,37.00,-77,4422565,-340537.51,3,fused
111609,000000111609.jpg,640x429,1,0.992290,1,1,TP,yolov8l_bsz4.ms,113.25,119.75,233.00,0.500,Idle,5.28,9.15,351.08,4626.00,11499.37,471.82,,0,100,37.00,-66,4422401,-291878.47,3,fused
450303,000000450303.jpg,640x480,1,0.992160,1,1,TP,yolov8l_bsz4.ms,113.25,119.75,233.00,0.500,Idle,5.28,9.15,351.08,4626.00,11499.37,471.82,,0,100,37.00,-66,4422401,-291878.47,3,fused
9891,000000009891.jpg,640x480,1,0.992124,1,1,TP,yolov8l_bsz4.ms,113.25,119.75,233.00,0.500,Idle,5.28,9.15,351.08,4626.00,11499.37,471.82,,0,100,37.00,-66,4422401,-291878.47,3,fused
430073,000000430073.jpg,640x480,1,0.992102,1,1,TP,yolov8l_bsz4.ms,113.25,119.75,233.00,0.500,Idle,5.28,9.15,351.08,4626.00,11499.37,471.82,,0,100,37.00,-66,4422401,-291878.47,3,fused
365745,000000365745.jpg,640x480,1,0.992054,1,1,TP,yolov8l_bsz4.ms,108.25,111.00,219.25,0.500,Idle,5.22,9.18,296.50,4680.00,11499.37,524.79,,0,100,37.00,-66,4422394,-291878.00,3,fused
369037,000000369037.jpg,425x640,1,0.991990,1,1,TP,yolov8l_bsz4.ms,108.25,111.00,219.25,0.500,Idle,5.22,9.18,296.50,4680.00,11499.37,524.79,,0,100,37.00,-66,4422394,-291878.00,3,fused
523100,000000523100.jpg,480x640,1,0.991932,1,1,TP,yolov8l_bsz4.ms,108.25,111.00,219.25,0.500,Idle,5.22,9.18,296.50,4680.00,11499.37,524.79,,0,100,37.00,-66,4422394,-291878.00,3,fused
131556,000000131556.jpg,640x425,1,0.991751,1,1,TP,yolov8l_bsz4.ms,108.25,111.00,219.25,0.500,Idle,5.22,9.18,296.50,4680.00,11499.37,524.79,,0,100,37.00,-66,4422394,-291878.00,3,fused
23034,000000023034.jpg,640x427,1,0.991670,1,1,TP,yolov8l_bsz4.ms,109.25,109.25,218.50,0.500,Idle,5.16,9.18,372.89,4603.00,11499.37,448.21,,0,100,37.00,-62,4422558,-274198.60,3,fused
347265,000000347265.jpg,427x640,1,0.991644,1,1,TP,yolov8l_bsz4.ms,109.25,109.25,218.50,0.500,Idle,5.16,9.18,372.89,4603.00,11499.37,448.21,,0,100,37.00,-62,4422558,-274198.60,3,fused
147729,000000147729.jpg,500x375,1,0.991623,1,1,TP,yolov8l_bsz4.ms,109.25,109.25,218.50,0.500,Idle,5.16,9.18,372.89,4603.00,11499.37,448.21,,0,100,37.00,-62,4422558,-274198.60,3,fused
23359,000000023359.jpg,640x428,1,0.991562,1,1,TP,yolov8l_bsz4.ms,109.25,109.25,218.50,0.500,Idle,5.16,9.18,372.89,4603.00,11499.37,448.21,,0,100,37.00,-62,4422558,-274198.60,3,fused
546823,000000546823.jpg,640x480,1,0.991559,1,1,TP,yolov8l_bsz4.ms,110.75,116.75,227.50,0.500,Idle,5.18,9.18,371.82,4604.00,11499.37,448.62,,0,100,37.00,-64,4422535,-283042.24,3,fused
335328,000000335328.jpg,512x640,1,0.991486,1,1,TP,yolov8l_bsz4.ms,110.75,116.75,227.50,0.500,Idle,5.18,9.18,371.82,4604.00,11499.37,448.62,,0,100,37.00,-64,4422535,-283042.24,3,fused
378244,000000378244.jpg,427x640,1,0.991297,1,1,TP,yolov8l_bsz4.ms,110.75,116.75,227.50,0.500,Idle,5.18,9.18,371.82,4604.00,11499.37,448.62,,0,100,37.00,-64,4422535,-283042.24,3,fused
307172,000000307172.jpg,640x425,1,0.991198,1,1,TP,yolov8l_bsz4.ms,110.75,116.75,227.50,0.500,Idle,5.18,9.18,371.82,4604.00,11499.37,448.62,,0,100,37.00,-64,4422535,-283042.24,3,fused
551820,000000551820.jpg,640x425,1,0.991185,1,1,TP,yolov8l_bsz4.ms,109.00,112.25,221.25,0.500,Idle,8.48,18.67,353.30,4622.00,11499.37,465.50,,0,100,37.00,-70,4422396,-309567.72,3,fused
182441,000000182441.jpg,640x399,1,0.991178,1,1,TP,yolov8l_bsz4.ms,109.00,112.25,221.25,0.500,Idle,8.48,18.67,353.30,4622.00,11499.37,465.50,,0,100,37.00,-70,4422396,-309567.72,3,fused
395388,000000395388.jpg,480x640,1,0.991129,1,1,TP,yolov8l_bsz4.ms,109.00,112.25,221.25,0.500,Idle,8.48,18.67,353.30,4622.00,11499.37,465.50,,0,100,37.00,-70,4422396,-309567.72,3,fused
565563,000000565563.jpg,640x480,1,0.991126,1,1,TP,yolov8l_bsz4.ms,109.00,112.25,221.25,0.500,Idle,8.48,18.67,353.30,4622.00,11499.37,465.50,,0,100,37.00,-70,4422396,-309567.72,3,fused
99182,000000099182.jpg,500x334,1,0.991111,1,1,TP,yolov8l_bsz4.ms,108.00,113.00,221.00,0.500,Idle,6.03,18.67,296.28,4679.00,11499.37,521.87,,0,100,37.00,-68,4422356,-300720.21,3,fused
577864,000000577864.jpg,640x426,1,0.991078,1,1,TP,yolov8l_bsz4.ms,108.00,113.00,221.00,0.500,Idle,6.03,18.67,296.28,4679.00,11499.37,521.87,,0,100,37.00,-68,4422356,-300720.21,3,fused
168974,000000168974.jpg,375x500,1,0.991065,1,1,TP,yolov8l_bsz4.ms,108.00,113.00,221.00,0.500,Idle,6.03,18.67,296.28,4679.00,11499.37,521.87,,0,100,37.00,-68,4422356,-300720.21,3,fused
291619,000000291619.jpg,640x427,1,0.991060,1,1,TP,yolov8l_bsz4.ms,108.00,113.00,221.00,0.500,Idle,6.03,18.67,296.28,4679.00,11499.37,521.87,,0,100,37.00,-68,4422356,-300720.21,3,fused
119365,000000119365.jpg,480x640,1,0.991013,1,1,TP,yolov8l_bsz4.ms,108.75,118.75,227.50,0.500,Idle,5.63,10.16,373.72,4602.00,11499.37,444.26,,0,100,37.00,-64,4422354,-283030.66,3,fused
580294,000000580294.jpg,640x443,1,0.990798,1,1,TP,yolov8l_bsz4.ms,108.75,118.75,227.50,0.500,Idle,5.63,10.16,373.72,4602.00,11499.37,444.26,,0,100,37.00,-64,4422354,-283030.66,3,fused
468505,000000468505.jpg,640x480,1,0.990734,1,1,TP,yolov8l_bsz4.ms,108.75,118.75,227.50,0.500,Idle,5.63,10.16,373.72,4602.00,11499.37,444.26,,0,100,37.00,-64,4422354,-283030.66,3,fused
341719,000000341719.jpg,640x480,1,0.990706,1,1,TP,yolov8l_bsz4.ms,108.75,118.75,227.50,0.500,Idle,5.63,10.16,373.72,4602.00,11499.37,444.26,,0,100,37.00,-64,4422354,-283030.66,3,fused
170116,000000170116.jpg,640x480,1,0.990695,1,1,TP,yolov8l_bsz4.ms,110.75,115.25,226.00,0.500,Idle,5.48,10.16,370.98,4604.00,11499.37,446.25,,0,100,37.00,-65,4422140,-287439.10,3,fused
563470,000000563470.jpg,640x427,1,0.990688,1,1,TP,yolov8l_bsz4.ms,110.75,115.25,226.00,0.500,Idle,5.48,10.16,370.98,4604.00,11499.37,446.25,,0,100,37.00,-65,4422140,-287439.10,3,fused
391375,000000391375.jpg,640x459,1,0.990632,1,1,TP,yolov8l_bsz4.ms,110.75,115.25,226.00,0.500,Idle,5.48,10.16,370.98,4604.00,11499.37,446.25,,0,100,37.00,-65,4422140,-287439.10,3,fused
455624,000000455624.jpg,640x427,1,0.990605,1,1,TP,yolov8l_bsz4.ms,110.75,115.25,226.00,0.500,Idle,5.48,10.16,370.98,4604.00,11499.37,446.25,,0,100,37.00,-65,4422140,-287439.10,3,fused
510095,000000510095.jpg,640x428,1,0.990563,1,1,TP,yolov8l_bsz4.ms,109.25,108.00,217.25,0.500,Idle,5.46,10.16,349.46,4626.00,11499.37,466.73,,0,100,37.00,-60,4422258,-265335.48,3,fused
39484,000000039484.jpg,640x437,1,0.990534,1,1,TP,yolov8l_bsz4.ms,109.25,108.00,217.25,0.500,Idle,5.46,10.16,349.46,4626.00,11499.37,466.73,,0,100,37.00,-60,4422258,-265335.48,3,fused
351530,000000351530.jpg,640x378,1,0.990438,1,1,TP,yolov8l_bsz4.ms,109.25,108.00,217.25,0.500,Idle,5.46,10.16,349.46,4626.00,11499.37,466.73,,0,100,37.00,-60,4422258,-265335.48,3,fused
473869,000000473869.jpg,640x427,1,0.990363,1,1,TP,yolov8l_bsz4.ms,109.25,108.00,217.25,0.500,Idle,5.46,10.16,349.46,4626.00,11499.37,466.73,,0,100,37.00,-60,4422258,-265335.48,3,fused
507667,000000507667.jpg,500x386,1,0.990354,1,1,TP,yolov8l_bsz4.ms,108.25,120.50,228.75,0.500,Idle,5.41,9.27,295.85,4678.00,11499.37,518.94,,0,100,37.00,-107,4420483,-472991.68,3,fused
513283,000000513283.jpg,640x520,1,0.990317,1,1,TP,yolov8l_bsz4.ms,108.25,120.50,228.75,0.500,Idle,5.41,9.27,295.85,4678.00,11499.37,518.94,,0,100,37.00,-107,4420483,-472991.68,3,fused
48564,000000048564.jpg,427x640,1,0.990166,1,1,TP,yolov8l_bsz4.ms,108.25,120.50,228.75,0.500,Idle,5.41,9.27,295.85,4678.00,11499.37,518.94,,0,100,37.00,-107,4420483,-472991.68,3,fused
177015,000000177015.jpg,640x480,1,0.990120,1,1,TP,yolov8l_bsz4.ms,108.25,120.50,228.75,0.500,Idle,5.41,9.27,295.85,4678.00,11499.37,518.94,,0,100,37.00,-107,4420483,-472991.68,3,fused
367680,000000367680.jpg,450x338,1,0.990023,1,1,TP,yolov8l_bsz4.ms,109.50,129.75,239.25,0.500,Idle,5.42,9.27,373.76,4601.00,11499.37,440.86,,0,100,37.00,-65,4421916,-287424.54,3,fused
7278,000000007278.jpg,640x482,1,0.990007,1,1,TP,yolov8l_bsz4.ms,109.50,129.75,239.25,0.500,Idle,5.42,9.27,373.76,4601.00,11499.37,440.86,,0,100,37.00,-65,4421916,-287424.54,3,fused
250137,000000250137.jpg,480x640,1,0.989892,1,1,TP,yolov8l_bsz4.ms,109.50,129.75,239.25,0.500,Idle,5.42,9.27,373.76,4601.00,11499.37,440.86,,0,100,37.00,-65,4421916,-287424.54,3,fused
32817,000000032817.jpg,480x640,1,0.989837,1,1,TP,yolov8l_bsz4.ms,109.50,129.75,239.25,0.500,Idle,5.42,9.27,373.76,4601.00,11499.37,440.86,,0,100,37.00,-65,4421916,-287424.54,3,fused
101068,000000101068.jpg,640x427,1,0.989745,1,1,TP,yolov8l_bsz4.ms,110.75,123.25,234.00,0.500,Idle,5.38,9.22,371.92,4601.00,11499.37,441.84,,0,100,37.00,-69,4421783,-305103.03,3,fused
197388,000000197388.jpg,640x392,1,0.989670,1,1,TP,yolov8l_bsz4.ms,110.75,123.25,234.00,0.500,Idle,5.38,9.22,371.92,4601.00,11499.37,441.84,,0,100,37.00,-69,4421783,-305103.03,3,fused
267169,000000267169.jpg,640x428,1,0.989587,1,1,TP,yolov8l_bsz4.ms,110.75,123.25,234.00,0.500,Idle,5.38,9.22,371.92,4601.00,11499.37,441.84,,0,100,37.00,-69,4421783,-305103.03,3,fused
170739,000000170739.jpg,640x514,1,0.989578,0,0,FP,yolov8l_bsz4.ms,110.75,123.25,234.00,0.500,Idle,5.38,9.22,371.92,4601.00,11499.37,441.84,,0,100,37.00,-69,4421783,-305103.03,3,fused
65455,000000065455.jpg,500x375,1,0.989562,1,1,TP,yolov8l_bsz4.ms,109.75,123.50,233.25,0.500,Idle,5.43,9.22,351.95,4622.00,11499.37,461.14,,0,100,37.00,-69,4421424,-305078.26,3,fused
505789,000000505789.jpg,480x640,1,0.989538,1,1,TP,yolov8l_bsz4.ms,109.75,123.50,233.25,0.500,Idle,5.43,9.22,351.95,4622.00,11499.37,461.14,,0,100,37.00,-69,4421424,-305078.26,3,fused
117197,000000117197.jpg,640x466,1,0.989511,1,1,TP,yolov8l_bsz4.ms,109.75,123.50,233.25,0.500,Idle,5.43,9.22,351.95,4622.00,11499.37,461.14,,0,100,37.00,-69,4421424,-305078.26,3,fused
492968,000000492968.jpg,640x425,1,0.989422,1,1,TP,yolov8l_bsz4.ms,109.75,123.50,233.25,0.500,Idle,5.43,9.22,351.95,4622.00,11499.37,461.14,,0,100,37.00,-69,4421424,-305078.26,3,fused
161978,000000161978.jpg,640x433,1,0.989357,1,1,TP,yolov8l_bsz4.ms,108.00,106.75,214.75,0.500,Idle,5.43,9.44,293.79,4680.00,11499.37,517.94,,0,100,37.00,-67,4421470,-296238.49,3,fused
73946,000000073946.jpg,640x428,1,0.989320,1,1,TP,yolov8l_bsz4.ms,108.00,106.75,214.75,0.500,Idle,5.43,9.44,293.79,4680.00,11499.37,517.94,,0,100,37.00,-67,4421470,-296238.49,3,fused
356428,000000356428.jpg,500x281,1,0.989275,1,1,TP,yolov8l_bsz4.ms,108.00,106.75,214.75,0.500,Idle,5.43,9.44,293.79,4680.00,11499.37,517.94,,0,100,37.00,-67,4421470,-296238.49,3,fused
281032,000000281032.jpg,640x427,1,0.989176,1,1,TP,yolov8l_bsz4.ms,108.00,106.75,214.75,0.500,Idle,5.43,9.44,293.79,4680.00,11499.37,517.94,,0,100,37.00,-67,4421470,-296238.49,3,fused
467511,000000467511.jpg,416x640,1,0.989067,1,1,TP,yolov8l_bsz4.ms,109.00,127.25,236.25,0.500,Idle,5.37,9.44,371.92,4601.00,11499.37,439.28,,0,100,37.00,-62,4421681,-274144.22,3,fused
484893,000000484893.jpg,640x428,1,0.989039,1,1,TP,yolov8l_bsz4.ms,109.00,127.25,236.25,0.500,Idle,5.37,9.44,371.92,4601.00,11499.37,439.28,,0,100,37.00,-62,4421681,-274144.22,3,fused
110042,000000110042.jpg,425x640,1,0.988972,1,1,TP,yolov8l_bsz4.ms,109.00,127.25,236.25,0.500,Idle,5.37,9.44,371.92,4601.00,11499.37,439.28,,0,100,37.00,-62,4421681,-274144.22,3,fused
276024,000000276024.jpg,640x480,1,0.988951,1,1,TP,yolov8l_bsz4.ms,109.00,127.25,236.25,0.500,Idle,5.37,9.44,371.92,4601.00,11499.37,439.28,,0,100,37.00,-62,4421681,-274144.22,3,fused
381971,000000381971.jpg,640x427,1,0.988898,1,1,TP,yolov8l_bsz4.ms,109.75,103.75,213.50,0.500,Idle,5.12,9.77,370.35,4603.00,11499.37,439.68,,0,100,37.00,-65,4421560,-287401.40,3,fused
364102,000000364102.jpg,640x398,1,0.988894,1,1,TP,yolov8l_bsz4.ms,109.75,103.75,213.50,0.500,Idle,5.12,9.77,370.35,4603.00,11499.37,439.68,,0,100,37.00,-65,4421560,-287401.40,3,fused
26204,000000026204.jpg,640x427,1,0.988877,1,1,TP,yolov8l_bsz4.ms,109.75,103.75,213.50,0.500,Idle,5.12,9.77,370.35,4603.00,11499.37,439.68,,0,100,37.00,-65,4421560,-287401.40,3,fused
565624,000000565624.jpg,640x375,1,0.988814,0,0,FP,yolov8l_bsz4.ms,109.75,103.75,213.50,0.500,Idle,5.12,9.77,370.35,4603.00,11499.37,439.68,,0,100,37.00,-65,4421560,-287401.40,3,fused
490936,000000490936.jpg,480x640,1,0.988756,1,1,TP,yolov8l_bsz4.ms,109.00,137.25,246.25,0.500,Idle,5.67,9.77,352.25,4621.00,11499.37,456.91,,0,100,37.00,-91,4420412,-402257.49,3,fused
439426,000000439426.jpg,640x480,1,0.988643,1,1,TP,yolov8l_bsz4.ms,109.00,137.25,246.25,0.500,Idle,5.67,9.77,352.25,4621.00,11499.37,456.91,,0,100,37.00,-91,4420412,-402257.49,3,fused
408696,000000408696.jpg,640x480,1,0.988620,1,1,TP,yolov8l_bsz4.ms,109.00,137.25,246.25,0.500,Idle,5.67,9.77,352.25,4621.00,11499.37,456.91,,0,100,37.00,-91,4420412,-402257.49,3,fused
464824,000000464824.jpg,480x640,1,0.988575,1,1,TP,yolov8l_bsz4.ms,109.00,137.25,246.25,0.500,Idle,5.67,9.77,352.25,4621.00,11499.37,456.91,,0,100,37.00,-91,4420412,-402257.49,3,fused
331817,000000331817.jpg,640x480,1,0.988531,1,1,TP,yolov8l_bsz4.ms,107.75,126.25,234.00,0.500,Idle,5.52,9.18,295.87,4677.00,11499.37,512.41,,0,100,37.00,-67,4421377,-296232.26,3,fused
401446,000000401446.jpg,640x480,1,0.988501,1,1,TP,yolov8l_bsz4.ms,107.75,126.25,234.00,0.500,Idle,5.52,9.18,295.87,4677.00,11499.37,512.41,,0,100,37.00,-67,4421377,-296232.26,3,fused
158744,000000158744.jpg,640x424,1,0.988379,1,1,TP,yolov8l_bsz4.ms,107.75,126.25,234.00,0.500,Idle,5.52,9.18,295.87,4677.00,11499.37,512.41,,0,100,37.00,-67,4421377,-296232.26,3,fused
453040,000000453040.jpg,480x640,1,0.988363,0,0,FP,yolov8l_bsz4.ms,107.75,126.25,234.00,0.500,Idle,5.52,9.18,295.87,4677.00,11499.37,512.41,,0,100,37.00,-67,4421377,-296232.26,3,fused
118367,000000118367.jpg,640x427,1,0.988273,1,1,TP,yolov8l_bsz4.ms,109.50,119.75,229.25,0.500,Idle,5.38,9.18,373.57,4599.00,11499.37,434.13,,0,100,37.00,-92,4420682,-406702.74,3,fused
414510,000000414510.jpg,480x640,1,0.988258,1,1,TP,yolov8l_bsz4.ms,109.50,119.75,229.25,0.500,Idle,5.38,9.18,373.57,4599.00,11499.37,434.13,,0,100,37.00,-92,4420682,-406702.74,3,fused
45070,000000045070.jpg,640x596,1,0.988199,1,1,TP,yolov8l_bsz4.ms,109.50,119.75,229.25,0.500,Idle,5.38,9.18,373.57,4599.00,11499.37,434.13,,0,100,37.00,-92,4420682,-406702.74,3,fused
373705,000000373705.jpg,640x427,1,0.988179,1,1,TP,yolov8l_bsz4.ms,109.50,119.75,229.25,0.500,Idle,5.38,9.18,373.57,4599.00,11499.37,434.13,,0,100,37.00,-92,4420682,-406702.74,3,fused
376264,000000376264.jpg,640x481,1,0.988139,0,0,FP,yolov8l_bsz4.ms,110.00,124.50,234.50,0.500,Idle,5.45,9.18,370.73,4601.00,11499.37,435.81,,0,100,37.00,-70,4421295,-309490.65,3,fused
520659,000000520659.jpg,640x480,1,0.988105,1,1,TP,yolov8l_bsz4.ms,110.00,124.50,234.50,0.500,Idle,5.45,9.18,370.73,4601.00,11499.37,435.81,,0,100,37.00,-70,4421295,-309490.65,3,fused
20333,000000020333.jpg,427x640,1,0.987982,1,1,TP,yolov8l_bsz4.ms,110.00,124.50,234.50,0.500,Idle,5.45,9.18,370.73,4601.00,11499.37,435.81,,0,100,37.00,-70,4421295,-309490.65,3,fused
289415,000000289415.jpg,640x428,1,0.987933,1,1,TP,yolov8l_bsz4.ms,110.00,124.50,234.50,0.500,Idle,5.45,9.18,370.73,4601.00,11499.37,435.81,,0,100,37.00,-70,4421295,-309490.65,3,fused
210388,000000210388.jpg,640x426,1,0.987881,1,1,TP,yolov8l_bsz4.ms,109.00,108.75,217.75,0.500,Idle,5.42,8.98,350.68,4622.00,11499.37,455.63,,0,100,37.00,-86,4419983,-380118.54,3,fused
291634,000000291634.jpg,433x640,1,0.987826,1,1,TP,yolov8l_bsz4.ms,109.00,108.75,217.75,0.500,Idle,5.42,8.98,350.68,4622.00,11499.37,455.63,,0,100,37.00,-86,4419983,-380118.54,3,fused
133418,000000133418.jpg,640x427,1,0.987801,1,1,TP,yolov8l_bsz4.ms,109.00,108.75,217.75,0.500,Idle,5.42,8.98,350.68,4622.00,11499.37,455.63,,0,100,37.00,-86,4419983,-380118.54,3,fused
342367,000000342367.jpg,640x480,1,0.987798,1,1,TP,yolov8l_bsz4.ms,109.00,108.75,217.75,0.500,Idle,5.42,8.98,350.68,4622.00,11499.37,455.63,,0,100,37.00,-86,4419983,-380118.54,3,fused
246968,000000246968.jpg,640x428,1,0.987531,1,1,TP,yolov8l_bsz4.ms,108.25,115.00,223.25,0.500,Idle,5.38,8.98,295.78,4676.00,11499.37,509.85,,0,100,37.00,-70,4420925,-309464.75,3,fused
563702,000000563702.jpg,640x427,1,0.987454,1,1,TP,yolov8l_bsz4.ms,108.25,115.00,223.25,0.500,Idle,5.38,8.98,295.78,4676.00,11499.37,509.85,,0,100,37.00,-70,4420925,-309464.75,3,fused
574297,000000574297.jpg,640x427,1,0.987428,1,1,TP,yolov8l_bsz4.ms,108.25,115.00,223.25,0.500,Idle,5.38,8.98,295.78,4676.00,11499.37,509.85,,0,100,37.00,-70,4420925,-309464.75,3,fused
119641,000000119641.jpg,640x480,1,0.987336,1,1,TP,yolov8l_bsz4.ms,108.25,115.00,223.25,0.500,Idle,5.38,8.98,295.78,4676.00,11499.37,509.85,,0,100,37.00,-70,4420925,-309464.75,3,fused
109992,000000109992.jpg,640x426,1,0.987217,1,1,TP,yolov8l_bsz4.ms,109.50,120.00,229.50,0.500,Idle,5.32,8.86,373.97,4598.00,11499.37,430.86,,0,100,37.00,-62,4421335,-274122.77,3,fused
343149,000000343149.jpg,480x640,1,0.987054,1,1,TP,yolov8l_bsz4.ms,109.50,120.00,229.50,0.500,Idle,5.32,8.86,373.97,4598.00,11499.37,430.86,,0,100,37.00,-62,4421335,-274122.77,3,fused
4395,000000004395.jpg,425x640,1,0.986986,1,1,TP,yolov8l_bsz4.ms,109.50,120.00,229.50,0.500,Idle,5.32,8.86,373.97,4598.00,11499.37,430.86,,0,100,37.00,-62,4421335,-274122.77,3,fused
57232,000000057232.jpg,612x612,1,0.986960,0,0,FP,yolov8l_bsz4.ms,109.50,120.00,229.50,0.500,Idle,5.32,8.86,373.97,4598.00,11499.37,430.86,,0,100,37.00,-62,4421335,-274122.77,3,fused
309484,000000309484.jpg,533x640,1,0.986949,1,1,TP,yolov8l_bsz4.ms,110.50,123.00,233.50,0.500,Idle,5.30,8.86,373.79,4597.00,11499.37,429.58,,0,100,37.00,-72,4420588,-318282.34,3,fused
535858,000000535858.jpg,640x426,1,0.986947,1,1,TP,yolov8l_bsz4.ms,110.50,123.00,233.50,0.500,Idle,5.30,8.86,373.79,4597.00,11499.37,429.58,,0,100,37.00,-72,4420588,-318282.34,3,fused
96825,000000096825.jpg,640x503,1,0.986937,1,1,TP,yolov8l_bsz4.ms,110.50,123.00,233.50,0.500,Idle,5.30,8.86,373.79,4597.00,11499.37,429.58,,0,100,37.00,-72,4420588,-318282.34,3,fused
286182,000000286182.jpg,478x640,1,0.986931,1,1,TP,yolov8l_bsz4.ms,110.50,123.00,233.50,0.500,Idle,5.30,8.86,373.79,4597.00,11499.37,429.58,,0,100,37.00,-72,4420588,-318282.34,3,fused
171788,000000171788.jpg,427x640,1,0.986825,1,1,TP,yolov8l_bsz4.ms,109.75,124.00,233.75,0.500,Idle,5.30,8.97,354.42,4617.00,11499.37,448.56,,0,100,37.00,-68,4421005,-300628.34,3,fused
364884,000000364884.jpg,500x354,1,0.986738,1,1,TP,yolov8l_bsz4.ms,109.75,124.00,233.75,0.500,Idle,5.30,8.97,354.42,4617.00,11499.37,448.56,,0,100,37.00,-68,4421005,-300628.34,3,fused
47571,000000047571.jpg,639x640,1,0.986717,1,1,TP,yolov8l_bsz4.ms,109.75,124.00,233.75,0.500,Idle,5.30,8.97,354.42,4617.00,11499.37,448.56,,0,100,37.00,-68,4421005,-300628.34,3,fused
455937,000000455937.jpg,640x480,1,0.986712,1,1,TP,yolov8l_bsz4.ms,109.75,124.00,233.75,0.500,Idle,5.30,8.97,354.42,4617.00,11499.37,448.56,,0,100,37.00,-68,4421005,-300628.34,3,fused
207844,000000207844.jpg,640x480,1,0.986625,1,1,TP,yolov8l_bsz4.ms,108.00,117.00,225.00,0.500,Idle,9.33,8.97,298.99,4672.00,11499.37,502.81,,0,100,37.00,-110,4419736,-486170.96,3,fused
510329,000000510329.jpg,640x480,1,0.986476,1,1,TP,yolov8l_bsz4.ms,108.00,117.00,225.00,0.500,Idle,9.33,8.97,298.99,4672.00,11499.37,502.81,,0,100,37.00,-110,4419736,-486170.96,3,fused
529939,000000529939.jpg,640x480,1,0.986379,1,1,TP,yolov8l_bsz4.ms,108.00,117.00,225.00,0.500,Idle,9.33,8.97,298.99,4672.00,11499.37,502.81,,0,100,37.00,-110,4419736,-486170.96,3,fused
349594,000000349594.jpg,424x500,1,0.986364,1,1,TP,yolov8l_bsz4.ms,108.00,117.00,225.00,0.500,Idle,9.33,8.97,298.99,4672.00,11499.37,502.81,,0,100,37.00,-110,4419736,-486170.96,3,fused
107094,000000107094.jpg,640x426,1,0.986339,1,1,TP,yolov8l_bsz4.ms,109.25,103.00,212.25,0.500,Idle,6.26,8.97,373.35,4598.00,11499.37,428.57,,0,100,37.00,-65,4421216,-287379.04,3,fused
249786,000000249786.jpg,640x428,1,0.986282,1,1,TP,yolov8l_bsz4.ms,109.25,103.00,212.25,0.500,Idle,6.26,8.97,373.35,4598.00,11499.37,428.57,,0,100,37.00,-65,4421216,-287379.04,3,fused
463690,000000463690.jpg,640x427,1,0.986266,1,1,TP,yolov8l_bsz4.ms,109.25,103.00,212.25,0.500,Idle,6.26,8.97,373.35,4598.00,11499.37,428.57,,0,100,37.00,-65,4421216,-287379.04,3,fused
15660,000000015660.jpg,640x348,1,0.986139,1,1,TP,yolov8l_bsz4.ms,109.25,103.00,212.25,0.500,Idle,6.26,8.97,373.35,4598.00,11499.37,428.57,,0,100,37.00,-65,4421216,-287379.04,3,fused
80932,000000080932.jpg,480x640,1,0.985956,1,1,TP,yolov8l_bsz4.ms,109.75,123.50,233.25,0.500,Idle,5.91,9.11,372.40,4598.00,11499.37,428.59,,0,100,37.00,-66,4421145,-291795.57,3,fused
82715,000000082715.jpg,640x427,1,0.985938,1,1,TP,yolov8l_bsz4.ms,109.75,123.50,233.25,0.500,Idle,5.91,9.11,372.40,4598.00,11499.37,428.59,,0,100,37.00,-66,4421145,-291795.57,3,fused
179141,000000179141.jpg,640x480,1,0.985915,1,1,TP,yolov8l_bsz4.ms,109.75,123.50,233.25,0.500,Idle,5.91,9.11,372.40,4598.00,11499.37,428.59,,0,100,37.00,-66,4421145,-291795.57,3,fused
17905,000000017905.jpg,480x640,1,0.985853,1,1,TP,yolov8l_bsz4.ms,109.75,123.50,233.25,0.500,Idle,5.91,9.11,372.40,4598.00,11499.37,428.59,,0,100,37.00,-66,4421145,-291795.57,3,fused
276804,000000276804.jpg,512x640,1,0.985652,1,1,TP,yolov8l_bsz4.ms,109.25,102.50,211.75,0.500,Idle,5.80,9.11,349.74,4620.00,11499.37,450.10,,0,100,37.00,-119,4418673,-525822.09,3,fused
128476,000000128476.jpg,640x427,1,0.985447,1,1,TP,yolov8l_bsz4.ms,109.25,102.50,211.75,0.500,Idle,5.80,9.11,349.74,4620.00,11499.37,450.10,,0,100,37.00,-119,4418673,-525822.09,3,fused
184978,000000184978.jpg,480x640,1,0.985432,1,1,TP,yolov8l_bsz4.ms,109.25,102.50,211.75,0.500,Idle,5.80,9.11,349.74,4620.00,11499.37,450.10,,0,100,37.00,-119,4418673,-525822.09,3,fused
321333,000000321333.jpg,640x397,1,0.985321,1,1,TP,yolov8l_bsz4.ms,109.25,102.50,211.75,0.500,Idle,5.80,9.11,349.74,4620.00,11499.37,450.10,,0,100,37.00,-119,4418673,-525822.09,3,fused
206411,000000206411.jpg,640x480,1,0.985280,1,1,TP,yolov8l_bsz4.ms,112.25,120.25,232.50,0.500,Idle,5.68,10.89,300.61,4634.00,11499.37,462.79,,0,100,37.00,-68,4420818,-300615.62,3,fused
172571,000000172571.jpg,640x361,1,0.985216,1,1,TP,yolov8l_bsz4.ms,112.25,120.25,232.50,0.500,Idle,5.68,10.89,300.61,4634.00,11499.37,462.79,,0,100,37.00,-68,4420818,-300615.62,3,fused
173830,000000173830.jpg,593x640,1,0.985183,1,1,TP,yolov8l_bsz4.ms,112.25,120.25,232.50,0.500,Idle,5.68,10.89,300.61,4634.00,11499.37,462.79,,0,100,37.00,-68,4420818,-300615.62,3,fused
125129,000000125129.jpg,500x333,1,0.984941,1,1,TP,yolov8l_bsz4.ms,112.25,120.25,232.50,0.500,Idle,5.68,10.89,300.61,4634.00,11499.37,462.79,,0,100,37.00,-68,4420818,-300615.62,3,fused
80273,000000080273.jpg,640x428,1,0.984777,1,1,TP,yolov8l_bsz4.ms,109.00,106.75,215.75,0.500,Idle,5.49,10.89,372.82,4570.00,11499.37,398.48,,0,100,37.00,-63,4421125,-278530.88,3,fused
118209,000000118209.jpg,640x480,1,0.984635,0,0,FP,yolov8l_bsz4.ms,109.00,106.75,215.75,0.500,Idle,5.49,10.89,372.82,4570.00,11499.37,398.48,,0,100,37.00,-63,4421125,-278530.88,3,fused
389316,000000389316.jpg,640x361,1,0.984323,1,1,TP,yolov8l_bsz4.ms,109.00,106.75,215.75,0.500,Idle,5.49,10.89,372.82,4570.00,11499.37,398.48,,0,100,37.00,-63,4421125,-278530.88,3,fused
128372,000000128372.jpg,640x427,1,0.984295,1,1,TP,yolov8l_bsz4.ms,109.00,106.75,215.75,0.500,Idle,5.49,10.89,372.82,4570.00,11499.37,398.48,,0,100,37.00,-63,4421125,-278530.88,3,fused
317999,000000317999.jpg,612x612,1,0.984285,1,1,TP,yolov8l_bsz4.ms,111.25,118.75,230.00,0.500,Idle,5.46,10.89,369.47,4554.00,11499.37,381.97,,0,100,37.00,-60,4421120,-265267.20,3,fused
72281,000000072281.jpg,427x640,1,0.984253,1,1,TP,yolov8l_bsz4.ms,111.25,118.75,230.00,0.500,Idle,5.46,10.89,369.47,4554.00,11499.37,381.97,,0,100,37.00,-60,4421120,-265267.20,3,fused
64898,000000064898.jpg,640x427,1,0.984199,1,1,TP,yolov8l_bsz4.ms,111.25,118.75,230.00,0.500,Idle,5.46,10.89,369.47,4554.00,11499.37,381.97,,0,100,37.00,-60,4421120,-265267.20,3,fused
50943,000000050943.jpg,640x319,1,0.984168,1,1,TP,yolov8l_bsz4.ms,111.25,118.75,230.00,0.500,Idle,5.46,10.89,369.47,4554.00,11499.37,381.97,,0,100,37.00,-60,4421120,-265267.20,3,fused
561256,000000561256.jpg,640x480,1,0.984103,1,1,TP,yolov8l_bsz4.ms,108.75,119.25,228.00,0.500,Idle,5.49,12.35,352.37,4610.00,11499.37,437.74,,0,100,37.00,-61,4421230,-269695.03,3,fused
29984,000000029984.jpg,640x492,1,0.984080,1,1,TP,yolov8l_bsz4.ms,108.75,119.25,228.00,0.500,Idle,5.49,12.35,352.37,4610.00,11499.37,437.74,,0,100,37.00,-61,4421230,-269695.03,3,fused
291791,000000291791.jpg,640x499,1,0.983986,1,1,TP,yolov8l_bsz4.ms,108.75,119.25,228.00,0.500,Idle,5.49,12.35,352.37,4610.00,11499.37,437.74,,0,100,37.00,-61,4421230,-269695.03,3,fused
398028,000000398028.jpg,428x640,1,0.983826,1,1,TP,yolov8l_bsz4.ms,108.75,119.25,228.00,0.500,Idle,5.49,12.35,352.37,4610.00,11499.37,437.74,,0,100,37.00,-61,4421230,-269695.03,3,fused
44195,000000044195.jpg,361x500,1,0.983815,1,1,TP,yolov8l_bsz4.ms,108.00,129.25,237.25,0.500,Idle,5.43,12.35,298.31,4664.00,11499.37,490.50,,0,100,37.00,-59,4421103,-260845.08,3,fused
5037,000000005037.jpg,640x425,1,0.983663,1,1,TP,yolov8l_bsz4.ms,108.00,129.25,237.25,0.500,Idle,5.43,12.35,298.31,4664.00,11499.37,490.50,,0,100,37.00,-59,4421103,-260845.08,3,fused
149568,000000149568.jpg,640x549,1,0.983635,1,1,TP,yolov8l_bsz4.ms,108.00,129.25,237.25,0.500,Idle,5.43,12.35,298.31,4664.00,11499.37,490.50,,0,100,37.00,-59,4421103,-260845.08,3,fused
571857,000000571857.jpg,640x426,1,0.983615,1,1,TP,yolov8l_bsz4.ms,108.00,129.25,237.25,0.500,Idle,5.43,12.35,298.31,4664.00,11499.37,490.50,,0,100,37.00,-59,4421103,-260845.08,3,fused
227399,000000227399.jpg,640x482,1,0.983536,1,1,TP,yolov8l_bsz4.ms,109.50,126.25,235.75,0.500,Idle,5.35,11.59,374.67,4588.00,11499.37,414.57,,0,100,37.00,-63,4421103,-278529.49,3,fused
431876,000000431876.jpg,425x640,1,0.983512,1,1,TP,yolov8l_bsz4.ms,109.50,126.25,235.75,0.500,Idle,5.35,11.59,374.67,4588.00,11499.37,414.57,,0,100,37.00,-63,4421103,-278529.49,3,fused
31817,000000031817.jpg,334x640,1,0.983435,1,1,TP,yolov8l_bsz4.ms,109.50,126.25,235.75,0.500,Idle,5.35,11.59,374.67,4588.00,11499.37,414.57,,0,100,37.00,-63,4421103,-278529.49,3,fused
261535,000000261535.jpg,433x640,1,0.983223,1,1,TP,yolov8l_bsz4.ms,109.50,126.25,235.75,0.500,Idle,5.35,11.59,374.67,4588.00,11499.37,414.57,,0,100,37.00,-63,4421103,-278529.49,3,fused
199681,000000199681.jpg,640x480,1,0.983069,0,0,FP,yolov8l_bsz4.ms,109.50,127.75,237.25,0.500,Idle,5.40,11.59,373.12,4590.00,11499.37,415.40,,0,100,37.00,-110,4419378,-486131.58,3,fused
422998,000000422998.jpg,640x427,1,0.982964,1,1,TP,yolov8l_bsz4.ms,109.50,127.75,237.25,0.500,Idle,5.40,11.59,373.12,4590.00,11499.37,415.40,,0,100,37.00,-110,4419378,-486131.58,3,fused
76417,000000076417.jpg,640x478,1,0.982942,0,0,FP,yolov8l_bsz4.ms,109.50,127.75,237.25,0.500,Idle,5.40,11.59,373.12,4590.00,11499.37,415.40,,0,100,37.00,-110,4419378,-486131.58,3,fused
163640,000000163640.jpg,640x457,1,0.982891,1,1,TP,yolov8l_bsz4.ms,109.50,127.75,237.25,0.500,Idle,5.40,11.59,373.12,4590.00,11499.37,415.40,,0,100,37.00,-110,4419378,-486131.58,3,fused
339870,000000339870.jpg,640x424,1,0.982605,0,0,FP,yolov8l_bsz4.ms,109.00,115.75,224.75,0.500,Idle,4.83,8.63,351.74,4609.00,11499.37,433.84,,0,100,37.00,-63,4421013,-278523.82,3,fused
459272,000000459272.jpg,480x640,1,0.982482,1,1,TP,yolov8l_bsz4.ms,109.00,115.75,224.75,0.500,Idle,4.83,8.63,351.74,4609.00,11499.37,433.84,,0,100,37.00,-63,4421013,-278523.82,3,fused
240023,000000240023.jpg,480x640,1,0.982468,1,1,TP,yolov8l_bsz4.ms,109.00,115.75,224.75,0.500,Idle,4.83,8.63,351.74,4609.00,11499.37,433.84,,0,100,37.00,-63,4421013,-278523.82,3,fused
334719,000000334719.jpg,640x413,1,0.982447,1,1,TP,yolov8l_bsz4.ms,109.00,115.75,224.75,0.500,Idle,4.83,8.63,351.74,4609.00,11499.37,433.84,,0,100,37.00,-63,4421013,-278523.82,3,fused
581062,000000581062.jpg,500x375,1,0.982228,1,1,TP,yolov8l_bsz4.ms,108.75,123.50,232.25,0.500,Idle,5.00,8.63,307.06,4654.00,11499.37,477.47,,0,100,37.00,-94,4419348,-415418.71,3,fused
14226,000000014226.jpg,640x480,1,0.982225,1,1,TP,yolov8l_bsz4.ms,108.75,123.50,232.25,0.500,Idle,5.00,8.63,307.06,4654.00,11499.37,477.47,,0,100,37.00,-94,4419348,-415418.71,3,fused
385029,000000385029.jpg,640x480,1,0.982221,1,1,TP,yolov8l_bsz4.ms,108.75,123.50,232.25,0.500,Idle,5.00,8.63,307.06,4654.00,11499.37,477.47,,0,100,37.00,-94,4419348,-415418.71,3,fused
377670,000000377670.jpg,487x640,1,0.982120,0,0,FP,yolov8l_bsz4.ms,108.75,123.50,232.25,0.500,Idle,5.00,8.63,307.06,4654.00,11499.37,477.47,,0,100,37.00,-94,4419348,-415418.71,3,fused
570688,000000570688.jpg,640x480,1,0.982030,1,1,TP,yolov8l_bsz4.ms,109.25,124.25,233.50,0.500,Idle,5.03,11.07,375.18,4586.00,11499.37,407.68,,0,100,37.00,-67,4420582,-296178.99,3,fused
194875,000000194875.jpg,640x574,1,0.981916,1,1,TP,yolov8l_bsz4.ms,109.25,124.25,233.50,0.500,Idle,5.03,11.07,375.18,4586.00,11499.37,407.68,,0,100,37.00,-67,4420582,-296178.99,3,fused
54931,000000054931.jpg,427x640,1,0.981833,1,1,TP,yolov8l_bsz4.ms,109.25,124.25,233.50,0.500,Idle,5.03,11.07,375.18,4586.00,11499.37,407.68,,0,100,37.00,-67,4420582,-296178.99,3,fused
167159,000000167159.jpg,500x375,1,0.981663,0,0,FP,yolov8l_bsz4.ms,109.25,124.25,233.50,0.500,Idle,5.03,11.07,375.18,4586.00,11499.37,407.68,,0,100,37.00,-67,4420582,-296178.99,3,fused
191288,000000191288.jpg,600x400,1,0.981637,1,1,TP,yolov8l_bsz4.ms,109.75,116.00,225.75,0.500,Idle,5.10,11.07,368.99,4591.00,11499.37,412.38,,0,100,37.00,-63,4420684,-278503.09,3,fused
329447,000000329447.jpg,640x505,1,0.981566,0,0,FP,yolov8l_bsz4.ms,109.75,116.00,225.75,0.500,Idle,5.10,11.07,368.99,4591.00,11499.37,412.38,,0,100,37.00,-63,4420684,-278503.09,3,fused
551794,000000551794.jpg,640x480,1,0.981534,1,1,TP,yolov8l_bsz4.ms,109.75,116.00,225.75,0.500,Idle,5.10,11.07,368.99,4591.00,11499.37,412.38,,0,100,37.00,-63,4420684,-278503.09,3,fused
521509,000000521509.jpg,640x427,1,0.981520,1,1,TP,yolov8l_bsz4.ms,109.75,116.00,225.75,0.500,Idle,5.10,11.07,368.99,4591.00,11499.37,412.38,,0,100,37.00,-63,4420684,-278503.09,3,fused
116439,000000116439.jpg,429x640,1,0.981456,1,1,TP,yolov8l_bsz4.ms,108.75,104.25,213.00,0.500,Idle,5.14,10.43,369.29,4591.00,11499.37,411.79,,0,100,37.00,-62,4420678,-274082.04,3,fused
226883,000000226883.jpg,640x480,1,0.981443,0,0,FP,yolov8l_bsz4.ms,108.75,104.25,213.00,0.500,Idle,5.14,10.43,369.29,4591.00,11499.37,411.79,,0,100,37.00,-62,4420678,-274082.04,3,fused
465806,000000465806.jpg,640x480,1,0.981180,1,1,TP,yolov8l_bsz4.ms,108.75,104.25,213.00,0.500,Idle,5.14,10.43,369.29,4591.00,11499.37,411.79,,0,100,37.00,-62,4420678,-274082.04,3,fused
343496,000000343496.jpg,640x393,1,0.980968,1,1,TP,yolov8l_bsz4.ms,108.75,104.25,213.00,0.500,Idle,5.14,10.43,369.29,4591.00,11499.37,411.79,,0,100,37.00,-62,4420678,-274082.04,3,fused
128654,000000128654.jpg,500x384,1,0.980685,1,1,TP,yolov8l_bsz4.ms,108.25,119.75,228.00,0.500,Idle,5.20,10.43,299.82,4660.00,11499.37,480.23,,0,100,37.00,-73,4420347,-322685.33,3,fused
502336,000000502336.jpg,640x431,1,0.980618,1,1,TP,yolov8l_bsz4.ms,108.25,119.75,228.00,0.500,Idle,5.20,10.43,299.82,4660.00,11499.37,480.23,,0,100,37.00,-73,4420347,-322685.33,3,fused
512776,000000512776.jpg,500x356,1,0.980472,1,1,TP,yolov8l_bsz4.ms,108.25,119.75,228.00,0.500,Idle,5.20,10.43,299.82,4660.00,11499.37,480.23,,0,100,37.00,-73,4420347,-322685.33,3,fused
177861,000000177861.jpg,480x640,1,0.980432,1,1,TP,yolov8l_bsz4.ms,108.25,119.75,228.00,0.500,Idle,5.20,10.43,299.82,4660.00,11499.37,480.23,,0,100,37.00,-73,4420347,-322685.33,3,fused
525247,000000525247.jpg,640x427,1,0.980405,0,0,FP,yolov8l_bsz4.ms,109.00,121.00,230.00,0.500,Idle,5.13,10.43,373.85,4587.00,11499.37,406.40,,0,100,37.00,-109,4419209,-481693.78,3,fused
293858,000000293858.jpg,500x451,1,0.980312,0,0,FP,yolov8l_bsz4.ms,109.00,121.00,230.00,0.500,Idle,5.13,10.43,373.85,4587.00,11499.37,406.40,,0,100,37.00,-109,4419209,-481693.78,3,fused
503855,000000503855.jpg,640x361,1,0.980281,1,1,TP,yolov8l_bsz4.ms,109.00,121.00,230.00,0.500,Idle,5.13,10.43,373.85,4587.00,11499.37,406.40,,0,100,37.00,-109,4419209,-481693.78,3,fused
568814,000000568814.jpg,640x359,1,0.980216,1,1,TP,yolov8l_bsz4.ms,109.00,121.00,230.00,0.500,Idle,5.13,10.43,373.85,4587.00,11499.37,406.40,,0,100,37.00,-109,4419209,-481693.78,3,fused
35279,000000035279.jpg,640x463,1,0.980076,1,1,TP,yolov8l_bsz4.ms,110.50,124.25,234.75,0.500,Idle,5.17,9.81,373.71,4586.00,11499.37,405.37,,0,100,37.00,-65,4420400,-287326.00,3,fused
427256,000000427256.jpg,640x512,1,0.979814,1,1,TP,yolov8l_bsz4.ms,110.50,124.25,234.75,0.500,Idle,5.17,9.81,373.71,4586.00,11499.37,405.37,,0,100,37.00,-65,4420400,-287326.00,3,fused
119445,000000119445.jpg,640x426,1,0.979627,1,1,TP,yolov8l_bsz4.ms,110.50,124.25,234.75,0.500,Idle,5.17,9.81,373.71,4586.00,11499.37,405.37,,0,100,37.00,-65,4420400,-287326.00,3,fused
411774,000000411774.jpg,375x500,1,0.979605,1,1,TP,yolov8l_bsz4.ms,110.50,124.25,234.75,0.500,Idle,5.17,9.81,373.71,4586.00,11499.37,405.37,,0,100,37.00,-65,4420400,-287326.00,3,fused
102820,000000102820.jpg,427x640,1,0.979500,1,1,TP,yolov8l_bsz4.ms,109.75,113.25,223.00,0.500,Idle,5.23,9.81,349.62,4610.00,11499.37,428.84,,0,100,37.00,-68,4420431,-300589.31,3,fused
189213,000000189213.jpg,500x375,1,0.979486,0,0,FP,yolov8l_bsz4.ms,109.75,113.25,223.00,0.500,Idle,5.23,9.81,349.62,4610.00,11499.37,428.84,,0,100,37.00,-68,4420431,-300589.31,3,fused
443844,000000443844.jpg,640x429,1,0.979428,1,1,TP,yolov8l_bsz4.ms,109.75,113.25,223.00,0.500,Idle,5.23,9.81,349.62,4610.00,11499.37,428.84,,0,100,37.00,-68,4420431,-300589.31,3,fused
576654,000000576654.jpg,640x427,1,0.979381,1,1,TP,yolov8l_bsz4.ms,109.75,113.25,223.00,0.500,Idle,5.23,9.81,349.62,4610.00,11499.37,428.84,,0,100,37.00,-68,4420431,-300589.31,3,fused
147740,000000147740.jpg,640x480,1,0.979352,1,1,TP,yolov8l_bsz4.ms,108.00,130.25,238.25,0.500,Idle,5.23,9.88,296.06,4664.00,11499.37,481.80,,0,100,37.00,-67,4420569,-296178.12,3,fused
67616,000000067616.jpg,640x480,1,0.979319,1,1,TP,yolov8l_bsz4.ms,108.00,130.25,238.25,0.500,Idle,5.23,9.88,296.06,4664.00,11499.37,481.80,,0,100,37.00,-67,4420569,-296178.12,3,fused
532855,000000532855.jpg,640x457,1,0.979276,1,1,TP,yolov8l_bsz4.ms,108.00,130.25,238.25,0.500,Idle,5.23,9.88,296.06,4664.00,11499.37,481.80,,0,100,37.00,-67,4420569,-296178.12,3,fused
432553,000000432553.jpg,427x640,1,0.979230,1,1,TP,yolov8l_bsz4.ms,108.00,130.25,238.25,0.500,Idle,5.23,9.88,296.06,4664.00,11499.37,481.80,,0,100,37.00,-67,4420569,-296178.12,3,fused
68628,000000068628.jpg,640x427,1,0.979122,1,1,TP,yolov8l_bsz4.ms,109.25,106.25,215.50,0.500,Idle,8.70,9.88,373.53,4586.00,11499.37,404.09,,0,100,37.00,-64,4420544,-282914.82,3,fused
474293,000000474293.jpg,640x480,1,0.979071,1,1,TP,yolov8l_bsz4.ms,109.25,106.25,215.50,0.500,Idle,8.70,9.88,373.53,4586.00,11499.37,404.09,,0,100,37.00,-64,4420544,-282914.82,3,fused
322724,000000322724.jpg,640x425,1,0.978950,1,1,TP,yolov8l_bsz4.ms,109.25,106.25,215.50,0.500,Idle,8.70,9.88,373.53,4586.00,11499.37,404.09,,0,100,37.00,-64,4420544,-282914.82,3,fused
334530,000000334530.jpg,640x459,1,0.978944,1,1,TP,yolov8l_bsz4.ms,109.25,106.25,215.50,0.500,Idle,8.70,9.88,373.53,4586.00,11499.37,404.09,,0,100,37.00,-64,4420544,-282914.82,3,fused
163118,000000163118.jpg,640x426,1,0.978900,1,1,TP,yolov8l_bsz4.ms,110.50,130.75,241.25,0.500,Idle,6.46,9.58,370.53,4589.00,11499.37,406.51,,0,100,37.00,-114,4418895,-503754.03,3,fused
367082,000000367082.jpg,488x500,1,0.978649,0,0,FP,yolov8l_bsz4.ms,110.50,130.75,241.25,0.500,Idle,6.46,9.58,370.53,4589.00,11499.37,406.51,,0,100,37.00,-114,4418895,-503754.03,3,fused
381587,000000381587.jpg,428x640,1,0.978590,1,1,TP,yolov8l_bsz4.ms,110.50,130.75,241.25,0.500,Idle,6.46,9.58,370.53,4589.00,11499.37,406.51,,0,100,37.00,-114,4418895,-503754.03,3,fused
234607,000000234607.jpg,375x500,1,0.978559,1,1,TP,yolov8l_bsz4.ms,110.50,130.75,241.25,0.500,Idle,6.46,9.58,370.53,4589.00,11499.37,406.51,,0,100,37.00,-114,4418895,-503754.03,3,fused
378673,000000378673.jpg,640x426,1,0.978460,1,1,TP,yolov8l_bsz4.ms,108.00,106.00,214.00,0.500,Idle,6.04,9.58,350.67,4609.00,11499.37,425.53,,0,100,37.00,-59,4420749,-260824.19,3,fused
477805,000000477805.jpg,640x427,1,0.978424,1,1,TP,yolov8l_bsz4.ms,108.00,106.00,214.00,0.500,Idle,6.04,9.58,350.67,4609.00,11499.37,425.53,,0,100,37.00,-59,4420749,-260824.19,3,fused
437331,000000437331.jpg,640x428,1,0.978333,1,1,TP,yolov8l_bsz4.ms,108.00,106.00,214.00,0.500,Idle,6.04,9.58,350.67,4609.00,11499.37,425.53,,0,100,37.00,-59,4420749,-260824.19,3,fused
541773,000000541773.jpg,640x480,1,0.978287,1,1,TP,yolov8l_bsz4.ms,108.00,106.00,214.00,0.500,Idle,6.04,9.58,350.67,4609.00,11499.37,425.53,,0,100,37.00,-59,4420749,-260824.19,3,fused
359833,000000359833.jpg,480x640,1,0.978127,1,1,TP,yolov8l_bsz4.ms,108.00,116.25,224.25,0.500,Idle,5.80,9.29,295.54,4664.00,11499.37,479.56,,0,100,37.00,-66,4420119,-291727.85,3,fused
278973,000000278973.jpg,640x426,1,0.977994,1,1,TP,yolov8l_bsz4.ms,108.00,116.25,224.25,0.500,Idle,5.80,9.29,295.54,4664.00,11499.37,479.56,,0,100,37.00,-66,4420119,-291727.85,3,fused
361730,000000361730.jpg,640x480,1,0.977946,1,1,TP,yolov8l_bsz4.ms,108.00,116.25,224.25,0.500,Idle,5.80,9.29,295.54,4664.00,11499.37,479.56,,0,100,37.00,-66,4420119,-291727.85,3,fused
273715,000000273715.jpg,500x373,1,0.977898,1,1,TP,yolov8l_bsz4.ms,108.00,116.25,224.25,0.500,Idle,5.80,9.29,295.54,4664.00,11499.37,479.56,,0,100,37.00,-66,4420119,-291727.85,3,fused
395903,000000395903.jpg,640x360,1,0.977730,1,1,TP,yolov8l_bsz4.ms,109.00,117.00,226.00,0.500,Idle,5.53,9.29,371.13,4588.00,11499.37,402.96,,0,100,37.00,-69,4420334,-305003.05,3,fused
353180,000000353180.jpg,640x420,1,0.977702,1,1,TP,yolov8l_bsz4.ms,109.00,117.00,226.00,0.500,Idle,5.53,9.29,371.13,4588.00,11499.37,402.96,,0,100,37.00,-69,4420334,-305003.05,3,fused
237517,000000237517.jpg,478x640,1,0.977644,0,0,FP,yolov8l_bsz4.ms,109.00,117.00,226.00,0.500,Idle,5.53,9.29,371.13,4588.00,11499.37,402.96,,0,100,37.00,-69,4420334,-305003.05,3,fused
480985,000000480985.jpg,375x500,1,0.977491,1,1,TP,yolov8l_bsz4.ms,109.00,117.00,226.00,0.500,Idle,5.53,9.29,371.13,4588.00,11499.37,402.96,,0,100,37.00,-69,4420334,-305003.05,3,fused
21465,000000021465.jpg,500x281,1,0.977475,0,0,FP,yolov8l_bsz4.ms,110.50,122.75,233.25,0.500,Idle,5.54,9.29,370.83,4588.00,11499.37,402.91,,0,100,37.00,-67,4420374,-296165.06,3,fused
451150,000000451150.jpg,480x640,1,0.977390,0,0,FP,yolov8l_bsz4.ms,110.50,122.75,233.25,0.500,Idle,5.54,9.29,370.83,4588.00,11499.37,402.91,,0,100,37.00,-67,4420374,-296165.06,3,fused
275058,000000275058.jpg,427x640,1,0.977261,1,1,TP,yolov8l_bsz4.ms,110.50,122.75,233.25,0.500,Idle,5.54,9.29,370.83,4588.00,11499.37,402.91,,0,100,37.00,-67,4420374,-296165.06,3,fused
450075,000000450075.jpg,640x480,1,0.977233,1,1,TP,yolov8l_bsz4.ms,110.50,122.75,233.25,0.500,Idle,5.54,9.29,370.83,4588.00,11499.37,402.91,,0,100,37.00,-67,4420374,-296165.06,3,fused
233771,000000233771.jpg,640x640,1,0.977137,1,1,TP,yolov8l_bsz4.ms,108.75,96.25,205.00,0.500,Idle,5.44,9.38,350.73,4608.00,11499.37,422.13,,0,100,37.00,-211,4414716,-931505.08,3,fused
270122,000000270122.jpg,640x427,1,0.977038,1,1,TP,yolov8l_bsz4.ms,108.75,96.25,205.00,0.500,Idle,5.44,9.38,350.73,4608.00,11499.37,422.13,,0,100,37.00,-211,4414716,-931505.08,3,fused
258388,000000258388.jpg,640x425,1,0.977036,1,1,TP,yolov8l_bsz4.ms,108.75,96.25,205.00,0.500,Idle,5.44,9.38,350.73,4608.00,11499.37,422.13,,0,100,37.00,-211,4414716,-931505.08,3,fused
287291,000000287291.jpg,500x375,1,0.976942,1,1,TP,yolov8l_bsz4.ms,108.75,96.25,205.00,0.500,Idle,5.44,9.38,350.73,4608.00,11499.37,422.13,,0,100,37.00,-211,4414716,-931505.08,3,fused
397681,000000397681.jpg,640x640,1,0.976858,1,1,TP,yolov8l_bsz4.ms,104.75,120.25,225.00,0.500,Idle,5.44,9.38,295.78,4662.00,11499.37,475.96,,0,100,37.00,-279,4412931,-1231207.75,3,fused
161397,000000161397.jpg,640x480,1,0.976773,1,1,TP,yolov8l_bsz4.ms,104.75,120.25,225.00,0.500,Idle,5.44,9.38,295.78,4662.00,11499.37,475.96,,0,100,37.00,-279,4412931,-1231207.75,3,fused
292024,000000292024.jpg,612x612,1,0.976415,1,1,TP,yolov8l_bsz4.ms,104.75,120.25,225.00,0.500,Idle,5.44,9.38,295.78,4662.00,11499.37,475.96,,0,100,37.00,-279,4412931,-1231207.75,3,fused
56350,000000056350.jpg,612x612,1,0.976360,1,1,TP,yolov8l_bsz4.ms,104.75,120.25,225.00,0.500,Idle,5.44,9.38,295.78,4662.00,11499.37,475.96,,0,100,37.00,-279,4412931,-1231207.75,3,fused
350122,000000350122.jpg,640x480,1,0.976340,1,1,TP,yolov8l_bsz4.ms,108.75,115.75,224.50,0.500,Idle,5.40,9.76,375.21,4583.00,11499.37,395.58,,0,100,37.00,-155,4416909,-684620.90,3,fused
100624,000000100624.jpg,640x427,1,0.976158,1,1,TP,yolov8l_bsz4.ms,108.75,115.75,224.50,0.500,Idle,5.40,9.76,375.21,4583.00,11499.37,395.58,,0,100,37.00,-155,4416909,-684620.90,3,fused
512929,000000512929.jpg,612x612,1,0.975884,1,1,TP,yolov8l_bsz4.ms,108.75,115.75,224.50,0.500,Idle,5.40,9.76,375.21,4583.00,11499.37,395.58,,0,100,37.00,-155,4416909,-684620.90,3,fused
472375,000000472375.jpg,612x612,1,0.975880,0,0,FP,yolov8l_bsz4.ms,108.75,115.75,224.50,0.500,Idle,5.40,9.76,375.21,4583.00,11499.37,395.58,,0,100,37.00,-155,4416909,-684620.90,3,fused
308165,000000308165.jpg,425x640,1,0.975523,1,1,TP,yolov8l_bsz4.ms,111.50,112.50,224.00,0.500,Idle,5.35,9.76,370.31,4587.00,11499.37,399.31,,0,100,37.00,-62,4420140,-274048.68,3,fused
567740,000000567740.jpg,640x480,1,0.975362,1,1,TP,yolov8l_bsz4.ms,111.50,112.50,224.00,0.500,Idle,5.35,9.76,370.31,4587.00,11499.37,399.31,,0,100,37.00,-62,4420140,-274048.68,3,fused
154004,000000154004.jpg,640x427,1,0.975157,1,1,TP,yolov8l_bsz4.ms,111.50,112.50,224.00,0.500,Idle,5.35,9.76,370.31,4587.00,11499.37,399.31,,0,100,37.00,-62,4420140,-274048.68,3,fused
199551,000000199551.jpg,640x428,1,0.975051,1,1,TP,yolov8l_bsz4.ms,111.50,112.50,224.00,0.500,Idle,5.35,9.76,370.31,4587.00,11499.37,399.31,,0,100,37.00,-62,4420140,-274048.68,3,fused
449603,000000449603.jpg,640x426,1,0.975041,1,1,TP,yolov8l_bsz4.ms,108.50,108.25,216.75,0.500,Idle,5.34,9.76,351.32,4606.00,11499.37,417.15,,0,100,37.00,-66,4420188,-291732.41,3,fused
84752,000000084752.jpg,640x427,1,0.974888,0,0,FP,yolov8l_bsz4.ms,108.50,108.25,216.75,0.500,Idle,5.34,9.76,351.32,4606.00,11499.37,417.15,,0,100,37.00,-66,4420188,-291732.41,3,fused
39405,000000039405.jpg,640x480,1,0.974632,1,1,TP,yolov8l_bsz4.ms,108.50,108.25,216.75,0.500,Idle,5.34,9.76,351.32,4606.00,11499.37,417.15,,0,100,37.00,-66,4420188,-291732.41,3,fused
277020,000000277020.jpg,640x360,1,0.974401,1,1,TP,yolov8l_bsz4.ms,108.50,108.25,216.75,0.500,Idle,5.34,9.76,351.32,4606.00,11499.37,417.15,,0,100,37.00,-66,4420188,-291732.41,3,fused
82180,000000082180.jpg,640x425,1,0.974204,0,0,FP,yolov8l_bsz4.ms,107.50,113.50,221.00,0.500,Idle,7.32,14.06,294.68,4662.00,11499.37,472.15,,0,100,37.00,-108,4417642,-477105.34,3,fused
172617,000000172617.jpg,375x500,1,0.974023,1,1,TP,yolov8l_bsz4.ms,107.50,113.50,221.00,0.500,Idle,7.32,14.06,294.68,4662.00,11499.37,472.15,,0,100,37.00,-108,4417642,-477105.34,3,fused
2532,000000002532.jpg,480x640,1,0.973948,1,1,TP,yolov8l_bsz4.ms,107.50,113.50,221.00,0.500,Idle,7.32,14.06,294.68,4662.00,11499.37,472.15,,0,100,37.00,-108,4417642,-477105.34,3,fused
21903,000000021903.jpg,640x480,1,0.973607,1,1,TP,yolov8l_bsz4.ms,107.50,113.50,221.00,0.500,Idle,7.32,14.06,294.68,4662.00,11499.37,472.15,,0,100,37.00,-108,4417642,-477105.34,3,fused
109118,000000109118.jpg,486x640,1,0.973593,1,1,TP,yolov8l_bsz4.ms,109.25,119.75,229.00,0.500,Idle,5.85,14.06,372.67,4584.00,11499.37,393.84,,0,100,37.00,-74,4419555,-327047.07,3,fused
521717,000000521717.jpg,640x426,1,0.973419,1,1,TP,yolov8l_bsz4.ms,109.25,119.75,229.00,0.500,Idle,5.85,14.06,372.67,4584.00,11499.37,393.84,,0,100,37.00,-74,4419555,-327047.07,3,fused
187144,000000187144.jpg,640x480,1,0.973351,1,1,TP,yolov8l_bsz4.ms,109.25,119.75,229.00,0.500,Idle,5.85,14.06,372.67,4584.00,11499.37,393.84,,0,100,37.00,-74,4419555,-327047.07,3,fused
390246,000000390246.jpg,640x427,1,0.973235,1,1,TP,yolov8l_bsz4.ms,109.25,119.75,229.00,0.500,Idle,5.85,14.06,372.67,4584.00,11499.37,393.84,,0,100,37.00,-74,4419555,-327047.07,3,fused
60347,000000060347.jpg,480x640,1,0.973107,1,1,TP,yolov8l_bsz4.ms,109.50,121.50,231.00,0.500,Idle,5.61,9.87,369.54,4586.00,11499.37,395.83,,0,100,37.00,-113,4418280,-499265.64,3,fused
215072,000000215072.jpg,640x451,1,0.972996,1,1,TP,yolov8l_bsz4.ms,109.50,121.50,231.00,0.500,Idle,5.61,9.87,369.54,4586.00,11499.37,395.83,,0,100,37.00,-113,4418280,-499265.64,3,fused
249219,000000249219.jpg,640x479,1,0.972865,0,0,FP,yolov8l_bsz4.ms,109.50,121.50,231.00,0.500,Idle,5.61,9.87,369.54,4586.00,11499.37,395.83,,0,100,37.00,-113,4418280,-499265.64,3,fused
422836,000000422836.jpg,320x240,1,0.972830,1,1,TP,yolov8l_bsz4.ms,109.50,121.50,231.00,0.500,Idle,5.61,9.87,369.54,4586.00,11499.37,395.83,,0,100,37.00,-113,4418280,-499265.64,3,fused
245311,000000245311.jpg,612x612,1,0.972703,1,1,TP,yolov8l_bsz4.ms,109.25,111.25,220.50,0.500,Idle,5.66,9.87,350.48,4605.00,11499.37,413.97,,0,100,37.00,-65,4420109,-287307.09,3,fused
67534,000000067534.jpg,306x640,1,0.972561,1,1,TP,yolov8l_bsz4.ms,109.25,111.25,220.50,0.500,Idle,5.66,9.87,350.48,4605.00,11499.37,413.97,,0,100,37.00,-65,4420109,-287307.09,3,fused
230983,000000230983.jpg,430x640,1,0.972531,1,1,TP,yolov8l_bsz4.ms,109.25,111.25,220.50,0.500,Idle,5.66,9.87,350.48,4605.00,11499.37,413.97,,0,100,37.00,-65,4420109,-287307.09,3,fused
336628,000000336628.jpg,428x640,1,0.972507,1,1,TP,yolov8l_bsz4.ms,109.25,111.25,220.50,0.500,Idle,5.66,9.87,350.48,4605.00,11499.37,413.97,,0,100,37.00,-65,4420109,-287307.09,3,fused
236308,000000236308.jpg,640x368,1,0.972496,1,1,TP,yolov8l_bsz4.ms,108.25,113.50,221.75,0.500,Idle,5.49,9.77,294.90,4661.00,11499.37,469.43,,0,100,37.00,-60,4420378,-265222.68,3,fused
472298,000000472298.jpg,640x387,1,0.972476,1,1,TP,yolov8l_bsz4.ms,108.25,113.50,221.75,0.500,Idle,5.49,9.77,294.90,4661.00,11499.37,469.43,,0,100,37.00,-60,4420378,-265222.68,3,fused
548339,000000548339.jpg,640x576,1,0.972332,1,1,TP,yolov8l_bsz4.ms,108.25,113.50,221.75,0.500,Idle,5.49,9.77,294.90,4661.00,11499.37,469.43,,0,100,37.00,-60,4420378,-265222.68,3,fused
530975,000000530975.jpg,640x480,1,0.972277,1,1,TP,yolov8l_bsz4.ms,108.25,113.50,221.75,0.500,Idle,5.49,9.77,294.90,4661.00,11499.37,469.43,,0,100,37.00,-60,4420378,-265222.68,3,fused
425906,000000425906.jpg,463x640,1,0.972228,1,1,TP,yolov8l_bsz4.ms,108.75,104.75,213.50,0.500,Idle,5.31,9.77,373.39,4582.00,11499.37,390.42,,0,100,37.00,-70,4419362,-309355.34,3,fused
133087,000000133087.jpg,640x429,1,0.971775,0,0,FP,yolov8l_bsz4.ms,108.75,104.75,213.50,0.500,Idle,5.31,9.77,373.39,4582.00,11499.37,390.42,,0,100,37.00,-70,4419362,-309355.34,3,fused
486438,000000486438.jpg,640x427,1,0.971693,1,1,TP,yolov8l_bsz4.ms,108.75,104.75,213.50,0.500,Idle,5.31,9.77,373.39,4582.00,11499.37,390.42,,0,100,37.00,-70,4419362,-309355.34,3,fused
51712,000000051712.jpg,640x368,1,0.971292,1,1,TP,yolov8l_bsz4.ms,108.75,104.75,213.50,0.500,Idle,5.31,9.77,373.39,4582.00,11499.37,390.42,,0,100,37.00,-70,4419362,-309355.34,3,fused
87038,000000087038.jpg,640x480,1,0.971250,1,1,TP,yolov8l_bsz4.ms,110.00,108.75,218.75,0.500,Idle,5.31,9.77,370.92,4585.00,11499.37,392.07,,0,100,37.00,-66,4419993,-291719.54,3,fused
165039,000000165039.jpg,640x427,1,0.971192,1,1,TP,yolov8l_bsz4.ms,110.00,108.75,218.75,0.500,Idle,5.31,9.77,370.92,4585.00,11499.37,392.07,,0,100,37.00,-66,4419993,-291719.54,3,fused
404839,000000404839.jpg,427x640,1,0.971178,1,1,TP,yolov8l_bsz4.ms,110.00,108.75,218.75,0.500,Idle,5.31,9.77,370.92,4585.00,11499.37,392.07,,0,100,37.00,-66,4419993,-291719.54,3,fused
423617,000000423617.jpg,640x480,1,0.970972,1,1,TP,yolov8l_bsz4.ms,110.00,108.75,218.75,0.500,Idle,5.31,9.77,370.92,4585.00,11499.37,392.07,,0,100,37.00,-66,4419993,-291719.54,3,fused
358195,000000358195.jpg,483x640,1,0.970912,1,1,TP,yolov8l_bsz4.ms,108.00,121.75,229.75,0.500,Idle,5.36,9.32,349.10,4606.00,11499.37,412.60,,0,100,37.00,-69,4419867,-304970.82,3,fused
141821,000000141821.jpg,640x480,1,0.970904,1,1,TP,yolov8l_bsz4.ms,108.00,121.75,229.75,0.500,Idle,5.36,9.32,349.10,4606.00,11499.37,412.60,,0,100,37.00,-69,4419867,-304970.82,3,fused
238013,000000238013.jpg,500x334,1,0.970670,1,1,TP,yolov8l_bsz4.ms,108.00,121.75,229.75,0.500,Idle,5.36,9.32,349.10,4606.00,11499.37,412.60,,0,100,37.00,-69,4419867,-304970.82,3,fused
531135,000000531135.jpg,500x375,1,0.970638,1,1,TP,yolov8l_bsz4.ms,108.00,121.75,229.75,0.500,Idle,5.36,9.32,349.10,4606.00,11499.37,412.60,,0,100,37.00,-69,4419867,-304970.82,3,fused
265816,000000265816.jpg,640x406,1,0.970523,1,1,TP,yolov8l_bsz4.ms,108.25,113.25,221.50,0.500,Idle,5.33,9.32,293.08,4661.00,11499.37,467.52,,0,100,37.00,-66,4420097,-291726.40,3,fused
260470,000000260470.jpg,640x427,1,0.970340,1,1,TP,yolov8l_bsz4.ms,108.25,113.25,221.50,0.500,Idle,5.33,9.32,293.08,4661.00,11499.37,467.52,,0,100,37.00,-66,4420097,-291726.40,3,fused
555050,000000555050.jpg,500x322,1,0.970326,1,1,TP,yolov8l_bsz4.ms,108.25,113.25,221.50,0.500,Idle,5.33,9.32,293.08,4661.00,11499.37,467.52,,0,100,37.00,-66,4420097,-291726.40,3,fused
329827,000000329827.jpg,640x427,1,0.970132,1,1,TP,yolov8l_bsz4.ms,108.25,113.25,221.50,0.500,Idle,5.33,9.32,293.08,4661.00,11499.37,467.52,,0,100,37.00,-66,4420097,-291726.40,3,fused
252559,000000252559.jpg,480x640,1,0.968798,1,1,TP,yolov8l_bsz4.ms,109.00,114.25,223.25,0.500,Idle,5.26,9.41,372.38,4582.00,11499.37,387.75,,0,100,37.00,-75,4419047,-331428.53,3,fused
51314,000000051314.jpg,640x480,1,0.968686,1,1,TP,yolov8l_bsz4.ms,109.00,114.25,223.25,0.500,Idle,5.26,9.41,372.38,4582.00,11499.37,387.75,,0,100,37.00,-75,4419047,-331428.53,3,fused
55950,000000055950.jpg,426x640,1,0.968652,1,1,TP,yolov8l_bsz4.ms,109.00,114.25,223.25,0.500,Idle,5.26,9.41,372.38,4582.00,11499.37,387.75,,0,100,37.00,-75,4419047,-331428.53,3,fused
16598,000000016598.jpg,478x640,1,0.968506,1,1,TP,yolov8l_bsz4.ms,109.00,114.25,223.25,0.500,Idle,5.26,9.41,372.38,4582.00,11499.37,387.75,,0,100,37.00,-75,4419047,-331428.53,3,fused
90284,000000090284.jpg,640x639,1,0.968452,1,1,TP,yolov8l_bsz4.ms,108.50,115.50,224.00,0.500,Idle,5.27,9.41,369.44,4585.00,11499.37,389.43,,0,100,37.00,-64,4419895,-282873.28,3,fused
15956,000000015956.jpg,640x480,1,0.968399,1,1,TP,yolov8l_bsz4.ms,108.50,115.50,224.00,0.500,Idle,5.27,9.41,369.44,4585.00,11499.37,389.43,,0,100,37.00,-64,4419895,-282873.28,3,fused
306893,000000306893.jpg,500x368,1,0.968225,1,1,TP,yolov8l_bsz4.ms,108.50,115.50,224.00,0.500,Idle,5.27,9.41,369.44,4585.00,11499.37,389.43,,0,100,37.00,-64,4419895,-282873.28,3,fused
362682,000000362682.jpg,640x427,1,0.968017,1,1,TP,yolov8l_bsz4.ms,108.50,115.50,224.00,0.500,Idle,5.27,9.41,369.44,4585.00,11499.37,389.43,,0,100,37.00,-64,4419895,-282873.28,3,fused
233370,000000233370.jpg,427x640,1,0.967911,1,1,TP,yolov8l_bsz4.ms,109.50,118.50,228.00,0.500,Idle,4.97,9.41,349.63,4604.00,11499.37,407.52,,0,100,37.00,-64,4419864,-282871.30,3,fused
439593,000000439593.jpg,640x480,1,0.967750,1,1,TP,yolov8l_bsz4.ms,109.50,118.50,228.00,0.500,Idle,4.97,9.41,349.63,4604.00,11499.37,407.52,,0,100,37.00,-64,4419864,-282871.30,3,fused
50326,000000050326.jpg,500x375,1,0.967714,1,1,TP,yolov8l_bsz4.ms,109.50,118.50,228.00,0.500,Idle,4.97,9.41,349.63,4604.00,11499.37,407.52,,0,100,37.00,-64,4419864,-282871.30,3,fused
30504,000000030504.jpg,480x640,1,0.967660,1,1,TP,yolov8l_bsz4.ms,109.50,118.50,228.00,0.500,Idle,4.97,9.41,349.63,4604.00,11499.37,407.52,,0,100,37.00,-64,4419864,-282871.30,3,fused
76625,000000076625.jpg,640x480,1,0.967194,1,1,TP,yolov8l_bsz4.ms,108.25,116.75,225.00,0.500,Idle,5.09,9.48,296.25,4657.00,11499.37,460.14,,0,100,37.00,-66,4419926,-291715.12,3,fused
167486,000000167486.jpg,640x480,1,0.967137,1,1,TP,yolov8l_bsz4.ms,108.25,116.75,225.00,0.500,Idle,5.09,9.48,296.25,4657.00,11499.37,460.14,,0,100,37.00,-66,4419926,-291715.12,3,fused
42528,000000042528.jpg,640x495,1,0.967066,1,1,TP,yolov8l_bsz4.ms,108.25,116.75,225.00,0.500,Idle,5.09,9.48,296.25,4657.00,11499.37,460.14,,0,100,37.00,-66,4419926,-291715.12,3,fused
259830,000000259830.jpg,425x640,1,0.966848,1,1,TP,yolov8l_bsz4.ms,108.25,116.75,225.00,0.500,Idle,5.09,9.48,296.25,4657.00,11499.37,460.14,,0,100,37.00,-66,4419926,-291715.12,3,fused
138979,000000138979.jpg,640x426,1,0.966833,1,1,TP,yolov8l_bsz4.ms,109.25,114.50,223.75,0.500,Idle,5.12,9.48,373.64,4579.00,11499.37,381.05,,0,100,37.00,-69,4419806,-304966.61,3,fused
462371,000000462371.jpg,500x401,1,0.966806,1,1,TP,yolov8l_bsz4.ms,109.25,114.50,223.75,0.500,Idle,5.12,9.48,373.64,4579.00,11499.37,381.05,,0,100,37.00,-69,4419806,-304966.61,3,fused
253433,000000253433.jpg,640x480,1,0.966669,0,0,FP,yolov8l_bsz4.ms,109.25,114.50,223.75,0.500,Idle,5.12,9.48,373.64,4579.00,11499.37,381.05,,0,100,37.00,-69,4419806,-304966.61,3,fused
310072,000000310072.jpg,640x383,1,0.966554,0,0,FP,yolov8l_bsz4.ms,109.25,114.50,223.75,0.500,Idle,5.12,9.48,373.64,4579.00,11499.37,381.05,,0,100,37.00,-69,4419806,-304966.61,3,fused
407868,000000407868.jpg,640x480,1,0.966370,1,1,TP,yolov8l_bsz4.ms,110.50,119.00,229.50,0.500,Idle,5.14,9.52,371.56,4581.00,11499.37,382.14,,0,100,37.00,-67,4419901,-296133.37,3,fused
203639,000000203639.jpg,486x640,1,0.965850,1,1,TP,yolov8l_bsz4.ms,110.50,119.00,229.50,0.500,Idle,5.14,9.52,371.56,4581.00,11499.37,382.14,,0,100,37.00,-67,4419901,-296133.37,3,fused
341469,000000341469.jpg,457x640,1,0.965636,1,1,TP,yolov8l_bsz4.ms,110.50,119.00,229.50,0.500,Idle,5.14,9.52,371.56,4581.00,11499.37,382.14,,0,100,37.00,-67,4419901,-296133.37,3,fused
570756,000000570756.jpg,640x428,1,0.965573,1,1,TP,yolov8l_bsz4.ms,110.50,119.00,229.50,0.500,Idle,5.14,9.52,371.56,4581.00,11499.37,382.14,,0,100,37.00,-67,4419901,-296133.37,3,fused
33854,000000033854.jpg,640x427,1,0.965562,1,1,TP,yolov8l_bsz4.ms,108.75,112.25,221.00,0.500,Idle,5.20,9.52,349.41,4603.00,11499.37,403.63,,0,100,37.00,-76,4419190,-335858.44,3,fused
549055,000000549055.jpg,640x304,1,0.965517,1,1,TP,yolov8l_bsz4.ms,108.75,112.25,221.00,0.500,Idle,5.20,9.52,349.41,4603.00,11499.37,403.63,,0,100,37.00,-76,4419190,-335858.44,3,fused
251140,000000251140.jpg,375x500,1,0.965187,1,1,TP,yolov8l_bsz4.ms,108.75,112.25,221.00,0.500,Idle,5.20,9.52,349.41,4603.00,11499.37,403.63,,0,100,37.00,-76,4419190,-335858.44,3,fused
124798,000000124798.jpg,640x427,1,0.964963,1,1,TP,yolov8l_bsz4.ms,108.75,112.25,221.00,0.500,Idle,5.20,9.52,349.41,4603.00,11499.37,403.63,,0,100,37.00,-76,4419190,-335858.44,3,fused
515579,000000515579.jpg,500x332,1,0.964691,1,1,TP,yolov8l_bsz4.ms,108.50,128.50,237.00,0.500,Idle,5.26,9.35,293.95,4659.00,11499.37,457.99,,0,100,37.00,-65,4419813,-287287.84,3,fused
511999,000000511999.jpg,640x446,1,0.964372,1,1,TP,yolov8l_bsz4.ms,108.50,128.50,237.00,0.500,Idle,5.26,9.35,293.95,4659.00,11499.37,457.99,,0,100,37.00,-65,4419813,-287287.84,3,fused
137576,000000137576.jpg,640x563,1,0.964287,0,0,FP,yolov8l_bsz4.ms,108.50,128.50,237.00,0.500,Idle,5.26,9.35,293.95,4659.00,11499.37,457.99,,0,100,37.00,-65,4419813,-287287.84,3,fused
49259,000000049259.jpg,427x640,1,0.964221,1,1,TP,yolov8l_bsz4.ms,108.50,128.50,237.00,0.500,Idle,5.26,9.35,293.95,4659.00,11499.37,457.99,,0,100,37.00,-65,4419813,-287287.84,3,fused
357742,000000357742.jpg,429x640,1,0.963879,1,1,TP,yolov8l_bsz4.ms,108.75,115.75,224.50,0.500,Idle,5.16,9.35,374.21,4578.00,11499.37,376.84,,0,100,37.00,-63,4419926,-278455.34,3,fused
345385,000000345385.jpg,640x480,1,0.963770,1,1,TP,yolov8l_bsz4.ms,108.75,115.75,224.50,0.500,Idle,5.16,9.35,374.21,4578.00,11499.37,376.84,,0,100,37.00,-63,4419926,-278455.34,3,fused
13546,000000013546.jpg,640x425,1,0.963354,1,1,TP,yolov8l_bsz4.ms,108.75,115.75,224.50,0.500,Idle,5.16,9.35,374.21,4578.00,11499.37,376.84,,0,100,37.00,-63,4419926,-278455.34,3,fused
458255,000000458255.jpg,640x428,1,0.963281,1,1,TP,yolov8l_bsz4.ms,108.75,115.75,224.50,0.500,Idle,5.16,9.35,374.21,4578.00,11499.37,376.84,,0,100,37.00,-63,4419926,-278455.34,3,fused
558114,000000558114.jpg,640x480,1,0.962980,1,1,TP,yolov8l_bsz4.ms,108.00,114.50,222.50,0.500,Idle,5.15,9.37,368.81,4583.00,11499.37,380.40,,0,100,37.00,-61,4420008,-269620.49,3,fused
303499,000000303499.jpg,333x500,1,0.962928,1,1,TP,yolov8l_bsz4.ms,108.00,114.50,222.50,0.500,Idle,5.15,9.37,368.81,4583.00,11499.37,380.40,,0,100,37.00,-61,4420008,-269620.49,3,fused
422670,000000422670.jpg,640x427,1,0.962863,1,1,TP,yolov8l_bsz4.ms,108.00,114.50,222.50,0.500,Idle,5.15,9.37,368.81,4583.00,11499.37,380.40,,0,100,37.00,-61,4420008,-269620.49,3,fused
37689,000000037689.jpg,640x426,1,0.962839,1,1,TP,yolov8l_bsz4.ms,108.00,114.50,222.50,0.500,Idle,5.15,9.37,368.81,4583.00,11499.37,380.40,,0,100,37.00,-61,4420008,-269620.49,3,fused
102356,000000102356.jpg,427x640,1,0.962754,1,1,TP,yolov8l_bsz4.ms,110.00,118.75,228.75,0.500,Idle,5.22,9.37,350.01,4602.00,11499.37,398.64,,0,100,37.00,-60,4420078,-265204.68,3,fused
213255,000000213255.jpg,480x640,1,0.962730,1,1,TP,yolov8l_bsz4.ms,110.00,118.75,228.75,0.500,Idle,5.22,9.37,350.01,4602.00,11499.37,398.64,,0,100,37.00,-60,4420078,-265204.68,3,fused
462728,000000462728.jpg,640x427,1,0.962366,1,1,TP,yolov8l_bsz4.ms,110.00,118.75,228.75,0.500,Idle,5.22,9.37,350.01,4602.00,11499.37,398.64,,0,100,37.00,-60,4420078,-265204.68,3,fused
369541,000000369541.jpg,375x500,1,0.962106,1,1,TP,yolov8l_bsz4.ms,110.00,118.75,228.75,0.500,Idle,5.22,9.37,350.01,4602.00,11499.37,398.64,,0,100,37.00,-60,4420078,-265204.68,3,fused
19221,000000019221.jpg,640x478,1,0.962000,1,1,TP,yolov8l_bsz4.ms,108.00,118.75,226.75,0.500,Idle,5.20,9.37,294.12,4657.00,11499.37,453.73,,0,100,37.00,-62,4420005,-274040.31,3,fused
206025,000000206025.jpg,424x640,1,0.961926,1,1,TP,yolov8l_bsz4.ms,108.00,118.75,226.75,0.500,Idle,5.20,9.37,294.12,4657.00,11499.37,453.73,,0,100,37.00,-62,4420005,-274040.31,3,fused
300039,000000300039.jpg,500x374,1,0.961920,1,1,TP,yolov8l_bsz4.ms,108.00,118.75,226.75,0.500,Idle,5.20,9.37,294.12,4657.00,11499.37,453.73,,0,100,37.00,-62,4420005,-274040.31,3,fused
230819,000000230819.jpg,640x432,1,0.961792,1,1,TP,yolov8l_bsz4.ms,108.00,118.75,226.75,0.500,Idle,5.20,9.37,294.12,4657.00,11499.37,453.73,,0,100,37.00,-62,4420005,-274040.31,3,fused
58655,000000058655.jpg,425x640,1,0.961485,0,0,FP,yolov8l_bsz4.ms,109.50,110.75,220.25,0.500,Idle,8.96,9.24,371.37,4580.00,11499.37,375.21,,0,100,37.00,-125,4417300,-552162.50,3,fused
574702,000000574702.jpg,333x500,1,0.961415,1,1,TP,yolov8l_bsz4.ms,109.50,110.75,220.25,0.500,Idle,8.96,9.24,371.37,4580.00,11499.37,375.21,,0,100,37.00,-125,4417300,-552162.50,3,fused
346707,000000346707.jpg,333x500,1,0.961168,0,0,FP,yolov8l_bsz4.ms,109.50,110.75,220.25,0.500,Idle,8.96,9.24,371.37,4580.00,11499.37,375.21,,0,100,37.00,-125,4417300,-552162.50,3,fused
552842,000000552842.jpg,640x427,1,0.961128,1,1,TP,yolov8l_bsz4.ms,109.50,110.75,220.25,0.500,Idle,8.96,9.24,371.37,4580.00,11499.37,375.21,,0,100,37.00,-125,4417300,-552162.50,3,fused
388927,000000388927.jpg,480x640,1,0.960642,1,1,TP,yolov8l_bsz4.ms,111.00,136.00,247.00,0.500,Idle,6.22,9.24,370.79,4580.00,11499.37,374.69,,0,100,37.00,-59,4420102,-260786.02,3,fused
295478,000000295478.jpg,512x640,1,0.960545,1,1,TP,yolov8l_bsz4.ms,111.00,136.00,247.00,0.500,Idle,6.22,9.24,370.79,4580.00,11499.37,374.69,,0,100,37.00,-59,4420102,-260786.02,3,fused
52507,000000052507.jpg,640x438,1,0.960233,1,1,TP,yolov8l_bsz4.ms,111.00,136.00,247.00,0.500,Idle,6.22,9.24,370.79,4580.00,11499.37,374.69,,0,100,37.00,-59,4420102,-260786.02,3,fused
76547,000000076547.jpg,640x480,1,0.960140,1,1,TP,yolov8l_bsz4.ms,111.00,136.00,247.00,0.500,Idle,6.22,9.24,370.79,4580.00,11499.37,374.69,,0,100,37.00,-59,4420102,-260786.02,3,fused
360960,000000360960.jpg,426x640,1,0.959915,1,1,TP,yolov8l_bsz4.ms,108.25,108.00,216.25,0.500,Idle,5.70,9.25,352.38,4597.00,11499.37,393.38,,0,100,37.00,-66,4419541,-291689.71,3,fused
93353,000000093353.jpg,640x480,1,0.959753,1,1,TP,yolov8l_bsz4.ms,108.25,108.00,216.25,0.500,Idle,5.70,9.25,352.38,4597.00,11499.37,393.38,,0,100,37.00,-66,4419541,-291689.71,3,fused
232684,000000232684.jpg,640x427,1,0.959520,1,1,TP,yolov8l_bsz4.ms,108.25,108.00,216.25,0.500,Idle,5.70,9.25,352.38,4597.00,11499.37,393.38,,0,100,37.00,-66,4419541,-291689.71,3,fused
481573,000000481573.jpg,640x639,1,0.959374,1,1,TP,yolov8l_bsz4.ms,108.25,108.00,216.25,0.500,Idle,5.70,9.25,352.38,4597.00,11499.37,393.38,,0,100,37.00,-66,4419541,-291689.71,3,fused
377113,000000377113.jpg,640x427,1,0.959294,1,1,TP,yolov8l_bsz4.ms,108.75,123.00,231.75,0.500,Idle,5.57,9.25,293.63,4657.00,11499.37,450.81,,0,100,37.00,-66,4419783,-291705.68,3,fused
572462,000000572462.jpg,612x612,1,0.959117,1,1,TP,yolov8l_bsz4.ms,108.75,123.00,231.75,0.500,Idle,5.57,9.25,293.63,4657.00,11499.37,450.81,,0,100,37.00,-66,4419783,-291705.68,3,fused
180135,000000180135.jpg,333x500,1,0.959106,1,1,TP,yolov8l_bsz4.ms,108.75,123.00,231.75,0.500,Idle,5.57,9.25,293.63,4657.00,11499.37,450.81,,0,100,37.00,-66,4419783,-291705.68,3,fused
81738,000000081738.jpg,640x480,1,0.959072,1,1,TP,yolov8l_bsz4.ms,108.75,123.00,231.75,0.500,Idle,5.57,9.25,293.63,4657.00,11499.37,450.81,,0,100,37.00,-66,4419783,-291705.68,3,fused
228436,000000228436.jpg,640x485,1,0.959035,0,0,FP,yolov8l_bsz4.ms,113.25,125.75,239.00,0.500,Idle,5.42,9.09,373.21,4577.00,11499.37,370.46,,0,100,37.00,-61,4419900,-269613.90,3,fused
25986,000000025986.jpg,640x480,1,0.958950,0,0,FP,yolov8l_bsz4.ms,113.25,125.75,239.00,0.500,Idle,5.42,9.09,373.21,4577.00,11499.37,370.46,,0,100,37.00,-61,4419900,-269613.90,3,fused
419379,000000419379.jpg,427x640,1,0.958563,1,1,TP,yolov8l_bsz4.ms,113.25,125.75,239.00,0.500,Idle,5.42,9.09,373.21,4577.00,11499.37,370.46,,0,100,37.00,-61,4419900,-269613.90,3,fused
195045,000000195045.jpg,640x480,1,0.958529,0,0,FP,yolov8l_bsz4.ms,113.25,125.75,239.00,0.500,Idle,5.42,9.09,373.21,4577.00,11499.37,370.46,,0,100,37.00,-61,4419900,-269613.90,3,fused
438304,000000438304.jpg,464x640,1,0.958462,1,1,TP,yolov8l_bsz4.ms,110.75,113.75,224.50,0.500,Idle,5.40,9.09,368.16,4582.00,11499.37,374.68,,0,100,37.00,-63,4419893,-278453.26,3,fused
31050,000000031050.jpg,427x640,1,0.958320,0,0,FP,yolov8l_bsz4.ms,110.75,113.75,224.50,0.500,Idle,5.40,9.09,368.16,4582.00,11499.37,374.68,,0,100,37.00,-63,4419893,-278453.26,3,fused
421834,000000421834.jpg,640x457,1,0.958294,0,0,FP,yolov8l_bsz4.ms,110.75,113.75,224.50,0.500,Idle,5.40,9.09,368.16,4582.00,11499.37,374.68,,0,100,37.00,-63,4419893,-278453.26,3,fused
331280,000000331280.jpg,500x366,1,0.958088,1,1,TP,yolov8l_bsz4.ms,110.75,113.75,224.50,0.500,Idle,5.40,9.09,368.16,4582.00,11499.37,374.68,,0,100,37.00,-63,4419893,-278453.26,3,fused
220584,000000220584.jpg,640x427,1,0.957667,1,1,TP,yolov8l_bsz4.ms,108.25,115.75,224.00,0.500,Idle,5.39,9.09,350.33,4600.00,11499.37,391.85,,0,100,37.00,-60,4419986,-265199.16,3,fused
540932,000000540932.jpg,640x480,1,0.957340,1,1,TP,yolov8l_bsz4.ms,108.25,115.75,224.00,0.500,Idle,5.39,9.09,350.33,4600.00,11499.37,391.85,,0,100,37.00,-60,4419986,-265199.16,3,fused
579321,000000579321.jpg,640x498,1,0.957236,1,1,TP,yolov8l_bsz4.ms,108.25,115.75,224.00,0.500,Idle,5.39,9.09,350.33,4600.00,11499.37,391.85,,0,100,37.00,-60,4419986,-265199.16,3,fused
249180,000000249180.jpg,640x427,1,0.956943,1,1,TP,yolov8l_bsz4.ms,108.25,115.75,224.00,0.500,Idle,5.39,9.09,350.33,4600.00,11499.37,391.85,,0,100,37.00,-60,4419986,-265199.16,3,fused
85089,000000085089.jpg,640x428,1,0.956921,1,1,TP,yolov8l_bsz4.ms,107.75,110.75,218.50,0.500,Idle,5.34,8.93,293.98,4655.00,11499.37,446.40,,0,100,37.00,-59,4419961,-260777.70,3,fused
425227,000000425227.jpg,428x640,1,0.956556,1,1,TP,yolov8l_bsz4.ms,107.75,110.75,218.50,0.500,Idle,5.34,8.93,293.98,4655.00,11499.37,446.40,,0,100,37.00,-59,4419961,-260777.70,3,fused
214703,000000214703.jpg,427x640,1,0.956464,1,1,TP,yolov8l_bsz4.ms,107.75,110.75,218.50,0.500,Idle,5.34,8.93,293.98,4655.00,11499.37,446.40,,0,100,37.00,-59,4419961,-260777.70,3,fused
515350,000000515350.jpg,640x427,1,0.956314,1,1,TP,yolov8l_bsz4.ms,107.75,110.75,218.50,0.500,Idle,5.34,8.93,293.98,4655.00,11499.37,446.40,,0,100,37.00,-59,4419961,-260777.70,3,fused
458325,000000458325.jpg,640x427,1,0.955999,1,1,TP,yolov8l_bsz4.ms,109.75,110.25,220.00,0.500,Idle,5.31,8.93,372.34,4577.00,11499.37,367.57,,0,100,37.00,-72,4419339,-318192.41,3,fused
360661,000000360661.jpg,640x480,1,0.955911,1,1,TP,yolov8l_bsz4.ms,109.75,110.25,220.00,0.500,Idle,5.31,8.93,372.34,4577.00,11499.37,367.57,,0,100,37.00,-72,4419339,-318192.41,3,fused
329614,000000329614.jpg,500x208,1,0.955868,1,1,TP,yolov8l_bsz4.ms,109.75,110.25,220.00,0.500,Idle,5.31,8.93,372.34,4577.00,11499.37,367.57,,0,100,37.00,-72,4419339,-318192.41,3,fused
488592,000000488592.jpg,480x640,1,0.955805,1,1,TP,yolov8l_bsz4.ms,109.75,110.25,220.00,0.500,Idle,5.31,8.93,372.34,4577.00,11499.37,367.57,,0,100,37.00,-72,4419339,-318192.41,3,fused
340697,000000340697.jpg,500x333,1,0.955467,0,0,FP,yolov8l_bsz4.ms,109.25,118.75,228.00,0.500,Idle,5.31,9.27,369.71,4579.00,11499.37,369.12,,0,100,37.00,-67,4419655,-296116.89,3,fused
361586,000000361586.jpg,640x360,1,0.955308,1,1,TP,yolov8l_bsz4.ms,109.25,118.75,228.00,0.500,Idle,5.31,9.27,369.71,4579.00,11499.37,369.12,,0,100,37.00,-67,4419655,-296116.89,3,fused
538364,000000538364.jpg,640x480,1,0.955255,1,1,TP,yolov8l_bsz4.ms,109.25,118.75,228.00,0.500,Idle,5.31,9.27,369.71,4579.00,11499.37,369.12,,0,100,37.00,-67,4419655,-296116.89,3,fused
357816,000000357816.jpg,500x455,1,0.955140,1,1,TP,yolov8l_bsz4.ms,109.25,118.75,228.00,0.500,Idle,5.31,9.27,369.71,4579.00,11499.37,369.12,,0,100,37.00,-67,4419655,-296116.89,3,fused
513580,000000513580.jpg,640x484,1,0.955078,1,1,TP,yolov8l_bsz4.ms,108.25,108.50,216.75,0.500,Idle,5.34,9.27,350.46,4598.00,11499.37,387.61,,0,100,37.00,-66,4419850,-291710.10,3,fused
199395,000000199395.jpg,427x640,1,0.955068,1,1,TP,yolov8l_bsz4.ms,108.25,108.50,216.75,0.500,Idle,5.34,9.27,350.46,4598.00,11499.37,387.61,,0,100,37.00,-66,4419850,-291710.10,3,fused
119911,000000119911.jpg,640x425,1,0.954866,1,1,TP,yolov8l_bsz4.ms,108.25,108.50,216.75,0.500,Idle,5.34,9.27,350.46,4598.00,11499.37,387.61,,0,100,37.00,-66,4419850,-291710.10,3,fused
542856,000000542856.jpg,640x427,1,0.954777,1,1,TP,yolov8l_bsz4.ms,108.25,108.50,216.75,0.500,Idle,5.34,9.27,350.46,4598.00,11499.37,387.61,,0,100,37.00,-66,4419850,-291710.10,3,fused
365521,000000365521.jpg,428x640,1,0.954294,1,1,TP,yolov8l_bsz4.ms,108.00,100.50,208.50,0.500,Idle,7.52,17.41,295.01,4653.00,11499.37,441.86,,0,100,38.00,-97,4417779,-428524.56,3,fused
108495,000000108495.jpg,333x500,1,0.954240,1,1,TP,yolov8l_bsz4.ms,108.00,100.50,208.50,0.500,Idle,7.52,17.41,295.01,4653.00,11499.37,441.86,,0,100,38.00,-97,4417779,-428524.56,3,fused
214539,000000214539.jpg,640x427,1,0.953974,1,1,TP,yolov8l_bsz4.ms,108.00,100.50,208.50,0.500,Idle,7.52,17.41,295.01,4653.00,11499.37,441.86,,0,100,38.00,-97,4417779,-428524.56,3,fused
27972,000000027972.jpg,640x426,1,0.953724,1,1,TP,yolov8l_bsz4.ms,108.00,100.50,208.50,0.500,Idle,7.52,17.41,295.01,4653.00,11499.37,441.86,,0,100,38.00,-97,4417779,-428524.56,3,fused
47819,000000047819.jpg,500x375,1,0.953648,1,1,TP,yolov8l_bsz4.ms,110.00,98.00,208.00,0.500,Idle,5.52,17.41,372.91,4576.00,11499.37,363.53,,0,100,38.00,-159,4415830,-702116.97,3,fused
201646,000000201646.jpg,640x427,1,0.953562,1,1,TP,yolov8l_bsz4.ms,110.00,98.00,208.00,0.500,Idle,5.52,17.41,372.91,4576.00,11499.37,363.53,,0,100,38.00,-159,4415830,-702116.97,3,fused
511599,000000511599.jpg,640x480,1,0.953524,1,1,TP,yolov8l_bsz4.ms,110.00,98.00,208.00,0.500,Idle,5.52,17.41,372.91,4576.00,11499.37,363.53,,0,100,38.00,-159,4415830,-702116.97,3,fused
508101,000000508101.jpg,640x480,1,0.953382,1,1,TP,yolov8l_bsz4.ms,110.00,98.00,208.00,0.500,Idle,5.52,17.41,372.91,4576.00,11499.37,363.53,,0,100,38.00,-159,4415830,-702116.97,3,fused
309391,000000309391.jpg,640x384,1,0.952971,1,1,TP,yolov8l_bsz4.ms,110.75,84.25,195.00,0.500,Idle,5.27,17.41,370.92,4577.00,11499.37,363.83,,0,100,38.00,-219,4413687,-966597.45,3,fused
560911,000000560911.jpg,481x640,1,0.952537,1,1,TP,yolov8l_bsz4.ms,110.75,84.25,195.00,0.500,Idle,5.27,17.41,370.92,4577.00,11499.37,363.83,,0,100,38.00,-219,4413687,-966597.45,3,fused
71226,000000071226.jpg,640x426,1,0.952245,0,0,FP,yolov8l_bsz4.ms,110.75,84.25,195.00,0.500,Idle,5.27,17.41,370.92,4577.00,11499.37,363.83,,0,100,38.00,-219,4413687,-966597.45,3,fused
426203,000000426203.jpg,426x640,1,0.951534,1,1,TP,yolov8l_bsz4.ms,110.75,84.25,195.00,0.500,Idle,5.27,17.41,370.92,4577.00,11499.37,363.83,,0,100,38.00,-219,4413687,-966597.45,3,fused
427338,000000427338.jpg,640x396,1,0.951186,1,1,TP,yolov8l_bsz4.ms,110.25,101.75,212.00,0.500,Idle,5.26,12.89,351.34,4583.00,11499.37,369.23,,0,100,38.00,-201,4414426,-887299.63,3,fused
448263,000000448263.jpg,320x240,1,0.951045,1,1,TP,yolov8l_bsz4.ms,110.25,101.75,212.00,0.500,Idle,5.26,12.89,351.34,4583.00,11499.37,369.23,,0,100,38.00,-201,4414426,-887299.63,3,fused
172648,000000172648.jpg,640x480,1,0.950984,1,1,TP,yolov8l_bsz4.ms,110.25,101.75,212.00,0.500,Idle,5.26,12.89,351.34,4583.00,11499.37,369.23,,0,100,38.00,-201,4414426,-887299.63,3,fused
427034,000000427034.jpg,640x480,1,0.950915,1,1,TP,yolov8l_bsz4.ms,110.25,101.75,212.00,0.500,Idle,5.26,12.89,351.34,4583.00,11499.37,369.23,,0,100,38.00,-201,4414426,-887299.63,3,fused
389109,000000389109.jpg,427x640,1,0.950813,1,1,TP,yolov8l_bsz4.ms,108.50,99.50,208.00,0.500,Idle,5.25,12.89,296.83,4635.00,11499.37,421.69,,0,100,38.00,-93,4418083,-410881.72,3,fused
94944,000000094944.jpg,640x427,1,0.950765,1,1,TP,yolov8l_bsz4.ms,108.50,99.50,208.00,0.500,Idle,5.25,12.89,296.83,4635.00,11499.37,421.69,,0,100,38.00,-93,4418083,-410881.72,3,fused
161861,000000161861.jpg,500x375,1,0.950748,1,1,TP,yolov8l_bsz4.ms,108.50,99.50,208.00,0.500,Idle,5.25,12.89,296.83,4635.00,11499.37,421.69,,0,100,38.00,-93,4418083,-410881.72,3,fused
209222,000000209222.jpg,640x427,1,0.950691,1,1,TP,yolov8l_bsz4.ms,108.50,99.50,208.00,0.500,Idle,5.25,12.89,296.83,4635.00,11499.37,421.69,,0,100,38.00,-93,4418083,-410881.72,3,fused
332351,000000332351.jpg,640x426,1,0.950653,1,1,TP,yolov8l_bsz4.ms,109.75,110.25,220.00,0.500,Idle,5.17,12.89,371.53,4556.00,11499.37,340.93,,0,100,38.00,-67,4419115,-296080.71,3,fused
179392,000000179392.jpg,480x640,1,0.950603,0,0,FP,yolov8l_bsz4.ms,109.75,110.25,220.00,0.500,Idle,5.17,12.89,371.53,4556.00,11499.37,340.93,,0,100,38.00,-67,4419115,-296080.71,3,fused
192607,000000192607.jpg,640x425,1,0.950572,1,1,TP,yolov8l_bsz4.ms,109.75,110.25,220.00,0.500,Idle,5.17,12.89,371.53,4556.00,11499.37,340.93,,0,100,38.00,-67,4419115,-296080.71,3,fused
2299,000000002299.jpg,500x302,1,0.950200,1,1,TP,yolov8l_bsz4.ms,109.75,110.25,220.00,0.500,Idle,5.17,12.89,371.53,4556.00,11499.37,340.93,,0,100,38.00,-67,4419115,-296080.71,3,fused
535094,000000535094.jpg,640x427,1,0.950168,1,1,TP,yolov8l_bsz4.ms,108.25,119.75,228.00,0.500,Idle,5.22,13.49,374.79,4576.00,11499.37,360.82,,0,100,38.00,-67,4419230,-296088.41,3,fused
172649,000000172649.jpg,640x427,1,0.949862,1,1,TP,yolov8l_bsz4.ms,108.25,119.75,228.00,0.500,Idle,5.22,13.49,374.79,4576.00,11499.37,360.82,,0,100,38.00,-67,4419230,-296088.41,3,fused
190841,000000190841.jpg,640x427,1,0.949821,1,1,TP,yolov8l_bsz4.ms,108.25,119.75,228.00,0.500,Idle,5.22,13.49,374.79,4576.00,11499.37,360.82,,0,100,38.00,-67,4419230,-296088.41,3,fused
443969,000000443969.jpg,612x612,1,0.949749,1,1,TP,yolov8l_bsz4.ms,108.25,119.75,228.00,0.500,Idle,5.22,13.49,374.79,4576.00,11499.37,360.82,,0,100,38.00,-67,4419230,-296088.41,3,fused
214192,000000214192.jpg,640x436,1,0.949717,1,1,TP,yolov8l_bsz4.ms,109.50,125.25,234.75,0.500,Idle,5.27,13.49,369.08,4582.00,11499.37,365.84,,0,100,38.00,-65,4419345,-287257.42,3,fused
212573,000000212573.jpg,640x559,1,0.949638,1,1,TP,yolov8l_bsz4.ms,109.50,125.25,234.75,0.500,Idle,5.27,13.49,369.08,4582.00,11499.37,365.84,,0,100,38.00,-65,4419345,-287257.42,3,fused
399560,000000399560.jpg,640x478,1,0.949596,0,0,FP,yolov8l_bsz4.ms,109.50,125.25,234.75,0.500,Idle,5.27,13.49,369.08,4582.00,11499.37,365.84,,0,100,38.00,-65,4419345,-287257.42,3,fused
376307,000000376307.jpg,375x500,1,0.949397,1,1,TP,yolov8l_bsz4.ms,109.50,125.25,234.75,0.500,Idle,5.27,13.49,369.08,4582.00,11499.37,365.84,,0,100,38.00,-65,4419345,-287257.42,3,fused
232563,000000232563.jpg,480x640,1,0.948705,1,1,TP,yolov8l_bsz4.ms,109.75,118.75,228.50,0.500,Idle,5.29,12.58,368.99,4582.00,11499.37,365.53,,0,100,38.00,-116,4417620,-512443.92,3,fused
475191,000000475191.jpg,640x480,1,0.948579,1,1,TP,yolov8l_bsz4.ms,109.75,118.75,228.50,0.500,Idle,5.29,12.58,368.99,4582.00,11499.37,365.53,,0,100,38.00,-116,4417620,-512443.92,3,fused
62353,000000062353.jpg,640x480,1,0.948468,1,1,TP,yolov8l_bsz4.ms,109.75,118.75,228.50,0.500,Idle,5.29,12.58,368.99,4582.00,11499.37,365.53,,0,100,38.00,-116,4417620,-512443.92,3,fused
5586,000000005586.jpg,320x240,1,0.948314,1,1,TP,yolov8l_bsz4.ms,109.75,118.75,228.50,0.500,Idle,5.29,12.58,368.99,4582.00,11499.37,365.53,,0,100,38.00,-116,4417620,-512443.92,3,fused
286503,000000286503.jpg,640x427,1,0.948022,1,1,TP,yolov8l_bsz4.ms,109.25,114.75,224.00,0.500,Idle,5.31,12.58,351.35,4600.00,11499.37,383.01,,0,100,38.00,-65,4418989,-287234.28,3,fused
108253,000000108253.jpg,480x640,1,0.947982,1,1,TP,yolov8l_bsz4.ms,109.25,114.75,224.00,0.500,Idle,5.31,12.58,351.35,4600.00,11499.37,383.01,,0,100,38.00,-65,4418989,-287234.28,3,fused
292236,000000292236.jpg,332x500,1,0.947753,1,1,TP,yolov8l_bsz4.ms,109.25,114.75,224.00,0.500,Idle,5.31,12.58,351.35,4600.00,11499.37,383.01,,0,100,38.00,-65,4418989,-287234.28,3,fused
377239,000000377239.jpg,640x427,1,0.947546,1,1,TP,yolov8l_bsz4.ms,109.25,114.75,224.00,0.500,Idle,5.31,12.58,351.35,4600.00,11499.37,383.01,,0,100,38.00,-65,4418989,-287234.28,3,fused
224337,000000224337.jpg,640x427,1,0.946746,1,1,TP,yolov8l_bsz4.ms,108.00,131.00,239.00,0.500,Idle,5.32,11.86,305.75,4645.00,11499.37,427.62,,0,100,38.00,-64,4419161,-282826.30,3,fused
59635,000000059635.jpg,486x640,1,0.946626,1,1,TP,yolov8l_bsz4.ms,108.00,131.00,239.00,0.500,Idle,5.32,11.86,305.75,4645.00,11499.37,427.62,,0,100,38.00,-64,4419161,-282826.30,3,fused
193717,000000193717.jpg,521x640,1,0.946509,1,1,TP,yolov8l_bsz4.ms,108.00,131.00,239.00,0.500,Idle,5.32,11.86,305.75,4645.00,11499.37,427.62,,0,100,38.00,-64,4419161,-282826.30,3,fused
273420,000000273420.jpg,500x400,1,0.946110,1,1,TP,yolov8l_bsz4.ms,108.00,131.00,239.00,0.500,Idle,5.32,11.86,305.75,4645.00,11499.37,427.62,,0,100,38.00,-64,4419161,-282826.30,3,fused
191845,000000191845.jpg,640x361,1,0.946075,1,1,TP,yolov8l_bsz4.ms,109.25,117.25,226.50,0.500,Idle,6.42,11.86,374.14,4577.00,11499.37,358.15,,0,100,38.00,-64,4419191,-282828.22,3,fused
393226,000000393226.jpg,640x480,1,0.945844,1,1,TP,yolov8l_bsz4.ms,109.25,117.25,226.50,0.500,Idle,6.42,11.86,374.14,4577.00,11499.37,358.15,,0,100,38.00,-64,4419191,-282828.22,3,fused
421757,000000421757.jpg,640x480,1,0.945825,1,1,TP,yolov8l_bsz4.ms,109.25,117.25,226.50,0.500,Idle,6.42,11.86,374.14,4577.00,11499.37,358.15,,0,100,38.00,-64,4419191,-282828.22,3,fused
80949,000000080949.jpg,640x438,1,0.945755,0,0,FP,yolov8l_bsz4.ms,109.25,117.25,226.50,0.500,Idle,6.42,11.86,374.14,4577.00,11499.37,358.15,,0,100,38.00,-64,4419191,-282828.22,3,fused
309467,000000309467.jpg,640x326,1,0.945725,1,1,TP,yolov8l_bsz4.ms,111.50,112.75,224.25,0.500,Idle,5.69,10.54,372.46,4578.00,11499.37,358.88,,0,100,38.00,-63,4419370,-278420.31,3,fused
166747,000000166747.jpg,375x500,1,0.945591,1,1,TP,yolov8l_bsz4.ms,111.50,112.75,224.25,0.500,Idle,5.69,10.54,372.46,4578.00,11499.37,358.88,,0,100,38.00,-63,4419370,-278420.31,3,fused
223747,000000223747.jpg,500x370,1,0.944940,1,1,TP,yolov8l_bsz4.ms,111.50,112.75,224.25,0.500,Idle,5.69,10.54,372.46,4578.00,11499.37,358.88,,0,100,38.00,-63,4419370,-278420.31,3,fused
403565,000000403565.jpg,447x640,1,0.944914,1,1,TP,yolov8l_bsz4.ms,111.50,112.75,224.25,0.500,Idle,5.69,10.54,372.46,4578.00,11499.37,358.88,,0,100,38.00,-63,4419370,-278420.31,3,fused
132408,000000132408.jpg,429x640,1,0.944909,1,1,TP,yolov8l_bsz4.ms,108.75,119.25,228.00,0.500,Idle,5.74,10.54,351.12,4599.00,11499.37,378.76,,0,100,38.00,-64,4419431,-282843.58,3,fused
422706,000000422706.jpg,640x427,1,0.944771,1,1,TP,yolov8l_bsz4.ms,108.75,119.25,228.00,0.500,Idle,5.74,10.54,351.12,4599.00,11499.37,378.76,,0,100,38.00,-64,4419431,-282843.58,3,fused
90956,000000090956.jpg,640x427,1,0.944734,1,1,TP,yolov8l_bsz4.ms,108.75,119.25,228.00,0.500,Idle,5.74,10.54,351.12,4599.00,11499.37,378.76,,0,100,38.00,-64,4419431,-282843.58,3,fused
289960,000000289960.jpg,640x480,1,0.944663,1,1,TP,yolov8l_bsz4.ms,108.75,119.25,228.00,0.500,Idle,5.74,10.54,351.12,4599.00,11499.37,378.76,,0,100,38.00,-64,4419431,-282843.58,3,fused
545100,000000545100.jpg,640x426,1,0.944531,1,1,TP,yolov8l_bsz4.ms,109.50,112.00,221.50,0.500,Idle,5.55,10.54,292.75,4657.00,11499.37,436.16,,0,100,38.00,-66,4419404,-291680.66,3,fused
451144,000000451144.jpg,640x480,1,0.944099,1,1,TP,yolov8l_bsz4.ms,109.50,112.00,221.50,0.500,Idle,5.55,10.54,292.75,4657.00,11499.37,436.16,,0,100,38.00,-66,4419404,-291680.66,3,fused
128748,000000128748.jpg,491x640,1,0.944050,1,1,TP,yolov8l_bsz4.ms,109.50,112.00,221.50,0.500,Idle,5.55,10.54,292.75,4657.00,11499.37,436.16,,0,100,38.00,-66,4419404,-291680.66,3,fused
570539,000000570539.jpg,372x500,1,0.943734,1,1,TP,yolov8l_bsz4.ms,109.50,112.00,221.50,0.500,Idle,5.55,10.54,292.75,4657.00,11499.37,436.16,,0,100,38.00,-66,4419404,-291680.66,3,fused
388846,000000388846.jpg,640x427,1,0.943467,1,1,TP,yolov8l_bsz4.ms,110.00,125.50,235.50,0.500,Idle,5.41,9.36,373.37,4576.00,11499.37,355.00,,0,100,38.00,-102,4418039,-450639.98,3,fused
370711,000000370711.jpg,640x480,1,0.943124,1,1,TP,yolov8l_bsz4.ms,110.00,125.50,235.50,0.500,Idle,5.41,9.36,373.37,4576.00,11499.37,355.00,,0,100,38.00,-102,4418039,-450639.98,3,fused
527528,000000527528.jpg,640x480,1,0.942861,1,1,TP,yolov8l_bsz4.ms,110.00,125.50,235.50,0.500,Idle,5.41,9.36,373.37,4576.00,11499.37,355.00,,0,100,38.00,-102,4418039,-450639.98,3,fused
434548,000000434548.jpg,640x480,1,0.942773,1,1,TP,yolov8l_bsz4.ms,110.00,125.50,235.50,0.500,Idle,5.41,9.36,373.37,4576.00,11499.37,355.00,,0,100,38.00,-102,4418039,-450639.98,3,fused
52591,000000052591.jpg,359x640,1,0.942717,1,1,TP,yolov8l_bsz4.ms,111.50,91.75,203.25,0.500,Idle,5.40,9.36,371.25,4578.00,11499.37,356.07,,0,100,38.00,-64,4419000,-282816.00,3,fused
486112,000000486112.jpg,640x427,1,0.942573,1,1,TP,yolov8l_bsz4.ms,111.50,91.75,203.25,0.500,Idle,5.40,9.36,371.25,4578.00,11499.37,356.07,,0,100,38.00,-64,4419000,-282816.00,3,fused
141671,000000141671.jpg,640x335,1,0.942099,1,1,TP,yolov8l_bsz4.ms,111.50,91.75,203.25,0.500,Idle,5.40,9.36,371.25,4578.00,11499.37,356.07,,0,100,38.00,-64,4419000,-282816.00,3,fused
558213,000000558213.jpg,640x432,1,0.942031,1,1,TP,yolov8l_bsz4.ms,111.50,91.75,203.25,0.500,Idle,5.40,9.36,371.25,4578.00,11499.37,356.07,,0,100,38.00,-64,4419000,-282816.00,3,fused
349184,000000349184.jpg,428x640,1,0.941579,1,1,TP,yolov8l_bsz4.ms,107.75,109.75,217.50,0.500,Idle,5.36,9.54,349.94,4599.00,11499.37,377.17,,0,100,38.00,-63,4419494,-278428.12,3,fused
450100,000000450100.jpg,480x640,1,0.941434,0,0,FP,yolov8l_bsz4.ms,107.75,109.75,217.50,0.500,Idle,5.36,9.54,349.94,4599.00,11499.37,377.17,,0,100,38.00,-63,4419494,-278428.12,3,fused
458223,000000458223.jpg,640x338,1,0.941123,1,1,TP,yolov8l_bsz4.ms,107.75,109.75,217.50,0.500,Idle,5.36,9.54,349.94,4599.00,11499.37,377.17,,0,100,38.00,-63,4419494,-278428.12,3,fused
233238,000000233238.jpg,480x640,1,0.941075,1,1,TP,yolov8l_bsz4.ms,107.75,109.75,217.50,0.500,Idle,5.36,9.54,349.94,4599.00,11499.37,377.17,,0,100,38.00,-63,4419494,-278428.12,3,fused
343706,000000343706.jpg,640x496,1,0.940900,1,1,TP,yolov8l_bsz4.ms,108.00,120.75,228.75,0.500,Idle,5.31,9.54,292.59,4656.00,11499.37,433.23,,0,100,38.00,-61,4419543,-269592.12,3,fused
122046,000000122046.jpg,427x640,1,0.940511,1,1,TP,yolov8l_bsz4.ms,108.00,120.75,228.75,0.500,Idle,5.31,9.54,292.59,4656.00,11499.37,433.23,,0,100,38.00,-61,4419543,-269592.12,3,fused
313588,000000313588.jpg,480x640,1,0.939604,1,1,TP,yolov8l_bsz4.ms,108.00,120.75,228.75,0.500,Idle,5.31,9.54,292.59,4656.00,11499.37,433.23,,0,100,38.00,-61,4419543,-269592.12,3,fused
292456,000000292456.jpg,500x375,1,0.939545,1,1,TP,yolov8l_bsz4.ms,108.00,120.75,228.75,0.500,Idle,5.31,9.54,292.59,4656.00,11499.37,433.23,,0,100,38.00,-61,4419543,-269592.12,3,fused
359135,000000359135.jpg,640x427,1,0.939452,0,0,FP,yolov8l_bsz4.ms,109.00,103.00,212.00,0.500,Idle,5.25,9.54,371.66,4577.00,11499.37,353.88,,0,100,38.00,-74,4418488,-326968.11,3,fused
566282,000000566282.jpg,640x426,1,0.939110,1,1,TP,yolov8l_bsz4.ms,109.00,103.00,212.00,0.500,Idle,5.25,9.54,371.66,4577.00,11499.37,353.88,,0,100,38.00,-74,4418488,-326968.11,3,fused
492758,000000492758.jpg,640x427,1,0.938940,1,1,TP,yolov8l_bsz4.ms,109.00,103.00,212.00,0.500,Idle,5.25,9.54,371.66,4577.00,11499.37,353.88,,0,100,38.00,-74,4418488,-326968.11,3,fused
572956,000000572956.jpg,500x333,1,0.938930,0,0,FP,yolov8l_bsz4.ms,109.00,103.00,212.00,0.500,Idle,5.25,9.54,371.66,4577.00,11499.37,353.88,,0,100,38.00,-74,4418488,-326968.11,3,fused
261061,000000261061.jpg,500x334,1,0.938928,1,1,TP,yolov8l_bsz4.ms,110.00,113.00,223.00,0.500,Idle,5.28,9.33,369.85,4578.00,11499.37,355.05,,0,100,38.00,-84,4418365,-371142.66,3,fused
442306,000000442306.jpg,640x640,1,0.938877,1,1,TP,yolov8l_bsz4.ms,110.00,113.00,223.00,0.500,Idle,5.28,9.33,369.85,4578.00,11499.37,355.05,,0,100,38.00,-84,4418365,-371142.66,3,fused
499768,000000499768.jpg,640x428,1,0.938666,0,0,FP,yolov8l_bsz4.ms,110.00,113.00,223.00,0.500,Idle,5.28,9.33,369.85,4578.00,11499.37,355.05,,0,100,38.00,-84,4418365,-371142.66,3,fused
313182,000000313182.jpg,640x424,1,0.938629,1,1,TP,yolov8l_bsz4.ms,110.00,113.00,223.00,0.500,Idle,5.28,9.33,369.85,4578.00,11499.37,355.05,,0,100,38.00,-84,4418365,-371142.66,3,fused
70254,000000070254.jpg,640x384,1,0.938440,1,1,TP,yolov8l_bsz4.ms,109.25,121.75,231.00,0.500,Idle,5.29,9.33,350.11,4598.00,11499.37,374.15,,0,100,38.00,-71,4419165,-313760.72,3,fused
38678,000000038678.jpg,480x640,1,0.938370,1,1,TP,yolov8l_bsz4.ms,109.25,121.75,231.00,0.500,Idle,5.29,9.33,350.11,4598.00,11499.37,374.15,,0,100,38.00,-71,4419165,-313760.72,3,fused
404484,000000404484.jpg,320x240,1,0.937983,1,1,TP,yolov8l_bsz4.ms,109.25,121.75,231.00,0.500,Idle,5.29,9.33,350.11,4598.00,11499.37,374.15,,0,100,38.00,-71,4419165,-313760.72,3,fused
47112,000000047112.jpg,640x480,1,0.937465,1,1,TP,yolov8l_bsz4.ms,109.25,121.75,231.00,0.500,Idle,5.29,9.33,350.11,4598.00,11499.37,374.15,,0,100,38.00,-71,4419165,-313760.72,3,fused
463730,000000463730.jpg,640x427,1,0.936980,1,1,TP,yolov8l_bsz4.ms,108.75,111.75,220.50,0.500,Idle,5.08,9.41,295.75,4653.00,11499.37,427.77,,0,100,38.00,-407,4407291,-1793767.44,3,fused
39914,000000039914.jpg,487x640,1,0.936579,1,1,TP,yolov8l_bsz4.ms,108.75,111.75,220.50,0.500,Idle,5.08,9.41,295.75,4653.00,11499.37,427.77,,0,100,38.00,-407,4407291,-1793767.44,3,fused
300276,000000300276.jpg,640x359,1,0.936452,1,1,TP,yolov8l_bsz4.ms,108.75,111.75,220.50,0.500,Idle,5.08,9.41,295.75,4653.00,11499.37,427.77,,0,100,38.00,-407,4407291,-1793767.44,3,fused
451090,000000451090.jpg,640x435,1,0.936449,0,0,FP,yolov8l_bsz4.ms,108.75,111.75,220.50,0.500,Idle,5.08,9.41,295.75,4653.00,11499.37,427.77,,0,100,38.00,-407,4407291,-1793767.44,3,fused
53529,000000053529.jpg,500x333,1,0.935862,1,1,TP,yolov8l_bsz4.ms,109.50,123.25,232.75,0.500,Idle,5.09,9.41,371.41,4577.00,11499.37,351.51,,0,100,38.00,-407,4407291,-1793767.44,3,fused
357748,000000357748.jpg,640x480,1,0.935801,1,1,TP,yolov8l_bsz4.ms,109.50,123.25,232.75,0.500,Idle,5.09,9.41,371.41,4577.00,11499.37,351.51,,0,100,38.00,-407,4407291,-1793767.44,3,fused
575500,000000575500.jpg,426x640,1,0.935635,0,0,FP,yolov8l_bsz4.ms,109.50,123.25,232.75,0.500,Idle,5.09,9.41,371.41,4577.00,11499.37,351.51,,0,100,38.00,-407,4407291,-1793767.44,3,fused
344029,000000344029.jpg,640x480,1,0.935530,1,1,TP,yolov8l_bsz4.ms,109.50,123.25,232.75,0.500,Idle,5.09,9.41,371.41,4577.00,11499.37,351.51,,0,100,38.00,-407,4407291,-1793767.44,3,fused
30828,000000030828.jpg,640x427,1,0.935250,1,1,TP,yolov8l_bsz4.ms,109.50,106.50,216.00,0.500,Idle,5.04,8.75,370.24,4577.00,11499.37,351.34,,0,100,38.00,-407,4407291,-1793767.44,3,fused
283318,000000283318.jpg,640x427,1,0.935105,1,1,TP,yolov8l_bsz4.ms,109.50,106.50,216.00,0.500,Idle,5.04,8.75,370.24,4577.00,11499.37,351.34,,0,100,38.00,-407,4407291,-1793767.44,3,fused
147223,000000147223.jpg,640x360,1,0.935075,0,0,FP,yolov8l_bsz4.ms,109.50,106.50,216.00,0.500,Idle,5.04,8.75,370.24,4577.00,11499.37,351.34,,0,100,38.00,-407,4407291,-1793767.44,3,fused
574520,000000574520.jpg,640x399,1,0.934755,1,1,TP,yolov8l_bsz4.ms,109.50,106.50,216.00,0.500,Idle,5.04,8.75,370.24,4577.00,11499.37,351.34,,0,100,38.00,-407,4407291,-1793767.44,3,fused
95862,000000095862.jpg,500x375,1,0.934480,1,1,TP,yolov8l_bsz4.ms,108.50,112.25,220.75,0.500,Idle,5.14,8.75,351.58,4596.00,11499.37,369.51,,0,100,38.00,-66,4419134,-291662.84,3,fused
99039,000000099039.jpg,640x480,1,0.934445,1,1,TP,yolov8l_bsz4.ms,108.50,112.25,220.75,0.500,Idle,5.14,8.75,351.58,4596.00,11499.37,369.51,,0,100,38.00,-66,4419134,-291662.84,3,fused
370042,000000370042.jpg,640x356,1,0.934441,0,0,FP,yolov8l_bsz4.ms,108.50,112.25,220.75,0.500,Idle,5.14,8.75,351.58,4596.00,11499.37,369.51,,0,100,38.00,-66,4419134,-291662.84,3,fused
58384,000000058384.jpg,640x466,1,0.934303,0,0,FP,yolov8l_bsz4.ms,108.50,112.25,220.75,0.500,Idle,5.14,8.75,351.58,4596.00,11499.37,369.51,,0,100,38.00,-66,4419134,-291662.84,3,fused
66841,000000066841.jpg,336x500,1,0.934091,0,0,FP,yolov8l_bsz4.ms,108.00,131.50,239.50,0.500,Idle,5.29,8.75,295.37,4652.00,11499.37,424.33,,0,100,38.00,-64,4419189,-282828.10,3,fused
184791,000000184791.jpg,640x500,1,0.934023,0,0,FP,yolov8l_bsz4.ms,108.00,131.50,239.50,0.500,Idle,5.29,8.75,295.37,4652.00,11499.37,424.33,,0,100,38.00,-64,4419189,-282828.10,3,fused
432898,000000432898.jpg,500x500,1,0.933811,1,1,TP,yolov8l_bsz4.ms,108.00,131.50,239.50,0.500,Idle,5.29,8.75,295.37,4652.00,11499.37,424.33,,0,100,38.00,-64,4419189,-282828.10,3,fused
73153,000000073153.jpg,427x640,1,0.933466,1,1,TP,yolov8l_bsz4.ms,108.00,131.50,239.50,0.500,Idle,5.29,8.75,295.37,4652.00,11499.37,424.33,,0,100,38.00,-64,4419189,-282828.10,3,fused
455301,000000455301.jpg,640x481,1,0.933336,1,1,TP,yolov8l_bsz4.ms,109.50,141.50,251.00,0.500,Idle,5.23,8.60,375.89,4571.00,11499.37,342.55,,0,100,38.00,-65,4419344,-287257.36,3,fused
264535,000000264535.jpg,612x612,1,0.933035,1,1,TP,yolov8l_bsz4.ms,109.50,141.50,251.00,0.500,Idle,5.23,8.60,375.89,4571.00,11499.37,342.55,,0,100,38.00,-65,4419344,-287257.36,3,fused
441553,000000441553.jpg,640x480,1,0.932912,1,1,TP,yolov8l_bsz4.ms,109.50,141.50,251.00,0.500,Idle,5.23,8.60,375.89,4571.00,11499.37,342.55,,0,100,38.00,-65,4419344,-287257.36,3,fused
366711,000000366711.jpg,427x640,1,0.932774,1,1,TP,yolov8l_bsz4.ms,109.50,141.50,251.00,0.500,Idle,5.23,8.60,375.89,4571.00,11499.37,342.55,,0,100,38.00,-65,4419344,-287257.36,3,fused
518326,000000518326.jpg,640x480,1,0.932444,1,1,TP,yolov8l_bsz4.ms,110.50,122.50,233.00,0.500,Idle,5.25,8.60,369.40,4577.00,11499.37,348.09,,0,100,38.00,-69,4419171,-304922.80,3,fused
535523,000000535523.jpg,640x428,1,0.932436,1,1,TP,yolov8l_bsz4.ms,110.50,122.50,233.00,0.500,Idle,5.25,8.60,369.40,4577.00,11499.37,348.09,,0,100,38.00,-69,4419171,-304922.80,3,fused
53909,000000053909.jpg,480x640,1,0.932410,1,1,TP,yolov8l_bsz4.ms,110.50,122.50,233.00,0.500,Idle,5.25,8.60,369.40,4577.00,11499.37,348.09,,0,100,38.00,-69,4419171,-304922.80,3,fused
187236,000000187236.jpg,640x480,1,0.932244,0,0,FP,yolov8l_bsz4.ms,110.50,122.50,233.00,0.500,Idle,5.25,8.60,369.40,4577.00,11499.37,348.09,,0,100,38.00,-69,4419171,-304922.80,3,fused
67406,000000067406.jpg,500x375,1,0.932213,1,1,TP,yolov8l_bsz4.ms,109.00,118.50,227.50,0.500,Idle,5.30,9.00,351.12,4594.00,11499.37,365.09,,0,100,38.00,-63,4419285,-278414.96,3,fused
44590,000000044590.jpg,640x246,1,0.932124,1,1,TP,yolov8l_bsz4.ms,109.00,118.50,227.50,0.500,Idle,5.30,9.00,351.12,4594.00,11499.37,365.09,,0,100,38.00,-63,4419285,-278414.96,3,fused
452321,000000452321.jpg,640x480,1,0.932069,0,0,FP,yolov8l_bsz4.ms,109.00,118.50,227.50,0.500,Idle,5.30,9.00,351.12,4594.00,11499.37,365.09,,0,100,38.00,-63,4419285,-278414.96,3,fused
338219,000000338219.jpg,640x566,1,0.931744,1,1,TP,yolov8l_bsz4.ms,109.00,118.50,227.50,0.500,Idle,5.30,9.00,351.12,4594.00,11499.37,365.09,,0,100,38.00,-63,4419285,-278414.96,3,fused
154644,000000154644.jpg,500x500,1,0.931721,1,1,TP,yolov8l_bsz4.ms,107.75,128.50,236.25,0.500,Idle,5.27,9.00,303.01,4643.00,11499.37,411.72,,0,100,38.00,-67,4419170,-296084.39,3,fused
497344,000000497344.jpg,500x333,1,0.931674,1,1,TP,yolov8l_bsz4.ms,107.75,128.50,236.25,0.500,Idle,5.27,9.00,303.01,4643.00,11499.37,411.72,,0,100,38.00,-67,4419170,-296084.39,3,fused
476704,000000476704.jpg,640x428,1,0.931363,0,0,FP,yolov8l_bsz4.ms,107.75,128.50,236.25,0.500,Idle,5.27,9.00,303.01,4643.00,11499.37,411.72,,0,100,38.00,-67,4419170,-296084.39,3,fused
461009,000000461009.jpg,612x612,1,0.931229,1,1,TP,yolov8l_bsz4.ms,107.75,128.50,236.25,0.500,Idle,5.27,9.00,303.01,4643.00,11499.37,411.72,,0,100,38.00,-67,4419170,-296084.39,3,fused
6894,000000006894.jpg,640x480,1,0.930949,1,1,TP,yolov8l_bsz4.ms,108.50,126.25,234.75,0.500,Idle,5.24,9.09,374.84,4570.00,11499.37,338.75,,0,100,38.00,-62,4419275,-273995.05,3,fused
125778,000000125778.jpg,640x480,1,0.930931,0,0,FP,yolov8l_bsz4.ms,108.50,126.25,234.75,0.500,Idle,5.24,9.09,374.84,4570.00,11499.37,338.75,,0,100,38.00,-62,4419275,-273995.05,3,fused
140203,000000140203.jpg,640x480,1,0.930614,1,1,TP,yolov8l_bsz4.ms,108.50,126.25,234.75,0.500,Idle,5.24,9.09,374.84,4570.00,11499.37,338.75,,0,100,38.00,-62,4419275,-273995.05,3,fused
116208,000000116208.jpg,640x480,1,0.930584,1,1,TP,yolov8l_bsz4.ms,108.50,126.25,234.75,0.500,Idle,5.24,9.09,374.84,4570.00,11499.37,338.75,,0,100,38.00,-62,4419275,-273995.05,3,fused
83540,000000083540.jpg,640x443,1,0.930315,1,1,TP,yolov8l_bsz4.ms,110.25,102.75,213.00,0.500,Idle,9.15,9.09,370.10,4575.00,11499.37,342.02,,0,100,38.00,-65,4419093,-287241.04,3,fused
126226,000000126226.jpg,640x480,1,0.930194,1,1,TP,yolov8l_bsz4.ms,110.25,102.75,213.00,0.500,Idle,9.15,9.09,370.10,4575.00,11499.37,342.02,,0,100,38.00,-65,4419093,-287241.04,3,fused
193162,000000193162.jpg,640x428,1,0.929658,1,1,TP,yolov8l_bsz4.ms,110.25,102.75,213.00,0.500,Idle,9.15,9.09,370.10,4575.00,11499.37,342.02,,0,100,38.00,-65,4419093,-287241.04,3,fused
80022,000000080022.jpg,640x426,1,0.929573,1,1,TP,yolov8l_bsz4.ms,110.25,102.75,213.00,0.500,Idle,9.15,9.09,370.10,4575.00,11499.37,342.02,,0,100,38.00,-65,4419093,-287241.04,3,fused
320232,000000320232.jpg,375x500,1,0.929304,1,1,TP,yolov8l_bsz4.ms,108.25,103.00,211.25,0.500,Idle,6.40,9.09,350.52,4594.00,11499.37,360.60,,0,100,38.00,-83,4417938,-366688.85,3,fused
346232,000000346232.jpg,427x640,1,0.929301,1,1,TP,yolov8l_bsz4.ms,108.25,103.00,211.25,0.500,Idle,6.40,9.09,350.52,4594.00,11499.37,360.60,,0,100,38.00,-83,4417938,-366688.85,3,fused
465675,000000465675.jpg,640x403,1,0.929156,0,0,FP,yolov8l_bsz4.ms,108.25,103.00,211.25,0.500,Idle,6.40,9.09,350.52,4594.00,11499.37,360.60,,0,100,38.00,-83,4417938,-366688.85,3,fused
557672,000000557672.jpg,640x433,1,0.928841,1,1,TP,yolov8l_bsz4.ms,108.25,103.00,211.25,0.500,Idle,6.40,9.09,350.52,4594.00,11499.37,360.60,,0,100,38.00,-83,4417938,-366688.85,3,fused
137106,000000137106.jpg,640x427,1,0.927990,1,1,TP,yolov8l_bsz4.ms,108.00,121.75,229.75,0.500,Idle,5.88,9.20,294.39,4650.00,11499.37,415.91,,0,100,38.00,-64,4419120,-282823.68,3,fused
569565,000000569565.jpg,640x427,1,0.927443,0,0,FP,yolov8l_bsz4.ms,108.00,121.75,229.75,0.500,Idle,5.88,9.20,294.39,4650.00,11499.37,415.91,,0,100,38.00,-64,4419120,-282823.68,3,fused
179112,000000179112.jpg,500x375,1,0.927437,1,1,TP,yolov8l_bsz4.ms,108.00,121.75,229.75,0.500,Idle,5.88,9.20,294.39,4650.00,11499.37,415.91,,0,100,38.00,-64,4419120,-282823.68,3,fused
407960,000000407960.jpg,640x426,1,0.927390,0,0,FP,yolov8l_bsz4.ms,108.00,121.75,229.75,0.500,Idle,5.88,9.20,294.39,4650.00,11499.37,415.91,,0,100,38.00,-64,4419120,-282823.68,3,fused
293071,000000293071.jpg,335x500,1,0.927383,0,0,FP,yolov8l_bsz4.ms,109.75,117.25,227.00,0.500,Idle,5.70,9.20,370.99,4574.00,11499.37,338.38,,0,100,38.00,-63,4419203,-278409.79,3,fused
302882,000000302882.jpg,500x400,1,0.926930,1,1,TP,yolov8l_bsz4.ms,109.75,117.25,227.00,0.500,Idle,5.70,9.20,370.99,4574.00,11499.37,338.38,,0,100,38.00,-63,4419203,-278409.79,3,fused
331604,000000331604.jpg,640x427,1,0.926420,1,1,TP,yolov8l_bsz4.ms,109.75,117.25,227.00,0.500,Idle,5.70,9.20,370.99,4574.00,11499.37,338.38,,0,100,38.00,-63,4419203,-278409.79,3,fused
373353,000000373353.jpg,640x428,1,0.926394,1,1,TP,yolov8l_bsz4.ms,109.75,117.25,227.00,0.500,Idle,5.70,9.20,370.99,4574.00,11499.37,338.38,,0,100,38.00,-63,4419203,-278409.79,3,fused
436883,000000436883.jpg,640x421,1,0.926272,1,1,TP,yolov8l_bsz4.ms,111.50,125.50,237.00,0.500,Idle,5.62,9.18,371.22,4573.00,11499.37,337.01,,0,100,38.00,-61,4419304,-269577.54,3,fused
256916,000000256916.jpg,640x480,1,0.926172,0,0,FP,yolov8l_bsz4.ms,111.50,125.50,237.00,0.500,Idle,5.62,9.18,371.22,4573.00,11499.37,337.01,,0,100,38.00,-61,4419304,-269577.54,3,fused
162581,000000162581.jpg,480x640,1,0.925948,1,1,TP,yolov8l_bsz4.ms,111.50,125.50,237.00,0.500,Idle,5.62,9.18,371.22,4573.00,11499.37,337.01,,0,100,38.00,-61,4419304,-269577.54,3,fused
369442,000000369442.jpg,640x480,1,0.925674,1,1,TP,yolov8l_bsz4.ms,111.50,125.50,237.00,0.500,Idle,5.62,9.18,371.22,4573.00,11499.37,337.01,,0,100,38.00,-61,4419304,-269577.54,3,fused
430377,000000430377.jpg,439x640,1,0.925434,1,1,TP,yolov8l_bsz4.ms,114.00,108.00,222.00,0.500,Idle,5.56,9.18,350.56,4593.00,11499.37,356.67,,0,100,38.00,-59,4419378,-260743.30,3,fused
51610,000000051610.jpg,640x427,1,0.925409,1,1,TP,yolov8l_bsz4.ms,114.00,108.00,222.00,0.500,Idle,5.56,9.18,350.56,4593.00,11499.37,356.67,,0,100,38.00,-59,4419378,-260743.30,3,fused
550714,000000550714.jpg,640x480,1,0.925318,1,1,TP,yolov8l_bsz4.ms,114.00,108.00,222.00,0.500,Idle,5.56,9.18,350.56,4593.00,11499.37,356.67,,0,100,38.00,-59,4419378,-260743.30,3,fused
435205,000000435205.jpg,500x333,1,0.925008,1,1,TP,yolov8l_bsz4.ms,114.00,108.00,222.00,0.500,Idle,5.56,9.18,350.56,4593.00,11499.37,356.67,,0,100,38.00,-59,4419378,-260743.30,3,fused
289741,000000289741.jpg,640x480,1,0.924805,1,1,TP,yolov8l_bsz4.ms,112.50,129.75,242.25,0.500,Idle,5.58,9.32,296.73,4647.00,11499.37,409.52,,0,100,38.00,-59,4419293,-260738.29,3,fused
473118,000000473118.jpg,346x500,1,0.924650,1,1,TP,yolov8l_bsz4.ms,112.50,129.75,242.25,0.500,Idle,5.58,9.32,296.73,4647.00,11499.37,409.52,,0,100,38.00,-59,4419293,-260738.29,3,fused
278848,000000278848.jpg,480x640,1,0.924122,1,1,TP,yolov8l_bsz4.ms,112.50,129.75,242.25,0.500,Idle,5.58,9.32,296.73,4647.00,11499.37,409.52,,0,100,38.00,-59,4419293,-260738.29,3,fused
355325,000000355325.jpg,478x640,1,0.923900,1,1,TP,yolov8l_bsz4.ms,112.50,129.75,242.25,0.500,Idle,5.58,9.32,296.73,4647.00,11499.37,409.52,,0,100,38.00,-59,4419293,-260738.29,3,fused
171757,000000171757.jpg,640x480,1,0.923761,1,1,TP,yolov8l_bsz4.ms,108.75,103.50,212.25,0.500,Idle,5.42,9.32,371.75,4571.00,11499.37,333.32,,0,100,38.00,-90,4417607,-397584.63,3,fused
460682,000000460682.jpg,640x189,1,0.923754,0,0,FP,yolov8l_bsz4.ms,108.75,103.50,212.25,0.500,Idle,5.42,9.32,371.75,4571.00,11499.37,333.32,,0,100,38.00,-90,4417607,-397584.63,3,fused
345361,000000345361.jpg,500x358,1,0.923034,1,1,TP,yolov8l_bsz4.ms,108.75,103.50,212.25,0.500,Idle,5.42,9.32,371.75,4571.00,11499.37,333.32,,0,100,38.00,-90,4417607,-397584.63,3,fused
374052,000000374052.jpg,640x427,1,0.922948,1,1,TP,yolov8l_bsz4.ms,108.75,103.50,212.25,0.500,Idle,5.42,9.32,371.75,4571.00,11499.37,333.32,,0,100,38.00,-90,4417607,-397584.63,3,fused
512476,000000512476.jpg,640x426,1,0.922677,0,0,FP,yolov8l_bsz4.ms,110.25,109.50,219.75,0.500,Idle,5.37,9.32,371.41,4572.00,11499.37,333.58,,0,100,38.00,-66,4418962,-291651.49,3,fused
577539,000000577539.jpg,500x334,1,0.922599,1,1,TP,yolov8l_bsz4.ms,110.25,109.50,219.75,0.500,Idle,5.37,9.32,371.41,4572.00,11499.37,333.58,,0,100,38.00,-66,4418962,-291651.49,3,fused
255917,000000255917.jpg,640x427,1,0.921940,1,1,TP,yolov8l_bsz4.ms,110.25,109.50,219.75,0.500,Idle,5.37,9.32,371.41,4572.00,11499.37,333.58,,0,100,38.00,-66,4418962,-291651.49,3,fused
446651,000000446651.jpg,640x426,1,0.921675,1,1,TP,yolov8l_bsz4.ms,110.25,109.50,219.75,0.500,Idle,5.37,9.32,371.41,4572.00,11499.37,333.58,,0,100,38.00,-66,4418962,-291651.49,3,fused
269632,000000269632.jpg,640x427,1,0.921508,1,1,TP,yolov8l_bsz4.ms,108.75,112.50,221.25,0.500,Idle,5.40,9.27,351.30,4591.00,11499.37,352.73,,0,100,38.00,-66,4418946,-291650.44,3,fused
378284,000000378284.jpg,640x427,1,0.921453,1,1,TP,yolov8l_bsz4.ms,108.75,112.50,221.25,0.500,Idle,5.40,9.27,351.30,4591.00,11499.37,352.73,,0,100,38.00,-66,4418946,-291650.44,3,fused
377635,000000377635.jpg,640x427,1,0.921249,1,1,TP,yolov8l_bsz4.ms,108.75,112.50,221.25,0.500,Idle,5.40,9.27,351.30,4591.00,11499.37,352.73,,0,100,38.00,-66,4418946,-291650.44,3,fused
397303,000000397303.jpg,640x480,1,0.921226,1,1,TP,yolov8l_bsz4.ms,108.75,112.50,221.25,0.500,Idle,5.40,9.27,351.30,4591.00,11499.37,352.73,,0,100,38.00,-66,4418946,-291650.44,3,fused
322610,000000322610.jpg,640x480,1,0.921171,1,1,TP,yolov8l_bsz4.ms,108.25,120.00,228.25,0.500,Idle,5.40,9.27,294.79,4648.00,11499.37,408.41,,0,100,38.00,-69,4418939,-304906.79,3,fused
24021,000000024021.jpg,640x390,1,0.921165,1,1,TP,yolov8l_bsz4.ms,108.25,120.00,228.25,0.500,Idle,5.40,9.27,294.79,4648.00,11499.37,408.41,,0,100,38.00,-69,4418939,-304906.79,3,fused
522393,000000522393.jpg,640x640,1,0.921091,1,1,TP,yolov8l_bsz4.ms,108.25,120.00,228.25,0.500,Idle,5.40,9.27,294.79,4648.00,11499.37,408.41,,0,100,38.00,-69,4418939,-304906.79,3,fused
168337,000000168337.jpg,640x480,1,0.921056,1,1,TP,yolov8l_bsz4.ms,108.25,120.00,228.25,0.500,Idle,5.40,9.27,294.79,4648.00,11499.37,408.41,,0,100,38.00,-69,4418939,-304906.79,3,fused
301376,000000301376.jpg,333x500,1,0.920984,1,1,TP,yolov8l_bsz4.ms,109.00,110.25,219.25,0.500,Idle,5.74,12.14,373.41,4569.00,11499.37,329.08,,0,100,38.00,-83,4417725,-366671.17,3,fused
327605,000000327605.jpg,640x480,1,0.920505,1,1,TP,yolov8l_bsz4.ms,109.00,110.25,219.25,0.500,Idle,5.74,12.14,373.41,4569.00,11499.37,329.08,,0,100,38.00,-83,4417725,-366671.17,3,fused
532129,000000532129.jpg,640x427,1,0.920216,0,0,FP,yolov8l_bsz4.ms,109.00,110.25,219.25,0.500,Idle,5.74,12.14,373.41,4569.00,11499.37,329.08,,0,100,38.00,-83,4417725,-366671.17,3,fused
459809,000000459809.jpg,640x428,1,0.919816,1,1,TP,yolov8l_bsz4.ms,109.00,110.25,219.25,0.500,Idle,5.74,12.14,373.41,4569.00,11499.37,329.08,,0,100,38.00,-83,4417725,-366671.17,3,fused
257566,000000257566.jpg,640x480,1,0.919756,1,1,TP,yolov8l_bsz4.ms,115.00,107.75,222.75,0.500,Idle,5.38,12.14,371.20,4571.00,11499.37,330.18,,0,100,38.00,-69,4418777,-304895.61,3,fused
245320,000000245320.jpg,424x640,1,0.919675,1,1,TP,yolov8l_bsz4.ms,115.00,107.75,222.75,0.500,Idle,5.38,12.14,371.20,4571.00,11499.37,330.18,,0,100,38.00,-69,4418777,-304895.61,3,fused
351096,000000351096.jpg,500x375,1,0.919572,1,1,TP,yolov8l_bsz4.ms,115.00,107.75,222.75,0.500,Idle,5.38,12.14,371.20,4571.00,11499.37,330.18,,0,100,38.00,-69,4418777,-304895.61,3,fused
180296,000000180296.jpg,640x360,1,0.919503,0,0,FP,yolov8l_bsz4.ms,115.00,107.75,222.75,0.500,Idle,5.38,12.14,371.20,4571.00,11499.37,330.18,,0,100,38.00,-69,4418777,-304895.61,3,fused
359677,000000359677.jpg,427x640,1,0.919376,1,1,TP,yolov8l_bsz4.ms,109.00,122.25,231.25,0.500,Idle,5.40,10.37,349.76,4592.00,11499.37,350.45,,0,100,38.00,-112,4417348,-494742.98,3,fused
187055,000000187055.jpg,425x640,1,0.919121,1,1,TP,yolov8l_bsz4.ms,109.00,122.25,231.25,0.500,Idle,5.40,10.37,349.76,4592.00,11499.37,350.45,,0,100,38.00,-112,4417348,-494742.98,3,fused
378873,000000378873.jpg,640x426,1,0.918911,1,1,TP,yolov8l_bsz4.ms,109.00,122.25,231.25,0.500,Idle,5.40,10.37,349.76,4592.00,11499.37,350.45,,0,100,38.00,-112,4417348,-494742.98,3,fused
415748,000000415748.jpg,426x640,1,0.918806,1,1,TP,yolov8l_bsz4.ms,109.00,122.25,231.25,0.500,Idle,5.40,10.37,349.76,4592.00,11499.37,350.45,,0,100,38.00,-112,4417348,-494742.98,3,fused
417779,000000417779.jpg,640x480,1,0.918733,1,1,TP,yolov8l_bsz4.ms,108.25,119.25,227.50,0.500,Idle,5.32,10.37,295.45,4646.00,11499.37,404.04,,0,100,38.00,-67,4418869,-296064.22,3,fused
394199,000000394199.jpg,640x480,1,0.917365,1,1,TP,yolov8l_bsz4.ms,108.25,119.25,227.50,0.500,Idle,5.32,10.37,295.45,4646.00,11499.37,404.04,,0,100,38.00,-67,4418869,-296064.22,3,fused
55167,000000055167.jpg,640x360,1,0.917080,1,1,TP,yolov8l_bsz4.ms,108.25,119.25,227.50,0.500,Idle,5.32,10.37,295.45,4646.00,11499.37,404.04,,0,100,38.00,-67,4418869,-296064.22,3,fused
374369,000000374369.jpg,640x480,1,0.916947,1,1,TP,yolov8l_bsz4.ms,108.25,119.25,227.50,0.500,Idle,5.32,10.37,295.45,4646.00,11499.37,404.04,,0,100,38.00,-67,4418869,-296064.22,3,fused
233727,000000233727.jpg,640x427,1,0.916697,1,1,TP,yolov8l_bsz4.ms,109.50,125.00,234.50,0.500,Idle,5.22,10.37,372.50,4569.00,11499.37,326.11,,0,100,38.00,-61,4419147,-269567.97,3,fused
445999,000000445999.jpg,411x640,1,0.916683,1,1,TP,yolov8l_bsz4.ms,109.50,125.00,234.50,0.500,Idle,5.22,10.37,372.50,4569.00,11499.37,326.11,,0,100,38.00,-61,4419147,-269567.97,3,fused
147745,000000147745.jpg,640x480,1,0.916649,0,0,FP,yolov8l_bsz4.ms,109.50,125.00,234.50,0.500,Idle,5.22,10.37,372.50,4569.00,11499.37,326.11,,0,100,38.00,-61,4419147,-269567.97,3,fused
453001,000000453001.jpg,640x480,1,0.916503,1,1,TP,yolov8l_bsz4.ms,109.50,125.00,234.50,0.500,Idle,5.22,10.37,372.50,4569.00,11499.37,326.11,,0,100,38.00,-61,4419147,-269567.97,3,fused
527215,000000527215.jpg,640x426,1,0.916043,1,1,TP,yolov8l_bsz4.ms,109.25,129.25,238.50,0.500,Idle,5.29,10.03,368.36,4572.00,11499.37,328.75,,0,100,38.00,-59,4419135,-260728.96,3,fused
581206,000000581206.jpg,479x640,1,0.916000,1,1,TP,yolov8l_bsz4.ms,109.25,129.25,238.50,0.500,Idle,5.29,10.03,368.36,4572.00,11499.37,328.75,,0,100,38.00,-59,4419135,-260728.96,3,fused
299553,000000299553.jpg,375x500,1,0.915306,1,1,TP,yolov8l_bsz4.ms,109.25,129.25,238.50,0.500,Idle,5.29,10.03,368.36,4572.00,11499.37,328.75,,0,100,38.00,-59,4419135,-260728.96,3,fused
308631,000000308631.jpg,640x426,1,0.914750,1,1,TP,yolov8l_bsz4.ms,109.25,129.25,238.50,0.500,Idle,5.29,10.03,368.36,4572.00,11499.37,328.75,,0,100,38.00,-59,4419135,-260728.96,3,fused
550691,000000550691.jpg,640x480,1,0.914461,1,1,TP,yolov8l_bsz4.ms,109.25,125.25,234.50,0.500,Idle,5.28,10.03,350.55,4591.00,11499.37,346.87,,0,100,38.00,-61,4419090,-269564.49,3,fused
63154,000000063154.jpg,640x426,1,0.914062,1,1,TP,yolov8l_bsz4.ms,109.25,125.25,234.50,0.500,Idle,5.28,10.03,350.55,4591.00,11499.37,346.87,,0,100,38.00,-61,4419090,-269564.49,3,fused
255483,000000255483.jpg,452x500,1,0.913939,1,1,TP,yolov8l_bsz4.ms,109.25,125.25,234.50,0.500,Idle,5.28,10.03,350.55,4591.00,11499.37,346.87,,0,100,38.00,-61,4419090,-269564.49,3,fused
511076,000000511076.jpg,640x427,1,0.913776,1,1,TP,yolov8l_bsz4.ms,109.25,125.25,234.50,0.500,Idle,5.28,10.03,350.55,4591.00,11499.37,346.87,,0,100,38.00,-61,4419090,-269564.49,3,fused
482436,000000482436.jpg,640x401,1,0.913742,1,1,TP,yolov8l_bsz4.ms,108.00,112.25,220.25,0.500,Idle,5.28,10.36,295.11,4646.00,11499.37,401.17,,0,100,38.00,-62,4419031,-273979.92,3,fused
520871,000000520871.jpg,640x425,1,0.913180,0,0,FP,yolov8l_bsz4.ms,108.00,112.25,220.25,0.500,Idle,5.28,10.36,295.11,4646.00,11499.37,401.17,,0,100,38.00,-62,4419031,-273979.92,3,fused
194724,000000194724.jpg,640x480,1,0.913172,0,0,FP,yolov8l_bsz4.ms,108.00,112.25,220.25,0.500,Idle,5.28,10.36,295.11,4646.00,11499.37,401.17,,0,100,38.00,-62,4419031,-273979.92,3,fused
579158,000000579158.jpg,640x480,1,0.912864,0,0,FP,yolov8l_bsz4.ms,108.00,112.25,220.25,0.500,Idle,5.28,10.36,295.11,4646.00,11499.37,401.17,,0,100,38.00,-62,4419031,-273979.92,3,fused
236690,000000236690.jpg,640x399,1,0.912782,0,0,FP,yolov8l_bsz4.ms,109.50,102.75,212.25,0.500,Idle,5.23,10.36,372.02,4569.00,11499.37,323.51,,0,100,38.00,-69,4418406,-304870.01,3,fused
24567,000000024567.jpg,480x640,1,0.912729,1,1,TP,yolov8l_bsz4.ms,109.50,102.75,212.25,0.500,Idle,5.23,10.36,372.02,4569.00,11499.37,323.51,,0,100,38.00,-69,4418406,-304870.01,3,fused
185473,000000185473.jpg,640x194,1,0.912266,1,1,TP,yolov8l_bsz4.ms,109.50,102.75,212.25,0.500,Idle,5.23,10.36,372.02,4569.00,11499.37,323.51,,0,100,38.00,-69,4418406,-304870.01,3,fused
301061,000000301061.jpg,480x640,1,0.911964,1,1,TP,yolov8l_bsz4.ms,109.50,102.75,212.25,0.500,Idle,5.23,10.36,372.02,4569.00,11499.37,323.51,,0,100,38.00,-69,4418406,-304870.01,3,fused
26690,000000026690.jpg,427x640,1,0.911891,1,1,TP,yolov8l_bsz4.ms,110.00,122.00,232.00,0.500,Idle,5.23,10.20,369.60,4571.00,11499.37,325.13,,0,100,38.00,-113,4417198,-499143.37,3,fused
419408,000000419408.jpg,640x429,1,0.911837,1,1,TP,yolov8l_bsz4.ms,110.00,122.00,232.00,0.500,Idle,5.23,10.20,369.60,4571.00,11499.37,325.13,,0,100,38.00,-113,4417198,-499143.37,3,fused
374545,000000374545.jpg,549x640,1,0.911786,1,1,TP,yolov8l_bsz4.ms,110.00,122.00,232.00,0.500,Idle,5.23,10.20,369.60,4571.00,11499.37,325.13,,0,100,38.00,-113,4417198,-499143.37,3,fused
119828,000000119828.jpg,500x375,1,0.911532,0,0,FP,yolov8l_bsz4.ms,110.00,122.00,232.00,0.500,Idle,5.23,10.20,369.60,4571.00,11499.37,325.13,,0,100,38.00,-113,4417198,-499143.37,3,fused
577976,000000577976.jpg,640x428,1,0.909937,0,0,FP,yolov8l_bsz4.ms,109.25,105.25,214.50,0.500,Idle,8.59,10.20,352.63,4588.00,11499.37,341.02,,0,100,38.00,-64,4418854,-282806.66,3,fused
322844,000000322844.jpg,480x640,1,0.909281,0,0,FP,yolov8l_bsz4.ms,109.25,105.25,214.50,0.500,Idle,8.59,10.20,352.63,4588.00,11499.37,341.02,,0,100,38.00,-64,4418854,-282806.66,3,fused
127987,000000127987.jpg,640x426,1,0.908811,0,0,FP,yolov8l_bsz4.ms,109.25,105.25,214.50,0.500,Idle,8.59,10.20,352.63,4588.00,11499.37,341.02,,0,100,38.00,-64,4418854,-282806.66,3,fused
135410,000000135410.jpg,480x640,1,0.908474,1,1,TP,yolov8l_bsz4.ms,109.25,105.25,214.50,0.500,Idle,8.59,10.20,352.63,4588.00,11499.37,341.02,,0,100,38.00,-64,4418854,-282806.66,3,fused
180011,000000180011.jpg,480x640,1,0.908288,1,1,TP,yolov8l_bsz4.ms,108.25,110.50,218.75,0.500,Idle,5.51,10.20,296.54,4643.00,11499.37,395.73,,0,100,38.00,-58,4419081,-256306.70,3,fused
112997,000000112997.jpg,480x640,1,0.908248,1,1,TP,yolov8l_bsz4.ms,108.25,110.50,218.75,0.500,Idle,5.51,10.20,296.54,4643.00,11499.37,395.73,,0,100,38.00,-58,4419081,-256306.70,3,fused
514979,000000514979.jpg,640x427,1,0.907966,0,0,FP,yolov8l_bsz4.ms,108.25,110.50,218.75,0.500,Idle,5.51,10.20,296.54,4643.00,11499.37,395.73,,0,100,38.00,-58,4419081,-256306.70,3,fused
254814,000000254814.jpg,640x480,1,0.907806,1,1,TP,yolov8l_bsz4.ms,108.25,110.50,218.75,0.500,Idle,5.51,10.20,296.54,4643.00,11499.37,395.73,,0,100,38.00,-58,4419081,-256306.70,3,fused
454978,000000454978.jpg,640x400,1,0.907785,0,0,FP,yolov8l_bsz4.ms,108.25,116.25,224.50,0.500,Idle,5.10,8.01,372.72,4567.00,11499.37,319.00,,0,100,38.00,-67,4418612,-296047.00,3,fused
273493,000000273493.jpg,500x333,1,0.907741,1,1,TP,yolov8l_bsz4.ms,108.25,116.25,224.50,0.500,Idle,5.10,8.01,372.72,4567.00,11499.37,319.00,,0,100,38.00,-67,4418612,-296047.00,3,fused
205324,000000205324.jpg,640x425,1,0.907375,1,1,TP,yolov8l_bsz4.ms,108.25,116.25,224.50,0.500,Idle,5.10,8.01,372.72,4567.00,11499.37,319.00,,0,100,38.00,-67,4418612,-296047.00,3,fused
170545,000000170545.jpg,640x480,1,0.907031,0,0,FP,yolov8l_bsz4.ms,108.25,116.25,224.50,0.500,Idle,5.10,8.01,372.72,4567.00,11499.37,319.00,,0,100,38.00,-67,4418612,-296047.00,3,fused
521141,000000521141.jpg,375x500,1,0.906977,1,1,TP,yolov8l_bsz4.ms,110.50,117.50,228.00,0.500,Idle,5.15,8.01,370.06,4570.00,11499.37,322.37,,0,100,38.00,-68,4418619,-300466.09,3,fused
504389,000000504389.jpg,500x320,1,0.906962,1,1,TP,yolov8l_bsz4.ms,110.50,117.50,228.00,0.500,Idle,5.15,8.01,370.06,4570.00,11499.37,322.37,,0,100,38.00,-68,4418619,-300466.09,3,fused
157928,000000157928.jpg,640x480,1,0.906321,1,1,TP,yolov8l_bsz4.ms,110.50,117.50,228.00,0.500,Idle,5.15,8.01,370.06,4570.00,11499.37,322.37,,0,100,38.00,-68,4418619,-300466.09,3,fused
560880,000000560880.jpg,640x508,1,0.905989,1,1,TP,yolov8l_bsz4.ms,110.50,117.50,228.00,0.500,Idle,5.15,8.01,370.06,4570.00,11499.37,322.37,,0,100,38.00,-68,4418619,-300466.09,3,fused
89296,000000089296.jpg,640x426,1,0.905726,1,1,TP,yolov8l_bsz4.ms,109.25,114.25,223.50,0.500,Idle,5.29,9.56,351.54,4588.00,11499.37,340.14,,0,100,38.00,-63,4418910,-278391.33,3,fused
481386,000000481386.jpg,427x640,1,0.905650,1,1,TP,yolov8l_bsz4.ms,109.25,114.25,223.50,0.500,Idle,5.29,9.56,351.54,4588.00,11499.37,340.14,,0,100,38.00,-63,4418910,-278391.33,3,fused
121591,000000121591.jpg,500x400,1,0.905012,1,1,TP,yolov8l_bsz4.ms,109.25,114.25,223.50,0.500,Idle,5.29,9.56,351.54,4588.00,11499.37,340.14,,0,100,38.00,-63,4418910,-278391.33,3,fused
235836,000000235836.jpg,427x640,1,0.904961,1,1,TP,yolov8l_bsz4.ms,109.25,114.25,223.50,0.500,Idle,5.29,9.56,351.54,4588.00,11499.37,340.14,,0,100,38.00,-63,4418910,-278391.33,3,fused
61418,000000061418.jpg,640x458,1,0.904840,1,1,TP,yolov8l_bsz4.ms,113.75,98.75,212.50,0.500,Idle,5.20,9.56,292.73,4646.00,11499.37,397.83,,0,100,38.00,-160,4414851,-706376.16,3,fused
425702,000000425702.jpg,640x316,1,0.904502,1,1,TP,yolov8l_bsz4.ms,113.75,98.75,212.50,0.500,Idle,5.20,9.56,292.73,4646.00,11499.37,397.83,,0,100,38.00,-160,4414851,-706376.16,3,fused
324158,000000324158.jpg,500x334,1,0.904414,1,1,TP,yolov8l_bsz4.ms,113.75,98.75,212.50,0.500,Idle,5.20,9.56,292.73,4646.00,11499.37,397.83,,0,100,38.00,-160,4414851,-706376.16,3,fused
213086,000000213086.jpg,375x500,1,0.904268,1,1,TP,yolov8l_bsz4.ms,113.75,98.75,212.50,0.500,Idle,5.20,9.56,292.73,4646.00,11499.37,397.83,,0,100,38.00,-160,4414851,-706376.16,3,fused
155451,000000155451.jpg,640x480,1,0.904186,0,0,FP,yolov8l_bsz4.ms,109.50,115.25,224.75,0.500,Idle,5.12,9.56,371.79,4567.00,11499.37,318.45,,0,100,38.00,-65,4418683,-287214.40,3,fused
137727,000000137727.jpg,640x359,1,0.904037,1,1,TP,yolov8l_bsz4.ms,109.50,115.25,224.75,0.500,Idle,5.12,9.56,371.79,4567.00,11499.37,318.45,,0,100,38.00,-65,4418683,-287214.40,3,fused
433515,000000433515.jpg,640x480,1,0.903670,1,1,TP,yolov8l_bsz4.ms,109.50,115.25,224.75,0.500,Idle,5.12,9.56,371.79,4567.00,11499.37,318.45,,0,100,38.00,-65,4418683,-287214.40,3,fused
262587,000000262587.jpg,640x480,1,0.903136,1,1,TP,yolov8l_bsz4.ms,109.50,115.25,224.75,0.500,Idle,5.12,9.56,371.79,4567.00,11499.37,318.45,,0,100,38.00,-65,4418683,-287214.40,3,fused
17899,000000017899.jpg,480x640,1,0.902843,1,1,TP,yolov8l_bsz4.ms,111.25,105.25,216.50,0.500,Idle,5.13,8.69,369.43,4569.00,11499.37,319.73,,0,100,38.00,-63,4418697,-278377.91,3,fused
511384,000000511384.jpg,428x640,1,0.902662,1,1,TP,yolov8l_bsz4.ms,111.25,105.25,216.50,0.500,Idle,5.13,8.69,369.43,4569.00,11499.37,319.73,,0,100,38.00,-63,4418697,-278377.91,3,fused
430961,000000430961.jpg,450x319,1,0.902209,1,1,TP,yolov8l_bsz4.ms,111.25,105.25,216.50,0.500,Idle,5.13,8.69,369.43,4569.00,11499.37,319.73,,0,100,38.00,-63,4418697,-278377.91,3,fused
372317,000000372317.jpg,640x428,1,0.902194,0,0,FP,yolov8l_bsz4.ms,111.25,105.25,216.50,0.500,Idle,5.13,8.69,369.43,4569.00,11499.37,319.73,,0,100,38.00,-63,4418697,-278377.91,3,fused
167902,000000167902.jpg,500x375,1,0.902156,0,0,FP,yolov8l_bsz4.ms,110.25,108.00,218.25,0.500,Idle,5.17,8.69,347.51,4591.00,11499.37,340.55,,0,100,38.00,-59,4418829,-260710.91,3,fused
441468,000000441468.jpg,426x640,1,0.902152,1,1,TP,yolov8l_bsz4.ms,110.25,108.00,218.25,0.500,Idle,5.17,8.69,347.51,4591.00,11499.37,340.55,,0,100,38.00,-59,4418829,-260710.91,3,fused
222735,000000222735.jpg,474x640,1,0.901823,1,1,TP,yolov8l_bsz4.ms,110.25,108.00,218.25,0.500,Idle,5.17,8.69,347.51,4591.00,11499.37,340.55,,0,100,38.00,-59,4418829,-260710.91,3,fused
484415,000000484415.jpg,320x240,1,0.901397,1,1,TP,yolov8l_bsz4.ms,110.25,108.00,218.25,0.500,Idle,5.17,8.69,347.51,4591.00,11499.37,340.55,,0,100,38.00,-59,4418829,-260710.91,3,fused
265777,000000265777.jpg,612x612,1,0.901179,1,1,TP,yolov8l_bsz4.ms,108.00,125.25,233.25,0.500,Idle,5.16,8.92,295.53,4643.00,11499.37,392.02,,0,100,38.00,-65,4418757,-287219.21,3,fused
171190,000000171190.jpg,640x480,1,0.900745,1,1,TP,yolov8l_bsz4.ms,108.00,125.25,233.25,0.500,Idle,5.16,8.92,295.53,4643.00,11499.37,392.02,,0,100,38.00,-65,4418757,-287219.21,3,fused
565778,000000565778.jpg,640x400,1,0.900420,1,1,TP,yolov8l_bsz4.ms,108.00,125.25,233.25,0.500,Idle,5.16,8.92,295.53,4643.00,11499.37,392.02,,0,100,38.00,-65,4418757,-287219.21,3,fused
375015,000000375015.jpg,640x404,1,0.900082,0,0,FP,yolov8l_bsz4.ms,108.00,125.25,233.25,0.500,Idle,5.16,8.92,295.53,4643.00,11499.37,392.02,,0,100,38.00,-65,4418757,-287219.21,3,fused
504415,000000504415.jpg,640x427,1,0.899703,1,1,TP,yolov8l_bsz4.ms,109.50,125.50,235.00,0.500,Idle,5.16,8.92,372.71,4566.00,11499.37,314.17,,0,100,38.00,-58,4418957,-256299.51,3,fused
334555,000000334555.jpg,640x426,1,0.899702,1,1,TP,yolov8l_bsz4.ms,109.50,125.50,235.00,0.500,Idle,5.16,8.92,372.71,4566.00,11499.37,314.17,,0,100,38.00,-58,4418957,-256299.51,3,fused
341828,000000341828.jpg,612x612,1,0.899686,1,1,TP,yolov8l_bsz4.ms,109.50,125.50,235.00,0.500,Idle,5.16,8.92,372.71,4566.00,11499.37,314.17,,0,100,38.00,-58,4418957,-256299.51,3,fused
286849,000000286849.jpg,333x500,1,0.899620,0,0,FP,yolov8l_bsz4.ms,109.50,125.50,235.00,0.500,Idle,5.16,8.92,372.71,4566.00,11499.37,314.17,,0,100,38.00,-58,4418957,-256299.51,3,fused
169169,000000169169.jpg,640x480,1,0.899350,1,1,TP,yolov8l_bsz4.ms,108.75,118.50,227.25,0.500,Idle,8.17,12.89,371.49,4566.00,11499.37,313.95,,0,100,38.00,-116,4416732,-512340.91,3,fused
17959,000000017959.jpg,640x427,1,0.898992,1,1,TP,yolov8l_bsz4.ms,108.75,118.50,227.25,0.500,Idle,8.17,12.89,371.49,4566.00,11499.37,313.95,,0,100,38.00,-116,4416732,-512340.91,3,fused
455157,000000455157.jpg,640x640,1,0.898965,1,1,TP,yolov8l_bsz4.ms,108.75,118.50,227.25,0.500,Idle,8.17,12.89,371.49,4566.00,11499.37,313.95,,0,100,38.00,-116,4416732,-512340.91,3,fused
439623,000000439623.jpg,480x640,1,0.898682,0,0,FP,yolov8l_bsz4.ms,108.75,118.50,227.25,0.500,Idle,8.17,12.89,371.49,4566.00,11499.37,313.95,,0,100,38.00,-116,4416732,-512340.91,3,fused
256195,000000256195.jpg,640x427,1,0.898605,0,0,FP,yolov8l_bsz4.ms,109.00,115.50,224.50,0.500,Idle,6.04,12.89,354.17,4583.00,11499.37,330.26,,0,100,38.00,-71,4418439,-313709.17,3,fused
108244,000000108244.jpg,640x480,1,0.898514,0,0,FP,yolov8l_bsz4.ms,109.00,115.50,224.50,0.500,Idle,6.04,12.89,354.17,4583.00,11499.37,330.26,,0,100,38.00,-71,4418439,-313709.17,3,fused
246454,000000246454.jpg,640x640,1,0.898505,1,1,TP,yolov8l_bsz4.ms,109.00,115.50,224.50,0.500,Idle,6.04,12.89,354.17,4583.00,11499.37,330.26,,0,100,38.00,-71,4418439,-313709.17,3,fused
76416,000000076416.jpg,640x480,1,0.898218,1,1,TP,yolov8l_bsz4.ms,109.00,115.50,224.50,0.500,Idle,6.04,12.89,354.17,4583.00,11499.37,330.26,,0,100,38.00,-71,4418439,-313709.17,3,fused
390826,000000390826.jpg,640x480,1,0.897907,1,1,TP,yolov8l_bsz4.ms,108.25,132.25,240.50,0.500,Idle,5.77,12.89,296.51,4610.00,11499.37,355.77,,0,100,38.00,-63,4418653,-278375.14,3,fused
506004,000000506004.jpg,640x439,1,0.897858,0,0,FP,yolov8l_bsz4.ms,108.25,132.25,240.50,0.500,Idle,5.77,12.89,296.51,4610.00,11499.37,355.77,,0,100,38.00,-63,4418653,-278375.14,3,fused
403584,000000403584.jpg,640x640,1,0.897549,1,1,TP,yolov8l_bsz4.ms,108.25,132.25,240.50,0.500,Idle,5.77,12.89,296.51,4610.00,11499.37,355.77,,0,100,38.00,-63,4418653,-278375.14,3,fused
361142,000000361142.jpg,463x640,1,0.897268,1,1,TP,yolov8l_bsz4.ms,108.25,132.25,240.50,0.500,Idle,5.77,12.89,296.51,4610.00,11499.37,355.77,,0,100,38.00,-63,4418653,-278375.14,3,fused
410221,000000410221.jpg,622x640,1,0.896980,0,0,FP,yolov8l_bsz4.ms,109.25,127.25,236.50,0.500,Idle,5.60,13.32,373.47,4539.00,11499.37,284.91,,0,100,38.00,-67,4418462,-296036.95,3,fused
49060,000000049060.jpg,640x411,1,0.896374,1,1,TP,yolov8l_bsz4.ms,109.25,127.25,236.50,0.500,Idle,5.60,13.32,373.47,4539.00,11499.37,284.91,,0,100,38.00,-67,4418462,-296036.95,3,fused
31620,000000031620.jpg,480x640,1,0.895868,1,1,TP,yolov8l_bsz4.ms,109.25,127.25,236.50,0.500,Idle,5.60,13.32,373.47,4539.00,11499.37,284.91,,0,100,38.00,-67,4418462,-296036.95,3,fused
285349,000000285349.jpg,500x375,1,0.895837,0,0,FP,yolov8l_bsz4.ms,109.25,127.25,236.50,0.500,Idle,5.60,13.32,373.47,4539.00,11499.37,284.91,,0,100,38.00,-67,4418462,-296036.95,3,fused
410878,000000410878.jpg,640x427,1,0.895654,0,0,FP,yolov8l_bsz4.ms,109.75,124.50,234.25,0.500,Idle,5.52,13.32,370.75,4534.00,11499.37,280.98,,0,100,38.00,-100,4417274,-441727.40,3,fused
428454,000000428454.jpg,500x333,1,0.895119,1,1,TP,yolov8l_bsz4.ms,109.75,124.50,234.25,0.500,Idle,5.52,13.32,370.75,4534.00,11499.37,280.98,,0,100,38.00,-100,4417274,-441727.40,3,fused
484978,000000484978.jpg,640x491,1,0.894994,1,1,TP,yolov8l_bsz4.ms,109.75,124.50,234.25,0.500,Idle,5.52,13.32,370.75,4534.00,11499.37,280.98,,0,100,38.00,-100,4417274,-441727.40,3,fused
297830,000000297830.jpg,512x640,1,0.894381,0,0,FP,yolov8l_bsz4.ms,109.75,124.50,234.25,0.500,Idle,5.52,13.32,370.75,4534.00,11499.37,280.98,,0,100,38.00,-100,4417274,-441727.40,3,fused
174123,000000174123.jpg,500x399,1,0.894000,1,1,TP,yolov8l_bsz4.ms,109.00,125.75,234.75,0.500,Idle,5.53,13.92,351.96,4575.00,11499.37,320.13,,0,100,38.00,-71,4418403,-313706.61,3,fused
426268,000000426268.jpg,640x427,1,0.893870,1,1,TP,yolov8l_bsz4.ms,109.00,125.75,234.75,0.500,Idle,5.53,13.92,351.96,4575.00,11499.37,320.13,,0,100,38.00,-71,4418403,-313706.61,3,fused
341196,000000341196.jpg,640x451,1,0.893830,1,1,TP,yolov8l_bsz4.ms,109.00,125.75,234.75,0.500,Idle,5.53,13.92,351.96,4575.00,11499.37,320.13,,0,100,38.00,-71,4418403,-313706.61,3,fused
113235,000000113235.jpg,640x480,1,0.893746,1,1,TP,yolov8l_bsz4.ms,109.00,125.75,234.75,0.500,Idle,5.53,13.92,351.96,4575.00,11499.37,320.13,,0,100,38.00,-71,4418403,-313706.61,3,fused
442480,000000442480.jpg,640x425,1,0.893736,1,1,TP,yolov8l_bsz4.ms,107.75,118.50,226.25,0.500,Idle,5.51,13.92,293.28,4633.00,11499.37,378.18,,0,100,38.00,-94,4417798,-415273.01,3,fused
213224,000000213224.jpg,427x640,1,0.893733,0,0,FP,yolov8l_bsz4.ms,107.75,118.50,226.25,0.500,Idle,5.51,13.92,293.28,4633.00,11499.37,378.18,,0,100,38.00,-94,4417798,-415273.01,3,fused
284279,000000284279.jpg,640x512,1,0.893631,0,0,FP,yolov8l_bsz4.ms,107.75,118.50,226.25,0.500,Idle,5.51,13.92,293.28,4633.00,11499.37,378.18,,0,100,38.00,-94,4417798,-415273.01,3,fused
389451,000000389451.jpg,640x479,1,0.893407,1,1,TP,yolov8l_bsz4.ms,107.75,118.50,226.25,0.500,Idle,5.51,13.92,293.28,4633.00,11499.37,378.18,,0,100,38.00,-94,4417798,-415273.01,3,fused
462643,000000462643.jpg,425x640,1,0.893280,1,1,TP,yolov8l_bsz4.ms,110.75,104.50,215.25,0.500,Idle,5.41,12.84,372.15,4558.00,11499.37,301.87,,0,100,38.00,-64,4418571,-282788.54,3,fused
51938,000000051938.jpg,640x480,1,0.893186,1,1,TP,yolov8l_bsz4.ms,110.75,104.50,215.25,0.500,Idle,5.41,12.84,372.15,4558.00,11499.37,301.87,,0,100,38.00,-64,4418571,-282788.54,3,fused
288042,000000288042.jpg,640x480,1,0.893177,1,1,TP,yolov8l_bsz4.ms,110.75,104.50,215.25,0.500,Idle,5.41,12.84,372.15,4558.00,11499.37,301.87,,0,100,38.00,-64,4418571,-282788.54,3,fused
176901,000000176901.jpg,640x359,1,0.891901,1,1,TP,yolov8l_bsz4.ms,110.75,104.50,215.25,0.500,Idle,5.41,12.84,372.15,4558.00,11499.37,301.87,,0,100,38.00,-64,4418571,-282788.54,3,fused
365095,000000365095.jpg,640x427,1,0.891792,1,1,TP,yolov8l_bsz4.ms,109.75,121.25,231.00,0.500,Idle,5.41,12.84,371.29,4559.00,11499.37,301.97,,0,100,38.00,-67,4418275,-296024.42,3,fused
503755,000000503755.jpg,480x640,1,0.891480,1,1,TP,yolov8l_bsz4.ms,109.75,121.25,231.00,0.500,Idle,5.41,12.84,371.29,4559.00,11499.37,301.97,,0,100,38.00,-67,4418275,-296024.42,3,fused
54605,000000054605.jpg,612x612,1,0.891335,1,1,TP,yolov8l_bsz4.ms,109.75,121.25,231.00,0.500,Idle,5.41,12.84,371.29,4559.00,11499.37,301.97,,0,100,38.00,-67,4418275,-296024.42,3,fused
261161,000000261161.jpg,640x426,1,0.890096,0,0,FP,yolov8l_bsz4.ms,109.75,121.25,231.00,0.500,Idle,5.41,12.84,371.29,4559.00,11499.37,301.97,,0,100,38.00,-67,4418275,-296024.42,3,fused
505942,000000505942.jpg,500x375,1,0.889987,1,1,TP,yolov8l_bsz4.ms,109.25,130.50,239.75,0.500,Idle,5.43,11.94,369.89,4560.00,11499.37,302.66,,0,100,38.00,-62,4418813,-273966.41,3,fused
344268,000000344268.jpg,640x512,1,0.889794,1,1,TP,yolov8l_bsz4.ms,109.25,130.50,239.75,0.500,Idle,5.43,11.94,369.89,4560.00,11499.37,302.66,,0,100,38.00,-62,4418813,-273966.41,3,fused
360097,000000360097.jpg,500x333,1,0.889713,1,1,TP,yolov8l_bsz4.ms,109.25,130.50,239.75,0.500,Idle,5.43,11.94,369.89,4560.00,11499.37,302.66,,0,100,38.00,-62,4418813,-273966.41,3,fused
445602,000000445602.jpg,640x480,1,0.889563,1,1,TP,yolov8l_bsz4.ms,109.25,130.50,239.75,0.500,Idle,5.43,11.94,369.89,4560.00,11499.37,302.66,,0,100,38.00,-62,4418813,-273966.41,3,fused
338625,000000338625.jpg,640x480,1,0.889511,1,1,TP,yolov8l_bsz4.ms,108.00,117.00,225.00,0.500,Idle,5.38,11.94,294.68,4635.00,11499.37,377.12,,0,100,38.00,-66,4418407,-291614.86,3,fused
171298,000000171298.jpg,640x480,1,0.889085,0,0,FP,yolov8l_bsz4.ms,108.00,117.00,225.00,0.500,Idle,5.38,11.94,294.68,4635.00,11499.37,377.12,,0,100,38.00,-66,4418407,-291614.86,3,fused
9378,000000009378.jpg,600x400,1,0.889046,1,1,TP,yolov8l_bsz4.ms,108.00,117.00,225.00,0.500,Idle,5.38,11.94,294.68,4635.00,11499.37,377.12,,0,100,38.00,-66,4418407,-291614.86,3,fused
454661,000000454661.jpg,640x427,1,0.888877,0,0,FP,yolov8l_bsz4.ms,108.00,117.00,225.00,0.500,Idle,5.38,11.94,294.68,4635.00,11499.37,377.12,,0,100,38.00,-66,4418407,-291614.86,3,fused
49810,000000049810.jpg,640x424,1,0.888510,0,0,FP,yolov8l_bsz4.ms,109.25,115.75,225.00,0.500,Idle,4.90,9.92,374.03,4556.00,11499.37,296.46,,0,100,38.00,-72,4417978,-318094.42,3,fused
472623,000000472623.jpg,425x640,1,0.888320,1,1,TP,yolov8l_bsz4.ms,109.25,115.75,225.00,0.500,Idle,4.90,9.92,374.03,4556.00,11499.37,296.46,,0,100,38.00,-72,4417978,-318094.42,3,fused
574315,000000574315.jpg,640x480,1,0.887931,1,1,TP,yolov8l_bsz4.ms,109.25,115.75,225.00,0.500,Idle,4.90,9.92,374.03,4556.00,11499.37,296.46,,0,100,38.00,-72,4417978,-318094.42,3,fused
377588,000000377588.jpg,640x427,1,0.887894,1,1,TP,yolov8l_bsz4.ms,109.25,115.75,225.00,0.500,Idle,4.90,9.92,374.03,4556.00,11499.37,296.46,,0,100,38.00,-72,4417978,-318094.42,3,fused
29393,000000029393.jpg,500x375,1,0.887777,0,0,FP,yolov8l_bsz4.ms,109.50,122.75,232.25,0.500,Idle,5.23,9.92,371.14,4558.00,11499.37,297.50,,0,100,38.00,-69,4418316,-304863.80,3,fused
312237,000000312237.jpg,500x334,1,0.887744,1,1,TP,yolov8l_bsz4.ms,109.50,122.75,232.25,0.500,Idle,5.23,9.92,371.14,4558.00,11499.37,297.50,,0,100,38.00,-69,4418316,-304863.80,3,fused
392722,000000392722.jpg,640x423,1,0.887708,1,1,TP,yolov8l_bsz4.ms,109.50,122.75,232.25,0.500,Idle,5.23,9.92,371.14,4558.00,11499.37,297.50,,0,100,38.00,-69,4418316,-304863.80,3,fused
249129,000000249129.jpg,640x427,1,0.887341,0,0,FP,yolov8l_bsz4.ms,109.50,122.75,232.25,0.500,Idle,5.23,9.92,371.14,4558.00,11499.37,297.50,,0,100,38.00,-69,4418316,-304863.80,3,fused
66135,000000066135.jpg,500x380,1,0.887339,0,0,FP,yolov8l_bsz4.ms,109.75,120.50,230.25,0.500,Idle,5.31,9.92,350.09,4579.00,11499.37,317.68,,0,100,38.00,-119,4416912,-525612.53,3,fused
117525,000000117525.jpg,500x500,1,0.886931,1,1,TP,yolov8l_bsz4.ms,109.75,120.50,230.25,0.500,Idle,5.31,9.92,350.09,4579.00,11499.37,317.68,,0,100,38.00,-119,4416912,-525612.53,3,fused
144333,000000144333.jpg,426x640,1,0.886767,1,1,TP,yolov8l_bsz4.ms,109.75,120.50,230.25,0.500,Idle,5.31,9.92,350.09,4579.00,11499.37,317.68,,0,100,38.00,-119,4416912,-525612.53,3,fused
387916,000000387916.jpg,640x423,1,0.886360,1,1,TP,yolov8l_bsz4.ms,109.75,120.50,230.25,0.500,Idle,5.31,9.92,350.09,4579.00,11499.37,317.68,,0,100,38.00,-119,4416912,-525612.53,3,fused
212166,000000212166.jpg,612x612,1,0.885927,1,1,TP,yolov8l_bsz4.ms,107.25,127.00,234.25,0.500,Idle,5.34,9.43,295.20,4633.00,11499.37,372.09,,0,100,38.00,-68,4418476,-300456.37,3,fused
50145,000000050145.jpg,480x320,1,0.885380,1,1,TP,yolov8l_bsz4.ms,107.25,127.00,234.25,0.500,Idle,5.34,9.43,295.20,4633.00,11499.37,372.09,,0,100,38.00,-68,4418476,-300456.37,3,fused
167067,000000167067.jpg,375x500,1,0.885143,1,1,TP,yolov8l_bsz4.ms,107.25,127.00,234.25,0.500,Idle,5.34,9.43,295.20,4633.00,11499.37,372.09,,0,100,38.00,-68,4418476,-300456.37,3,fused
427997,000000427997.jpg,640x428,1,0.885139,1,1,TP,yolov8l_bsz4.ms,107.25,127.00,234.25,0.500,Idle,5.34,9.43,295.20,4633.00,11499.37,372.09,,0,100,38.00,-68,4418476,-300456.37,3,fused
439525,000000439525.jpg,453x640,1,0.884982,1,1,TP,yolov8l_bsz4.ms,111.00,111.50,222.50,0.500,Idle,5.25,9.43,371.53,4557.00,11499.37,295.02,,0,100,38.00,-65,4418397,-287195.80,3,fused
450202,000000450202.jpg,375x500,1,0.884839,1,1,TP,yolov8l_bsz4.ms,111.00,111.50,222.50,0.500,Idle,5.25,9.43,371.53,4557.00,11499.37,295.02,,0,100,38.00,-65,4418397,-287195.80,3,fused
199310,000000199310.jpg,427x640,1,0.884548,1,1,TP,yolov8l_bsz4.ms,111.00,111.50,222.50,0.500,Idle,5.25,9.43,371.53,4557.00,11499.37,295.02,,0,100,38.00,-65,4418397,-287195.80,3,fused
284991,000000284991.jpg,640x428,1,0.884145,1,1,TP,yolov8l_bsz4.ms,111.00,111.50,222.50,0.500,Idle,5.25,9.43,371.53,4557.00,11499.37,295.02,,0,100,38.00,-65,4418397,-287195.80,3,fused
281929,000000281929.jpg,640x504,1,0.884079,1,1,TP,yolov8l_bsz4.ms,110.25,105.75,216.00,0.500,Idle,5.26,9.75,369.89,4559.00,11499.37,295.85,,0,100,38.00,-64,4418289,-282770.50,3,fused
181421,000000181421.jpg,640x446,1,0.883998,1,1,TP,yolov8l_bsz4.ms,110.25,105.75,216.00,0.500,Idle,5.26,9.75,369.89,4559.00,11499.37,295.85,,0,100,38.00,-64,4418289,-282770.50,3,fused
493566,000000493566.jpg,640x264,1,0.883644,0,0,FP,yolov8l_bsz4.ms,110.25,105.75,216.00,0.500,Idle,5.26,9.75,369.89,4559.00,11499.37,295.85,,0,100,38.00,-64,4418289,-282770.50,3,fused
192964,000000192964.jpg,428x640,1,0.883586,1,1,TP,yolov8l_bsz4.ms,110.25,105.75,216.00,0.500,Idle,5.26,9.75,369.89,4559.00,11499.37,295.85,,0,100,38.00,-64,4418289,-282770.50,3,fused
516173,000000516173.jpg,408x640,1,0.883445,1,1,TP,yolov8l_bsz4.ms,110.25,113.25,223.50,0.500,Idle,5.24,9.75,350.90,4577.00,11499.37,313.90,,0,100,38.00,-62,4418524,-273948.49,3,fused
311303,000000311303.jpg,640x427,1,0.883340,1,1,TP,yolov8l_bsz4.ms,110.25,113.25,223.50,0.500,Idle,5.24,9.75,350.90,4577.00,11499.37,313.90,,0,100,38.00,-62,4418524,-273948.49,3,fused
508917,000000508917.jpg,640x370,1,0.883182,1,1,TP,yolov8l_bsz4.ms,110.25,113.25,223.50,0.500,Idle,5.24,9.75,350.90,4577.00,11499.37,313.90,,0,100,38.00,-62,4418524,-273948.49,3,fused
396338,000000396338.jpg,640x427,1,0.883128,1,1,TP,yolov8l_bsz4.ms,110.25,113.25,223.50,0.500,Idle,5.24,9.75,350.90,4577.00,11499.37,313.90,,0,100,38.00,-62,4418524,-273948.49,3,fused
497867,000000497867.jpg,640x408,1,0.882404,1,1,TP,yolov8l_bsz4.ms,108.00,122.00,230.00,0.500,Idle,5.24,9.50,294.80,4633.00,11499.37,369.18,,0,100,38.00,-60,4418368,-265102.08,3,fused
149375,000000149375.jpg,640x485,1,0.882307,1,1,TP,yolov8l_bsz4.ms,108.00,122.00,230.00,0.500,Idle,5.24,9.50,294.80,4633.00,11499.37,369.18,,0,100,38.00,-60,4418368,-265102.08,3,fused
309655,000000309655.jpg,640x480,1,0.882266,1,1,TP,yolov8l_bsz4.ms,108.00,122.00,230.00,0.500,Idle,5.24,9.50,294.80,4633.00,11499.37,369.18,,0,100,38.00,-60,4418368,-265102.08,3,fused
266400,000000266400.jpg,640x396,1,0.881668,1,1,TP,yolov8l_bsz4.ms,108.00,122.00,230.00,0.500,Idle,5.24,9.50,294.80,4633.00,11499.37,369.18,,0,100,38.00,-60,4418368,-265102.08,3,fused
20571,000000020571.jpg,539x640,1,0.881429,1,1,TP,yolov8l_bsz4.ms,110.00,122.25,232.25,0.500,Idle,5.24,9.50,372.23,4556.00,11499.37,290.93,,0,100,38.00,-67,4418335,-296028.45,3,fused
200961,000000200961.jpg,640x427,1,0.881340,1,1,TP,yolov8l_bsz4.ms,110.00,122.25,232.25,0.500,Idle,5.24,9.50,372.23,4556.00,11499.37,290.93,,0,100,38.00,-67,4418335,-296028.45,3,fused
500716,000000500716.jpg,445x500,1,0.881201,1,1,TP,yolov8l_bsz4.ms,110.00,122.25,232.25,0.500,Idle,5.24,9.50,372.23,4556.00,11499.37,290.93,,0,100,38.00,-67,4418335,-296028.45,3,fused
257865,000000257865.jpg,640x426,1,0.881197,1,1,TP,yolov8l_bsz4.ms,110.00,122.25,232.25,0.500,Idle,5.24,9.50,372.23,4556.00,11499.37,290.93,,0,100,38.00,-67,4418335,-296028.45,3,fused
3156,000000003156.jpg,443x640,1,0.881112,1,1,TP,yolov8l_bsz4.ms,138.50,127.00,265.50,0.500,Idle,5.24,9.50,370.88,4557.00,11499.37,290.86,,0,100,38.00,-110,4416990,-485868.90,3,fused
477689,000000477689.jpg,459x640,1,0.880966,1,1,TP,yolov8l_bsz4.ms,138.50,127.00,265.50,0.500,Idle,5.24,9.50,370.88,4557.00,11499.37,290.86,,0,100,38.00,-110,4416990,-485868.90,3,fused
9769,000000009769.jpg,640x480,1,0.880367,1,1,TP,yolov8l_bsz4.ms,138.50,127.00,265.50,0.500,Idle,5.24,9.50,370.88,4557.00,11499.37,290.86,,0,100,38.00,-110,4416990,-485868.90,3,fused
389532,000000389532.jpg,640x421,1,0.880350,1,1,TP,yolov8l_bsz4.ms,138.50,127.00,265.50,0.500,Idle,5.24,9.50,370.88,4557.00,11499.37,290.86,,0,100,38.00,-110,4416990,-485868.90,3,fused
427077,000000427077.jpg,344x500,1,0.880014,1,1,TP,yolov8l_bsz4.ms,171.25,107.00,278.25,0.500,Idle,8.29,9.06,349.60,4578.00,11499.37,311.11,,0,100,38.00,-71,4418472,-313711.51,3,fused
213033,000000213033.jpg,480x640,1,0.879918,1,1,TP,yolov8l_bsz4.ms,171.25,107.00,278.25,0.500,Idle,8.29,9.06,349.60,4578.00,11499.37,311.11,,0,100,38.00,-71,4418472,-313711.51,3,fused
462904,000000462904.jpg,640x480,1,0.879905,1,1,TP,yolov8l_bsz4.ms,171.25,107.00,278.25,0.500,Idle,8.29,9.06,349.60,4578.00,11499.37,311.11,,0,100,38.00,-71,4418472,-313711.51,3,fused
51976,000000051976.jpg,640x428,1,0.879657,1,1,TP,yolov8l_bsz4.ms,171.25,107.00,278.25,0.500,Idle,8.29,9.06,349.60,4578.00,11499.37,311.11,,0,100,38.00,-71,4418472,-313711.51,3,fused
88250,000000088250.jpg,640x426,1,0.878813,0,0,FP,yolov8l_bsz4.ms,170.25,124.25,294.50,0.500,Idle,5.23,9.06,293.17,4629.00,11499.37,359.72,,0,100,38.00,-114,4417134,-503553.28,4,fused
376625,000000376625.jpg,640x427,1,0.878753,1,1,TP,yolov8l_bsz4.ms,170.25,124.25,294.50,0.500,Idle,5.23,9.06,293.17,4629.00,11499.37,359.72,,0,100,38.00,-114,4417134,-503553.28,4,fused
131444,000000131444.jpg,480x640,1,0.878702,1,1,TP,yolov8l_bsz4.ms,170.25,124.25,294.50,0.500,Idle,5.23,9.06,293.17,4629.00,11499.37,359.72,,0,100,38.00,-114,4417134,-503553.28,4,fused
202001,000000202001.jpg,500x461,1,0.878366,1,1,TP,yolov8l_bsz4.ms,170.25,124.25,294.50,0.500,Idle,5.23,9.06,293.17,4629.00,11499.37,359.72,,0,100,38.00,-114,4417134,-503553.28,4,fused
133645,000000133645.jpg,640x427,1,0.877934,0,0,FP,yolov8l_bsz4.ms,165.50,125.75,291.25,0.500,Idle,4.71,9.27,373.38,4549.00,11499.37,277.85,,0,100,38.00,-70,4418603,-309302.21,4,fused
357888,000000357888.jpg,640x480,1,0.877666,1,1,TP,yolov8l_bsz4.ms,165.50,125.75,291.25,0.500,Idle,4.71,9.27,373.38,4549.00,11499.37,277.85,,0,100,38.00,-70,4418603,-309302.21,4,fused
79588,000000079588.jpg,640x480,1,0.877429,1,1,TP,yolov8l_bsz4.ms,165.50,125.75,291.25,0.500,Idle,4.71,9.27,373.38,4549.00,11499.37,277.85,,0,100,38.00,-70,4418603,-309302.21,4,fused
213605,000000213605.jpg,480x640,1,0.877235,1,1,TP,yolov8l_bsz4.ms,165.50,125.75,291.25,0.500,Idle,4.71,9.27,373.38,4549.00,11499.37,277.85,,0,100,38.00,-70,4418603,-309302.21,4,fused
554266,000000554266.jpg,640x253,1,0.877015,1,1,TP,yolov8l_bsz4.ms,166.75,100.50,267.25,0.500,Idle,4.56,9.27,369.91,4552.00,11499.37,280.14,,0,100,38.00,-60,4418978,-265138.68,4,fused
84492,000000084492.jpg,426x640,1,0.876756,1,1,TP,yolov8l_bsz4.ms,166.75,100.50,267.25,0.500,Idle,4.56,9.27,369.91,4552.00,11499.37,280.14,,0,100,38.00,-60,4418978,-265138.68,4,fused
8844,000000008844.jpg,640x426,1,0.876680,1,1,TP,yolov8l_bsz4.ms,166.75,100.50,267.25,0.500,Idle,4.56,9.27,369.91,4552.00,11499.37,280.14,,0,100,38.00,-60,4418978,-265138.68,4,fused
378454,000000378454.jpg,427x640,1,0.876611,1,1,TP,yolov8l_bsz4.ms,166.75,100.50,267.25,0.500,Idle,4.56,9.27,369.91,4552.00,11499.37,280.14,,0,100,38.00,-60,4418978,-265138.68,4,fused
515077,000000515077.jpg,640x479,1,0.876334,1,1,TP,yolov8l_bsz4.ms,109.25,108.75,218.00,0.500,Idle,4.49,8.50,351.31,4570.00,11499.37,297.18,,0,100,38.00,-72,4418801,-318153.67,4,fused
335177,000000335177.jpg,640x479,1,0.875864,0,0,FP,yolov8l_bsz4.ms,109.25,108.75,218.00,0.500,Idle,4.49,8.50,351.31,4570.00,11499.37,297.18,,0,100,38.00,-72,4418801,-318153.67,4,fused
559513,000000559513.jpg,640x421,1,0.875495,0,0,FP,yolov8l_bsz4.ms,109.25,108.75,218.00,0.500,Idle,4.49,8.50,351.31,4570.00,11499.37,297.18,,0,100,38.00,-72,4418801,-318153.67,4,fused
475484,000000475484.jpg,426x640,1,0.875043,1,1,TP,yolov8l_bsz4.ms,109.25,108.75,218.00,0.500,Idle,4.49,8.50,351.31,4570.00,11499.37,297.18,,0,100,38.00,-72,4418801,-318153.67,4,fused
225670,000000225670.jpg,640x427,1,0.874260,0,0,FP,yolov8l_bsz4.ms,108.00,120.75,228.75,0.500,Idle,4.63,8.50,297.76,4623.00,11499.37,350.18,,0,100,38.00,-118,4416997,-521205.65,4,fused
222094,000000222094.jpg,500x375,1,0.874219,0,0,FP,yolov8l_bsz4.ms,108.00,120.75,228.75,0.500,Idle,4.63,8.50,297.76,4623.00,11499.37,350.18,,0,100,38.00,-118,4416997,-521205.65,4,fused
553511,000000553511.jpg,500x333,1,0.873907,1,1,TP,yolov8l_bsz4.ms,108.00,120.75,228.75,0.500,Idle,4.63,8.50,297.76,4623.00,11499.37,350.18,,0,100,38.00,-118,4416997,-521205.65,4,fused
186624,000000186624.jpg,640x553,1,0.873626,1,1,TP,yolov8l_bsz4.ms,108.00,120.75,228.75,0.500,Idle,4.63,8.50,297.76,4623.00,11499.37,350.18,,0,100,38.00,-118,4416997,-521205.65,4,fused
90208,000000090208.jpg,640x429,1,0.873604,0,0,FP,yolov8l_bsz4.ms,109.25,107.25,216.50,0.500,Idle,4.68,8.97,374.24,4547.00,11499.37,272.76,,0,100,38.00,-70,4418589,-309301.23,4,fused
63965,000000063965.jpg,640x427,1,0.873409,1,1,TP,yolov8l_bsz4.ms,109.25,107.25,216.50,0.500,Idle,4.68,8.97,374.24,4547.00,11499.37,272.76,,0,100,38.00,-70,4418589,-309301.23,4,fused
169356,000000169356.jpg,640x480,1,0.872718,1,1,TP,yolov8l_bsz4.ms,109.25,107.25,216.50,0.500,Idle,4.68,8.97,374.24,4547.00,11499.37,272.76,,0,100,38.00,-70,4418589,-309301.23,4,fused
372349,000000372349.jpg,640x437,1,0.872710,1,1,TP,yolov8l_bsz4.ms,109.25,107.25,216.50,0.500,Idle,4.68,8.97,374.24,4547.00,11499.37,272.76,,0,100,38.00,-70,4418589,-309301.23,4,fused
424521,000000424521.jpg,314x500,1,0.872155,1,1,TP,yolov8l_bsz4.ms,109.50,112.25,221.75,0.500,Idle,4.73,8.97,371.72,4549.00,11499.37,273.96,,0,100,38.00,-64,4418744,-282799.62,4,fused
429109,000000429109.jpg,640x427,1,0.871892,1,1,TP,yolov8l_bsz4.ms,109.50,112.25,221.75,0.500,Idle,4.73,8.97,371.72,4549.00,11499.37,273.96,,0,100,38.00,-64,4418744,-282799.62,4,fused
33368,000000033368.jpg,427x640,1,0.871873,1,1,TP,yolov8l_bsz4.ms,109.50,112.25,221.75,0.500,Idle,4.73,8.97,371.72,4549.00,11499.37,273.96,,0,100,38.00,-64,4418744,-282799.62,4,fused
308587,000000308587.jpg,480x640,1,0.871844,1,1,TP,yolov8l_bsz4.ms,109.50,112.25,221.75,0.500,Idle,4.73,8.97,371.72,4549.00,11499.37,273.96,,0,100,38.00,-64,4418744,-282799.62,4,fused
284762,000000284762.jpg,640x426,1,0.871828,0,0,FP,yolov8l_bsz4.ms,108.25,114.75,223.00,0.500,Idle,4.80,9.13,350.49,4569.00,11499.37,293.41,,0,100,38.00,-65,4418307,-287189.96,4,fused
523175,000000523175.jpg,500x375,1,0.870712,0,0,FP,yolov8l_bsz4.ms,108.25,114.75,223.00,0.500,Idle,4.80,9.13,350.49,4569.00,11499.37,293.41,,0,100,38.00,-65,4418307,-287189.96,4,fused
21503,000000021503.jpg,640x480,1,0.870279,0,0,FP,yolov8l_bsz4.ms,108.25,114.75,223.00,0.500,Idle,4.80,9.13,350.49,4569.00,11499.37,293.41,,0,100,38.00,-65,4418307,-287189.96,4,fused
248112,000000248112.jpg,640x480,1,0.870163,1,1,TP,yolov8l_bsz4.ms,108.25,114.75,223.00,0.500,Idle,4.80,9.13,350.49,4569.00,11499.37,293.41,,0,100,38.00,-65,4418307,-287189.96,4,fused
463647,000000463647.jpg,640x480,1,0.869979,0,0,FP,yolov8l_bsz4.ms,108.00,119.50,227.50,0.500,Idle,4.86,9.13,293.31,4627.00,11499.37,350.92,,0,100,38.00,-66,4418460,-291618.36,4,fused
190676,000000190676.jpg,640x264,1,0.869886,1,1,TP,yolov8l_bsz4.ms,108.00,119.50,227.50,0.500,Idle,4.86,9.13,293.31,4627.00,11499.37,350.92,,0,100,38.00,-66,4418460,-291618.36,4,fused
514586,000000514586.jpg,354x500,1,0.869857,1,1,TP,yolov8l_bsz4.ms,108.00,119.50,227.50,0.500,Idle,4.86,9.13,293.31,4627.00,11499.37,350.92,,0,100,38.00,-66,4418460,-291618.36,4,fused
210520,000000210520.jpg,612x612,1,0.869829,0,0,FP,yolov8l_bsz4.ms,108.00,119.50,227.50,0.500,Idle,4.86,9.13,293.31,4627.00,11499.37,350.92,,0,100,38.00,-66,4418460,-291618.36,4,fused
155145,000000155145.jpg,500x375,1,0.869745,1,1,TP,yolov8l_bsz4.ms,109.75,123.00,232.75,0.500,Idle,5.43,9.13,371.38,4549.00,11499.37,271.69,,0,100,38.00,-63,4418437,-278361.53,4,fused
74646,000000074646.jpg,480x640,1,0.869682,1,1,TP,yolov8l_bsz4.ms,109.75,123.00,232.75,0.500,Idle,5.43,9.13,371.38,4549.00,11499.37,271.69,,0,100,38.00,-63,4418437,-278361.53,4,fused
312421,000000312421.jpg,640x427,1,0.869052,1,1,TP,yolov8l_bsz4.ms,109.75,123.00,232.75,0.500,Idle,5.43,9.13,371.38,4549.00,11499.37,271.69,,0,100,38.00,-63,4418437,-278361.53,4,fused
139077,000000139077.jpg,500x375,1,0.868332,1,1,TP,yolov8l_bsz4.ms,109.75,123.00,232.75,0.500,Idle,5.43,9.13,371.38,4549.00,11499.37,271.69,,0,100,38.00,-63,4418437,-278361.53,4,fused
120853,000000120853.jpg,640x428,1,0.868240,0,0,FP,yolov8l_bsz4.ms,110.00,113.50,223.50,0.500,Idle,5.38,9.78,376.59,4544.00,11499.37,265.94,,0,100,38.00,-78,4418066,-344609.15,4,fused
439522,000000439522.jpg,428x640,1,0.867372,1,1,TP,yolov8l_bsz4.ms,110.00,113.50,223.50,0.500,Idle,5.38,9.78,376.59,4544.00,11499.37,265.94,,0,100,38.00,-78,4418066,-344609.15,4,fused
416885,000000416885.jpg,500x375,1,0.867154,0,0,FP,yolov8l_bsz4.ms,110.00,113.50,223.50,0.500,Idle,5.38,9.78,376.59,4544.00,11499.37,265.94,,0,100,38.00,-78,4418066,-344609.15,4,fused
520707,000000520707.jpg,640x480,1,0.866818,1,1,TP,yolov8l_bsz4.ms,110.00,113.50,223.50,0.500,Idle,5.38,9.78,376.59,4544.00,11499.37,265.94,,0,100,38.00,-78,4418066,-344609.15,4,fused
289393,000000289393.jpg,640x480,1,0.866469,0,0,FP,yolov8l_bsz4.ms,109.25,123.75,233.00,0.500,Idle,5.36,9.78,349.84,4572.00,11499.37,293.86,,0,100,38.00,-116,4416685,-512335.46,4,fused
61584,000000061584.jpg,500x375,1,0.866252,1,1,TP,yolov8l_bsz4.ms,109.25,123.75,233.00,0.500,Idle,5.36,9.78,349.84,4572.00,11499.37,293.86,,0,100,38.00,-116,4416685,-512335.46,4,fused
226903,000000226903.jpg,640x480,1,0.865812,1,1,TP,yolov8l_bsz4.ms,109.25,123.75,233.00,0.500,Idle,5.36,9.78,349.84,4572.00,11499.37,293.86,,0,100,38.00,-116,4416685,-512335.46,4,fused
564336,000000564336.jpg,640x360,1,0.865648,1,1,TP,yolov8l_bsz4.ms,109.25,123.75,233.00,0.500,Idle,5.36,9.78,349.84,4572.00,11499.37,293.86,,0,100,38.00,-116,4416685,-512335.46,4,fused
334006,000000334006.jpg,640x426,1,0.865277,1,1,TP,yolov8l_bsz4.ms,107.50,121.50,229.00,0.500,Idle,5.43,9.85,295.24,4627.00,11499.37,347.49,,0,100,38.00,-63,4418630,-278373.69,4,fused
78565,000000078565.jpg,640x499,1,0.865161,1,1,TP,yolov8l_bsz4.ms,107.50,121.50,229.00,0.500,Idle,5.43,9.85,295.24,4627.00,11499.37,347.49,,0,100,38.00,-63,4418630,-278373.69,4,fused
407574,000000407574.jpg,478x640,1,0.865144,0,0,FP,yolov8l_bsz4.ms,107.50,121.50,229.00,0.500,Idle,5.43,9.85,295.24,4627.00,11499.37,347.49,,0,100,38.00,-63,4418630,-278373.69,4,fused
551822,000000551822.jpg,640x453,1,0.864273,0,0,FP,yolov8l_bsz4.ms,107.50,121.50,229.00,0.500,Idle,5.43,9.85,295.24,4627.00,11499.37,347.49,,0,100,38.00,-63,4418630,-278373.69,4,fused
16228,000000016228.jpg,640x440,1,0.864121,1,1,TP,yolov8l_bsz4.ms,109.25,106.25,215.50,0.500,Idle,5.24,9.85,372.48,4549.00,11499.37,268.52,,0,100,38.00,-65,4418012,-287170.78,4,fused
171740,000000171740.jpg,640x480,1,0.864049,0,0,FP,yolov8l_bsz4.ms,109.25,106.25,215.50,0.500,Idle,5.24,9.85,372.48,4549.00,11499.37,268.52,,0,100,38.00,-65,4418012,-287170.78,4,fused
122927,000000122927.jpg,640x361,1,0.864037,0,0,FP,yolov8l_bsz4.ms,109.25,106.25,215.50,0.500,Idle,5.24,9.85,372.48,4549.00,11499.37,268.52,,0,100,38.00,-65,4418012,-287170.78,4,fused
253386,000000253386.jpg,500x333,1,0.863889,1,1,TP,yolov8l_bsz4.ms,109.25,106.25,215.50,0.500,Idle,5.24,9.85,372.48,4549.00,11499.37,268.52,,0,100,38.00,-65,4418012,-287170.78,4,fused
329219,000000329219.jpg,640x427,1,0.863854,1,1,TP,yolov8l_bsz4.ms,170.75,102.75,273.50,0.500,Idle,5.16,9.85,372.72,4548.00,11499.37,266.48,,0,100,38.00,-147,4415543,-649084.82,4,fused
399296,000000399296.jpg,640x480,1,0.863383,1,1,TP,yolov8l_bsz4.ms,170.75,102.75,273.50,0.500,Idle,5.16,9.85,372.72,4548.00,11499.37,266.48,,0,100,38.00,-147,4415543,-649084.82,4,fused
272566,000000272566.jpg,640x451,1,0.863307,1,1,TP,yolov8l_bsz4.ms,170.75,102.75,273.50,0.500,Idle,5.16,9.85,372.72,4548.00,11499.37,266.48,,0,100,38.00,-147,4415543,-649084.82,4,fused
423944,000000423944.jpg,448x640,1,0.863159,0,0,FP,yolov8l_bsz4.ms,170.75,102.75,273.50,0.500,Idle,5.16,9.85,372.72,4548.00,11499.37,266.48,,0,100,38.00,-147,4415543,-649084.82,4,fused
181542,000000181542.jpg,640x600,1,0.862898,1,1,TP,yolov8l_bsz4.ms,169.75,110.75,280.50,0.500,Idle,4.98,9.42,350.89,4570.00,11499.37,287.16,,0,100,38.00,-140,4416035,-618244.90,4,fused
179174,000000179174.jpg,428x640,1,0.862565,1,1,TP,yolov8l_bsz4.ms,169.75,110.75,280.50,0.500,Idle,4.98,9.42,350.89,4570.00,11499.37,287.16,,0,100,38.00,-140,4416035,-618244.90,4,fused
453341,000000453341.jpg,640x480,1,0.861987,0,0,FP,yolov8l_bsz4.ms,169.75,110.75,280.50,0.500,Idle,4.98,9.42,350.89,4570.00,11499.37,287.16,,0,100,38.00,-140,4416035,-618244.90,4,fused
219578,000000219578.jpg,640x427,1,0.861835,0,0,FP,yolov8l_bsz4.ms,169.75,110.75,280.50,0.500,Idle,4.98,9.42,350.89,4570.00,11499.37,287.16,,0,100,38.00,-140,4416035,-618244.90,4,fused
114770,000000114770.jpg,640x403,1,0.861400,0,0,FP,yolov8l_bsz4.ms,170.00,109.75,279.75,0.500,Idle,4.85,9.42,295.13,4625.00,11499.37,341.00,,0,100,38.00,-85,4417845,-375516.83,4,fused
519039,000000519039.jpg,640x299,1,0.861300,0,0,FP,yolov8l_bsz4.ms,170.00,109.75,279.75,0.500,Idle,4.85,9.42,295.13,4625.00,11499.37,341.00,,0,100,38.00,-85,4417845,-375516.83,4,fused
18737,000000018737.jpg,640x427,1,0.860846,0,0,FP,yolov8l_bsz4.ms,170.00,109.75,279.75,0.500,Idle,4.85,9.42,295.13,4625.00,11499.37,341.00,,0,100,38.00,-85,4417845,-375516.83,4,fused
428562,000000428562.jpg,640x480,1,0.859934,1,1,TP,yolov8l_bsz4.ms,170.00,109.75,279.75,0.500,Idle,4.85,9.42,295.13,4625.00,11499.37,341.00,,0,100,38.00,-85,4417845,-375516.83,4,fused
52412,000000052412.jpg,640x426,1,0.859262,0,0,FP,yolov8l_bsz4.ms,165.00,111.00,276.00,0.500,Idle,4.73,8.73,372.99,4547.00,11499.37,262.13,,0,100,38.00,-63,4418737,-278380.43,4,fused
82085,000000082085.jpg,640x428,1,0.859054,1,1,TP,yolov8l_bsz4.ms,165.00,111.00,276.00,0.500,Idle,4.73,8.73,372.99,4547.00,11499.37,262.13,,0,100,38.00,-63,4418737,-278380.43,4,fused
78404,000000078404.jpg,500x350,1,0.858917,1,1,TP,yolov8l_bsz4.ms,165.00,111.00,276.00,0.500,Idle,4.73,8.73,372.99,4547.00,11499.37,262.13,,0,100,38.00,-63,4418737,-278380.43,4,fused
500477,000000500477.jpg,640x480,1,0.858846,1,1,TP,yolov8l_bsz4.ms,165.00,111.00,276.00,0.500,Idle,4.73,8.73,372.99,4547.00,11499.37,262.13,,0,100,38.00,-63,4418737,-278380.43,4,fused
66231,000000066231.jpg,640x427,1,0.858759,1,1,TP,yolov8l_bsz4.ms,120.00,106.25,226.25,0.500,Idle,4.65,8.73,371.64,4549.00,11499.37,263.95,,0,100,38.00,-61,4418891,-269552.35,4,fused
540962,000000540962.jpg,500x400,1,0.858163,0,0,FP,yolov8l_bsz4.ms,120.00,106.25,226.25,0.500,Idle,4.65,8.73,371.64,4549.00,11499.37,263.95,,0,100,38.00,-61,4418891,-269552.35,4,fused
98716,000000098716.jpg,640x359,1,0.857079,1,1,TP,yolov8l_bsz4.ms,120.00,106.25,226.25,0.500,Idle,4.65,8.73,371.64,4549.00,11499.37,263.95,,0,100,38.00,-61,4418891,-269552.35,4,fused
257896,000000257896.jpg,480x640,1,0.856991,1,1,TP,yolov8l_bsz4.ms,120.00,106.25,226.25,0.500,Idle,4.65,8.73,371.64,4549.00,11499.37,263.95,,0,100,38.00,-61,4418891,-269552.35,4,fused
228942,000000228942.jpg,640x319,1,0.856990,1,1,TP,yolov8l_bsz4.ms,109.25,111.25,220.50,0.500,Idle,4.61,7.34,357.38,4564.00,11499.37,277.58,,0,100,38.00,-59,4418922,-260716.40,4,fused
246308,000000246308.jpg,480x640,1,0.856908,0,0,FP,yolov8l_bsz4.ms,109.25,111.25,220.50,0.500,Idle,4.61,7.34,357.38,4564.00,11499.37,277.58,,0,100,38.00,-59,4418922,-260716.40,4,fused
402615,000000402615.jpg,640x427,1,0.856446,1,1,TP,yolov8l_bsz4.ms,109.25,111.25,220.50,0.500,Idle,4.61,7.34,357.38,4564.00,11499.37,277.58,,0,100,38.00,-59,4418922,-260716.40,4,fused
506178,000000506178.jpg,375x500,1,0.855751,1,1,TP,yolov8l_bsz4.ms,109.25,111.25,220.50,0.500,Idle,4.61,7.34,357.38,4564.00,11499.37,277.58,,0,100,38.00,-59,4418922,-260716.40,4,fused
571943,000000571943.jpg,640x480,1,0.855701,0,0,FP,yolov8l_bsz4.ms,108.25,109.00,217.25,0.500,Idle,5.02,7.34,297.20,4624.00,11499.37,336.77,,0,100,38.00,-80,4417835,-353426.80,4,fused
224093,000000224093.jpg,640x316,1,0.855686,0,0,FP,yolov8l_bsz4.ms,108.25,109.00,217.25,0.500,Idle,5.02,7.34,297.20,4624.00,11499.37,336.77,,0,100,38.00,-80,4417835,-353426.80,4,fused
350003,000000350003.jpg,640x480,1,0.855413,1,1,TP,yolov8l_bsz4.ms,108.25,109.00,217.25,0.500,Idle,5.02,7.34,297.20,4624.00,11499.37,336.77,,0,100,38.00,-80,4417835,-353426.80,4,fused
443303,000000443303.jpg,500x375,1,0.854315,0,0,FP,yolov8l_bsz4.ms,108.25,109.00,217.25,0.500,Idle,5.02,7.34,297.20,4624.00,11499.37,336.77,,0,100,38.00,-80,4417835,-353426.80,4,fused
473121,000000473121.jpg,500x332,1,0.853638,1,1,TP,yolov8l_bsz4.ms,109.00,103.25,212.25,0.500,Idle,4.84,9.13,372.33,4548.00,11499.37,260.82,,0,100,38.00,-63,4418477,-278364.05,4,fused
99428,000000099428.jpg,640x480,1,0.853229,0,0,FP,yolov8l_bsz4.ms,109.00,103.25,212.25,0.500,Idle,4.84,9.13,372.33,4548.00,11499.37,260.82,,0,100,38.00,-63,4418477,-278364.05,4,fused
493286,000000493286.jpg,640x359,1,0.852940,1,1,TP,yolov8l_bsz4.ms,109.00,103.25,212.25,0.500,Idle,4.84,9.13,372.33,4548.00,11499.37,260.82,,0,100,38.00,-63,4418477,-278364.05,4,fused
71711,000000071711.jpg,640x427,1,0.852595,1,1,TP,yolov8l_bsz4.ms,109.00,103.25,212.25,0.500,Idle,4.84,9.13,372.33,4548.00,11499.37,260.82,,0,100,38.00,-63,4418477,-278364.05,4,fused
460147,000000460147.jpg,640x424,1,0.852278,1,1,TP,yolov8l_bsz4.ms,116.00,117.00,233.00,0.500,Idle,4.92,9.13,372.68,4548.00,11499.37,259.65,,0,100,38.00,-116,4416879,-512357.96,4,fused
236166,000000236166.jpg,426x640,1,0.851332,1,1,TP,yolov8l_bsz4.ms,116.00,117.00,233.00,0.500,Idle,4.92,9.13,372.68,4548.00,11499.37,259.65,,0,100,38.00,-116,4416879,-512357.96,4,fused
151938,000000151938.jpg,470x640,1,0.851309,1,1,TP,yolov8l_bsz4.ms,116.00,117.00,233.00,0.500,Idle,4.92,9.13,372.68,4548.00,11499.37,259.65,,0,100,38.00,-116,4416879,-512357.96,4,fused
462031,000000462031.jpg,449x640,1,0.851140,1,1,TP,yolov8l_bsz4.ms,116.00,117.00,233.00,0.500,Idle,4.92,9.13,372.68,4548.00,11499.37,259.65,,0,100,38.00,-116,4416879,-512357.96,4,fused
312720,000000312720.jpg,640x427,1,0.850759,1,1,TP,yolov8l_bsz4.ms,109.25,103.25,212.50,0.500,Idle,5.04,9.13,353.17,4567.00,11499.37,278.93,,0,100,38.00,-152,4414322,-670976.94,4,fused
160012,000000160012.jpg,640x461,1,0.850594,1,1,TP,yolov8l_bsz4.ms,109.25,103.25,212.50,0.500,Idle,5.04,9.13,353.17,4567.00,11499.37,278.93,,0,100,38.00,-152,4414322,-670976.94,4,fused
317433,000000317433.jpg,640x427,1,0.850203,1,1,TP,yolov8l_bsz4.ms,109.25,103.25,212.50,0.500,Idle,5.04,9.13,353.17,4567.00,11499.37,278.93,,0,100,38.00,-152,4414322,-670976.94,4,fused
273642,000000273642.jpg,375x500,1,0.849984,0,0,FP,yolov8l_bsz4.ms,109.25,103.25,212.50,0.500,Idle,5.04,9.13,353.17,4567.00,11499.37,278.93,,0,100,38.00,-152,4414322,-670976.94,4,fused
324614,000000324614.jpg,640x427,1,0.848853,1,1,TP,yolov8l_bsz4.ms,107.75,120.75,228.50,0.500,Idle,5.05,8.59,296.15,4624.00,11499.37,335.20,,0,100,38.00,-66,4418105,-291594.93,4,fused
229553,000000229553.jpg,640x488,1,0.848526,1,1,TP,yolov8l_bsz4.ms,107.75,120.75,228.50,0.500,Idle,5.05,8.59,296.15,4624.00,11499.37,335.20,,0,100,38.00,-66,4418105,-291594.93,4,fused
531036,000000531036.jpg,480x640,1,0.848410,1,1,TP,yolov8l_bsz4.ms,107.75,120.75,228.50,0.500,Idle,5.05,8.59,296.15,4624.00,11499.37,335.20,,0,100,38.00,-66,4418105,-291594.93,4,fused
364557,000000364557.jpg,640x427,1,0.848067,1,1,TP,yolov8l_bsz4.ms,107.75,120.75,228.50,0.500,Idle,5.05,8.59,296.15,4624.00,11499.37,335.20,,0,100,38.00,-66,4418105,-291594.93,4,fused
142092,000000142092.jpg,640x480,1,0.847995,0,0,FP,yolov8l_bsz4.ms,109.25,114.75,224.00,0.500,Idle,5.05,8.59,373.24,4546.00,11499.37,257.17,,0,100,38.00,-64,4418181,-282763.58,4,fused
211120,000000211120.jpg,640x379,1,0.847977,0,0,FP,yolov8l_bsz4.ms,109.25,114.75,224.00,0.500,Idle,5.05,8.59,373.24,4546.00,11499.37,257.17,,0,100,38.00,-64,4418181,-282763.58,4,fused
74457,000000074457.jpg,640x364,1,0.847587,1,1,TP,yolov8l_bsz4.ms,109.25,114.75,224.00,0.500,Idle,5.05,8.59,373.24,4546.00,11499.37,257.17,,0,100,38.00,-64,4418181,-282763.58,4,fused
355817,000000355817.jpg,640x480,1,0.847260,1,1,TP,yolov8l_bsz4.ms,109.25,114.75,224.00,0.500,Idle,5.05,8.59,373.24,4546.00,11499.37,257.17,,0,100,38.00,-64,4418181,-282763.58,4,fused
513041,000000513041.jpg,640x480,1,0.847190,1,1,TP,yolov8l_bsz4.ms,109.25,111.75,221.00,0.500,Idle,5.06,8.75,369.92,4550.00,11499.37,259.96,,0,100,38.00,-62,4418264,-273932.37,4,fused
186042,000000186042.jpg,640x360,1,0.846924,1,1,TP,yolov8l_bsz4.ms,109.25,111.75,221.00,0.500,Idle,5.06,8.75,369.92,4550.00,11499.37,259.96,,0,100,38.00,-62,4418264,-273932.37,4,fused
458109,000000458109.jpg,640x480,1,0.846592,1,1,TP,yolov8l_bsz4.ms,109.25,111.75,221.00,0.500,Idle,5.06,8.75,369.92,4550.00,11499.37,259.96,,0,100,38.00,-62,4418264,-273932.37,4,fused
139871,000000139871.jpg,640x427,1,0.845465,0,0,FP,yolov8l_bsz4.ms,109.25,111.75,221.00,0.500,Idle,5.06,8.75,369.92,4550.00,11499.37,259.96,,0,100,38.00,-62,4418264,-273932.37,4,fused
127092,000000127092.jpg,640x480,1,0.844594,1,1,TP,yolov8l_bsz4.ms,109.25,118.50,227.75,0.500,Idle,5.15,8.75,352.01,4567.00,11499.37,277.02,,0,100,38.00,-63,4418251,-278349.81,4,fused
273132,000000273132.jpg,640x633,1,0.844419,1,1,TP,yolov8l_bsz4.ms,109.25,118.50,227.75,0.500,Idle,5.15,8.75,352.01,4567.00,11499.37,277.02,,0,100,38.00,-63,4418251,-278349.81,4,fused
334371,000000334371.jpg,640x419,1,0.844260,1,1,TP,yolov8l_bsz4.ms,109.25,118.50,227.75,0.500,Idle,5.15,8.75,352.01,4567.00,11499.37,277.02,,0,100,38.00,-63,4418251,-278349.81,4,fused
345027,000000345027.jpg,640x403,1,0.844222,1,1,TP,yolov8l_bsz4.ms,109.25,118.50,227.75,0.500,Idle,5.15,8.75,352.01,4567.00,11499.37,277.02,,0,100,38.00,-63,4418251,-278349.81,4,fused
376310,000000376310.jpg,640x480,1,0.844105,0,0,FP,yolov8l_bsz4.ms,163.00,119.75,282.75,0.500,Idle,5.15,8.85,297.99,4621.00,11499.37,330.24,,0,100,38.00,-70,4417672,-309237.04,4,fused
335081,000000335081.jpg,640x427,1,0.843268,0,0,FP,yolov8l_bsz4.ms,163.00,119.75,282.75,0.500,Idle,5.15,8.85,297.99,4621.00,11499.37,330.24,,0,100,38.00,-70,4417672,-309237.04,4,fused
73326,000000073326.jpg,640x480,1,0.842628,0,0,FP,yolov8l_bsz4.ms,163.00,119.75,282.75,0.500,Idle,5.15,8.85,297.99,4621.00,11499.37,330.24,,0,100,38.00,-70,4417672,-309237.04,4,fused
539962,000000539962.jpg,640x480,1,0.842505,1,1,TP,yolov8l_bsz4.ms,163.00,119.75,282.75,0.500,Idle,5.15,8.85,297.99,4621.00,11499.37,330.24,,0,100,38.00,-70,4417672,-309237.04,4,fused
230008,000000230008.jpg,640x360,1,0.842038,1,1,TP,yolov8l_bsz4.ms,171.25,122.00,293.25,0.500,Idle,8.68,8.85,372.99,4546.00,11499.37,254.22,,0,100,38.00,-119,4416530,-525567.07,4,fused
369812,000000369812.jpg,640x637,1,0.841642,1,1,TP,yolov8l_bsz4.ms,171.25,122.00,293.25,0.500,Idle,8.68,8.85,372.99,4546.00,11499.37,254.22,,0,100,38.00,-119,4416530,-525567.07,4,fused
46048,000000046048.jpg,640x480,1,0.841619,1,1,TP,yolov8l_bsz4.ms,171.25,122.00,293.25,0.500,Idle,8.68,8.85,372.99,4546.00,11499.37,254.22,,0,100,38.00,-119,4416530,-525567.07,4,fused
102331,000000102331.jpg,500x357,1,0.841273,1,1,TP,yolov8l_bsz4.ms,171.25,122.00,293.25,0.500,Idle,8.68,8.85,372.99,4546.00,11499.37,254.22,,0,100,38.00,-119,4416530,-525567.07,4,fused
31322,000000031322.jpg,640x427,1,0.841046,1,1,TP,yolov8l_bsz4.ms,164.75,121.75,286.50,0.500,Idle,5.54,8.22,372.42,4546.00,11499.37,253.71,,0,100,38.00,-62,4418498,-273946.88,4,fused
375278,000000375278.jpg,333x500,1,0.840866,1,1,TP,yolov8l_bsz4.ms,164.75,121.75,286.50,0.500,Idle,5.54,8.22,372.42,4546.00,11499.37,253.71,,0,100,38.00,-62,4418498,-273946.88,4,fused
377814,000000377814.jpg,640x480,1,0.840429,0,0,FP,yolov8l_bsz4.ms,164.75,121.75,286.50,0.500,Idle,5.54,8.22,372.42,4546.00,11499.37,253.71,,0,100,38.00,-62,4418498,-273946.88,4,fused
303908,000000303908.jpg,640x427,1,0.839609,0,0,FP,yolov8l_bsz4.ms,164.75,121.75,286.50,0.500,Idle,5.54,8.22,372.42,4546.00,11499.37,253.71,,0,100,38.00,-62,4418498,-273946.88,4,fused
35682,000000035682.jpg,480x640,1,0.839436,1,1,TP,yolov8l_bsz4.ms,163.25,135.25,298.50,0.500,Idle,5.15,8.22,352.38,4565.00,11499.37,271.98,,0,100,38.00,-63,4418659,-278375.52,4,fused
271728,000000271728.jpg,640x427,1,0.839367,0,0,FP,yolov8l_bsz4.ms,163.25,135.25,298.50,0.500,Idle,5.15,8.22,352.38,4565.00,11499.37,271.98,,0,100,38.00,-63,4418659,-278375.52,4,fused
442463,000000442463.jpg,480x640,1,0.839170,1,1,TP,yolov8l_bsz4.ms,163.25,135.25,298.50,0.500,Idle,5.15,8.22,352.38,4565.00,11499.37,271.98,,0,100,38.00,-63,4418659,-278375.52,4,fused
468577,000000468577.jpg,612x612,1,0.839068,1,1,TP,yolov8l_bsz4.ms,163.25,135.25,298.50,0.500,Idle,5.15,8.22,352.38,4565.00,11499.37,271.98,,0,100,38.00,-63,4418659,-278375.52,4,fused
436551,000000436551.jpg,640x438,1,0.838867,0,0,FP,yolov8l_bsz4.ms,139.50,110.25,249.75,0.500,Idle,4.90,8.10,297.72,4620.00,11499.37,325.98,,0,100,38.00,-60,4418770,-265126.20,4,fused
286708,000000286708.jpg,640x481,1,0.838611,0,0,FP,yolov8l_bsz4.ms,139.50,110.25,249.75,0.500,Idle,4.90,8.10,297.72,4620.00,11499.37,325.98,,0,100,38.00,-60,4418770,-265126.20,4,fused
158956,000000158956.jpg,640x425,1,0.838272,1,1,TP,yolov8l_bsz4.ms,139.50,110.25,249.75,0.500,Idle,4.90,8.10,297.72,4620.00,11499.37,325.98,,0,100,38.00,-60,4418770,-265126.20,4,fused
476215,000000476215.jpg,640x409,1,0.838244,1,1,TP,yolov8l_bsz4.ms,139.50,110.25,249.75,0.500,Idle,4.90,8.10,297.72,4620.00,11499.37,325.98,,0,100,38.00,-60,4418770,-265126.20,4,fused
39785,000000039785.jpg,500x375,1,0.837965,1,1,TP,yolov8l_bsz4.ms,109.25,118.25,227.50,0.500,Idle,4.77,8.10,372.48,4545.00,11499.37,250.39,,0,100,38.00,-65,4418606,-287209.39,4,fused
158548,000000158548.jpg,640x482,1,0.836709,1,1,TP,yolov8l_bsz4.ms,109.25,118.25,227.50,0.500,Idle,4.77,8.10,372.48,4545.00,11499.37,250.39,,0,100,38.00,-65,4418606,-287209.39,4,fused
484404,000000484404.jpg,640x480,1,0.836595,1,1,TP,yolov8l_bsz4.ms,109.25,118.25,227.50,0.500,Idle,4.77,8.10,372.48,4545.00,11499.37,250.39,,0,100,38.00,-65,4418606,-287209.39,4,fused
336658,000000336658.jpg,640x428,1,0.836552,1,1,TP,yolov8l_bsz4.ms,109.25,118.25,227.50,0.500,Idle,4.77,8.10,372.48,4545.00,11499.37,250.39,,0,100,38.00,-65,4418606,-287209.39,4,fused
570448,000000570448.jpg,640x484,1,0.835520,1,1,TP,yolov8l_bsz4.ms,109.75,127.75,237.50,0.500,Idle,4.81,8.33,372.32,4545.00,11499.37,249.61,,0,100,38.00,-62,4418540,-273949.48,4,fused
5529,000000005529.jpg,444x640,1,0.835324,1,1,TP,yolov8l_bsz4.ms,109.75,127.75,237.50,0.500,Idle,4.81,8.33,372.32,4545.00,11499.37,249.61,,0,100,38.00,-62,4418540,-273949.48,4,fused
92053,000000092053.jpg,640x427,1,0.834018,1,1,TP,yolov8l_bsz4.ms,109.75,127.75,237.50,0.500,Idle,4.81,8.33,372.32,4545.00,11499.37,249.61,,0,100,38.00,-62,4418540,-273949.48,4,fused
576052,000000576052.jpg,640x427,1,0.833617,1,1,TP,yolov8l_bsz4.ms,109.75,127.75,237.50,0.500,Idle,4.81,8.33,372.32,4545.00,11499.37,249.61,,0,100,38.00,-62,4418540,-273949.48,4,fused
459153,000000459153.jpg,427x640,1,0.832476,1,1,TP,yolov8l_bsz4.ms,109.25,113.50,222.75,0.500,Idle,4.92,8.33,350.46,4567.00,11499.37,270.71,,0,100,38.00,-116,4416772,-512345.55,4,fused
250282,000000250282.jpg,640x426,1,0.832430,1,1,TP,yolov8l_bsz4.ms,109.25,113.50,222.75,0.500,Idle,4.92,8.33,350.46,4567.00,11499.37,270.71,,0,100,38.00,-116,4416772,-512345.55,4,fused
94157,000000094157.jpg,372x640,1,0.832191,1,1,TP,yolov8l_bsz4.ms,109.25,113.50,222.75,0.500,Idle,4.92,8.33,350.46,4567.00,11499.37,270.71,,0,100,38.00,-116,4416772,-512345.55,4,fused
558558,000000558558.jpg,640x480,1,0.831830,0,0,FP,yolov8l_bsz4.ms,109.25,113.50,222.75,0.500,Idle,4.92,8.33,350.46,4567.00,11499.37,270.71,,0,100,38.00,-116,4416772,-512345.55,4,fused
22892,000000022892.jpg,500x334,1,0.831825,0,0,FP,yolov8l_bsz4.ms,107.75,117.50,225.25,0.500,Idle,4.94,8.58,295.66,4621.00,11499.37,324.29,,0,100,38.00,-69,4418236,-304858.28,4,fused
341094,000000341094.jpg,500x375,1,0.831549,1,1,TP,yolov8l_bsz4.ms,107.75,117.50,225.25,0.500,Idle,4.94,8.58,295.66,4621.00,11499.37,324.29,,0,100,38.00,-69,4418236,-304858.28,4,fused
130386,000000130386.jpg,375x500,1,0.831287,1,1,TP,yolov8l_bsz4.ms,107.75,117.50,225.25,0.500,Idle,4.94,8.58,295.66,4621.00,11499.37,324.29,,0,100,38.00,-69,4418236,-304858.28,4,fused
575243,000000575243.jpg,640x427,1,0.831233,1,1,TP,yolov8l_bsz4.ms,107.75,117.50,225.25,0.500,Idle,4.94,8.58,295.66,4621.00,11499.37,324.29,,0,100,38.00,-69,4418236,-304858.28,4,fused
172935,000000172935.jpg,488x364,1,0.831065,1,1,TP,yolov8l_bsz4.ms,109.75,109.00,218.75,0.500,Idle,4.92,8.58,372.21,4544.00,11499.37,247.15,,0,100,38.00,-69,4417816,-304829.30,4,fused
388215,000000388215.jpg,640x425,1,0.830926,1,1,TP,yolov8l_bsz4.ms,109.75,109.00,218.75,0.500,Idle,4.92,8.58,372.21,4544.00,11499.37,247.15,,0,100,38.00,-69,4417816,-304829.30,4,fused
164885,000000164885.jpg,640x427,1,0.830600,1,1,TP,yolov8l_bsz4.ms,109.75,109.00,218.75,0.500,Idle,4.92,8.58,372.21,4544.00,11499.37,247.15,,0,100,38.00,-69,4417816,-304829.30,4,fused
512403,000000512403.jpg,529x640,1,0.829350,0,0,FP,yolov8l_bsz4.ms,109.75,109.00,218.75,0.500,Idle,4.92,8.58,372.21,4544.00,11499.37,247.15,,0,100,38.00,-69,4417816,-304829.30,4,fused
263403,000000263403.jpg,638x394,1,0.829139,1,1,TP,yolov8l_bsz4.ms,172.00,114.75,286.75,0.500,Idle,4.99,8.65,370.71,4546.00,11499.37,247.76,,0,100,38.00,-64,4418269,-282769.22,4,fused
231747,000000231747.jpg,640x400,1,0.828867,1,1,TP,yolov8l_bsz4.ms,172.00,114.75,286.75,0.500,Idle,4.99,8.65,370.71,4546.00,11499.37,247.76,,0,100,38.00,-64,4418269,-282769.22,4,fused
492077,000000492077.jpg,640x480,1,0.828820,1,1,TP,yolov8l_bsz4.ms,172.00,114.75,286.75,0.500,Idle,4.99,8.65,370.71,4546.00,11499.37,247.76,,0,100,38.00,-64,4418269,-282769.22,4,fused
434204,000000434204.jpg,500x333,1,0.828556,1,1,TP,yolov8l_bsz4.ms,172.00,114.75,286.75,0.500,Idle,4.99,8.65,370.71,4546.00,11499.37,247.76,,0,100,38.00,-64,4418269,-282769.22,4,fused
396568,000000396568.jpg,640x424,1,0.825009,0,0,FP,yolov8l_bsz4.ms,167.00,115.75,282.75,0.500,Idle,4.35,8.65,351.74,4535.00,11499.37,235.93,,0,100,39.00,-67,4418403,-296033.00,4,fused
438774,000000438774.jpg,640x425,1,0.823714,1,1,TP,yolov8l_bsz4.ms,167.00,115.75,282.75,0.500,Idle,4.35,8.65,351.74,4535.00,11499.37,235.93,,0,100,39.00,-67,4418403,-296033.00,4,fused
240754,000000240754.jpg,640x427,1,0.823521,0,0,FP,yolov8l_bsz4.ms,167.00,115.75,282.75,0.500,Idle,4.35,8.65,351.74,4535.00,11499.37,235.93,,0,100,39.00,-67,4418403,-296033.00,4,fused
373315,000000373315.jpg,477x640,1,0.823458,1,1,TP,yolov8l_bsz4.ms,167.00,115.75,282.75,0.500,Idle,4.35,8.65,351.74,4535.00,11499.37,235.93,,0,100,39.00,-67,4418403,-296033.00,4,fused
395180,000000395180.jpg,640x481,1,0.823443,1,1,TP,yolov8l_bsz4.ms,165.50,108.50,274.00,0.500,Idle,4.20,14.23,296.19,4607.00,11499.37,307.13,,0,100,39.00,-68,4418520,-300459.36,4,fused
87470,000000087470.jpg,640x470,1,0.823140,1,1,TP,yolov8l_bsz4.ms,165.50,108.50,274.00,0.500,Idle,4.20,14.23,296.19,4607.00,11499.37,307.13,,0,100,39.00,-68,4418520,-300459.36,4,fused
342006,000000342006.jpg,480x640,1,0.823111,0,0,FP,yolov8l_bsz4.ms,165.50,108.50,274.00,0.500,Idle,4.20,14.23,296.19,4607.00,11499.37,307.13,,0,100,39.00,-68,4418520,-300459.36,4,fused
68409,000000068409.jpg,640x263,1,0.822808,1,1,TP,yolov8l_bsz4.ms,165.50,108.50,274.00,0.500,Idle,4.20,14.23,296.19,4607.00,11499.37,307.13,,0,100,39.00,-68,4418520,-300459.36,4,fused
365642,000000365642.jpg,426x640,1,0.822344,1,1,TP,yolov8l_bsz4.ms,161.75,125.75,287.50,0.500,Idle,4.23,14.23,373.57,4521.00,11499.37,221.08,,0,100,39.00,-67,4418494,-296039.10,4,fused
43435,000000043435.jpg,638x640,1,0.822278,1,1,TP,yolov8l_bsz4.ms,161.75,125.75,287.50,0.500,Idle,4.23,14.23,373.57,4521.00,11499.37,221.08,,0,100,39.00,-67,4418494,-296039.10,4,fused
248334,000000248334.jpg,500x375,1,0.821556,1,1,TP,yolov8l_bsz4.ms,161.75,125.75,287.50,0.500,Idle,4.23,14.23,373.57,4521.00,11499.37,221.08,,0,100,39.00,-67,4418494,-296039.10,4,fused
17178,000000017178.jpg,640x427,1,0.821067,0,0,FP,yolov8l_bsz4.ms,161.75,125.75,287.50,0.500,Idle,4.23,14.23,373.57,4521.00,11499.37,221.08,,0,100,39.00,-67,4418494,-296039.10,4,fused
207306,000000207306.jpg,375x500,1,0.820973,1,1,TP,yolov8l_bsz4.ms,162.75,114.00,276.75,0.500,Idle,4.25,13.42,368.86,4545.00,11499.37,244.75,,0,100,39.00,-65,4418710,-287216.15,4,fused
234366,000000234366.jpg,480x640,1,0.820493,0,0,FP,yolov8l_bsz4.ms,162.75,114.00,276.75,0.500,Idle,4.25,13.42,368.86,4545.00,11499.37,244.75,,0,100,39.00,-65,4418710,-287216.15,4,fused
160728,000000160728.jpg,640x426,1,0.820277,1,1,TP,yolov8l_bsz4.ms,162.75,114.00,276.75,0.500,Idle,4.25,13.42,368.86,4545.00,11499.37,244.75,,0,100,39.00,-65,4418710,-287216.15,4,fused
67213,000000067213.jpg,640x485,1,0.820150,1,1,TP,yolov8l_bsz4.ms,162.75,114.00,276.75,0.500,Idle,4.25,13.42,368.86,4545.00,11499.37,244.75,,0,100,39.00,-65,4418710,-287216.15,4,fused
488166,000000488166.jpg,361x640,1,0.820116,1,1,TP,yolov8l_bsz4.ms,160.75,103.50,264.25,0.500,Idle,4.31,13.42,351.54,4567.00,11499.37,264.90,,0,100,39.00,-67,4418831,-296061.68,4,fused
378515,000000378515.jpg,425x640,1,0.820097,1,1,TP,yolov8l_bsz4.ms,160.75,103.50,264.25,0.500,Idle,4.31,13.42,351.54,4567.00,11499.37,264.90,,0,100,39.00,-67,4418831,-296061.68,4,fused
579655,000000579655.jpg,640x399,1,0.819778,1,1,TP,yolov8l_bsz4.ms,160.75,103.50,264.25,0.500,Idle,4.31,13.42,351.54,4567.00,11499.37,264.90,,0,100,39.00,-67,4418831,-296061.68,4,fused
542625,000000542625.jpg,640x480,1,0.819726,0,0,FP,yolov8l_bsz4.ms,160.75,103.50,264.25,0.500,Idle,4.31,13.42,351.54,4567.00,11499.37,264.90,,0,100,39.00,-67,4418831,-296061.68,4,fused
58393,000000058393.jpg,640x486,1,0.819389,1,1,TP,yolov8l_bsz4.ms,162.75,130.00,292.75,0.500,Idle,4.30,11.23,296.44,4622.00,11499.37,318.92,,0,100,39.00,-61,4418935,-269555.03,4,fused
148719,000000148719.jpg,640x480,1,0.819277,1,1,TP,yolov8l_bsz4.ms,162.75,130.00,292.75,0.500,Idle,4.30,11.23,296.44,4622.00,11499.37,318.92,,0,100,39.00,-61,4418935,-269555.03,4,fused
184611,000000184611.jpg,640x480,1,0.818864,1,1,TP,yolov8l_bsz4.ms,162.75,130.00,292.75,0.500,Idle,4.30,11.23,296.44,4622.00,11499.37,318.92,,0,100,39.00,-61,4418935,-269555.03,4,fused
414795,000000414795.jpg,640x480,1,0.818064,1,1,TP,yolov8l_bsz4.ms,162.75,130.00,292.75,0.500,Idle,4.30,11.23,296.44,4622.00,11499.37,318.92,,0,100,39.00,-61,4418935,-269555.03,4,fused
463802,000000463802.jpg,640x480,1,0.817701,1,1,TP,yolov8l_bsz4.ms,159.75,110.25,270.00,0.500,Idle,4.23,11.23,372.63,4545.00,11499.37,242.23,,0,100,39.00,-76,4418543,-335809.27,4,fused
88951,000000088951.jpg,500x374,1,0.817568,1,1,TP,yolov8l_bsz4.ms,159.75,110.25,270.00,0.500,Idle,4.23,11.23,372.63,4545.00,11499.37,242.23,,0,100,39.00,-76,4418543,-335809.27,4,fused
276285,000000276285.jpg,427x640,1,0.817083,1,1,TP,yolov8l_bsz4.ms,159.75,110.25,270.00,0.500,Idle,4.23,11.23,372.63,4545.00,11499.37,242.23,,0,100,39.00,-76,4418543,-335809.27,4,fused
368335,000000368335.jpg,411x640,1,0.816955,0,0,FP,yolov8l_bsz4.ms,159.75,110.25,270.00,0.500,Idle,4.23,11.23,372.63,4545.00,11499.37,242.23,,0,100,39.00,-76,4418543,-335809.27,4,fused
152771,000000152771.jpg,640x479,1,0.816641,0,0,FP,yolov8l_bsz4.ms,163.50,102.25,265.75,0.500,Idle,4.24,10.30,372.76,4545.00,11499.37,241.52,,0,100,39.00,-67,4418783,-296058.46,4,fused
467315,000000467315.jpg,640x426,1,0.816323,1,1,TP,yolov8l_bsz4.ms,163.50,102.25,265.75,0.500,Idle,4.24,10.30,372.76,4545.00,11499.37,241.52,,0,100,39.00,-67,4418783,-296058.46,4,fused
60090,000000060090.jpg,640x423,1,0.816065,1,1,TP,yolov8l_bsz4.ms,163.50,102.25,265.75,0.500,Idle,4.24,10.30,372.76,4545.00,11499.37,241.52,,0,100,39.00,-67,4418783,-296058.46,4,fused
98018,000000098018.jpg,640x427,1,0.815700,0,0,FP,yolov8l_bsz4.ms,163.50,102.25,265.75,0.500,Idle,4.24,10.30,372.76,4545.00,11499.37,241.52,,0,100,39.00,-67,4418783,-296058.46,4,fused
553669,000000553669.jpg,640x480,1,0.815452,1,1,TP,yolov8l_bsz4.ms,109.50,119.50,229.00,0.500,Idle,8.11,10.30,354.01,4564.00,11499.37,259.14,,0,100,39.00,-95,4417666,-419678.27,4,fused
279774,000000279774.jpg,415x500,1,0.815439,1,1,TP,yolov8l_bsz4.ms,109.50,119.50,229.00,0.500,Idle,8.11,10.30,354.01,4564.00,11499.37,259.14,,0,100,39.00,-95,4417666,-419678.27,4,fused
330790,000000330790.jpg,640x426,1,0.815430,0,0,FP,yolov8l_bsz4.ms,109.50,119.50,229.00,0.500,Idle,8.11,10.30,354.01,4564.00,11499.37,259.14,,0,100,39.00,-95,4417666,-419678.27,4,fused
221754,000000221754.jpg,640x427,1,0.815347,1,1,TP,yolov8l_bsz4.ms,109.50,119.50,229.00,0.500,Idle,8.11,10.30,354.01,4564.00,11499.37,259.14,,0,100,39.00,-95,4417666,-419678.27,4,fused
43314,000000043314.jpg,500x376,1,0.814941,1,1,TP,yolov8l_bsz4.ms,108.00,119.75,227.75,0.500,Idle,5.94,7.53,293.60,4621.00,11499.37,315.99,,0,100,38.00,-66,4418779,-291639.41,4,fused
447465,000000447465.jpg,640x426,1,0.812979,1,1,TP,yolov8l_bsz4.ms,108.00,119.75,227.75,0.500,Idle,5.94,7.53,293.60,4621.00,11499.37,315.99,,0,100,38.00,-66,4418779,-291639.41,4,fused
508730,000000508730.jpg,640x478,1,0.812909,1,1,TP,yolov8l_bsz4.ms,108.00,119.75,227.75,0.500,Idle,5.94,7.53,293.60,4621.00,11499.37,315.99,,0,100,38.00,-66,4418779,-291639.41,4,fused
78823,000000078823.jpg,640x480,1,0.812756,0,0,FP,yolov8l_bsz4.ms,108.00,119.75,227.75,0.500,Idle,5.94,7.53,293.60,4621.00,11499.37,315.99,,0,100,38.00,-66,4418779,-291639.41,4,fused
143068,000000143068.jpg,640x213,1,0.812600,1,1,TP,yolov8l_bsz4.ms,109.50,96.50,206.00,0.500,Idle,5.48,7.53,372.46,4545.00,11499.37,239.07,,0,100,38.00,-63,4418457,-278362.79,4,fused
580757,000000580757.jpg,640x425,1,0.812593,0,0,FP,yolov8l_bsz4.ms,109.50,96.50,206.00,0.500,Idle,5.48,7.53,372.46,4545.00,11499.37,239.07,,0,100,38.00,-63,4418457,-278362.79,4,fused
25228,000000025228.jpg,640x436,1,0.812426,1,1,TP,yolov8l_bsz4.ms,109.50,96.50,206.00,0.500,Idle,5.48,7.53,372.46,4545.00,11499.37,239.07,,0,100,38.00,-63,4418457,-278362.79,4,fused
473237,000000473237.jpg,640x426,1,0.812179,1,1,TP,yolov8l_bsz4.ms,109.50,96.50,206.00,0.500,Idle,5.48,7.53,372.46,4545.00,11499.37,239.07,,0,100,38.00,-63,4418457,-278362.79,4,fused
206487,000000206487.jpg,640x480,1,0.812053,1,1,TP,yolov8l_bsz4.ms,109.50,117.50,227.00,0.500,Idle,5.42,9.98,370.78,4546.00,11499.37,239.79,,0,100,38.00,-70,4418420,-309289.40,4,fused
545594,000000545594.jpg,640x512,1,0.811973,1,1,TP,yolov8l_bsz4.ms,109.50,117.50,227.00,0.500,Idle,5.42,9.98,370.78,4546.00,11499.37,239.79,,0,100,38.00,-70,4418420,-309289.40,4,fused
191013,000000191013.jpg,474x640,1,0.811354,1,1,TP,yolov8l_bsz4.ms,109.50,117.50,227.00,0.500,Idle,5.42,9.98,370.78,4546.00,11499.37,239.79,,0,100,38.00,-70,4418420,-309289.40,4,fused
134322,000000134322.jpg,640x480,1,0.811254,1,1,TP,yolov8l_bsz4.ms,109.50,117.50,227.00,0.500,Idle,5.42,9.98,370.78,4546.00,11499.37,239.79,,0,100,38.00,-70,4418420,-309289.40,4,fused
191761,000000191761.jpg,500x375,1,0.811028,0,0,FP,yolov8l_bsz4.ms,108.50,118.50,227.00,0.500,Idle,5.48,9.98,351.23,4565.00,11499.37,258.34,,0,100,38.00,-60,4418694,-265121.64,4,fused
81766,000000081766.jpg,640x480,1,0.810666,0,0,FP,yolov8l_bsz4.ms,108.50,118.50,227.00,0.500,Idle,5.48,9.98,351.23,4565.00,11499.37,258.34,,0,100,38.00,-60,4418694,-265121.64,4,fused
154087,000000154087.jpg,640x480,1,0.810638,1,1,TP,yolov8l_bsz4.ms,108.50,118.50,227.00,0.500,Idle,5.48,9.98,351.23,4565.00,11499.37,258.34,,0,100,38.00,-60,4418694,-265121.64,4,fused
272364,000000272364.jpg,428x640,1,0.810419,0,0,FP,yolov8l_bsz4.ms,108.50,118.50,227.00,0.500,Idle,5.48,9.98,351.23,4565.00,11499.37,258.34,,0,100,38.00,-60,4418694,-265121.64,4,fused
308793,000000308793.jpg,640x480,1,0.809626,1,1,TP,yolov8l_bsz4.ms,108.25,130.25,238.50,0.500,Idle,5.46,9.66,297.19,4619.00,11499.37,311.91,,0,100,38.00,-60,4418590,-265115.40,4,fused
457078,000000457078.jpg,640x480,1,0.809626,1,1,TP,yolov8l_bsz4.ms,108.25,130.25,238.50,0.500,Idle,5.46,9.66,297.19,4619.00,11499.37,311.91,,0,100,38.00,-60,4418590,-265115.40,4,fused
558854,000000558854.jpg,500x375,1,0.809358,1,1,TP,yolov8l_bsz4.ms,108.25,130.25,238.50,0.500,Idle,5.46,9.66,297.19,4619.00,11499.37,311.91,,0,100,38.00,-60,4418590,-265115.40,4,fused
176799,000000176799.jpg,640x426,1,0.809224,1,1,TP,yolov8l_bsz4.ms,108.25,130.25,238.50,0.500,Idle,5.46,9.66,297.19,4619.00,11499.37,311.91,,0,100,38.00,-60,4418590,-265115.40,4,fused
434230,000000434230.jpg,500x313,1,0.808134,1,1,TP,yolov8l_bsz4.ms,108.50,102.75,211.25,0.500,Idle,5.28,9.66,373.32,4543.00,11499.37,234.68,,0,100,38.00,-70,4417912,-309253.84,4,fused
62355,000000062355.jpg,640x428,1,0.807934,1,1,TP,yolov8l_bsz4.ms,108.50,102.75,211.25,0.500,Idle,5.28,9.66,373.32,4543.00,11499.37,234.68,,0,100,38.00,-70,4417912,-309253.84,4,fused
475387,000000475387.jpg,640x431,1,0.807710,1,1,TP,yolov8l_bsz4.ms,108.50,102.75,211.25,0.500,Idle,5.28,9.66,373.32,4543.00,11499.37,234.68,,0,100,38.00,-70,4417912,-309253.84,4,fused
420230,000000420230.jpg,427x640,1,0.807412,0,0,FP,yolov8l_bsz4.ms,108.50,102.75,211.25,0.500,Idle,5.28,9.66,373.32,4543.00,11499.37,234.68,,0,100,38.00,-70,4417912,-309253.84,4,fused
297085,000000297085.jpg,500x375,1,0.807187,0,0,FP,yolov8l_bsz4.ms,110.25,116.00,226.25,0.500,Idle,5.30,9.66,370.12,4546.00,11499.37,236.95,,0,100,38.00,-103,4417216,-454973.25,4,fused
263594,000000263594.jpg,500x381,1,0.807044,0,0,FP,yolov8l_bsz4.ms,110.25,116.00,226.25,0.500,Idle,5.30,9.66,370.12,4546.00,11499.37,236.95,,0,100,38.00,-103,4417216,-454973.25,4,fused
210394,000000210394.jpg,640x480,1,0.806113,1,1,TP,yolov8l_bsz4.ms,110.25,116.00,226.25,0.500,Idle,5.30,9.66,370.12,4546.00,11499.37,236.95,,0,100,38.00,-103,4417216,-454973.25,4,fused
229948,000000229948.jpg,640x428,1,0.805850,1,1,TP,yolov8l_bsz4.ms,110.25,116.00,226.25,0.500,Idle,5.30,9.66,370.12,4546.00,11499.37,236.95,,0,100,38.00,-103,4417216,-454973.25,4,fused
182805,000000182805.jpg,640x360,1,0.805768,1,1,TP,yolov8l_bsz4.ms,109.50,105.50,215.00,0.500,Idle,5.34,8.97,349.07,4567.00,11499.37,257.83,,0,100,38.00,-60,4418367,-265102.02,4,fused
452784,000000452784.jpg,480x640,1,0.805760,1,1,TP,yolov8l_bsz4.ms,109.50,105.50,215.00,0.500,Idle,5.34,8.97,349.07,4567.00,11499.37,257.83,,0,100,38.00,-60,4418367,-265102.02,4,fused
491130,000000491130.jpg,443x640,1,0.805750,1,1,TP,yolov8l_bsz4.ms,109.50,105.50,215.00,0.500,Idle,5.34,8.97,349.07,4567.00,11499.37,257.83,,0,100,38.00,-60,4418367,-265102.02,4,fused
485237,000000485237.jpg,640x174,1,0.805155,0,0,FP,yolov8l_bsz4.ms,109.50,105.50,215.00,0.500,Idle,5.34,8.97,349.07,4567.00,11499.37,257.83,,0,100,38.00,-60,4418367,-265102.02,4,fused
570834,000000570834.jpg,640x480,1,0.804731,1,1,TP,yolov8l_bsz4.ms,108.50,117.50,226.00,0.500,Idle,5.32,8.97,295.46,4620.00,11499.37,310.62,,0,100,38.00,-69,4417672,-304819.37,4,fused
17627,000000017627.jpg,640x480,1,0.804682,1,1,TP,yolov8l_bsz4.ms,108.50,117.50,226.00,0.500,Idle,5.32,8.97,295.46,4620.00,11499.37,310.62,,0,100,38.00,-69,4417672,-304819.37,4,fused
69138,000000069138.jpg,371x640,1,0.804341,0,0,FP,yolov8l_bsz4.ms,108.50,117.50,226.00,0.500,Idle,5.32,8.97,295.46,4620.00,11499.37,310.62,,0,100,38.00,-69,4417672,-304819.37,4,fused
274219,000000274219.jpg,464x640,1,0.804273,1,1,TP,yolov8l_bsz4.ms,108.50,117.50,226.00,0.500,Idle,5.32,8.97,295.46,4620.00,11499.37,310.62,,0,100,38.00,-69,4417672,-304819.37,4,fused
259571,000000259571.jpg,500x281,1,0.803993,1,1,TP,yolov8l_bsz4.ms,109.25,118.50,227.75,0.500,Idle,5.28,8.96,372.78,4543.00,11499.37,232.55,,0,100,38.00,-66,4417981,-291586.75,4,fused
435299,000000435299.jpg,640x480,1,0.803979,0,0,FP,yolov8l_bsz4.ms,109.25,118.50,227.75,0.500,Idle,5.28,8.96,372.78,4543.00,11499.37,232.55,,0,100,38.00,-66,4417981,-291586.75,4,fused
311190,000000311190.jpg,375x500,1,0.803827,1,1,TP,yolov8l_bsz4.ms,109.25,118.50,227.75,0.500,Idle,5.28,8.96,372.78,4543.00,11499.37,232.55,,0,100,38.00,-66,4417981,-291586.75,4,fused
71877,000000071877.jpg,428x640,1,0.803076,1,1,TP,yolov8l_bsz4.ms,109.25,118.50,227.75,0.500,Idle,5.28,8.96,372.78,4543.00,11499.37,232.55,,0,100,38.00,-66,4417981,-291586.75,4,fused
159791,000000159791.jpg,500x375,1,0.802917,1,1,TP,yolov8l_bsz4.ms,110.00,110.00,220.00,0.500,Idle,8.15,8.96,371.00,4544.00,11499.37,233.60,,0,100,38.00,-64,4418066,-282756.22,4,fused
74058,000000074058.jpg,640x427,1,0.802851,1,1,TP,yolov8l_bsz4.ms,110.00,110.00,220.00,0.500,Idle,8.15,8.96,371.00,4544.00,11499.37,233.60,,0,100,38.00,-64,4418066,-282756.22,4,fused
292488,000000292488.jpg,640x426,1,0.802655,1,1,TP,yolov8l_bsz4.ms,110.00,110.00,220.00,0.500,Idle,8.15,8.96,371.00,4544.00,11499.37,233.60,,0,100,38.00,-64,4418066,-282756.22,4,fused
148508,000000148508.jpg,640x425,1,0.802511,1,1,TP,yolov8l_bsz4.ms,110.00,110.00,220.00,0.500,Idle,8.15,8.96,371.00,4544.00,11499.37,233.60,,0,100,38.00,-64,4418066,-282756.22,4,fused
563653,000000563653.jpg,640x431,1,0.802508,1,1,TP,yolov8l_bsz4.ms,109.25,121.25,230.50,0.500,Idle,6.40,11.37,350.18,4565.00,11499.37,253.81,,0,100,39.00,-62,4417880,-273908.56,4,fused
446206,000000446206.jpg,640x385,1,0.802492,1,1,TP,yolov8l_bsz4.ms,109.25,121.25,230.50,0.500,Idle,6.40,11.37,350.18,4565.00,11499.37,253.81,,0,100,39.00,-62,4417880,-273908.56,4,fused
100274,000000100274.jpg,640x427,1,0.801749,0,0,FP,yolov8l_bsz4.ms,109.25,121.25,230.50,0.500,Idle,6.40,11.37,350.18,4565.00,11499.37,253.81,,0,100,39.00,-62,4417880,-273908.56,4,fused
142585,000000142585.jpg,375x500,1,0.801630,1,1,TP,yolov8l_bsz4.ms,109.25,121.25,230.50,0.500,Idle,6.40,11.37,350.18,4565.00,11499.37,253.81,,0,100,39.00,-62,4417880,-273908.56,4,fused
111179,000000111179.jpg,480x640,1,0.801414,0,0,FP,yolov8l_bsz4.ms,108.00,125.75,233.75,0.500,Idle,5.96,11.37,296.65,4618.00,11499.37,306.49,,0,100,39.00,-68,4418006,-300424.41,4,fused
2006,000000002006.jpg,640x480,1,0.801300,1,1,TP,yolov8l_bsz4.ms,108.00,125.75,233.75,0.500,Idle,5.96,11.37,296.65,4618.00,11499.37,306.49,,0,100,39.00,-68,4418006,-300424.41,4,fused
67896,000000067896.jpg,640x480,1,0.800006,0,0,FP,yolov8l_bsz4.ms,108.00,125.75,233.75,0.500,Idle,5.96,11.37,296.65,4618.00,11499.37,306.49,,0,100,39.00,-68,4418006,-300424.41,4,fused
196442,000000196442.jpg,640x427,1,0.799903,1,1,TP,yolov8l_bsz4.ms,108.00,125.75,233.75,0.500,Idle,5.96,11.37,296.65,4618.00,11499.37,306.49,,0,100,39.00,-68,4418006,-300424.41,4,fused
274708,000000274708.jpg,612x612,1,0.799548,1,1,TP,yolov8l_bsz4.ms,109.50,135.75,245.25,0.500,Idle,5.70,9.66,373.35,4541.00,11499.37,228.99,,0,100,39.00,-111,4416630,-490245.93,4,fused
278749,000000278749.jpg,500x333,1,0.798953,1,1,TP,yolov8l_bsz4.ms,109.50,135.75,245.25,0.500,Idle,5.70,9.66,373.35,4541.00,11499.37,228.99,,0,100,39.00,-111,4416630,-490245.93,4,fused
316054,000000316054.jpg,640x438,1,0.798907,1,1,TP,yolov8l_bsz4.ms,109.50,135.75,245.25,0.500,Idle,5.70,9.66,373.35,4541.00,11499.37,228.99,,0,100,39.00,-111,4416630,-490245.93,4,fused
466602,000000466602.jpg,480x640,1,0.798696,1,1,TP,yolov8l_bsz4.ms,109.50,135.75,245.25,0.500,Idle,5.70,9.66,373.35,4541.00,11499.37,228.99,,0,100,39.00,-111,4416630,-490245.93,4,fused
174018,000000174018.jpg,500x351,1,0.798571,0,0,FP,yolov8l_bsz4.ms,109.25,112.75,222.00,0.500,Idle,5.62,9.66,371.67,4543.00,11499.37,229.83,,0,100,39.00,-58,4418163,-256253.45,4,fused
15597,000000015597.jpg,433x640,1,0.798570,1,1,TP,yolov8l_bsz4.ms,109.25,112.75,222.00,0.500,Idle,5.62,9.66,371.67,4543.00,11499.37,229.83,,0,100,39.00,-58,4418163,-256253.45,4,fused
336053,000000336053.jpg,640x480,1,0.797857,1,1,TP,yolov8l_bsz4.ms,109.25,112.75,222.00,0.500,Idle,5.62,9.66,371.67,4543.00,11499.37,229.83,,0,100,39.00,-58,4418163,-256253.45,4,fused
456143,000000456143.jpg,640x361,1,0.797766,0,0,FP,yolov8l_bsz4.ms,109.25,112.75,222.00,0.500,Idle,5.62,9.66,371.67,4543.00,11499.37,229.83,,0,100,39.00,-58,4418163,-256253.45,4,fused
411817,000000411817.jpg,640x480,1,0.797675,1,1,TP,yolov8l_bsz4.ms,109.25,107.25,216.50,0.500,Idle,5.56,9.66,350.38,4564.00,11499.37,249.95,,0,100,39.00,-83,4416733,-366588.84,4,fused
36494,000000036494.jpg,640x434,1,0.797388,1,1,TP,yolov8l_bsz4.ms,109.25,107.25,216.50,0.500,Idle,5.56,9.66,350.38,4564.00,11499.37,249.95,,0,100,39.00,-83,4416733,-366588.84,4,fused
291490,000000291490.jpg,640x393,1,0.797108,0,0,FP,yolov8l_bsz4.ms,109.25,107.25,216.50,0.500,Idle,5.56,9.66,350.38,4564.00,11499.37,249.95,,0,100,39.00,-83,4416733,-366588.84,4,fused
549136,000000549136.jpg,640x434,1,0.796841,0,0,FP,yolov8l_bsz4.ms,109.25,107.25,216.50,0.500,Idle,5.56,9.66,350.38,4564.00,11499.37,249.95,,0,100,39.00,-83,4416733,-366588.84,4,fused
482735,000000482735.jpg,640x427,1,0.795952,1,1,TP,yolov8l_bsz4.ms,108.25,126.75,235.00,0.500,Idle,5.54,9.80,295.79,4618.00,11499.37,303.65,,0,100,39.00,-67,4417673,-295984.09,4,fused
357501,000000357501.jpg,640x480,1,0.795891,0,0,FP,yolov8l_bsz4.ms,108.25,126.75,235.00,0.500,Idle,5.54,9.80,295.79,4618.00,11499.37,303.65,,0,100,39.00,-67,4417673,-295984.09,4,fused
383337,000000383337.jpg,640x480,1,0.795799,1,1,TP,yolov8l_bsz4.ms,108.25,126.75,235.00,0.500,Idle,5.54,9.80,295.79,4618.00,11499.37,303.65,,0,100,39.00,-67,4417673,-295984.09,4,fused
64523,000000064523.jpg,640x444,1,0.795625,1,1,TP,yolov8l_bsz4.ms,108.25,126.75,235.00,0.500,Idle,5.54,9.80,295.79,4618.00,11499.37,303.65,,0,100,39.00,-67,4417673,-295984.09,4,fused
555597,000000555597.jpg,640x517,1,0.795358,1,1,TP,yolov8l_bsz4.ms,109.75,123.50,233.25,0.500,Idle,5.47,9.80,373.99,4539.00,11499.37,224.22,,0,100,39.00,-64,4417739,-282735.30,4,fused
155443,000000155443.jpg,640x423,1,0.795315,0,0,FP,yolov8l_bsz4.ms,109.75,123.50,233.25,0.500,Idle,5.47,9.80,373.99,4539.00,11499.37,224.22,,0,100,39.00,-64,4417739,-282735.30,4,fused
377393,000000377393.jpg,640x480,1,0.795303,1,1,TP,yolov8l_bsz4.ms,109.75,123.50,233.25,0.500,Idle,5.47,9.80,373.99,4539.00,11499.37,224.22,,0,100,39.00,-64,4417739,-282735.30,4,fused
85682,000000085682.jpg,640x427,1,0.793447,1,1,TP,yolov8l_bsz4.ms,109.75,123.50,233.25,0.500,Idle,5.47,9.80,373.99,4539.00,11499.37,224.22,,0,100,39.00,-64,4417739,-282735.30,4,fused
481480,000000481480.jpg,640x444,1,0.793376,1,1,TP,yolov8l_bsz4.ms,109.75,128.00,237.75,0.500,Idle,5.45,9.82,371.62,4540.00,11499.37,221.89,,0,100,39.00,-62,4417688,-273896.66,4,fused
81394,000000081394.jpg,640x480,1,0.793349,1,1,TP,yolov8l_bsz4.ms,109.75,128.00,237.75,0.500,Idle,5.45,9.82,371.62,4540.00,11499.37,221.89,,0,100,39.00,-62,4417688,-273896.66,4,fused
28993,000000028993.jpg,612x612,1,0.792637,1,1,TP,yolov8l_bsz4.ms,109.75,128.00,237.75,0.500,Idle,5.45,9.82,371.62,4540.00,11499.37,221.89,,0,100,39.00,-62,4417688,-273896.66,4,fused
258883,000000258883.jpg,426x640,1,0.792577,1,1,TP,yolov8l_bsz4.ms,109.75,128.00,237.75,0.500,Idle,5.45,9.82,371.62,4540.00,11499.37,221.89,,0,100,39.00,-62,4417688,-273896.66,4,fused
133233,000000133233.jpg,640x361,1,0.792108,0,0,FP,yolov8l_bsz4.ms,109.25,112.00,221.25,0.500,Idle,5.41,9.82,349.67,4562.00,11499.37,242.83,,0,100,39.00,-68,4417666,-300401.29,4,fused
185950,000000185950.jpg,337x500,1,0.791824,1,1,TP,yolov8l_bsz4.ms,109.25,112.00,221.25,0.500,Idle,5.41,9.82,349.67,4562.00,11499.37,242.83,,0,100,39.00,-68,4417666,-300401.29,4,fused
98287,000000098287.jpg,415x640,1,0.791636,1,1,TP,yolov8l_bsz4.ms,109.25,112.00,221.25,0.500,Idle,5.41,9.82,349.67,4562.00,11499.37,242.83,,0,100,39.00,-68,4417666,-300401.29,4,fused
10707,000000010707.jpg,640x480,1,0.791610,1,1,TP,yolov8l_bsz4.ms,109.25,112.00,221.25,0.500,Idle,5.41,9.82,349.67,4562.00,11499.37,242.83,,0,100,39.00,-68,4417666,-300401.29,4,fused
349152,000000349152.jpg,480x640,1,0.791513,0,0,FP,yolov8l_bsz4.ms,108.25,131.00,239.25,0.500,Idle,7.81,17.91,296.36,4615.00,11499.37,294.62,,0,100,39.00,-111,4416269,-490205.86,4,fused
66706,000000066706.jpg,612x612,1,0.791450,1,1,TP,yolov8l_bsz4.ms,108.25,131.00,239.25,0.500,Idle,7.81,17.91,296.36,4615.00,11499.37,294.62,,0,100,39.00,-111,4416269,-490205.86,4,fused
393093,000000393093.jpg,640x424,1,0.791346,1,1,TP,yolov8l_bsz4.ms,108.25,131.00,239.25,0.500,Idle,7.81,17.91,296.36,4615.00,11499.37,294.62,,0,100,39.00,-111,4416269,-490205.86,4,fused
157124,000000157124.jpg,640x424,1,0.791227,0,0,FP,yolov8l_bsz4.ms,108.25,131.00,239.25,0.500,Idle,7.81,17.91,296.36,4615.00,11499.37,294.62,,0,100,39.00,-111,4416269,-490205.86,4,fused
256941,000000256941.jpg,332x500,1,0.790495,0,0,FP,yolov8l_bsz4.ms,109.75,119.00,228.75,0.500,Idle,5.29,17.91,374.22,4537.00,11499.37,216.03,,0,100,39.00,-117,4416005,-516672.59,4,fused
100489,000000100489.jpg,479x640,1,0.790409,0,0,FP,yolov8l_bsz4.ms,109.75,119.00,228.75,0.500,Idle,5.29,17.91,374.22,4537.00,11499.37,216.03,,0,100,39.00,-117,4416005,-516672.59,4,fused
442822,000000442822.jpg,640x427,1,0.790181,0,0,FP,yolov8l_bsz4.ms,109.75,119.00,228.75,0.500,Idle,5.29,17.91,374.22,4537.00,11499.37,216.03,,0,100,39.00,-117,4416005,-516672.59,4,fused
433915,000000433915.jpg,640x480,1,0.790104,1,1,TP,yolov8l_bsz4.ms,109.75,119.00,228.75,0.500,Idle,5.29,17.91,374.22,4537.00,11499.37,216.03,,0,100,39.00,-117,4416005,-516672.59,4,fused
425226,000000425226.jpg,480x640,1,0.790063,1,1,TP,yolov8l_bsz4.ms,109.25,116.00,225.25,0.500,Idle,5.37,17.91,373.31,4537.00,11499.37,215.74,,0,100,39.00,-63,4417768,-278319.38,4,fused
158945,000000158945.jpg,478x640,1,0.788170,1,1,TP,yolov8l_bsz4.ms,109.25,116.00,225.25,0.500,Idle,5.37,17.91,373.31,4537.00,11499.37,215.74,,0,100,39.00,-63,4417768,-278319.38,4,fused
175443,000000175443.jpg,480x640,1,0.788045,0,0,FP,yolov8l_bsz4.ms,109.25,116.00,225.25,0.500,Idle,5.37,17.91,373.31,4537.00,11499.37,215.74,,0,100,39.00,-63,4417768,-278319.38,4,fused
396518,000000396518.jpg,500x375,1,0.787889,1,1,TP,yolov8l_bsz4.ms,109.25,116.00,225.25,0.500,Idle,5.37,17.91,373.31,4537.00,11499.37,215.74,,0,100,39.00,-63,4417768,-278319.38,4,fused
48504,000000048504.jpg,640x427,1,0.787624,1,1,TP,yolov8l_bsz4.ms,109.75,117.25,227.00,0.500,Idle,5.65,9.18,350.49,4559.00,11499.37,237.62,,0,100,39.00,-59,4417830,-260651.97,4,fused
543043,000000543043.jpg,640x480,1,0.787419,0,0,FP,yolov8l_bsz4.ms,109.75,117.25,227.00,0.500,Idle,5.65,9.18,350.49,4559.00,11499.37,237.62,,0,100,39.00,-59,4417830,-260651.97,4,fused
176037,000000176037.jpg,640x431,1,0.787307,1,1,TP,yolov8l_bsz4.ms,109.75,117.25,227.00,0.500,Idle,5.65,9.18,350.49,4559.00,11499.37,237.62,,0,100,39.00,-59,4417830,-260651.97,4,fused
175438,000000175438.jpg,640x468,1,0.787167,0,0,FP,yolov8l_bsz4.ms,109.75,117.25,227.00,0.500,Idle,5.65,9.18,350.49,4559.00,11499.37,237.62,,0,100,39.00,-59,4417830,-260651.97,4,fused
201148,000000201148.jpg,640x359,1,0.786834,1,1,TP,yolov8l_bsz4.ms,108.00,118.00,226.00,0.500,Idle,5.62,9.18,296.21,4613.00,11499.37,290.43,,0,100,39.00,-70,4417003,-309190.21,4,fused
85376,000000085376.jpg,480x640,1,0.786339,1,1,TP,yolov8l_bsz4.ms,108.00,118.00,226.00,0.500,Idle,5.62,9.18,296.21,4613.00,11499.37,290.43,,0,100,39.00,-70,4417003,-309190.21,4,fused
377368,000000377368.jpg,640x481,1,0.786166,1,1,TP,yolov8l_bsz4.ms,108.00,118.00,226.00,0.500,Idle,5.62,9.18,296.21,4613.00,11499.37,290.43,,0,100,39.00,-70,4417003,-309190.21,4,fused
17031,000000017031.jpg,500x334,1,0.785204,0,0,FP,yolov8l_bsz4.ms,108.00,118.00,226.00,0.500,Idle,5.62,9.18,296.21,4613.00,11499.37,290.43,,0,100,39.00,-70,4417003,-309190.21,4,fused
455555,000000455555.jpg,640x550,1,0.783395,1,1,TP,yolov8l_bsz4.ms,171.50,119.75,291.25,0.500,Idle,5.53,9.42,373.05,4536.00,11499.37,213.34,,0,100,39.00,-67,4417423,-295967.34,4,fused
469828,000000469828.jpg,640x480,1,0.783136,1,1,TP,yolov8l_bsz4.ms,171.50,119.75,291.25,0.500,Idle,5.53,9.42,373.05,4536.00,11499.37,213.34,,0,100,39.00,-67,4417423,-295967.34,4,fused
220764,000000220764.jpg,640x427,1,0.782399,1,1,TP,yolov8l_bsz4.ms,171.50,119.75,291.25,0.500,Idle,5.53,9.42,373.05,4536.00,11499.37,213.34,,0,100,39.00,-67,4417423,-295967.34,4,fused
67315,000000067315.jpg,640x427,1,0.782191,1,1,TP,yolov8l_bsz4.ms,171.50,119.75,291.25,0.500,Idle,5.53,9.42,373.05,4536.00,11499.37,213.34,,0,100,39.00,-67,4417423,-295967.34,4,fused
242287,000000242287.jpg,426x640,1,0.782162,0,0,FP,yolov8l_bsz4.ms,172.25,116.00,288.25,0.500,Idle,5.35,9.42,373.09,4536.00,11499.37,211.85,,0,100,39.00,-70,4417645,-309235.15,4,fused
512564,000000512564.jpg,640x424,1,0.782093,1,1,TP,yolov8l_bsz4.ms,172.25,116.00,288.25,0.500,Idle,5.35,9.42,373.09,4536.00,11499.37,211.85,,0,100,39.00,-70,4417645,-309235.15,4,fused
292997,000000292997.jpg,640x480,1,0.782088,1,1,TP,yolov8l_bsz4.ms,172.25,116.00,288.25,0.500,Idle,5.35,9.42,373.09,4536.00,11499.37,211.85,,0,100,39.00,-70,4417645,-309235.15,4,fused
377723,000000377723.jpg,640x427,1,0.781836,1,1,TP,yolov8l_bsz4.ms,172.25,116.00,288.25,0.500,Idle,5.35,9.42,373.09,4536.00,11499.37,211.85,,0,100,39.00,-70,4417645,-309235.15,4,fused
226802,000000226802.jpg,640x360,1,0.780360,1,1,TP,yolov8l_bsz4.ms,168.75,112.25,281.00,0.500,Idle,5.17,8.94,350.59,4561.00,11499.37,237.50,,0,100,39.00,-65,4417935,-287165.78,4,fused
570169,000000570169.jpg,423x640,1,0.779971,0,0,FP,yolov8l_bsz4.ms,168.75,112.25,281.00,0.500,Idle,5.17,8.94,350.59,4561.00,11499.37,237.50,,0,100,39.00,-65,4417935,-287165.78,4,fused
410735,000000410735.jpg,640x512,1,0.779355,1,1,TP,yolov8l_bsz4.ms,168.75,112.25,281.00,0.500,Idle,5.17,8.94,350.59,4561.00,11499.37,237.50,,0,100,39.00,-65,4417935,-287165.78,4,fused
161032,000000161032.jpg,640x480,1,0.778836,1,1,TP,yolov8l_bsz4.ms,168.75,112.25,281.00,0.500,Idle,5.17,8.94,350.59,4561.00,11499.37,237.50,,0,100,39.00,-65,4417935,-287165.78,4,fused
489842,000000489842.jpg,640x566,1,0.777878,1,1,TP,yolov8l_bsz4.ms,168.25,119.00,287.25,0.500,Idle,5.01,8.94,295.74,4615.00,11499.37,291.77,,0,100,39.00,-59,4418212,-260674.51,4,fused
42070,000000042070.jpg,640x512,1,0.777733,1,1,TP,yolov8l_bsz4.ms,168.25,119.00,287.25,0.500,Idle,5.01,8.94,295.74,4615.00,11499.37,291.77,,0,100,39.00,-59,4418212,-260674.51,4,fused
476787,000000476787.jpg,640x480,1,0.777502,0,0,FP,yolov8l_bsz4.ms,168.25,119.00,287.25,0.500,Idle,5.01,8.94,295.74,4615.00,11499.37,291.77,,0,100,39.00,-59,4418212,-260674.51,4,fused
265108,000000265108.jpg,427x640,1,0.777377,0,0,FP,yolov8l_bsz4.ms,168.25,119.00,287.25,0.500,Idle,5.01,8.94,295.74,4615.00,11499.37,291.77,,0,100,39.00,-59,4418212,-260674.51,4,fused
72852,000000072852.jpg,424x640,1,0.776838,1,1,TP,yolov8l_bsz4.ms,163.00,116.75,279.75,0.500,Idle,4.90,8.51,373.19,4538.00,11499.37,212.81,,0,100,39.00,-59,4418426,-260687.13,4,fused
315187,000000315187.jpg,640x448,1,0.776264,1,1,TP,yolov8l_bsz4.ms,163.00,116.75,279.75,0.500,Idle,4.90,8.51,373.19,4538.00,11499.37,212.81,,0,100,39.00,-59,4418426,-260687.13,4,fused
255718,000000255718.jpg,480x640,1,0.775905,0,0,FP,yolov8l_bsz4.ms,163.00,116.75,279.75,0.500,Idle,4.90,8.51,373.19,4538.00,11499.37,212.81,,0,100,39.00,-59,4418426,-260687.13,4,fused
85576,000000085576.jpg,500x400,1,0.775797,0,0,FP,yolov8l_bsz4.ms,163.00,116.75,279.75,0.500,Idle,4.90,8.51,373.19,4538.00,11499.37,212.81,,0,100,39.00,-59,4418426,-260687.13,4,fused
415194,000000415194.jpg,640x480,1,0.774704,0,0,FP,yolov8l_bsz4.ms,167.25,113.75,281.00,0.500,Idle,5.65,8.51,373.54,4537.00,11499.37,211.31,,0,100,39.00,-71,4418126,-313686.95,4,fused
579902,000000579902.jpg,556x640,1,0.774694,1,1,TP,yolov8l_bsz4.ms,167.25,113.75,281.00,0.500,Idle,5.65,8.51,373.54,4537.00,11499.37,211.31,,0,100,39.00,-71,4418126,-313686.95,4,fused
23899,000000023899.jpg,640x425,1,0.774451,1,1,TP,yolov8l_bsz4.ms,167.25,113.75,281.00,0.500,Idle,5.65,8.51,373.54,4537.00,11499.37,211.31,,0,100,39.00,-71,4418126,-313686.95,4,fused
293324,000000293324.jpg,640x406,1,0.774060,0,0,FP,yolov8l_bsz4.ms,167.25,113.75,281.00,0.500,Idle,5.65,8.51,373.54,4537.00,11499.37,211.31,,0,100,39.00,-71,4418126,-313686.95,4,fused
1584,000000001584.jpg,612x612,1,0.773194,1,1,TP,yolov8l_bsz4.ms,168.25,122.00,290.25,0.500,Idle,4.98,8.71,351.71,4559.00,11499.37,232.33,,0,100,39.00,-64,4418327,-282772.93,4,fused
214205,000000214205.jpg,640x439,1,0.772961,0,0,FP,yolov8l_bsz4.ms,168.25,122.00,290.25,0.500,Idle,4.98,8.71,351.71,4559.00,11499.37,232.33,,0,100,39.00,-64,4418327,-282772.93,4,fused
455448,000000455448.jpg,478x640,1,0.772909,1,1,TP,yolov8l_bsz4.ms,168.25,122.00,290.25,0.500,Idle,4.98,8.71,351.71,4559.00,11499.37,232.33,,0,100,39.00,-64,4418327,-282772.93,4,fused
44068,000000044068.jpg,480x640,1,0.772742,0,0,FP,yolov8l_bsz4.ms,168.25,122.00,290.25,0.500,Idle,4.98,8.71,351.71,4559.00,11499.37,232.33,,0,100,39.00,-64,4418327,-282772.93,4,fused
219283,000000219283.jpg,500x500,1,0.771342,0,0,FP,yolov8l_bsz4.ms,156.75,141.75,298.50,0.500,Idle,4.72,8.71,296.19,4614.00,11499.37,286.79,,0,100,39.00,-69,4418238,-304858.42,4,fused
524108,000000524108.jpg,640x400,1,0.770797,0,0,FP,yolov8l_bsz4.ms,156.75,141.75,298.50,0.500,Idle,4.72,8.71,296.19,4614.00,11499.37,286.79,,0,100,39.00,-69,4418238,-304858.42,4,fused
149406,000000149406.jpg,640x638,1,0.770111,0,0,FP,yolov8l_bsz4.ms,156.75,141.75,298.50,0.500,Idle,4.72,8.71,296.19,4614.00,11499.37,286.79,,0,100,39.00,-69,4418238,-304858.42,4,fused
575187,000000575187.jpg,500x375,1,0.768879,1,1,TP,yolov8l_bsz4.ms,156.75,141.75,298.50,0.500,Idle,4.72,8.71,296.19,4614.00,11499.37,286.79,,0,100,39.00,-69,4418238,-304858.42,4,fused
218362,000000218362.jpg,640x426,1,0.768438,0,0,FP,yolov8l_bsz4.ms,159.00,126.50,285.50,0.500,Idle,4.54,8.41,371.63,4538.00,11499.37,210.73,,0,100,39.00,-111,4416748,-490259.03,4,fused
361571,000000361571.jpg,640x425,1,0.768163,0,0,FP,yolov8l_bsz4.ms,159.00,126.50,285.50,0.500,Idle,4.54,8.41,371.63,4538.00,11499.37,210.73,,0,100,39.00,-111,4416748,-490259.03,4,fused
514376,000000514376.jpg,640x480,1,0.768125,0,0,FP,yolov8l_bsz4.ms,159.00,126.50,285.50,0.500,Idle,4.54,8.41,371.63,4538.00,11499.37,210.73,,0,100,39.00,-111,4416748,-490259.03,4,fused
220858,000000220858.jpg,500x367,1,0.767426,1,1,TP,yolov8l_bsz4.ms,159.00,126.50,285.50,0.500,Idle,4.54,8.41,371.63,4538.00,11499.37,210.73,,0,100,39.00,-111,4416748,-490259.03,4,fused
474854,000000474854.jpg,424x640,1,0.766499,1,1,TP,yolov8l_bsz4.ms,163.50,113.50,277.00,0.500,Idle,4.49,8.41,372.08,4537.00,11499.37,208.22,,0,100,39.00,-63,4418533,-278367.58,4,fused
2431,000000002431.jpg,457x640,1,0.766166,1,1,TP,yolov8l_bsz4.ms,163.50,113.50,277.00,0.500,Idle,4.49,8.41,372.08,4537.00,11499.37,208.22,,0,100,39.00,-63,4418533,-278367.58,4,fused
182162,000000182162.jpg,640x425,1,0.766092,0,0,FP,yolov8l_bsz4.ms,163.50,113.50,277.00,0.500,Idle,4.49,8.41,372.08,4537.00,11499.37,208.22,,0,100,39.00,-63,4418533,-278367.58,4,fused
410510,000000410510.jpg,640x445,1,0.765810,1,1,TP,yolov8l_bsz4.ms,163.50,113.50,277.00,0.500,Idle,4.49,8.41,372.08,4537.00,11499.37,208.22,,0,100,39.00,-63,4418533,-278367.58,4,fused
17029,000000017029.jpg,640x640,1,0.765590,0,0,FP,yolov8l_bsz4.ms,162.50,114.00,276.50,0.500,Idle,4.50,8.11,349.83,4560.00,11499.37,230.01,,0,100,39.00,-62,4418530,-273948.86,4,fused
554291,000000554291.jpg,640x428,1,0.765544,0,0,FP,yolov8l_bsz4.ms,162.50,114.00,276.50,0.500,Idle,4.50,8.11,349.83,4560.00,11499.37,230.01,,0,100,39.00,-62,4418530,-273948.86,4,fused
420472,000000420472.jpg,640x373,1,0.763796,0,0,FP,yolov8l_bsz4.ms,162.50,114.00,276.50,0.500,Idle,4.50,8.11,349.83,4560.00,11499.37,230.01,,0,100,39.00,-62,4418530,-273948.86,4,fused
153527,000000153527.jpg,500x375,1,0.763467,1,1,TP,yolov8l_bsz4.ms,162.50,114.00,276.50,0.500,Idle,4.50,8.11,349.83,4560.00,11499.37,230.01,,0,100,39.00,-62,4418530,-273948.86,4,fused
562818,000000562818.jpg,640x480,1,0.763038,1,1,TP,yolov8l_bsz4.ms,159.25,84.00,243.25,0.500,Idle,4.38,8.11,294.80,4615.00,11499.37,284.52,,0,100,39.00,-292,4410605,-1287896.66,4,fused
548555,000000548555.jpg,640x426,1,0.762951,1,1,TP,yolov8l_bsz4.ms,159.25,84.00,243.25,0.500,Idle,4.38,8.11,294.80,4615.00,11499.37,284.52,,0,100,39.00,-292,4410605,-1287896.66,4,fused
192871,000000192871.jpg,640x427,1,0.761289,0,0,FP,yolov8l_bsz4.ms,159.25,84.00,243.25,0.500,Idle,4.38,8.11,294.80,4615.00,11499.37,284.52,,0,100,39.00,-292,4410605,-1287896.66,4,fused
204329,000000204329.jpg,425x640,1,0.761272,1,1,TP,yolov8l_bsz4.ms,159.25,84.00,243.25,0.500,Idle,4.38,8.11,294.80,4615.00,11499.37,284.52,,0,100,39.00,-292,4410605,-1287896.66,4,fused
369757,000000369757.jpg,640x480,1,0.760968,0,0,FP,yolov8l_bsz4.ms,162.00,90.50,252.50,0.500,Idle,4.29,8.08,371.14,4538.00,11499.37,206.86,,0,100,39.00,-183,4414472,-807848.38,4,fused
355240,000000355240.jpg,640x360,1,0.760089,0,0,FP,yolov8l_bsz4.ms,162.00,90.50,252.50,0.500,Idle,4.29,8.08,371.14,4538.00,11499.37,206.86,,0,100,39.00,-183,4414472,-807848.38,4,fused
580418,000000580418.jpg,640x428,1,0.759111,1,1,TP,yolov8l_bsz4.ms,162.00,90.50,252.50,0.500,Idle,4.29,8.08,371.14,4538.00,11499.37,206.86,,0,100,39.00,-183,4414472,-807848.38,4,fused
279730,000000279730.jpg,500x333,1,0.759094,1,1,TP,yolov8l_bsz4.ms,162.00,90.50,252.50,0.500,Idle,4.29,8.08,371.14,4538.00,11499.37,206.86,,0,100,39.00,-183,4414472,-807848.38,4,fused
101884,000000101884.jpg,640x426,1,0.758831,0,0,FP,yolov8l_bsz4.ms,161.75,104.50,266.25,0.500,Idle,4.25,8.08,370.69,4539.00,11499.37,206.54,,0,100,39.00,-75,4417975,-331348.13,4,fused
262631,000000262631.jpg,480x640,1,0.758630,1,1,TP,yolov8l_bsz4.ms,161.75,104.50,266.25,0.500,Idle,4.25,8.08,370.69,4539.00,11499.37,206.54,,0,100,39.00,-75,4417975,-331348.13,4,fused
181816,000000181816.jpg,640x480,1,0.758526,1,1,TP,yolov8l_bsz4.ms,161.75,104.50,266.25,0.500,Idle,4.25,8.08,370.69,4539.00,11499.37,206.54,,0,100,39.00,-75,4417975,-331348.13,4,fused
106757,000000106757.jpg,426x640,1,0.757957,1,1,TP,yolov8l_bsz4.ms,161.75,104.50,266.25,0.500,Idle,4.25,8.08,370.69,4539.00,11499.37,206.54,,0,100,39.00,-75,4417975,-331348.13,4,fused
535608,000000535608.jpg,500x376,1,0.757496,1,1,TP,yolov8l_bsz4.ms,161.50,113.50,275.00,0.500,Idle,4.51,6.07,368.01,4545.00,11499.37,211.27,,0,100,39.00,-120,4416563,-529987.56,4,fused
108503,000000108503.jpg,640x427,1,0.756737,1,1,TP,yolov8l_bsz4.ms,161.50,113.50,275.00,0.500,Idle,4.51,6.07,368.01,4545.00,11499.37,211.27,,0,100,39.00,-120,4416563,-529987.56,4,fused
379476,000000379476.jpg,485x640,1,0.756217,0,0,FP,yolov8l_bsz4.ms,161.50,113.50,275.00,0.500,Idle,4.51,6.07,368.01,4545.00,11499.37,211.27,,0,100,39.00,-120,4416563,-529987.56,4,fused
293794,000000293794.jpg,428x640,1,0.756137,1,1,TP,yolov8l_bsz4.ms,161.50,113.50,275.00,0.500,Idle,4.51,6.07,368.01,4545.00,11499.37,211.27,,0,100,39.00,-120,4416563,-529987.56,4,fused
89697,000000089697.jpg,640x429,1,0.755845,1,1,TP,yolov8l_bsz4.ms,159.25,111.00,270.25,0.500,Idle,4.30,6.07,294.26,4618.00,11499.37,284.18,,0,100,39.00,-63,4418476,-278363.99,4,fused
125472,000000125472.jpg,427x640,1,0.755171,1,1,TP,yolov8l_bsz4.ms,159.25,111.00,270.25,0.500,Idle,4.30,6.07,294.26,4618.00,11499.37,284.18,,0,100,39.00,-63,4418476,-278363.99,4,fused
279927,000000279927.jpg,640x442,1,0.754838,1,1,TP,yolov8l_bsz4.ms,159.25,111.00,270.25,0.500,Idle,4.30,6.07,294.26,4618.00,11499.37,284.18,,0,100,39.00,-63,4418476,-278363.99,4,fused
33638,000000033638.jpg,425x640,1,0.754675,1,1,TP,yolov8l_bsz4.ms,159.25,111.00,270.25,0.500,Idle,4.30,6.07,294.26,4618.00,11499.37,284.18,,0,100,39.00,-63,4418476,-278363.99,4,fused
254016,000000254016.jpg,480x640,1,0.754506,1,1,TP,yolov8l_bsz4.ms,160.50,121.50,282.00,0.500,Idle,4.16,7.88,373.53,4538.00,11499.37,204.13,,0,100,39.00,-59,4418670,-260701.53,4,fused
192904,000000192904.jpg,640x436,1,0.753788,0,0,FP,yolov8l_bsz4.ms,160.50,121.50,282.00,0.500,Idle,4.16,7.88,373.53,4538.00,11499.37,204.13,,0,100,39.00,-59,4418670,-260701.53,4,fused
343934,000000343934.jpg,640x480,1,0.753715,0,0,FP,yolov8l_bsz4.ms,160.50,121.50,282.00,0.500,Idle,4.16,7.88,373.53,4538.00,11499.37,204.13,,0,100,39.00,-59,4418670,-260701.53,4,fused
455597,000000455597.jpg,640x446,1,0.753356,1,1,TP,yolov8l_bsz4.ms,160.50,121.50,282.00,0.500,Idle,4.16,7.88,373.53,4538.00,11499.37,204.13,,0,100,39.00,-59,4418670,-260701.53,4,fused
215778,000000215778.jpg,640x427,1,0.752651,0,0,FP,yolov8l_bsz4.ms,163.00,125.75,288.75,0.500,Idle,4.30,7.88,373.01,4538.00,11499.37,202.83,,0,100,39.00,-66,4418527,-291622.78,4,fused
531495,000000531495.jpg,640x438,1,0.752479,0,0,FP,yolov8l_bsz4.ms,163.00,125.75,288.75,0.500,Idle,4.30,7.88,373.01,4538.00,11499.37,202.83,,0,100,39.00,-66,4418527,-291622.78,4,fused
136334,000000136334.jpg,640x480,1,0.752109,1,1,TP,yolov8l_bsz4.ms,163.00,125.75,288.75,0.500,Idle,4.30,7.88,373.01,4538.00,11499.37,202.83,,0,100,39.00,-66,4418527,-291622.78,4,fused
135902,000000135902.jpg,640x425,1,0.751995,1,1,TP,yolov8l_bsz4.ms,163.00,125.75,288.75,0.500,Idle,4.30,7.88,373.01,4538.00,11499.37,202.83,,0,100,39.00,-66,4418527,-291622.78,4,fused
82846,000000082846.jpg,640x454,1,0.751953,0,0,FP,yolov8l_bsz4.ms,162.00,112.00,274.00,0.500,Idle,4.33,8.08,347.85,4574.00,11499.37,264.58,,0,100,39.00,-63,4418622,-278373.19,4,fused
40083,000000040083.jpg,500x333,1,0.751927,1,1,TP,yolov8l_bsz4.ms,162.00,112.00,274.00,0.500,Idle,4.33,8.08,347.85,4574.00,11499.37,264.58,,0,100,39.00,-63,4418622,-278373.19,4,fused
330396,000000330396.jpg,500x375,1,0.751810,1,1,TP,yolov8l_bsz4.ms,162.00,112.00,274.00,0.500,Idle,4.33,8.08,347.85,4574.00,11499.37,264.58,,0,100,39.00,-63,4418622,-278373.19,4,fused
166768,000000166768.jpg,426x640,1,0.751805,1,1,TP,yolov8l_bsz4.ms,162.00,112.00,274.00,0.500,Idle,4.33,8.08,347.85,4574.00,11499.37,264.58,,0,100,39.00,-63,4418622,-278373.19,4,fused
329319,000000329319.jpg,428x640,1,0.751784,0,0,FP,yolov8l_bsz4.ms,157.25,115.00,272.25,0.500,Idle,4.32,8.08,294.23,4627.00,11499.37,317.57,,0,100,39.00,-66,4418526,-291622.72,4,fused
419601,000000419601.jpg,500x329,1,0.751556,0,0,FP,yolov8l_bsz4.ms,157.25,115.00,272.25,0.500,Idle,4.32,8.08,294.23,4627.00,11499.37,317.57,,0,100,39.00,-66,4418526,-291622.72,4,fused
460841,000000460841.jpg,500x375,1,0.750750,1,1,TP,yolov8l_bsz4.ms,157.25,115.00,272.25,0.500,Idle,4.32,8.08,294.23,4627.00,11499.37,317.57,,0,100,39.00,-66,4418526,-291622.72,4,fused
431848,000000431848.jpg,378x640,1,0.750433,1,1,TP,yolov8l_bsz4.ms,157.25,115.00,272.25,0.500,Idle,4.32,8.08,294.23,4627.00,11499.37,317.57,,0,100,39.00,-66,4418526,-291622.72,4,fused
107339,000000107339.jpg,240x180,1,0.749358,1,1,TP,yolov8l_bsz4.ms,159.50,115.00,274.50,0.500,Idle,4.27,8.05,369.54,4552.00,11499.37,241.33,,0,100,39.00,-57,4418785,-251870.74,4,fused
520910,000000520910.jpg,427x640,1,0.749282,1,1,TP,yolov8l_bsz4.ms,159.50,115.00,274.50,0.500,Idle,4.27,8.05,369.54,4552.00,11499.37,241.33,,0,100,39.00,-57,4418785,-251870.74,4,fused
196754,000000196754.jpg,375x500,1,0.749270,0,0,FP,yolov8l_bsz4.ms,159.50,115.00,274.50,0.500,Idle,4.27,8.05,369.54,4552.00,11499.37,241.33,,0,100,39.00,-57,4418785,-251870.74,4,fused
85823,000000085823.jpg,640x427,1,0.748919,0,0,FP,yolov8l_bsz4.ms,159.50,115.00,274.50,0.500,Idle,4.27,8.05,369.54,4552.00,11499.37,241.33,,0,100,39.00,-57,4418785,-251870.74,4,fused
490125,000000490125.jpg,500x335,1,0.748896,0,0,FP,yolov8l_bsz4.ms,109.25,117.75,227.00,0.500,Idle,4.30,8.05,366.99,4554.00,11499.37,243.13,,0,100,39.00,-66,4418577,-291626.08,4,fused
185292,000000185292.jpg,421x640,1,0.748790,1,1,TP,yolov8l_bsz4.ms,109.25,117.75,227.00,0.500,Idle,4.30,8.05,366.99,4554.00,11499.37,243.13,,0,100,39.00,-66,4418577,-291626.08,4,fused
412531,000000412531.jpg,640x480,1,0.748772,0,0,FP,yolov8l_bsz4.ms,109.25,117.75,227.00,0.500,Idle,4.30,8.05,366.99,4554.00,11499.37,243.13,,0,100,39.00,-66,4418577,-291626.08,4,fused
294855,000000294855.jpg,500x375,1,0.747829,0,0,FP,yolov8l_bsz4.ms,109.25,117.75,227.00,0.500,Idle,4.30,8.05,366.99,4554.00,11499.37,243.13,,0,100,39.00,-66,4418577,-291626.08,4,fused
35197,000000035197.jpg,429x640,1,0.747759,1,1,TP,yolov8l_bsz4.ms,108.25,117.00,225.25,0.500,Idle,8.33,8.32,351.34,4527.00,11499.37,215.35,,0,100,39.00,-66,4418298,-291607.67,4,fused
206027,000000206027.jpg,640x480,1,0.747723,0,0,FP,yolov8l_bsz4.ms,108.25,117.00,225.25,0.500,Idle,8.33,8.32,351.34,4527.00,11499.37,215.35,,0,100,39.00,-66,4418298,-291607.67,4,fused
268375,000000268375.jpg,640x424,1,0.747619,0,0,FP,yolov8l_bsz4.ms,108.25,117.00,225.25,0.500,Idle,8.33,8.32,351.34,4527.00,11499.37,215.35,,0,100,39.00,-66,4418298,-291607.67,4,fused
549220,000000549220.jpg,480x640,1,0.747364,1,1,TP,yolov8l_bsz4.ms,108.25,117.00,225.25,0.500,Idle,8.33,8.32,351.34,4527.00,11499.37,215.35,,0,100,39.00,-66,4418298,-291607.67,4,fused
344909,000000344909.jpg,480x640,1,0.747244,0,0,FP,yolov8l_bsz4.ms,108.00,112.00,220.00,0.500,Idle,5.51,8.32,293.88,4583.00,11499.37,270.59,,0,100,39.00,-115,4416652,-507914.98,4,fused
151051,000000151051.jpg,640x478,1,0.746130,1,1,TP,yolov8l_bsz4.ms,108.00,112.00,220.00,0.500,Idle,5.51,8.32,293.88,4583.00,11499.37,270.59,,0,100,39.00,-115,4416652,-507914.98,4,fused
223959,000000223959.jpg,480x640,1,0.746116,1,1,TP,yolov8l_bsz4.ms,108.00,112.00,220.00,0.500,Idle,5.51,8.32,293.88,4583.00,11499.37,270.59,,0,100,39.00,-115,4416652,-507914.98,4,fused
500270,000000500270.jpg,640x425,1,0.745878,1,1,TP,yolov8l_bsz4.ms,108.00,112.00,220.00,0.500,Idle,5.51,8.32,293.88,4583.00,11499.37,270.59,,0,100,39.00,-115,4416652,-507914.98,4,fused
240049,000000240049.jpg,426x640,1,0.745367,1,1,TP,yolov8l_bsz4.ms,109.50,113.00,222.50,0.500,Idle,5.41,17.97,372.38,4502.00,11499.37,188.04,,0,100,39.00,-69,4418006,-304842.41,4,fused
289594,000000289594.jpg,519x640,1,0.745355,1,1,TP,yolov8l_bsz4.ms,109.50,113.00,222.50,0.500,Idle,5.41,17.97,372.38,4502.00,11499.37,188.04,,0,100,39.00,-69,4418006,-304842.41,4,fused
243034,000000243034.jpg,427x640,1,0.744818,1,1,TP,yolov8l_bsz4.ms,109.50,113.00,222.50,0.500,Idle,5.41,17.97,372.38,4502.00,11499.37,188.04,,0,100,39.00,-69,4418006,-304842.41,4,fused
272136,000000272136.jpg,640x428,1,0.744680,1,1,TP,yolov8l_bsz4.ms,109.50,113.00,222.50,0.500,Idle,5.41,17.97,372.38,4502.00,11499.37,188.04,,0,100,39.00,-69,4418006,-304842.41,4,fused
511453,000000511453.jpg,612x612,1,0.744501,0,0,FP,yolov8l_bsz4.ms,111.25,132.75,244.00,0.500,Idle,5.56,17.97,370.55,4531.00,11499.37,246.00,,0,100,39.00,-64,4418074,-282756.74,4,fused
480122,000000480122.jpg,640x640,1,0.744460,0,0,FP,yolov8l_bsz4.ms,111.25,132.75,244.00,0.500,Idle,5.56,17.97,370.55,4531.00,11499.37,246.00,,0,100,39.00,-64,4418074,-282756.74,4,fused
219271,000000219271.jpg,350x500,1,0.744354,1,1,TP,yolov8l_bsz4.ms,111.25,132.75,244.00,0.500,Idle,5.56,17.97,370.55,4531.00,11499.37,246.00,,0,100,39.00,-64,4418074,-282756.74,4,fused
491213,000000491213.jpg,640x480,1,0.743445,1,1,TP,yolov8l_bsz4.ms,111.25,132.75,244.00,0.500,Idle,5.56,17.97,370.55,4531.00,11499.37,246.00,,0,100,39.00,-64,4418074,-282756.74,4,fused
402473,000000402473.jpg,640x480,1,0.743359,0,0,FP,yolov8l_bsz4.ms,109.25,115.50,224.75,0.500,Idle,5.64,13.86,351.45,4551.00,11499.37,264.56,,0,100,39.00,-66,4418103,-291594.80,4,fused
542423,000000542423.jpg,640x425,1,0.743314,1,1,TP,yolov8l_bsz4.ms,109.25,115.50,224.75,0.500,Idle,5.64,13.86,351.45,4551.00,11499.37,264.56,,0,100,39.00,-66,4418103,-291594.80,4,fused
273551,000000273551.jpg,640x457,1,0.742822,0,0,FP,yolov8l_bsz4.ms,109.25,115.50,224.75,0.500,Idle,5.64,13.86,351.45,4551.00,11499.37,264.56,,0,100,39.00,-66,4418103,-291594.80,4,fused
559547,000000559547.jpg,640x491,1,0.742678,1,1,TP,yolov8l_bsz4.ms,109.25,115.50,224.75,0.500,Idle,5.64,13.86,351.45,4551.00,11499.37,264.56,,0,100,39.00,-66,4418103,-291594.80,4,fused
238866,000000238866.jpg,640x439,1,0.742147,0,0,FP,yolov8l_bsz4.ms,108.25,108.25,216.50,0.500,Idle,5.60,13.86,299.69,4603.00,11499.37,315.55,,0,100,39.00,-67,4417726,-295987.64,4,fused
254368,000000254368.jpg,392x640,1,0.742090,1,1,TP,yolov8l_bsz4.ms,108.25,108.25,216.50,0.500,Idle,5.60,13.86,299.69,4603.00,11499.37,315.55,,0,100,39.00,-67,4417726,-295987.64,4,fused
427055,000000427055.jpg,640x480,1,0.740646,0,0,FP,yolov8l_bsz4.ms,108.25,108.25,216.50,0.500,Idle,5.60,13.86,299.69,4603.00,11499.37,315.55,,0,100,39.00,-67,4417726,-295987.64,4,fused
429281,000000429281.jpg,480x640,1,0.740271,0,0,FP,yolov8l_bsz4.ms,108.25,108.25,216.50,0.500,Idle,5.60,13.86,299.69,4603.00,11499.37,315.55,,0,100,39.00,-67,4417726,-295987.64,4,fused
398810,000000398810.jpg,500x500,1,0.740176,0,0,FP,yolov8l_bsz4.ms,109.00,112.50,221.50,0.500,Idle,5.55,13.86,371.28,4554.00,11499.37,265.36,,0,100,39.00,-62,4417711,-273898.08,4,fused
117645,000000117645.jpg,640x480,1,0.738905,1,1,TP,yolov8l_bsz4.ms,109.00,112.50,221.50,0.500,Idle,5.55,13.86,371.28,4554.00,11499.37,265.36,,0,100,39.00,-62,4417711,-273898.08,4,fused
146825,000000146825.jpg,640x309,1,0.737335,1,1,TP,yolov8l_bsz4.ms,109.00,112.50,221.50,0.500,Idle,5.55,13.86,371.28,4554.00,11499.37,265.36,,0,100,39.00,-62,4417711,-273898.08,4,fused
552775,000000552775.jpg,375x500,1,0.737312,1,1,TP,yolov8l_bsz4.ms,109.00,112.50,221.50,0.500,Idle,5.55,13.86,371.28,4554.00,11499.37,265.36,,0,100,39.00,-62,4417711,-273898.08,4,fused
17436,000000017436.jpg,481x640,1,0.736799,1,1,TP,yolov8l_bsz4.ms,112.00,115.00,227.00,0.500,Idle,5.52,11.74,372.17,4554.00,11499.37,263.27,,0,100,39.00,-72,4417608,-318067.78,4,fused
124636,000000124636.jpg,640x480,1,0.736615,0,0,FP,yolov8l_bsz4.ms,112.00,115.00,227.00,0.500,Idle,5.52,11.74,372.17,4554.00,11499.37,263.27,,0,100,39.00,-72,4417608,-318067.78,4,fused
161879,000000161879.jpg,640x569,1,0.736400,1,1,TP,yolov8l_bsz4.ms,112.00,115.00,227.00,0.500,Idle,5.52,11.74,372.17,4554.00,11499.37,263.27,,0,100,39.00,-72,4417608,-318067.78,4,fused
563604,000000563604.jpg,640x479,1,0.735895,1,1,TP,yolov8l_bsz4.ms,112.00,115.00,227.00,0.500,Idle,5.52,11.74,372.17,4554.00,11499.37,263.27,,0,100,39.00,-72,4417608,-318067.78,4,fused
144706,000000144706.jpg,640x480,1,0.735521,0,0,FP,yolov8l_bsz4.ms,111.00,113.50,224.50,0.500,Idle,5.55,11.74,350.37,4576.00,11499.37,284.51,,0,100,39.00,-75,4416977,-331273.28,4,fused
339442,000000339442.jpg,523x640,1,0.735476,0,0,FP,yolov8l_bsz4.ms,111.00,113.50,224.50,0.500,Idle,5.55,11.74,350.37,4576.00,11499.37,284.51,,0,100,39.00,-75,4416977,-331273.28,4,fused
365208,000000365208.jpg,603x640,1,0.735017,1,1,TP,yolov8l_bsz4.ms,111.00,113.50,224.50,0.500,Idle,5.55,11.74,350.37,4576.00,11499.37,284.51,,0,100,39.00,-75,4416977,-331273.28,4,fused
557916,000000557916.jpg,640x426,1,0.734199,1,1,TP,yolov8l_bsz4.ms,111.00,113.50,224.50,0.500,Idle,5.55,11.74,350.37,4576.00,11499.37,284.51,,0,100,39.00,-75,4416977,-331273.28,4,fused
163951,000000163951.jpg,427x640,1,0.733187,0,0,FP,yolov8l_bsz4.ms,170.00,105.50,275.50,0.500,Idle,5.58,11.17,296.82,4630.00,11499.37,337.41,,0,100,39.00,-68,4417398,-300383.06,4,fused
94614,000000094614.jpg,640x427,1,0.732866,1,1,TP,yolov8l_bsz4.ms,170.00,105.50,275.50,0.500,Idle,5.58,11.17,296.82,4630.00,11499.37,337.41,,0,100,39.00,-68,4417398,-300383.06,4,fused
161875,000000161875.jpg,640x422,1,0.730922,1,1,TP,yolov8l_bsz4.ms,170.00,105.50,275.50,0.500,Idle,5.58,11.17,296.82,4630.00,11499.37,337.41,,0,100,39.00,-68,4417398,-300383.06,4,fused
306437,000000306437.jpg,426x640,1,0.730418,1,1,TP,yolov8l_bsz4.ms,170.00,105.50,275.50,0.500,Idle,5.58,11.17,296.82,4630.00,11499.37,337.41,,0,100,39.00,-68,4417398,-300383.06,4,fused
148730,000000148730.jpg,640x427,1,0.730170,0,0,FP,yolov8l_bsz4.ms,171.25,107.50,278.75,0.500,Idle,5.36,11.17,373.98,4553.00,11499.37,258.90,,0,100,39.00,-71,4417704,-313656.98,4,fused
236721,000000236721.jpg,640x480,1,0.730151,0,0,FP,yolov8l_bsz4.ms,171.25,107.50,278.75,0.500,Idle,5.36,11.17,373.98,4553.00,11499.37,258.90,,0,100,39.00,-71,4417704,-313656.98,4,fused
413404,000000413404.jpg,640x427,1,0.728976,1,1,TP,yolov8l_bsz4.ms,171.25,107.50,278.75,0.500,Idle,5.36,11.17,373.98,4553.00,11499.37,258.90,,0,100,39.00,-71,4417704,-313656.98,4,fused
322968,000000322968.jpg,480x640,1,0.728847,0,0,FP,yolov8l_bsz4.ms,171.25,107.50,278.75,0.500,Idle,5.36,11.17,373.98,4553.00,11499.37,258.90,,0,100,39.00,-71,4417704,-313656.98,4,fused
295420,000000295420.jpg,640x480,1,0.728726,1,1,TP,yolov8l_bsz4.ms,167.25,113.50,280.75,0.500,Idle,5.87,16.93,371.34,4557.00,11499.37,261.05,,0,100,39.00,-109,4416450,-481393.05,4,fused
80153,000000080153.jpg,428x640,1,0.728418,1,1,TP,yolov8l_bsz4.ms,167.25,113.50,280.75,0.500,Idle,5.87,16.93,371.34,4557.00,11499.37,261.05,,0,100,39.00,-109,4416450,-481393.05,4,fused
410612,000000410612.jpg,500x334,1,0.727430,0,0,FP,yolov8l_bsz4.ms,167.25,113.50,280.75,0.500,Idle,5.87,16.93,371.34,4557.00,11499.37,261.05,,0,100,39.00,-109,4416450,-481393.05,4,fused
306582,000000306582.jpg,640x480,1,0.727166,0,0,FP,yolov8l_bsz4.ms,167.25,113.50,280.75,0.500,Idle,5.87,16.93,371.34,4557.00,11499.37,261.05,,0,100,39.00,-109,4416450,-481393.05,4,fused
186345,000000186345.jpg,640x431,1,0.727108,0,0,FP,yolov8l_bsz4.ms,162.50,113.00,275.50,0.500,Idle,5.01,16.93,348.68,4579.00,11499.37,282.64,,0,100,39.00,-66,4417946,-291584.44,4,fused
294831,000000294831.jpg,640x361,1,0.726668,1,1,TP,yolov8l_bsz4.ms,162.50,113.00,275.50,0.500,Idle,5.01,16.93,348.68,4579.00,11499.37,282.64,,0,100,39.00,-66,4417946,-291584.44,4,fused
39769,000000039769.jpg,640x480,1,0.726531,0,0,FP,yolov8l_bsz4.ms,162.50,113.00,275.50,0.500,Idle,5.01,16.93,348.68,4579.00,11499.37,282.64,,0,100,39.00,-66,4417946,-291584.44,4,fused
154718,000000154718.jpg,375x500,1,0.725991,1,1,TP,yolov8l_bsz4.ms,162.50,113.00,275.50,0.500,Idle,5.01,16.93,348.68,4579.00,11499.37,282.64,,0,100,39.00,-66,4417946,-291584.44,4,fused
286507,000000286507.jpg,640x434,1,0.725825,0,0,FP,yolov8l_bsz4.ms,164.75,111.00,275.75,0.500,Idle,4.69,8.87,295.29,4633.00,11499.37,335.35,,0,100,39.00,-64,4418138,-282760.83,4,fused
248284,000000248284.jpg,427x640,1,0.725219,1,1,TP,yolov8l_bsz4.ms,164.75,111.00,275.75,0.500,Idle,4.69,8.87,295.29,4633.00,11499.37,335.35,,0,100,39.00,-64,4418138,-282760.83,4,fused
166521,000000166521.jpg,640x426,1,0.724911,0,0,FP,yolov8l_bsz4.ms,164.75,111.00,275.75,0.500,Idle,4.69,8.87,295.29,4633.00,11499.37,335.35,,0,100,39.00,-64,4418138,-282760.83,4,fused
546964,000000546964.jpg,640x478,1,0.724897,1,1,TP,yolov8l_bsz4.ms,164.75,111.00,275.75,0.500,Idle,4.69,8.87,295.29,4633.00,11499.37,335.35,,0,100,39.00,-64,4418138,-282760.83,4,fused
463522,000000463522.jpg,640x480,1,0.724656,1,1,TP,yolov8l_bsz4.ms,164.75,120.75,285.50,0.500,Idle,4.54,8.87,373.35,4554.00,11499.37,255.67,,0,100,39.00,-59,4418305,-260679.99,4,fused
37751,000000037751.jpg,640x480,1,0.724581,1,1,TP,yolov8l_bsz4.ms,164.75,120.75,285.50,0.500,Idle,4.54,8.87,373.35,4554.00,11499.37,255.67,,0,100,39.00,-59,4418305,-260679.99,4,fused
474167,000000474167.jpg,427x640,1,0.724520,1,1,TP,yolov8l_bsz4.ms,164.75,120.75,285.50,0.500,Idle,4.54,8.87,373.35,4554.00,11499.37,255.67,,0,100,39.00,-59,4418305,-260679.99,4,fused
417911,000000417911.jpg,640x429,1,0.724485,1,1,TP,yolov8l_bsz4.ms,164.75,120.75,285.50,0.500,Idle,4.54,8.87,373.35,4554.00,11499.37,255.67,,0,100,39.00,-59,4418305,-260679.99,4,fused
456496,000000456496.jpg,640x426,1,0.724195,1,1,TP,yolov8l_bsz4.ms,163.00,108.00,271.00,0.500,Idle,4.40,8.26,372.32,4555.00,11499.37,255.42,,0,100,39.00,-109,4416900,-481442.10,4,fused
150224,000000150224.jpg,640x427,1,0.723886,1,1,TP,yolov8l_bsz4.ms,163.00,108.00,271.00,0.500,Idle,4.40,8.26,372.32,4555.00,11499.37,255.42,,0,100,39.00,-109,4416900,-481442.10,4,fused
312263,000000312263.jpg,527x640,1,0.723884,0,0,FP,yolov8l_bsz4.ms,163.00,108.00,271.00,0.500,Idle,4.40,8.26,372.32,4555.00,11499.37,255.42,,0,100,39.00,-109,4416900,-481442.10,4,fused
250901,000000250901.jpg,640x426,1,0.723465,1,1,TP,yolov8l_bsz4.ms,163.00,108.00,271.00,0.500,Idle,4.40,8.26,372.32,4555.00,11499.37,255.42,,0,100,39.00,-109,4416900,-481442.10,4,fused
102707,000000102707.jpg,612x612,1,0.723463,0,0,FP,yolov8l_bsz4.ms,159.00,122.00,281.00,0.500,Idle,4.45,8.26,350.80,4576.00,11499.37,275.82,,0,100,39.00,-65,4418164,-287180.66,4,fused
534601,000000534601.jpg,500x332,1,0.723413,0,0,FP,yolov8l_bsz4.ms,159.00,122.00,281.00,0.500,Idle,4.45,8.26,350.80,4576.00,11499.37,275.82,,0,100,39.00,-65,4418164,-287180.66,4,fused
253819,000000253819.jpg,640x427,1,0.723194,1,1,TP,yolov8l_bsz4.ms,159.00,122.00,281.00,0.500,Idle,4.45,8.26,350.80,4576.00,11499.37,275.82,,0,100,39.00,-65,4418164,-287180.66,4,fused
544811,000000544811.jpg,640x429,1,0.722992,0,0,FP,yolov8l_bsz4.ms,159.00,122.00,281.00,0.500,Idle,4.45,8.26,350.80,4576.00,11499.37,275.82,,0,100,39.00,-65,4418164,-287180.66,4,fused
104803,000000104803.jpg,375x500,1,0.722035,0,0,FP,yolov8l_bsz4.ms,159.50,111.00,270.50,0.500,Idle,4.43,8.08,294.99,4632.00,11499.37,331.56,,0,100,39.00,-118,4416629,-521162.22,4,fused
236592,000000236592.jpg,640x480,1,0.721770,0,0,FP,yolov8l_bsz4.ms,159.50,111.00,270.50,0.500,Idle,4.43,8.08,294.99,4632.00,11499.37,331.56,,0,100,39.00,-118,4416629,-521162.22,4,fused
293804,000000293804.jpg,500x333,1,0.720309,0,0,FP,yolov8l_bsz4.ms,159.50,111.00,270.50,0.500,Idle,4.43,8.08,294.99,4632.00,11499.37,331.56,,0,100,39.00,-118,4416629,-521162.22,4,fused
523807,000000523807.jpg,500x375,1,0.719730,1,1,TP,yolov8l_bsz4.ms,159.50,111.00,270.50,0.500,Idle,4.43,8.08,294.99,4632.00,11499.37,331.56,,0,100,39.00,-118,4416629,-521162.22,4,fused
516143,000000516143.jpg,640x480,1,0.718421,1,1,TP,yolov8l_bsz4.ms,163.75,126.00,289.75,0.500,Idle,4.37,8.08,371.88,4555.00,11499.37,253.82,,0,100,39.00,-62,4418310,-273935.22,4,fused
329542,000000329542.jpg,612x612,1,0.717325,1,1,TP,yolov8l_bsz4.ms,163.75,126.00,289.75,0.500,Idle,4.37,8.08,371.88,4555.00,11499.37,253.82,,0,100,39.00,-62,4418310,-273935.22,4,fused
196843,000000196843.jpg,640x480,1,0.717189,0,0,FP,yolov8l_bsz4.ms,163.75,126.00,289.75,0.500,Idle,4.37,8.08,371.88,4555.00,11499.37,253.82,,0,100,39.00,-62,4418310,-273935.22,4,fused
49269,000000049269.jpg,431x640,1,0.716380,0,0,FP,yolov8l_bsz4.ms,163.75,126.00,289.75,0.500,Idle,4.37,8.08,371.88,4555.00,11499.37,253.82,,0,100,39.00,-62,4418310,-273935.22,4,fused
230362,000000230362.jpg,640x478,1,0.716148,0,0,FP,yolov8l_bsz4.ms,166.00,106.25,272.25,0.500,Idle,4.37,7.88,370.06,4558.00,11499.37,254.81,,0,100,39.00,-114,4416795,-503514.63,4,fused
26941,000000026941.jpg,640x427,1,0.715903,1,1,TP,yolov8l_bsz4.ms,166.00,106.25,272.25,0.500,Idle,4.37,7.88,370.06,4558.00,11499.37,254.81,,0,100,39.00,-114,4416795,-503514.63,4,fused
494869,000000494869.jpg,427x640,1,0.715824,1,1,TP,yolov8l_bsz4.ms,166.00,106.25,272.25,0.500,Idle,4.37,7.88,370.06,4558.00,11499.37,254.81,,0,100,39.00,-114,4416795,-503514.63,4,fused
279714,000000279714.jpg,425x640,1,0.715543,0,0,FP,yolov8l_bsz4.ms,166.00,106.25,272.25,0.500,Idle,4.37,7.88,370.06,4558.00,11499.37,254.81,,0,100,39.00,-114,4416795,-503514.63,4,fused
250127,000000250127.jpg,640x640,1,0.715496,1,1,TP,yolov8l_bsz4.ms,159.25,117.00,276.25,0.500,Idle,4.17,7.88,351.00,4576.00,11499.37,271.88,,0,100,39.00,-74,4418076,-326937.62,4,fused
120777,000000120777.jpg,500x375,1,0.715369,0,0,FP,yolov8l_bsz4.ms,159.25,117.00,276.25,0.500,Idle,4.17,7.88,351.00,4576.00,11499.37,271.88,,0,100,39.00,-74,4418076,-326937.62,4,fused
88265,000000088265.jpg,427x640,1,0.715367,0,0,FP,yolov8l_bsz4.ms,159.25,117.00,276.25,0.500,Idle,4.17,7.88,351.00,4576.00,11499.37,271.88,,0,100,39.00,-74,4418076,-326937.62,4,fused
499266,000000499266.jpg,640x480,1,0.715342,1,1,TP,yolov8l_bsz4.ms,159.25,117.00,276.25,0.500,Idle,4.17,7.88,351.00,4576.00,11499.37,271.88,,0,100,39.00,-74,4418076,-326937.62,4,fused
119233,000000119233.jpg,500x334,1,0.714810,0,0,FP,yolov8l_bsz4.ms,159.25,117.25,276.50,0.500,Idle,4.17,6.24,297.09,4630.00,11499.37,325.32,,0,100,39.00,-74,4418033,-326934.44,4,fused
393282,000000393282.jpg,640x640,1,0.714806,0,0,FP,yolov8l_bsz4.ms,159.25,117.25,276.50,0.500,Idle,4.17,6.24,297.09,4630.00,11499.37,325.32,,0,100,39.00,-74,4418033,-326934.44,4,fused
109900,000000109900.jpg,640x478,1,0.713617,1,1,TP,yolov8l_bsz4.ms,159.25,117.25,276.50,0.500,Idle,4.17,6.24,297.09,4630.00,11499.37,325.32,,0,100,39.00,-74,4418033,-326934.44,4,fused
568290,000000568290.jpg,640x427,1,0.711884,1,1,TP,yolov8l_bsz4.ms,159.25,117.25,276.50,0.500,Idle,4.17,6.24,297.09,4630.00,11499.37,325.32,,0,100,39.00,-74,4418033,-326934.44,4,fused
36660,000000036660.jpg,500x323,1,0.711658,1,1,TP,yolov8l_bsz4.ms,109.75,108.50,218.25,0.500,Idle,4.13,6.24,373.09,4554.00,11499.37,248.36,,0,100,39.00,-64,4418395,-282777.28,4,fused
499775,000000499775.jpg,640x480,1,0.710953,0,0,FP,yolov8l_bsz4.ms,109.75,108.50,218.25,0.500,Idle,4.13,6.24,373.09,4554.00,11499.37,248.36,,0,100,39.00,-64,4418395,-282777.28,4,fused
79031,000000079031.jpg,640x427,1,0.710635,1,1,TP,yolov8l_bsz4.ms,109.75,108.50,218.25,0.500,Idle,4.13,6.24,373.09,4554.00,11499.37,248.36,,0,100,39.00,-64,4418395,-282777.28,4,fused
421060,000000421060.jpg,640x418,1,0.710313,1,1,TP,yolov8l_bsz4.ms,109.75,108.50,218.25,0.500,Idle,4.13,6.24,373.09,4554.00,11499.37,248.36,,0,100,39.00,-64,4418395,-282777.28,4,fused
138550,000000138550.jpg,640x428,1,0.710249,0,0,FP,yolov8l_bsz4.ms,109.75,112.75,222.50,0.500,Idle,4.43,7.31,367.92,4559.00,11499.37,252.54,,0,100,39.00,-65,4417920,-287164.80,4,fused
168330,000000168330.jpg,640x390,1,0.710139,0,0,FP,yolov8l_bsz4.ms,109.75,112.75,222.50,0.500,Idle,4.43,7.31,367.92,4559.00,11499.37,252.54,,0,100,39.00,-65,4417920,-287164.80,4,fused
54628,000000054628.jpg,375x500,1,0.708908,1,1,TP,yolov8l_bsz4.ms,109.75,112.75,222.50,0.500,Idle,4.43,7.31,367.92,4559.00,11499.37,252.54,,0,100,39.00,-65,4417920,-287164.80,4,fused
319696,000000319696.jpg,500x333,1,0.707900,0,0,FP,yolov8l_bsz4.ms,109.75,112.75,222.50,0.500,Idle,4.43,7.31,367.92,4559.00,11499.37,252.54,,0,100,39.00,-65,4417920,-287164.80,4,fused
286908,000000286908.jpg,640x640,1,0.707765,0,0,FP,yolov8l_bsz4.ms,109.00,129.25,238.25,0.500,Idle,4.66,7.31,351.26,4575.00,11499.37,268.46,,0,100,39.00,-118,4416236,-521115.85,4,fused
42628,000000042628.jpg,640x426,1,0.707729,1,1,TP,yolov8l_bsz4.ms,109.00,129.25,238.25,0.500,Idle,4.66,7.31,351.26,4575.00,11499.37,268.46,,0,100,39.00,-118,4416236,-521115.85,4,fused
468124,000000468124.jpg,640x459,1,0.706879,1,1,TP,yolov8l_bsz4.ms,109.00,129.25,238.25,0.500,Idle,4.66,7.31,351.26,4575.00,11499.37,268.46,,0,100,39.00,-118,4416236,-521115.85,4,fused
311789,000000311789.jpg,640x427,1,0.706390,0,0,FP,yolov8l_bsz4.ms,109.00,129.25,238.25,0.500,Idle,4.66,7.31,351.26,4575.00,11499.37,268.46,,0,100,39.00,-118,4416236,-521115.85,4,fused
22192,000000022192.jpg,640x426,1,0.705606,0,0,FP,yolov8l_bsz4.ms,108.00,102.25,210.25,0.500,Idle,4.82,8.28,295.78,4630.00,11499.37,322.53,,0,100,39.00,-71,4417678,-313655.14,4,fused
235784,000000235784.jpg,640x459,1,0.704172,1,1,TP,yolov8l_bsz4.ms,108.00,102.25,210.25,0.500,Idle,4.82,8.28,295.78,4630.00,11499.37,322.53,,0,100,39.00,-71,4417678,-313655.14,4,fused
347163,000000347163.jpg,640x427,1,0.703822,0,0,FP,yolov8l_bsz4.ms,108.00,102.25,210.25,0.500,Idle,4.82,8.28,295.78,4630.00,11499.37,322.53,,0,100,39.00,-71,4417678,-313655.14,4,fused
423798,000000423798.jpg,640x320,1,0.702686,0,0,FP,yolov8l_bsz4.ms,108.00,102.25,210.25,0.500,Idle,4.82,8.28,295.78,4630.00,11499.37,322.53,,0,100,39.00,-71,4417678,-313655.14,4,fused
504074,000000504074.jpg,640x427,1,0.702664,1,1,TP,yolov8l_bsz4.ms,109.00,114.50,223.50,0.500,Idle,4.85,8.28,372.69,4553.00,11499.37,245.18,,0,100,39.00,-62,4417964,-273913.77,4,fused
295809,000000295809.jpg,640x512,1,0.702389,1,1,TP,yolov8l_bsz4.ms,109.00,114.50,223.50,0.500,Idle,4.85,8.28,372.69,4553.00,11499.37,245.18,,0,100,39.00,-62,4417964,-273913.77,4,fused
165681,000000165681.jpg,640x444,1,0.702195,1,1,TP,yolov8l_bsz4.ms,109.00,114.50,223.50,0.500,Idle,4.85,8.28,372.69,4553.00,11499.37,245.18,,0,100,39.00,-62,4417964,-273913.77,4,fused
186449,000000186449.jpg,436x640,1,0.702033,1,1,TP,yolov8l_bsz4.ms,109.00,114.50,223.50,0.500,Idle,4.85,8.28,372.69,4553.00,11499.37,245.18,,0,100,39.00,-62,4417964,-273913.77,4,fused
32941,000000032941.jpg,458x640,1,0.701639,1,1,TP,yolov8l_bsz4.ms,114.75,114.50,229.25,0.500,Idle,4.91,8.60,369.67,4556.00,11499.37,247.24,,0,100,39.00,-57,4418053,-251829.02,4,fused
435208,000000435208.jpg,480x640,1,0.701142,1,1,TP,yolov8l_bsz4.ms,114.75,114.50,229.25,0.500,Idle,4.91,8.60,369.67,4556.00,11499.37,247.24,,0,100,39.00,-57,4418053,-251829.02,4,fused
6723,000000006723.jpg,640x361,1,0.700983,0,0,FP,yolov8l_bsz4.ms,114.75,114.50,229.25,0.500,Idle,4.91,8.60,369.67,4556.00,11499.37,247.24,,0,100,39.00,-57,4418053,-251829.02,4,fused
347174,000000347174.jpg,427x640,1,0.700828,1,1,TP,yolov8l_bsz4.ms,114.75,114.50,229.25,0.500,Idle,4.91,8.60,369.67,4556.00,11499.37,247.24,,0,100,39.00,-57,4418053,-251829.02,4,fused
144932,000000144932.jpg,640x425,1,0.699336,1,1,TP,yolov8l_bsz4.ms,109.00,108.00,217.00,0.500,Idle,5.00,8.60,351.21,4574.00,11499.37,264.89,,0,100,39.00,-68,4417396,-300382.93,4,fused
5600,000000005600.jpg,640x361,1,0.698713,0,0,FP,yolov8l_bsz4.ms,109.00,108.00,217.00,0.500,Idle,5.00,8.60,351.21,4574.00,11499.37,264.89,,0,100,39.00,-68,4417396,-300382.93,4,fused
42276,000000042276.jpg,375x500,1,0.698574,0,0,FP,yolov8l_bsz4.ms,109.00,108.00,217.00,0.500,Idle,5.00,8.60,351.21,4574.00,11499.37,264.89,,0,100,39.00,-68,4417396,-300382.93,4,fused
303305,000000303305.jpg,640x480,1,0.698030,1,1,TP,yolov8l_bsz4.ms,109.00,108.00,217.00,0.500,Idle,5.00,8.60,351.21,4574.00,11499.37,264.89,,0,100,39.00,-68,4417396,-300382.93,4,fused
248810,000000248810.jpg,375x500,1,0.697234,1,1,TP,yolov8l_bsz4.ms,108.50,118.00,226.50,0.500,Idle,5.03,8.60,295.70,4628.00,11499.37,318.02,,0,100,39.00,-71,4417293,-313627.80,4,fused
220732,000000220732.jpg,640x480,1,0.697104,1,1,TP,yolov8l_bsz4.ms,108.50,118.00,226.50,0.500,Idle,5.03,8.60,295.70,4628.00,11499.37,318.02,,0,100,39.00,-71,4417293,-313627.80,4,fused
416330,000000416330.jpg,640x480,1,0.696846,0,0,FP,yolov8l_bsz4.ms,108.50,118.00,226.50,0.500,Idle,5.03,8.60,295.70,4628.00,11499.37,318.02,,0,100,39.00,-71,4417293,-313627.80,4,fused
289343,000000289343.jpg,529x640,1,0.695900,1,1,TP,yolov8l_bsz4.ms,108.50,118.00,226.50,0.500,Idle,5.03,8.60,295.70,4628.00,11499.37,318.02,,0,100,39.00,-71,4417293,-313627.80,4,fused
493334,000000493334.jpg,500x311,1,0.694910,0,0,FP,yolov8l_bsz4.ms,108.50,108.50,217.00,0.500,Idle,5.10,7.53,371.71,4552.00,11499.37,241.34,,0,100,39.00,-73,4417241,-322458.59,4,fused
257084,000000257084.jpg,500x333,1,0.694564,1,1,TP,yolov8l_bsz4.ms,108.50,108.50,217.00,0.500,Idle,5.10,7.53,371.71,4552.00,11499.37,241.34,,0,100,39.00,-73,4417241,-322458.59,4,fused
215114,000000215114.jpg,548x640,1,0.694434,1,1,TP,yolov8l_bsz4.ms,108.50,108.50,217.00,0.500,Idle,5.10,7.53,371.71,4552.00,11499.37,241.34,,0,100,39.00,-73,4417241,-322458.59,4,fused
505451,000000505451.jpg,444x265,1,0.694343,1,1,TP,yolov8l_bsz4.ms,108.50,108.50,217.00,0.500,Idle,5.10,7.53,371.71,4552.00,11499.37,241.34,,0,100,39.00,-73,4417241,-322458.59,4,fused
396903,000000396903.jpg,640x427,1,0.693979,1,1,TP,yolov8l_bsz4.ms,109.75,118.75,228.50,0.500,Idle,5.39,7.53,371.08,4553.00,11499.37,241.34,,0,100,39.00,-119,4415737,-525472.70,4,fused
346638,000000346638.jpg,640x480,1,0.693377,0,0,FP,yolov8l_bsz4.ms,109.75,118.75,228.50,0.500,Idle,5.39,7.53,371.08,4553.00,11499.37,241.34,,0,100,39.00,-119,4415737,-525472.70,4,fused
414385,000000414385.jpg,640x480,1,0.692229,1,1,TP,yolov8l_bsz4.ms,109.75,118.75,228.50,0.500,Idle,5.39,7.53,371.08,4553.00,11499.37,241.34,,0,100,39.00,-119,4415737,-525472.70,4,fused
213593,000000213593.jpg,640x426,1,0.692165,1,1,TP,yolov8l_bsz4.ms,109.75,118.75,228.50,0.500,Idle,5.39,7.53,371.08,4553.00,11499.37,241.34,,0,100,39.00,-119,4415737,-525472.70,4,fused
40036,000000040036.jpg,640x427,1,0.691947,1,1,TP,yolov8l_bsz4.ms,171.25,112.75,284.00,0.500,Idle,5.65,9.65,368.98,4554.00,11499.37,242.27,,0,100,39.00,-70,4416981,-309188.67,4,fused
229997,000000229997.jpg,640x427,1,0.691879,0,0,FP,yolov8l_bsz4.ms,171.25,112.75,284.00,0.500,Idle,5.65,9.65,368.98,4554.00,11499.37,242.27,,0,100,39.00,-70,4416981,-309188.67,4,fused
453584,000000453584.jpg,640x480,1,0.691415,0,0,FP,yolov8l_bsz4.ms,171.25,112.75,284.00,0.500,Idle,5.65,9.65,368.98,4554.00,11499.37,242.27,,0,100,39.00,-70,4416981,-309188.67,4,fused
572303,000000572303.jpg,640x480,1,0.691008,0,0,FP,yolov8l_bsz4.ms,171.25,112.75,284.00,0.500,Idle,5.65,9.65,368.98,4554.00,11499.37,242.27,,0,100,39.00,-70,4416981,-309188.67,4,fused
321887,000000321887.jpg,640x424,1,0.690963,0,0,FP,yolov8l_bsz4.ms,170.25,129.00,299.25,0.500,Idle,5.16,9.65,294.10,4628.00,11499.37,315.42,,0,100,39.00,-66,4417592,-291561.07,4,fused
123131,000000123131.jpg,640x427,1,0.690571,0,0,FP,yolov8l_bsz4.ms,170.25,129.00,299.25,0.500,Idle,5.16,9.65,294.10,4628.00,11499.37,315.42,,0,100,39.00,-66,4417592,-291561.07,4,fused
7386,000000007386.jpg,600x400,1,0.689710,0,0,FP,yolov8l_bsz4.ms,170.25,129.00,299.25,0.500,Idle,5.16,9.65,294.10,4628.00,11499.37,315.42,,0,100,39.00,-66,4417592,-291561.07,4,fused
359855,000000359855.jpg,640x510,1,0.689478,0,0,FP,yolov8l_bsz4.ms,170.25,129.00,299.25,0.500,Idle,5.16,9.65,294.10,4628.00,11499.37,315.42,,0,100,39.00,-66,4417592,-291561.07,4,fused
80659,000000080659.jpg,640x427,1,0.689298,1,1,TP,yolov8l_bsz4.ms,166.75,118.25,285.00,0.500,Idle,4.88,8.36,373.46,4549.00,11499.37,235.28,,0,100,39.00,-70,4417566,-309229.62,4,fused
128051,000000128051.jpg,640x360,1,0.689268,0,0,FP,yolov8l_bsz4.ms,166.75,118.25,285.00,0.500,Idle,4.88,8.36,373.46,4549.00,11499.37,235.28,,0,100,39.00,-70,4417566,-309229.62,4,fused
134856,000000134856.jpg,640x480,1,0.688319,1,1,TP,yolov8l_bsz4.ms,166.75,118.25,285.00,0.500,Idle,4.88,8.36,373.46,4549.00,11499.37,235.28,,0,100,39.00,-70,4417566,-309229.62,4,fused
161609,000000161609.jpg,640x480,1,0.686814,1,1,TP,yolov8l_bsz4.ms,166.75,118.25,285.00,0.500,Idle,4.88,8.36,373.46,4549.00,11499.37,235.28,,0,100,39.00,-70,4417566,-309229.62,4,fused
161799,000000161799.jpg,640x427,1,0.686365,1,1,TP,yolov8l_bsz4.ms,166.75,125.00,291.75,0.500,Idle,4.77,8.36,373.15,4549.00,11499.37,234.75,,0,100,39.00,-117,4416110,-516684.87,4,fused
315492,000000315492.jpg,612x612,1,0.686062,1,1,TP,yolov8l_bsz4.ms,166.75,125.00,291.75,0.500,Idle,4.77,8.36,373.15,4549.00,11499.37,234.75,,0,100,39.00,-117,4416110,-516684.87,4,fused
280325,000000280325.jpg,500x377,1,0.685916,0,0,FP,yolov8l_bsz4.ms,166.75,125.00,291.75,0.500,Idle,4.77,8.36,373.15,4549.00,11499.37,234.75,,0,100,39.00,-117,4416110,-516684.87,4,fused
173057,000000173057.jpg,480x640,1,0.685711,1,1,TP,yolov8l_bsz4.ms,166.75,125.00,291.75,0.500,Idle,4.77,8.36,373.15,4549.00,11499.37,234.75,,0,100,39.00,-117,4416110,-516684.87,4,fused
27982,000000027982.jpg,500x334,1,0.684686,0,0,FP,yolov8l_bsz4.ms,164.50,114.75,279.25,0.500,Idle,4.69,8.23,350.10,4572.00,11499.37,256.29,,0,100,39.00,-64,4417930,-282747.52,4,fused
369675,000000369675.jpg,640x429,1,0.684208,1,1,TP,yolov8l_bsz4.ms,164.50,114.75,279.25,0.500,Idle,4.69,8.23,350.10,4572.00,11499.37,256.29,,0,100,39.00,-64,4417930,-282747.52,4,fused
398237,000000398237.jpg,640x480,1,0.683766,1,1,TP,yolov8l_bsz4.ms,164.50,114.75,279.25,0.500,Idle,4.69,8.23,350.10,4572.00,11499.37,256.29,,0,100,39.00,-64,4417930,-282747.52,4,fused
392481,000000392481.jpg,640x427,1,0.683625,0,0,FP,yolov8l_bsz4.ms,164.50,114.75,279.25,0.500,Idle,4.69,8.23,350.10,4572.00,11499.37,256.29,,0,100,39.00,-64,4417930,-282747.52,4,fused
400161,000000400161.jpg,640x480,1,0.683602,1,1,TP,yolov8l_bsz4.ms,163.50,112.75,276.25,0.500,Idle,4.62,8.23,296.23,4626.00,11499.37,309.77,,0,100,39.00,-117,4416214,-516697.04,4,fused
243344,000000243344.jpg,480x640,1,0.683284,0,0,FP,yolov8l_bsz4.ms,163.50,112.75,276.25,0.500,Idle,4.62,8.23,296.23,4626.00,11499.37,309.77,,0,100,39.00,-117,4416214,-516697.04,4,fused
576566,000000576566.jpg,469x640,1,0.683233,1,1,TP,yolov8l_bsz4.ms,163.50,112.75,276.25,0.500,Idle,4.62,8.23,296.23,4626.00,11499.37,309.77,,0,100,39.00,-117,4416214,-516697.04,4,fused
333237,000000333237.jpg,640x409,1,0.683202,0,0,FP,yolov8l_bsz4.ms,163.50,112.75,276.25,0.500,Idle,4.62,8.23,296.23,4626.00,11499.37,309.77,,0,100,39.00,-117,4416214,-516697.04,4,fused
485844,000000485844.jpg,576x396,1,0.682215,1,1,TP,yolov8l_bsz4.ms,165.00,115.75,280.75,0.500,Idle,4.54,8.04,372.90,4549.00,11499.37,231.58,,0,100,39.00,-62,4418010,-273916.62,4,fused
408774,000000408774.jpg,500x333,1,0.682209,1,1,TP,yolov8l_bsz4.ms,165.00,115.75,280.75,0.500,Idle,4.54,8.04,372.90,4549.00,11499.37,231.58,,0,100,39.00,-62,4418010,-273916.62,4,fused
442661,000000442661.jpg,640x480,1,0.681732,0,0,FP,yolov8l_bsz4.ms,165.00,115.75,280.75,0.500,Idle,4.54,8.04,372.90,4549.00,11499.37,231.58,,0,100,39.00,-62,4418010,-273916.62,4,fused
293245,000000293245.jpg,640x480,1,0.681567,0,0,FP,yolov8l_bsz4.ms,165.00,115.75,280.75,0.500,Idle,4.54,8.04,372.90,4549.00,11499.37,231.58,,0,100,39.00,-62,4418010,-273916.62,4,fused
520832,000000520832.jpg,640x480,1,0.680613,1,1,TP,yolov8l_bsz4.ms,158.75,124.00,282.75,0.500,Idle,4.09,8.04,368.66,4551.00,11499.37,234.13,,0,100,39.00,-65,4417990,-287169.35,4,fused
276434,000000276434.jpg,640x427,1,0.680497,1,1,TP,yolov8l_bsz4.ms,158.75,124.00,282.75,0.500,Idle,4.09,8.04,368.66,4551.00,11499.37,234.13,,0,100,39.00,-65,4417990,-287169.35,4,fused
37670,000000037670.jpg,640x480,1,0.680348,1,1,TP,yolov8l_bsz4.ms,158.75,124.00,282.75,0.500,Idle,4.09,8.04,368.66,4551.00,11499.37,234.13,,0,100,39.00,-65,4417990,-287169.35,4,fused
315001,000000315001.jpg,640x639,1,0.680218,0,0,FP,yolov8l_bsz4.ms,158.75,124.00,282.75,0.500,Idle,4.09,8.04,368.66,4551.00,11499.37,234.13,,0,100,39.00,-65,4417990,-287169.35,4,fused
204871,000000204871.jpg,612x612,1,0.679776,1,1,TP,yolov8l_bsz4.ms,163.25,131.25,294.50,0.500,Idle,4.31,7.35,369.72,4551.00,11499.37,232.10,,0,100,39.00,-121,4416236,-534364.56,4,fused
495054,000000495054.jpg,640x433,1,0.679425,0,0,FP,yolov8l_bsz4.ms,163.25,131.25,294.50,0.500,Idle,4.31,7.35,369.72,4551.00,11499.37,232.10,,0,100,39.00,-121,4416236,-534364.56,4,fused
505565,000000505565.jpg,640x424,1,0.679313,0,0,FP,yolov8l_bsz4.ms,163.25,131.25,294.50,0.500,Idle,4.31,7.35,369.72,4551.00,11499.37,232.10,,0,100,39.00,-121,4416236,-534364.56,4,fused
318238,000000318238.jpg,478x640,1,0.679085,0,0,FP,yolov8l_bsz4.ms,163.25,131.25,294.50,0.500,Idle,4.31,7.35,369.72,4551.00,11499.37,232.10,,0,100,39.00,-121,4416236,-534364.56,4,fused
435880,000000435880.jpg,640x480,1,0.678744,0,0,FP,yolov8l_bsz4.ms,159.25,118.50,277.75,0.500,Idle,4.26,7.35,368.73,4552.00,11499.37,232.18,,0,100,39.00,-66,4418004,-291588.26,4,fused
332455,000000332455.jpg,425x640,1,0.678532,0,0,FP,yolov8l_bsz4.ms,159.25,118.50,277.75,0.500,Idle,4.26,7.35,368.73,4552.00,11499.37,232.18,,0,100,39.00,-66,4418004,-291588.26,4,fused
555705,000000555705.jpg,640x371,1,0.678038,0,0,FP,yolov8l_bsz4.ms,159.25,118.50,277.75,0.500,Idle,4.26,7.35,368.73,4552.00,11499.37,232.18,,0,100,39.00,-66,4418004,-291588.26,4,fused
132587,000000132587.jpg,640x425,1,0.677424,1,1,TP,yolov8l_bsz4.ms,159.25,118.50,277.75,0.500,Idle,4.26,7.35,368.73,4552.00,11499.37,232.18,,0,100,39.00,-66,4418004,-291588.26,4,fused
476258,000000476258.jpg,640x367,1,0.677356,1,1,TP,yolov8l_bsz4.ms,164.25,110.25,274.50,0.500,Idle,4.29,8.23,369.59,4551.00,11499.37,230.05,,0,100,39.00,-62,4418149,-273925.24,4,fused
50844,000000050844.jpg,334x500,1,0.677241,0,0,FP,yolov8l_bsz4.ms,164.25,110.25,274.50,0.500,Idle,4.29,8.23,369.59,4551.00,11499.37,230.05,,0,100,39.00,-62,4418149,-273925.24,4,fused
393838,000000393838.jpg,640x427,1,0.676786,0,0,FP,yolov8l_bsz4.ms,164.25,110.25,274.50,0.500,Idle,4.29,8.23,369.59,4551.00,11499.37,230.05,,0,100,39.00,-62,4418149,-273925.24,4,fused
287874,000000287874.jpg,640x434,1,0.676694,1,1,TP,yolov8l_bsz4.ms,164.25,110.25,274.50,0.500,Idle,4.29,8.23,369.59,4551.00,11499.37,230.05,,0,100,39.00,-62,4418149,-273925.24,4,fused
43737,000000043737.jpg,480x640,1,0.675861,0,0,FP,yolov8l_bsz4.ms,163.50,117.00,280.50,0.500,Idle,4.27,8.23,350.24,4570.00,11499.37,248.58,,0,100,39.00,-56,4418278,-247423.57,4,fused
31735,000000031735.jpg,640x480,1,0.674541,0,0,FP,yolov8l_bsz4.ms,163.50,117.00,280.50,0.500,Idle,4.27,8.23,350.24,4570.00,11499.37,248.58,,0,100,39.00,-56,4418278,-247423.57,4,fused
488673,000000488673.jpg,480x640,1,0.674462,1,1,TP,yolov8l_bsz4.ms,163.50,117.00,280.50,0.500,Idle,4.27,8.23,350.24,4570.00,11499.37,248.58,,0,100,39.00,-56,4418278,-247423.57,4,fused
22396,000000022396.jpg,640x495,1,0.674375,0,0,FP,yolov8l_bsz4.ms,163.50,117.00,280.50,0.500,Idle,4.27,8.23,350.24,4570.00,11499.37,248.58,,0,100,39.00,-56,4418278,-247423.57,4,fused
471789,000000471789.jpg,640x480,1,0.674121,1,1,TP,yolov8l_bsz4.ms,157.75,123.00,280.75,0.500,Idle,4.31,7.90,294.80,4624.00,11499.37,302.68,,0,100,39.00,-68,4418027,-300425.84,4,fused
331075,000000331075.jpg,640x606,1,0.674024,0,0,FP,yolov8l_bsz4.ms,157.75,123.00,280.75,0.500,Idle,4.31,7.90,294.80,4624.00,11499.37,302.68,,0,100,39.00,-68,4418027,-300425.84,4,fused
304180,000000304180.jpg,640x418,1,0.673842,1,1,TP,yolov8l_bsz4.ms,157.75,123.00,280.75,0.500,Idle,4.31,7.90,294.80,4624.00,11499.37,302.68,,0,100,39.00,-68,4418027,-300425.84,4,fused
507081,000000507081.jpg,640x640,1,0.673153,0,0,FP,yolov8l_bsz4.ms,157.75,123.00,280.75,0.500,Idle,4.31,7.90,294.80,4624.00,11499.37,302.68,,0,100,39.00,-68,4418027,-300425.84,4,fused
325031,000000325031.jpg,640x608,1,0.673084,1,1,TP,yolov8l_bsz4.ms,159.75,114.50,274.25,0.500,Idle,4.26,7.90,374.56,4546.00,11499.37,222.67,,0,100,39.00,-65,4418169,-287180.98,4,fused
525600,000000525600.jpg,640x326,1,0.672794,0,0,FP,yolov8l_bsz4.ms,159.75,114.50,274.25,0.500,Idle,4.26,7.90,374.56,4546.00,11499.37,222.67,,0,100,39.00,-65,4418169,-287180.98,4,fused
310862,000000310862.jpg,612x612,1,0.672781,1,1,TP,yolov8l_bsz4.ms,159.75,114.50,274.25,0.500,Idle,4.26,7.90,374.56,4546.00,11499.37,222.67,,0,100,39.00,-65,4418169,-287180.98,4,fused
524456,000000524456.jpg,640x480,1,0.672750,1,1,TP,yolov8l_bsz4.ms,159.75,114.50,274.25,0.500,Idle,4.26,7.90,374.56,4546.00,11499.37,222.67,,0,100,39.00,-65,4418169,-287180.98,4,fused
52007,000000052007.jpg,480x640,1,0.672520,1,1,TP,yolov8l_bsz4.ms,162.25,115.25,277.50,0.500,Idle,4.25,7.87,372.18,4548.00,11499.37,223.84,,0,100,39.00,-104,4417053,-459373.51,4,fused
80413,000000080413.jpg,640x480,1,0.671518,0,0,FP,yolov8l_bsz4.ms,162.25,115.25,277.50,0.500,Idle,4.25,7.87,372.18,4548.00,11499.37,223.84,,0,100,39.00,-104,4417053,-459373.51,4,fused
465129,000000465129.jpg,640x480,1,0.671144,1,1,TP,yolov8l_bsz4.ms,162.25,115.25,277.50,0.500,Idle,4.25,7.87,372.18,4548.00,11499.37,223.84,,0,100,39.00,-104,4417053,-459373.51,4,fused
33109,000000033109.jpg,640x480,1,0.670871,0,0,FP,yolov8l_bsz4.ms,162.25,115.25,277.50,0.500,Idle,4.25,7.87,372.18,4548.00,11499.37,223.84,,0,100,39.00,-104,4417053,-459373.51,4,fused
478393,000000478393.jpg,480x640,1,0.668623,0,0,FP,yolov8l_bsz4.ms,160.25,107.50,267.75,0.500,Idle,8.20,7.87,349.04,4570.00,11499.37,245.47,,0,100,39.00,-66,4418189,-291600.47,4,fused
282046,000000282046.jpg,500x298,1,0.668171,0,0,FP,yolov8l_bsz4.ms,160.25,107.50,267.75,0.500,Idle,8.20,7.87,349.04,4570.00,11499.37,245.47,,0,100,39.00,-66,4418189,-291600.47,4,fused
350023,000000350023.jpg,640x480,1,0.667472,1,1,TP,yolov8l_bsz4.ms,160.25,107.50,267.75,0.500,Idle,8.20,7.87,349.04,4570.00,11499.37,245.47,,0,100,39.00,-66,4418189,-291600.47,4,fused
166563,000000166563.jpg,640x408,1,0.667378,0,0,FP,yolov8l_bsz4.ms,160.25,107.50,267.75,0.500,Idle,8.20,7.87,349.04,4570.00,11499.37,245.47,,0,100,39.00,-66,4418189,-291600.47,4,fused
296231,000000296231.jpg,640x480,1,0.666761,1,1,TP,yolov8l_bsz4.ms,156.75,125.25,282.00,0.500,Idle,5.25,6.72,295.69,4624.00,11499.37,298.39,,0,100,39.00,-108,4416907,-477025.96,4,fused
393469,000000393469.jpg,480x640,1,0.666225,1,1,TP,yolov8l_bsz4.ms,156.75,125.25,282.00,0.500,Idle,5.25,6.72,295.69,4624.00,11499.37,298.39,,0,100,39.00,-108,4416907,-477025.96,4,fused
460967,000000460967.jpg,604x640,1,0.666096,1,1,TP,yolov8l_bsz4.ms,156.75,125.25,282.00,0.500,Idle,5.25,6.72,295.69,4624.00,11499.37,298.39,,0,100,39.00,-108,4416907,-477025.96,4,fused
216636,000000216636.jpg,640x427,1,0.665532,0,0,FP,yolov8l_bsz4.ms,156.75,125.25,282.00,0.500,Idle,5.25,6.72,295.69,4624.00,11499.37,298.39,,0,100,39.00,-108,4416907,-477025.96,4,fused
335529,000000335529.jpg,640x480,1,0.664769,0,0,FP,yolov8l_bsz4.ms,159.50,110.50,270.00,0.500,Idle,4.71,6.72,372.08,4547.00,11499.37,221.10,,0,100,39.00,-67,4418094,-296012.30,4,fused
91495,000000091495.jpg,640x447,1,0.663029,1,1,TP,yolov8l_bsz4.ms,159.50,110.50,270.00,0.500,Idle,4.71,6.72,372.08,4547.00,11499.37,221.10,,0,100,39.00,-67,4418094,-296012.30,4,fused
227511,000000227511.jpg,500x375,1,0.662505,0,0,FP,yolov8l_bsz4.ms,159.50,110.50,270.00,0.500,Idle,4.71,6.72,372.08,4547.00,11499.37,221.10,,0,100,39.00,-67,4418094,-296012.30,4,fused
110282,000000110282.jpg,640x418,1,0.662001,0,0,FP,yolov8l_bsz4.ms,159.50,110.50,270.00,0.500,Idle,4.71,6.72,372.08,4547.00,11499.37,221.10,,0,100,39.00,-67,4418094,-296012.30,4,fused
357238,000000357238.jpg,427x640,1,0.661874,1,1,TP,yolov8l_bsz4.ms,157.00,117.75,274.75,0.500,Idle,4.69,7.41,370.46,4548.00,11499.37,221.70,,0,100,39.00,-112,4416841,-494686.19,4,fused
48924,000000048924.jpg,640x425,1,0.660460,0,0,FP,yolov8l_bsz4.ms,157.00,117.75,274.75,0.500,Idle,4.69,7.41,370.46,4548.00,11499.37,221.70,,0,100,39.00,-112,4416841,-494686.19,4,fused
185472,000000185472.jpg,640x480,1,0.660267,1,1,TP,yolov8l_bsz4.ms,157.00,117.75,274.75,0.500,Idle,4.69,7.41,370.46,4548.00,11499.37,221.70,,0,100,39.00,-112,4416841,-494686.19,4,fused
274687,000000274687.jpg,640x480,1,0.659808,0,0,FP,yolov8l_bsz4.ms,157.00,117.75,274.75,0.500,Idle,4.69,7.41,370.46,4548.00,11499.37,221.70,,0,100,39.00,-112,4416841,-494686.19,4,fused
161044,000000161044.jpg,640x229,1,0.659803,0,0,FP,yolov8l_bsz4.ms,158.75,119.50,278.25,0.500,Idle,4.64,7.41,353.52,4572.00,11499.37,256.10,,0,100,39.00,-67,4418055,-296009.68,4,fused
366884,000000366884.jpg,640x480,1,0.658472,1,1,TP,yolov8l_bsz4.ms,158.75,119.50,278.25,0.500,Idle,4.64,7.41,353.52,4572.00,11499.37,256.10,,0,100,39.00,-67,4418055,-296009.68,4,fused
156372,000000156372.jpg,335x500,1,0.658358,0,0,FP,yolov8l_bsz4.ms,158.75,119.50,278.25,0.500,Idle,4.64,7.41,353.52,4572.00,11499.37,256.10,,0,100,39.00,-67,4418055,-296009.68,4,fused
581357,000000581357.jpg,612x612,1,0.658239,1,1,TP,yolov8l_bsz4.ms,158.75,119.50,278.25,0.500,Idle,4.64,7.41,353.52,4572.00,11499.37,256.10,,0,100,39.00,-67,4418055,-296009.68,4,fused
16451,000000016451.jpg,612x612,1,0.658122,1,1,TP,yolov8l_bsz4.ms,162.00,135.50,297.50,0.500,Idle,4.72,7.76,297.19,4630.00,11499.37,312.94,,0,100,39.00,-64,4418056,-282755.58,4,fused
166426,000000166426.jpg,587x640,1,0.657989,0,0,FP,yolov8l_bsz4.ms,162.00,135.50,297.50,0.500,Idle,4.72,7.76,297.19,4630.00,11499.37,312.94,,0,100,39.00,-64,4418056,-282755.58,4,fused
263966,000000263966.jpg,640x424,1,0.657365,1,1,TP,yolov8l_bsz4.ms,162.00,135.50,297.50,0.500,Idle,4.72,7.76,297.19,4630.00,11499.37,312.94,,0,100,39.00,-64,4418056,-282755.58,4,fused
279145,000000279145.jpg,640x480,1,0.657173,0,0,FP,yolov8l_bsz4.ms,162.00,135.50,297.50,0.500,Idle,4.72,7.76,297.19,4630.00,11499.37,312.94,,0,100,39.00,-64,4418056,-282755.58,4,fused
230993,000000230993.jpg,640x408,1,0.656926,1,1,TP,yolov8l_bsz4.ms,157.50,115.50,273.00,0.500,Idle,4.70,7.76,376.71,4550.00,11499.37,231.55,,0,100,39.00,-69,4418151,-304852.42,4,fused
183709,000000183709.jpg,480x640,1,0.656836,1,1,TP,yolov8l_bsz4.ms,157.50,115.50,273.00,0.500,Idle,4.70,7.76,376.71,4550.00,11499.37,231.55,,0,100,39.00,-69,4418151,-304852.42,4,fused
324818,000000324818.jpg,640x426,1,0.655929,0,0,FP,yolov8l_bsz4.ms,157.50,115.50,273.00,0.500,Idle,4.70,7.76,376.71,4550.00,11499.37,231.55,,0,100,39.00,-69,4418151,-304852.42,4,fused
295231,000000295231.jpg,480x640,1,0.655749,0,0,FP,yolov8l_bsz4.ms,157.50,115.50,273.00,0.500,Idle,4.70,7.76,376.71,4550.00,11499.37,231.55,,0,100,39.00,-69,4418151,-304852.42,4,fused
377946,000000377946.jpg,640x426,1,0.654857,1,1,TP,yolov8l_bsz4.ms,168.50,97.00,265.50,0.500,Idle,4.62,7.93,374.83,4548.00,11499.37,228.63,,0,100,39.00,-70,4418037,-309262.59,4,fused
384513,000000384513.jpg,640x480,1,0.654663,0,0,FP,yolov8l_bsz4.ms,168.50,97.00,265.50,0.500,Idle,4.62,7.93,374.83,4548.00,11499.37,228.63,,0,100,39.00,-70,4418037,-309262.59,4,fused
137950,000000137950.jpg,640x415,1,0.654642,0,0,FP,yolov8l_bsz4.ms,168.50,97.00,265.50,0.500,Idle,4.62,7.93,374.83,4548.00,11499.37,228.63,,0,100,39.00,-70,4418037,-309262.59,4,fused
379800,000000379800.jpg,640x493,1,0.654369,0,0,FP,yolov8l_bsz4.ms,168.50,97.00,265.50,0.500,Idle,4.62,7.93,374.83,4548.00,11499.37,228.63,,0,100,39.00,-70,4418037,-309262.59,4,fused
361268,000000361268.jpg,640x480,1,0.654190,0,0,FP,yolov8l_bsz4.ms,164.00,96.50,260.50,0.500,Idle,4.57,7.93,352.43,4512.00,11499.37,233.57,,0,100,39.00,-122,4416204,-538776.89,4,fused
356387,000000356387.jpg,500x335,1,0.653958,1,1,TP,yolov8l_bsz4.ms,164.00,96.50,260.50,0.500,Idle,4.57,7.93,352.43,4512.00,11499.37,233.57,,0,100,39.00,-122,4416204,-538776.89,4,fused
117719,000000117719.jpg,640x425,1,0.653814,1,1,TP,yolov8l_bsz4.ms,164.00,96.50,260.50,0.500,Idle,4.57,7.93,352.43,4512.00,11499.37,233.57,,0,100,39.00,-122,4416204,-538776.89,4,fused
171611,000000171611.jpg,640x443,1,0.653439,1,1,TP,yolov8l_bsz4.ms,164.00,96.50,260.50,0.500,Idle,4.57,7.93,352.43,4512.00,11499.37,233.57,,0,100,39.00,-122,4416204,-538776.89,4,fused
163314,000000163314.jpg,500x331,1,0.653338,1,1,TP,yolov8l_bsz4.ms,168.75,100.25,269.00,0.500,Idle,4.97,11.08,297.19,4566.00,11499.37,280.18,,0,100,39.00,-78,4417676,-344578.73,4,fused
140286,000000140286.jpg,640x521,1,0.652846,1,1,TP,yolov8l_bsz4.ms,168.75,100.25,269.00,0.500,Idle,4.97,11.08,297.19,4566.00,11499.37,280.18,,0,100,39.00,-78,4417676,-344578.73,4,fused
163117,000000163117.jpg,376x500,1,0.652139,1,1,TP,yolov8l_bsz4.ms,168.75,100.25,269.00,0.500,Idle,4.97,11.08,297.19,4566.00,11499.37,280.18,,0,100,39.00,-78,4417676,-344578.73,4,fused
402774,000000402774.jpg,425x640,1,0.651007,1,1,TP,yolov8l_bsz4.ms,168.75,100.25,269.00,0.500,Idle,4.97,11.08,297.19,4566.00,11499.37,280.18,,0,100,39.00,-78,4417676,-344578.73,4,fused
38048,000000038048.jpg,299x500,1,0.650883,1,1,TP,yolov8l_bsz4.ms,161.25,115.75,277.00,0.500,Idle,4.33,11.08,375.53,4519.00,11499.37,226.77,,0,100,39.00,-86,4417459,-379901.47,4,fused
41633,000000041633.jpg,640x429,1,0.650398,0,0,FP,yolov8l_bsz4.ms,161.25,115.75,277.00,0.500,Idle,4.33,11.08,375.53,4519.00,11499.37,226.77,,0,100,39.00,-86,4417459,-379901.47,4,fused
539445,000000539445.jpg,612x612,1,0.650168,0,0,FP,yolov8l_bsz4.ms,161.25,115.75,277.00,0.500,Idle,4.33,11.08,375.53,4519.00,11499.37,226.77,,0,100,39.00,-86,4417459,-379901.47,4,fused
74733,000000074733.jpg,612x612,1,0.650118,1,1,TP,yolov8l_bsz4.ms,161.25,115.75,277.00,0.500,Idle,4.33,11.08,375.53,4519.00,11499.37,226.77,,0,100,39.00,-86,4417459,-379901.47,4,fused
297022,000000297022.jpg,640x504,1,0.649935,1,1,TP,yolov8l_bsz4.ms,167.75,98.75,266.50,0.500,Idle,4.09,13.25,374.74,4516.00,11499.37,217.23,,0,100,39.00,-79,4417545,-348986.05,4,fused
267191,000000267191.jpg,640x480,1,0.649544,1,1,TP,yolov8l_bsz4.ms,167.75,98.75,266.50,0.500,Idle,4.09,13.25,374.74,4516.00,11499.37,217.23,,0,100,39.00,-79,4417545,-348986.05,4,fused
50679,000000050679.jpg,640x427,1,0.648795,0,0,FP,yolov8l_bsz4.ms,167.75,98.75,266.50,0.500,Idle,4.09,13.25,374.74,4516.00,11499.37,217.23,,0,100,39.00,-79,4417545,-348986.05,4,fused
350405,000000350405.jpg,500x333,1,0.648426,1,1,TP,yolov8l_bsz4.ms,167.75,98.75,266.50,0.500,Idle,4.09,13.25,374.74,4516.00,11499.37,217.23,,0,100,39.00,-79,4417545,-348986.05,4,fused
391648,000000391648.jpg,480x640,1,0.648415,0,0,FP,yolov8l_bsz4.ms,168.00,90.50,258.50,0.500,Idle,4.00,13.25,352.46,4538.00,11499.37,233.02,,0,100,39.00,-76,4417721,-335746.80,4,fused
395633,000000395633.jpg,640x480,1,0.648353,1,1,TP,yolov8l_bsz4.ms,168.00,90.50,258.50,0.500,Idle,4.00,13.25,352.46,4538.00,11499.37,233.02,,0,100,39.00,-76,4417721,-335746.80,4,fused
356094,000000356094.jpg,640x389,1,0.648300,1,1,TP,yolov8l_bsz4.ms,168.00,90.50,258.50,0.500,Idle,4.00,13.25,352.46,4538.00,11499.37,233.02,,0,100,39.00,-76,4417721,-335746.80,4,fused
334977,000000334977.jpg,640x320,1,0.648153,0,0,FP,yolov8l_bsz4.ms,168.00,90.50,258.50,0.500,Idle,4.00,13.25,352.46,4538.00,11499.37,233.02,,0,100,39.00,-76,4417721,-335746.80,4,fused
205289,000000205289.jpg,640x451,1,0.647772,1,1,TP,yolov8l_bsz4.ms,170.00,99.50,269.50,0.500,Idle,3.97,13.29,297.61,4623.00,11499.37,311.99,,0,100,39.00,-85,4417315,-375471.78,4,fused
423519,000000423519.jpg,460x640,1,0.647482,0,0,FP,yolov8l_bsz4.ms,170.00,99.50,269.50,0.500,Idle,3.97,13.29,297.61,4623.00,11499.37,311.99,,0,100,39.00,-85,4417315,-375471.78,4,fused
270908,000000270908.jpg,500x299,1,0.647047,1,1,TP,yolov8l_bsz4.ms,170.00,99.50,269.50,0.500,Idle,3.97,13.29,297.61,4623.00,11499.37,311.99,,0,100,39.00,-85,4417315,-375471.78,4,fused
455716,000000455716.jpg,640x433,1,0.646299,0,0,FP,yolov8l_bsz4.ms,170.00,99.50,269.50,0.500,Idle,3.97,13.29,297.61,4623.00,11499.37,311.99,,0,100,39.00,-85,4417315,-375471.78,4,fused
477623,000000477623.jpg,640x480,1,0.645468,0,0,FP,yolov8l_bsz4.ms,167.00,107.75,274.75,0.500,Idle,3.89,13.29,375.54,4548.00,11499.37,236.78,,0,100,39.00,-78,4417731,-344583.02,4,fused
424349,000000424349.jpg,640x426,1,0.644424,1,1,TP,yolov8l_bsz4.ms,167.00,107.75,274.75,0.500,Idle,3.89,13.29,375.54,4548.00,11499.37,236.78,,0,100,39.00,-78,4417731,-344583.02,4,fused
362434,000000362434.jpg,500x375,1,0.643597,0,0,FP,yolov8l_bsz4.ms,167.00,107.75,274.75,0.500,Idle,3.89,13.29,375.54,4548.00,11499.37,236.78,,0,100,39.00,-78,4417731,-344583.02,4,fused
561465,000000561465.jpg,612x612,1,0.643130,0,0,FP,yolov8l_bsz4.ms,167.00,107.75,274.75,0.500,Idle,3.89,13.29,375.54,4548.00,11499.37,236.78,,0,100,39.00,-78,4417731,-344583.02,4,fused
154000,000000154000.jpg,640x480,1,0.642756,0,0,FP,yolov8l_bsz4.ms,167.25,103.50,270.75,0.500,Idle,3.88,13.35,371.21,4552.00,11499.37,240.35,,0,100,39.00,-70,4417926,-309254.82,4,fused
359219,000000359219.jpg,640x480,1,0.642462,0,0,FP,yolov8l_bsz4.ms,167.25,103.50,270.75,0.500,Idle,3.88,13.35,371.21,4552.00,11499.37,240.35,,0,100,39.00,-70,4417926,-309254.82,4,fused
251119,000000251119.jpg,500x375,1,0.642223,0,0,FP,yolov8l_bsz4.ms,167.25,103.50,270.75,0.500,Idle,3.88,13.35,371.21,4552.00,11499.37,240.35,,0,100,39.00,-70,4417926,-309254.82,4,fused
100283,000000100283.jpg,640x480,1,0.641842,0,0,FP,yolov8l_bsz4.ms,167.25,103.50,270.75,0.500,Idle,3.88,13.35,371.21,4552.00,11499.37,240.35,,0,100,39.00,-70,4417926,-309254.82,4,fused
453708,000000453708.jpg,640x427,1,0.641254,1,1,TP,yolov8l_bsz4.ms,164.75,110.00,274.75,0.500,Idle,3.91,13.35,350.92,4572.00,11499.37,258.39,,0,100,39.00,-125,4416079,-552009.88,4,fused
724,000000000724.jpg,375x500,1,0.640654,0,0,FP,yolov8l_bsz4.ms,164.75,110.00,274.75,0.500,Idle,3.91,13.35,350.92,4572.00,11499.37,258.39,,0,100,39.00,-125,4416079,-552009.88,4,fused
23023,000000023023.jpg,612x612,1,0.640523,0,0,FP,yolov8l_bsz4.ms,164.75,110.00,274.75,0.500,Idle,3.91,13.35,350.92,4572.00,11499.37,258.39,,0,100,39.00,-125,4416079,-552009.88,4,fused
368212,000000368212.jpg,478x640,1,0.640413,1,1,TP,yolov8l_bsz4.ms,164.75,110.00,274.75,0.500,Idle,3.91,13.35,350.92,4572.00,11499.37,258.39,,0,100,39.00,-125,4416079,-552009.88,4,fused
188689,000000188689.jpg,333x500,1,0.640281,0,0,FP,yolov8l_bsz4.ms,169.00,96.25,265.25,0.500,Idle,3.89,14.33,295.12,4623.00,11499.37,307.90,,0,100,39.00,-179,4413916,-790090.96,4,fused
344888,000000344888.jpg,640x416,1,0.640026,0,0,FP,yolov8l_bsz4.ms,169.00,96.25,265.25,0.500,Idle,3.89,14.33,295.12,4623.00,11499.37,307.90,,0,100,39.00,-179,4413916,-790090.96,4,fused
262938,000000262938.jpg,640x480,1,0.639299,0,0,FP,yolov8l_bsz4.ms,169.00,96.25,265.25,0.500,Idle,3.89,14.33,295.12,4623.00,11499.37,307.90,,0,100,39.00,-179,4413916,-790090.96,4,fused
365655,000000365655.jpg,640x427,1,0.639130,1,1,TP,yolov8l_bsz4.ms,169.00,96.25,265.25,0.500,Idle,3.89,14.33,295.12,4623.00,11499.37,307.90,,0,100,39.00,-179,4413916,-790090.96,4,fused
509131,000000509131.jpg,640x425,1,0.638338,0,0,FP,yolov8l_bsz4.ms,171.00,98.00,269.00,0.500,Idle,3.84,14.33,374.07,4550.00,11499.37,265.48,,0,100,39.00,-118,4415807,-521065.23,4,fused
515577,000000515577.jpg,500x334,1,0.638199,1,1,TP,yolov8l_bsz4.ms,171.00,98.00,269.00,0.500,Idle,3.84,14.33,374.07,4550.00,11499.37,265.48,,0,100,39.00,-118,4415807,-521065.23,4,fused
147338,000000147338.jpg,480x640,1,0.638025,0,0,FP,yolov8l_bsz4.ms,171.00,98.00,269.00,0.500,Idle,3.84,14.33,374.07,4550.00,11499.37,265.48,,0,100,39.00,-118,4415807,-521065.23,4,fused
257169,000000257169.jpg,480x640,1,0.637956,1,1,TP,yolov8l_bsz4.ms,171.00,98.00,269.00,0.500,Idle,3.84,14.33,374.07,4550.00,11499.37,265.48,,0,100,39.00,-118,4415807,-521065.23,4,fused
127624,000000127624.jpg,612x612,1,0.637587,0,0,FP,yolov8l_bsz4.ms,170.50,107.75,278.25,0.500,Idle,3.76,15.44,371.69,4551.00,11499.37,266.41,,0,100,39.00,-67,4417750,-295989.25,4,fused
56344,000000056344.jpg,640x480,1,0.636810,0,0,FP,yolov8l_bsz4.ms,170.50,107.75,278.25,0.500,Idle,3.76,15.44,371.69,4551.00,11499.37,266.41,,0,100,39.00,-67,4417750,-295989.25,4,fused
573008,000000573008.jpg,640x480,1,0.636364,0,0,FP,yolov8l_bsz4.ms,170.50,107.75,278.25,0.500,Idle,3.76,15.44,371.69,4551.00,11499.37,266.41,,0,100,39.00,-67,4417750,-295989.25,4,fused
284725,000000284725.jpg,640x427,1,0.635488,1,1,TP,yolov8l_bsz4.ms,170.50,107.75,278.25,0.500,Idle,3.76,15.44,371.69,4551.00,11499.37,266.41,,0,100,39.00,-67,4417750,-295989.25,4,fused
389315,000000389315.jpg,640x640,1,0.635462,0,0,FP,yolov8l_bsz4.ms,170.00,107.00,277.00,0.500,Idle,3.82,15.44,352.99,4570.00,11499.37,283.86,,0,100,39.00,-67,4417830,-295994.61,4,fused
241677,000000241677.jpg,640x480,1,0.635403,1,1,TP,yolov8l_bsz4.ms,170.00,107.00,277.00,0.500,Idle,3.82,15.44,352.99,4570.00,11499.37,283.86,,0,100,39.00,-67,4417830,-295994.61,4,fused
361621,000000361621.jpg,640x427,1,0.635066,0,0,FP,yolov8l_bsz4.ms,170.00,107.00,277.00,0.500,Idle,3.82,15.44,352.99,4570.00,11499.37,283.86,,0,100,39.00,-67,4417830,-295994.61,4,fused
226154,000000226154.jpg,640x507,1,0.635056,1,1,TP,yolov8l_bsz4.ms,170.00,107.00,277.00,0.500,Idle,3.82,15.44,352.99,4570.00,11499.37,283.86,,0,100,39.00,-67,4417830,-295994.61,4,fused
152120,000000152120.jpg,640x427,1,0.634705,1,1,TP,yolov8l_bsz4.ms,170.00,102.25,272.25,0.500,Idle,3.81,14.67,296.13,4628.00,11499.37,339.92,,0,100,39.00,-67,4417780,-295991.26,4,fused
172856,000000172856.jpg,640x480,1,0.634488,0,0,FP,yolov8l_bsz4.ms,170.00,102.25,272.25,0.500,Idle,3.81,14.67,296.13,4628.00,11499.37,339.92,,0,100,39.00,-67,4417780,-295991.26,4,fused
208423,000000208423.jpg,640x480,1,0.634106,1,1,TP,yolov8l_bsz4.ms,170.00,102.25,272.25,0.500,Idle,3.81,14.67,296.13,4628.00,11499.37,339.92,,0,100,39.00,-67,4417780,-295991.26,4,fused
230450,000000230450.jpg,640x480,1,0.633932,0,0,FP,yolov8l_bsz4.ms,170.00,102.25,272.25,0.500,Idle,3.81,14.67,296.13,4628.00,11499.37,339.92,,0,100,39.00,-67,4417780,-295991.26,4,fused
480944,000000480944.jpg,480x640,1,0.632492,0,0,FP,yolov8l_bsz4.ms,171.00,99.25,270.25,0.500,Idle,3.73,14.67,374.26,4550.00,11499.37,260.93,,0,100,39.00,-69,4417802,-304828.34,4,fused
426795,000000426795.jpg,640x480,1,0.632023,1,1,TP,yolov8l_bsz4.ms,171.00,99.25,270.25,0.500,Idle,3.73,14.67,374.26,4550.00,11499.37,260.93,,0,100,39.00,-69,4417802,-304828.34,4,fused
451308,000000451308.jpg,441x640,1,0.631805,0,0,FP,yolov8l_bsz4.ms,171.00,99.25,270.25,0.500,Idle,3.73,14.67,374.26,4550.00,11499.37,260.93,,0,100,39.00,-69,4417802,-304828.34,4,fused
301981,000000301981.jpg,640x480,1,0.631237,0,0,FP,yolov8l_bsz4.ms,171.00,99.25,270.25,0.500,Idle,3.73,14.67,374.26,4550.00,11499.37,260.93,,0,100,39.00,-69,4417802,-304828.34,4,fused
348488,000000348488.jpg,640x480,1,0.630474,0,0,FP,yolov8l_bsz4.ms,171.75,93.75,265.50,0.500,Idle,3.71,14.34,370.17,4553.00,11499.37,263.90,,0,100,39.00,-69,4417809,-304828.82,4,fused
345261,000000345261.jpg,585x640,1,0.630366,0,0,FP,yolov8l_bsz4.ms,171.75,93.75,265.50,0.500,Idle,3.71,14.34,370.17,4553.00,11499.37,263.90,,0,100,39.00,-69,4417809,-304828.82,4,fused
368038,000000368038.jpg,640x317,1,0.629788,0,0,FP,yolov8l_bsz4.ms,171.75,93.75,265.50,0.500,Idle,3.71,14.34,370.17,4553.00,11499.37,263.90,,0,100,39.00,-69,4417809,-304828.82,4,fused
18833,000000018833.jpg,640x426,1,0.629769,0,0,FP,yolov8l_bsz4.ms,171.75,93.75,265.50,0.500,Idle,3.71,14.34,370.17,4553.00,11499.37,263.90,,0,100,39.00,-69,4417809,-304828.82,4,fused
51326,000000051326.jpg,640x427,1,0.629735,0,0,FP,yolov8l_bsz4.ms,171.25,98.00,269.25,0.500,Idle,3.75,14.34,351.15,4572.00,11499.37,281.62,,0,100,39.00,-62,4417936,-273912.03,4,fused
530162,000000530162.jpg,640x427,1,0.629602,1,1,TP,yolov8l_bsz4.ms,171.25,98.00,269.25,0.500,Idle,3.75,14.34,351.15,4572.00,11499.37,281.62,,0,100,39.00,-62,4417936,-273912.03,4,fused
180383,000000180383.jpg,640x480,1,0.629437,1,1,TP,yolov8l_bsz4.ms,171.25,98.00,269.25,0.500,Idle,3.75,14.34,351.15,4572.00,11499.37,281.62,,0,100,39.00,-62,4417936,-273912.03,4,fused
491470,000000491470.jpg,375x500,1,0.628284,0,0,FP,yolov8l_bsz4.ms,171.25,98.00,269.25,0.500,Idle,3.75,14.34,351.15,4572.00,11499.37,281.62,,0,100,39.00,-62,4417936,-273912.03,4,fused
553776,000000553776.jpg,640x489,1,0.627800,1,1,TP,yolov8l_bsz4.ms,170.00,98.00,268.00,0.500,Idle,3.73,14.15,297.17,4626.00,11499.37,334.81,,0,100,39.00,-73,4417645,-322488.09,4,fused
15746,000000015746.jpg,427x640,1,0.627776,0,0,FP,yolov8l_bsz4.ms,170.00,98.00,268.00,0.500,Idle,3.73,14.15,297.17,4626.00,11499.37,334.81,,0,100,39.00,-73,4417645,-322488.09,4,fused
438269,000000438269.jpg,429x640,1,0.626647,0,0,FP,yolov8l_bsz4.ms,170.00,98.00,268.00,0.500,Idle,3.73,14.15,297.17,4626.00,11499.37,334.81,,0,100,39.00,-73,4417645,-322488.09,4,fused
151662,000000151662.jpg,640x480,1,0.625551,0,0,FP,yolov8l_bsz4.ms,170.00,98.00,268.00,0.500,Idle,3.73,14.15,297.17,4626.00,11499.37,334.81,,0,100,39.00,-73,4417645,-322488.09,4,fused
27768,000000027768.jpg,612x612,1,0.625333,1,1,TP,yolov8l_bsz4.ms,170.25,108.50,278.75,0.500,Idle,8.59,14.15,374.08,4549.00,11499.37,256.80,,0,100,39.00,-71,4417755,-313660.60,4,fused
455352,000000455352.jpg,640x530,1,0.625328,0,0,FP,yolov8l_bsz4.ms,170.25,108.50,278.75,0.500,Idle,8.59,14.15,374.08,4549.00,11499.37,256.80,,0,100,39.00,-71,4417755,-313660.60,4,fused
506310,000000506310.jpg,640x425,1,0.625152,0,0,FP,yolov8l_bsz4.ms,170.25,108.50,278.75,0.500,Idle,8.59,14.15,374.08,4549.00,11499.37,256.80,,0,100,39.00,-71,4417755,-313660.60,4,fused
210032,000000210032.jpg,640x401,1,0.624596,1,1,TP,yolov8l_bsz4.ms,170.25,108.50,278.75,0.500,Idle,8.59,14.15,374.08,4549.00,11499.37,256.80,,0,100,39.00,-71,4417755,-313660.60,4,fused
531707,000000531707.jpg,640x480,1,0.624395,1,1,TP,yolov8l_bsz4.ms,171.00,105.75,276.75,0.500,Idle,4.34,12.50,370.69,4551.00,11499.37,259.17,,0,100,39.00,-65,4417866,-287161.29,4,fused
134886,000000134886.jpg,640x480,1,0.623784,1,1,TP,yolov8l_bsz4.ms,171.00,105.75,276.75,0.500,Idle,4.34,12.50,370.69,4551.00,11499.37,259.17,,0,100,39.00,-65,4417866,-287161.29,4,fused
526392,000000526392.jpg,500x333,1,0.623728,0,0,FP,yolov8l_bsz4.ms,171.00,105.75,276.75,0.500,Idle,4.34,12.50,370.69,4551.00,11499.37,259.17,,0,100,39.00,-65,4417866,-287161.29,4,fused
319607,000000319607.jpg,640x640,1,0.623286,1,1,TP,yolov8l_bsz4.ms,171.00,105.75,276.75,0.500,Idle,4.34,12.50,370.69,4551.00,11499.37,259.17,,0,100,39.00,-65,4417866,-287161.29,4,fused
341058,000000341058.jpg,359x640,1,0.623049,0,0,FP,yolov8l_bsz4.ms,170.00,98.75,268.75,0.500,Idle,4.08,12.50,352.29,4570.00,11499.37,276.52,,0,100,39.00,-63,4417995,-278333.68,4,fused
279887,000000279887.jpg,640x427,1,0.623046,0,0,FP,yolov8l_bsz4.ms,170.00,98.75,268.75,0.500,Idle,4.08,12.50,352.29,4570.00,11499.37,276.52,,0,100,39.00,-63,4417995,-278333.68,4,fused
494759,000000494759.jpg,640x480,1,0.622712,1,1,TP,yolov8l_bsz4.ms,170.00,98.75,268.75,0.500,Idle,4.08,12.50,352.29,4570.00,11499.37,276.52,,0,100,39.00,-63,4417995,-278333.68,4,fused
274272,000000274272.jpg,640x480,1,0.622596,1,1,TP,yolov8l_bsz4.ms,170.00,98.75,268.75,0.500,Idle,4.08,12.50,352.29,4570.00,11499.37,276.52,,0,100,39.00,-63,4417995,-278333.68,4,fused
367228,000000367228.jpg,333x500,1,0.622374,1,1,TP,yolov8l_bsz4.ms,170.00,107.25,277.25,0.500,Idle,4.00,13.41,299.40,4623.00,11499.37,328.49,,0,100,39.00,-65,4417920,-287164.80,4,fused
154947,000000154947.jpg,640x640,1,0.622368,0,0,FP,yolov8l_bsz4.ms,170.00,107.25,277.25,0.500,Idle,4.00,13.41,299.40,4623.00,11499.37,328.49,,0,100,39.00,-65,4417920,-287164.80,4,fused
478474,000000478474.jpg,480x640,1,0.622165,0,0,FP,yolov8l_bsz4.ms,170.00,107.25,277.25,0.500,Idle,4.00,13.41,299.40,4623.00,11499.37,328.49,,0,100,39.00,-65,4417920,-287164.80,4,fused
376284,000000376284.jpg,500x333,1,0.622088,0,0,FP,yolov8l_bsz4.ms,170.00,107.25,277.25,0.500,Idle,4.00,13.41,299.40,4623.00,11499.37,328.49,,0,100,39.00,-65,4417920,-287164.80,4,fused
50331,000000050331.jpg,640x480,1,0.622082,0,0,FP,yolov8l_bsz4.ms,165.25,134.25,299.50,0.500,Idle,4.00,13.41,372.44,4548.00,11499.37,253.60,,0,100,39.00,-111,4416375,-490217.63,4,fused
186929,000000186929.jpg,333x500,1,0.620995,0,0,FP,yolov8l_bsz4.ms,165.25,134.25,299.50,0.500,Idle,4.00,13.41,372.44,4548.00,11499.37,253.60,,0,100,39.00,-111,4416375,-490217.63,4,fused
367818,000000367818.jpg,640x427,1,0.620558,1,1,TP,yolov8l_bsz4.ms,165.25,134.25,299.50,0.500,Idle,4.00,13.41,372.44,4548.00,11499.37,253.60,,0,100,39.00,-111,4416375,-490217.63,4,fused
493772,000000493772.jpg,640x640,1,0.619774,1,1,TP,yolov8l_bsz4.ms,165.25,134.25,299.50,0.500,Idle,4.00,13.41,372.44,4548.00,11499.37,253.60,,0,100,39.00,-111,4416375,-490217.63,4,fused
23751,000000023751.jpg,430x640,1,0.619755,0,0,FP,yolov8l_bsz4.ms,165.50,113.00,278.50,0.500,Idle,4.07,11.44,371.36,4549.00,11499.37,253.31,,0,100,39.00,-111,4416586,-490241.05,4,fused
78420,000000078420.jpg,640x480,1,0.619400,0,0,FP,yolov8l_bsz4.ms,165.50,113.00,278.50,0.500,Idle,4.07,11.44,371.36,4549.00,11499.37,253.31,,0,100,39.00,-111,4416586,-490241.05,4,fused
179265,000000179265.jpg,640x426,1,0.619330,1,1,TP,yolov8l_bsz4.ms,165.50,113.00,278.50,0.500,Idle,4.07,11.44,371.36,4549.00,11499.37,253.31,,0,100,39.00,-111,4416586,-490241.05,4,fused
504000,000000504000.jpg,640x243,1,0.619011,1,1,TP,yolov8l_bsz4.ms,165.50,113.00,278.50,0.500,Idle,4.07,11.44,371.36,4549.00,11499.37,253.31,,0,100,39.00,-111,4416586,-490241.05,4,fused
155341,000000155341.jpg,640x480,1,0.618975,1,1,TP,yolov8l_bsz4.ms,165.00,117.75,282.75,0.500,Idle,4.10,11.44,350.70,4569.00,11499.37,273.47,,0,100,39.00,-64,4418061,-282755.90,4,fused
433774,000000433774.jpg,640x427,1,0.618288,0,0,FP,yolov8l_bsz4.ms,165.00,117.75,282.75,0.500,Idle,4.10,11.44,350.70,4569.00,11499.37,273.47,,0,100,39.00,-64,4418061,-282755.90,4,fused
534394,000000534394.jpg,640x359,1,0.616991,0,0,FP,yolov8l_bsz4.ms,165.00,117.75,282.75,0.500,Idle,4.10,11.44,350.70,4569.00,11499.37,273.47,,0,100,39.00,-64,4418061,-282755.90,4,fused
287527,000000287527.jpg,640x640,1,0.616745,1,1,TP,yolov8l_bsz4.ms,165.00,117.75,282.75,0.500,Idle,4.10,11.44,350.70,4569.00,11499.37,273.47,,0,100,39.00,-64,4418061,-282755.90,4,fused
12280,000000012280.jpg,480x640,1,0.616714,1,1,TP,yolov8l_bsz4.ms,162.25,114.00,276.25,0.500,Idle,4.10,10.49,297.27,4623.00,11499.37,325.70,,0,100,39.00,-112,4416626,-494662.11,4,fused
556873,000000556873.jpg,427x640,1,0.616482,0,0,FP,yolov8l_bsz4.ms,162.25,114.00,276.25,0.500,Idle,4.10,10.49,297.27,4623.00,11499.37,325.70,,0,100,39.00,-112,4416626,-494662.11,4,fused
65485,000000065485.jpg,640x364,1,0.616377,0,0,FP,yolov8l_bsz4.ms,162.25,114.00,276.25,0.500,Idle,4.10,10.49,297.27,4623.00,11499.37,325.70,,0,100,39.00,-112,4416626,-494662.11,4,fused
488664,000000488664.jpg,629x489,1,0.616033,0,0,FP,yolov8l_bsz4.ms,162.25,114.00,276.25,0.500,Idle,4.10,10.49,297.27,4623.00,11499.37,325.70,,0,100,39.00,-112,4416626,-494662.11,4,fused
494634,000000494634.jpg,640x480,1,0.615722,0,0,FP,yolov8l_bsz4.ms,162.00,90.25,252.25,0.500,Idle,4.06,10.49,373.76,4547.00,11499.37,248.77,,0,100,39.00,-278,4410887,-1226226.59,4,fused
532493,000000532493.jpg,640x408,1,0.615623,1,1,TP,yolov8l_bsz4.ms,162.00,90.25,252.25,0.500,Idle,4.06,10.49,373.76,4547.00,11499.37,248.77,,0,100,39.00,-278,4410887,-1226226.59,4,fused
371677,000000371677.jpg,640x480,1,0.615164,0,0,FP,yolov8l_bsz4.ms,162.00,90.25,252.25,0.500,Idle,4.06,10.49,373.76,4547.00,11499.37,248.77,,0,100,39.00,-278,4410887,-1226226.59,4,fused
11511,000000011511.jpg,640x464,1,0.614234,1,1,TP,yolov8l_bsz4.ms,162.00,90.25,252.25,0.500,Idle,4.06,10.49,373.76,4547.00,11499.37,248.77,,0,100,39.00,-278,4410887,-1226226.59,4,fused
51961,000000051961.jpg,427x640,1,0.614082,0,0,FP,yolov8l_bsz4.ms,164.00,95.25,259.25,0.500,Idle,5.33,11.43,373.49,4547.00,11499.37,247.50,,0,100,39.00,-182,4414272,-803397.50,4,fused
482978,000000482978.jpg,640x360,1,0.613493,0,0,FP,yolov8l_bsz4.ms,164.00,95.25,259.25,0.500,Idle,5.33,11.43,373.49,4547.00,11499.37,247.50,,0,100,39.00,-182,4414272,-803397.50,4,fused
112634,000000112634.jpg,640x443,1,0.612835,0,0,FP,yolov8l_bsz4.ms,164.00,95.25,259.25,0.500,Idle,5.33,11.43,373.49,4547.00,11499.37,247.50,,0,100,39.00,-182,4414272,-803397.50,4,fused
509719,000000509719.jpg,640x427,1,0.612634,0,0,FP,yolov8l_bsz4.ms,164.00,95.25,259.25,0.500,Idle,5.33,11.43,373.49,4547.00,11499.37,247.50,,0,100,39.00,-182,4414272,-803397.50,4,fused
153343,000000153343.jpg,640x480,1,0.612254,0,0,FP,yolov8l_bsz4.ms,167.50,105.75,273.25,0.500,Idle,4.64,11.43,351.39,4568.00,11499.37,268.19,,0,100,39.00,-223,4412617,-984013.59,4,fused
379441,000000379441.jpg,640x480,1,0.612105,0,0,FP,yolov8l_bsz4.ms,167.50,105.75,273.25,0.500,Idle,4.64,11.43,351.39,4568.00,11499.37,268.19,,0,100,39.00,-223,4412617,-984013.59,4,fused
508602,000000508602.jpg,500x429,1,0.612086,0,0,FP,yolov8l_bsz4.ms,167.50,105.75,273.25,0.500,Idle,4.64,11.43,351.39,4568.00,11499.37,268.19,,0,100,39.00,-223,4412617,-984013.59,4,fused
469246,000000469246.jpg,640x480,1,0.611314,1,1,TP,yolov8l_bsz4.ms,167.50,105.75,273.25,0.500,Idle,4.64,11.43,351.39,4568.00,11499.37,268.19,,0,100,39.00,-223,4412617,-984013.59,4,fused
407083,000000407083.jpg,480x640,1,0.611242,1,1,TP,yolov8l_bsz4.ms,165.75,114.25,280.00,0.500,Idle,4.46,8.55,294.73,4624.00,11499.37,322.16,,0,100,39.00,-118,4416237,-521115.97,4,fused
290768,000000290768.jpg,612x612,1,0.611119,0,0,FP,yolov8l_bsz4.ms,165.75,114.25,280.00,0.500,Idle,4.46,8.55,294.73,4624.00,11499.37,322.16,,0,100,39.00,-118,4416237,-521115.97,4,fused
343976,000000343976.jpg,500x375,1,0.609871,1,1,TP,yolov8l_bsz4.ms,165.75,114.25,280.00,0.500,Idle,4.46,8.55,294.73,4624.00,11499.37,322.16,,0,100,39.00,-118,4416237,-521115.97,4,fused
95707,000000095707.jpg,640x360,1,0.609793,0,0,FP,yolov8l_bsz4.ms,165.75,114.25,280.00,0.500,Idle,4.46,8.55,294.73,4624.00,11499.37,322.16,,0,100,39.00,-118,4416237,-521115.97,4,fused
513181,000000513181.jpg,640x423,1,0.609582,0,0,FP,yolov8l_bsz4.ms,163.00,124.75,287.75,0.500,Idle,4.36,8.55,373.70,4545.00,11499.37,241.98,,0,100,39.00,-71,4417663,-313654.07,4,fused
166277,000000166277.jpg,480x640,1,0.608622,0,0,FP,yolov8l_bsz4.ms,163.00,124.75,287.75,0.500,Idle,4.36,8.55,373.70,4545.00,11499.37,241.98,,0,100,39.00,-71,4417663,-313654.07,4,fused
560178,000000560178.jpg,640x480,1,0.608615,1,1,TP,yolov8l_bsz4.ms,163.00,124.75,287.75,0.500,Idle,4.36,8.55,373.70,4545.00,11499.37,241.98,,0,100,39.00,-71,4417663,-313654.07,4,fused
188439,000000188439.jpg,640x408,1,0.608281,1,1,TP,yolov8l_bsz4.ms,163.00,124.75,287.75,0.500,Idle,4.36,8.55,373.70,4545.00,11499.37,241.98,,0,100,39.00,-71,4417663,-313654.07,4,fused
7108,000000007108.jpg,640x426,1,0.607127,0,0,FP,yolov8l_bsz4.ms,171.75,102.25,274.00,0.500,Idle,4.33,9.51,373.75,4545.00,11499.37,241.20,,0,100,39.00,-252,4410722,-1111501.94,4,fused
554328,000000554328.jpg,640x499,1,0.606398,1,1,TP,yolov8l_bsz4.ms,171.75,102.25,274.00,0.500,Idle,4.33,9.51,373.75,4545.00,11499.37,241.20,,0,100,39.00,-252,4410722,-1111501.94,4,fused
209757,000000209757.jpg,426x640,1,0.606380,1,1,TP,yolov8l_bsz4.ms,171.75,102.25,274.00,0.500,Idle,4.33,9.51,373.75,4545.00,11499.37,241.20,,0,100,39.00,-252,4410722,-1111501.94,4,fused
234660,000000234660.jpg,640x480,1,0.606280,0,0,FP,yolov8l_bsz4.ms,171.75,102.25,274.00,0.500,Idle,4.33,9.51,373.75,4545.00,11499.37,241.20,,0,100,39.00,-252,4410722,-1111501.94,4,fused
41635,000000041635.jpg,640x480,1,0.605360,0,0,FP,yolov8l_bsz4.ms,171.25,113.50,284.75,0.500,Idle,4.29,9.51,354.83,4564.00,11499.37,259.24,,0,100,39.00,-293,4409508,-1291985.84,4,fused
121153,000000121153.jpg,640x480,1,0.604771,0,0,FP,yolov8l_bsz4.ms,171.25,113.50,284.75,0.500,Idle,4.29,9.51,354.83,4564.00,11499.37,259.24,,0,100,39.00,-293,4409508,-1291985.84,4,fused
261796,000000261796.jpg,523x640,1,0.604766,0,0,FP,yolov8l_bsz4.ms,171.25,113.50,284.75,0.500,Idle,4.29,9.51,354.83,4564.00,11499.37,259.24,,0,100,39.00,-293,4409508,-1291985.84,4,fused
19924,000000019924.jpg,458x500,1,0.604754,1,1,TP,yolov8l_bsz4.ms,171.25,113.50,284.75,0.500,Idle,4.29,9.51,354.83,4564.00,11499.37,259.24,,0,100,39.00,-293,4409508,-1291985.84,4,fused
456303,000000456303.jpg,321x500,1,0.603787,1,1,TP,yolov8l_bsz4.ms,164.25,107.25,271.50,0.500,Idle,4.23,9.14,295.90,4623.00,11499.37,317.45,,0,100,39.00,-103,4416117,-454860.05,4,fused
363784,000000363784.jpg,640x480,1,0.603476,0,0,FP,yolov8l_bsz4.ms,164.25,107.25,271.50,0.500,Idle,4.23,9.14,295.90,4623.00,11499.37,317.45,,0,100,39.00,-103,4416117,-454860.05,4,fused
231831,000000231831.jpg,481x640,1,0.603439,0,0,FP,yolov8l_bsz4.ms,164.25,107.25,271.50,0.500,Idle,4.23,9.14,295.90,4623.00,11499.37,317.45,,0,100,39.00,-103,4416117,-454860.05,4,fused
505573,000000505573.jpg,359x640,1,0.603413,0,0,FP,yolov8l_bsz4.ms,164.25,107.25,271.50,0.500,Idle,4.23,9.14,295.90,4623.00,11499.37,317.45,,0,100,39.00,-103,4416117,-454860.05,4,fused
405205,000000405205.jpg,550x410,1,0.602516,0,0,FP,yolov8l_bsz4.ms,170.50,116.00,286.50,0.500,Idle,4.21,9.14,373.98,4545.00,11499.37,237.67,,0,100,39.00,-232,4411789,-1023535.05,4,fused
404479,000000404479.jpg,640x427,1,0.602023,0,0,FP,yolov8l_bsz4.ms,170.50,116.00,286.50,0.500,Idle,4.21,9.14,373.98,4545.00,11499.37,237.67,,0,100,39.00,-232,4411789,-1023535.05,4,fused
289938,000000289938.jpg,640x426,1,0.601579,1,1,TP,yolov8l_bsz4.ms,170.50,116.00,286.50,0.500,Idle,4.21,9.14,373.98,4545.00,11499.37,237.67,,0,100,39.00,-232,4411789,-1023535.05,4,fused
471087,000000471087.jpg,409x500,1,0.600814,1,1,TP,yolov8l_bsz4.ms,170.50,116.00,286.50,0.500,Idle,4.21,9.14,373.98,4545.00,11499.37,237.67,,0,100,39.00,-232,4411789,-1023535.05,4,fused
410428,000000410428.jpg,640x427,1,0.600386,0,0,FP,yolov8l_bsz4.ms,164.75,133.00,297.75,0.500,Idle,4.25,9.05,372.88,4544.00,11499.37,237.59,,0,100,39.00,-67,4417441,-295968.55,4,fused
224200,000000224200.jpg,640x640,1,0.600370,0,0,FP,yolov8l_bsz4.ms,164.75,133.00,297.75,0.500,Idle,4.25,9.05,372.88,4544.00,11499.37,237.59,,0,100,39.00,-67,4417441,-295968.55,4,fused
178469,000000178469.jpg,640x427,1,0.599662,0,0,FP,yolov8l_bsz4.ms,164.75,133.00,297.75,0.500,Idle,4.25,9.05,372.88,4544.00,11499.37,237.59,,0,100,39.00,-67,4417441,-295968.55,4,fused
419098,000000419098.jpg,640x554,1,0.599481,0,0,FP,yolov8l_bsz4.ms,164.75,133.00,297.75,0.500,Idle,4.25,9.05,372.88,4544.00,11499.37,237.59,,0,100,39.00,-67,4417441,-295968.55,4,fused
437392,000000437392.jpg,480x640,1,0.599115,0,0,FP,yolov8l_bsz4.ms,164.00,110.00,274.00,0.500,Idle,3.85,9.05,369.71,4547.00,11499.37,239.12,,0,100,39.00,-63,4417585,-278307.85,4,fused
44652,000000044652.jpg,640x427,1,0.599103,0,0,FP,yolov8l_bsz4.ms,164.00,110.00,274.00,0.500,Idle,3.85,9.05,369.71,4547.00,11499.37,239.12,,0,100,39.00,-63,4417585,-278307.85,4,fused
134722,000000134722.jpg,640x480,1,0.599012,0,0,FP,yolov8l_bsz4.ms,164.00,110.00,274.00,0.500,Idle,3.85,9.05,369.71,4547.00,11499.37,239.12,,0,100,39.00,-63,4417585,-278307.85,4,fused
181499,000000181499.jpg,640x513,1,0.598246,1,1,TP,yolov8l_bsz4.ms,164.00,110.00,274.00,0.500,Idle,3.85,9.05,369.71,4547.00,11499.37,239.12,,0,100,39.00,-63,4417585,-278307.85,4,fused
283717,000000283717.jpg,640x480,1,0.598150,0,0,FP,yolov8l_bsz4.ms,162.25,114.75,277.00,0.500,Idle,4.14,7.68,370.49,4547.00,11499.37,237.44,,0,100,39.00,-59,4417765,-260648.14,4,fused
70774,000000070774.jpg,640x425,1,0.598107,0,0,FP,yolov8l_bsz4.ms,162.25,114.75,277.00,0.500,Idle,4.14,7.68,370.49,4547.00,11499.37,237.44,,0,100,39.00,-59,4417765,-260648.14,4,fused
466567,000000466567.jpg,480x640,1,0.596797,0,0,FP,yolov8l_bsz4.ms,162.25,114.75,277.00,0.500,Idle,4.14,7.68,370.49,4547.00,11499.37,237.44,,0,100,39.00,-59,4417765,-260648.14,4,fused
128112,000000128112.jpg,425x640,1,0.596388,1,1,TP,yolov8l_bsz4.ms,162.25,114.75,277.00,0.500,Idle,4.14,7.68,370.49,4547.00,11499.37,237.44,,0,100,39.00,-59,4417765,-260648.14,4,fused
42296,000000042296.jpg,640x425,1,0.596166,0,0,FP,yolov8l_bsz4.ms,166.75,108.50,275.25,0.500,Idle,4.18,7.68,370.37,4547.00,11499.37,236.53,,0,100,39.00,-66,4417637,-291564.04,4,fused
8899,000000008899.jpg,640x539,1,0.595897,0,0,FP,yolov8l_bsz4.ms,166.75,108.50,275.25,0.500,Idle,4.18,7.68,370.37,4547.00,11499.37,236.53,,0,100,39.00,-66,4417637,-291564.04,4,fused
190756,000000190756.jpg,640x480,1,0.595474,1,1,TP,yolov8l_bsz4.ms,166.75,108.50,275.25,0.500,Idle,4.18,7.68,370.37,4547.00,11499.37,236.53,,0,100,39.00,-66,4417637,-291564.04,4,fused
384527,000000384527.jpg,640x480,1,0.594982,0,0,FP,yolov8l_bsz4.ms,166.75,108.50,275.25,0.500,Idle,4.18,7.68,370.37,4547.00,11499.37,236.53,,0,100,39.00,-66,4417637,-291564.04,4,fused
527220,000000527220.jpg,500x169,1,0.594801,0,0,FP,yolov8l_bsz4.ms,167.00,101.25,268.25,0.500,Idle,4.21,8.44,369.90,4547.00,11499.37,236.09,,0,100,39.00,-62,4417805,-273903.91,4,fused
525083,000000525083.jpg,640x428,1,0.593315,0,0,FP,yolov8l_bsz4.ms,167.00,101.25,268.25,0.500,Idle,4.21,8.44,369.90,4547.00,11499.37,236.09,,0,100,39.00,-62,4417805,-273903.91,4,fused
571264,000000571264.jpg,640x426,1,0.592759,1,1,TP,yolov8l_bsz4.ms,167.00,101.25,268.25,0.500,Idle,4.21,8.44,369.90,4547.00,11499.37,236.09,,0,100,39.00,-62,4417805,-273903.91,4,fused
426372,000000426372.jpg,640x427,1,0.592235,0,0,FP,yolov8l_bsz4.ms,167.00,101.25,268.25,0.500,Idle,4.21,8.44,369.90,4547.00,11499.37,236.09,,0,100,39.00,-62,4417805,-273903.91,4,fused
145620,000000145620.jpg,640x436,1,0.591934,1,1,TP,yolov8l_bsz4.ms,164.25,111.50,275.75,0.500,Idle,4.22,8.44,350.26,4567.00,11499.37,254.48,,0,100,39.00,-61,4417952,-269495.07,4,fused
74200,000000074200.jpg,640x480,1,0.591823,1,1,TP,yolov8l_bsz4.ms,164.25,111.50,275.75,0.500,Idle,4.22,8.44,350.26,4567.00,11499.37,254.48,,0,100,39.00,-61,4417952,-269495.07,4,fused
263068,000000263068.jpg,330x500,1,0.591429,1,1,TP,yolov8l_bsz4.ms,164.25,111.50,275.75,0.500,Idle,4.22,8.44,350.26,4567.00,11499.37,254.48,,0,100,39.00,-61,4417952,-269495.07,4,fused
455872,000000455872.jpg,500x375,1,0.591126,0,0,FP,yolov8l_bsz4.ms,164.25,111.50,275.75,0.500,Idle,4.22,8.44,350.26,4567.00,11499.37,254.48,,0,100,39.00,-61,4417952,-269495.07,4,fused
32570,000000032570.jpg,640x427,1,0.590887,1,1,TP,yolov8l_bsz4.ms,163.00,120.75,283.75,0.500,Idle,4.30,8.06,296.13,4621.00,11499.37,307.86,,0,100,39.00,-63,4417794,-278321.02,4,fused
534664,000000534664.jpg,640x404,1,0.590872,0,0,FP,yolov8l_bsz4.ms,163.00,120.75,283.75,0.500,Idle,4.30,8.06,296.13,4621.00,11499.37,307.86,,0,100,39.00,-63,4417794,-278321.02,4,fused
66038,000000066038.jpg,640x480,1,0.589916,1,1,TP,yolov8l_bsz4.ms,163.00,120.75,283.75,0.500,Idle,4.30,8.06,296.13,4621.00,11499.37,307.86,,0,100,39.00,-63,4417794,-278321.02,4,fused
98392,000000098392.jpg,480x640,1,0.589538,1,1,TP,yolov8l_bsz4.ms,163.00,120.75,283.75,0.500,Idle,4.30,8.06,296.13,4621.00,11499.37,307.86,,0,100,39.00,-63,4417794,-278321.02,4,fused
577959,000000577959.jpg,640x427,1,0.589433,1,1,TP,yolov8l_bsz4.ms,158.75,127.00,285.75,0.500,Idle,4.26,8.06,373.77,4544.00,11499.37,229.77,,0,100,39.00,-64,4417800,-282739.20,4,fused
146363,000000146363.jpg,500x375,1,0.588810,0,0,FP,yolov8l_bsz4.ms,158.75,127.00,285.75,0.500,Idle,4.26,8.06,373.77,4544.00,11499.37,229.77,,0,100,39.00,-64,4417800,-282739.20,4,fused
534827,000000534827.jpg,612x612,1,0.588772,1,1,TP,yolov8l_bsz4.ms,158.75,127.00,285.75,0.500,Idle,4.26,8.06,373.77,4544.00,11499.37,229.77,,0,100,39.00,-64,4417800,-282739.20,4,fused
425925,000000425925.jpg,640x468,1,0.588657,1,1,TP,yolov8l_bsz4.ms,158.75,127.00,285.75,0.500,Idle,4.26,8.06,373.77,4544.00,11499.37,229.77,,0,100,39.00,-64,4417800,-282739.20,4,fused
424975,000000424975.jpg,640x480,1,0.588629,1,1,TP,yolov8l_bsz4.ms,160.25,124.00,284.25,0.500,Idle,4.27,8.13,371.31,4546.00,11499.37,231.27,,0,100,39.00,-66,4417767,-291572.62,4,fused
482100,000000482100.jpg,640x427,1,0.588607,0,0,FP,yolov8l_bsz4.ms,160.25,124.00,284.25,0.500,Idle,4.27,8.13,371.31,4546.00,11499.37,231.27,,0,100,39.00,-66,4417767,-291572.62,4,fused
544052,000000544052.jpg,640x640,1,0.588055,0,0,FP,yolov8l_bsz4.ms,160.25,124.00,284.25,0.500,Idle,4.27,8.13,371.31,4546.00,11499.37,231.27,,0,100,39.00,-66,4417767,-291572.62,4,fused
333772,000000333772.jpg,500x375,1,0.588036,0,0,FP,yolov8l_bsz4.ms,160.25,124.00,284.25,0.500,Idle,4.27,8.13,371.31,4546.00,11499.37,231.27,,0,100,39.00,-66,4417767,-291572.62,4,fused
234526,000000234526.jpg,612x612,1,0.587895,1,1,TP,yolov8l_bsz4.ms,161.25,110.00,271.25,0.500,Idle,7.95,8.13,352.05,4565.00,11499.37,249.66,,0,100,39.00,-62,4417899,-273909.74,4,fused
295138,000000295138.jpg,640x423,1,0.587493,1,1,TP,yolov8l_bsz4.ms,161.25,110.00,271.25,0.500,Idle,7.95,8.13,352.05,4565.00,11499.37,249.66,,0,100,39.00,-62,4417899,-273909.74,4,fused
171050,000000171050.jpg,480x640,1,0.587280,0,0,FP,yolov8l_bsz4.ms,161.25,110.00,271.25,0.500,Idle,7.95,8.13,352.05,4565.00,11499.37,249.66,,0,100,39.00,-62,4417899,-273909.74,4,fused
488270,000000488270.jpg,640x426,1,0.586845,0,0,FP,yolov8l_bsz4.ms,161.25,110.00,271.25,0.500,Idle,7.95,8.13,352.05,4565.00,11499.37,249.66,,0,100,39.00,-62,4417899,-273909.74,4,fused
203580,000000203580.jpg,640x427,1,0.586466,0,0,FP,yolov8l_bsz4.ms,160.00,105.75,265.75,0.500,Idle,5.23,6.97,297.94,4619.00,11499.37,303.00,,0,100,39.00,-120,4416018,-529922.16,4,fused
432468,000000432468.jpg,427x640,1,0.586331,0,0,FP,yolov8l_bsz4.ms,160.00,105.75,265.75,0.500,Idle,5.23,6.97,297.94,4619.00,11499.37,303.00,,0,100,39.00,-120,4416018,-529922.16,4,fused
528862,000000528862.jpg,500x375,1,0.586036,0,0,FP,yolov8l_bsz4.ms,160.00,105.75,265.75,0.500,Idle,5.23,6.97,297.94,4619.00,11499.37,303.00,,0,100,39.00,-120,4416018,-529922.16,4,fused
32735,000000032735.jpg,640x427,1,0.585998,1,1,TP,yolov8l_bsz4.ms,160.00,105.75,265.75,0.500,Idle,5.23,6.97,297.94,4619.00,11499.37,303.00,,0,100,39.00,-120,4416018,-529922.16,4,fused
552371,000000552371.jpg,640x426,1,0.585980,0,0,FP,yolov8l_bsz4.ms,161.50,103.00,264.50,0.500,Idle,4.71,6.97,374.08,4543.00,11499.37,225.63,,0,100,39.00,-66,4417753,-291571.70,4,fused
370999,000000370999.jpg,640x480,1,0.585740,0,0,FP,yolov8l_bsz4.ms,161.50,103.00,264.50,0.500,Idle,4.71,6.97,374.08,4543.00,11499.37,225.63,,0,100,39.00,-66,4417753,-291571.70,4,fused
307074,000000307074.jpg,500x333,1,0.585602,0,0,FP,yolov8l_bsz4.ms,161.50,103.00,264.50,0.500,Idle,4.71,6.97,374.08,4543.00,11499.37,225.63,,0,100,39.00,-66,4417753,-291571.70,4,fused
41872,000000041872.jpg,640x426,1,0.584860,0,0,FP,yolov8l_bsz4.ms,161.50,103.00,264.50,0.500,Idle,4.71,6.97,374.08,4543.00,11499.37,225.63,,0,100,39.00,-66,4417753,-291571.70,4,fused
89556,000000089556.jpg,640x480,1,0.583920,0,0,FP,yolov8l_bsz4.ms,161.25,107.00,268.25,0.500,Idle,4.55,7.29,373.55,4544.00,11499.37,225.36,,0,100,39.00,-115,4416317,-507876.46,4,fused
385205,000000385205.jpg,640x480,1,0.583285,0,0,FP,yolov8l_bsz4.ms,161.25,107.00,268.25,0.500,Idle,4.55,7.29,373.55,4544.00,11499.37,225.36,,0,100,39.00,-115,4416317,-507876.46,4,fused
289702,000000289702.jpg,640x427,1,0.583250,0,0,FP,yolov8l_bsz4.ms,161.25,107.00,268.25,0.500,Idle,4.55,7.29,373.55,4544.00,11499.37,225.36,,0,100,39.00,-115,4416317,-507876.46,4,fused
400367,000000400367.jpg,500x333,1,0.583171,0,0,FP,yolov8l_bsz4.ms,161.25,107.00,268.25,0.500,Idle,4.55,7.29,373.55,4544.00,11499.37,225.36,,0,100,39.00,-115,4416317,-507876.46,4,fused
553094,000000553094.jpg,640x426,1,0.582906,0,0,FP,yolov8l_bsz4.ms,161.00,100.75,261.75,0.500,Idle,4.47,7.29,370.03,4547.00,11499.37,227.95,,0,100,39.00,-66,4417820,-291576.12,4,fused
575357,000000575357.jpg,640x453,1,0.582825,0,0,FP,yolov8l_bsz4.ms,161.00,100.75,261.75,0.500,Idle,4.47,7.29,370.03,4547.00,11499.37,227.95,,0,100,39.00,-66,4417820,-291576.12,4,fused
26926,000000026926.jpg,423x640,1,0.582487,0,0,FP,yolov8l_bsz4.ms,161.00,100.75,261.75,0.500,Idle,4.47,7.29,370.03,4547.00,11499.37,227.95,,0,100,39.00,-66,4417820,-291576.12,4,fused
258911,000000258911.jpg,640x426,1,0.582376,1,1,TP,yolov8l_bsz4.ms,161.00,100.75,261.75,0.500,Idle,4.47,7.29,370.03,4547.00,11499.37,227.95,,0,100,39.00,-66,4417820,-291576.12,4,fused
356169,000000356169.jpg,640x480,1,0.582364,0,0,FP,yolov8l_bsz4.ms,162.50,109.25,271.75,0.500,Idle,4.45,7.32,296.30,4621.00,11499.37,301.05,,0,100,39.00,-59,4418025,-260663.48,4,fused
417043,000000417043.jpg,640x480,1,0.582319,0,0,FP,yolov8l_bsz4.ms,162.50,109.25,271.75,0.500,Idle,4.45,7.32,296.30,4621.00,11499.37,301.05,,0,100,39.00,-59,4418025,-260663.48,4,fused
377486,000000377486.jpg,640x427,1,0.581644,1,1,TP,yolov8l_bsz4.ms,162.50,109.25,271.75,0.500,Idle,4.45,7.32,296.30,4621.00,11499.37,301.05,,0,100,39.00,-59,4418025,-260663.48,4,fused
479030,000000479030.jpg,640x424,1,0.581268,0,0,FP,yolov8l_bsz4.ms,162.50,109.25,271.75,0.500,Idle,4.45,7.32,296.30,4621.00,11499.37,301.05,,0,100,39.00,-59,4418025,-260663.48,4,fused
73118,000000073118.jpg,612x612,1,0.581019,0,0,FP,yolov8l_bsz4.ms,161.50,124.75,286.25,0.500,Idle,4.37,7.32,375.58,4541.00,11499.37,221.02,,0,100,39.00,-69,4417774,-304826.41,4,fused
210915,000000210915.jpg,640x480,1,0.580876,1,1,TP,yolov8l_bsz4.ms,161.50,124.75,286.25,0.500,Idle,4.37,7.32,375.58,4541.00,11499.37,221.02,,0,100,39.00,-69,4417774,-304826.41,4,fused
344611,000000344611.jpg,640x426,1,0.580694,0,0,FP,yolov8l_bsz4.ms,161.50,124.75,286.25,0.500,Idle,4.37,7.32,375.58,4541.00,11499.37,221.02,,0,100,39.00,-69,4417774,-304826.41,4,fused
183049,000000183049.jpg,427x640,1,0.580396,0,0,FP,yolov8l_bsz4.ms,161.50,124.75,286.25,0.500,Idle,4.37,7.32,375.58,4541.00,11499.37,221.02,,0,100,39.00,-69,4417774,-304826.41,4,fused
115946,000000115946.jpg,480x640,1,0.579757,1,1,TP,yolov8l_bsz4.ms,160.25,116.75,277.00,0.500,Idle,4.35,7.69,375.15,4523.00,11499.37,202.11,,0,100,39.00,-65,4417848,-287160.12,4,fused
404534,000000404534.jpg,386x500,1,0.579422,0,0,FP,yolov8l_bsz4.ms,160.25,116.75,277.00,0.500,Idle,4.35,7.69,375.15,4523.00,11499.37,202.11,,0,100,39.00,-65,4417848,-287160.12,4,fused
20107,000000020107.jpg,333x500,1,0.579385,0,0,FP,yolov8l_bsz4.ms,160.25,116.75,277.00,0.500,Idle,4.35,7.69,375.15,4523.00,11499.37,202.11,,0,100,39.00,-65,4417848,-287160.12,4,fused
415727,000000415727.jpg,640x480,1,0.579333,1,1,TP,yolov8l_bsz4.ms,160.25,116.75,277.00,0.500,Idle,4.35,7.69,375.15,4523.00,11499.37,202.11,,0,100,39.00,-65,4417848,-287160.12,4,fused
9914,000000009914.jpg,640x480,1,0.579232,0,0,FP,yolov8l_bsz4.ms,162.75,109.50,272.25,0.500,Idle,4.39,7.69,352.31,4527.00,11499.37,208.97,,0,100,39.00,-63,4417855,-278324.86,4,fused
145781,000000145781.jpg,640x480,1,0.578627,0,0,FP,yolov8l_bsz4.ms,162.75,109.50,272.25,0.500,Idle,4.39,7.69,352.31,4527.00,11499.37,208.97,,0,100,39.00,-63,4417855,-278324.86,4,fused
567197,000000567197.jpg,500x407,1,0.578253,1,1,TP,yolov8l_bsz4.ms,162.75,109.50,272.25,0.500,Idle,4.39,7.69,352.31,4527.00,11499.37,208.97,,0,100,39.00,-63,4417855,-278324.86,4,fused
446522,000000446522.jpg,480x640,1,0.577971,0,0,FP,yolov8l_bsz4.ms,162.75,109.50,272.25,0.500,Idle,4.39,7.69,352.31,4527.00,11499.37,208.97,,0,100,39.00,-63,4417855,-278324.86,4,fused
166664,000000166664.jpg,640x427,1,0.577955,0,0,FP,yolov8l_bsz4.ms,157.75,119.25,277.00,0.500,Idle,5.55,11.01,296.75,4595.00,11499.37,283.72,,0,100,39.00,-59,4418069,-260666.07,4,fused
566758,000000566758.jpg,640x480,1,0.577383,0,0,FP,yolov8l_bsz4.ms,157.75,119.25,277.00,0.500,Idle,5.55,11.01,296.75,4595.00,11499.37,283.72,,0,100,39.00,-59,4418069,-260666.07,4,fused
266082,000000266082.jpg,375x500,1,0.577358,0,0,FP,yolov8l_bsz4.ms,157.75,119.25,277.00,0.500,Idle,5.55,11.01,296.75,4595.00,11499.37,283.72,,0,100,39.00,-59,4418069,-260666.07,4,fused
153217,000000153217.jpg,375x500,1,0.577337,0,0,FP,yolov8l_bsz4.ms,157.75,119.25,277.00,0.500,Idle,5.55,11.01,296.75,4595.00,11499.37,283.72,,0,100,39.00,-59,4418069,-260666.07,4,fused
338428,000000338428.jpg,640x366,1,0.576975,0,0,FP,yolov8l_bsz4.ms,162.25,107.00,269.25,0.500,Idle,4.73,11.01,373.19,4524.00,11499.37,211.74,,0,100,39.00,-115,4416157,-507858.05,4,fused
187990,000000187990.jpg,500x375,1,0.576890,1,1,TP,yolov8l_bsz4.ms,162.25,107.00,269.25,0.500,Idle,4.73,11.01,373.19,4524.00,11499.37,211.74,,0,100,39.00,-115,4416157,-507858.05,4,fused
222299,000000222299.jpg,500x375,1,0.576603,0,0,FP,yolov8l_bsz4.ms,162.25,107.00,269.25,0.500,Idle,4.73,11.01,373.19,4524.00,11499.37,211.74,,0,100,39.00,-115,4416157,-507858.05,4,fused
276707,000000276707.jpg,640x480,1,0.576533,1,1,TP,yolov8l_bsz4.ms,162.25,107.00,269.25,0.500,Idle,4.73,11.01,373.19,4524.00,11499.37,211.74,,0,100,39.00,-115,4416157,-507858.05,4,fused
323151,000000323151.jpg,480x640,1,0.576510,0,0,FP,yolov8l_bsz4.ms,161.25,118.50,279.75,0.500,Idle,4.64,8.33,374.20,4552.00,11499.37,241.54,,0,100,39.00,-64,4417838,-282741.63,4,fused
184338,000000184338.jpg,640x427,1,0.575649,0,0,FP,yolov8l_bsz4.ms,161.25,118.50,279.75,0.500,Idle,4.64,8.33,374.20,4552.00,11499.37,241.54,,0,100,39.00,-64,4417838,-282741.63,4,fused
540466,000000540466.jpg,640x427,1,0.575244,1,1,TP,yolov8l_bsz4.ms,161.25,118.50,279.75,0.500,Idle,4.64,8.33,374.20,4552.00,11499.37,241.54,,0,100,39.00,-64,4417838,-282741.63,4,fused
331569,000000331569.jpg,612x612,1,0.575183,0,0,FP,yolov8l_bsz4.ms,161.25,118.50,279.75,0.500,Idle,4.64,8.33,374.20,4552.00,11499.37,241.54,,0,100,39.00,-64,4417838,-282741.63,4,fused
509258,000000509258.jpg,640x428,1,0.575001,0,0,FP,yolov8l_bsz4.ms,159.75,127.25,287.00,0.500,Idle,4.54,8.33,370.16,4556.00,11499.37,244.85,,0,100,39.00,-61,4418008,-269498.49,4,fused
173383,000000173383.jpg,640x425,1,0.574836,0,0,FP,yolov8l_bsz4.ms,159.75,127.25,287.00,0.500,Idle,4.54,8.33,370.16,4556.00,11499.37,244.85,,0,100,39.00,-61,4418008,-269498.49,4,fused
165518,000000165518.jpg,612x612,1,0.574794,1,1,TP,yolov8l_bsz4.ms,159.75,127.25,287.00,0.500,Idle,4.54,8.33,370.16,4556.00,11499.37,244.85,,0,100,39.00,-61,4418008,-269498.49,4,fused
1993,000000001993.jpg,640x419,1,0.574609,0,0,FP,yolov8l_bsz4.ms,159.75,127.25,287.00,0.500,Idle,4.54,8.33,370.16,4556.00,11499.37,244.85,,0,100,39.00,-61,4418008,-269498.49,4,fused
279541,000000279541.jpg,478x640,1,0.573784,1,1,TP,yolov8l_bsz4.ms,160.50,113.50,274.00,0.500,Idle,4.54,8.40,370.55,4555.00,11499.37,243.55,,0,100,39.00,-59,4418064,-260665.78,4,fused
163155,000000163155.jpg,640x427,1,0.573596,0,0,FP,yolov8l_bsz4.ms,160.50,113.50,274.00,0.500,Idle,4.54,8.40,370.55,4555.00,11499.37,243.55,,0,100,39.00,-59,4418064,-260665.78,4,fused
535156,000000535156.jpg,640x505,1,0.573502,0,0,FP,yolov8l_bsz4.ms,160.50,113.50,274.00,0.500,Idle,4.54,8.40,370.55,4555.00,11499.37,243.55,,0,100,39.00,-59,4418064,-260665.78,4,fused
511321,000000511321.jpg,427x640,1,0.572998,0,0,FP,yolov8l_bsz4.ms,160.50,113.50,274.00,0.500,Idle,4.54,8.40,370.55,4555.00,11499.37,243.55,,0,100,39.00,-59,4418064,-260665.78,4,fused
224724,000000224724.jpg,480x640,1,0.572701,1,1,TP,yolov8l_bsz4.ms,164.50,131.50,296.00,0.500,Idle,4.53,8.40,371.31,4556.00,11499.37,241.60,,0,100,39.00,-55,4418123,-242996.77,4,fused
463849,000000463849.jpg,564x640,1,0.571554,1,1,TP,yolov8l_bsz4.ms,164.50,131.50,296.00,0.500,Idle,4.53,8.40,371.31,4556.00,11499.37,241.60,,0,100,39.00,-55,4418123,-242996.77,4,fused
109055,000000109055.jpg,640x480,1,0.571466,0,0,FP,yolov8l_bsz4.ms,164.50,131.50,296.00,0.500,Idle,4.53,8.40,371.31,4556.00,11499.37,241.60,,0,100,39.00,-55,4418123,-242996.77,4,fused
242678,000000242678.jpg,640x481,1,0.571324,1,1,TP,yolov8l_bsz4.ms,164.50,131.50,296.00,0.500,Idle,4.53,8.40,371.31,4556.00,11499.37,241.60,,0,100,39.00,-55,4418123,-242996.77,4,fused
116479,000000116479.jpg,411x640,1,0.571023,0,0,FP,yolov8l_bsz4.ms,158.25,108.00,266.25,0.500,Idle,4.50,8.12,301.22,4625.00,11499.37,310.48,,0,100,39.00,-75,4417588,-331319.10,4,fused
523033,000000523033.jpg,640x427,1,0.570269,1,1,TP,yolov8l_bsz4.ms,158.25,108.00,266.25,0.500,Idle,4.50,8.12,301.22,4625.00,11499.37,310.48,,0,100,39.00,-75,4417588,-331319.10,4,fused
178618,000000178618.jpg,446x640,1,0.569386,0,0,FP,yolov8l_bsz4.ms,158.25,108.00,266.25,0.500,Idle,4.50,8.12,301.22,4625.00,11499.37,310.48,,0,100,39.00,-75,4417588,-331319.10,4,fused
10092,000000010092.jpg,640x426,1,0.569366,0,0,FP,yolov8l_bsz4.ms,158.25,108.00,266.25,0.500,Idle,4.50,8.12,301.22,4625.00,11499.37,310.48,,0,100,39.00,-75,4417588,-331319.10,4,fused
447342,000000447342.jpg,640x416,1,0.569179,0,0,FP,yolov8l_bsz4.ms,160.25,126.75,287.00,0.500,Idle,4.44,8.12,374.91,4551.00,11499.37,235.68,,0,100,39.00,-60,4417957,-265077.42,4,fused
438017,000000438017.jpg,480x640,1,0.569074,0,0,FP,yolov8l_bsz4.ms,160.25,126.75,287.00,0.500,Idle,4.44,8.12,374.91,4551.00,11499.37,235.68,,0,100,39.00,-60,4417957,-265077.42,4,fused
186873,000000186873.jpg,612x612,1,0.568991,1,1,TP,yolov8l_bsz4.ms,160.25,126.75,287.00,0.500,Idle,4.44,8.12,374.91,4551.00,11499.37,235.68,,0,100,39.00,-60,4417957,-265077.42,4,fused
125062,000000125062.jpg,427x640,1,0.568820,0,0,FP,yolov8l_bsz4.ms,160.25,126.75,287.00,0.500,Idle,4.44,8.12,374.91,4551.00,11499.37,235.68,,0,100,39.00,-60,4417957,-265077.42,4,fused
481159,000000481159.jpg,640x463,1,0.568569,0,0,FP,yolov8l_bsz4.ms,163.00,116.50,279.50,0.500,Idle,7.90,8.23,375.18,4552.00,11499.37,234.15,,0,100,39.00,-67,4417814,-295993.54,4,fused
2157,000000002157.jpg,640x427,1,0.568284,0,0,FP,yolov8l_bsz4.ms,163.00,116.50,279.50,0.500,Idle,7.90,8.23,375.18,4552.00,11499.37,234.15,,0,100,39.00,-67,4417814,-295993.54,4,fused
521052,000000521052.jpg,640x480,1,0.568217,0,0,FP,yolov8l_bsz4.ms,163.00,116.50,279.50,0.500,Idle,7.90,8.23,375.18,4552.00,11499.37,234.15,,0,100,39.00,-67,4417814,-295993.54,4,fused
226408,000000226408.jpg,640x469,1,0.568099,1,1,TP,yolov8l_bsz4.ms,163.00,116.50,279.50,0.500,Idle,7.90,8.23,375.18,4552.00,11499.37,234.15,,0,100,39.00,-67,4417814,-295993.54,4,fused
207728,000000207728.jpg,640x373,1,0.567343,0,0,FP,yolov8l_bsz4.ms,160.25,110.50,270.75,0.500,Idle,5.09,8.23,353.48,4537.00,11499.37,448.04,,0,100,39.00,-63,4417897,-278327.51,4,fused
477955,000000477955.jpg,480x640,1,0.567148,1,1,TP,yolov8l_bsz4.ms,160.25,110.50,270.75,0.500,Idle,5.09,8.23,353.48,4537.00,11499.37,448.04,,0,100,39.00,-63,4417897,-278327.51,4,fused
290293,000000290293.jpg,640x326,1,0.567140,1,1,TP,yolov8l_bsz4.ms,160.25,110.50,270.75,0.500,Idle,5.09,8.23,353.48,4537.00,11499.37,448.04,,0,100,39.00,-63,4417897,-278327.51,4,fused
415882,000000415882.jpg,544x640,1,0.565950,1,1,TP,yolov8l_bsz4.ms,160.25,110.50,270.75,0.500,Idle,5.09,8.23,353.48,4537.00,11499.37,448.04,,0,100,39.00,-63,4417897,-278327.51,4,fused
500613,000000500613.jpg,640x425,1,0.565512,0,0,FP,yolov8l_bsz4.ms,108.00,120.25,228.25,0.500,Idle,4.78,8.13,310.66,4580.00,11499.37,489.21,,0,100,39.00,-65,4417818,-287158.17,4,fused
161128,000000161128.jpg,375x500,1,0.565359,1,1,TP,yolov8l_bsz4.ms,108.00,120.25,228.25,0.500,Idle,4.78,8.13,310.66,4580.00,11499.37,489.21,,0,100,39.00,-65,4417818,-287158.17,4,fused
229311,000000229311.jpg,500x375,1,0.564806,0,0,FP,yolov8l_bsz4.ms,108.00,120.25,228.25,0.500,Idle,4.78,8.13,310.66,4580.00,11499.37,489.21,,0,100,39.00,-65,4417818,-287158.17,4,fused
519764,000000519764.jpg,500x375,1,0.564075,0,0,FP,yolov8l_bsz4.ms,108.00,120.25,228.25,0.500,Idle,4.78,8.13,310.66,4580.00,11499.37,489.21,,0,100,39.00,-65,4417818,-287158.17,4,fused
78170,000000078170.jpg,640x640,1,0.563942,1,1,TP,yolov8l_bsz4.ms,109.50,137.00,246.50,0.500,Idle,4.89,8.13,374.75,4516.00,11499.37,423.53,,0,100,39.00,-66,4417586,-291560.68,4,fused
70229,000000070229.jpg,481x640,1,0.563786,1,1,TP,yolov8l_bsz4.ms,109.50,137.00,246.50,0.500,Idle,4.89,8.13,374.75,4516.00,11499.37,423.53,,0,100,39.00,-66,4417586,-291560.68,4,fused
409424,000000409424.jpg,480x640,1,0.563749,0,0,FP,yolov8l_bsz4.ms,109.50,137.00,246.50,0.500,Idle,4.89,8.13,374.75,4516.00,11499.37,423.53,,0,100,39.00,-66,4417586,-291560.68,4,fused
387098,000000387098.jpg,640x480,1,0.563593,0,0,FP,yolov8l_bsz4.ms,109.50,137.00,246.50,0.500,Idle,4.89,8.13,374.75,4516.00,11499.37,423.53,,0,100,39.00,-66,4417586,-291560.68,4,fused
430286,000000430286.jpg,640x473,1,0.563268,0,0,FP,yolov8l_bsz4.ms,110.75,107.75,218.50,0.500,Idle,4.95,8.77,378.72,4511.00,11499.37,419.38,,0,100,39.00,-67,4417435,-295968.15,4,fused
554595,000000554595.jpg,500x376,1,0.562608,1,1,TP,yolov8l_bsz4.ms,110.75,107.75,218.50,0.500,Idle,4.95,8.77,378.72,4511.00,11499.37,419.38,,0,100,39.00,-67,4417435,-295968.15,4,fused
340451,000000340451.jpg,640x424,1,0.562458,1,1,TP,yolov8l_bsz4.ms,110.75,107.75,218.50,0.500,Idle,4.95,8.77,378.72,4511.00,11499.37,419.38,,0,100,39.00,-67,4417435,-295968.15,4,fused
298697,000000298697.jpg,640x480,1,0.562385,0,0,FP,yolov8l_bsz4.ms,110.75,107.75,218.50,0.500,Idle,4.95,8.77,378.72,4511.00,11499.37,419.38,,0,100,39.00,-67,4417435,-295968.15,4,fused
516601,000000516601.jpg,640x360,1,0.562247,1,1,TP,yolov8l_bsz4.ms,108.50,116.25,224.75,0.500,Idle,5.06,8.77,350.24,4540.00,11499.37,447.22,,0,100,39.00,-117,4415722,-516639.47,4,fused
395575,000000395575.jpg,500x339,1,0.562028,1,1,TP,yolov8l_bsz4.ms,108.50,116.25,224.75,0.500,Idle,5.06,8.77,350.24,4540.00,11499.37,447.22,,0,100,39.00,-117,4415722,-516639.47,4,fused
423104,000000423104.jpg,427x640,1,0.561922,1,1,TP,yolov8l_bsz4.ms,108.50,116.25,224.75,0.500,Idle,5.06,8.77,350.24,4540.00,11499.37,447.22,,0,100,39.00,-117,4415722,-516639.47,4,fused
463842,000000463842.jpg,640x480,1,0.561804,0,0,FP,yolov8l_bsz4.ms,108.50,116.25,224.75,0.500,Idle,5.06,8.77,350.24,4540.00,11499.37,447.22,,0,100,39.00,-117,4415722,-516639.47,4,fused
448410,000000448410.jpg,640x437,1,0.561640,1,1,TP,yolov8l_bsz4.ms,107.75,115.75,223.50,0.500,Idle,5.08,8.82,300.55,4590.00,11499.37,496.00,,0,100,39.00,-68,4417258,-300373.54,4,fused
177539,000000177539.jpg,640x427,1,0.561573,1,1,TP,yolov8l_bsz4.ms,107.75,115.75,223.50,0.500,Idle,5.08,8.82,300.55,4590.00,11499.37,496.00,,0,100,39.00,-68,4417258,-300373.54,4,fused
555005,000000555005.jpg,640x480,1,0.561154,0,0,FP,yolov8l_bsz4.ms,107.75,115.75,223.50,0.500,Idle,5.08,8.82,300.55,4590.00,11499.37,496.00,,0,100,39.00,-68,4417258,-300373.54,4,fused
494913,000000494913.jpg,640x428,1,0.561069,1,1,TP,yolov8l_bsz4.ms,107.75,115.75,223.50,0.500,Idle,5.08,8.82,300.55,4590.00,11499.37,496.00,,0,100,39.00,-68,4417258,-300373.54,4,fused
19402,000000019402.jpg,640x480,1,0.560954,1,1,TP,yolov8l_bsz4.ms,108.75,119.25,228.00,0.500,Idle,5.10,8.82,376.26,4515.00,11499.37,419.80,,0,100,39.00,-66,4417330,-291543.78,4,fused
476810,000000476810.jpg,640x480,1,0.560515,0,0,FP,yolov8l_bsz4.ms,108.75,119.25,228.00,0.500,Idle,5.10,8.82,376.26,4515.00,11499.37,419.80,,0,100,39.00,-66,4417330,-291543.78,4,fused
383339,000000383339.jpg,640x428,1,0.560299,1,1,TP,yolov8l_bsz4.ms,108.75,119.25,228.00,0.500,Idle,5.10,8.82,376.26,4515.00,11499.37,419.80,,0,100,39.00,-66,4417330,-291543.78,4,fused
162858,000000162858.jpg,428x640,1,0.559507,1,1,TP,yolov8l_bsz4.ms,108.75,119.25,228.00,0.500,Idle,5.10,8.82,376.26,4515.00,11499.37,419.80,,0,100,39.00,-66,4417330,-291543.78,4,fused
355257,000000355257.jpg,640x427,1,0.559415,1,1,TP,yolov8l_bsz4.ms,109.50,120.25,229.75,0.500,Idle,5.13,8.83,375.99,4517.00,11499.37,419.19,,0,100,39.00,-62,4417346,-273875.45,4,fused
31118,000000031118.jpg,640x427,1,0.559108,1,1,TP,yolov8l_bsz4.ms,109.50,120.25,229.75,0.500,Idle,5.13,8.83,375.99,4517.00,11499.37,419.19,,0,100,39.00,-62,4417346,-273875.45,4,fused
565962,000000565962.jpg,479x322,1,0.559101,1,1,TP,yolov8l_bsz4.ms,109.50,120.25,229.75,0.500,Idle,5.13,8.83,375.99,4517.00,11499.37,419.19,,0,100,39.00,-62,4417346,-273875.45,4,fused
578922,000000578922.jpg,598x640,1,0.558933,0,0,FP,yolov8l_bsz4.ms,109.50,120.25,229.75,0.500,Idle,5.13,8.83,375.99,4517.00,11499.37,419.19,,0,100,39.00,-62,4417346,-273875.45,4,fused
300913,000000300913.jpg,500x375,1,0.558308,0,0,FP,yolov8l_bsz4.ms,109.50,122.25,231.75,0.500,Idle,5.16,8.83,351.31,4541.00,11499.37,443.06,,0,100,39.00,-65,4416965,-287102.72,4,fused
129812,000000129812.jpg,640x426,1,0.557988,1,1,TP,yolov8l_bsz4.ms,109.50,122.25,231.75,0.500,Idle,5.16,8.83,351.31,4541.00,11499.37,443.06,,0,100,39.00,-65,4416965,-287102.72,4,fused
371699,000000371699.jpg,480x640,1,0.556719,1,1,TP,yolov8l_bsz4.ms,109.50,122.25,231.75,0.500,Idle,5.16,8.83,351.31,4541.00,11499.37,443.06,,0,100,39.00,-65,4416965,-287102.72,4,fused
205542,000000205542.jpg,480x640,1,0.556507,0,0,FP,yolov8l_bsz4.ms,109.50,122.25,231.75,0.500,Idle,5.16,8.83,351.31,4541.00,11499.37,443.06,,0,100,39.00,-65,4416965,-287102.72,4,fused
157418,000000157418.jpg,480x640,1,0.556186,0,0,FP,yolov8l_bsz4.ms,108.00,120.25,228.25,0.500,Idle,8.94,14.80,307.04,4586.00,11499.37,486.06,,0,100,39.00,-122,4415110,-538643.42,4,fused
549930,000000549930.jpg,640x558,1,0.555325,1,1,TP,yolov8l_bsz4.ms,108.00,120.25,228.25,0.500,Idle,8.94,14.80,307.04,4586.00,11499.37,486.06,,0,100,39.00,-122,4415110,-538643.42,4,fused
245576,000000245576.jpg,640x472,1,0.555234,0,0,FP,yolov8l_bsz4.ms,108.00,120.25,228.25,0.500,Idle,8.94,14.80,307.04,4586.00,11499.37,486.06,,0,100,39.00,-122,4415110,-538643.42,4,fused
61108,000000061108.jpg,640x480,1,0.554909,0,0,FP,yolov8l_bsz4.ms,108.00,120.25,228.25,0.500,Idle,8.94,14.80,307.04,4586.00,11499.37,486.06,,0,100,39.00,-122,4415110,-538643.42,4,fused
342397,000000342397.jpg,640x427,1,0.554458,1,1,TP,yolov8l_bsz4.ms,159.50,121.50,281.00,0.500,Idle,5.60,14.80,374.57,4517.00,11499.37,416.32,,0,100,39.00,-63,4416974,-278269.36,4,fused
241319,000000241319.jpg,640x476,1,0.553963,0,0,FP,yolov8l_bsz4.ms,159.50,121.50,281.00,0.500,Idle,5.60,14.80,374.57,4517.00,11499.37,416.32,,0,100,39.00,-63,4416974,-278269.36,4,fused
189820,000000189820.jpg,640x427,1,0.553322,0,0,FP,yolov8l_bsz4.ms,159.50,121.50,281.00,0.500,Idle,5.60,14.80,374.57,4517.00,11499.37,416.32,,0,100,39.00,-63,4416974,-278269.36,4,fused
103723,000000103723.jpg,480x640,1,0.553291,1,1,TP,yolov8l_bsz4.ms,159.50,121.50,281.00,0.500,Idle,5.60,14.80,374.57,4517.00,11499.37,416.32,,0,100,39.00,-63,4416974,-278269.36,4,fused
369751,000000369751.jpg,426x640,1,0.553051,0,0,FP,yolov8l_bsz4.ms,172.25,115.75,288.00,0.500,Idle,5.00,8.15,374.56,4519.00,11499.37,416.86,,0,100,39.00,-114,4415631,-503381.93,4,fused
232244,000000232244.jpg,500x375,1,0.552394,0,0,FP,yolov8l_bsz4.ms,172.25,115.75,288.00,0.500,Idle,5.00,8.15,374.56,4519.00,11499.37,416.86,,0,100,39.00,-114,4415631,-503381.93,4,fused
235252,000000235252.jpg,640x427,1,0.552272,0,0,FP,yolov8l_bsz4.ms,172.25,115.75,288.00,0.500,Idle,5.00,8.15,374.56,4519.00,11499.37,416.86,,0,100,39.00,-114,4415631,-503381.93,4,fused
296224,000000296224.jpg,640x480,1,0.551481,1,1,TP,yolov8l_bsz4.ms,172.25,115.75,288.00,0.500,Idle,5.00,8.15,374.56,4519.00,11499.37,416.86,,0,100,39.00,-114,4415631,-503381.93,4,fused
436738,000000436738.jpg,500x486,1,0.551434,1,1,TP,yolov8l_bsz4.ms,165.00,129.25,294.25,0.500,Idle,4.90,8.15,350.73,4545.00,11499.37,439.15,,0,100,39.00,-79,4416693,-348918.75,4,fused
417085,000000417085.jpg,640x360,1,0.551107,0,0,FP,yolov8l_bsz4.ms,165.00,129.25,294.25,0.500,Idle,4.90,8.15,350.73,4545.00,11499.37,439.15,,0,100,39.00,-79,4416693,-348918.75,4,fused
305309,000000305309.jpg,640x406,1,0.551028,1,1,TP,yolov8l_bsz4.ms,165.00,129.25,294.25,0.500,Idle,4.90,8.15,350.73,4545.00,11499.37,439.15,,0,100,39.00,-79,4416693,-348918.75,4,fused
361506,000000361506.jpg,640x480,1,0.550650,1,1,TP,yolov8l_bsz4.ms,165.00,129.25,294.25,0.500,Idle,4.90,8.15,350.73,4545.00,11499.37,439.15,,0,100,39.00,-79,4416693,-348918.75,4,fused
538067,000000538067.jpg,500x375,1,0.550447,1,1,TP,yolov8l_bsz4.ms,165.75,130.75,296.50,0.500,Idle,4.78,8.40,296.52,4599.00,11499.37,492.03,,0,100,39.00,-79,4416693,-348918.75,4,fused
305695,000000305695.jpg,640x480,1,0.550024,0,0,FP,yolov8l_bsz4.ms,165.75,130.75,296.50,0.500,Idle,4.78,8.40,296.52,4599.00,11499.37,492.03,,0,100,39.00,-79,4416693,-348918.75,4,fused
158660,000000158660.jpg,612x612,1,0.549760,1,1,TP,yolov8l_bsz4.ms,165.75,130.75,296.50,0.500,Idle,4.78,8.40,296.52,4599.00,11499.37,492.03,,0,100,39.00,-79,4416693,-348918.75,4,fused
505169,000000505169.jpg,480x640,1,0.549210,0,0,FP,yolov8l_bsz4.ms,165.75,130.75,296.50,0.500,Idle,4.78,8.40,296.52,4599.00,11499.37,492.03,,0,100,39.00,-79,4416693,-348918.75,4,fused
200162,000000200162.jpg,640x425,1,0.548763,0,0,FP,yolov8l_bsz4.ms,165.75,108.75,274.50,0.500,Idle,4.60,8.40,374.49,4520.00,11499.37,413.32,,0,100,39.00,-66,4417379,-291547.01,4,fused
288391,000000288391.jpg,427x640,1,0.548717,0,0,FP,yolov8l_bsz4.ms,165.75,108.75,274.50,0.500,Idle,4.60,8.40,374.49,4520.00,11499.37,413.32,,0,100,39.00,-66,4417379,-291547.01,4,fused
480021,000000480021.jpg,640x471,1,0.548717,1,1,TP,yolov8l_bsz4.ms,165.75,108.75,274.50,0.500,Idle,4.60,8.40,374.49,4520.00,11499.37,413.32,,0,100,39.00,-66,4417379,-291547.01,4,fused
454404,000000454404.jpg,640x529,1,0.548016,1,1,TP,yolov8l_bsz4.ms,165.75,108.75,274.50,0.500,Idle,4.60,8.40,374.49,4520.00,11499.37,413.32,,0,100,39.00,-66,4417379,-291547.01,4,fused
365886,000000365886.jpg,500x375,1,0.547943,1,1,TP,yolov8l_bsz4.ms,164.00,120.00,284.00,0.500,Idle,4.57,8.04,371.15,4525.00,11499.37,415.94,,0,100,39.00,-62,4417530,-273886.86,4,fused
87742,000000087742.jpg,400x500,1,0.547809,0,0,FP,yolov8l_bsz4.ms,164.00,120.00,284.00,0.500,Idle,4.57,8.04,371.15,4525.00,11499.37,415.94,,0,100,39.00,-62,4417530,-273886.86,4,fused
440475,000000440475.jpg,640x427,1,0.547090,1,1,TP,yolov8l_bsz4.ms,164.00,120.00,284.00,0.500,Idle,4.57,8.04,371.15,4525.00,11499.37,415.94,,0,100,39.00,-62,4417530,-273886.86,4,fused
502347,000000502347.jpg,500x375,1,0.546916,0,0,FP,yolov8l_bsz4.ms,164.00,120.00,284.00,0.500,Idle,4.57,8.04,371.15,4525.00,11499.37,415.94,,0,100,39.00,-62,4417530,-273886.86,4,fused
222863,000000222863.jpg,640x427,1,0.546630,0,0,FP,yolov8l_bsz4.ms,163.00,130.75,293.75,0.500,Idle,4.58,8.04,351.91,4545.00,11499.37,434.34,,0,100,39.00,-62,4417669,-273895.48,4,fused
470773,000000470773.jpg,640x480,1,0.545990,1,1,TP,yolov8l_bsz4.ms,163.00,130.75,293.75,0.500,Idle,4.58,8.04,351.91,4545.00,11499.37,434.34,,0,100,39.00,-62,4417669,-273895.48,4,fused
562229,000000562229.jpg,640x640,1,0.545874,1,1,TP,yolov8l_bsz4.ms,163.00,130.75,293.75,0.500,Idle,4.58,8.04,351.91,4545.00,11499.37,434.34,,0,100,39.00,-62,4417669,-273895.48,4,fused
309678,000000309678.jpg,640x411,1,0.545542,1,1,TP,yolov8l_bsz4.ms,163.00,130.75,293.75,0.500,Idle,4.58,8.04,351.91,4545.00,11499.37,434.34,,0,100,39.00,-62,4417669,-273895.48,4,fused
111086,000000111086.jpg,500x336,1,0.545493,1,1,TP,yolov8l_bsz4.ms,159.00,125.75,284.75,0.500,Idle,4.55,8.16,297.85,4600.00,11499.37,486.79,,0,100,39.00,-61,4417622,-269474.94,4,fused
57244,000000057244.jpg,640x425,1,0.545265,0,0,FP,yolov8l_bsz4.ms,159.00,125.75,284.75,0.500,Idle,4.55,8.16,297.85,4600.00,11499.37,486.79,,0,100,39.00,-61,4417622,-269474.94,4,fused
1532,000000001532.jpg,640x480,1,0.545023,0,0,FP,yolov8l_bsz4.ms,159.00,125.75,284.75,0.500,Idle,4.55,8.16,297.85,4600.00,11499.37,486.79,,0,100,39.00,-61,4417622,-269474.94,4,fused
233139,000000233139.jpg,640x427,1,0.544583,0,0,FP,yolov8l_bsz4.ms,159.00,125.75,284.75,0.500,Idle,4.55,8.16,297.85,4600.00,11499.37,486.79,,0,100,39.00,-61,4417622,-269474.94,4,fused
431896,000000431896.jpg,640x428,1,0.543833,0,0,FP,yolov8l_bsz4.ms,169.50,121.00,290.50,0.500,Idle,5.12,8.16,375.63,4522.00,11499.37,406.90,,0,100,39.00,-114,4415638,-503382.73,4,fused
232538,000000232538.jpg,640x480,1,0.543798,0,0,FP,yolov8l_bsz4.ms,169.50,121.00,290.50,0.500,Idle,5.12,8.16,375.63,4522.00,11499.37,406.90,,0,100,39.00,-114,4415638,-503382.73,4,fused
420069,000000420069.jpg,640x457,1,0.543590,1,1,TP,yolov8l_bsz4.ms,169.50,121.00,290.50,0.500,Idle,5.12,8.16,375.63,4522.00,11499.37,406.90,,0,100,39.00,-114,4415638,-503382.73,4,fused
408112,000000408112.jpg,640x480,1,0.542882,1,1,TP,yolov8l_bsz4.ms,169.50,121.00,290.50,0.500,Idle,5.12,8.16,375.63,4522.00,11499.37,406.90,,0,100,39.00,-114,4415638,-503382.73,4,fused
537964,000000537964.jpg,640x430,1,0.542527,0,0,FP,yolov8l_bsz4.ms,165.50,120.00,285.50,0.500,Idle,4.71,8.67,374.69,4523.00,11499.37,406.68,,0,100,39.00,-120,4415385,-529846.20,4,fused
551350,000000551350.jpg,640x480,1,0.542520,0,0,FP,yolov8l_bsz4.ms,165.50,120.00,285.50,0.500,Idle,4.71,8.67,374.69,4523.00,11499.37,406.68,,0,100,39.00,-120,4415385,-529846.20,4,fused
190648,000000190648.jpg,640x480,1,0.542508,0,0,FP,yolov8l_bsz4.ms,165.50,120.00,285.50,0.500,Idle,4.71,8.67,374.69,4523.00,11499.37,406.68,,0,100,39.00,-120,4415385,-529846.20,4,fused
95843,000000095843.jpg,640x421,1,0.542488,0,0,FP,yolov8l_bsz4.ms,165.50,120.00,285.50,0.500,Idle,4.71,8.67,374.69,4523.00,11499.37,406.68,,0,100,39.00,-120,4415385,-529846.20,4,fused
292082,000000292082.jpg,640x640,1,0.542401,1,1,TP,yolov8l_bsz4.ms,171.75,120.00,291.75,0.500,Idle,4.60,8.67,354.28,4544.00,11499.37,426.66,,0,100,39.00,-146,4414430,-644506.78,4,fused
489924,000000489924.jpg,612x612,1,0.542386,1,1,TP,yolov8l_bsz4.ms,171.75,120.00,291.75,0.500,Idle,4.60,8.67,354.28,4544.00,11499.37,426.66,,0,100,39.00,-146,4414430,-644506.78,4,fused
127135,000000127135.jpg,427x640,1,0.542217,0,0,FP,yolov8l_bsz4.ms,171.75,120.00,291.75,0.500,Idle,4.60,8.67,354.28,4544.00,11499.37,426.66,,0,100,39.00,-146,4414430,-644506.78,4,fused
452515,000000452515.jpg,224x500,1,0.542115,1,1,TP,yolov8l_bsz4.ms,171.75,120.00,291.75,0.500,Idle,4.60,8.67,354.28,4544.00,11499.37,426.66,,0,100,39.00,-146,4414430,-644506.78,4,fused
578093,000000578093.jpg,640x480,1,0.542112,1,1,TP,yolov8l_bsz4.ms,167.25,120.75,288.00,0.500,Idle,4.52,8.11,297.63,4601.00,11499.37,482.29,,0,100,39.00,-105,4415773,-463656.16,4,fused
470121,000000470121.jpg,640x480,1,0.541761,0,0,FP,yolov8l_bsz4.ms,167.25,120.75,288.00,0.500,Idle,4.52,8.11,297.63,4601.00,11499.37,482.29,,0,100,39.00,-105,4415773,-463656.16,4,fused
200839,000000200839.jpg,640x480,1,0.539792,1,1,TP,yolov8l_bsz4.ms,167.25,120.75,288.00,0.500,Idle,4.52,8.11,297.63,4601.00,11499.37,482.29,,0,100,39.00,-105,4415773,-463656.16,4,fused
387148,000000387148.jpg,640x425,1,0.539768,0,0,FP,yolov8l_bsz4.ms,167.25,120.75,288.00,0.500,Idle,4.52,8.11,297.63,4601.00,11499.37,482.29,,0,100,39.00,-105,4415773,-463656.16,4,fused
476415,000000476415.jpg,426x640,1,0.539746,1,1,TP,yolov8l_bsz4.ms,167.25,129.25,296.50,0.500,Idle,4.43,8.11,373.88,4526.00,11499.37,405.01,,0,100,39.00,-156,4413938,-688574.33,4,fused
392818,000000392818.jpg,500x451,1,0.539394,0,0,FP,yolov8l_bsz4.ms,167.25,129.25,296.50,0.500,Idle,4.43,8.11,373.88,4526.00,11499.37,405.01,,0,100,39.00,-156,4413938,-688574.33,4,fused
136466,000000136466.jpg,332x500,1,0.539391,0,0,FP,yolov8l_bsz4.ms,167.25,129.25,296.50,0.500,Idle,4.43,8.11,373.88,4526.00,11499.37,405.01,,0,100,39.00,-156,4413938,-688574.33,4,fused
508639,000000508639.jpg,640x480,1,0.539078,0,0,FP,yolov8l_bsz4.ms,167.25,129.25,296.50,0.500,Idle,4.43,8.11,373.88,4526.00,11499.37,405.01,,0,100,39.00,-156,4413938,-688574.33,4,fused
243867,000000243867.jpg,640x428,1,0.538963,1,1,TP,yolov8l_bsz4.ms,166.75,125.50,292.25,0.500,Idle,4.42,7.94,371.44,4529.00,11499.37,406.35,,0,100,39.00,-57,4417268,-251784.28,4,fused
6614,000000006614.jpg,500x396,1,0.538693,0,0,FP,yolov8l_bsz4.ms,166.75,125.50,292.25,0.500,Idle,4.42,7.94,371.44,4529.00,11499.37,406.35,,0,100,39.00,-57,4417268,-251784.28,4,fused
231125,000000231125.jpg,375x500,1,0.538306,1,1,TP,yolov8l_bsz4.ms,166.75,125.50,292.25,0.500,Idle,4.42,7.94,371.44,4529.00,11499.37,406.35,,0,100,39.00,-57,4417268,-251784.28,4,fused
565012,000000565012.jpg,640x425,1,0.538006,0,0,FP,yolov8l_bsz4.ms,166.75,125.50,292.25,0.500,Idle,4.42,7.94,371.44,4529.00,11499.37,406.35,,0,100,39.00,-57,4417268,-251784.28,4,fused
520009,000000520009.jpg,500x412,1,0.537908,1,1,TP,yolov8l_bsz4.ms,166.00,116.75,282.75,0.500,Idle,4.43,7.94,350.38,4551.00,11499.37,425.83,,0,100,39.00,-79,4416740,-348922.46,4,fused
248111,000000248111.jpg,640x427,1,0.537836,0,0,FP,yolov8l_bsz4.ms,166.00,116.75,282.75,0.500,Idle,4.43,7.94,350.38,4551.00,11499.37,425.83,,0,100,39.00,-79,4416740,-348922.46,4,fused
429530,000000429530.jpg,640x478,1,0.537091,0,0,FP,yolov8l_bsz4.ms,166.00,116.75,282.75,0.500,Idle,4.43,7.94,350.38,4551.00,11499.37,425.83,,0,100,39.00,-79,4416740,-348922.46,4,fused
221017,000000221017.jpg,640x480,1,0.537077,0,0,FP,yolov8l_bsz4.ms,166.00,116.75,282.75,0.500,Idle,4.43,7.94,350.38,4551.00,11499.37,425.83,,0,100,39.00,-79,4416740,-348922.46,4,fused
245102,000000245102.jpg,640x427,1,0.536477,0,0,FP,yolov8l_bsz4.ms,163.50,124.00,287.50,0.500,Idle,4.38,8.52,304.97,4594.00,11499.37,470.25,,0,100,39.00,-66,4417232,-291537.31,4,fused
528524,000000528524.jpg,480x640,1,0.536393,0,0,FP,yolov8l_bsz4.ms,163.50,124.00,287.50,0.500,Idle,4.38,8.52,304.97,4594.00,11499.37,470.25,,0,100,39.00,-66,4417232,-291537.31,4,fused
166391,000000166391.jpg,640x427,1,0.535877,0,0,FP,yolov8l_bsz4.ms,163.50,124.00,287.50,0.500,Idle,4.38,8.52,304.97,4594.00,11499.37,470.25,,0,100,39.00,-66,4417232,-291537.31,4,fused
437514,000000437514.jpg,640x556,1,0.535496,1,1,TP,yolov8l_bsz4.ms,163.50,124.00,287.50,0.500,Idle,4.38,8.52,304.97,4594.00,11499.37,470.25,,0,100,39.00,-66,4417232,-291537.31,4,fused
149770,000000149770.jpg,200x145,1,0.535417,1,1,TP,yolov8l_bsz4.ms,162.75,119.50,282.25,0.500,Idle,7.04,8.52,371.86,4531.00,11499.37,401.86,,0,100,39.00,-65,4417312,-287125.28,4,fused
305317,000000305317.jpg,334x500,1,0.535364,1,1,TP,yolov8l_bsz4.ms,162.75,119.50,282.25,0.500,Idle,7.04,8.52,371.86,4531.00,11499.37,401.86,,0,100,39.00,-65,4417312,-287125.28,4,fused
459954,000000459954.jpg,500x375,1,0.535061,1,1,TP,yolov8l_bsz4.ms,162.75,119.50,282.25,0.500,Idle,7.04,8.52,371.86,4531.00,11499.37,401.86,,0,100,39.00,-65,4417312,-287125.28,4,fused
107087,000000107087.jpg,640x427,1,0.535033,0,0,FP,yolov8l_bsz4.ms,162.75,119.50,282.25,0.500,Idle,7.04,8.52,371.86,4531.00,11499.37,401.86,,0,100,39.00,-65,4417312,-287125.28,4,fused
35062,000000035062.jpg,425x640,1,0.534749,1,1,TP,yolov8l_bsz4.ms,167.25,119.50,286.75,0.500,Idle,5.24,9.22,370.69,4532.00,11499.37,401.87,,0,100,39.00,-61,4417372,-269459.69,4,fused
312192,000000312192.jpg,640x480,1,0.533587,1,1,TP,yolov8l_bsz4.ms,167.25,119.50,286.75,0.500,Idle,5.24,9.22,370.69,4532.00,11499.37,401.87,,0,100,39.00,-61,4417372,-269459.69,4,fused
355610,000000355610.jpg,640x427,1,0.533367,0,0,FP,yolov8l_bsz4.ms,167.25,119.50,286.75,0.500,Idle,5.24,9.22,370.69,4532.00,11499.37,401.87,,0,100,39.00,-61,4417372,-269459.69,4,fused
255536,000000255536.jpg,400x400,1,0.533098,1,1,TP,yolov8l_bsz4.ms,167.25,119.50,286.75,0.500,Idle,5.24,9.22,370.69,4532.00,11499.37,401.87,,0,100,39.00,-61,4417372,-269459.69,4,fused
412887,000000412887.jpg,483x640,1,0.532680,0,0,FP,yolov8l_bsz4.ms,163.50,119.75,283.25,0.500,Idle,4.93,9.22,350.37,4553.00,11499.37,421.49,,0,100,39.00,-64,4417300,-282707.20,4,fused
549738,000000549738.jpg,640x426,1,0.532119,1,1,TP,yolov8l_bsz4.ms,163.50,119.75,283.25,0.500,Idle,4.93,9.22,350.37,4553.00,11499.37,421.49,,0,100,39.00,-64,4417300,-282707.20,4,fused
100428,000000100428.jpg,640x491,1,0.531144,1,1,TP,yolov8l_bsz4.ms,163.50,119.75,283.25,0.500,Idle,4.93,9.22,350.37,4553.00,11499.37,421.49,,0,100,39.00,-64,4417300,-282707.20,4,fused
15751,000000015751.jpg,640x427,1,0.531124,0,0,FP,yolov8l_bsz4.ms,163.50,119.75,283.25,0.500,Idle,4.93,9.22,350.37,4553.00,11499.37,421.49,,0,100,39.00,-64,4417300,-282707.20,4,fused
121506,000000121506.jpg,612x612,1,0.529781,0,0,FP,yolov8l_bsz4.ms,162.50,93.25,255.75,0.500,Idle,4.69,9.86,298.10,4605.00,11499.37,472.42,,0,100,39.00,-192,4413200,-847334.40,4,fused
458702,000000458702.jpg,427x640,1,0.529039,0,0,FP,yolov8l_bsz4.ms,162.50,93.25,255.75,0.500,Idle,4.69,9.86,298.10,4605.00,11499.37,472.42,,0,100,39.00,-192,4413200,-847334.40,4,fused
96549,000000096549.jpg,640x214,1,0.528482,0,0,FP,yolov8l_bsz4.ms,162.50,93.25,255.75,0.500,Idle,4.69,9.86,298.10,4605.00,11499.37,472.42,,0,100,39.00,-192,4413200,-847334.40,4,fused
499622,000000499622.jpg,412x456,1,0.528335,1,1,TP,yolov8l_bsz4.ms,162.50,93.25,255.75,0.500,Idle,4.69,9.86,298.10,4605.00,11499.37,472.42,,0,100,39.00,-192,4413200,-847334.40,4,fused
403817,000000403817.jpg,500x375,1,0.528114,0,0,FP,yolov8l_bsz4.ms,167.25,99.50,266.75,0.500,Idle,4.46,9.86,372.69,4531.00,11499.37,397.47,,0,100,39.00,-161,4413975,-710649.97,4,fused
565391,000000565391.jpg,480x640,1,0.528074,0,0,FP,yolov8l_bsz4.ms,167.25,99.50,266.75,0.500,Idle,4.46,9.86,372.69,4531.00,11499.37,397.47,,0,100,39.00,-161,4413975,-710649.97,4,fused
532901,000000532901.jpg,600x354,1,0.527909,0,0,FP,yolov8l_bsz4.ms,167.25,99.50,266.75,0.500,Idle,4.46,9.86,372.69,4531.00,11499.37,397.47,,0,100,39.00,-161,4413975,-710649.97,4,fused
84477,000000084477.jpg,640x427,1,0.527828,1,1,TP,yolov8l_bsz4.ms,167.25,99.50,266.75,0.500,Idle,4.46,9.86,372.69,4531.00,11499.37,397.47,,0,100,39.00,-161,4413975,-710649.97,4,fused
95786,000000095786.jpg,500x334,1,0.525588,0,0,FP,yolov8l_bsz4.ms,163.25,114.25,277.50,0.500,Idle,4.43,8.92,371.81,4533.00,11499.37,397.07,,0,100,39.00,-160,4414192,-706270.72,4,fused
366141,000000366141.jpg,640x480,1,0.525428,0,0,FP,yolov8l_bsz4.ms,163.25,114.25,277.50,0.500,Idle,4.43,8.92,371.81,4533.00,11499.37,397.07,,0,100,39.00,-160,4414192,-706270.72,4,fused
554735,000000554735.jpg,640x480,1,0.525418,1,1,TP,yolov8l_bsz4.ms,163.25,114.25,277.50,0.500,Idle,4.43,8.92,371.81,4533.00,11499.37,397.07,,0,100,39.00,-160,4414192,-706270.72,4,fused
326462,000000326462.jpg,612x612,1,0.524299,1,1,TP,yolov8l_bsz4.ms,163.25,114.25,277.50,0.500,Idle,4.43,8.92,371.81,4533.00,11499.37,397.07,,0,100,39.00,-160,4414192,-706270.72,4,fused
287667,000000287667.jpg,640x480,1,0.524201,0,0,FP,yolov8l_bsz4.ms,160.50,114.25,274.75,0.500,Idle,4.44,8.92,352.04,4552.00,11499.37,416.16,,0,100,39.00,-66,4417253,-291538.70,4,fused
434996,000000434996.jpg,500x375,1,0.523851,0,0,FP,yolov8l_bsz4.ms,160.50,114.25,274.75,0.500,Idle,4.44,8.92,352.04,4552.00,11499.37,416.16,,0,100,39.00,-66,4417253,-291538.70,4,fused
488385,000000488385.jpg,480x640,1,0.523149,0,0,FP,yolov8l_bsz4.ms,160.50,114.25,274.75,0.500,Idle,4.44,8.92,352.04,4552.00,11499.37,416.16,,0,100,39.00,-66,4417253,-291538.70,4,fused
151857,000000151857.jpg,640x453,1,0.522960,0,0,FP,yolov8l_bsz4.ms,160.50,114.25,274.75,0.500,Idle,4.44,8.92,352.04,4552.00,11499.37,416.16,,0,100,39.00,-66,4417253,-291538.70,4,fused
632,000000000632.jpg,640x483,1,0.522879,0,0,FP,yolov8l_bsz4.ms,166.50,124.25,290.75,0.500,Idle,4.43,8.76,306.48,4598.00,11499.37,460.04,,0,100,39.00,-64,4417351,-282710.46,4,fused
312213,000000312213.jpg,640x480,1,0.521967,0,0,FP,yolov8l_bsz4.ms,166.50,124.25,290.75,0.500,Idle,4.43,8.76,306.48,4598.00,11499.37,460.04,,0,100,39.00,-64,4417351,-282710.46,4,fused
290081,000000290081.jpg,612x612,1,0.521765,0,0,FP,yolov8l_bsz4.ms,166.50,124.25,290.75,0.500,Idle,4.43,8.76,306.48,4598.00,11499.37,460.04,,0,100,39.00,-64,4417351,-282710.46,4,fused
225532,000000225532.jpg,500x375,1,0.521656,0,0,FP,yolov8l_bsz4.ms,166.50,124.25,290.75,0.500,Idle,4.43,8.76,306.48,4598.00,11499.37,460.04,,0,100,39.00,-64,4417351,-282710.46,4,fused
328286,000000328286.jpg,640x424,1,0.521571,0,0,FP,yolov8l_bsz4.ms,158.75,111.00,269.75,0.500,Idle,4.38,8.76,373.50,4533.00,11499.37,391.95,,0,100,39.00,-62,4417367,-273876.75,4,fused
40471,000000040471.jpg,427x640,1,0.521556,0,0,FP,yolov8l_bsz4.ms,158.75,111.00,269.75,0.500,Idle,4.38,8.76,373.50,4533.00,11499.37,391.95,,0,100,39.00,-62,4417367,-273876.75,4,fused
50006,000000050006.jpg,640x480,1,0.521402,1,1,TP,yolov8l_bsz4.ms,158.75,111.00,269.75,0.500,Idle,4.38,8.76,373.50,4533.00,11499.37,391.95,,0,100,39.00,-62,4417367,-273876.75,4,fused
390301,000000390301.jpg,500x364,1,0.521098,0,0,FP,yolov8l_bsz4.ms,158.75,111.00,269.75,0.500,Idle,4.38,8.76,373.50,4533.00,11499.37,391.95,,0,100,39.00,-62,4417367,-273876.75,4,fused
177213,000000177213.jpg,640x359,1,0.521007,1,1,TP,yolov8l_bsz4.ms,162.50,104.50,267.00,0.500,Idle,3.58,7.69,373.92,4533.00,11499.37,390.13,,0,100,39.00,-65,4417418,-287132.17,4,fused
457848,000000457848.jpg,640x427,1,0.520863,1,1,TP,yolov8l_bsz4.ms,162.50,104.50,267.00,0.500,Idle,3.58,7.69,373.92,4533.00,11499.37,390.13,,0,100,39.00,-65,4417418,-287132.17,4,fused
117908,000000117908.jpg,500x320,1,0.520493,1,1,TP,yolov8l_bsz4.ms,162.50,104.50,267.00,0.500,Idle,3.58,7.69,373.92,4533.00,11499.37,390.13,,0,100,39.00,-65,4417418,-287132.17,4,fused
409542,000000409542.jpg,428x640,1,0.520123,1,1,TP,yolov8l_bsz4.ms,162.50,104.50,267.00,0.500,Idle,3.58,7.69,373.92,4533.00,11499.37,390.13,,0,100,39.00,-65,4417418,-287132.17,4,fused
139883,000000139883.jpg,640x427,1,0.519879,0,0,FP,yolov8l_bsz4.ms,164.25,109.50,273.75,0.500,Idle,3.86,7.69,353.38,4554.00,11499.37,410.08,,0,100,39.00,-67,4417415,-295966.80,4,fused
25560,000000025560.jpg,640x480,1,0.519613,1,1,TP,yolov8l_bsz4.ms,164.25,109.50,273.75,0.500,Idle,3.86,7.69,353.38,4554.00,11499.37,410.08,,0,100,39.00,-67,4417415,-295966.80,4,fused
411665,000000411665.jpg,640x427,1,0.519498,0,0,FP,yolov8l_bsz4.ms,164.25,109.50,273.75,0.500,Idle,3.86,7.69,353.38,4554.00,11499.37,410.08,,0,100,39.00,-67,4417415,-295966.80,4,fused
245173,000000245173.jpg,480x640,1,0.518918,0,0,FP,yolov8l_bsz4.ms,164.25,109.50,273.75,0.500,Idle,3.86,7.69,353.38,4554.00,11499.37,410.08,,0,100,39.00,-67,4417415,-295966.80,4,fused
39551,000000039551.jpg,640x427,1,0.518362,1,1,TP,yolov8l_bsz4.ms,158.50,111.00,269.50,0.500,Idle,4.03,7.48,297.90,4610.00,11499.37,464.71,,0,100,39.00,-63,4417485,-278301.55,4,fused
60932,000000060932.jpg,640x428,1,0.517193,1,1,TP,yolov8l_bsz4.ms,158.50,111.00,269.50,0.500,Idle,4.03,7.48,297.90,4610.00,11499.37,464.71,,0,100,39.00,-63,4417485,-278301.55,4,fused
384949,000000384949.jpg,640x457,1,0.516920,0,0,FP,yolov8l_bsz4.ms,158.50,111.00,269.50,0.500,Idle,4.03,7.48,297.90,4610.00,11499.37,464.71,,0,100,39.00,-63,4417485,-278301.55,4,fused
348881,000000348881.jpg,640x462,1,0.516892,1,1,TP,yolov8l_bsz4.ms,158.50,111.00,269.50,0.500,Idle,4.03,7.48,297.90,4610.00,11499.37,464.71,,0,100,39.00,-63,4417485,-278301.55,4,fused
529528,000000529528.jpg,500x333,1,0.516747,0,0,FP,yolov8l_bsz4.ms,163.75,107.50,271.25,0.500,Idle,3.94,7.48,373.84,4534.00,11499.37,387.97,,0,100,39.00,-68,4417333,-300378.64,4,fused
578500,000000578500.jpg,640x290,1,0.516317,0,0,FP,yolov8l_bsz4.ms,163.75,107.50,271.25,0.500,Idle,3.94,7.48,373.84,4534.00,11499.37,387.97,,0,100,39.00,-68,4417333,-300378.64,4,fused
39670,000000039670.jpg,640x640,1,0.516136,0,0,FP,yolov8l_bsz4.ms,163.75,107.50,271.25,0.500,Idle,3.94,7.48,373.84,4534.00,11499.37,387.97,,0,100,39.00,-68,4417333,-300378.64,4,fused
426329,000000426329.jpg,640x428,1,0.515552,0,0,FP,yolov8l_bsz4.ms,163.75,107.50,271.25,0.500,Idle,3.94,7.48,373.84,4534.00,11499.37,387.97,,0,100,39.00,-68,4417333,-300378.64,4,fused
85665,000000085665.jpg,506x640,1,0.515522,0,0,FP,yolov8l_bsz4.ms,163.25,118.75,282.00,0.500,Idle,4.10,7.56,371.52,4536.00,11499.37,389.32,,0,100,39.00,-115,4415940,-507833.10,4,fused
473015,000000473015.jpg,640x427,1,0.515031,0,0,FP,yolov8l_bsz4.ms,163.25,118.75,282.00,0.500,Idle,4.10,7.56,371.52,4536.00,11499.37,389.32,,0,100,39.00,-115,4415940,-507833.10,4,fused
10363,000000010363.jpg,640x361,1,0.514869,0,0,FP,yolov8l_bsz4.ms,163.25,118.75,282.00,0.500,Idle,4.10,7.56,371.52,4536.00,11499.37,389.32,,0,100,39.00,-115,4415940,-507833.10,4,fused
277584,000000277584.jpg,640x480,1,0.514520,0,0,FP,yolov8l_bsz4.ms,163.25,118.75,282.00,0.500,Idle,4.10,7.56,371.52,4536.00,11499.37,389.32,,0,100,39.00,-115,4415940,-507833.10,4,fused
497568,000000497568.jpg,640x424,1,0.514256,1,1,TP,yolov8l_bsz4.ms,162.25,106.50,268.75,0.500,Idle,4.12,7.56,352.32,4557.00,11499.37,407.14,,0,100,39.00,-70,4417257,-309207.99,4,fused
24027,000000024027.jpg,500x375,1,0.513994,1,1,TP,yolov8l_bsz4.ms,162.25,106.50,268.75,0.500,Idle,4.12,7.56,352.32,4557.00,11499.37,407.14,,0,100,39.00,-70,4417257,-309207.99,4,fused
327617,000000327617.jpg,379x640,1,0.513630,1,1,TP,yolov8l_bsz4.ms,162.25,106.50,268.75,0.500,Idle,4.12,7.56,352.32,4557.00,11499.37,407.14,,0,100,39.00,-70,4417257,-309207.99,4,fused
475904,000000475904.jpg,640x426,1,0.513566,0,0,FP,yolov8l_bsz4.ms,162.25,106.50,268.75,0.500,Idle,4.12,7.56,352.32,4557.00,11499.37,407.14,,0,100,39.00,-70,4417257,-309207.99,4,fused
141597,000000141597.jpg,640x427,1,0.513032,0,0,FP,yolov8l_bsz4.ms,161.50,101.50,263.00,0.500,Idle,4.11,8.81,302.63,4570.00,11499.37,419.32,,0,100,39.00,-114,4416065,-503431.41,4,fused
372203,000000372203.jpg,640x360,1,0.512960,0,0,FP,yolov8l_bsz4.ms,161.50,101.50,263.00,0.500,Idle,4.11,8.81,302.63,4570.00,11499.37,419.32,,0,100,39.00,-114,4416065,-503431.41,4,fused
277197,000000277197.jpg,600x416,1,0.512673,0,0,FP,yolov8l_bsz4.ms,161.50,101.50,263.00,0.500,Idle,4.11,8.81,302.63,4570.00,11499.37,419.32,,0,100,39.00,-114,4416065,-503431.41,4,fused
55022,000000055022.jpg,480x640,1,0.511787,1,1,TP,yolov8l_bsz4.ms,161.50,101.50,263.00,0.500,Idle,4.11,8.81,302.63,4570.00,11499.37,419.32,,0,100,39.00,-114,4416065,-503431.41,4,fused
48153,000000048153.jpg,500x375,1,0.511406,1,1,TP,yolov8l_bsz4.ms,163.75,114.50,278.25,0.500,Idle,4.11,8.81,373.23,4485.00,11499.37,331.93,,0,100,39.00,-70,4417297,-309210.79,4,fused
402118,000000402118.jpg,640x428,1,0.510455,1,1,TP,yolov8l_bsz4.ms,163.75,114.50,278.25,0.500,Idle,4.11,8.81,373.23,4485.00,11499.37,331.93,,0,100,39.00,-70,4417297,-309210.79,4,fused
55299,000000055299.jpg,640x429,1,0.510227,0,0,FP,yolov8l_bsz4.ms,163.75,114.50,278.25,0.500,Idle,4.11,8.81,373.23,4485.00,11499.37,331.93,,0,100,39.00,-70,4417297,-309210.79,4,fused
296317,000000296317.jpg,640x480,1,0.510102,0,0,FP,yolov8l_bsz4.ms,163.75,114.50,278.25,0.500,Idle,4.11,8.81,373.23,4485.00,11499.37,331.93,,0,100,39.00,-70,4417297,-309210.79,4,fused
1425,000000001425.jpg,640x512,1,0.510046,0,0,FP,yolov8l_bsz4.ms,161.50,114.25,275.75,0.500,Idle,8.23,16.46,369.83,4535.00,11499.37,379.37,,0,100,39.00,-112,4415826,-494572.51,4,fused
562059,000000562059.jpg,427x640,1,0.510034,0,0,FP,yolov8l_bsz4.ms,161.50,114.25,275.75,0.500,Idle,8.23,16.46,369.83,4535.00,11499.37,379.37,,0,100,39.00,-112,4415826,-494572.51,4,fused
283037,000000283037.jpg,427x640,1,0.509499,0,0,FP,yolov8l_bsz4.ms,161.50,114.25,275.75,0.500,Idle,8.23,16.46,369.83,4535.00,11499.37,379.37,,0,100,39.00,-112,4415826,-494572.51,4,fused
474095,000000474095.jpg,333x500,1,0.509407,1,1,TP,yolov8l_bsz4.ms,161.50,114.25,275.75,0.500,Idle,8.23,16.46,369.83,4535.00,11499.37,379.37,,0,100,39.00,-112,4415826,-494572.51,4,fused
516871,000000516871.jpg,640x418,1,0.508743,0,0,FP,yolov8l_bsz4.ms,163.25,108.75,272.00,0.500,Idle,5.25,16.46,351.16,4554.00,11499.37,397.27,,0,100,39.00,-66,4417378,-291546.95,4,fused
94336,000000094336.jpg,500x336,1,0.508657,0,0,FP,yolov8l_bsz4.ms,163.25,108.75,272.00,0.500,Idle,5.25,16.46,351.16,4554.00,11499.37,397.27,,0,100,39.00,-66,4417378,-291546.95,4,fused
579900,000000579900.jpg,375x500,1,0.508448,0,0,FP,yolov8l_bsz4.ms,163.25,108.75,272.00,0.500,Idle,5.25,16.46,351.16,4554.00,11499.37,397.27,,0,100,39.00,-66,4417378,-291546.95,4,fused
473821,000000473821.jpg,500x333,1,0.508291,0,0,FP,yolov8l_bsz4.ms,163.25,108.75,272.00,0.500,Idle,5.25,16.46,351.16,4554.00,11499.37,397.27,,0,100,39.00,-66,4417378,-291546.95,4,fused
458054,000000458054.jpg,640x426,1,0.508105,0,0,FP,yolov8l_bsz4.ms,159.25,127.25,286.50,0.500,Idle,4.96,8.91,305.85,4606.00,11499.37,447.32,,0,100,39.00,-67,4417348,-295962.32,4,fused
32861,000000032861.jpg,426x640,1,0.508028,1,1,TP,yolov8l_bsz4.ms,159.25,127.25,286.50,0.500,Idle,4.96,8.91,305.85,4606.00,11499.37,447.32,,0,100,39.00,-67,4417348,-295962.32,4,fused
353518,000000353518.jpg,640x414,1,0.507811,1,1,TP,yolov8l_bsz4.ms,159.25,127.25,286.50,0.500,Idle,4.96,8.91,305.85,4606.00,11499.37,447.32,,0,100,39.00,-67,4417348,-295962.32,4,fused
98520,000000098520.jpg,640x480,1,0.507753,0,0,FP,yolov8l_bsz4.ms,159.25,127.25,286.50,0.500,Idle,4.96,8.91,305.85,4606.00,11499.37,447.32,,0,100,39.00,-67,4417348,-295962.32,4,fused
88462,000000088462.jpg,640x383,1,0.507487,0,0,FP,yolov8l_bsz4.ms,158.25,114.75,273.00,0.500,Idle,4.61,8.91,373.34,4539.00,11499.37,378.74,,0,100,39.00,-63,4417447,-278299.16,4,fused
560256,000000560256.jpg,640x480,1,0.507399,0,0,FP,yolov8l_bsz4.ms,158.25,114.75,273.00,0.500,Idle,4.61,8.91,373.34,4539.00,11499.37,378.74,,0,100,39.00,-63,4417447,-278299.16,4,fused
344100,000000344100.jpg,640x427,1,0.507031,0,0,FP,yolov8l_bsz4.ms,158.25,114.75,273.00,0.500,Idle,4.61,8.91,373.34,4539.00,11499.37,378.74,,0,100,39.00,-63,4417447,-278299.16,4,fused
134112,000000134112.jpg,500x357,1,0.507005,0,0,FP,yolov8l_bsz4.ms,158.25,114.75,273.00,0.500,Idle,4.61,8.91,373.34,4539.00,11499.37,378.74,,0,100,39.00,-63,4417447,-278299.16,4,fused
388258,000000388258.jpg,640x478,1,0.506667,0,0,FP,yolov8l_bsz4.ms,160.75,119.25,280.00,0.500,Idle,4.67,8.33,372.87,4540.00,11499.37,378.54,,0,100,39.00,-62,4417466,-273882.89,4,fused
416991,000000416991.jpg,640x329,1,0.505580,0,0,FP,yolov8l_bsz4.ms,160.75,119.25,280.00,0.500,Idle,4.67,8.33,372.87,4540.00,11499.37,378.54,,0,100,39.00,-62,4417466,-273882.89,4,fused
480275,000000480275.jpg,640x471,1,0.504823,1,1,TP,yolov8l_bsz4.ms,160.75,119.25,280.00,0.500,Idle,4.67,8.33,372.87,4540.00,11499.37,378.54,,0,100,39.00,-62,4417466,-273882.89,4,fused
269314,000000269314.jpg,640x480,1,0.504633,0,0,FP,yolov8l_bsz4.ms,160.75,119.25,280.00,0.500,Idle,4.67,8.33,372.87,4540.00,11499.37,378.54,,0,100,39.00,-62,4417466,-273882.89,4,fused
83531,000000083531.jpg,500x275,1,0.504295,1,1,TP,yolov8l_bsz4.ms,156.25,107.00,263.25,0.500,Idle,4.61,8.33,351.62,4562.00,11499.37,399.36,,0,100,39.00,-59,4417617,-260639.40,4,fused
513524,000000513524.jpg,640x425,1,0.503912,1,1,TP,yolov8l_bsz4.ms,156.25,107.00,263.25,0.500,Idle,4.61,8.33,351.62,4562.00,11499.37,399.36,,0,100,39.00,-59,4417617,-260639.40,4,fused
130465,000000130465.jpg,640x428,1,0.502974,0,0,FP,yolov8l_bsz4.ms,156.25,107.00,263.25,0.500,Idle,4.61,8.33,351.62,4562.00,11499.37,399.36,,0,100,39.00,-59,4417617,-260639.40,4,fused
293300,000000293300.jpg,640x427,1,0.502315,1,1,TP,yolov8l_bsz4.ms,156.25,107.00,263.25,0.500,Idle,4.61,8.33,351.62,4562.00,11499.37,399.36,,0,100,39.00,-59,4417617,-260639.40,4,fused
503841,000000503841.jpg,640x598,1,0.502042,0,0,FP,yolov8l_bsz4.ms,158.00,111.75,269.75,0.500,Idle,4.55,8.27,299.22,4615.00,11499.37,450.02,,0,100,39.00,-72,4417270,-318043.44,4,fused
61268,000000061268.jpg,640x424,1,0.500452,1,1,TP,yolov8l_bsz4.ms,158.00,111.75,269.75,0.500,Idle,4.55,8.27,299.22,4615.00,11499.37,450.02,,0,100,39.00,-72,4417270,-318043.44,4,fused
323828,000000323828.jpg,427x640,1,0.500334,0,0,FP,yolov8l_bsz4.ms,158.00,111.75,269.75,0.500,Idle,4.55,8.27,299.22,4615.00,11499.37,450.02,,0,100,39.00,-72,4417270,-318043.44,4,fused
290179,000000290179.jpg,640x426,1,0.500319,1,1,TP,yolov8l_bsz4.ms,158.00,111.75,269.75,0.500,Idle,4.55,8.27,299.22,4615.00,11499.37,450.02,,0,100,39.00,-72,4417270,-318043.44,4,fused
60052,000000060052.jpg,640x427,1,0.500185,1,1,TP,yolov8l_bsz4.ms,156.75,123.00,279.75,0.500,Idle,4.50,8.27,374.24,4540.00,11499.37,373.97,,0,100,39.00,-59,4417553,-260635.63,4,fused
112298,000000112298.jpg,640x480,0,0.499857,1,0,FN,yolov8l_bsz4.ms,156.75,123.00,279.75,0.500,Idle,4.50,8.27,374.24,4540.00,11499.37,373.97,,0,100,39.00,-59,4417553,-260635.63,4,fused
431727,000000431727.jpg,640x427,0,0.499811,0,1,TN,yolov8l_bsz4.ms,156.75,123.00,279.75,0.500,Idle,4.50,8.27,374.24,4540.00,11499.37,373.97,,0,100,39.00,-59,4417553,-260635.63,4,fused
543300,000000543300.jpg,640x480,0,0.499738,0,1,TN,yolov8l_bsz4.ms,156.75,123.00,279.75,0.500,Idle,4.50,8.27,374.24,4540.00,11499.37,373.97,,0,100,39.00,-59,4417553,-260635.63,4,fused
205401,000000205401.jpg,640x408,0,0.499664,1,0,FN,yolov8l_bsz4.ms,156.00,114.75,270.75,0.500,Idle,4.48,8.33,377.97,4537.00,11499.37,368.75,,0,100,39.00,-71,4417188,-313620.35,4,fused
226662,000000226662.jpg,640x453,0,0.499476,1,0,FN,yolov8l_bsz4.ms,156.00,114.75,270.75,0.500,Idle,4.48,8.33,377.97,4537.00,11499.37,368.75,,0,100,39.00,-71,4417188,-313620.35,4,fused
79651,000000079651.jpg,640x478,0,0.499294,0,1,TN,yolov8l_bsz4.ms,156.00,114.75,270.75,0.500,Idle,4.48,8.33,377.97,4537.00,11499.37,368.75,,0,100,39.00,-71,4417188,-313620.35,4,fused
54967,000000054967.jpg,424x640,0,0.498672,1,0,FN,yolov8l_bsz4.ms,156.00,114.75,270.75,0.500,Idle,4.48,8.33,377.97,4537.00,11499.37,368.75,,0,100,39.00,-71,4417188,-313620.35,4,fused
493613,000000493613.jpg,640x425,0,0.498414,0,1,TN,yolov8l_bsz4.ms,109.50,123.50,233.00,0.500,Idle,5.93,8.33,352.58,4564.00,11499.37,391.34,,0,100,39.00,-68,4417330,-300378.44,4,fused
69795,000000069795.jpg,640x480,0,0.498145,0,1,TN,yolov8l_bsz4.ms,109.50,123.50,233.00,0.500,Idle,5.93,8.33,352.58,4564.00,11499.37,391.34,,0,100,39.00,-68,4417330,-300378.44,4,fused
287649,000000287649.jpg,640x480,0,0.496906,0,1,TN,yolov8l_bsz4.ms,109.50,123.50,233.00,0.500,Idle,5.93,8.33,352.58,4564.00,11499.37,391.34,,0,100,39.00,-68,4417330,-300378.44,4,fused
289222,000000289222.jpg,640x480,0,0.496586,1,0,FN,yolov8l_bsz4.ms,109.50,123.50,233.00,0.500,Idle,5.93,8.33,352.58,4564.00,11499.37,391.34,,0,100,39.00,-68,4417330,-300378.44,4,fused
159282,000000159282.jpg,640x426,0,0.496437,0,1,TN,yolov8l_bsz4.ms,108.50,118.25,226.75,0.500,Idle,5.45,10.13,298.61,4619.00,11499.37,443.78,,0,100,39.00,-67,4416837,-295928.08,4,fused
33114,000000033114.jpg,640x480,0,0.495664,0,1,TN,yolov8l_bsz4.ms,108.50,118.25,226.75,0.500,Idle,5.45,10.13,298.61,4619.00,11499.37,443.78,,0,100,39.00,-67,4416837,-295928.08,4,fused
206994,000000206994.jpg,640x427,0,0.495407,0,1,TN,yolov8l_bsz4.ms,108.50,118.25,226.75,0.500,Idle,5.45,10.13,298.61,4619.00,11499.37,443.78,,0,100,39.00,-67,4416837,-295928.08,4,fused
537053,000000537053.jpg,480x640,0,0.494949,0,1,TN,yolov8l_bsz4.ms,108.50,118.25,226.75,0.500,Idle,5.45,10.13,298.61,4619.00,11499.37,443.78,,0,100,39.00,-67,4416837,-295928.08,4,fused
219440,000000219440.jpg,640x426,0,0.494703,0,1,TN,yolov8l_bsz4.ms,109.75,129.25,239.00,0.500,Idle,5.27,10.13,375.48,4543.00,11499.37,365.12,,0,100,39.00,-72,4416775,-318007.80,4,fused
239274,000000239274.jpg,581x640,0,0.494228,1,0,FN,yolov8l_bsz4.ms,109.75,129.25,239.00,0.500,Idle,5.27,10.13,375.48,4543.00,11499.37,365.12,,0,100,39.00,-72,4416775,-318007.80,4,fused
466085,000000466085.jpg,480x640,0,0.494227,0,1,TN,yolov8l_bsz4.ms,109.75,129.25,239.00,0.500,Idle,5.27,10.13,375.48,4543.00,11499.37,365.12,,0,100,39.00,-72,4416775,-318007.80,4,fused
107554,000000107554.jpg,640x480,0,0.494207,0,1,TN,yolov8l_bsz4.ms,109.75,129.25,239.00,0.500,Idle,5.27,10.13,375.48,4543.00,11499.37,365.12,,0,100,39.00,-72,4416775,-318007.80,4,fused
92177,000000092177.jpg,626x640,0,0.493300,0,1,TN,yolov8l_bsz4.ms,110.75,127.75,238.50,0.500,Idle,5.37,9.56,371.57,4547.00,11499.37,367.89,,0,100,39.00,-116,4415366,-512182.46,4,fused
231169,000000231169.jpg,640x454,0,0.493051,0,1,TN,yolov8l_bsz4.ms,110.75,127.75,238.50,0.500,Idle,5.37,9.56,371.57,4547.00,11499.37,367.89,,0,100,39.00,-116,4415366,-512182.46,4,fused
229221,000000229221.jpg,640x427,0,0.492698,0,1,TN,yolov8l_bsz4.ms,110.75,127.75,238.50,0.500,Idle,5.37,9.56,371.57,4547.00,11499.37,367.89,,0,100,39.00,-116,4415366,-512182.46,4,fused
415990,000000415990.jpg,500x375,0,0.492435,1,0,FN,yolov8l_bsz4.ms,110.75,127.75,238.50,0.500,Idle,5.37,9.56,371.57,4547.00,11499.37,367.89,,0,100,39.00,-116,4415366,-512182.46,4,fused
79034,000000079034.jpg,640x480,0,0.492334,0,1,TN,yolov8l_bsz4.ms,108.50,105.75,214.25,0.500,Idle,5.32,9.56,351.09,4569.00,11499.37,386.70,,0,100,39.00,-69,4416548,-304741.81,4,fused
534673,000000534673.jpg,640x480,0,0.491791,1,0,FN,yolov8l_bsz4.ms,108.50,105.75,214.25,0.500,Idle,5.32,9.56,351.09,4569.00,11499.37,386.70,,0,100,39.00,-69,4416548,-304741.81,4,fused
357060,000000357060.jpg,640x425,0,0.491772,0,1,TN,yolov8l_bsz4.ms,108.50,105.75,214.25,0.500,Idle,5.32,9.56,351.09,4569.00,11499.37,386.70,,0,100,39.00,-69,4416548,-304741.81,4,fused
565469,000000565469.jpg,426x640,0,0.491643,0,1,TN,yolov8l_bsz4.ms,108.50,105.75,214.25,0.500,Idle,5.32,9.56,351.09,4569.00,11499.37,386.70,,0,100,39.00,-69,4416548,-304741.81,4,fused
371529,000000371529.jpg,512x640,0,0.491513,1,0,FN,yolov8l_bsz4.ms,166.50,125.50,292.00,0.500,Idle,5.33,9.56,307.26,4613.00,11499.37,429.29,,0,100,39.00,-68,4416662,-300333.02,4,fused
122672,000000122672.jpg,640x480,0,0.490909,1,0,FN,yolov8l_bsz4.ms,166.50,125.50,292.00,0.500,Idle,5.33,9.56,307.26,4613.00,11499.37,429.29,,0,100,39.00,-68,4416662,-300333.02,4,fused
512985,000000512985.jpg,640x480,0,0.490669,1,0,FN,yolov8l_bsz4.ms,166.50,125.50,292.00,0.500,Idle,5.33,9.56,307.26,4613.00,11499.37,429.29,,0,100,39.00,-68,4416662,-300333.02,4,fused
140583,000000140583.jpg,640x478,0,0.490457,1,0,FN,yolov8l_bsz4.ms,166.50,125.50,292.00,0.500,Idle,5.33,9.56,307.26,4613.00,11499.37,429.29,,0,100,39.00,-68,4416662,-300333.02,4,fused
535253,000000535253.jpg,612x612,0,0.489716,0,1,TN,yolov8l_bsz4.ms,168.25,126.00,294.25,0.500,Idle,5.14,9.01,374.01,4548.00,11499.37,360.92,,0,100,39.00,-66,4416918,-291516.59,4,fused
5503,000000005503.jpg,333x500,0,0.489457,0,1,TN,yolov8l_bsz4.ms,168.25,126.00,294.25,0.500,Idle,5.14,9.01,374.01,4548.00,11499.37,360.92,,0,100,39.00,-66,4416918,-291516.59,4,fused
572555,000000572555.jpg,640x425,0,0.489157,0,1,TN,yolov8l_bsz4.ms,168.25,126.00,294.25,0.500,Idle,5.14,9.01,374.01,4548.00,11499.37,360.92,,0,100,39.00,-66,4416918,-291516.59,4,fused
475365,000000475365.jpg,640x426,0,0.489093,0,1,TN,yolov8l_bsz4.ms,168.25,126.00,294.25,0.500,Idle,5.14,9.01,374.01,4548.00,11499.37,360.92,,0,100,39.00,-66,4416918,-291516.59,4,fused
57238,000000057238.jpg,375x500,0,0.488259,0,1,TN,yolov8l_bsz4.ms,163.50,124.25,287.75,0.500,Idle,5.01,9.01,372.92,4549.00,11499.37,359.92,,0,100,39.00,-67,4416967,-295936.79,4,fused
267940,000000267940.jpg,640x480,0,0.487259,0,1,TN,yolov8l_bsz4.ms,163.50,124.25,287.75,0.500,Idle,5.01,9.01,372.92,4549.00,11499.37,359.92,,0,100,39.00,-67,4416967,-295936.79,4,fused
106912,000000106912.jpg,612x612,0,0.487034,1,0,FN,yolov8l_bsz4.ms,163.50,124.25,287.75,0.500,Idle,5.01,9.01,372.92,4549.00,11499.37,359.92,,0,100,39.00,-67,4416967,-295936.79,4,fused
369503,000000369503.jpg,500x375,0,0.486277,1,0,FN,yolov8l_bsz4.ms,163.50,124.25,287.75,0.500,Idle,5.01,9.01,372.92,4549.00,11499.37,359.92,,0,100,39.00,-67,4416967,-295936.79,4,fused
507235,000000507235.jpg,612x612,0,0.485824,0,1,TN,yolov8l_bsz4.ms,164.50,123.75,288.25,0.500,Idle,4.95,8.88,350.54,4573.00,11499.37,381.69,,0,100,39.00,-64,4417028,-282689.79,4,fused
400082,000000400082.jpg,500x283,0,0.485667,0,1,TN,yolov8l_bsz4.ms,164.50,123.75,288.25,0.500,Idle,4.95,8.88,350.54,4573.00,11499.37,381.69,,0,100,39.00,-64,4417028,-282689.79,4,fused
194746,000000194746.jpg,500x375,0,0.485519,0,1,TN,yolov8l_bsz4.ms,164.50,123.75,288.25,0.500,Idle,4.95,8.88,350.54,4573.00,11499.37,381.69,,0,100,39.00,-64,4417028,-282689.79,4,fused
502168,000000502168.jpg,640x458,0,0.485465,1,0,FN,yolov8l_bsz4.ms,164.50,123.75,288.25,0.500,Idle,4.95,8.88,350.54,4573.00,11499.37,381.69,,0,100,39.00,-64,4417028,-282689.79,4,fused
140076,000000140076.jpg,500x375,0,0.485280,0,1,TN,yolov8l_bsz4.ms,161.25,106.75,268.00,0.500,Idle,8.15,8.88,305.73,4621.00,11499.37,444.37,,0,100,39.00,-63,4417211,-278284.29,4,fused
178744,000000178744.jpg,640x428,0,0.485171,1,0,FN,yolov8l_bsz4.ms,161.25,106.75,268.00,0.500,Idle,8.15,8.88,305.73,4621.00,11499.37,444.37,,0,100,39.00,-63,4417211,-278284.29,4,fused
429011,000000429011.jpg,640x343,0,0.485125,0,1,TN,yolov8l_bsz4.ms,161.25,106.75,268.00,0.500,Idle,8.15,8.88,305.73,4621.00,11499.37,444.37,,0,100,39.00,-63,4417211,-278284.29,4,fused
546659,000000546659.jpg,420x640,0,0.484956,1,0,FN,yolov8l_bsz4.ms,161.25,106.75,268.00,0.500,Idle,8.15,8.88,305.73,4621.00,11499.37,444.37,,0,100,39.00,-63,4417211,-278284.29,4,fused
97337,000000097337.jpg,500x375,0,0.484605,1,0,FN,yolov8l_bsz4.ms,164.00,132.50,296.50,0.500,Idle,5.26,6.97,376.47,4552.00,11499.37,371.65,,0,100,39.00,-62,4417279,-273871.30,4,fused
460929,000000460929.jpg,480x640,0,0.484571,0,1,TN,yolov8l_bsz4.ms,164.00,132.50,296.50,0.500,Idle,5.26,6.97,376.47,4552.00,11499.37,371.65,,0,100,39.00,-62,4417279,-273871.30,4,fused
183246,000000183246.jpg,500x400,0,0.484372,1,0,FN,yolov8l_bsz4.ms,164.00,132.50,296.50,0.500,Idle,5.26,6.97,376.47,4552.00,11499.37,371.65,,0,100,39.00,-62,4417279,-273871.30,4,fused
340930,000000340930.jpg,640x480,0,0.484089,0,1,TN,yolov8l_bsz4.ms,164.00,132.50,296.50,0.500,Idle,5.26,6.97,376.47,4552.00,11499.37,371.65,,0,100,39.00,-62,4417279,-273871.30,4,fused
109916,000000109916.jpg,640x480,0,0.483841,0,1,TN,yolov8l_bsz4.ms,164.00,115.50,279.50,0.500,Idle,4.84,6.97,370.60,4558.00,11499.37,375.51,,0,100,39.00,-62,4417340,-273875.08,4,fused
15272,000000015272.jpg,424x640,0,0.482943,0,1,TN,yolov8l_bsz4.ms,164.00,115.50,279.50,0.500,Idle,4.84,6.97,370.60,4558.00,11499.37,375.51,,0,100,39.00,-62,4417340,-273875.08,4,fused
227478,000000227478.jpg,640x480,0,0.481853,1,0,FN,yolov8l_bsz4.ms,164.00,115.50,279.50,0.500,Idle,4.84,6.97,370.60,4558.00,11499.37,375.51,,0,100,39.00,-62,4417340,-273875.08,4,fused
401250,000000401250.jpg,640x332,0,0.480088,1,0,FN,yolov8l_bsz4.ms,164.00,115.50,279.50,0.500,Idle,4.84,6.97,370.60,4558.00,11499.37,375.51,,0,100,39.00,-62,4417340,-273875.08,4,fused
532530,000000532530.jpg,640x427,0,0.480066,1,0,FN,yolov8l_bsz4.ms,162.75,118.75,281.50,0.500,Idle,4.70,8.62,352.13,4577.00,11499.37,392.59,,0,100,39.00,-67,4417089,-295944.96,4,fused
176634,000000176634.jpg,640x480,0,0.479653,0,1,TN,yolov8l_bsz4.ms,162.75,118.75,281.50,0.500,Idle,4.70,8.62,352.13,4577.00,11499.37,392.59,,0,100,39.00,-67,4417089,-295944.96,4,fused
365207,000000365207.jpg,640x588,0,0.479483,0,1,TN,yolov8l_bsz4.ms,162.75,118.75,281.50,0.500,Idle,4.70,8.62,352.13,4577.00,11499.37,392.59,,0,100,39.00,-67,4417089,-295944.96,4,fused
105923,000000105923.jpg,640x468,0,0.479104,1,0,FN,yolov8l_bsz4.ms,162.75,118.75,281.50,0.500,Idle,4.70,8.62,352.13,4577.00,11499.37,392.59,,0,100,39.00,-67,4417089,-295944.96,4,fused
394275,000000394275.jpg,640x393,0,0.479049,1,0,FN,yolov8l_bsz4.ms,160.50,106.25,266.75,0.500,Idle,4.54,8.62,302.71,4627.00,11499.37,440.51,,0,100,39.00,-64,4417206,-282701.18,4,fused
133000,000000133000.jpg,640x427,0,0.478193,1,0,FN,yolov8l_bsz4.ms,160.50,106.25,266.75,0.500,Idle,4.54,8.62,302.71,4627.00,11499.37,440.51,,0,100,39.00,-64,4417206,-282701.18,4,fused
350607,000000350607.jpg,640x427,0,0.478182,0,1,TN,yolov8l_bsz4.ms,160.50,106.25,266.75,0.500,Idle,4.54,8.62,302.71,4627.00,11499.37,440.51,,0,100,39.00,-64,4417206,-282701.18,4,fused
167572,000000167572.jpg,640x425,0,0.477856,1,0,FN,yolov8l_bsz4.ms,160.50,106.25,266.75,0.500,Idle,4.54,8.62,302.71,4627.00,11499.37,440.51,,0,100,39.00,-64,4417206,-282701.18,4,fused
329080,000000329080.jpg,640x480,0,0.477549,0,1,TN,yolov8l_bsz4.ms,157.25,118.75,276.00,0.500,Idle,4.47,8.14,377.53,4554.00,11499.37,364.80,,0,100,39.00,-63,4417267,-278287.82,4,fused
412240,000000412240.jpg,500x375,0,0.477327,0,1,TN,yolov8l_bsz4.ms,157.25,118.75,276.00,0.500,Idle,4.47,8.14,377.53,4554.00,11499.37,364.80,,0,100,39.00,-63,4417267,-278287.82,4,fused
180188,000000180188.jpg,640x480,0,0.477286,0,1,TN,yolov8l_bsz4.ms,157.25,118.75,276.00,0.500,Idle,4.47,8.14,377.53,4554.00,11499.37,364.80,,0,100,39.00,-63,4417267,-278287.82,4,fused
159399,000000159399.jpg,640x480,0,0.477189,1,0,FN,yolov8l_bsz4.ms,157.25,118.75,276.00,0.500,Idle,4.47,8.14,377.53,4554.00,11499.37,364.80,,0,100,39.00,-63,4417267,-278287.82,4,fused
20553,000000020553.jpg,500x375,0,0.476950,0,1,TN,yolov8l_bsz4.ms,161.75,115.25,277.00,0.500,Idle,4.46,8.14,373.02,4559.00,11499.37,367.40,,0,100,39.00,-65,4417227,-287119.76,4,fused
455267,000000455267.jpg,640x480,0,0.476687,0,1,TN,yolov8l_bsz4.ms,161.75,115.25,277.00,0.500,Idle,4.46,8.14,373.02,4559.00,11499.37,367.40,,0,100,39.00,-65,4417227,-287119.76,4,fused
231237,000000231237.jpg,334x500,0,0.476658,0,1,TN,yolov8l_bsz4.ms,161.75,115.25,277.00,0.500,Idle,4.46,8.14,373.02,4559.00,11499.37,367.40,,0,100,39.00,-65,4417227,-287119.76,4,fused
157807,000000157807.jpg,640x427,0,0.476243,0,1,TN,yolov8l_bsz4.ms,161.75,115.25,277.00,0.500,Idle,4.46,8.14,373.02,4559.00,11499.37,367.40,,0,100,39.00,-65,4417227,-287119.76,4,fused
244019,000000244019.jpg,640x431,0,0.476008,0,1,TN,yolov8l_bsz4.ms,158.50,115.75,274.25,0.500,Idle,4.47,8.11,352.87,4581.00,11499.37,385.53,,0,100,39.00,-66,4417216,-291536.26,4,fused
378139,000000378139.jpg,640x427,0,0.475886,1,0,FN,yolov8l_bsz4.ms,158.50,115.75,274.25,0.500,Idle,4.47,8.11,352.87,4581.00,11499.37,385.53,,0,100,39.00,-66,4417216,-291536.26,4,fused
166509,000000166509.jpg,640x444,0,0.475549,0,1,TN,yolov8l_bsz4.ms,158.50,115.75,274.25,0.500,Idle,4.47,8.11,352.87,4581.00,11499.37,385.53,,0,100,39.00,-66,4417216,-291536.26,4,fused
128148,000000128148.jpg,640x428,0,0.475233,0,1,TN,yolov8l_bsz4.ms,158.50,115.75,274.25,0.500,Idle,4.47,8.11,352.87,4581.00,11499.37,385.53,,0,100,39.00,-66,4417216,-291536.26,4,fused
410880,000000410880.jpg,500x375,0,0.475142,1,0,FN,yolov8l_bsz4.ms,156.50,121.50,278.00,0.500,Idle,4.45,8.11,297.72,4636.00,11499.37,438.59,,0,100,39.00,-65,4417299,-287124.43,4,fused
561366,000000561366.jpg,640x480,0,0.475013,0,1,TN,yolov8l_bsz4.ms,156.50,121.50,278.00,0.500,Idle,4.45,8.11,297.72,4636.00,11499.37,438.59,,0,100,39.00,-65,4417299,-287124.43,4,fused
250766,000000250766.jpg,500x410,0,0.474956,0,1,TN,yolov8l_bsz4.ms,156.50,121.50,278.00,0.500,Idle,4.45,8.11,297.72,4636.00,11499.37,438.59,,0,100,39.00,-65,4417299,-287124.43,4,fused
520301,000000520301.jpg,480x640,0,0.474862,0,1,TN,yolov8l_bsz4.ms,156.50,121.50,278.00,0.500,Idle,4.45,8.11,297.72,4636.00,11499.37,438.59,,0,100,39.00,-65,4417299,-287124.43,4,fused
63602,000000063602.jpg,640x425,0,0.474761,0,1,TN,yolov8l_bsz4.ms,161.00,120.00,281.00,0.500,Idle,4.01,4.59,375.16,4560.00,11499.37,359.31,,0,100,39.00,-64,4417228,-282702.59,4,fused
311518,000000311518.jpg,640x427,0,0.474685,0,1,TN,yolov8l_bsz4.ms,161.00,120.00,281.00,0.500,Idle,4.01,4.59,375.16,4560.00,11499.37,359.31,,0,100,39.00,-64,4417228,-282702.59,4,fused
237864,000000237864.jpg,640x425,0,0.474306,0,1,TN,yolov8l_bsz4.ms,161.00,120.00,281.00,0.500,Idle,4.01,4.59,375.16,4560.00,11499.37,359.31,,0,100,39.00,-64,4417228,-282702.59,4,fused
324927,000000324927.jpg,480x640,0,0.473861,0,1,TN,yolov8l_bsz4.ms,161.00,120.00,281.00,0.500,Idle,4.01,4.59,375.16,4560.00,11499.37,359.31,,0,100,39.00,-64,4417228,-282702.59,4,fused
279769,000000279769.jpg,640x480,0,0.473856,0,1,TN,yolov8l_bsz4.ms,163.25,113.00,276.25,0.500,Idle,4.28,4.59,370.89,4566.00,11499.37,362.01,,0,100,39.00,-62,4417315,-273873.53,4,fused
509008,000000509008.jpg,640x434,0,0.473827,0,1,TN,yolov8l_bsz4.ms,163.25,113.00,276.25,0.500,Idle,4.28,4.59,370.89,4566.00,11499.37,362.01,,0,100,39.00,-62,4417315,-273873.53,4,fused
294783,000000294783.jpg,640x428,0,0.473765,0,1,TN,yolov8l_bsz4.ms,163.25,113.00,276.25,0.500,Idle,4.28,4.59,370.89,4566.00,11499.37,362.01,,0,100,39.00,-62,4417315,-273873.53,4,fused
323751,000000323751.jpg,640x424,0,0.473468,1,0,FN,yolov8l_bsz4.ms,163.25,113.00,276.25,0.500,Idle,4.28,4.59,370.89,4566.00,11499.37,362.01,,0,100,39.00,-62,4417315,-273873.53,4,fused
536947,000000536947.jpg,640x480,0,0.473088,0,1,TN,yolov8l_bsz4.ms,158.50,124.25,282.75,0.500,Idle,4.29,7.29,350.65,4585.00,11499.37,380.70,,0,100,39.00,-72,4417050,-318027.60,4,fused
418281,000000418281.jpg,640x427,0,0.472814,0,1,TN,yolov8l_bsz4.ms,158.50,124.25,282.75,0.500,Idle,4.29,7.29,350.65,4585.00,11499.37,380.70,,0,100,39.00,-72,4417050,-318027.60,4,fused
177893,000000177893.jpg,640x428,0,0.472011,0,1,TN,yolov8l_bsz4.ms,158.50,124.25,282.75,0.500,Idle,4.29,7.29,350.65,4585.00,11499.37,380.70,,0,100,39.00,-72,4417050,-318027.60,4,fused
154213,000000154213.jpg,500x375,0,0.471628,0,1,TN,yolov8l_bsz4.ms,158.50,124.25,282.75,0.500,Idle,4.29,7.29,350.65,4585.00,11499.37,380.70,,0,100,39.00,-72,4417050,-318027.60,4,fused
267537,000000267537.jpg,640x470,0,0.471529,1,0,FN,yolov8l_bsz4.ms,156.75,117.75,274.50,0.500,Idle,4.35,7.29,296.82,4639.00,11499.37,432.65,,0,100,39.00,-118,4415572,-521037.50,4,fused
234757,000000234757.jpg,640x480,0,0.471461,0,1,TN,yolov8l_bsz4.ms,156.75,117.75,274.50,0.500,Idle,4.35,7.29,296.82,4639.00,11499.37,432.65,,0,100,39.00,-118,4415572,-521037.50,4,fused
329041,000000329041.jpg,480x640,0,0.471029,1,0,FN,yolov8l_bsz4.ms,156.75,117.75,274.50,0.500,Idle,4.35,7.29,296.82,4639.00,11499.37,432.65,,0,100,39.00,-118,4415572,-521037.50,4,fused
209753,000000209753.jpg,467x640,0,0.470370,1,0,FN,yolov8l_bsz4.ms,156.75,117.75,274.50,0.500,Idle,4.35,7.29,296.82,4639.00,11499.37,432.65,,0,100,39.00,-118,4415572,-521037.50,4,fused
215723,000000215723.jpg,640x480,0,0.469818,1,0,FN,yolov8l_bsz4.ms,154.00,124.25,278.25,0.500,Idle,4.26,7.60,374.64,4562.00,11499.37,353.90,,0,100,39.00,-62,4417400,-273878.80,4,fused
14888,000000014888.jpg,640x480,0,0.469752,0,1,TN,yolov8l_bsz4.ms,154.00,124.25,278.25,0.500,Idle,4.26,7.60,374.64,4562.00,11499.37,353.90,,0,100,39.00,-62,4417400,-273878.80,4,fused
259625,000000259625.jpg,640x427,0,0.469638,0,1,TN,yolov8l_bsz4.ms,154.00,124.25,278.25,0.500,Idle,4.26,7.60,374.64,4562.00,11499.37,353.90,,0,100,39.00,-62,4417400,-273878.80,4,fused
372260,000000372260.jpg,427x640,0,0.468743,0,1,TN,yolov8l_bsz4.ms,154.00,124.25,278.25,0.500,Idle,4.26,7.60,374.64,4562.00,11499.37,353.90,,0,100,39.00,-62,4417400,-273878.80,4,fused
129135,000000129135.jpg,640x480,0,0.468720,0,1,TN,yolov8l_bsz4.ms,162.50,120.25,282.75,0.500,Idle,4.29,7.60,370.01,4566.00,11499.37,356.34,,0,100,39.00,-62,4417378,-273877.44,4,fused
298904,000000298904.jpg,480x640,0,0.468537,0,1,TN,yolov8l_bsz4.ms,162.50,120.25,282.75,0.500,Idle,4.29,7.60,370.01,4566.00,11499.37,356.34,,0,100,39.00,-62,4417378,-273877.44,4,fused
537812,000000537812.jpg,640x480,0,0.468452,0,1,TN,yolov8l_bsz4.ms,162.50,120.25,282.75,0.500,Idle,4.29,7.60,370.01,4566.00,11499.37,356.34,,0,100,39.00,-62,4417378,-273877.44,4,fused
566436,000000566436.jpg,640x427,0,0.468366,1,0,FN,yolov8l_bsz4.ms,162.50,120.25,282.75,0.500,Idle,4.29,7.60,370.01,4566.00,11499.37,356.34,,0,100,39.00,-62,4417378,-273877.44,4,fused
89045,000000089045.jpg,640x425,0,0.467268,0,1,TN,yolov8l_bsz4.ms,159.25,112.75,272.00,0.500,Idle,4.35,7.90,350.51,4585.00,11499.37,374.79,,0,100,39.00,-66,4417215,-291536.19,4,fused
255747,000000255747.jpg,640x480,0,0.466921,0,1,TN,yolov8l_bsz4.ms,159.25,112.75,272.00,0.500,Idle,4.35,7.90,350.51,4585.00,11499.37,374.79,,0,100,39.00,-66,4417215,-291536.19,4,fused
382088,000000382088.jpg,640x426,0,0.466609,0,1,TN,yolov8l_bsz4.ms,159.25,112.75,272.00,0.500,Idle,4.35,7.90,350.51,4585.00,11499.37,374.79,,0,100,39.00,-66,4417215,-291536.19,4,fused
330554,000000330554.jpg,500x375,0,0.466573,0,1,TN,yolov8l_bsz4.ms,159.25,112.75,272.00,0.500,Idle,4.35,7.90,350.51,4585.00,11499.37,374.79,,0,100,39.00,-66,4417215,-291536.19,4,fused
370813,000000370813.jpg,540x640,0,0.466307,1,0,FN,yolov8l_bsz4.ms,155.50,126.50,282.00,0.500,Idle,4.35,7.90,297.57,4638.00,11499.37,426.03,,0,100,39.00,-66,4417248,-291538.37,4,fused
349480,000000349480.jpg,640x450,0,0.466289,0,1,TN,yolov8l_bsz4.ms,155.50,126.50,282.00,0.500,Idle,4.35,7.90,297.57,4638.00,11499.37,426.03,,0,100,39.00,-66,4417248,-291538.37,4,fused
253002,000000253002.jpg,640x427,0,0.466229,0,1,TN,yolov8l_bsz4.ms,155.50,126.50,282.00,0.500,Idle,4.35,7.90,297.57,4638.00,11499.37,426.03,,0,100,39.00,-66,4417248,-291538.37,4,fused
140420,000000140420.jpg,640x428,0,0.465921,0,1,TN,yolov8l_bsz4.ms,155.50,126.50,282.00,0.500,Idle,4.35,7.90,297.57,4638.00,11499.37,426.03,,0,100,39.00,-66,4417248,-291538.37,4,fused
143931,000000143931.jpg,640x480,0,0.465917,1,0,FN,yolov8l_bsz4.ms,156.75,113.50,270.25,0.500,Idle,8.51,7.87,373.23,4562.00,11499.37,348.77,,0,100,39.00,-81,4416592,-357743.95,4,fused
106330,000000106330.jpg,640x427,0,0.465437,0,1,TN,yolov8l_bsz4.ms,156.75,113.50,270.25,0.500,Idle,8.51,7.87,373.23,4562.00,11499.37,348.77,,0,100,39.00,-81,4416592,-357743.95,4,fused
80274,000000080274.jpg,640x480,0,0.464774,0,1,TN,yolov8l_bsz4.ms,156.75,113.50,270.25,0.500,Idle,8.51,7.87,373.23,4562.00,11499.37,348.77,,0,100,39.00,-81,4416592,-357743.95,4,fused
144784,000000144784.jpg,375x500,0,0.464745,1,0,FN,yolov8l_bsz4.ms,156.75,113.50,270.25,0.500,Idle,8.51,7.87,373.23,4562.00,11499.37,348.77,,0,100,39.00,-81,4416592,-357743.95,4,fused
530466,000000530466.jpg,640x480,0,0.464546,0,1,TN,yolov8l_bsz4.ms,163.75,114.25,278.00,0.500,Idle,5.64,7.87,370.28,4565.00,11499.37,349.20,,0,100,39.00,-113,4415703,-498974.44,4,fused
462756,000000462756.jpg,640x426,0,0.464225,0,1,TN,yolov8l_bsz4.ms,163.75,114.25,278.00,0.500,Idle,5.64,7.87,370.28,4565.00,11499.37,349.20,,0,100,39.00,-113,4415703,-498974.44,4,fused
332901,000000332901.jpg,640x395,0,0.462719,1,0,FN,yolov8l_bsz4.ms,163.75,114.25,278.00,0.500,Idle,5.64,7.87,370.28,4565.00,11499.37,349.20,,0,100,39.00,-113,4415703,-498974.44,4,fused
87244,000000087244.jpg,375x500,0,0.462348,1,0,FN,yolov8l_bsz4.ms,163.75,114.25,278.00,0.500,Idle,5.64,7.87,370.28,4565.00,11499.37,349.20,,0,100,39.00,-113,4415703,-498974.44,4,fused
14380,000000014380.jpg,640x427,0,0.461421,0,1,TN,yolov8l_bsz4.ms,156.25,127.50,283.75,0.500,Idle,5.17,7.44,351.22,4584.00,11499.37,366.86,,0,100,39.00,-58,4417480,-256213.84,4,fused
260266,000000260266.jpg,479x640,0,0.461305,0,1,TN,yolov8l_bsz4.ms,156.25,127.50,283.75,0.500,Idle,5.17,7.44,351.22,4584.00,11499.37,366.86,,0,100,39.00,-58,4417480,-256213.84,4,fused
456662,000000456662.jpg,612x612,0,0.461042,1,0,FN,yolov8l_bsz4.ms,156.25,127.50,283.75,0.500,Idle,5.17,7.44,351.22,4584.00,11499.37,366.86,,0,100,39.00,-58,4417480,-256213.84,4,fused
52891,000000052891.jpg,640x427,0,0.460909,1,0,FN,yolov8l_bsz4.ms,156.25,127.50,283.75,0.500,Idle,5.17,7.44,351.22,4584.00,11499.37,366.86,,0,100,39.00,-58,4417480,-256213.84,4,fused
273617,000000273617.jpg,640x427,0,0.460677,0,1,TN,yolov8l_bsz4.ms,158.50,120.75,279.25,0.500,Idle,4.95,7.44,298.12,4636.00,11499.37,418.01,,0,100,39.00,-97,4416406,-428391.38,4,fused
124277,000000124277.jpg,640x481,0,0.460310,0,1,TN,yolov8l_bsz4.ms,158.50,120.75,279.25,0.500,Idle,4.95,7.44,298.12,4636.00,11499.37,418.01,,0,100,39.00,-97,4416406,-428391.38,4,fused
426376,000000426376.jpg,467x640,0,0.459506,1,0,FN,yolov8l_bsz4.ms,158.50,120.75,279.25,0.500,Idle,4.95,7.44,298.12,4636.00,11499.37,418.01,,0,100,39.00,-97,4416406,-428391.38,4,fused
106281,000000106281.jpg,640x425,0,0.458935,0,1,TN,yolov8l_bsz4.ms,158.50,120.75,279.25,0.500,Idle,4.95,7.44,298.12,4636.00,11499.37,418.01,,0,100,39.00,-97,4416406,-428391.38,4,fused
428111,000000428111.jpg,640x429,0,0.457691,1,0,FN,yolov8l_bsz4.ms,155.75,118.50,274.25,0.500,Idle,4.72,7.91,373.67,4560.00,11499.37,340.96,,0,100,39.00,-70,4417034,-309192.38,4,fused
551815,000000551815.jpg,640x480,0,0.457659,0,1,TN,yolov8l_bsz4.ms,155.75,118.50,274.25,0.500,Idle,4.72,7.91,373.67,4560.00,11499.37,340.96,,0,100,39.00,-70,4417034,-309192.38,4,fused
106563,000000106563.jpg,612x612,0,0.457552,0,1,TN,yolov8l_bsz4.ms,155.75,118.50,274.25,0.500,Idle,4.72,7.91,373.67,4560.00,11499.37,340.96,,0,100,39.00,-70,4417034,-309192.38,4,fused
374551,000000374551.jpg,500x300,0,0.457050,0,1,TN,yolov8l_bsz4.ms,155.75,118.50,274.25,0.500,Idle,4.72,7.91,373.67,4560.00,11499.37,340.96,,0,100,39.00,-70,4417034,-309192.38,4,fused
327306,000000327306.jpg,640x400,0,0.456691,1,0,FN,yolov8l_bsz4.ms,159.25,104.50,263.75,0.500,Idle,4.65,7.91,373.01,4561.00,11499.37,340.15,,0,100,39.00,-86,4416334,-379804.72,4,fused
476491,000000476491.jpg,336x500,0,0.456615,0,1,TN,yolov8l_bsz4.ms,159.25,104.50,263.75,0.500,Idle,4.65,7.91,373.01,4561.00,11499.37,340.15,,0,100,39.00,-86,4416334,-379804.72,4,fused
111036,000000111036.jpg,425x640,0,0.456267,0,1,TN,yolov8l_bsz4.ms,159.25,104.50,263.75,0.500,Idle,4.65,7.91,373.01,4561.00,11499.37,340.15,,0,100,39.00,-86,4416334,-379804.72,4,fused
493442,000000493442.jpg,640x426,0,0.456022,1,0,FN,yolov8l_bsz4.ms,159.25,104.50,263.75,0.500,Idle,4.65,7.91,373.01,4561.00,11499.37,340.15,,0,100,39.00,-86,4416334,-379804.72,4,fused
89880,000000089880.jpg,500x281,0,0.455978,0,1,TN,yolov8l_bsz4.ms,161.75,116.75,278.50,0.500,Idle,4.62,8.01,354.42,4579.00,11499.37,357.03,,0,100,39.00,-71,4417022,-313608.56,4,fused
198805,000000198805.jpg,640x398,0,0.455644,0,1,TN,yolov8l_bsz4.ms,161.75,116.75,278.50,0.500,Idle,4.62,8.01,354.42,4579.00,11499.37,357.03,,0,100,39.00,-71,4417022,-313608.56,4,fused
84170,000000084170.jpg,640x480,0,0.455420,1,0,FN,yolov8l_bsz4.ms,161.75,116.75,278.50,0.500,Idle,4.62,8.01,354.42,4579.00,11499.37,357.03,,0,100,39.00,-71,4417022,-313608.56,4,fused
452891,000000452891.jpg,478x640,0,0.455382,0,1,TN,yolov8l_bsz4.ms,161.75,116.75,278.50,0.500,Idle,4.62,8.01,354.42,4579.00,11499.37,357.03,,0,100,39.00,-71,4417022,-313608.56,4,fused
322352,000000322352.jpg,500x375,0,0.454712,0,1,TN,yolov8l_bsz4.ms,157.00,136.25,293.25,0.500,Idle,4.58,8.01,301.97,4631.00,11499.37,407.11,,0,100,39.00,-83,4416435,-366564.10,4,fused
534639,000000534639.jpg,640x475,0,0.454509,0,1,TN,yolov8l_bsz4.ms,157.00,136.25,293.25,0.500,Idle,4.58,8.01,301.97,4631.00,11499.37,407.11,,0,100,39.00,-83,4416435,-366564.10,4,fused
80666,000000080666.jpg,640x640,0,0.454391,0,1,TN,yolov8l_bsz4.ms,157.00,136.25,293.25,0.500,Idle,4.58,8.01,301.97,4631.00,11499.37,407.11,,0,100,39.00,-83,4416435,-366564.10,4,fused
86220,000000086220.jpg,640x428,0,0.453831,1,0,FN,yolov8l_bsz4.ms,157.00,136.25,293.25,0.500,Idle,4.58,8.01,301.97,4631.00,11499.37,407.11,,0,100,39.00,-83,4416435,-366564.10,4,fused
561679,000000561679.jpg,640x480,0,0.452564,0,1,TN,yolov8l_bsz4.ms,155.50,122.00,277.50,0.500,Idle,4.54,8.16,374.97,4558.00,11499.37,332.82,,0,100,39.00,-70,4417126,-309198.82,4,fused
127476,000000127476.jpg,480x640,0,0.452341,0,1,TN,yolov8l_bsz4.ms,155.50,122.00,277.50,0.500,Idle,4.54,8.16,374.97,4558.00,11499.37,332.82,,0,100,39.00,-70,4417126,-309198.82,4,fused
546626,000000546626.jpg,300x400,0,0.452222,0,1,TN,yolov8l_bsz4.ms,155.50,122.00,277.50,0.500,Idle,4.54,8.16,374.97,4558.00,11499.37,332.82,,0,100,39.00,-70,4417126,-309198.82,4,fused
57725,000000057725.jpg,640x480,0,0.452218,0,1,TN,yolov8l_bsz4.ms,155.50,122.00,277.50,0.500,Idle,4.54,8.16,374.97,4558.00,11499.37,332.82,,0,100,39.00,-70,4417126,-309198.82,4,fused
466156,000000466156.jpg,500x375,0,0.452187,0,1,TN,yolov8l_bsz4.ms,163.25,125.00,288.25,0.500,Idle,4.28,8.16,373.51,4559.00,11499.37,332.12,,0,100,39.00,-112,4415639,-494551.57,4,fused
405691,000000405691.jpg,640x427,0,0.451977,0,1,TN,yolov8l_bsz4.ms,163.25,125.00,288.25,0.500,Idle,4.28,8.16,373.51,4559.00,11499.37,332.12,,0,100,39.00,-112,4415639,-494551.57,4,fused
370208,000000370208.jpg,500x375,0,0.451942,1,0,FN,yolov8l_bsz4.ms,163.25,125.00,288.25,0.500,Idle,4.28,8.16,373.51,4559.00,11499.37,332.12,,0,100,39.00,-112,4415639,-494551.57,4,fused
458663,000000458663.jpg,640x425,0,0.451852,0,1,TN,yolov8l_bsz4.ms,163.25,125.00,288.25,0.500,Idle,4.28,8.16,373.51,4559.00,11499.37,332.12,,0,100,39.00,-112,4415639,-494551.57,4,fused
181796,000000181796.jpg,640x360,0,0.451117,0,1,TN,yolov8l_bsz4.ms,160.25,117.50,277.75,0.500,Idle,4.33,8.46,350.54,4616.00,11499.37,387.70,,0,100,39.00,-60,4417347,-265040.82,4,fused
533145,000000533145.jpg,500x375,0,0.450500,1,0,FN,yolov8l_bsz4.ms,160.25,117.50,277.75,0.500,Idle,4.33,8.46,350.54,4616.00,11499.37,387.70,,0,100,39.00,-60,4417347,-265040.82,4,fused
273198,000000273198.jpg,500x375,0,0.450459,1,0,FN,yolov8l_bsz4.ms,160.25,117.50,277.75,0.500,Idle,4.33,8.46,350.54,4616.00,11499.37,387.70,,0,100,39.00,-60,4417347,-265040.82,4,fused
168619,000000168619.jpg,640x480,0,0.450177,0,1,TN,yolov8l_bsz4.ms,160.25,117.50,277.75,0.500,Idle,4.33,8.46,350.54,4616.00,11499.37,387.70,,0,100,39.00,-60,4417347,-265040.82,4,fused
106048,000000106048.jpg,640x428,0,0.449331,0,1,TN,yolov8l_bsz4.ms,156.25,123.00,279.25,0.500,Idle,4.37,8.46,294.24,4671.00,11499.37,442.34,,0,100,39.00,-57,4417402,-251791.91,4,fused
354753,000000354753.jpg,640x480,0,0.449164,0,1,TN,yolov8l_bsz4.ms,156.25,123.00,279.25,0.500,Idle,4.37,8.46,294.24,4671.00,11499.37,442.34,,0,100,39.00,-57,4417402,-251791.91,4,fused
109827,000000109827.jpg,640x424,0,0.448776,0,1,TN,yolov8l_bsz4.ms,156.25,123.00,279.25,0.500,Idle,4.37,8.46,294.24,4671.00,11499.37,442.34,,0,100,39.00,-57,4417402,-251791.91,4,fused
479912,000000479912.jpg,478x640,0,0.447229,1,0,FN,yolov8l_bsz4.ms,156.25,123.00,279.25,0.500,Idle,4.37,8.46,294.24,4671.00,11499.37,442.34,,0,100,39.00,-57,4417402,-251791.91,4,fused
496409,000000496409.jpg,500x375,0,0.447027,1,0,FN,yolov8l_bsz4.ms,158.50,116.50,275.00,0.500,Idle,4.28,7.98,374.14,4591.00,11499.37,360.26,,0,100,39.00,-68,4417105,-300363.14,4,fused
440508,000000440508.jpg,640x424,0,0.446871,0,1,TN,yolov8l_bsz4.ms,158.50,116.50,275.00,0.500,Idle,4.28,7.98,374.14,4591.00,11499.37,360.26,,0,100,39.00,-68,4417105,-300363.14,4,fused
127517,000000127517.jpg,640x480,0,0.446080,0,1,TN,yolov8l_bsz4.ms,158.50,116.50,275.00,0.500,Idle,4.28,7.98,374.14,4591.00,11499.37,360.26,,0,100,39.00,-68,4417105,-300363.14,4,fused
303863,000000303863.jpg,640x431,0,0.445423,1,0,FN,yolov8l_bsz4.ms,158.50,116.50,275.00,0.500,Idle,4.28,7.98,374.14,4591.00,11499.37,360.26,,0,100,39.00,-68,4417105,-300363.14,4,fused
566524,000000566524.jpg,640x480,0,0.445011,1,0,FN,yolov8l_bsz4.ms,110.00,122.00,232.00,0.500,Idle,4.36,7.98,372.33,4592.00,11499.37,360.14,,0,100,39.00,-63,4417290,-278289.27,4,fused
573943,000000573943.jpg,640x480,0,0.444775,0,1,TN,yolov8l_bsz4.ms,110.00,122.00,232.00,0.500,Idle,4.36,7.98,372.33,4592.00,11499.37,360.14,,0,100,39.00,-63,4417290,-278289.27,4,fused
470173,000000470173.jpg,446x640,0,0.443621,0,1,TN,yolov8l_bsz4.ms,110.00,122.00,232.00,0.500,Idle,4.36,7.98,372.33,4592.00,11499.37,360.14,,0,100,39.00,-63,4417290,-278289.27,4,fused
497628,000000497628.jpg,480x640,0,0.443462,0,1,TN,yolov8l_bsz4.ms,110.00,122.00,232.00,0.500,Idle,4.36,7.98,372.33,4592.00,11499.37,360.14,,0,100,39.00,-63,4417290,-278289.27,4,fused
459634,000000459634.jpg,640x533,0,0.443219,1,0,FN,yolov8l_bsz4.ms,109.00,125.75,234.75,0.500,Idle,4.51,8.34,351.02,4574.00,11499.37,340.92,,0,100,39.00,-62,4417117,-273861.25,4,fused
115885,000000115885.jpg,500x375,0,0.443157,0,1,TN,yolov8l_bsz4.ms,109.00,125.75,234.75,0.500,Idle,4.51,8.34,351.02,4574.00,11499.37,340.92,,0,100,39.00,-62,4417117,-273861.25,4,fused
243204,000000243204.jpg,480x640,0,0.443053,1,0,FN,yolov8l_bsz4.ms,109.00,125.75,234.75,0.500,Idle,4.51,8.34,351.02,4574.00,11499.37,340.92,,0,100,39.00,-62,4417117,-273861.25,4,fused
14007,000000014007.jpg,640x426,0,0.442953,0,1,TN,yolov8l_bsz4.ms,109.00,125.75,234.75,0.500,Idle,4.51,8.34,351.02,4574.00,11499.37,340.92,,0,100,39.00,-62,4417117,-273861.25,4,fused
163611,000000163611.jpg,640x480,0,0.442802,0,1,TN,yolov8l_bsz4.ms,109.50,122.25,231.75,0.500,Idle,4.60,8.34,296.06,4648.00,11499.37,414.38,,0,100,39.00,-64,4416914,-282682.50,4,fused
34071,000000034071.jpg,640x426,0,0.442742,0,1,TN,yolov8l_bsz4.ms,109.50,122.25,231.75,0.500,Idle,4.60,8.34,296.06,4648.00,11499.37,414.38,,0,100,39.00,-64,4416914,-282682.50,4,fused
170191,000000170191.jpg,640x531,0,0.442657,1,0,FN,yolov8l_bsz4.ms,109.50,122.25,231.75,0.500,Idle,4.60,8.34,296.06,4648.00,11499.37,414.38,,0,100,39.00,-64,4416914,-282682.50,4,fused
232646,000000232646.jpg,640x512,0,0.442496,0,1,TN,yolov8l_bsz4.ms,109.50,122.25,231.75,0.500,Idle,4.60,8.34,296.06,4648.00,11499.37,414.38,,0,100,39.00,-64,4416914,-282682.50,4,fused
242060,000000242060.jpg,640x459,0,0.441893,0,1,TN,yolov8l_bsz4.ms,107.00,132.00,239.00,0.500,Idle,4.67,10.52,373.41,4563.00,11499.37,330.20,,0,100,39.00,-67,4416773,-295923.79,4,fused
573094,000000573094.jpg,375x500,0,0.440740,0,1,TN,yolov8l_bsz4.ms,107.00,132.00,239.00,0.500,Idle,4.67,10.52,373.41,4563.00,11499.37,330.20,,0,100,39.00,-67,4416773,-295923.79,4,fused
568147,000000568147.jpg,480x640,0,0.439992,1,0,FN,yolov8l_bsz4.ms,107.00,132.00,239.00,0.500,Idle,4.67,10.52,373.41,4563.00,11499.37,330.20,,0,100,39.00,-67,4416773,-295923.79,4,fused
164115,000000164115.jpg,500x500,0,0.439936,0,1,TN,yolov8l_bsz4.ms,107.00,132.00,239.00,0.500,Idle,4.67,10.52,373.41,4563.00,11499.37,330.20,,0,100,39.00,-67,4416773,-295923.79,4,fused
548506,000000548506.jpg,640x425,0,0.439669,0,1,TN,yolov8l_bsz4.ms,111.00,110.00,221.00,0.500,Idle,4.70,10.52,373.90,4591.00,11499.37,328.29,,0,100,39.00,-63,4416615,-278246.74,4,fused
216277,000000216277.jpg,640x480,0,0.438880,1,0,FN,yolov8l_bsz4.ms,111.00,110.00,221.00,0.500,Idle,4.70,10.52,373.90,4591.00,11499.37,328.29,,0,100,39.00,-63,4416615,-278246.74,4,fused
275791,000000275791.jpg,640x427,0,0.438858,0,1,TN,yolov8l_bsz4.ms,111.00,110.00,221.00,0.500,Idle,4.70,10.52,373.90,4591.00,11499.37,328.29,,0,100,39.00,-63,4416615,-278246.74,4,fused
515266,000000515266.jpg,640x427,0,0.438847,0,1,TN,yolov8l_bsz4.ms,111.00,110.00,221.00,0.500,Idle,4.70,10.52,373.90,4591.00,11499.37,328.29,,0,100,39.00,-63,4416615,-278246.74,4,fused
389684,000000389684.jpg,640x480,0,0.438748,1,0,FN,yolov8l_bsz4.ms,110.00,117.50,227.50,0.500,Idle,6.97,13.60,350.61,4616.00,11499.37,349.94,,0,100,39.00,-64,4416620,-282663.68,4,fused
134034,000000134034.jpg,475x500,0,0.438369,0,1,TN,yolov8l_bsz4.ms,110.00,117.50,227.50,0.500,Idle,6.97,13.60,350.61,4616.00,11499.37,349.94,,0,100,39.00,-64,4416620,-282663.68,4,fused
98261,000000098261.jpg,320x216,0,0.438282,0,1,TN,yolov8l_bsz4.ms,110.00,117.50,227.50,0.500,Idle,6.97,13.60,350.61,4616.00,11499.37,349.94,,0,100,39.00,-64,4416620,-282663.68,4,fused
105455,000000105455.jpg,427x640,0,0.438265,0,1,TN,yolov8l_bsz4.ms,110.00,117.50,227.50,0.500,Idle,6.97,13.60,350.61,4616.00,11499.37,349.94,,0,100,39.00,-64,4416620,-282663.68,4,fused
449661,000000449661.jpg,640x169,0,0.438095,1,0,FN,yolov8l_bsz4.ms,107.75,108.75,216.50,0.500,Idle,6.20,13.60,302.01,4665.00,11499.37,398.12,,0,100,39.00,-64,4416525,-282657.60,4,fused
126107,000000126107.jpg,640x480,0,0.437848,1,0,FN,yolov8l_bsz4.ms,107.75,108.75,216.50,0.500,Idle,6.20,13.60,302.01,4665.00,11499.37,398.12,,0,100,39.00,-64,4416525,-282657.60,4,fused
363840,000000363840.jpg,640x480,0,0.437759,1,0,FN,yolov8l_bsz4.ms,107.75,108.75,216.50,0.500,Idle,6.20,13.60,302.01,4665.00,11499.37,398.12,,0,100,39.00,-64,4416525,-282657.60,4,fused
67180,000000067180.jpg,480x640,0,0.437722,1,0,FN,yolov8l_bsz4.ms,107.75,108.75,216.50,0.500,Idle,6.20,13.60,302.01,4665.00,11499.37,398.12,,0,100,39.00,-64,4416525,-282657.60,4,fused
110784,000000110784.jpg,433x640,0,0.437121,1,0,FN,yolov8l_bsz4.ms,108.75,113.25,222.00,0.500,Idle,5.60,9.38,374.93,4593.00,11499.37,324.22,,0,100,39.00,-67,4416200,-295885.40,4,fused
364636,000000364636.jpg,640x533,0,0.437084,0,1,TN,yolov8l_bsz4.ms,108.75,113.25,222.00,0.500,Idle,5.60,9.38,374.93,4593.00,11499.37,324.22,,0,100,39.00,-67,4416200,-295885.40,4,fused
528399,000000528399.jpg,640x428,0,0.437015,1,0,FN,yolov8l_bsz4.ms,108.75,113.25,222.00,0.500,Idle,5.60,9.38,374.93,4593.00,11499.37,324.22,,0,100,39.00,-67,4416200,-295885.40,4,fused
15338,000000015338.jpg,640x424,0,0.436579,0,1,TN,yolov8l_bsz4.ms,108.75,113.25,222.00,0.500,Idle,5.60,9.38,374.93,4593.00,11499.37,324.22,,0,100,39.00,-67,4416200,-295885.40,4,fused
14473,000000014473.jpg,640x427,0,0.436393,1,0,FN,yolov8l_bsz4.ms,113.50,115.25,228.75,0.500,Idle,5.45,9.38,373.47,4594.00,11499.37,325.06,,0,100,39.00,-63,4416342,-278229.55,4,fused
455085,000000455085.jpg,427x640,0,0.436325,1,0,FN,yolov8l_bsz4.ms,113.50,115.25,228.75,0.500,Idle,5.45,9.38,373.47,4594.00,11499.37,325.06,,0,100,39.00,-63,4416342,-278229.55,4,fused
246522,000000246522.jpg,427x640,0,0.436153,0,1,TN,yolov8l_bsz4.ms,113.50,115.25,228.75,0.500,Idle,5.45,9.38,373.47,4594.00,11499.37,325.06,,0,100,39.00,-63,4416342,-278229.55,4,fused
520324,000000520324.jpg,640x480,0,0.435333,1,0,FN,yolov8l_bsz4.ms,113.50,115.25,228.75,0.500,Idle,5.45,9.38,373.47,4594.00,11499.37,325.06,,0,100,39.00,-63,4416342,-278229.55,4,fused
332570,000000332570.jpg,390x500,0,0.435095,1,0,FN,yolov8l_bsz4.ms,129.25,141.50,270.75,0.500,Idle,5.55,9.27,352.84,4615.00,11499.37,343.82,,0,100,39.00,-69,4415983,-304702.83,4,fused
272212,000000272212.jpg,640x480,0,0.434860,0,1,TN,yolov8l_bsz4.ms,129.25,141.50,270.75,0.500,Idle,5.55,9.27,352.84,4615.00,11499.37,343.82,,0,100,39.00,-69,4415983,-304702.83,4,fused
506933,000000506933.jpg,640x480,0,0.434451,1,0,FN,yolov8l_bsz4.ms,129.25,141.50,270.75,0.500,Idle,5.55,9.27,352.84,4615.00,11499.37,343.82,,0,100,39.00,-69,4415983,-304702.83,4,fused
492937,000000492937.jpg,612x612,0,0.433785,1,0,FN,yolov8l_bsz4.ms,129.25,141.50,270.75,0.500,Idle,5.55,9.27,352.84,4615.00,11499.37,343.82,,0,100,39.00,-69,4415983,-304702.83,4,fused
2587,000000002587.jpg,500x375,0,0.433697,0,1,TN,yolov8l_bsz4.ms,170.00,126.00,296.00,0.500,Idle,5.40,9.27,298.31,4669.00,11499.37,396.25,,0,100,39.00,-73,4416104,-322375.59,4,fused
116362,000000116362.jpg,612x612,0,0.433690,0,1,TN,yolov8l_bsz4.ms,170.00,126.00,296.00,0.500,Idle,5.40,9.27,298.31,4669.00,11499.37,396.25,,0,100,39.00,-73,4416104,-322375.59,4,fused
469192,000000469192.jpg,640x480,0,0.433577,1,0,FN,yolov8l_bsz4.ms,170.00,126.00,296.00,0.500,Idle,5.40,9.27,298.31,4669.00,11499.37,396.25,,0,100,39.00,-73,4416104,-322375.59,4,fused
440617,000000440617.jpg,640x480,0,0.433467,0,1,TN,yolov8l_bsz4.ms,170.00,126.00,296.00,0.500,Idle,5.40,9.27,298.31,4669.00,11499.37,396.25,,0,100,39.00,-73,4416104,-322375.59,4,fused
330369,000000330369.jpg,500x335,0,0.433176,1,0,FN,yolov8l_bsz4.ms,169.00,122.50,291.50,0.500,Idle,5.07,8.91,375.72,4591.00,11499.37,317.35,,0,100,39.00,-60,4416692,-265001.52,4,fused
377575,000000377575.jpg,426x640,0,0.432793,0,1,TN,yolov8l_bsz4.ms,169.00,122.50,291.50,0.500,Idle,5.07,8.91,375.72,4591.00,11499.37,317.35,,0,100,39.00,-60,4416692,-265001.52,4,fused
515445,000000515445.jpg,640x480,0,0.432769,1,0,FN,yolov8l_bsz4.ms,169.00,122.50,291.50,0.500,Idle,5.07,8.91,375.72,4591.00,11499.37,317.35,,0,100,39.00,-60,4416692,-265001.52,4,fused
562561,000000562561.jpg,640x480,0,0.431797,0,1,TN,yolov8l_bsz4.ms,169.00,122.50,291.50,0.500,Idle,5.07,8.91,375.72,4591.00,11499.37,317.35,,0,100,39.00,-60,4416692,-265001.52,4,fused
434247,000000434247.jpg,640x482,0,0.431351,1,0,FN,yolov8l_bsz4.ms,167.25,116.75,284.00,0.500,Idle,4.97,8.91,375.59,4591.00,11499.37,316.12,,0,100,39.00,-60,4416750,-265005.00,4,fused
372718,000000372718.jpg,640x638,0,0.431340,0,1,TN,yolov8l_bsz4.ms,167.25,116.75,284.00,0.500,Idle,4.97,8.91,375.59,4591.00,11499.37,316.12,,0,100,39.00,-60,4416750,-265005.00,4,fused
144798,000000144798.jpg,425x640,0,0.430962,0,1,TN,yolov8l_bsz4.ms,167.25,116.75,284.00,0.500,Idle,4.97,8.91,375.59,4591.00,11499.37,316.12,,0,100,39.00,-60,4416750,-265005.00,4,fused
222458,000000222458.jpg,640x424,0,0.430670,1,0,FN,yolov8l_bsz4.ms,167.25,116.75,284.00,0.500,Idle,4.97,8.91,375.59,4591.00,11499.37,316.12,,0,100,39.00,-60,4416750,-265005.00,4,fused
337498,000000337498.jpg,640x480,0,0.430323,0,1,TN,yolov8l_bsz4.ms,167.50,124.25,291.75,0.500,Idle,4.91,8.67,353.20,4613.00,11499.37,337.17,,0,100,39.00,-81,4416225,-357714.22,4,fused
174231,000000174231.jpg,375x500,0,0.429053,0,1,TN,yolov8l_bsz4.ms,167.50,124.25,291.75,0.500,Idle,4.91,8.67,353.20,4613.00,11499.37,337.17,,0,100,39.00,-81,4416225,-357714.22,4,fused
15517,000000015517.jpg,640x480,0,0.428526,0,1,TN,yolov8l_bsz4.ms,167.50,124.25,291.75,0.500,Idle,4.91,8.67,353.20,4613.00,11499.37,337.17,,0,100,39.00,-81,4416225,-357714.22,4,fused
376365,000000376365.jpg,500x375,0,0.428511,1,0,FN,yolov8l_bsz4.ms,167.50,124.25,291.75,0.500,Idle,4.91,8.67,353.20,4613.00,11499.37,337.17,,0,100,39.00,-81,4416225,-357714.22,4,fused
461405,000000461405.jpg,640x427,0,0.428447,0,1,TN,yolov8l_bsz4.ms,162.00,115.00,277.00,0.500,Idle,9.95,8.67,303.43,4663.00,11499.37,385.09,,0,100,39.00,-66,4416629,-291497.51,4,fused
328030,000000328030.jpg,425x640,0,0.428251,0,1,TN,yolov8l_bsz4.ms,162.00,115.00,277.00,0.500,Idle,9.95,8.67,303.43,4663.00,11499.37,385.09,,0,100,39.00,-66,4416629,-291497.51,4,fused
84650,000000084650.jpg,640x480,0,0.427749,0,1,TN,yolov8l_bsz4.ms,162.00,115.00,277.00,0.500,Idle,9.95,8.67,303.43,4663.00,11499.37,385.09,,0,100,39.00,-66,4416629,-291497.51,4,fused
393014,000000393014.jpg,640x480,0,0.427682,0,1,TN,yolov8l_bsz4.ms,162.00,115.00,277.00,0.500,Idle,9.95,8.67,303.43,4663.00,11499.37,385.09,,0,100,39.00,-66,4416629,-291497.51,4,fused
567432,000000567432.jpg,640x424,0,0.427614,0,1,TN,yolov8l_bsz4.ms,161.00,122.00,283.00,0.500,Idle,5.34,8.94,373.10,4593.00,11499.37,313.38,,0,100,39.00,-64,4416713,-282669.63,4,fused
106235,000000106235.jpg,640x480,0,0.426336,0,1,TN,yolov8l_bsz4.ms,161.00,122.00,283.00,0.500,Idle,5.34,8.94,373.10,4593.00,11499.37,313.38,,0,100,39.00,-64,4416713,-282669.63,4,fused
292908,000000292908.jpg,384x640,0,0.426271,1,0,FN,yolov8l_bsz4.ms,161.00,122.00,283.00,0.500,Idle,5.34,8.94,373.10,4593.00,11499.37,313.38,,0,100,39.00,-64,4416713,-282669.63,4,fused
419653,000000419653.jpg,640x480,0,0.425984,0,1,TN,yolov8l_bsz4.ms,161.00,122.00,283.00,0.500,Idle,5.34,8.94,373.10,4593.00,11499.37,313.38,,0,100,39.00,-64,4416713,-282669.63,4,fused
175535,000000175535.jpg,478x640,0,0.425916,0,1,TN,yolov8l_bsz4.ms,165.50,111.50,277.00,0.500,Idle,4.84,8.94,373.43,4592.00,11499.37,311.33,,0,100,39.00,-65,4416764,-287089.66,4,fused
5477,000000005477.jpg,640x349,0,0.425156,0,1,TN,yolov8l_bsz4.ms,165.50,111.50,277.00,0.500,Idle,4.84,8.94,373.43,4592.00,11499.37,311.33,,0,100,39.00,-65,4416764,-287089.66,4,fused
526103,000000526103.jpg,640x480,0,0.425058,0,1,TN,yolov8l_bsz4.ms,165.50,111.50,277.00,0.500,Idle,4.84,8.94,373.43,4592.00,11499.37,311.33,,0,100,39.00,-65,4416764,-287089.66,4,fused
118405,000000118405.jpg,640x480,0,0.424956,1,0,FN,yolov8l_bsz4.ms,165.50,111.50,277.00,0.500,Idle,4.84,8.94,373.43,4592.00,11499.37,311.33,,0,100,39.00,-65,4416764,-287089.66,4,fused
224119,000000224119.jpg,640x425,0,0.424918,1,0,FN,yolov8l_bsz4.ms,161.75,124.25,286.00,0.500,Idle,4.76,8.05,351.66,4614.00,11499.37,331.99,,0,100,39.00,-64,4416900,-282681.60,4,fused
538236,000000538236.jpg,640x428,0,0.424793,1,0,FN,yolov8l_bsz4.ms,161.75,124.25,286.00,0.500,Idle,4.76,8.05,351.66,4614.00,11499.37,331.99,,0,100,39.00,-64,4416900,-282681.60,4,fused
287545,000000287545.jpg,640x480,0,0.424353,0,1,TN,yolov8l_bsz4.ms,161.75,124.25,286.00,0.500,Idle,4.76,8.05,351.66,4614.00,11499.37,331.99,,0,100,39.00,-64,4416900,-282681.60,4,fused
513688,000000513688.jpg,640x480,0,0.424008,0,1,TN,yolov8l_bsz4.ms,161.75,124.25,286.00,0.500,Idle,4.76,8.05,351.66,4614.00,11499.37,331.99,,0,100,39.00,-64,4416900,-282681.60,4,fused
258793,000000258793.jpg,640x476,0,0.423532,1,0,FN,yolov8l_bsz4.ms,161.25,114.50,275.75,0.500,Idle,4.63,8.05,297.38,4668.00,11499.37,384.72,,0,100,39.00,-67,4416804,-295925.87,4,fused
252216,000000252216.jpg,640x458,0,0.423163,0,1,TN,yolov8l_bsz4.ms,161.25,114.50,275.75,0.500,Idle,4.63,8.05,297.38,4668.00,11499.37,384.72,,0,100,39.00,-67,4416804,-295925.87,4,fused
546829,000000546829.jpg,640x425,0,0.423128,0,1,TN,yolov8l_bsz4.ms,161.25,114.50,275.75,0.500,Idle,4.63,8.05,297.38,4668.00,11499.37,384.72,,0,100,39.00,-67,4416804,-295925.87,4,fused
405432,000000405432.jpg,500x375,0,0.423026,0,1,TN,yolov8l_bsz4.ms,161.25,114.50,275.75,0.500,Idle,4.63,8.05,297.38,4668.00,11499.37,384.72,,0,100,39.00,-67,4416804,-295925.87,4,fused
398652,000000398652.jpg,640x427,0,0.422843,0,1,TN,yolov8l_bsz4.ms,160.00,102.25,262.25,0.500,Idle,4.46,7.87,373.06,4592.00,11499.37,307.70,,0,100,39.00,-66,4416822,-291510.25,4,fused
539883,000000539883.jpg,640x427,0,0.422551,1,0,FN,yolov8l_bsz4.ms,160.00,102.25,262.25,0.500,Idle,4.46,7.87,373.06,4592.00,11499.37,307.70,,0,100,39.00,-66,4416822,-291510.25,4,fused
443498,000000443498.jpg,640x478,0,0.421391,0,1,TN,yolov8l_bsz4.ms,160.00,102.25,262.25,0.500,Idle,4.46,7.87,373.06,4592.00,11499.37,307.70,,0,100,39.00,-66,4416822,-291510.25,4,fused
172083,000000172083.jpg,640x360,0,0.420171,0,1,TN,yolov8l_bsz4.ms,160.00,102.25,262.25,0.500,Idle,4.46,7.87,373.06,4592.00,11499.37,307.70,,0,100,39.00,-66,4416822,-291510.25,4,fused
192191,000000192191.jpg,480x640,0,0.420165,0,1,TN,yolov8l_bsz4.ms,164.50,121.00,285.50,0.500,Idle,4.46,7.87,373.51,4591.00,11499.37,304.64,,0,100,39.00,-69,4416740,-304755.06,4,fused
8021,000000008021.jpg,640x480,0,0.419896,1,0,FN,yolov8l_bsz4.ms,164.50,121.00,285.50,0.500,Idle,4.46,7.87,373.51,4591.00,11499.37,304.64,,0,100,39.00,-69,4416740,-304755.06,4,fused
101022,000000101022.jpg,480x640,0,0.419563,0,1,TN,yolov8l_bsz4.ms,164.50,121.00,285.50,0.500,Idle,4.46,7.87,373.51,4591.00,11499.37,304.64,,0,100,39.00,-69,4416740,-304755.06,4,fused
108440,000000108440.jpg,640x434,0,0.419529,0,1,TN,yolov8l_bsz4.ms,164.50,121.00,285.50,0.500,Idle,4.46,7.87,373.51,4591.00,11499.37,304.64,,0,100,39.00,-69,4416740,-304755.06,4,fused
536073,000000536073.jpg,480x640,0,0.419462,0,1,TN,yolov8l_bsz4.ms,160.25,131.50,291.75,0.500,Idle,4.46,8.04,355.06,4609.00,11499.37,321.58,,0,100,39.00,-113,4415326,-498931.84,4,fused
290771,000000290771.jpg,640x477,0,0.419412,0,1,TN,yolov8l_bsz4.ms,160.25,131.50,291.75,0.500,Idle,4.46,8.04,355.06,4609.00,11499.37,321.58,,0,100,39.00,-113,4415326,-498931.84,4,fused
429718,000000429718.jpg,640x640,0,0.418765,1,0,FN,yolov8l_bsz4.ms,160.25,131.50,291.75,0.500,Idle,4.46,8.04,355.06,4609.00,11499.37,321.58,,0,100,39.00,-113,4415326,-498931.84,4,fused
177383,000000177383.jpg,425x640,0,0.418631,0,1,TN,yolov8l_bsz4.ms,160.25,131.50,291.75,0.500,Idle,4.46,8.04,355.06,4609.00,11499.37,321.58,,0,100,39.00,-113,4415326,-498931.84,4,fused
408120,000000408120.jpg,640x427,0,0.418556,1,0,FN,yolov8l_bsz4.ms,155.75,129.75,285.50,0.500,Idle,4.48,8.04,298.75,4665.00,11499.37,376.63,,0,100,39.00,-61,4417072,-269441.39,4,fused
452084,000000452084.jpg,640x639,0,0.418463,0,1,TN,yolov8l_bsz4.ms,155.75,129.75,285.50,0.500,Idle,4.48,8.04,298.75,4665.00,11499.37,376.63,,0,100,39.00,-61,4417072,-269441.39,4,fused
268000,000000268000.jpg,640x360,0,0.418275,1,0,FN,yolov8l_bsz4.ms,155.75,129.75,285.50,0.500,Idle,4.48,8.04,298.75,4665.00,11499.37,376.63,,0,100,39.00,-61,4417072,-269441.39,4,fused
552612,000000552612.jpg,612x612,0,0.417022,0,1,TN,yolov8l_bsz4.ms,155.75,129.75,285.50,0.500,Idle,4.48,8.04,298.75,4665.00,11499.37,376.63,,0,100,39.00,-61,4417072,-269441.39,4,fused
393569,000000393569.jpg,640x480,0,0.416802,1,0,FN,yolov8l_bsz4.ms,157.25,124.00,281.25,0.500,Idle,4.53,9.12,374.93,4589.00,11499.37,298.54,,0,100,39.00,-58,4417079,-256190.58,4,fused
548524,000000548524.jpg,640x427,0,0.416343,1,0,FN,yolov8l_bsz4.ms,157.25,124.00,281.25,0.500,Idle,4.53,9.12,374.93,4589.00,11499.37,298.54,,0,100,39.00,-58,4417079,-256190.58,4,fused
217400,000000217400.jpg,640x480,0,0.416329,1,0,FN,yolov8l_bsz4.ms,157.25,124.00,281.25,0.500,Idle,4.53,9.12,374.93,4589.00,11499.37,298.54,,0,100,39.00,-58,4417079,-256190.58,4,fused
447200,000000447200.jpg,640x480,0,0.416043,0,1,TN,yolov8l_bsz4.ms,157.25,124.00,281.25,0.500,Idle,4.53,9.12,374.93,4589.00,11499.37,298.54,,0,100,39.00,-58,4417079,-256190.58,4,fused
110721,000000110721.jpg,640x418,0,0.415127,1,0,FN,yolov8l_bsz4.ms,163.75,122.00,285.75,0.500,Idle,4.45,9.12,369.97,4593.00,11499.37,301.53,,0,100,39.00,-66,4416859,-291512.69,4,fused
318080,000000318080.jpg,640x480,0,0.415093,0,1,TN,yolov8l_bsz4.ms,163.75,122.00,285.75,0.500,Idle,4.45,9.12,369.97,4593.00,11499.37,301.53,,0,100,39.00,-66,4416859,-291512.69,4,fused
201775,000000201775.jpg,500x382,0,0.414143,0,1,TN,yolov8l_bsz4.ms,163.75,122.00,285.75,0.500,Idle,4.45,9.12,369.97,4593.00,11499.37,301.53,,0,100,39.00,-66,4416859,-291512.69,4,fused
449198,000000449198.jpg,500x333,0,0.413814,0,1,TN,yolov8l_bsz4.ms,163.75,122.00,285.75,0.500,Idle,4.45,9.12,369.97,4593.00,11499.37,301.53,,0,100,39.00,-66,4416859,-291512.69,4,fused
292225,000000292225.jpg,320x240,0,0.412579,1,0,FN,yolov8l_bsz4.ms,160.00,98.50,258.50,0.500,Idle,4.41,8.52,351.74,4611.00,11499.37,318.12,,0,100,39.00,-118,4415111,-520983.10,4,fused
500049,000000500049.jpg,640x426,0,0.412358,0,1,TN,yolov8l_bsz4.ms,160.00,98.50,258.50,0.500,Idle,4.41,8.52,351.74,4611.00,11499.37,318.12,,0,100,39.00,-118,4415111,-520983.10,4,fused
354072,000000354072.jpg,359x640,0,0.412318,0,1,TN,yolov8l_bsz4.ms,160.00,98.50,258.50,0.500,Idle,4.41,8.52,351.74,4611.00,11499.37,318.12,,0,100,39.00,-118,4415111,-520983.10,4,fused
30675,000000030675.jpg,640x360,0,0.412230,0,1,TN,yolov8l_bsz4.ms,160.00,98.50,258.50,0.500,Idle,4.41,8.52,351.74,4611.00,11499.37,318.12,,0,100,39.00,-118,4415111,-520983.10,4,fused
95069,000000095069.jpg,600x450,0,0.412046,0,1,TN,yolov8l_bsz4.ms,157.50,112.50,270.00,0.500,Idle,4.34,8.52,296.40,4666.00,11499.37,371.54,,0,100,39.00,-119,4415164,-525404.52,4,fused
528980,000000528980.jpg,426x640,0,0.411904,0,1,TN,yolov8l_bsz4.ms,157.50,112.50,270.00,0.500,Idle,4.34,8.52,296.40,4666.00,11499.37,371.54,,0,100,39.00,-119,4415164,-525404.52,4,fused
312278,000000312278.jpg,640x293,0,0.410924,0,1,TN,yolov8l_bsz4.ms,157.50,112.50,270.00,0.500,Idle,4.34,8.52,296.40,4666.00,11499.37,371.54,,0,100,39.00,-119,4415164,-525404.52,4,fused
356125,000000356125.jpg,640x480,0,0.410856,1,0,FN,yolov8l_bsz4.ms,157.50,112.50,270.00,0.500,Idle,4.34,8.52,296.40,4666.00,11499.37,371.54,,0,100,39.00,-119,4415164,-525404.52,4,fused
130613,000000130613.jpg,640x425,0,0.409652,0,1,TN,yolov8l_bsz4.ms,160.50,129.25,289.75,0.500,Idle,4.32,8.11,373.40,4589.00,11499.37,293.12,,0,100,39.00,-71,4416575,-313576.83,4,fused
350054,000000350054.jpg,500x375,0,0.409587,0,1,TN,yolov8l_bsz4.ms,160.50,129.25,289.75,0.500,Idle,4.32,8.11,373.40,4589.00,11499.37,293.12,,0,100,39.00,-71,4416575,-313576.83,4,fused
338191,000000338191.jpg,635x640,0,0.409387,0,1,TN,yolov8l_bsz4.ms,160.50,129.25,289.75,0.500,Idle,4.32,8.11,373.40,4589.00,11499.37,293.12,,0,100,39.00,-71,4416575,-313576.83,4,fused
46463,000000046463.jpg,500x400,0,0.409165,1,0,FN,yolov8l_bsz4.ms,160.50,129.25,289.75,0.500,Idle,4.32,8.11,373.40,4589.00,11499.37,293.12,,0,100,39.00,-71,4416575,-313576.83,4,fused
521719,000000521719.jpg,427x640,0,0.408891,0,1,TN,yolov8l_bsz4.ms,157.50,132.75,290.25,0.500,Idle,4.33,8.11,373.74,4588.00,11499.37,290.64,,0,100,39.00,-117,4415126,-516569.74,4,fused
499181,000000499181.jpg,640x480,0,0.408194,1,0,FN,yolov8l_bsz4.ms,157.50,132.75,290.25,0.500,Idle,4.33,8.11,373.74,4588.00,11499.37,290.64,,0,100,39.00,-117,4415126,-516569.74,4,fused
28809,000000028809.jpg,498x500,0,0.408156,0,1,TN,yolov8l_bsz4.ms,157.50,132.75,290.25,0.500,Idle,4.33,8.11,373.74,4588.00,11499.37,290.64,,0,100,39.00,-117,4415126,-516569.74,4,fused
90062,000000090062.jpg,640x425,0,0.407307,0,1,TN,yolov8l_bsz4.ms,157.50,132.75,290.25,0.500,Idle,4.33,8.11,373.74,4588.00,11499.37,290.64,,0,100,39.00,-117,4415126,-516569.74,4,fused
430871,000000430871.jpg,640x428,0,0.406702,0,1,TN,yolov8l_bsz4.ms,154.25,132.50,286.75,0.500,Idle,4.38,8.10,352.40,4609.00,11499.37,311.05,,0,100,39.00,-67,4416739,-295921.51,4,fused
558421,000000558421.jpg,640x427,0,0.406672,1,0,FN,yolov8l_bsz4.ms,154.25,132.50,286.75,0.500,Idle,4.38,8.10,352.40,4609.00,11499.37,311.05,,0,100,39.00,-67,4416739,-295921.51,4,fused
393115,000000393115.jpg,630x640,0,0.405567,1,0,FN,yolov8l_bsz4.ms,154.25,132.50,286.75,0.500,Idle,4.38,8.10,352.40,4609.00,11499.37,311.05,,0,100,39.00,-67,4416739,-295921.51,4,fused
574425,000000574425.jpg,640x422,0,0.405101,0,1,TN,yolov8l_bsz4.ms,154.25,132.50,286.75,0.500,Idle,4.38,8.10,352.40,4609.00,11499.37,311.05,,0,100,39.00,-67,4416739,-295921.51,4,fused
3255,000000003255.jpg,640x363,0,0.404470,1,0,FN,yolov8l_bsz4.ms,157.00,100.75,257.75,0.500,Idle,4.35,8.10,297.95,4663.00,11499.37,363.21,,0,100,39.00,-66,4416807,-291509.26,4,fused
400803,000000400803.jpg,640x427,0,0.404420,1,0,FN,yolov8l_bsz4.ms,157.00,100.75,257.75,0.500,Idle,4.35,8.10,297.95,4663.00,11499.37,363.21,,0,100,39.00,-66,4416807,-291509.26,4,fused
579893,000000579893.jpg,500x332,0,0.404306,0,1,TN,yolov8l_bsz4.ms,157.00,100.75,257.75,0.500,Idle,4.35,8.10,297.95,4663.00,11499.37,363.21,,0,100,39.00,-66,4416807,-291509.26,4,fused
6040,000000006040.jpg,640x351,0,0.404293,1,0,FN,yolov8l_bsz4.ms,157.00,100.75,257.75,0.500,Idle,4.35,8.10,297.95,4663.00,11499.37,363.21,,0,100,39.00,-66,4416807,-291509.26,4,fused
112110,000000112110.jpg,640x480,0,0.404185,1,0,FN,yolov8l_bsz4.ms,158.50,111.75,270.25,0.500,Idle,9.02,15.38,374.73,4586.00,11499.37,284.73,,0,100,39.00,-72,4416674,-318000.53,4,fused
581781,000000581781.jpg,640x478,0,0.403499,0,1,TN,yolov8l_bsz4.ms,158.50,111.75,270.25,0.500,Idle,9.02,15.38,374.73,4586.00,11499.37,284.73,,0,100,39.00,-72,4416674,-318000.53,4,fused
322864,000000322864.jpg,427x640,0,0.403494,1,0,FN,yolov8l_bsz4.ms,158.50,111.75,270.25,0.500,Idle,9.02,15.38,374.73,4586.00,11499.37,284.73,,0,100,39.00,-72,4416674,-318000.53,4,fused
463037,000000463037.jpg,640x427,0,0.403110,0,1,TN,yolov8l_bsz4.ms,158.50,111.75,270.25,0.500,Idle,9.02,15.38,374.73,4586.00,11499.37,284.73,,0,100,39.00,-72,4416674,-318000.53,4,fused
304812,000000304812.jpg,428x640,0,0.402103,1,0,FN,yolov8l_bsz4.ms,159.00,110.00,269.00,0.500,Idle,5.20,15.38,370.37,4589.00,11499.37,286.38,,0,100,39.00,-62,4416892,-273847.30,4,fused
83113,000000083113.jpg,640x480,0,0.402039,0,1,TN,yolov8l_bsz4.ms,159.00,110.00,269.00,0.500,Idle,5.20,15.38,370.37,4589.00,11499.37,286.38,,0,100,39.00,-62,4416892,-273847.30,4,fused
290833,000000290833.jpg,640x427,0,0.401516,0,1,TN,yolov8l_bsz4.ms,159.00,110.00,269.00,0.500,Idle,5.20,15.38,370.37,4589.00,11499.37,286.38,,0,100,39.00,-62,4416892,-273847.30,4,fused
504439,000000504439.jpg,500x243,0,0.401217,0,1,TN,yolov8l_bsz4.ms,159.00,110.00,269.00,0.500,Idle,5.20,15.38,370.37,4589.00,11499.37,286.38,,0,100,39.00,-62,4416892,-273847.30,4,fused
309452,000000309452.jpg,640x480,0,0.400789,0,1,TN,yolov8l_bsz4.ms,156.75,116.25,273.00,0.500,Idle,4.83,7.98,351.46,4609.00,11499.37,304.68,,0,100,39.00,-61,4416971,-269435.23,4,fused
491216,000000491216.jpg,480x640,0,0.400498,0,1,TN,yolov8l_bsz4.ms,156.75,116.25,273.00,0.500,Idle,4.83,7.98,351.46,4609.00,11499.37,304.68,,0,100,39.00,-61,4416971,-269435.23,4,fused
116825,000000116825.jpg,640x360,0,0.400183,0,1,TN,yolov8l_bsz4.ms,156.75,116.25,273.00,0.500,Idle,4.83,7.98,351.46,4609.00,11499.37,304.68,,0,100,39.00,-61,4416971,-269435.23,4,fused
255965,000000255965.jpg,640x427,0,0.399247,0,1,TN,yolov8l_bsz4.ms,156.75,116.25,273.00,0.500,Idle,4.83,7.98,351.46,4609.00,11499.37,304.68,,0,100,39.00,-61,4416971,-269435.23,4,fused
25181,000000025181.jpg,640x427,0,0.398888,1,0,FN,yolov8l_bsz4.ms,157.00,104.50,261.50,0.500,Idle,4.60,7.98,297.24,4662.00,11499.37,357.23,,0,100,39.00,-68,4416879,-300347.77,4,fused
300659,000000300659.jpg,640x360,0,0.397709,0,1,TN,yolov8l_bsz4.ms,157.00,104.50,261.50,0.500,Idle,4.60,7.98,297.24,4662.00,11499.37,357.23,,0,100,39.00,-68,4416879,-300347.77,4,fused
227044,000000227044.jpg,640x480,0,0.397562,0,1,TN,yolov8l_bsz4.ms,157.00,104.50,261.50,0.500,Idle,4.60,7.98,297.24,4662.00,11499.37,357.23,,0,100,39.00,-68,4416879,-300347.77,4,fused
482585,000000482585.jpg,640x480,0,0.397544,1,0,FN,yolov8l_bsz4.ms,157.00,104.50,261.50,0.500,Idle,4.60,7.98,297.24,4662.00,11499.37,357.23,,0,100,39.00,-68,4416879,-300347.77,4,fused
372307,000000372307.jpg,640x428,0,0.397499,0,1,TN,yolov8l_bsz4.ms,158.00,121.75,279.75,0.500,Idle,4.53,7.89,372.92,4587.00,11499.37,280.98,,0,100,39.00,-62,4417019,-273855.18,4,fused
453634,000000453634.jpg,480x640,0,0.396518,0,1,TN,yolov8l_bsz4.ms,158.00,121.75,279.75,0.500,Idle,4.53,7.89,372.92,4587.00,11499.37,280.98,,0,100,39.00,-62,4417019,-273855.18,4,fused
424135,000000424135.jpg,480x640,0,0.396484,1,0,FN,yolov8l_bsz4.ms,158.00,121.75,279.75,0.500,Idle,4.53,7.89,372.92,4587.00,11499.37,280.98,,0,100,39.00,-62,4417019,-273855.18,4,fused
304984,000000304984.jpg,385x289,0,0.396402,0,1,TN,yolov8l_bsz4.ms,158.00,121.75,279.75,0.500,Idle,4.53,7.89,372.92,4587.00,11499.37,280.98,,0,100,39.00,-62,4417019,-273855.18,4,fused
21839,000000021839.jpg,480x640,0,0.396358,1,0,FN,yolov8l_bsz4.ms,155.25,112.00,267.25,0.500,Idle,4.44,7.89,369.31,4590.00,11499.37,282.36,,0,100,39.00,-63,4416989,-278270.31,4,fused
465718,000000465718.jpg,640x429,0,0.395942,1,0,FN,yolov8l_bsz4.ms,155.25,112.00,267.25,0.500,Idle,4.44,7.89,369.31,4590.00,11499.37,282.36,,0,100,39.00,-63,4416989,-278270.31,4,fused
347664,000000347664.jpg,640x427,0,0.395644,0,1,TN,yolov8l_bsz4.ms,155.25,112.00,267.25,0.500,Idle,4.44,7.89,369.31,4590.00,11499.37,282.36,,0,100,39.00,-63,4416989,-278270.31,4,fused
190236,000000190236.jpg,640x393,0,0.395402,0,1,TN,yolov8l_bsz4.ms,155.25,112.00,267.25,0.500,Idle,4.44,7.89,369.31,4590.00,11499.37,282.36,,0,100,39.00,-63,4416989,-278270.31,4,fused
243075,000000243075.jpg,640x573,0,0.395291,0,1,TN,yolov8l_bsz4.ms,158.00,124.00,282.00,0.500,Idle,4.48,8.07,350.99,4608.00,11499.37,299.38,,0,100,39.00,-122,4414972,-538626.58,4,fused
550084,000000550084.jpg,500x375,0,0.394971,0,1,TN,yolov8l_bsz4.ms,158.00,124.00,282.00,0.500,Idle,4.48,8.07,350.99,4608.00,11499.37,299.38,,0,100,39.00,-122,4414972,-538626.58,4,fused
270066,000000270066.jpg,640x480,0,0.394587,0,1,TN,yolov8l_bsz4.ms,158.00,124.00,282.00,0.500,Idle,4.48,8.07,350.99,4608.00,11499.37,299.38,,0,100,39.00,-122,4414972,-538626.58,4,fused
415536,000000415536.jpg,640x480,0,0.394273,1,0,FN,yolov8l_bsz4.ms,158.00,124.00,282.00,0.500,Idle,4.48,8.07,350.99,4608.00,11499.37,299.38,,0,100,39.00,-122,4414972,-538626.58,4,fused
384661,000000384661.jpg,500x375,0,0.394200,0,1,TN,yolov8l_bsz4.ms,160.25,126.25,286.50,0.500,Idle,4.47,8.07,297.31,4661.00,11499.37,351.02,,0,100,39.00,-61,4416905,-269431.21,4,fused
191614,000000191614.jpg,612x612,0,0.394065,1,0,FN,yolov8l_bsz4.ms,160.25,126.25,286.50,0.500,Idle,4.47,8.07,297.31,4661.00,11499.37,351.02,,0,100,39.00,-61,4416905,-269431.21,4,fused
565153,000000565153.jpg,379x500,0,0.393494,0,1,TN,yolov8l_bsz4.ms,160.25,126.25,286.50,0.500,Idle,4.47,8.07,297.31,4661.00,11499.37,351.02,,0,100,39.00,-61,4416905,-269431.21,4,fused
135890,000000135890.jpg,428x640,0,0.393126,1,0,FN,yolov8l_bsz4.ms,160.25,126.25,286.50,0.500,Idle,4.47,8.07,297.31,4661.00,11499.37,351.02,,0,100,39.00,-61,4416905,-269431.21,4,fused
550322,000000550322.jpg,427x640,0,0.392681,0,1,TN,yolov8l_bsz4.ms,156.25,117.25,273.50,0.500,Idle,4.41,8.05,374.74,4584.00,11499.37,272.14,,0,100,39.00,-65,4416976,-287103.44,4,fused
466416,000000466416.jpg,640x425,0,0.392316,0,1,TN,yolov8l_bsz4.ms,156.25,117.25,273.50,0.500,Idle,4.41,8.05,374.74,4584.00,11499.37,272.14,,0,100,39.00,-65,4416976,-287103.44,4,fused
334521,000000334521.jpg,500x375,0,0.392135,1,0,FN,yolov8l_bsz4.ms,156.25,117.25,273.50,0.500,Idle,4.41,8.05,374.74,4584.00,11499.37,272.14,,0,100,39.00,-65,4416976,-287103.44,4,fused
193494,000000193494.jpg,426x640,0,0.392040,0,1,TN,yolov8l_bsz4.ms,156.25,117.25,273.50,0.500,Idle,4.41,8.05,374.74,4584.00,11499.37,272.14,,0,100,39.00,-65,4416976,-287103.44,4,fused
416269,000000416269.jpg,640x428,0,0.392009,0,1,TN,yolov8l_bsz4.ms,164.00,107.75,271.75,0.500,Idle,7.09,8.05,372.78,4585.00,11499.37,272.13,,0,100,39.00,-118,4415121,-520984.28,4,fused
338560,000000338560.jpg,480x640,0,0.391676,0,1,TN,yolov8l_bsz4.ms,164.00,107.75,271.75,0.500,Idle,7.09,8.05,372.78,4585.00,11499.37,272.13,,0,100,39.00,-118,4415121,-520984.28,4,fused
410487,000000410487.jpg,427x640,0,0.391304,0,1,TN,yolov8l_bsz4.ms,164.00,107.75,271.75,0.500,Idle,7.09,8.05,372.78,4585.00,11499.37,272.13,,0,100,39.00,-118,4415121,-520984.28,4,fused
336587,000000336587.jpg,640x480,0,0.389895,0,1,TN,yolov8l_bsz4.ms,164.00,107.75,271.75,0.500,Idle,7.09,8.05,372.78,4585.00,11499.37,272.13,,0,100,39.00,-118,4415121,-520984.28,4,fused
94185,000000094185.jpg,640x480,0,0.388971,1,0,FN,yolov8l_bsz4.ms,160.50,110.50,271.00,0.500,Idle,5.21,10.90,351.43,4606.00,11499.37,292.02,,0,100,39.00,-65,4416867,-287096.35,4,fused
281693,000000281693.jpg,640x481,0,0.388424,0,1,TN,yolov8l_bsz4.ms,160.50,110.50,271.00,0.500,Idle,5.21,10.90,351.43,4606.00,11499.37,292.02,,0,100,39.00,-65,4416867,-287096.35,4,fused
574810,000000574810.jpg,377x500,0,0.388252,0,1,TN,yolov8l_bsz4.ms,160.50,110.50,271.00,0.500,Idle,5.21,10.90,351.43,4606.00,11499.37,292.02,,0,100,39.00,-65,4416867,-287096.35,4,fused
541291,000000541291.jpg,640x426,0,0.388174,0,1,TN,yolov8l_bsz4.ms,160.50,110.50,271.00,0.500,Idle,5.21,10.90,351.43,4606.00,11499.37,292.02,,0,100,39.00,-65,4416867,-287096.35,4,fused
64495,000000064495.jpg,640x480,0,0.387783,0,1,TN,yolov8l_bsz4.ms,159.25,124.50,283.75,0.500,Idle,4.83,10.90,296.28,4662.00,11499.37,345.92,,0,100,39.00,-62,4416921,-273849.10,4,fused
34452,000000034452.jpg,640x480,0,0.387754,1,0,FN,yolov8l_bsz4.ms,159.25,124.50,283.75,0.500,Idle,4.83,10.90,296.28,4662.00,11499.37,345.92,,0,100,39.00,-62,4416921,-273849.10,4,fused
522940,000000522940.jpg,511x640,0,0.387673,0,1,TN,yolov8l_bsz4.ms,159.25,124.50,283.75,0.500,Idle,4.83,10.90,296.28,4662.00,11499.37,345.92,,0,100,39.00,-62,4416921,-273849.10,4,fused
179765,000000179765.jpg,640x480,0,0.386645,0,1,TN,yolov8l_bsz4.ms,159.25,124.50,283.75,0.500,Idle,4.83,10.90,296.28,4662.00,11499.37,345.92,,0,100,39.00,-62,4416921,-273849.10,4,fused
530470,000000530470.jpg,500x375,0,0.386642,0,1,TN,yolov8l_bsz4.ms,157.50,123.00,280.50,0.500,Idle,4.65,8.99,372.97,4585.00,11499.37,268.46,,0,100,39.00,-61,4417062,-269440.78,4,fused
562581,000000562581.jpg,640x444,0,0.386495,1,0,FN,yolov8l_bsz4.ms,157.50,123.00,280.50,0.500,Idle,4.65,8.99,372.97,4585.00,11499.37,268.46,,0,100,39.00,-61,4417062,-269440.78,4,fused
327890,000000327890.jpg,640x480,0,0.386467,0,1,TN,yolov8l_bsz4.ms,157.50,123.00,280.50,0.500,Idle,4.65,8.99,372.97,4585.00,11499.37,268.46,,0,100,39.00,-61,4417062,-269440.78,4,fused
498032,000000498032.jpg,640x464,0,0.386334,1,0,FN,yolov8l_bsz4.ms,157.50,123.00,280.50,0.500,Idle,4.65,8.99,372.97,4585.00,11499.37,268.46,,0,100,39.00,-61,4417062,-269440.78,4,fused
261982,000000261982.jpg,457x640,0,0.386177,1,0,FN,yolov8l_bsz4.ms,158.75,118.50,277.25,0.500,Idle,4.53,8.99,370.77,4586.00,11499.37,267.95,,0,100,39.00,-67,4416888,-295931.50,4,fused
139684,000000139684.jpg,500x333,0,0.385924,0,1,TN,yolov8l_bsz4.ms,158.75,118.50,277.25,0.500,Idle,4.53,8.99,370.77,4586.00,11499.37,267.95,,0,100,39.00,-67,4416888,-295931.50,4,fused
238039,000000238039.jpg,480x640,0,0.385844,0,1,TN,yolov8l_bsz4.ms,158.75,118.50,277.25,0.500,Idle,4.53,8.99,370.77,4586.00,11499.37,267.95,,0,100,39.00,-67,4416888,-295931.50,4,fused
77460,000000077460.jpg,428x640,0,0.385466,1,0,FN,yolov8l_bsz4.ms,158.75,118.50,277.25,0.500,Idle,4.53,8.99,370.77,4586.00,11499.37,267.95,,0,100,39.00,-67,4416888,-295931.50,4,fused
184384,000000184384.jpg,640x480,0,0.385361,1,0,FN,yolov8l_bsz4.ms,157.50,123.75,281.25,0.500,Idle,4.61,8.85,351.35,4605.00,11499.37,285.74,,0,100,39.00,-69,4416764,-304756.72,4,fused
553339,000000553339.jpg,500x375,0,0.384712,0,1,TN,yolov8l_bsz4.ms,157.50,123.75,281.25,0.500,Idle,4.61,8.85,351.35,4605.00,11499.37,285.74,,0,100,39.00,-69,4416764,-304756.72,4,fused
292415,000000292415.jpg,333x500,0,0.384368,1,0,FN,yolov8l_bsz4.ms,157.50,123.75,281.25,0.500,Idle,4.61,8.85,351.35,4605.00,11499.37,285.74,,0,100,39.00,-69,4416764,-304756.72,4,fused
88040,000000088040.jpg,427x640,0,0.384299,0,1,TN,yolov8l_bsz4.ms,157.50,123.75,281.25,0.500,Idle,4.61,8.85,351.35,4605.00,11499.37,285.74,,0,100,39.00,-69,4416764,-304756.72,4,fused
139872,000000139872.jpg,640x480,0,0.384200,1,0,FN,yolov8l_bsz4.ms,152.25,135.50,287.75,0.500,Idle,4.55,8.85,296.74,4660.00,11499.37,338.91,,0,100,39.00,-110,4415609,-485716.99,4,fused
368961,000000368961.jpg,640x480,0,0.384013,1,0,FN,yolov8l_bsz4.ms,152.25,135.50,287.75,0.500,Idle,4.55,8.85,296.74,4660.00,11499.37,338.91,,0,100,39.00,-110,4415609,-485716.99,4,fused
101420,000000101420.jpg,500x375,0,0.383715,0,1,TN,yolov8l_bsz4.ms,152.25,135.50,287.75,0.500,Idle,4.55,8.85,296.74,4660.00,11499.37,338.91,,0,100,39.00,-110,4415609,-485716.99,4,fused
475678,000000475678.jpg,640x480,0,0.383606,0,1,TN,yolov8l_bsz4.ms,152.25,135.50,287.75,0.500,Idle,4.55,8.85,296.74,4660.00,11499.37,338.91,,0,100,39.00,-110,4415609,-485716.99,4,fused
276284,000000276284.jpg,500x640,0,0.383519,0,1,TN,yolov8l_bsz4.ms,157.50,131.00,288.50,0.500,Idle,4.49,8.43,374.28,4582.00,11499.37,260.09,,0,100,39.00,-70,4416705,-309169.35,4,fused
52565,000000052565.jpg,640x458,0,0.383208,0,1,TN,yolov8l_bsz4.ms,157.50,131.00,288.50,0.500,Idle,4.49,8.43,374.28,4582.00,11499.37,260.09,,0,100,39.00,-70,4416705,-309169.35,4,fused
305609,000000305609.jpg,612x612,0,0.383127,1,0,FN,yolov8l_bsz4.ms,157.50,131.00,288.50,0.500,Idle,4.49,8.43,374.28,4582.00,11499.37,260.09,,0,100,39.00,-70,4416705,-309169.35,4,fused
578792,000000578792.jpg,640x427,0,0.382935,1,0,FN,yolov8l_bsz4.ms,157.50,131.00,288.50,0.500,Idle,4.49,8.43,374.28,4582.00,11499.37,260.09,,0,100,39.00,-70,4416705,-309169.35,4,fused
509699,000000509699.jpg,640x440,0,0.382922,0,1,TN,yolov8l_bsz4.ms,160.00,118.75,278.75,0.500,Idle,4.51,8.43,373.02,4583.00,11499.37,260.02,,0,100,39.00,-67,4416700,-295918.90,4,fused
45090,000000045090.jpg,500x259,0,0.382888,1,0,FN,yolov8l_bsz4.ms,160.00,118.75,278.75,0.500,Idle,4.51,8.43,373.02,4583.00,11499.37,260.02,,0,100,39.00,-67,4416700,-295918.90,4,fused
409358,000000409358.jpg,612x612,0,0.382852,0,1,TN,yolov8l_bsz4.ms,160.00,118.75,278.75,0.500,Idle,4.51,8.43,373.02,4583.00,11499.37,260.02,,0,100,39.00,-67,4416700,-295918.90,4,fused
13923,000000013923.jpg,640x427,0,0.382606,0,1,TN,yolov8l_bsz4.ms,160.00,118.75,278.75,0.500,Idle,4.51,8.43,373.02,4583.00,11499.37,260.02,,0,100,39.00,-67,4416700,-295918.90,4,fused
294162,000000294162.jpg,480x640,0,0.382313,0,1,TN,yolov8l_bsz4.ms,153.75,120.00,273.75,0.500,Idle,4.29,7.56,351.72,4604.00,11499.37,279.04,,0,100,39.00,-60,4417051,-265023.06,4,fused
129062,000000129062.jpg,640x480,0,0.382182,1,0,FN,yolov8l_bsz4.ms,153.75,120.00,273.75,0.500,Idle,4.29,7.56,351.72,4604.00,11499.37,279.04,,0,100,39.00,-60,4417051,-265023.06,4,fused
475732,000000475732.jpg,640x480,0,0.381542,0,1,TN,yolov8l_bsz4.ms,153.75,120.00,273.75,0.500,Idle,4.29,7.56,351.72,4604.00,11499.37,279.04,,0,100,39.00,-60,4417051,-265023.06,4,fused
16439,000000016439.jpg,640x480,0,0.381529,0,1,TN,yolov8l_bsz4.ms,153.75,120.00,273.75,0.500,Idle,4.29,7.56,351.72,4604.00,11499.37,279.04,,0,100,39.00,-60,4417051,-265023.06,4,fused
94751,000000094751.jpg,375x500,0,0.381406,1,0,FN,yolov8l_bsz4.ms,158.25,104.00,262.25,0.500,Idle,4.35,7.56,296.67,4658.00,11499.37,332.21,,0,100,39.00,-70,4416519,-309156.33,4,fused
565045,000000565045.jpg,333x500,0,0.380971,1,0,FN,yolov8l_bsz4.ms,158.25,104.00,262.25,0.500,Idle,4.35,7.56,296.67,4658.00,11499.37,332.21,,0,100,39.00,-70,4416519,-309156.33,4,fused
272148,000000272148.jpg,640x378,0,0.380912,1,0,FN,yolov8l_bsz4.ms,158.25,104.00,262.25,0.500,Idle,4.35,7.56,296.67,4658.00,11499.37,332.21,,0,100,39.00,-70,4416519,-309156.33,4,fused
530854,000000530854.jpg,640x425,0,0.380769,1,0,FN,yolov8l_bsz4.ms,158.25,104.00,262.25,0.500,Idle,4.35,7.56,296.67,4658.00,11499.37,332.21,,0,100,39.00,-70,4416519,-309156.33,4,fused
248314,000000248314.jpg,640x480,0,0.380699,0,1,TN,yolov8l_bsz4.ms,142.25,110.25,252.50,0.500,Idle,4.15,7.78,372.93,4582.00,11499.37,254.84,,0,100,39.00,-62,4416975,-273852.45,4,fused
322429,000000322429.jpg,472x640,0,0.380608,0,1,TN,yolov8l_bsz4.ms,142.25,110.25,252.50,0.500,Idle,4.15,7.78,372.93,4582.00,11499.37,254.84,,0,100,39.00,-62,4416975,-273852.45,4,fused
505638,000000505638.jpg,640x483,0,0.380177,1,0,FN,yolov8l_bsz4.ms,142.25,110.25,252.50,0.500,Idle,4.15,7.78,372.93,4582.00,11499.37,254.84,,0,100,39.00,-62,4416975,-273852.45,4,fused
270402,000000270402.jpg,640x426,0,0.379553,0,1,TN,yolov8l_bsz4.ms,142.25,110.25,252.50,0.500,Idle,4.15,7.78,372.93,4582.00,11499.37,254.84,,0,100,39.00,-62,4416975,-273852.45,4,fused
276720,000000276720.jpg,640x480,0,0.379148,0,1,TN,yolov8l_bsz4.ms,109.25,103.75,213.00,0.500,Idle,4.17,7.78,371.30,4583.00,11499.37,254.92,,0,100,39.00,-65,4416670,-287083.55,4,fused
477227,000000477227.jpg,640x427,0,0.379024,1,0,FN,yolov8l_bsz4.ms,109.25,103.75,213.00,0.500,Idle,4.17,7.78,371.30,4583.00,11499.37,254.92,,0,100,39.00,-65,4416670,-287083.55,4,fused
46378,000000046378.jpg,640x360,0,0.378956,0,1,TN,yolov8l_bsz4.ms,109.25,103.75,213.00,0.500,Idle,4.17,7.78,371.30,4583.00,11499.37,254.92,,0,100,39.00,-65,4416670,-287083.55,4,fused
571718,000000571718.jpg,640x427,0,0.378858,1,0,FN,yolov8l_bsz4.ms,109.25,103.75,213.00,0.500,Idle,4.17,7.78,371.30,4583.00,11499.37,254.92,,0,100,39.00,-65,4416670,-287083.55,4,fused
27932,000000027932.jpg,288x307,0,0.378799,0,1,TN,yolov8l_bsz4.ms,108.00,119.75,227.75,0.500,Idle,4.51,8.55,349.72,4578.00,11499.37,248.12,,0,100,39.00,-71,4416547,-313574.84,4,fused
530052,000000530052.jpg,640x427,0,0.378653,0,1,TN,yolov8l_bsz4.ms,108.00,119.75,227.75,0.500,Idle,4.51,8.55,349.72,4578.00,11499.37,248.12,,0,100,39.00,-71,4416547,-313574.84,4,fused
366225,000000366225.jpg,541x640,0,0.378637,0,1,TN,yolov8l_bsz4.ms,108.00,119.75,227.75,0.500,Idle,4.51,8.55,349.72,4578.00,11499.37,248.12,,0,100,39.00,-71,4416547,-313574.84,4,fused
297681,000000297681.jpg,640x433,0,0.378510,0,1,TN,yolov8l_bsz4.ms,108.00,119.75,227.75,0.500,Idle,4.51,8.55,349.72,4578.00,11499.37,248.12,,0,100,39.00,-71,4416547,-313574.84,4,fused
345469,000000345469.jpg,480x640,0,0.377808,0,1,TN,yolov8l_bsz4.ms,108.50,118.75,227.25,0.500,Idle,4.60,8.55,296.33,4633.00,11499.37,302.45,,0,100,39.00,-118,4414913,-520959.73,4,fused
185599,000000185599.jpg,640x480,0,0.377405,0,1,TN,yolov8l_bsz4.ms,108.50,118.75,227.25,0.500,Idle,4.60,8.55,296.33,4633.00,11499.37,302.45,,0,100,39.00,-118,4414913,-520959.73,4,fused
227686,000000227686.jpg,427x640,0,0.377273,0,1,TN,yolov8l_bsz4.ms,108.50,118.75,227.25,0.500,Idle,4.60,8.55,296.33,4633.00,11499.37,302.45,,0,100,39.00,-118,4414913,-520959.73,4,fused
491497,000000491497.jpg,375x500,0,0.377272,0,1,TN,yolov8l_bsz4.ms,108.50,118.75,227.25,0.500,Idle,4.60,8.55,296.33,4633.00,11499.37,302.45,,0,100,39.00,-118,4414913,-520959.73,4,fused
414133,000000414133.jpg,640x480,0,0.377065,0,1,TN,yolov8l_bsz4.ms,109.75,105.50,215.25,0.500,Idle,4.63,8.55,372.90,4514.00,11499.37,180.40,,0,100,39.00,-67,4416130,-295880.71,4,fused
304396,000000304396.jpg,425x640,0,0.376919,0,1,TN,yolov8l_bsz4.ms,109.75,105.50,215.25,0.500,Idle,4.63,8.55,372.90,4514.00,11499.37,180.40,,0,100,39.00,-67,4416130,-295880.71,4,fused
172595,000000172595.jpg,640x360,0,0.376261,0,1,TN,yolov8l_bsz4.ms,109.75,105.50,215.25,0.500,Idle,4.63,8.55,372.90,4514.00,11499.37,180.40,,0,100,39.00,-67,4416130,-295880.71,4,fused
3553,000000003553.jpg,640x427,0,0.376109,1,0,FN,yolov8l_bsz4.ms,109.75,105.50,215.25,0.500,Idle,4.63,8.55,372.90,4514.00,11499.37,180.40,,0,100,39.00,-67,4416130,-295880.71,4,fused
414340,000000414340.jpg,427x640,0,0.375744,0,1,TN,yolov8l_bsz4.ms,115.25,121.50,236.75,0.500,Idle,4.72,10.95,371.83,4558.00,11499.37,377.82,,0,100,39.00,-64,4416295,-282642.88,4,fused
468233,000000468233.jpg,600x399,0,0.375656,0,1,TN,yolov8l_bsz4.ms,115.25,121.50,236.75,0.500,Idle,4.72,10.95,371.83,4558.00,11499.37,377.82,,0,100,39.00,-64,4416295,-282642.88,4,fused
68833,000000068833.jpg,640x480,0,0.375292,0,1,TN,yolov8l_bsz4.ms,115.25,121.50,236.75,0.500,Idle,4.72,10.95,371.83,4558.00,11499.37,377.82,,0,100,39.00,-64,4416295,-282642.88,4,fused
125405,000000125405.jpg,640x428,0,0.374992,0,1,TN,yolov8l_bsz4.ms,115.25,121.50,236.75,0.500,Idle,4.72,10.95,371.83,4558.00,11499.37,377.82,,0,100,39.00,-64,4416295,-282642.88,4,fused
540928,000000540928.jpg,640x455,0,0.374929,0,1,TN,yolov8l_bsz4.ms,171.75,105.50,277.25,0.500,Idle,4.75,10.95,351.76,4592.00,11499.37,410.20,,0,100,39.00,-63,4416248,-278223.62,4,fused
487583,000000487583.jpg,426x640,0,0.374903,0,1,TN,yolov8l_bsz4.ms,171.75,105.50,277.25,0.500,Idle,4.75,10.95,351.76,4592.00,11499.37,410.20,,0,100,39.00,-63,4416248,-278223.62,4,fused
348481,000000348481.jpg,640x480,0,0.374747,0,1,TN,yolov8l_bsz4.ms,171.75,105.50,277.25,0.500,Idle,4.75,10.95,351.76,4592.00,11499.37,410.20,,0,100,39.00,-63,4416248,-278223.62,4,fused
150930,000000150930.jpg,411x640,0,0.374628,0,1,TN,yolov8l_bsz4.ms,171.75,105.50,277.25,0.500,Idle,4.75,10.95,351.76,4592.00,11499.37,410.20,,0,100,39.00,-63,4416248,-278223.62,4,fused
407614,000000407614.jpg,640x426,0,0.373922,0,1,TN,yolov8l_bsz4.ms,160.50,111.50,272.00,0.500,Idle,9.66,12.65,296.98,4649.00,11499.37,463.77,,0,100,39.00,-60,4416511,-264990.66,4,fused
275727,000000275727.jpg,640x475,0,0.372832,0,1,TN,yolov8l_bsz4.ms,160.50,111.50,272.00,0.500,Idle,9.66,12.65,296.98,4649.00,11499.37,463.77,,0,100,39.00,-60,4416511,-264990.66,4,fused
561009,000000561009.jpg,640x427,0,0.372566,0,1,TN,yolov8l_bsz4.ms,160.50,111.50,272.00,0.500,Idle,9.66,12.65,296.98,4649.00,11499.37,463.77,,0,100,39.00,-60,4416511,-264990.66,4,fused
460229,000000460229.jpg,383x640,0,0.372310,0,1,TN,yolov8l_bsz4.ms,160.50,111.50,272.00,0.500,Idle,9.66,12.65,296.98,4649.00,11499.37,463.77,,0,100,39.00,-60,4416511,-264990.66,4,fused
166166,000000166166.jpg,500x375,0,0.371899,0,1,TN,yolov8l_bsz4.ms,163.75,130.75,294.50,0.500,Idle,5.42,12.65,373.99,4573.00,11499.37,385.36,,0,100,39.00,-55,4416703,-242918.67,4,fused
425221,000000425221.jpg,480x640,0,0.371093,1,0,FN,yolov8l_bsz4.ms,163.75,130.75,294.50,0.500,Idle,5.42,12.65,373.99,4573.00,11499.37,385.36,,0,100,39.00,-55,4416703,-242918.67,4,fused
58111,000000058111.jpg,500x490,0,0.371050,0,1,TN,yolov8l_bsz4.ms,163.75,130.75,294.50,0.500,Idle,5.42,12.65,373.99,4573.00,11499.37,385.36,,0,100,39.00,-55,4416703,-242918.67,4,fused
405279,000000405279.jpg,640x480,0,0.370776,1,0,FN,yolov8l_bsz4.ms,163.75,130.75,294.50,0.500,Idle,5.42,12.65,373.99,4573.00,11499.37,385.36,,0,100,39.00,-55,4416703,-242918.67,4,fused
426836,000000426836.jpg,640x640,0,0.370732,1,0,FN,yolov8l_bsz4.ms,164.00,127.50,291.50,0.500,Idle,4.95,8.45,372.60,4576.00,11499.37,384.25,,0,100,39.00,-59,4416721,-260586.54,4,fused
519611,000000519611.jpg,640x480,0,0.370346,0,1,TN,yolov8l_bsz4.ms,164.00,127.50,291.50,0.500,Idle,4.95,8.45,372.60,4576.00,11499.37,384.25,,0,100,39.00,-59,4416721,-260586.54,4,fused
263463,000000263463.jpg,640x427,0,0.370147,0,1,TN,yolov8l_bsz4.ms,164.00,127.50,291.50,0.500,Idle,4.95,8.45,372.60,4576.00,11499.37,384.25,,0,100,39.00,-59,4416721,-260586.54,4,fused
483050,000000483050.jpg,640x478,0,0.370055,0,1,TN,yolov8l_bsz4.ms,164.00,127.50,291.50,0.500,Idle,4.95,8.45,372.60,4576.00,11499.37,384.25,,0,100,39.00,-59,4416721,-260586.54,4,fused
205647,000000205647.jpg,640x427,0,0.369921,0,1,TN,yolov8l_bsz4.ms,157.25,114.50,271.75,0.500,Idle,4.82,8.45,350.85,4597.00,11499.37,404.58,,0,100,39.00,-66,4416535,-291491.31,4,fused
85329,000000085329.jpg,640x449,0,0.369834,1,0,FN,yolov8l_bsz4.ms,157.25,114.50,271.75,0.500,Idle,4.82,8.45,350.85,4597.00,11499.37,404.58,,0,100,39.00,-66,4416535,-291491.31,4,fused
172396,000000172396.jpg,640x351,0,0.369834,0,1,TN,yolov8l_bsz4.ms,157.25,114.50,271.75,0.500,Idle,4.82,8.45,350.85,4597.00,11499.37,404.58,,0,100,39.00,-66,4416535,-291491.31,4,fused
545730,000000545730.jpg,640x427,0,0.369724,0,1,TN,yolov8l_bsz4.ms,157.25,114.50,271.75,0.500,Idle,4.82,8.45,350.85,4597.00,11499.37,404.58,,0,100,39.00,-66,4416535,-291491.31,4,fused
157046,000000157046.jpg,500x375,0,0.369504,1,0,FN,yolov8l_bsz4.ms,160.25,111.00,271.25,0.500,Idle,4.72,8.30,301.81,4647.00,11499.37,451.99,,0,100,39.00,-67,4416521,-295906.91,4,fused
214224,000000214224.jpg,640x427,0,0.369153,0,1,TN,yolov8l_bsz4.ms,160.25,111.00,271.25,0.500,Idle,4.72,8.30,301.81,4647.00,11499.37,451.99,,0,100,39.00,-67,4416521,-295906.91,4,fused
221155,000000221155.jpg,640x512,0,0.368971,0,1,TN,yolov8l_bsz4.ms,160.25,111.00,271.25,0.500,Idle,4.72,8.30,301.81,4647.00,11499.37,451.99,,0,100,39.00,-67,4416521,-295906.91,4,fused
92124,000000092124.jpg,360x640,0,0.368861,0,1,TN,yolov8l_bsz4.ms,160.25,111.00,271.25,0.500,Idle,4.72,8.30,301.81,4647.00,11499.37,451.99,,0,100,39.00,-67,4416521,-295906.91,4,fused
23272,000000023272.jpg,500x375,0,0.368461,0,1,TN,yolov8l_bsz4.ms,160.25,120.75,281.00,0.500,Idle,4.57,8.30,372.91,4577.00,11499.37,378.71,,0,100,39.00,-66,4416570,-291493.62,4,fused
178028,000000178028.jpg,375x500,0,0.368238,0,1,TN,yolov8l_bsz4.ms,160.25,120.75,281.00,0.500,Idle,4.57,8.30,372.91,4577.00,11499.37,378.71,,0,100,39.00,-66,4416570,-291493.62,4,fused
399655,000000399655.jpg,500x375,0,0.368155,0,1,TN,yolov8l_bsz4.ms,160.25,120.75,281.00,0.500,Idle,4.57,8.30,372.91,4577.00,11499.37,378.71,,0,100,39.00,-66,4416570,-291493.62,4,fused
569273,000000569273.jpg,640x480,0,0.367669,1,0,FN,yolov8l_bsz4.ms,160.25,120.75,281.00,0.500,Idle,4.57,8.30,372.91,4577.00,11499.37,378.71,,0,100,39.00,-66,4416570,-291493.62,4,fused
416534,000000416534.jpg,640x355,0,0.366262,0,1,TN,yolov8l_bsz4.ms,161.00,115.25,276.25,0.500,Idle,4.59,8.33,373.55,4592.00,11499.37,390.37,,0,100,39.00,-108,4415147,-476835.88,4,fused
147415,000000147415.jpg,640x480,0,0.365684,1,0,FN,yolov8l_bsz4.ms,161.00,115.25,276.25,0.500,Idle,4.59,8.33,373.55,4592.00,11499.37,390.37,,0,100,39.00,-108,4415147,-476835.88,4,fused
49091,000000049091.jpg,640x428,0,0.365583,0,1,TN,yolov8l_bsz4.ms,161.00,115.25,276.25,0.500,Idle,4.59,8.33,373.55,4592.00,11499.37,390.37,,0,100,39.00,-108,4415147,-476835.88,4,fused
464689,000000464689.jpg,586x640,0,0.365367,0,1,TN,yolov8l_bsz4.ms,161.00,115.25,276.25,0.500,Idle,4.59,8.33,373.55,4592.00,11499.37,390.37,,0,100,39.00,-108,4415147,-476835.88,4,fused
79837,000000079837.jpg,427x640,0,0.364457,0,1,TN,yolov8l_bsz4.ms,157.75,116.25,274.00,0.500,Idle,4.53,8.33,368.94,4597.00,11499.37,393.79,,0,100,39.00,-71,4416432,-313566.67,4,fused
78032,000000078032.jpg,640x383,0,0.364415,0,1,TN,yolov8l_bsz4.ms,157.75,116.25,274.00,0.500,Idle,4.53,8.33,368.94,4597.00,11499.37,393.79,,0,100,39.00,-71,4416432,-313566.67,4,fused
507042,000000507042.jpg,427x640,0,0.363611,0,1,TN,yolov8l_bsz4.ms,157.75,116.25,274.00,0.500,Idle,4.53,8.33,368.94,4597.00,11499.37,393.79,,0,100,39.00,-71,4416432,-313566.67,4,fused
426253,000000426253.jpg,640x427,0,0.363479,0,1,TN,yolov8l_bsz4.ms,157.75,116.25,274.00,0.500,Idle,4.53,8.33,368.94,4597.00,11499.37,393.79,,0,100,39.00,-71,4416432,-313566.67,4,fused
159112,000000159112.jpg,640x450,0,0.363373,0,1,TN,yolov8l_bsz4.ms,109.25,112.75,222.00,0.500,Idle,4.51,8.52,368.62,4598.00,11499.37,392.77,,0,100,39.00,-65,4416558,-287076.27,4,fused
485802,000000485802.jpg,426x640,0,0.363124,0,1,TN,yolov8l_bsz4.ms,109.25,112.75,222.00,0.500,Idle,4.51,8.52,368.62,4598.00,11499.37,392.77,,0,100,39.00,-65,4416558,-287076.27,4,fused
82696,000000082696.jpg,427x640,0,0.362961,1,0,FN,yolov8l_bsz4.ms,109.25,112.75,222.00,0.500,Idle,4.51,8.52,368.62,4598.00,11499.37,392.77,,0,100,39.00,-65,4416558,-287076.27,4,fused
212072,000000212072.jpg,500x375,0,0.362570,0,1,TN,yolov8l_bsz4.ms,109.25,112.75,222.00,0.500,Idle,4.51,8.52,368.62,4598.00,11499.37,392.77,,0,100,39.00,-65,4416558,-287076.27,4,fused
368684,000000368684.jpg,640x480,0,0.362388,0,1,TN,yolov8l_bsz4.ms,109.50,119.25,228.75,0.500,Idle,6.15,8.52,353.01,4615.00,11499.37,406.65,,0,100,39.00,-66,4416373,-291480.62,4,fused
348045,000000348045.jpg,588x640,0,0.361935,0,1,TN,yolov8l_bsz4.ms,109.50,119.25,228.75,0.500,Idle,6.15,8.52,353.01,4615.00,11499.37,406.65,,0,100,39.00,-66,4416373,-291480.62,4,fused
166259,000000166259.jpg,640x427,0,0.361573,0,1,TN,yolov8l_bsz4.ms,109.50,119.25,228.75,0.500,Idle,6.15,8.52,353.01,4615.00,11499.37,406.65,,0,100,39.00,-66,4416373,-291480.62,4,fused
311180,000000311180.jpg,480x640,0,0.361550,1,0,FN,yolov8l_bsz4.ms,109.50,119.25,228.75,0.500,Idle,6.15,8.52,353.01,4615.00,11499.37,406.65,,0,100,39.00,-66,4416373,-291480.62,4,fused
53624,000000053624.jpg,640x427,0,0.361534,1,0,FN,yolov8l_bsz4.ms,109.50,108.50,218.00,0.500,Idle,5.47,8.52,295.12,4674.00,11499.37,463.48,,0,100,39.00,-65,4416267,-287057.35,4,fused
311883,000000311883.jpg,640x289,0,0.361039,0,1,TN,yolov8l_bsz4.ms,109.50,108.50,218.00,0.500,Idle,5.47,8.52,295.12,4674.00,11499.37,463.48,,0,100,39.00,-65,4416267,-287057.35,4,fused
231822,000000231822.jpg,500x361,0,0.360925,0,1,TN,yolov8l_bsz4.ms,109.50,108.50,218.00,0.500,Idle,5.47,8.52,295.12,4674.00,11499.37,463.48,,0,100,39.00,-65,4416267,-287057.35,4,fused
57760,000000057760.jpg,500x313,0,0.360162,1,0,FN,yolov8l_bsz4.ms,109.50,108.50,218.00,0.500,Idle,5.47,8.52,295.12,4674.00,11499.37,463.48,,0,100,39.00,-65,4416267,-287057.35,4,fused
423229,000000423229.jpg,640x423,0,0.359707,1,0,FN,yolov8l_bsz4.ms,110.25,129.25,239.50,0.500,Idle,5.26,8.48,372.13,4599.00,11499.37,385.32,,0,100,39.00,-59,4416347,-260564.47,4,fused
240767,000000240767.jpg,500x375,0,0.359373,0,1,TN,yolov8l_bsz4.ms,110.25,129.25,239.50,0.500,Idle,5.26,8.48,372.13,4599.00,11499.37,385.32,,0,100,39.00,-59,4416347,-260564.47,4,fused
152740,000000152740.jpg,640x331,0,0.358643,0,1,TN,yolov8l_bsz4.ms,110.25,129.25,239.50,0.500,Idle,5.26,8.48,372.13,4599.00,11499.37,385.32,,0,100,39.00,-59,4416347,-260564.47,4,fused
48555,000000048555.jpg,640x465,0,0.358625,1,0,FN,yolov8l_bsz4.ms,110.25,129.25,239.50,0.500,Idle,5.26,8.48,372.13,4599.00,11499.37,385.32,,0,100,39.00,-59,4416347,-260564.47,4,fused
404128,000000404128.jpg,640x427,0,0.358452,0,1,TN,yolov8l_bsz4.ms,110.50,110.00,220.50,0.500,Idle,5.36,8.48,371.53,4599.00,11499.37,384.12,,0,100,39.00,-87,4414945,-384100.22,4,fused
336265,000000336265.jpg,480x640,0,0.357807,1,0,FN,yolov8l_bsz4.ms,110.50,110.00,220.50,0.500,Idle,5.36,8.48,371.53,4599.00,11499.37,384.12,,0,100,39.00,-87,4414945,-384100.22,4,fused
26564,000000026564.jpg,640x426,0,0.357241,0,1,TN,yolov8l_bsz4.ms,110.50,110.00,220.50,0.500,Idle,5.36,8.48,371.53,4599.00,11499.37,384.12,,0,100,39.00,-87,4414945,-384100.22,4,fused
500464,000000500464.jpg,430x640,0,0.356974,0,1,TN,yolov8l_bsz4.ms,110.50,110.00,220.50,0.500,Idle,5.36,8.48,371.53,4599.00,11499.37,384.12,,0,100,39.00,-87,4414945,-384100.22,4,fused
411953,000000411953.jpg,500x375,0,0.356891,1,0,FN,yolov8l_bsz4.ms,171.00,119.50,290.50,0.500,Idle,5.37,8.82,350.87,4621.00,11499.37,403.66,,0,100,39.00,-119,4414409,-525314.67,4,fused
198510,000000198510.jpg,640x640,0,0.355977,1,0,FN,yolov8l_bsz4.ms,171.00,119.50,290.50,0.500,Idle,5.37,8.82,350.87,4621.00,11499.37,403.66,,0,100,39.00,-119,4414409,-525314.67,4,fused
424776,000000424776.jpg,640x426,0,0.355458,0,1,TN,yolov8l_bsz4.ms,171.00,119.50,290.50,0.500,Idle,5.37,8.82,350.87,4621.00,11499.37,403.66,,0,100,39.00,-119,4414409,-525314.67,4,fused
206218,000000206218.jpg,640x480,0,0.355397,0,1,TN,yolov8l_bsz4.ms,171.00,119.50,290.50,0.500,Idle,5.37,8.82,350.87,4621.00,11499.37,403.66,,0,100,39.00,-119,4414409,-525314.67,4,fused
417249,000000417249.jpg,480x640,0,0.354873,1,0,FN,yolov8l_bsz4.ms,166.00,135.25,301.25,0.500,Idle,5.14,8.82,297.53,4673.00,11499.37,454.56,,0,100,39.00,-75,4415925,-331194.38,4,fused
217753,000000217753.jpg,640x480,0,0.354859,0,1,TN,yolov8l_bsz4.ms,166.00,135.25,301.25,0.500,Idle,5.14,8.82,297.53,4673.00,11499.37,454.56,,0,100,39.00,-75,4415925,-331194.38,4,fused
321557,000000321557.jpg,547x640,0,0.354768,0,1,TN,yolov8l_bsz4.ms,166.00,135.25,301.25,0.500,Idle,5.14,8.82,297.53,4673.00,11499.37,454.56,,0,100,39.00,-75,4415925,-331194.38,4,fused
459437,000000459437.jpg,640x426,0,0.354374,1,0,FN,yolov8l_bsz4.ms,166.00,135.25,301.25,0.500,Idle,5.14,8.82,297.53,4673.00,11499.37,454.56,,0,100,39.00,-75,4415925,-331194.38,4,fused
568584,000000568584.jpg,640x426,0,0.354139,1,0,FN,yolov8l_bsz4.ms,163.50,115.25,278.75,0.500,Idle,4.95,8.56,375.55,4596.00,11499.37,375.31,,0,100,39.00,-69,4416029,-304706.00,4,fused
86582,000000086582.jpg,640x427,0,0.354080,1,0,FN,yolov8l_bsz4.ms,163.50,115.25,278.75,0.500,Idle,4.95,8.56,375.55,4596.00,11499.37,375.31,,0,100,39.00,-69,4416029,-304706.00,4,fused
310980,000000310980.jpg,640x427,0,0.353545,0,1,TN,yolov8l_bsz4.ms,163.50,115.25,278.75,0.500,Idle,4.95,8.56,375.55,4596.00,11499.37,375.31,,0,100,39.00,-69,4416029,-304706.00,4,fused
129113,000000129113.jpg,640x480,0,0.353364,0,1,TN,yolov8l_bsz4.ms,163.50,115.25,278.75,0.500,Idle,4.95,8.56,375.55,4596.00,11499.37,375.31,,0,100,39.00,-69,4416029,-304706.00,4,fused
418696,000000418696.jpg,640x427,0,0.352602,0,1,TN,yolov8l_bsz4.ms,166.25,108.25,274.50,0.500,Idle,4.86,8.56,370.98,4600.00,11499.37,378.20,,0,100,39.00,-64,4416376,-282648.06,4,fused
333697,000000333697.jpg,426x640,0,0.352188,0,1,TN,yolov8l_bsz4.ms,166.25,108.25,274.50,0.500,Idle,4.86,8.56,370.98,4600.00,11499.37,378.20,,0,100,39.00,-64,4416376,-282648.06,4,fused
186296,000000186296.jpg,640x480,0,0.351909,0,1,TN,yolov8l_bsz4.ms,166.25,108.25,274.50,0.500,Idle,4.86,8.56,370.98,4600.00,11499.37,378.20,,0,100,39.00,-64,4416376,-282648.06,4,fused
39477,000000039477.jpg,640x421,0,0.351797,0,1,TN,yolov8l_bsz4.ms,166.25,108.25,274.50,0.500,Idle,4.86,8.56,370.98,4600.00,11499.37,378.20,,0,100,39.00,-64,4416376,-282648.06,4,fused
322959,000000322959.jpg,612x612,0,0.351779,0,1,TN,yolov8l_bsz4.ms,165.50,136.75,302.25,0.500,Idle,4.86,8.32,350.91,4618.00,11499.37,395.95,,0,100,39.00,-61,4416504,-269406.74,4,fused
174004,000000174004.jpg,640x480,0,0.351187,0,1,TN,yolov8l_bsz4.ms,165.50,136.75,302.25,0.500,Idle,4.86,8.32,350.91,4618.00,11499.37,395.95,,0,100,39.00,-61,4416504,-269406.74,4,fused
536343,000000536343.jpg,263x175,0,0.350764,0,1,TN,yolov8l_bsz4.ms,165.50,136.75,302.25,0.500,Idle,4.86,8.32,350.91,4618.00,11499.37,395.95,,0,100,39.00,-61,4416504,-269406.74,4,fused
82807,000000082807.jpg,640x601,0,0.350599,0,1,TN,yolov8l_bsz4.ms,165.50,136.75,302.25,0.500,Idle,4.86,8.32,350.91,4618.00,11499.37,395.95,,0,100,39.00,-61,4416504,-269406.74,4,fused
532575,000000532575.jpg,640x427,0,0.350562,0,1,TN,yolov8l_bsz4.ms,160.00,108.75,268.75,0.500,Idle,7.41,8.32,295.50,4675.00,11499.37,449.69,,0,100,39.00,-61,4416487,-269405.71,4,fused
523811,000000523811.jpg,640x480,0,0.350527,0,1,TN,yolov8l_bsz4.ms,160.00,108.75,268.75,0.500,Idle,7.41,8.32,295.50,4675.00,11499.37,449.69,,0,100,39.00,-61,4416487,-269405.71,4,fused
247838,000000247838.jpg,640x425,0,0.350125,0,1,TN,yolov8l_bsz4.ms,160.00,108.75,268.75,0.500,Idle,7.41,8.32,295.50,4675.00,11499.37,449.69,,0,100,39.00,-61,4416487,-269405.71,4,fused
85911,000000085911.jpg,640x403,0,0.350102,0,1,TN,yolov8l_bsz4.ms,160.00,108.75,268.75,0.500,Idle,7.41,8.32,295.50,4675.00,11499.37,449.69,,0,100,39.00,-61,4416487,-269405.71,4,fused
10583,000000010583.jpg,612x612,0,0.349951,0,1,TN,yolov8l_bsz4.ms,158.00,137.50,295.50,0.500,Idle,5.22,8.40,374.19,4595.00,11499.37,369.18,,0,100,39.00,-65,4416414,-287066.91,4,fused
530836,000000530836.jpg,640x464,0,0.349793,0,1,TN,yolov8l_bsz4.ms,158.00,137.50,295.50,0.500,Idle,5.22,8.40,374.19,4595.00,11499.37,369.18,,0,100,39.00,-65,4416414,-287066.91,4,fused
7818,000000007818.jpg,640x427,0,0.349266,0,1,TN,yolov8l_bsz4.ms,158.00,137.50,295.50,0.500,Idle,5.22,8.40,374.19,4595.00,11499.37,369.18,,0,100,39.00,-65,4416414,-287066.91,4,fused
278463,000000278463.jpg,640x480,0,0.349032,0,1,TN,yolov8l_bsz4.ms,158.00,137.50,295.50,0.500,Idle,5.22,8.40,374.19,4595.00,11499.37,369.18,,0,100,39.00,-65,4416414,-287066.91,4,fused
523241,000000523241.jpg,500x333,0,0.348538,0,1,TN,yolov8l_bsz4.ms,163.75,110.00,273.75,0.500,Idle,4.95,8.40,369.91,4599.00,11499.37,371.67,,0,100,39.00,-68,4416380,-300313.84,4,fused
407518,000000407518.jpg,640x427,0,0.348453,0,1,TN,yolov8l_bsz4.ms,163.75,110.00,273.75,0.500,Idle,4.95,8.40,369.91,4599.00,11499.37,371.67,,0,100,39.00,-68,4416380,-300313.84,4,fused
160556,000000160556.jpg,640x428,0,0.347658,1,0,FN,yolov8l_bsz4.ms,163.75,110.00,273.75,0.500,Idle,4.95,8.40,369.91,4599.00,11499.37,371.67,,0,100,39.00,-68,4416380,-300313.84,4,fused
212453,000000212453.jpg,480x640,0,0.347184,1,0,FN,yolov8l_bsz4.ms,163.75,110.00,273.75,0.500,Idle,4.95,8.40,369.91,4599.00,11499.37,371.67,,0,100,39.00,-68,4416380,-300313.84,4,fused
490470,000000490470.jpg,640x480,0,0.347104,0,1,TN,yolov8l_bsz4.ms,159.00,110.25,269.25,0.500,Idle,4.80,8.53,351.71,4617.00,11499.37,388.77,,0,100,39.00,-66,4416408,-291482.93,4,fused
117374,000000117374.jpg,640x428,0,0.346966,0,1,TN,yolov8l_bsz4.ms,159.00,110.25,269.25,0.500,Idle,4.80,8.53,351.71,4617.00,11499.37,388.77,,0,100,39.00,-66,4416408,-291482.93,4,fused
159684,000000159684.jpg,640x388,0,0.346851,0,1,TN,yolov8l_bsz4.ms,159.00,110.25,269.25,0.500,Idle,4.80,8.53,351.71,4617.00,11499.37,388.77,,0,100,39.00,-66,4416408,-291482.93,4,fused
408830,000000408830.jpg,640x427,0,0.346721,0,1,TN,yolov8l_bsz4.ms,159.00,110.25,269.25,0.500,Idle,4.80,8.53,351.71,4617.00,11499.37,388.77,,0,100,39.00,-66,4416408,-291482.93,4,fused
47828,000000047828.jpg,640x318,0,0.346182,1,0,FN,yolov8l_bsz4.ms,157.00,133.25,290.25,0.500,Idle,4.73,8.53,301.04,4668.00,11499.37,437.01,,0,100,39.00,-66,4416576,-291494.02,4,fused
345941,000000345941.jpg,640x640,0,0.346048,1,0,FN,yolov8l_bsz4.ms,157.00,133.25,290.25,0.500,Idle,4.73,8.53,301.04,4668.00,11499.37,437.01,,0,100,39.00,-66,4416576,-291494.02,4,fused
367569,000000367569.jpg,469x640,0,0.345942,0,1,TN,yolov8l_bsz4.ms,157.00,133.25,290.25,0.500,Idle,4.73,8.53,301.04,4668.00,11499.37,437.01,,0,100,39.00,-66,4416576,-291494.02,4,fused
42563,000000042563.jpg,624x640,0,0.345892,0,1,TN,yolov8l_bsz4.ms,157.00,133.25,290.25,0.500,Idle,4.73,8.53,301.04,4668.00,11499.37,437.01,,0,100,39.00,-66,4416576,-291494.02,4,fused
474452,000000474452.jpg,500x375,0,0.345614,0,1,TN,yolov8l_bsz4.ms,156.75,120.75,277.50,0.500,Idle,4.61,8.34,373.32,4595.00,11499.37,363.64,,0,100,39.00,-63,4416613,-278246.62,4,fused
189806,000000189806.jpg,500x400,0,0.345460,0,1,TN,yolov8l_bsz4.ms,156.75,120.75,277.50,0.500,Idle,4.61,8.34,373.32,4595.00,11499.37,363.64,,0,100,39.00,-63,4416613,-278246.62,4,fused
235399,000000235399.jpg,500x375,0,0.344667,0,1,TN,yolov8l_bsz4.ms,156.75,120.75,277.50,0.500,Idle,4.61,8.34,373.32,4595.00,11499.37,363.64,,0,100,39.00,-63,4416613,-278246.62,4,fused
328683,000000328683.jpg,480x640,0,0.343443,0,1,TN,yolov8l_bsz4.ms,156.75,120.75,277.50,0.500,Idle,4.61,8.34,373.32,4595.00,11499.37,363.64,,0,100,39.00,-63,4416613,-278246.62,4,fused
308531,000000308531.jpg,359x640,0,0.343422,0,1,TN,yolov8l_bsz4.ms,157.00,109.50,266.50,0.500,Idle,4.56,8.34,373.26,4595.00,11499.37,362.24,,0,100,39.00,-62,4416533,-273825.05,4,fused
136033,000000136033.jpg,640x428,0,0.343243,0,1,TN,yolov8l_bsz4.ms,157.00,109.50,266.50,0.500,Idle,4.56,8.34,373.26,4595.00,11499.37,362.24,,0,100,39.00,-62,4416533,-273825.05,4,fused
418961,000000418961.jpg,640x427,0,0.342118,0,1,TN,yolov8l_bsz4.ms,157.00,109.50,266.50,0.500,Idle,4.56,8.34,373.26,4595.00,11499.37,362.24,,0,100,39.00,-62,4416533,-273825.05,4,fused
196185,000000196185.jpg,640x427,0,0.341901,0,1,TN,yolov8l_bsz4.ms,157.00,109.50,266.50,0.500,Idle,4.56,8.34,373.26,4595.00,11499.37,362.24,,0,100,39.00,-62,4416533,-273825.05,4,fused
281179,000000281179.jpg,640x480,0,0.341378,0,1,TN,yolov8l_bsz4.ms,160.25,113.75,274.00,0.500,Idle,4.56,8.31,351.32,4616.00,11499.37,382.08,,0,100,39.00,-65,4416518,-287073.67,4,fused
268831,000000268831.jpg,256x200,0,0.341300,0,1,TN,yolov8l_bsz4.ms,160.25,113.75,274.00,0.500,Idle,4.56,8.31,351.32,4616.00,11499.37,382.08,,0,100,39.00,-65,4416518,-287073.67,4,fused
530820,000000530820.jpg,640x428,0,0.340938,1,0,FN,yolov8l_bsz4.ms,160.25,113.75,274.00,0.500,Idle,4.56,8.31,351.32,4616.00,11499.37,382.08,,0,100,39.00,-65,4416518,-287073.67,4,fused
519522,000000519522.jpg,427x640,0,0.340586,0,1,TN,yolov8l_bsz4.ms,160.25,113.75,274.00,0.500,Idle,4.56,8.31,351.32,4616.00,11499.37,382.08,,0,100,39.00,-65,4416518,-287073.67,4,fused
302030,000000302030.jpg,640x359,0,0.340520,0,1,TN,yolov8l_bsz4.ms,157.75,101.00,258.75,0.500,Idle,4.48,8.31,294.85,4672.00,11499.37,437.43,,0,100,39.00,-113,4414951,-498889.46,4,fused
282296,000000282296.jpg,480x640,0,0.339189,0,1,TN,yolov8l_bsz4.ms,157.75,101.00,258.75,0.500,Idle,4.48,8.31,294.85,4672.00,11499.37,437.43,,0,100,39.00,-113,4414951,-498889.46,4,fused
205333,000000205333.jpg,640x164,0,0.339010,1,0,FN,yolov8l_bsz4.ms,157.75,101.00,258.75,0.500,Idle,4.48,8.31,294.85,4672.00,11499.37,437.43,,0,100,39.00,-113,4414951,-498889.46,4,fused
245513,000000245513.jpg,500x381,0,0.338977,0,1,TN,yolov8l_bsz4.ms,157.75,101.00,258.75,0.500,Idle,4.48,8.31,294.85,4672.00,11499.37,437.43,,0,100,39.00,-113,4414951,-498889.46,4,fused
320425,000000320425.jpg,640x480,0,0.338966,0,1,TN,yolov8l_bsz4.ms,162.75,119.75,282.50,0.500,Idle,4.39,5.79,373.80,4593.00,11499.37,356.29,,0,100,39.00,-70,4416413,-309148.91,4,fused
1761,000000001761.jpg,427x640,0,0.338856,1,0,FN,yolov8l_bsz4.ms,162.75,119.75,282.50,0.500,Idle,4.39,5.79,373.80,4593.00,11499.37,356.29,,0,100,39.00,-70,4416413,-309148.91,4,fused
138856,000000138856.jpg,640x480,0,0.338456,0,1,TN,yolov8l_bsz4.ms,162.75,119.75,282.50,0.500,Idle,4.39,5.79,373.80,4593.00,11499.37,356.29,,0,100,39.00,-70,4416413,-309148.91,4,fused
135673,000000135673.jpg,640x427,0,0.338455,0,1,TN,yolov8l_bsz4.ms,162.75,119.75,282.50,0.500,Idle,4.39,5.79,373.80,4593.00,11499.37,356.29,,0,100,39.00,-70,4416413,-309148.91,4,fused
490413,000000490413.jpg,640x238,0,0.336768,0,1,TN,yolov8l_bsz4.ms,161.00,111.75,272.75,0.500,Idle,4.30,5.79,370.13,4597.00,11499.37,358.32,,0,100,39.00,-112,4414912,-494470.14,4,fused
13774,000000013774.jpg,640x480,0,0.336275,1,0,FN,yolov8l_bsz4.ms,161.00,111.75,272.75,0.500,Idle,4.30,5.79,370.13,4597.00,11499.37,358.32,,0,100,39.00,-112,4414912,-494470.14,4,fused
328117,000000328117.jpg,480x640,0,0.336228,0,1,TN,yolov8l_bsz4.ms,161.00,111.75,272.75,0.500,Idle,4.30,5.79,370.13,4597.00,11499.37,358.32,,0,100,39.00,-112,4414912,-494470.14,4,fused
416256,000000416256.jpg,500x375,0,0.335705,0,1,TN,yolov8l_bsz4.ms,161.00,111.75,272.75,0.500,Idle,4.30,5.79,370.13,4597.00,11499.37,358.32,,0,100,39.00,-112,4414912,-494470.14,4,fused
544605,000000544605.jpg,500x375,0,0.335180,0,1,TN,yolov8l_bsz4.ms,157.75,120.00,277.75,0.500,Idle,4.39,7.54,351.37,4616.00,11499.37,375.99,,0,100,39.00,-68,4416440,-300317.92,4,fused
311909,000000311909.jpg,640x496,0,0.335085,0,1,TN,yolov8l_bsz4.ms,157.75,120.00,277.75,0.500,Idle,4.39,7.54,351.37,4616.00,11499.37,375.99,,0,100,39.00,-68,4416440,-300317.92,4,fused
214200,000000214200.jpg,427x640,0,0.334983,0,1,TN,yolov8l_bsz4.ms,157.75,120.00,277.75,0.500,Idle,4.39,7.54,351.37,4616.00,11499.37,375.99,,0,100,39.00,-68,4416440,-300317.92,4,fused
107851,000000107851.jpg,640x480,0,0.334222,1,0,FN,yolov8l_bsz4.ms,157.75,120.00,277.75,0.500,Idle,4.39,7.54,351.37,4616.00,11499.37,375.99,,0,100,39.00,-68,4416440,-300317.92,4,fused
562121,000000562121.jpg,640x454,0,0.333719,0,1,TN,yolov8l_bsz4.ms,156.25,125.50,281.75,0.500,Idle,4.42,7.54,296.88,4668.00,11499.37,424.58,,0,100,39.00,-60,4416650,-264999.00,4,fused
502229,000000502229.jpg,612x612,0,0.333157,0,1,TN,yolov8l_bsz4.ms,156.25,125.50,281.75,0.500,Idle,4.42,7.54,296.88,4668.00,11499.37,424.58,,0,100,39.00,-60,4416650,-264999.00,4,fused
449996,000000449996.jpg,640x428,0,0.333098,0,1,TN,yolov8l_bsz4.ms,156.25,125.50,281.75,0.500,Idle,4.42,7.54,296.88,4668.00,11499.37,424.58,,0,100,39.00,-60,4416650,-264999.00,4,fused
501023,000000501023.jpg,500x375,0,0.332389,0,1,TN,yolov8l_bsz4.ms,156.25,125.50,281.75,0.500,Idle,4.42,7.54,296.88,4668.00,11499.37,424.58,,0,100,39.00,-60,4416650,-264999.00,4,fused
198641,000000198641.jpg,640x479,0,0.332375,0,1,TN,yolov8l_bsz4.ms,156.00,119.00,275.00,0.500,Idle,4.30,7.69,372.99,4591.00,11499.37,346.26,,0,100,39.00,-69,4416336,-304727.18,4,fused
369081,000000369081.jpg,640x426,0,0.332066,0,1,TN,yolov8l_bsz4.ms,156.00,119.00,275.00,0.500,Idle,4.30,7.69,372.99,4591.00,11499.37,346.26,,0,100,39.00,-69,4416336,-304727.18,4,fused
15335,000000015335.jpg,640x480,0,0.332064,1,0,FN,yolov8l_bsz4.ms,156.00,119.00,275.00,0.500,Idle,4.30,7.69,372.99,4591.00,11499.37,346.26,,0,100,39.00,-69,4416336,-304727.18,4,fused
201934,000000201934.jpg,500x375,0,0.331856,0,1,TN,yolov8l_bsz4.ms,156.00,119.00,275.00,0.500,Idle,4.30,7.69,372.99,4591.00,11499.37,346.26,,0,100,39.00,-69,4416336,-304727.18,4,fused
460333,000000460333.jpg,640x480,0,0.331113,1,0,FN,yolov8l_bsz4.ms,154.75,133.75,288.50,0.500,Idle,4.42,7.69,373.42,4591.00,11499.37,344.62,,0,100,39.00,-68,4416458,-300319.14,4,fused
210030,000000210030.jpg,500x400,0,0.331091,0,1,TN,yolov8l_bsz4.ms,154.75,133.75,288.50,0.500,Idle,4.42,7.69,373.42,4591.00,11499.37,344.62,,0,100,39.00,-68,4416458,-300319.14,4,fused
84664,000000084664.jpg,612x612,0,0.330966,0,1,TN,yolov8l_bsz4.ms,154.75,133.75,288.50,0.500,Idle,4.42,7.69,373.42,4591.00,11499.37,344.62,,0,100,39.00,-68,4416458,-300319.14,4,fused
369771,000000369771.jpg,640x480,0,0.330553,0,1,TN,yolov8l_bsz4.ms,154.75,133.75,288.50,0.500,Idle,4.42,7.69,373.42,4591.00,11499.37,344.62,,0,100,39.00,-68,4416458,-300319.14,4,fused
7574,000000007574.jpg,640x480,0,0.330493,0,1,TN,yolov8l_bsz4.ms,155.25,111.75,267.00,0.500,Idle,4.41,7.93,350.32,4614.00,11499.37,366.52,,0,100,39.00,-68,4416406,-300315.61,4,fused
464522,000000464522.jpg,494x640,0,0.330328,0,1,TN,yolov8l_bsz4.ms,155.25,111.75,267.00,0.500,Idle,4.41,7.93,350.32,4614.00,11499.37,366.52,,0,100,39.00,-68,4416406,-300315.61,4,fused
306136,000000306136.jpg,428x640,0,0.330237,1,0,FN,yolov8l_bsz4.ms,155.25,111.75,267.00,0.500,Idle,4.41,7.93,350.32,4614.00,11499.37,366.52,,0,100,39.00,-68,4416406,-300315.61,4,fused
139260,000000139260.jpg,640x388,0,0.330183,0,1,TN,yolov8l_bsz4.ms,155.25,111.75,267.00,0.500,Idle,4.41,7.93,350.32,4614.00,11499.37,366.52,,0,100,39.00,-68,4416406,-300315.61,4,fused
264441,000000264441.jpg,375x500,0,0.329971,0,1,TN,yolov8l_bsz4.ms,158.50,112.75,271.25,0.500,Idle,4.40,7.93,295.77,4668.00,11499.37,419.27,,0,100,39.00,-63,4416532,-278241.52,4,fused
189698,000000189698.jpg,640x428,0,0.328910,0,1,TN,yolov8l_bsz4.ms,158.50,112.75,271.25,0.500,Idle,4.40,7.93,295.77,4668.00,11499.37,419.27,,0,100,39.00,-63,4416532,-278241.52,4,fused
231088,000000231088.jpg,425x640,0,0.328873,0,1,TN,yolov8l_bsz4.ms,158.50,112.75,271.25,0.500,Idle,4.40,7.93,295.77,4668.00,11499.37,419.27,,0,100,39.00,-63,4416532,-278241.52,4,fused
533206,000000533206.jpg,640x427,0,0.327868,0,1,TN,yolov8l_bsz4.ms,158.50,112.75,271.25,0.500,Idle,4.40,7.93,295.77,4668.00,11499.37,419.27,,0,100,39.00,-63,4416532,-278241.52,4,fused
560266,000000560266.jpg,640x425,0,0.327842,0,1,TN,yolov8l_bsz4.ms,159.75,114.25,274.00,0.500,Idle,8.07,8.04,372.75,4591.00,11499.37,340.53,,0,100,39.00,-66,4416474,-291487.28,4,fused
321118,000000321118.jpg,640x426,0,0.326875,0,1,TN,yolov8l_bsz4.ms,159.75,114.25,274.00,0.500,Idle,8.07,8.04,372.75,4591.00,11499.37,340.53,,0,100,39.00,-66,4416474,-291487.28,4,fused
453841,000000453841.jpg,500x339,0,0.325797,1,0,FN,yolov8l_bsz4.ms,159.75,114.25,274.00,0.500,Idle,8.07,8.04,372.75,4591.00,11499.37,340.53,,0,100,39.00,-66,4416474,-291487.28,4,fused
359937,000000359937.jpg,640x480,0,0.325577,0,1,TN,yolov8l_bsz4.ms,159.75,114.25,274.00,0.500,Idle,8.07,8.04,372.75,4591.00,11499.37,340.53,,0,100,39.00,-66,4416474,-291487.28,4,fused
97679,000000097679.jpg,640x480,0,0.325060,1,0,FN,yolov8l_bsz4.ms,159.25,127.00,286.25,0.500,Idle,5.09,8.04,373.53,4590.00,11499.37,338.07,,0,100,39.00,-64,4416588,-282661.63,4,fused
543047,000000543047.jpg,640x480,0,0.324723,0,1,TN,yolov8l_bsz4.ms,159.25,127.00,286.25,0.500,Idle,5.09,8.04,373.53,4590.00,11499.37,338.07,,0,100,39.00,-64,4416588,-282661.63,4,fused
293474,000000293474.jpg,500x333,0,0.324454,0,1,TN,yolov8l_bsz4.ms,159.25,127.00,286.25,0.500,Idle,5.09,8.04,373.53,4590.00,11499.37,338.07,,0,100,39.00,-64,4416588,-282661.63,4,fused
56127,000000056127.jpg,580x640,0,0.324156,0,1,TN,yolov8l_bsz4.ms,159.25,127.00,286.25,0.500,Idle,5.09,8.04,373.53,4590.00,11499.37,338.07,,0,100,39.00,-64,4416588,-282661.63,4,fused
581482,000000581482.jpg,640x427,0,0.324138,0,1,TN,yolov8l_bsz4.ms,127.25,118.00,245.25,0.500,Idle,4.84,7.03,349.63,4614.00,11499.37,361.06,,0,100,39.00,-62,4416621,-273830.50,4,fused
104198,000000104198.jpg,500x375,0,0.324027,0,1,TN,yolov8l_bsz4.ms,127.25,118.00,245.25,0.500,Idle,4.84,7.03,349.63,4614.00,11499.37,361.06,,0,100,39.00,-62,4416621,-273830.50,4,fused
221213,000000221213.jpg,640x480,0,0.323874,0,1,TN,yolov8l_bsz4.ms,127.25,118.00,245.25,0.500,Idle,4.84,7.03,349.63,4614.00,11499.37,361.06,,0,100,39.00,-62,4416621,-273830.50,4,fused
558073,000000558073.jpg,500x375,0,0.323323,0,1,TN,yolov8l_bsz4.ms,127.25,118.00,245.25,0.500,Idle,4.84,7.03,349.63,4614.00,11499.37,361.06,,0,100,39.00,-62,4416621,-273830.50,4,fused
496597,000000496597.jpg,640x480,0,0.323287,1,0,FN,yolov8l_bsz4.ms,108.00,126.50,234.50,0.500,Idle,4.91,7.03,297.24,4666.00,11499.37,411.98,,0,100,39.00,-65,4416381,-287064.77,4,fused
437351,000000437351.jpg,399x500,0,0.323248,1,0,FN,yolov8l_bsz4.ms,108.00,126.50,234.50,0.500,Idle,4.91,7.03,297.24,4666.00,11499.37,411.98,,0,100,39.00,-65,4416381,-287064.77,4,fused
545219,000000545219.jpg,640x480,0,0.322788,1,0,FN,yolov8l_bsz4.ms,108.00,126.50,234.50,0.500,Idle,4.91,7.03,297.24,4666.00,11499.37,411.98,,0,100,39.00,-65,4416381,-287064.77,4,fused
527616,000000527616.jpg,640x496,0,0.322781,1,0,FN,yolov8l_bsz4.ms,108.00,126.50,234.50,0.500,Idle,4.91,7.03,297.24,4666.00,11499.37,411.98,,0,100,39.00,-65,4416381,-287064.77,4,fused
570456,000000570456.jpg,640x480,0,0.322753,0,1,TN,yolov8l_bsz4.ms,109.00,126.50,235.50,0.500,Idle,4.91,7.60,374.69,4588.00,11499.37,333.15,,0,100,39.00,-68,4416112,-300295.62,4,fused
452122,000000452122.jpg,640x427,0,0.322319,0,1,TN,yolov8l_bsz4.ms,109.00,126.50,235.50,0.500,Idle,4.91,7.60,374.69,4588.00,11499.37,333.15,,0,100,39.00,-68,4416112,-300295.62,4,fused
173091,000000173091.jpg,612x612,0,0.322188,0,1,TN,yolov8l_bsz4.ms,109.00,126.50,235.50,0.500,Idle,4.91,7.60,374.69,4588.00,11499.37,333.15,,0,100,39.00,-68,4416112,-300295.62,4,fused
122217,000000122217.jpg,425x640,0,0.322169,1,0,FN,yolov8l_bsz4.ms,109.00,126.50,235.50,0.500,Idle,4.91,7.60,374.69,4588.00,11499.37,333.15,,0,100,39.00,-68,4416112,-300295.62,4,fused
213445,000000213445.jpg,408x500,0,0.322035,0,1,TN,yolov8l_bsz4.ms,110.25,113.50,223.75,0.500,Idle,4.94,7.60,370.26,4591.00,11499.37,335.37,,0,100,39.00,-69,4416000,-304704.00,4,fused
286907,000000286907.jpg,480x640,0,0.322034,0,1,TN,yolov8l_bsz4.ms,110.25,113.50,223.75,0.500,Idle,4.94,7.60,370.26,4591.00,11499.37,335.37,,0,100,39.00,-69,4416000,-304704.00,4,fused
261706,000000261706.jpg,480x640,0,0.321790,0,1,TN,yolov8l_bsz4.ms,110.25,113.50,223.75,0.500,Idle,4.94,7.60,370.26,4591.00,11499.37,335.37,,0,100,39.00,-69,4416000,-304704.00,4,fused
460494,000000460494.jpg,640x426,0,0.321697,0,1,TN,yolov8l_bsz4.ms,110.25,113.50,223.75,0.500,Idle,4.94,7.60,370.26,4591.00,11499.37,335.37,,0,100,39.00,-69,4416000,-304704.00,4,fused
528578,000000528578.jpg,640x427,0,0.321638,1,0,FN,yolov8l_bsz4.ms,109.25,122.00,231.25,0.500,Idle,5.04,8.70,351.59,4610.00,11499.37,352.91,,0,100,39.00,-66,4415943,-291452.24,4,fused
572388,000000572388.jpg,349x500,0,0.321087,0,1,TN,yolov8l_bsz4.ms,109.25,122.00,231.25,0.500,Idle,5.04,8.70,351.59,4610.00,11499.37,352.91,,0,100,39.00,-66,4415943,-291452.24,4,fused
110638,000000110638.jpg,640x427,0,0.320964,0,1,TN,yolov8l_bsz4.ms,109.25,122.00,231.25,0.500,Idle,5.04,8.70,351.59,4610.00,11499.37,352.91,,0,100,39.00,-66,4415943,-291452.24,4,fused
4795,000000004795.jpg,640x480,0,0.320433,0,1,TN,yolov8l_bsz4.ms,109.25,122.00,231.25,0.500,Idle,5.04,8.70,351.59,4610.00,11499.37,352.91,,0,100,39.00,-66,4415943,-291452.24,4,fused
527960,000000527960.jpg,640x427,0,0.320116,0,1,TN,yolov8l_bsz4.ms,108.00,117.00,225.00,0.500,Idle,5.09,8.70,296.47,4665.00,11499.37,406.91,,0,100,39.00,-117,4414259,-516468.30,4,fused
563281,000000563281.jpg,489x500,0,0.320103,1,0,FN,yolov8l_bsz4.ms,108.00,117.00,225.00,0.500,Idle,5.09,8.70,296.47,4665.00,11499.37,406.91,,0,100,39.00,-117,4414259,-516468.30,4,fused
154431,000000154431.jpg,640x444,0,0.320095,0,1,TN,yolov8l_bsz4.ms,108.00,117.00,225.00,0.500,Idle,5.09,8.70,296.47,4665.00,11499.37,406.91,,0,100,39.00,-117,4414259,-516468.30,4,fused
198960,000000198960.jpg,640x425,0,0.319811,0,1,TN,yolov8l_bsz4.ms,108.00,117.00,225.00,0.500,Idle,5.09,8.70,296.47,4665.00,11499.37,406.91,,0,100,39.00,-117,4414259,-516468.30,4,fused
302165,000000302165.jpg,640x480,0,0.319643,0,1,TN,yolov8l_bsz4.ms,170.75,130.50,301.25,0.500,Idle,5.11,8.77,373.12,4588.00,11499.37,328.84,,0,100,39.00,-74,4415618,-326755.73,4,fused
396526,000000396526.jpg,500x338,0,0.319236,0,1,TN,yolov8l_bsz4.ms,170.75,130.50,301.25,0.500,Idle,5.11,8.77,373.12,4588.00,11499.37,328.84,,0,100,39.00,-74,4415618,-326755.73,4,fused
491757,000000491757.jpg,640x479,0,0.319230,0,1,TN,yolov8l_bsz4.ms,170.75,130.50,301.25,0.500,Idle,5.11,8.77,373.12,4588.00,11499.37,328.84,,0,100,39.00,-74,4415618,-326755.73,4,fused
573391,000000573391.jpg,640x480,0,0.318868,0,1,TN,yolov8l_bsz4.ms,170.75,130.50,301.25,0.500,Idle,5.11,8.77,373.12,4588.00,11499.37,328.84,,0,100,39.00,-74,4415618,-326755.73,4,fused
122606,000000122606.jpg,640x480,0,0.318655,1,0,FN,yolov8l_bsz4.ms,168.25,120.50,288.75,0.500,Idle,5.00,8.77,373.15,4588.00,11499.37,327.30,,0,100,39.00,-115,4414418,-507658.07,4,fused
135561,000000135561.jpg,640x480,0,0.318195,0,1,TN,yolov8l_bsz4.ms,168.25,120.50,288.75,0.500,Idle,5.00,8.77,373.15,4588.00,11499.37,327.30,,0,100,39.00,-115,4414418,-507658.07,4,fused
355677,000000355677.jpg,640x480,0,0.318085,0,1,TN,yolov8l_bsz4.ms,168.25,120.50,288.75,0.500,Idle,5.00,8.77,373.15,4588.00,11499.37,327.30,,0,100,39.00,-115,4414418,-507658.07,4,fused
222317,000000222317.jpg,640x480,0,0.317497,0,1,TN,yolov8l_bsz4.ms,168.25,120.50,288.75,0.500,Idle,5.00,8.77,373.15,4588.00,11499.37,327.30,,0,100,39.00,-115,4414418,-507658.07,4,fused
27696,000000027696.jpg,640x410,0,0.317272,1,0,FN,yolov8l_bsz4.ms,162.25,127.00,289.25,0.500,Idle,4.35,5.54,350.10,4611.00,11499.37,347.95,,0,100,39.00,-64,4416216,-282637.82,4,fused
502732,000000502732.jpg,480x640,0,0.317155,0,1,TN,yolov8l_bsz4.ms,162.25,127.00,289.25,0.500,Idle,4.35,5.54,350.10,4611.00,11499.37,347.95,,0,100,39.00,-64,4416216,-282637.82,4,fused
32038,000000032038.jpg,333x500,0,0.317077,1,0,FN,yolov8l_bsz4.ms,162.25,127.00,289.25,0.500,Idle,4.35,5.54,350.10,4611.00,11499.37,347.95,,0,100,39.00,-64,4416216,-282637.82,4,fused
428280,000000428280.jpg,500x333,0,0.316979,0,1,TN,yolov8l_bsz4.ms,162.25,127.00,289.25,0.500,Idle,4.35,5.54,350.10,4611.00,11499.37,347.95,,0,100,39.00,-64,4416216,-282637.82,4,fused
183500,000000183500.jpg,640x430,0,0.316843,1,0,FN,yolov8l_bsz4.ms,160.00,107.25,267.25,0.500,Idle,4.32,5.54,295.85,4665.00,11499.37,400.86,,0,100,39.00,-60,4416328,-264979.68,4,fused
190140,000000190140.jpg,640x428,0,0.316265,1,0,FN,yolov8l_bsz4.ms,160.00,107.25,267.25,0.500,Idle,4.32,5.54,295.85,4665.00,11499.37,400.86,,0,100,39.00,-60,4416328,-264979.68,4,fused
255749,000000255749.jpg,640x424,0,0.316143,1,0,FN,yolov8l_bsz4.ms,160.00,107.25,267.25,0.500,Idle,4.32,5.54,295.85,4665.00,11499.37,400.86,,0,100,39.00,-60,4416328,-264979.68,4,fused
332318,000000332318.jpg,640x429,0,0.315895,0,1,TN,yolov8l_bsz4.ms,160.00,107.25,267.25,0.500,Idle,4.32,5.54,295.85,4665.00,11499.37,400.86,,0,100,39.00,-60,4416328,-264979.68,4,fused
187249,000000187249.jpg,640x480,0,0.314576,1,0,FN,yolov8l_bsz4.ms,109.25,130.50,239.75,0.500,Idle,4.27,7.27,374.20,4586.00,11499.37,321.44,,0,100,39.00,-57,4416447,-251737.48,4,fused
78426,000000078426.jpg,500x334,0,0.314332,0,1,TN,yolov8l_bsz4.ms,109.25,130.50,239.75,0.500,Idle,4.27,7.27,374.20,4586.00,11499.37,321.44,,0,100,39.00,-57,4416447,-251737.48,4,fused
170595,000000170595.jpg,612x612,0,0.313717,0,1,TN,yolov8l_bsz4.ms,109.25,130.50,239.75,0.500,Idle,4.27,7.27,374.20,4586.00,11499.37,321.44,,0,100,39.00,-57,4416447,-251737.48,4,fused
189828,000000189828.jpg,612x612,0,0.313281,0,1,TN,yolov8l_bsz4.ms,109.25,130.50,239.75,0.500,Idle,4.27,7.27,374.20,4586.00,11499.37,321.44,,0,100,39.00,-57,4416447,-251737.48,4,fused
523194,000000523194.jpg,640x425,0,0.312939,0,1,TN,yolov8l_bsz4.ms,112.25,94.50,206.75,0.500,Idle,4.41,7.27,370.82,4579.00,11499.37,312.31,,0,100,39.00,-66,4415722,-291437.65,4,fused
81061,000000081061.jpg,640x442,0,0.312520,0,1,TN,yolov8l_bsz4.ms,112.25,94.50,206.75,0.500,Idle,4.41,7.27,370.82,4579.00,11499.37,312.31,,0,100,39.00,-66,4415722,-291437.65,4,fused
13348,000000013348.jpg,640x427,0,0.312212,1,0,FN,yolov8l_bsz4.ms,112.25,94.50,206.75,0.500,Idle,4.41,7.27,370.82,4579.00,11499.37,312.31,,0,100,39.00,-66,4415722,-291437.65,4,fused
209972,000000209972.jpg,640x299,0,0.312118,0,1,TN,yolov8l_bsz4.ms,112.25,94.50,206.75,0.500,Idle,4.41,7.27,370.82,4579.00,11499.37,312.31,,0,100,39.00,-66,4415722,-291437.65,4,fused
225946,000000225946.jpg,640x463,0,0.311794,0,1,TN,yolov8l_bsz4.ms,109.50,115.75,225.25,0.500,Idle,4.67,9.46,351.59,4577.00,11499.37,309.51,,0,100,39.00,-68,4415636,-300263.25,4,fused
343315,000000343315.jpg,640x478,0,0.310956,0,1,TN,yolov8l_bsz4.ms,109.50,115.75,225.25,0.500,Idle,4.67,9.46,351.59,4577.00,11499.37,309.51,,0,100,39.00,-68,4415636,-300263.25,4,fused
236412,000000236412.jpg,640x480,0,0.310896,0,1,TN,yolov8l_bsz4.ms,109.50,115.75,225.25,0.500,Idle,4.67,9.46,351.59,4577.00,11499.37,309.51,,0,100,39.00,-68,4415636,-300263.25,4,fused
61333,000000061333.jpg,500x361,0,0.310559,0,1,TN,yolov8l_bsz4.ms,109.50,115.75,225.25,0.500,Idle,4.67,9.46,351.59,4577.00,11499.37,309.51,,0,100,39.00,-68,4415636,-300263.25,4,fused
227985,000000227985.jpg,640x480,0,0.310520,0,1,TN,yolov8l_bsz4.ms,109.75,126.25,236.00,0.500,Idle,4.76,9.46,295.75,4612.00,11499.37,342.74,,0,100,39.00,-77,4415464,-339990.73,4,fused
500423,000000500423.jpg,640x427,0,0.308988,1,0,FN,yolov8l_bsz4.ms,109.75,126.25,236.00,0.500,Idle,4.76,9.46,295.75,4612.00,11499.37,342.74,,0,100,39.00,-77,4415464,-339990.73,4,fused
360137,000000360137.jpg,640x640,0,0.308891,1,0,FN,yolov8l_bsz4.ms,109.75,126.25,236.00,0.500,Idle,4.76,9.46,295.75,4612.00,11499.37,342.74,,0,100,39.00,-77,4415464,-339990.73,4,fused
2923,000000002923.jpg,500x375,0,0.308611,0,1,TN,yolov8l_bsz4.ms,109.75,126.25,236.00,0.500,Idle,4.76,9.46,295.75,4612.00,11499.37,342.74,,0,100,39.00,-77,4415464,-339990.73,4,fused
489014,000000489014.jpg,640x480,0,0.307741,1,0,FN,yolov8l_bsz4.ms,108.75,133.25,242.00,0.500,Idle,4.78,11.53,373.86,4566.00,11499.37,296.01,,0,100,39.00,-116,4414154,-512041.86,4,fused
440507,000000440507.jpg,500x375,0,0.307706,0,1,TN,yolov8l_bsz4.ms,108.75,133.25,242.00,0.500,Idle,4.78,11.53,373.86,4566.00,11499.37,296.01,,0,100,39.00,-116,4414154,-512041.86,4,fused
191471,000000191471.jpg,640x480,0,0.307603,0,1,TN,yolov8l_bsz4.ms,108.75,133.25,242.00,0.500,Idle,4.78,11.53,373.86,4566.00,11499.37,296.01,,0,100,39.00,-116,4414154,-512041.86,4,fused
227187,000000227187.jpg,640x480,0,0.306585,0,1,TN,yolov8l_bsz4.ms,108.75,133.25,242.00,0.500,Idle,4.78,11.53,373.86,4566.00,11499.37,296.01,,0,100,39.00,-116,4414154,-512041.86,4,fused
176446,000000176446.jpg,640x480,0,0.305257,0,1,TN,yolov8l_bsz4.ms,156.00,133.25,289.25,0.500,Idle,4.90,11.53,375.78,4576.00,11499.37,306.68,,0,100,39.00,-69,4415555,-304673.29,4,fused
96960,000000096960.jpg,640x478,0,0.304859,0,1,TN,yolov8l_bsz4.ms,156.00,133.25,289.25,0.500,Idle,4.90,11.53,375.78,4576.00,11499.37,306.68,,0,100,39.00,-69,4415555,-304673.29,4,fused
419096,000000419096.jpg,612x612,0,0.304723,0,1,TN,yolov8l_bsz4.ms,156.00,133.25,289.25,0.500,Idle,4.90,11.53,375.78,4576.00,11499.37,306.68,,0,100,39.00,-69,4415555,-304673.29,4,fused
524280,000000524280.jpg,640x640,0,0.304718,0,1,TN,yolov8l_bsz4.ms,156.00,133.25,289.25,0.500,Idle,4.90,11.53,375.78,4576.00,11499.37,306.68,,0,100,39.00,-69,4415555,-304673.29,4,fused
26465,000000026465.jpg,500x375,0,0.304644,1,0,FN,yolov8l_bsz4.ms,169.50,114.50,284.00,0.500,Idle,4.85,10.93,372.43,4581.00,11499.37,308.61,,0,100,39.00,-114,4414285,-503228.49,4,fused
173033,000000173033.jpg,480x640,0,0.303651,0,1,TN,yolov8l_bsz4.ms,169.50,114.50,284.00,0.500,Idle,4.85,10.93,372.43,4581.00,11499.37,308.61,,0,100,39.00,-114,4414285,-503228.49,4,fused
414676,000000414676.jpg,423x640,0,0.303201,0,1,TN,yolov8l_bsz4.ms,169.50,114.50,284.00,0.500,Idle,4.85,10.93,372.43,4581.00,11499.37,308.61,,0,100,39.00,-114,4414285,-503228.49,4,fused
338901,000000338901.jpg,640x480,0,0.302713,0,1,TN,yolov8l_bsz4.ms,169.50,114.50,284.00,0.500,Idle,4.85,10.93,372.43,4581.00,11499.37,308.61,,0,100,39.00,-114,4414285,-503228.49,4,fused
293044,000000293044.jpg,288x160,0,0.302489,0,1,TN,yolov8l_bsz4.ms,170.50,95.25,265.75,0.500,Idle,8.29,10.93,351.15,4602.00,11499.37,328.51,,0,100,39.00,-74,4415601,-326754.47,4,fused
36861,000000036861.jpg,480x640,0,0.302399,0,1,TN,yolov8l_bsz4.ms,170.50,95.25,265.75,0.500,Idle,8.29,10.93,351.15,4602.00,11499.37,328.51,,0,100,39.00,-74,4415601,-326754.47,4,fused
427649,000000427649.jpg,480x640,0,0.300951,0,1,TN,yolov8l_bsz4.ms,170.50,95.25,265.75,0.500,Idle,8.29,10.93,351.15,4602.00,11499.37,328.51,,0,100,39.00,-74,4415601,-326754.47,4,fused
579818,000000579818.jpg,640x360,0,0.300753,1,0,FN,yolov8l_bsz4.ms,170.50,95.25,265.75,0.500,Idle,8.29,10.93,351.15,4602.00,11499.37,328.51,,0,100,39.00,-74,4415601,-326754.47,4,fused
179653,000000179653.jpg,640x480,0,0.300394,0,1,TN,yolov8l_bsz4.ms,163.00,121.75,284.75,0.500,Idle,5.25,6.43,295.21,4658.00,11499.37,382.74,,0,100,39.00,-117,4414160,-516456.72,4,fused
86483,000000086483.jpg,500x375,0,0.300367,1,0,FN,yolov8l_bsz4.ms,163.00,121.75,284.75,0.500,Idle,5.25,6.43,295.21,4658.00,11499.37,382.74,,0,100,39.00,-117,4414160,-516456.72,4,fused
42178,000000042178.jpg,640x480,0,0.299687,0,1,TN,yolov8l_bsz4.ms,163.00,121.75,284.75,0.500,Idle,5.25,6.43,295.21,4658.00,11499.37,382.74,,0,100,39.00,-117,4414160,-516456.72,4,fused
479596,000000479596.jpg,640x428,0,0.299460,0,1,TN,yolov8l_bsz4.ms,163.00,121.75,284.75,0.500,Idle,5.25,6.43,295.21,4658.00,11499.37,382.74,,0,100,39.00,-117,4414160,-516456.72,4,fused
97585,000000097585.jpg,480x640,0,0.299252,0,1,TN,yolov8l_bsz4.ms,164.00,117.00,281.00,0.500,Idle,4.70,6.43,373.90,4579.00,11499.37,302.83,,0,100,39.00,-67,4415935,-295867.65,4,fused
281447,000000281447.jpg,640x421,0,0.297238,0,1,TN,yolov8l_bsz4.ms,164.00,117.00,281.00,0.500,Idle,4.70,6.43,373.90,4579.00,11499.37,302.83,,0,100,39.00,-67,4415935,-295867.65,4,fused
19042,000000019042.jpg,640x371,0,0.296976,0,1,TN,yolov8l_bsz4.ms,164.00,117.00,281.00,0.500,Idle,4.70,6.43,373.90,4579.00,11499.37,302.83,,0,100,39.00,-67,4415935,-295867.65,4,fused
402346,000000402346.jpg,640x480,0,0.296910,0,1,TN,yolov8l_bsz4.ms,164.00,117.00,281.00,0.500,Idle,4.70,6.43,373.90,4579.00,11499.37,302.83,,0,100,39.00,-67,4415935,-295867.65,4,fused
140658,000000140658.jpg,480x640,0,0.296643,0,1,TN,yolov8l_bsz4.ms,165.75,125.50,291.25,0.500,Idle,4.67,7.34,369.92,4581.00,11499.37,303.54,,0,100,39.00,-113,4414367,-498823.47,4,fused
249643,000000249643.jpg,640x461,0,0.296467,1,0,FN,yolov8l_bsz4.ms,165.75,125.50,291.25,0.500,Idle,4.67,7.34,369.92,4581.00,11499.37,303.54,,0,100,39.00,-113,4414367,-498823.47,4,fused
251824,000000251824.jpg,500x375,0,0.296110,1,0,FN,yolov8l_bsz4.ms,165.75,125.50,291.25,0.500,Idle,4.67,7.34,369.92,4581.00,11499.37,303.54,,0,100,39.00,-113,4414367,-498823.47,4,fused
50149,000000050149.jpg,500x376,0,0.296023,0,1,TN,yolov8l_bsz4.ms,165.75,125.50,291.25,0.500,Idle,4.67,7.34,369.92,4581.00,11499.37,303.54,,0,100,39.00,-113,4414367,-498823.47,4,fused
59598,000000059598.jpg,640x480,0,0.295700,1,0,FN,yolov8l_bsz4.ms,161.25,118.00,279.25,0.500,Idle,4.57,7.34,350.72,4601.00,11499.37,321.82,,0,100,39.00,-68,4416055,-300291.74,4,fused
560279,000000560279.jpg,612x612,0,0.295691,0,1,TN,yolov8l_bsz4.ms,161.25,118.00,279.25,0.500,Idle,4.57,7.34,350.72,4601.00,11499.37,321.82,,0,100,39.00,-68,4416055,-300291.74,4,fused
154339,000000154339.jpg,640x427,0,0.294584,0,1,TN,yolov8l_bsz4.ms,161.25,118.00,279.25,0.500,Idle,4.57,7.34,350.72,4601.00,11499.37,321.82,,0,100,39.00,-68,4416055,-300291.74,4,fused
330818,000000330818.jpg,426x640,0,0.294266,1,0,FN,yolov8l_bsz4.ms,161.25,118.00,279.25,0.500,Idle,4.57,7.34,350.72,4601.00,11499.37,321.82,,0,100,39.00,-68,4416055,-300291.74,4,fused
28285,000000028285.jpg,640x425,0,0.294240,0,1,TN,yolov8l_bsz4.ms,162.00,114.00,276.00,0.500,Idle,4.51,7.70,295.76,4656.00,11499.37,374.94,,0,100,39.00,-119,4414315,-525303.48,4,fused
125257,000000125257.jpg,640x480,0,0.294157,1,0,FN,yolov8l_bsz4.ms,162.00,114.00,276.00,0.500,Idle,4.51,7.70,295.76,4656.00,11499.37,374.94,,0,100,39.00,-119,4414315,-525303.48,4,fused
173371,000000173371.jpg,612x612,0,0.293765,0,1,TN,yolov8l_bsz4.ms,162.00,114.00,276.00,0.500,Idle,4.51,7.70,295.76,4656.00,11499.37,374.94,,0,100,39.00,-119,4414315,-525303.48,4,fused
190853,000000190853.jpg,383x640,0,0.293754,1,0,FN,yolov8l_bsz4.ms,162.00,114.00,276.00,0.500,Idle,4.51,7.70,295.76,4656.00,11499.37,374.94,,0,100,39.00,-119,4414315,-525303.48,4,fused
445722,000000445722.jpg,318x500,0,0.293607,1,0,FN,yolov8l_bsz4.ms,165.00,110.75,275.75,0.500,Idle,4.42,7.70,374.01,4577.00,11499.37,295.38,,0,100,39.00,-123,4414159,-542941.56,4,fused
189226,000000189226.jpg,640x427,0,0.293522,0,1,TN,yolov8l_bsz4.ms,165.00,110.75,275.75,0.500,Idle,4.42,7.70,374.01,4577.00,11499.37,295.38,,0,100,39.00,-123,4414159,-542941.56,4,fused
160772,000000160772.jpg,640x512,0,0.293478,1,0,FN,yolov8l_bsz4.ms,165.00,110.75,275.75,0.500,Idle,4.42,7.70,374.01,4577.00,11499.37,295.38,,0,100,39.00,-123,4414159,-542941.56,4,fused
308193,000000308193.jpg,480x640,0,0.293119,0,1,TN,yolov8l_bsz4.ms,165.00,110.75,275.75,0.500,Idle,4.42,7.70,374.01,4577.00,11499.37,295.38,,0,100,39.00,-123,4414159,-542941.56,4,fused
389933,000000389933.jpg,640x480,0,0.293119,0,1,TN,yolov8l_bsz4.ms,164.50,114.75,279.25,0.500,Idle,4.39,7.93,370.63,4580.00,11499.37,297.32,,0,100,39.00,-71,4415908,-313529.47,4,fused
60449,000000060449.jpg,480x640,0,0.292567,0,1,TN,yolov8l_bsz4.ms,164.50,114.75,279.25,0.500,Idle,4.39,7.93,370.63,4580.00,11499.37,297.32,,0,100,39.00,-71,4415908,-313529.47,4,fused
447169,000000447169.jpg,640x480,0,0.292320,0,1,TN,yolov8l_bsz4.ms,164.50,114.75,279.25,0.500,Idle,4.39,7.93,370.63,4580.00,11499.37,297.32,,0,100,39.00,-71,4415908,-313529.47,4,fused
109441,000000109441.jpg,640x480,0,0.292238,0,1,TN,yolov8l_bsz4.ms,164.50,114.75,279.25,0.500,Idle,4.39,7.93,370.63,4580.00,11499.37,297.32,,0,100,39.00,-71,4415908,-313529.47,4,fused
437110,000000437110.jpg,480x640,0,0.292182,0,1,TN,yolov8l_bsz4.ms,159.00,116.25,275.25,0.500,Idle,4.42,7.93,350.90,4600.00,11499.37,315.51,,0,100,39.00,-62,4416220,-273805.64,4,fused
236845,000000236845.jpg,495x640,0,0.292076,0,1,TN,yolov8l_bsz4.ms,159.00,116.25,275.25,0.500,Idle,4.42,7.93,350.90,4600.00,11499.37,315.51,,0,100,39.00,-62,4416220,-273805.64,4,fused
565607,000000565607.jpg,640x313,0,0.291683,0,1,TN,yolov8l_bsz4.ms,159.00,116.25,275.25,0.500,Idle,4.42,7.93,350.90,4600.00,11499.37,315.51,,0,100,39.00,-62,4416220,-273805.64,4,fused
357567,000000357567.jpg,480x640,0,0.291360,0,1,TN,yolov8l_bsz4.ms,159.00,116.25,275.25,0.500,Idle,4.42,7.93,350.90,4600.00,11499.37,315.51,,0,100,39.00,-62,4416220,-273805.64,4,fused
212559,000000212559.jpg,640x528,0,0.291273,0,1,TN,yolov8l_bsz4.ms,160.50,108.00,268.50,0.500,Idle,3.98,5.13,295.87,4654.00,11499.37,367.94,,0,100,39.00,-76,4415699,-335593.12,4,fused
517523,000000517523.jpg,640x435,0,0.290639,0,1,TN,yolov8l_bsz4.ms,160.50,108.00,268.50,0.500,Idle,3.98,5.13,295.87,4654.00,11499.37,367.94,,0,100,39.00,-76,4415699,-335593.12,4,fused
250205,000000250205.jpg,640x457,0,0.290556,0,1,TN,yolov8l_bsz4.ms,160.50,108.00,268.50,0.500,Idle,3.98,5.13,295.87,4654.00,11499.37,367.94,,0,100,39.00,-76,4415699,-335593.12,4,fused
6818,000000006818.jpg,427x640,0,0.290489,0,1,TN,yolov8l_bsz4.ms,160.50,108.00,268.50,0.500,Idle,3.98,5.13,295.87,4654.00,11499.37,367.94,,0,100,39.00,-76,4415699,-335593.12,4,fused
474164,000000474164.jpg,633x640,0,0.290462,0,1,TN,yolov8l_bsz4.ms,158.00,138.00,296.00,0.500,Idle,4.13,5.13,374.42,4576.00,11499.37,288.06,,0,100,39.00,-63,4416188,-278219.84,4,fused
482477,000000482477.jpg,492x640,0,0.290387,0,1,TN,yolov8l_bsz4.ms,158.00,138.00,296.00,0.500,Idle,4.13,5.13,374.42,4576.00,11499.37,288.06,,0,100,39.00,-63,4416188,-278219.84,4,fused
267300,000000267300.jpg,640x480,0,0.289877,0,1,TN,yolov8l_bsz4.ms,158.00,138.00,296.00,0.500,Idle,4.13,5.13,374.42,4576.00,11499.37,288.06,,0,100,39.00,-63,4416188,-278219.84,4,fused
197022,000000197022.jpg,640x478,0,0.289413,0,1,TN,yolov8l_bsz4.ms,158.00,138.00,296.00,0.500,Idle,4.13,5.13,374.42,4576.00,11499.37,288.06,,0,100,39.00,-63,4416188,-278219.84,4,fused
115118,000000115118.jpg,640x427,0,0.289325,0,1,TN,yolov8l_bsz4.ms,162.00,112.50,274.50,0.500,Idle,4.26,7.33,372.26,4577.00,11499.37,288.73,,0,100,39.00,-63,4416189,-278219.91,4,fused
311950,000000311950.jpg,448x640,0,0.289047,0,1,TN,yolov8l_bsz4.ms,162.00,112.50,274.50,0.500,Idle,4.26,7.33,372.26,4577.00,11499.37,288.73,,0,100,39.00,-63,4416189,-278219.91,4,fused
286660,000000286660.jpg,371x500,0,0.288961,1,0,FN,yolov8l_bsz4.ms,162.00,112.50,274.50,0.500,Idle,4.26,7.33,372.26,4577.00,11499.37,288.73,,0,100,39.00,-63,4416189,-278219.91,4,fused
512836,000000512836.jpg,480x640,0,0.288652,1,0,FN,yolov8l_bsz4.ms,162.00,112.50,274.50,0.500,Idle,4.26,7.33,372.26,4577.00,11499.37,288.73,,0,100,39.00,-63,4416189,-278219.91,4,fused
125952,000000125952.jpg,358x640,0,0.288442,0,1,TN,yolov8l_bsz4.ms,159.50,119.00,278.50,0.500,Idle,4.33,7.33,351.19,4598.00,11499.37,308.19,,0,100,39.00,-58,4416316,-256146.33,4,fused
435206,000000435206.jpg,640x427,0,0.288195,1,0,FN,yolov8l_bsz4.ms,159.50,119.00,278.50,0.500,Idle,4.33,7.33,351.19,4598.00,11499.37,308.19,,0,100,39.00,-58,4416316,-256146.33,4,fused
153299,000000153299.jpg,461x500,0,0.287400,0,1,TN,yolov8l_bsz4.ms,159.50,119.00,278.50,0.500,Idle,4.33,7.33,351.19,4598.00,11499.37,308.19,,0,100,39.00,-58,4416316,-256146.33,4,fused
312340,000000312340.jpg,640x425,0,0.287282,0,1,TN,yolov8l_bsz4.ms,159.50,119.00,278.50,0.500,Idle,4.33,7.33,351.19,4598.00,11499.37,308.19,,0,100,39.00,-58,4416316,-256146.33,4,fused
308476,000000308476.jpg,640x480,0,0.287187,0,1,TN,yolov8l_bsz4.ms,156.00,114.00,270.00,0.500,Idle,4.32,7.81,295.59,4653.00,11499.37,361.86,,0,100,39.00,-65,4416169,-287050.98,4,fused
376478,000000376478.jpg,480x640,0,0.286889,0,1,TN,yolov8l_bsz4.ms,156.00,114.00,270.00,0.500,Idle,4.32,7.81,295.59,4653.00,11499.37,361.86,,0,100,39.00,-65,4416169,-287050.98,4,fused
245915,000000245915.jpg,500x333,0,0.286847,0,1,TN,yolov8l_bsz4.ms,156.00,114.00,270.00,0.500,Idle,4.32,7.81,295.59,4653.00,11499.37,361.86,,0,100,39.00,-65,4416169,-287050.98,4,fused
323709,000000323709.jpg,640x320,0,0.286567,0,1,TN,yolov8l_bsz4.ms,156.00,114.00,270.00,0.500,Idle,4.32,7.81,295.59,4653.00,11499.37,361.86,,0,100,39.00,-65,4416169,-287050.98,4,fused
162543,000000162543.jpg,640x360,0,0.286371,0,1,TN,yolov8l_bsz4.ms,158.50,110.25,268.75,0.500,Idle,4.25,7.81,373.19,4576.00,11499.37,282.96,,0,100,39.00,-64,4416191,-282636.22,4,fused
186938,000000186938.jpg,640x427,0,0.286302,0,1,TN,yolov8l_bsz4.ms,158.50,110.25,268.75,0.500,Idle,4.25,7.81,373.19,4576.00,11499.37,282.96,,0,100,39.00,-64,4416191,-282636.22,4,fused
131386,000000131386.jpg,640x427,0,0.286170,0,1,TN,yolov8l_bsz4.ms,158.50,110.25,268.75,0.500,Idle,4.25,7.81,373.19,4576.00,11499.37,282.96,,0,100,39.00,-64,4416191,-282636.22,4,fused
43581,000000043581.jpg,640x427,0,0.286118,0,1,TN,yolov8l_bsz4.ms,158.50,110.25,268.75,0.500,Idle,4.25,7.81,373.19,4576.00,11499.37,282.96,,0,100,39.00,-64,4416191,-282636.22,4,fused
144114,000000144114.jpg,600x400,0,0.285829,1,0,FN,yolov8l_bsz4.ms,162.25,116.00,278.25,0.500,Idle,4.24,7.69,371.80,4577.00,11499.37,282.40,,0,100,39.00,-62,4416389,-273816.12,4,fused
312406,000000312406.jpg,640x480,0,0.285718,0,1,TN,yolov8l_bsz4.ms,162.25,116.00,278.25,0.500,Idle,4.24,7.69,371.80,4577.00,11499.37,282.40,,0,100,39.00,-62,4416389,-273816.12,4,fused
277689,000000277689.jpg,640x424,0,0.285691,0,1,TN,yolov8l_bsz4.ms,162.25,116.00,278.25,0.500,Idle,4.24,7.69,371.80,4577.00,11499.37,282.40,,0,100,39.00,-62,4416389,-273816.12,4,fused
542073,000000542073.jpg,375x500,0,0.285619,0,1,TN,yolov8l_bsz4.ms,162.25,116.00,278.25,0.500,Idle,4.24,7.69,371.80,4577.00,11499.37,282.40,,0,100,39.00,-62,4416389,-273816.12,4,fused
182417,000000182417.jpg,640x480,0,0.285580,0,1,TN,yolov8l_bsz4.ms,161.00,126.00,287.00,0.500,Idle,4.31,7.69,352.24,4596.00,11499.37,300.59,,0,100,39.00,-110,4414821,-485630.31,4,fused
459500,000000459500.jpg,375x500,0,0.285079,0,1,TN,yolov8l_bsz4.ms,161.00,126.00,287.00,0.500,Idle,4.31,7.69,352.24,4596.00,11499.37,300.59,,0,100,39.00,-110,4414821,-485630.31,4,fused
244379,000000244379.jpg,640x464,0,0.284635,0,1,TN,yolov8l_bsz4.ms,161.00,126.00,287.00,0.500,Idle,4.31,7.69,352.24,4596.00,11499.37,300.59,,0,100,39.00,-110,4414821,-485630.31,4,fused
355169,000000355169.jpg,640x480,0,0.284626,0,1,TN,yolov8l_bsz4.ms,161.00,126.00,287.00,0.500,Idle,4.31,7.69,352.24,4596.00,11499.37,300.59,,0,100,39.00,-110,4414821,-485630.31,4,fused
439854,000000439854.jpg,500x333,0,0.283789,1,0,FN,yolov8l_bsz4.ms,158.00,106.00,264.00,0.500,Idle,8.86,7.71,296.40,4652.00,11499.37,355.02,,0,100,39.00,-78,4415865,-344437.47,4,fused
241326,000000241326.jpg,500x375,0,0.283674,0,1,TN,yolov8l_bsz4.ms,158.00,106.00,264.00,0.500,Idle,8.86,7.71,296.40,4652.00,11499.37,355.02,,0,100,39.00,-78,4415865,-344437.47,4,fused
573626,000000573626.jpg,500x375,0,0.283344,0,1,TN,yolov8l_bsz4.ms,158.00,106.00,264.00,0.500,Idle,8.86,7.71,296.40,4652.00,11499.37,355.02,,0,100,39.00,-78,4415865,-344437.47,4,fused
126592,000000126592.jpg,640x433,0,0.282451,0,1,TN,yolov8l_bsz4.ms,158.00,106.00,264.00,0.500,Idle,8.86,7.71,296.40,4652.00,11499.37,355.02,,0,100,39.00,-78,4415865,-344437.47,4,fused
352760,000000352760.jpg,544x640,0,0.282429,1,0,FN,yolov8l_bsz4.ms,160.75,108.50,269.25,0.500,Idle,5.20,7.71,372.82,4575.00,11499.37,277.13,,0,100,39.00,-115,4414640,-507683.60,4,fused
407943,000000407943.jpg,640x427,0,0.282151,1,0,FN,yolov8l_bsz4.ms,160.75,108.50,269.25,0.500,Idle,5.20,7.71,372.82,4575.00,11499.37,277.13,,0,100,39.00,-115,4414640,-507683.60,4,fused
162366,000000162366.jpg,640x451,0,0.281921,0,1,TN,yolov8l_bsz4.ms,160.75,108.50,269.25,0.500,Idle,5.20,7.71,372.82,4575.00,11499.37,277.13,,0,100,39.00,-115,4414640,-507683.60,4,fused
300842,000000300842.jpg,640x426,0,0.281883,0,1,TN,yolov8l_bsz4.ms,160.75,108.50,269.25,0.500,Idle,5.20,7.71,372.82,4575.00,11499.37,277.13,,0,100,39.00,-115,4414640,-507683.60,4,fused
340175,000000340175.jpg,640x394,0,0.280715,0,1,TN,yolov8l_bsz4.ms,161.75,108.50,270.25,0.500,Idle,4.87,8.20,370.51,4577.00,11499.37,278.13,,0,100,39.00,-70,4416042,-309122.94,4,fused
464786,000000464786.jpg,640x428,0,0.280713,1,0,FN,yolov8l_bsz4.ms,161.75,108.50,270.25,0.500,Idle,4.87,8.20,370.51,4577.00,11499.37,278.13,,0,100,39.00,-70,4416042,-309122.94,4,fused
208208,000000208208.jpg,640x480,0,0.280473,0,1,TN,yolov8l_bsz4.ms,161.75,108.50,270.25,0.500,Idle,4.87,8.20,370.51,4577.00,11499.37,278.13,,0,100,39.00,-70,4416042,-309122.94,4,fused
160666,000000160666.jpg,640x480,0,0.280417,0,1,TN,yolov8l_bsz4.ms,161.75,108.50,270.25,0.500,Idle,4.87,8.20,370.51,4577.00,11499.37,278.13,,0,100,39.00,-70,4416042,-309122.94,4,fused
562843,000000562843.jpg,500x375,0,0.280394,0,1,TN,yolov8l_bsz4.ms,158.75,114.75,273.50,0.500,Idle,4.68,8.20,349.22,4599.00,11499.37,298.63,,0,100,39.00,-124,4414312,-547374.69,4,fused
217872,000000217872.jpg,334x500,0,0.279667,1,0,FN,yolov8l_bsz4.ms,158.75,114.75,273.50,0.500,Idle,4.68,8.20,349.22,4599.00,11499.37,298.63,,0,100,39.00,-124,4414312,-547374.69,4,fused
263299,000000263299.jpg,500x335,0,0.279485,0,1,TN,yolov8l_bsz4.ms,158.75,114.75,273.50,0.500,Idle,4.68,8.20,349.22,4599.00,11499.37,298.63,,0,100,39.00,-124,4414312,-547374.69,4,fused
368900,000000368900.jpg,640x480,0,0.279436,0,1,TN,yolov8l_bsz4.ms,158.75,114.75,273.50,0.500,Idle,4.68,8.20,349.22,4599.00,11499.37,298.63,,0,100,39.00,-124,4414312,-547374.69,4,fused
304817,000000304817.jpg,640x480,0,0.278915,0,1,TN,yolov8l_bsz4.ms,159.50,112.75,272.25,0.500,Idle,4.61,8.40,296.51,4651.00,11499.37,348.52,,0,100,39.00,-70,4416035,-309122.45,4,fused
5992,000000005992.jpg,640x428,0,0.278833,0,1,TN,yolov8l_bsz4.ms,159.50,112.75,272.25,0.500,Idle,4.61,8.40,296.51,4651.00,11499.37,348.52,,0,100,39.00,-70,4416035,-309122.45,4,fused
57149,000000057149.jpg,640x427,0,0.278779,0,1,TN,yolov8l_bsz4.ms,159.50,112.75,272.25,0.500,Idle,4.61,8.40,296.51,4651.00,11499.37,348.52,,0,100,39.00,-70,4416035,-309122.45,4,fused
430875,000000430875.jpg,500x375,0,0.278595,0,1,TN,yolov8l_bsz4.ms,159.50,112.75,272.25,0.500,Idle,4.61,8.40,296.51,4651.00,11499.37,348.52,,0,100,39.00,-70,4416035,-309122.45,4,fused
89271,000000089271.jpg,640x524,0,0.277988,0,1,TN,yolov8l_bsz4.ms,158.50,115.00,273.50,0.500,Idle,4.47,8.40,373.36,4574.00,11499.37,270.39,,0,100,39.00,-118,4414558,-520917.84,4,fused
162035,000000162035.jpg,500x375,0,0.277532,1,0,FN,yolov8l_bsz4.ms,158.50,115.00,273.50,0.500,Idle,4.47,8.40,373.36,4574.00,11499.37,270.39,,0,100,39.00,-118,4414558,-520917.84,4,fused
546556,000000546556.jpg,640x301,0,0.277387,0,1,TN,yolov8l_bsz4.ms,158.50,115.00,273.50,0.500,Idle,4.47,8.40,373.36,4574.00,11499.37,270.39,,0,100,39.00,-118,4414558,-520917.84,4,fused
382122,000000382122.jpg,424x640,0,0.276568,0,1,TN,yolov8l_bsz4.ms,158.50,115.00,273.50,0.500,Idle,4.47,8.40,373.36,4574.00,11499.37,270.39,,0,100,39.00,-118,4414558,-520917.84,4,fused
155291,000000155291.jpg,640x427,0,0.276516,0,1,TN,yolov8l_bsz4.ms,162.75,114.00,276.75,0.500,Idle,4.43,8.21,372.46,4574.00,11499.37,269.77,,0,100,39.00,-73,4415981,-322366.61,4,fused
513484,000000513484.jpg,640x425,0,0.276377,0,1,TN,yolov8l_bsz4.ms,162.75,114.00,276.75,0.500,Idle,4.43,8.21,372.46,4574.00,11499.37,269.77,,0,100,39.00,-73,4415981,-322366.61,4,fused
482487,000000482487.jpg,480x640,0,0.276343,0,1,TN,yolov8l_bsz4.ms,162.75,114.00,276.75,0.500,Idle,4.43,8.21,372.46,4574.00,11499.37,269.77,,0,100,39.00,-73,4415981,-322366.61,4,fused
173004,000000173004.jpg,640x480,0,0.276160,0,1,TN,yolov8l_bsz4.ms,162.75,114.00,276.75,0.500,Idle,4.43,8.21,372.46,4574.00,11499.37,269.77,,0,100,39.00,-73,4415981,-322366.61,4,fused
259640,000000259640.jpg,640x427,0,0.276052,1,0,FN,yolov8l_bsz4.ms,154.25,104.50,258.75,0.500,Idle,4.46,8.21,352.29,4594.00,11499.37,288.31,,0,100,39.00,-90,4415480,-397393.20,4,fused
375078,000000375078.jpg,480x640,0,0.275381,0,1,TN,yolov8l_bsz4.ms,154.25,104.50,258.75,0.500,Idle,4.46,8.21,352.29,4594.00,11499.37,288.31,,0,100,39.00,-90,4415480,-397393.20,4,fused
297343,000000297343.jpg,640x432,0,0.275179,0,1,TN,yolov8l_bsz4.ms,154.25,104.50,258.75,0.500,Idle,4.46,8.21,352.29,4594.00,11499.37,288.31,,0,100,39.00,-90,4415480,-397393.20,4,fused
252716,000000252716.jpg,426x640,0,0.275085,1,0,FN,yolov8l_bsz4.ms,154.25,104.50,258.75,0.500,Idle,4.46,8.21,352.29,4594.00,11499.37,288.31,,0,100,39.00,-90,4415480,-397393.20,4,fused
139,000000000139.jpg,640x426,0,0.274823,1,0,FN,yolov8l_bsz4.ms,160.25,112.00,272.25,0.500,Idle,4.43,8.24,306.41,4639.00,11499.37,332.82,,0,100,39.00,-65,4416137,-287048.91,4,fused
496722,000000496722.jpg,640x360,0,0.274351,0,1,TN,yolov8l_bsz4.ms,160.25,112.00,272.25,0.500,Idle,4.43,8.24,306.41,4639.00,11499.37,332.82,,0,100,39.00,-65,4416137,-287048.91,4,fused
194832,000000194832.jpg,640x425,0,0.273998,0,1,TN,yolov8l_bsz4.ms,160.25,112.00,272.25,0.500,Idle,4.43,8.24,306.41,4639.00,11499.37,332.82,,0,100,39.00,-65,4416137,-287048.91,4,fused
132375,000000132375.jpg,640x480,0,0.273744,1,0,FN,yolov8l_bsz4.ms,160.25,112.00,272.25,0.500,Idle,4.43,8.24,306.41,4639.00,11499.37,332.82,,0,100,39.00,-65,4416137,-287048.91,4,fused
129416,000000129416.jpg,500x375,0,0.273651,0,1,TN,yolov8l_bsz4.ms,159.50,121.50,281.00,0.500,Idle,6.57,8.24,373.08,4573.00,11499.37,264.53,,0,100,39.00,-85,4415595,-375325.58,4,fused
298396,000000298396.jpg,640x480,0,0.273355,0,1,TN,yolov8l_bsz4.ms,159.50,121.50,281.00,0.500,Idle,6.57,8.24,373.08,4573.00,11499.37,264.53,,0,100,39.00,-85,4415595,-375325.58,4,fused
569700,000000569700.jpg,500x341,0,0.273165,0,1,TN,yolov8l_bsz4.ms,159.50,121.50,281.00,0.500,Idle,6.57,8.24,373.08,4573.00,11499.37,264.53,,0,100,39.00,-85,4415595,-375325.58,4,fused
7991,000000007991.jpg,640x359,0,0.272598,0,1,TN,yolov8l_bsz4.ms,159.50,121.50,281.00,0.500,Idle,6.57,8.24,373.08,4573.00,11499.37,264.53,,0,100,39.00,-85,4415595,-375325.58,4,fused
304365,000000304365.jpg,640x427,0,0.272485,1,0,FN,yolov8l_bsz4.ms,163.75,115.25,279.00,0.500,Idle,5.11,7.41,372.20,4573.00,11499.37,263.52,,0,100,39.00,-66,4416152,-291466.03,4,fused
364322,000000364322.jpg,640x480,0,0.271929,0,1,TN,yolov8l_bsz4.ms,163.75,115.25,279.00,0.500,Idle,5.11,7.41,372.20,4573.00,11499.37,263.52,,0,100,39.00,-66,4416152,-291466.03,4,fused
106266,000000106266.jpg,640x480,0,0.271344,0,1,TN,yolov8l_bsz4.ms,163.75,115.25,279.00,0.500,Idle,5.11,7.41,372.20,4573.00,11499.37,263.52,,0,100,39.00,-66,4416152,-291466.03,4,fused
314294,000000314294.jpg,640x360,0,0.270928,0,1,TN,yolov8l_bsz4.ms,163.75,115.25,279.00,0.500,Idle,5.11,7.41,372.20,4573.00,11499.37,263.52,,0,100,39.00,-66,4416152,-291466.03,4,fused
106389,000000106389.jpg,640x480,0,0.270678,0,1,TN,yolov8l_bsz4.ms,112.50,118.75,231.25,0.500,Idle,4.83,7.41,351.52,4593.00,11499.37,282.13,,0,100,39.00,-98,4415286,-432698.03,4,fused
78959,000000078959.jpg,384x640,0,0.270101,0,1,TN,yolov8l_bsz4.ms,112.50,118.75,231.25,0.500,Idle,4.83,7.41,351.52,4593.00,11499.37,282.13,,0,100,39.00,-98,4415286,-432698.03,4,fused
269942,000000269942.jpg,480x640,0,0.270078,0,1,TN,yolov8l_bsz4.ms,112.50,118.75,231.25,0.500,Idle,4.83,7.41,351.52,4593.00,11499.37,282.13,,0,100,39.00,-98,4415286,-432698.03,4,fused
91654,000000091654.jpg,640x480,0,0.269560,0,1,TN,yolov8l_bsz4.ms,112.50,118.75,231.25,0.500,Idle,4.83,7.41,351.52,4593.00,11499.37,282.13,,0,100,39.00,-98,4415286,-432698.03,4,fused
297396,000000297396.jpg,500x375,0,0.268845,0,1,TN,yolov8l_bsz4.ms,108.00,122.00,230.00,0.500,Idle,4.94,7.62,296.03,4649.00,11499.37,336.44,,0,100,39.00,-71,4415650,-313511.15,4,fused
507575,000000507575.jpg,640x480,0,0.268590,0,1,TN,yolov8l_bsz4.ms,108.00,122.00,230.00,0.500,Idle,4.94,7.62,296.03,4649.00,11499.37,336.44,,0,100,39.00,-71,4415650,-313511.15,4,fused
255664,000000255664.jpg,500x375,0,0.268541,0,1,TN,yolov8l_bsz4.ms,108.00,122.00,230.00,0.500,Idle,4.94,7.62,296.03,4649.00,11499.37,336.44,,0,100,39.00,-71,4415650,-313511.15,4,fused
269932,000000269932.jpg,375x500,0,0.268048,0,1,TN,yolov8l_bsz4.ms,108.00,122.00,230.00,0.500,Idle,4.94,7.62,296.03,4649.00,11499.37,336.44,,0,100,39.00,-71,4415650,-313511.15,4,fused
235057,000000235057.jpg,480x640,0,0.267949,0,1,TN,yolov8l_bsz4.ms,110.00,112.50,222.50,0.500,Idle,4.90,7.62,373.21,4571.00,11499.37,257.43,,0,100,39.00,-71,4415554,-313504.33,4,fused
560312,000000560312.jpg,640x425,0,0.267516,0,1,TN,yolov8l_bsz4.ms,110.00,112.50,222.50,0.500,Idle,4.90,7.62,373.21,4571.00,11499.37,257.43,,0,100,39.00,-71,4415554,-313504.33,4,fused
187513,000000187513.jpg,427x640,0,0.267264,0,1,TN,yolov8l_bsz4.ms,110.00,112.50,222.50,0.500,Idle,4.90,7.62,373.21,4571.00,11499.37,257.43,,0,100,39.00,-71,4415554,-313504.33,4,fused
123585,000000123585.jpg,480x640,0,0.267237,0,1,TN,yolov8l_bsz4.ms,110.00,112.50,222.50,0.500,Idle,4.90,7.62,373.21,4571.00,11499.37,257.43,,0,100,39.00,-71,4415554,-313504.33,4,fused
44260,000000044260.jpg,640x425,0,0.266953,0,1,TN,yolov8l_bsz4.ms,110.50,120.25,230.75,0.500,Idle,4.93,8.71,371.81,4573.00,11499.37,258.00,,0,100,39.00,-65,4415750,-287023.75,4,fused
7795,000000007795.jpg,640x427,0,0.266640,0,1,TN,yolov8l_bsz4.ms,110.50,120.25,230.75,0.500,Idle,4.93,8.71,371.81,4573.00,11499.37,258.00,,0,100,39.00,-65,4415750,-287023.75,4,fused
236784,000000236784.jpg,500x400,0,0.266523,0,1,TN,yolov8l_bsz4.ms,110.50,120.25,230.75,0.500,Idle,4.93,8.71,371.81,4573.00,11499.37,258.00,,0,100,39.00,-65,4415750,-287023.75,4,fused
256518,000000256518.jpg,640x426,0,0.266231,0,1,TN,yolov8l_bsz4.ms,110.50,120.25,230.75,0.500,Idle,4.93,8.71,371.81,4573.00,11499.37,258.00,,0,100,39.00,-65,4415750,-287023.75,4,fused
291664,000000291664.jpg,588x640,0,0.265918,0,1,TN,yolov8l_bsz4.ms,118.50,118.75,237.25,0.500,Idle,5.06,8.71,369.66,4578.00,11499.37,262.59,,0,100,39.00,-73,4415221,-322311.13,4,fused
482970,000000482970.jpg,640x360,0,0.265882,0,1,TN,yolov8l_bsz4.ms,118.50,118.75,237.25,0.500,Idle,5.06,8.71,369.66,4578.00,11499.37,262.59,,0,100,39.00,-73,4415221,-322311.13,4,fused
389566,000000389566.jpg,640x427,0,0.265543,0,1,TN,yolov8l_bsz4.ms,118.50,118.75,237.25,0.500,Idle,5.06,8.71,369.66,4578.00,11499.37,262.59,,0,100,39.00,-73,4415221,-322311.13,4,fused
523782,000000523782.jpg,640x480,0,0.265154,0,1,TN,yolov8l_bsz4.ms,118.50,118.75,237.25,0.500,Idle,5.06,8.71,369.66,4578.00,11499.37,262.59,,0,100,39.00,-73,4415221,-322311.13,4,fused
17207,000000017207.jpg,640x480,0,0.265068,1,0,FN,yolov8l_bsz4.ms,170.00,126.75,296.75,0.500,Idle,5.04,8.87,300.85,4647.00,11499.37,329.80,,0,100,39.00,-73,4415327,-322318.87,4,fused
333956,000000333956.jpg,428x640,0,0.264300,0,1,TN,yolov8l_bsz4.ms,170.00,126.75,296.75,0.500,Idle,5.04,8.87,300.85,4647.00,11499.37,329.80,,0,100,39.00,-73,4415327,-322318.87,4,fused
113867,000000113867.jpg,633x640,0,0.264126,0,1,TN,yolov8l_bsz4.ms,170.00,126.75,296.75,0.500,Idle,5.04,8.87,300.85,4647.00,11499.37,329.80,,0,100,39.00,-73,4415327,-322318.87,4,fused
533536,000000533536.jpg,640x480,0,0.263873,0,1,TN,yolov8l_bsz4.ms,170.00,126.75,296.75,0.500,Idle,5.04,8.87,300.85,4647.00,11499.37,329.80,,0,100,39.00,-73,4415327,-322318.87,4,fused
74209,000000074209.jpg,640x480,0,0.263658,0,1,TN,yolov8l_bsz4.ms,166.75,118.00,284.75,0.500,Idle,4.87,8.87,376.59,4579.00,11499.37,260.80,,0,100,39.00,-67,4415488,-295837.70,4,fused
382030,000000382030.jpg,500x375,0,0.262900,0,1,TN,yolov8l_bsz4.ms,166.75,118.00,284.75,0.500,Idle,4.87,8.87,376.59,4579.00,11499.37,260.80,,0,100,39.00,-67,4415488,-295837.70,4,fused
368982,000000368982.jpg,640x480,0,0.262825,0,1,TN,yolov8l_bsz4.ms,166.75,118.00,284.75,0.500,Idle,4.87,8.87,376.59,4579.00,11499.37,260.80,,0,100,39.00,-67,4415488,-295837.70,4,fused
226984,000000226984.jpg,640x427,0,0.261946,0,1,TN,yolov8l_bsz4.ms,166.75,118.00,284.75,0.500,Idle,4.87,8.87,376.59,4579.00,11499.37,260.80,,0,100,39.00,-67,4415488,-295837.70,4,fused
300155,000000300155.jpg,640x427,0,0.261943,0,1,TN,yolov8l_bsz4.ms,165.75,108.50,274.25,0.500,Idle,8.37,8.42,376.07,4585.00,11499.37,264.92,,0,100,39.00,-61,4415864,-269367.70,4,fused
297147,000000297147.jpg,640x480,0,0.261698,1,0,FN,yolov8l_bsz4.ms,165.75,108.50,274.25,0.500,Idle,8.37,8.42,376.07,4585.00,11499.37,264.92,,0,100,39.00,-61,4415864,-269367.70,4,fused
541664,000000541664.jpg,500x375,0,0.261518,0,1,TN,yolov8l_bsz4.ms,165.75,108.50,274.25,0.500,Idle,8.37,8.42,376.07,4585.00,11499.37,264.92,,0,100,39.00,-61,4415864,-269367.70,4,fused
196759,000000196759.jpg,640x480,0,0.261417,0,1,TN,yolov8l_bsz4.ms,165.75,108.50,274.25,0.500,Idle,8.37,8.42,376.07,4585.00,11499.37,264.92,,0,100,39.00,-61,4415864,-269367.70,4,fused
354829,000000354829.jpg,500x375,0,0.261015,0,1,TN,yolov8l_bsz4.ms,170.75,85.25,256.00,0.500,Idle,4.67,8.42,351.24,4609.00,11499.37,287.61,,0,100,39.00,-540,4400060,-2376032.40,4,fused
125245,000000125245.jpg,500x331,0,0.260978,0,1,TN,yolov8l_bsz4.ms,170.75,85.25,256.00,0.500,Idle,4.67,8.42,351.24,4609.00,11499.37,287.61,,0,100,39.00,-540,4400060,-2376032.40,4,fused
501368,000000501368.jpg,375x500,0,0.260677,1,0,FN,yolov8l_bsz4.ms,170.75,85.25,256.00,0.500,Idle,4.67,8.42,351.24,4609.00,11499.37,287.61,,0,100,39.00,-540,4400060,-2376032.40,4,fused
347930,000000347930.jpg,640x480,0,0.260672,0,1,TN,yolov8l_bsz4.ms,170.75,85.25,256.00,0.500,Idle,4.67,8.42,351.24,4609.00,11499.37,287.61,,0,100,39.00,-540,4400060,-2376032.40,4,fused
385997,000000385997.jpg,640x480,0,0.260565,0,1,TN,yolov8l_bsz4.ms,169.75,90.75,260.50,0.500,Idle,4.23,12.52,302.44,4657.00,11499.37,334.75,,0,100,39.00,-114,4414072,-503204.21,4,fused
112798,000000112798.jpg,640x359,0,0.260378,0,1,TN,yolov8l_bsz4.ms,169.75,90.75,260.50,0.500,Idle,4.23,12.52,302.44,4657.00,11499.37,334.75,,0,100,39.00,-114,4414072,-503204.21,4,fused
39956,000000039956.jpg,640x427,0,0.260170,0,1,TN,yolov8l_bsz4.ms,169.75,90.75,260.50,0.500,Idle,4.23,12.52,302.44,4657.00,11499.37,334.75,,0,100,39.00,-114,4414072,-503204.21,4,fused
47769,000000047769.jpg,500x375,0,0.260116,0,1,TN,yolov8l_bsz4.ms,169.75,90.75,260.50,0.500,Idle,4.23,12.52,302.44,4657.00,11499.37,334.75,,0,100,39.00,-114,4414072,-503204.21,4,fused
15079,000000015079.jpg,640x424,0,0.259733,0,1,TN,yolov8l_bsz4.ms,171.50,88.50,260.00,0.500,Idle,4.06,12.52,374.38,4584.00,11499.37,260.88,,0,100,39.00,-456,4402227,-2007415.51,4,fused
485424,000000485424.jpg,640x480,0,0.259544,0,1,TN,yolov8l_bsz4.ms,171.50,88.50,260.00,0.500,Idle,4.06,12.52,374.38,4584.00,11499.37,260.88,,0,100,39.00,-456,4402227,-2007415.51,4,fused
544565,000000544565.jpg,640x640,0,0.259216,0,1,TN,yolov8l_bsz4.ms,171.50,88.50,260.00,0.500,Idle,4.06,12.52,374.38,4584.00,11499.37,260.88,,0,100,39.00,-456,4402227,-2007415.51,4,fused
397351,000000397351.jpg,640x426,0,0.259002,1,0,FN,yolov8l_bsz4.ms,171.50,88.50,260.00,0.500,Idle,4.06,12.52,374.38,4584.00,11499.37,260.88,,0,100,39.00,-456,4402227,-2007415.51,4,fused
284623,000000284623.jpg,640x480,0,0.258545,0,1,TN,yolov8l_bsz4.ms,170.25,103.25,273.50,0.500,Idle,3.99,12.11,316.17,4641.00,11499.37,316.70,,0,100,39.00,-152,4412588,-670713.38,4,fused
226592,000000226592.jpg,640x480,0,0.257788,0,1,TN,yolov8l_bsz4.ms,170.25,103.25,273.50,0.500,Idle,3.99,12.11,316.17,4641.00,11499.37,316.70,,0,100,39.00,-152,4412588,-670713.38,4,fused
60835,000000060835.jpg,640x480,0,0.256959,0,1,TN,yolov8l_bsz4.ms,170.25,103.25,273.50,0.500,Idle,3.99,12.11,316.17,4641.00,11499.37,316.70,,0,100,39.00,-152,4412588,-670713.38,4,fused
65074,000000065074.jpg,424x640,0,0.256784,0,1,TN,yolov8l_bsz4.ms,170.25,103.25,273.50,0.500,Idle,3.99,12.11,316.17,4641.00,11499.37,316.70,,0,100,39.00,-152,4412588,-670713.38,4,fused
527784,000000527784.jpg,640x512,0,0.256691,0,1,TN,yolov8l_bsz4.ms,169.75,108.25,278.00,0.500,Idle,4.01,12.11,394.16,4563.00,11499.37,236.89,,0,100,39.00,-117,4413615,-516392.96,4,fused
184321,000000184321.jpg,640x480,0,0.256205,0,1,TN,yolov8l_bsz4.ms,169.75,108.25,278.00,0.500,Idle,4.01,12.11,394.16,4563.00,11499.37,236.89,,0,100,39.00,-117,4413615,-516392.96,4,fused
405972,000000405972.jpg,640x426,0,0.255923,0,1,TN,yolov8l_bsz4.ms,169.75,108.25,278.00,0.500,Idle,4.01,12.11,394.16,4563.00,11499.37,236.89,,0,100,39.00,-117,4413615,-516392.96,4,fused
307145,000000307145.jpg,396x297,0,0.255731,0,1,TN,yolov8l_bsz4.ms,169.75,108.25,278.00,0.500,Idle,4.01,12.11,394.16,4563.00,11499.37,236.89,,0,100,39.00,-117,4413615,-516392.96,4,fused
575205,000000575205.jpg,640x427,0,0.255539,0,1,TN,yolov8l_bsz4.ms,167.50,127.75,295.25,0.500,Idle,4.10,10.78,355.65,4602.00,11499.37,277.21,,0,100,39.00,-69,4415424,-304664.26,4,fused
167540,000000167540.jpg,640x427,0,0.255220,0,1,TN,yolov8l_bsz4.ms,167.50,127.75,295.25,0.500,Idle,4.10,10.78,355.65,4602.00,11499.37,277.21,,0,100,39.00,-69,4415424,-304664.26,4,fused
306733,000000306733.jpg,640x426,0,0.254733,0,1,TN,yolov8l_bsz4.ms,167.50,127.75,295.25,0.500,Idle,4.10,10.78,355.65,4602.00,11499.37,277.21,,0,100,39.00,-69,4415424,-304664.26,4,fused
222455,000000222455.jpg,612x612,0,0.254712,0,1,TN,yolov8l_bsz4.ms,167.50,127.75,295.25,0.500,Idle,4.10,10.78,355.65,4602.00,11499.37,277.21,,0,100,39.00,-69,4415424,-304664.26,4,fused
134882,000000134882.jpg,640x639,0,0.254535,0,1,TN,yolov8l_bsz4.ms,167.75,142.50,310.25,0.500,Idle,4.13,10.78,433.57,4524.00,11499.37,197.60,,0,100,39.00,-61,4415650,-269354.65,4,fused
322829,000000322829.jpg,640x427,0,0.253936,0,1,TN,yolov8l_bsz4.ms,167.75,142.50,310.25,0.500,Idle,4.13,10.78,433.57,4524.00,11499.37,197.60,,0,100,39.00,-61,4415650,-269354.65,4,fused
525286,000000525286.jpg,640x640,0,0.253905,0,1,TN,yolov8l_bsz4.ms,167.75,142.50,310.25,0.500,Idle,4.13,10.78,433.57,4524.00,11499.37,197.60,,0,100,39.00,-61,4415650,-269354.65,4,fused
262048,000000262048.jpg,612x612,0,0.253706,1,0,FN,yolov8l_bsz4.ms,167.75,142.50,310.25,0.500,Idle,4.13,10.78,433.57,4524.00,11499.37,197.60,,0,100,39.00,-61,4415650,-269354.65,4,fused
537672,000000537672.jpg,427x640,0,0.253628,0,1,TN,yolov8l_bsz4.ms,160.75,109.00,269.75,0.500,Idle,4.17,10.04,353.41,4605.00,11499.37,279.70,,0,100,39.00,-66,4415647,-291432.70,4,fused
217957,000000217957.jpg,480x640,0,0.253423,0,1,TN,yolov8l_bsz4.ms,160.75,109.00,269.75,0.500,Idle,4.17,10.04,353.41,4605.00,11499.37,279.70,,0,100,39.00,-66,4415647,-291432.70,4,fused
320554,000000320554.jpg,500x375,0,0.253318,0,1,TN,yolov8l_bsz4.ms,160.75,109.00,269.75,0.500,Idle,4.17,10.04,353.41,4605.00,11499.37,279.70,,0,100,39.00,-66,4415647,-291432.70,4,fused
151516,000000151516.jpg,640x427,0,0.253052,0,1,TN,yolov8l_bsz4.ms,160.75,109.00,269.75,0.500,Idle,4.17,10.04,353.41,4605.00,11499.37,279.70,,0,100,39.00,-66,4415647,-291432.70,4,fused
113051,000000113051.jpg,640x480,0,0.252994,0,1,TN,yolov8l_bsz4.ms,163.50,124.00,287.50,0.500,Idle,6.40,10.04,430.69,4527.00,11499.37,200.78,,0,100,39.00,-61,4415789,-269363.13,4,fused
263796,000000263796.jpg,480x640,0,0.252964,0,1,TN,yolov8l_bsz4.ms,163.50,124.00,287.50,0.500,Idle,6.40,10.04,430.69,4527.00,11499.37,200.78,,0,100,39.00,-61,4415789,-269363.13,4,fused
477441,000000477441.jpg,640x480,0,0.251974,1,0,FN,yolov8l_bsz4.ms,163.50,124.00,287.50,0.500,Idle,6.40,10.04,430.69,4527.00,11499.37,200.78,,0,100,39.00,-61,4415789,-269363.13,4,fused
153568,000000153568.jpg,500x400,0,0.251847,0,1,TN,yolov8l_bsz4.ms,163.50,124.00,287.50,0.500,Idle,6.40,10.04,430.69,4527.00,11499.37,200.78,,0,100,39.00,-61,4415789,-269363.13,4,fused
213935,000000213935.jpg,640x425,0,0.251719,0,1,TN,yolov8l_bsz4.ms,163.50,119.00,282.50,0.500,Idle,5.25,8.55,374.84,4583.00,11499.37,254.25,,0,100,39.00,-60,4415901,-264954.06,4,fused
316015,000000316015.jpg,500x400,0,0.251698,0,1,TN,yolov8l_bsz4.ms,163.50,119.00,282.50,0.500,Idle,5.25,8.55,374.84,4583.00,11499.37,254.25,,0,100,39.00,-60,4415901,-264954.06,4,fused
344816,000000344816.jpg,640x427,0,0.251532,0,1,TN,yolov8l_bsz4.ms,163.50,119.00,282.50,0.500,Idle,5.25,8.55,374.84,4583.00,11499.37,254.25,,0,100,39.00,-60,4415901,-264954.06,4,fused
233567,000000233567.jpg,480x640,0,0.251307,0,1,TN,yolov8l_bsz4.ms,163.50,119.00,282.50,0.500,Idle,5.25,8.55,374.84,4583.00,11499.37,254.25,,0,100,39.00,-60,4415901,-264954.06,4,fused
530624,000000530624.jpg,640x478,0,0.251305,0,1,TN,yolov8l_bsz4.ms,163.50,114.75,278.25,0.500,Idle,4.82,8.55,294.76,4663.00,11499.37,332.86,,0,100,39.00,-68,4415735,-300269.98,4,fused
197528,000000197528.jpg,480x640,0,0.251014,0,1,TN,yolov8l_bsz4.ms,163.50,114.75,278.25,0.500,Idle,4.82,8.55,294.76,4663.00,11499.37,332.86,,0,100,39.00,-68,4415735,-300269.98,4,fused
161642,000000161642.jpg,480x640,0,0.250423,0,1,TN,yolov8l_bsz4.ms,163.50,114.75,278.25,0.500,Idle,4.82,8.55,294.76,4663.00,11499.37,332.86,,0,100,39.00,-68,4415735,-300269.98,4,fused
15440,000000015440.jpg,404x640,0,0.250364,0,1,TN,yolov8l_bsz4.ms,163.50,114.75,278.25,0.500,Idle,4.82,8.55,294.76,4663.00,11499.37,332.86,,0,100,39.00,-68,4415735,-300269.98,4,fused
8762,000000008762.jpg,640x427,0,0.250354,0,1,TN,yolov8l_bsz4.ms,164.00,117.00,281.00,0.500,Idle,4.52,8.95,374.43,4549.00,11499.37,217.49,,0,100,39.00,-64,4415759,-282608.58,4,fused
195165,000000195165.jpg,640x478,0,0.250296,0,1,TN,yolov8l_bsz4.ms,164.00,117.00,281.00,0.500,Idle,4.52,8.95,374.43,4549.00,11499.37,217.49,,0,100,39.00,-64,4415759,-282608.58,4,fused
307598,000000307598.jpg,640x426,0,0.250014,0,1,TN,yolov8l_bsz4.ms,164.00,117.00,281.00,0.500,Idle,4.52,8.95,374.43,4549.00,11499.37,217.49,,0,100,39.00,-64,4415759,-282608.58,4,fused
197870,000000197870.jpg,640x425,0,0.249966,1,0,FN,yolov8l_bsz4.ms,164.00,117.00,281.00,0.500,Idle,4.52,8.95,374.43,4549.00,11499.37,217.49,,0,100,39.00,-64,4415759,-282608.58,4,fused
530099,000000530099.jpg,500x375,0,0.249029,0,1,TN,yolov8l_bsz4.ms,167.75,114.50,282.25,0.500,Idle,4.49,8.95,373.05,4545.00,11499.37,212.61,,0,100,39.00,-65,4415856,-287030.64,4,fused
163290,000000163290.jpg,480x640,0,0.248801,0,1,TN,yolov8l_bsz4.ms,167.75,114.50,282.25,0.500,Idle,4.49,8.95,373.05,4545.00,11499.37,212.61,,0,100,39.00,-65,4415856,-287030.64,4,fused
567825,000000567825.jpg,427x640,0,0.248618,0,1,TN,yolov8l_bsz4.ms,167.75,114.50,282.25,0.500,Idle,4.49,8.95,373.05,4545.00,11499.37,212.61,,0,100,39.00,-65,4415856,-287030.64,4,fused
131131,000000131131.jpg,640x480,0,0.248454,0,1,TN,yolov8l_bsz4.ms,167.75,114.50,282.25,0.500,Idle,4.49,8.95,373.05,4545.00,11499.37,212.61,,0,100,39.00,-65,4415856,-287030.64,4,fused
564280,000000564280.jpg,640x425,0,0.248344,0,1,TN,yolov8l_bsz4.ms,162.50,123.25,285.75,0.500,Idle,4.45,11.71,351.90,4584.00,11499.37,250.28,,0,100,39.00,-63,4415763,-278193.07,4,fused
80057,000000080057.jpg,423x640,0,0.248111,0,1,TN,yolov8l_bsz4.ms,162.50,123.25,285.75,0.500,Idle,4.45,11.71,351.90,4584.00,11499.37,250.28,,0,100,39.00,-63,4415763,-278193.07,4,fused
335954,000000335954.jpg,612x612,0,0.247404,0,1,TN,yolov8l_bsz4.ms,162.50,123.25,285.75,0.500,Idle,4.45,11.71,351.90,4584.00,11499.37,250.28,,0,100,39.00,-63,4415763,-278193.07,4,fused
379842,000000379842.jpg,640x360,0,0.247081,0,1,TN,yolov8l_bsz4.ms,162.50,123.25,285.75,0.500,Idle,4.45,11.71,351.90,4584.00,11499.37,250.28,,0,100,39.00,-63,4415763,-278193.07,4,fused
181859,000000181859.jpg,426x640,0,0.246910,0,1,TN,yolov8l_bsz4.ms,161.75,114.75,276.50,0.500,Idle,4.45,11.71,297.40,4651.00,11499.37,315.95,,0,100,39.00,-58,4415996,-256127.77,4,fused
104619,000000104619.jpg,640x480,0,0.246356,0,1,TN,yolov8l_bsz4.ms,161.75,114.75,276.50,0.500,Idle,4.45,11.71,297.40,4651.00,11499.37,315.95,,0,100,39.00,-58,4415996,-256127.77,4,fused
571893,000000571893.jpg,640x428,0,0.246123,0,1,TN,yolov8l_bsz4.ms,161.75,114.75,276.50,0.500,Idle,4.45,11.71,297.40,4651.00,11499.37,315.95,,0,100,39.00,-58,4415996,-256127.77,4,fused
249550,000000249550.jpg,415x625,0,0.245880,0,1,TN,yolov8l_bsz4.ms,161.75,114.75,276.50,0.500,Idle,4.45,11.71,297.40,4651.00,11499.37,315.95,,0,100,39.00,-58,4415996,-256127.77,4,fused
489046,000000489046.jpg,640x427,0,0.245639,0,1,TN,yolov8l_bsz4.ms,164.00,111.00,275.00,0.500,Idle,4.37,10.71,375.12,4579.00,11499.37,242.02,,0,100,39.00,-67,4415605,-295845.53,4,fused
278006,000000278006.jpg,640x427,0,0.245600,0,1,TN,yolov8l_bsz4.ms,164.00,111.00,275.00,0.500,Idle,4.37,10.71,375.12,4579.00,11499.37,242.02,,0,100,39.00,-67,4415605,-295845.53,4,fused
189436,000000189436.jpg,480x640,0,0.245521,0,1,TN,yolov8l_bsz4.ms,164.00,111.00,275.00,0.500,Idle,4.37,10.71,375.12,4579.00,11499.37,242.02,,0,100,39.00,-67,4415605,-295845.53,4,fused
228771,000000228771.jpg,640x427,0,0.245253,0,1,TN,yolov8l_bsz4.ms,164.00,111.00,275.00,0.500,Idle,4.37,10.71,375.12,4579.00,11499.37,242.02,,0,100,39.00,-67,4415605,-295845.53,4,fused
502599,000000502599.jpg,640x426,0,0.244130,0,1,TN,yolov8l_bsz4.ms,162.50,107.25,269.75,0.500,Idle,4.34,10.71,372.16,4581.00,11499.37,243.46,,0,100,39.00,-65,4415876,-287031.94,4,fused
147725,000000147725.jpg,640x393,0,0.243627,1,0,FN,yolov8l_bsz4.ms,162.50,107.25,269.75,0.500,Idle,4.34,10.71,372.16,4581.00,11499.37,243.46,,0,100,39.00,-65,4415876,-287031.94,4,fused
486573,000000486573.jpg,480x640,0,0.243376,0,1,TN,yolov8l_bsz4.ms,162.50,107.25,269.75,0.500,Idle,4.34,10.71,372.16,4581.00,11499.37,243.46,,0,100,39.00,-65,4415876,-287031.94,4,fused
35326,000000035326.jpg,640x480,0,0.243308,0,1,TN,yolov8l_bsz4.ms,162.50,107.25,269.75,0.500,Idle,4.34,10.71,372.16,4581.00,11499.37,243.46,,0,100,39.00,-65,4415876,-287031.94,4,fused
549674,000000549674.jpg,640x480,0,0.243197,0,1,TN,yolov8l_bsz4.ms,161.50,123.00,284.50,0.500,Idle,4.16,4.29,351.85,4601.00,11499.37,262.09,,0,100,39.00,-59,4416025,-260545.48,4,fused
478286,000000478286.jpg,640x480,0,0.243191,0,1,TN,yolov8l_bsz4.ms,161.50,123.00,284.50,0.500,Idle,4.16,4.29,351.85,4601.00,11499.37,262.09,,0,100,39.00,-59,4416025,-260545.48,4,fused
494863,000000494863.jpg,640x480,0,0.242930,0,1,TN,yolov8l_bsz4.ms,161.50,123.00,284.50,0.500,Idle,4.16,4.29,351.85,4601.00,11499.37,262.09,,0,100,39.00,-59,4416025,-260545.48,4,fused
267933,000000267933.jpg,500x328,0,0.242723,0,1,TN,yolov8l_bsz4.ms,161.50,123.00,284.50,0.500,Idle,4.16,4.29,351.85,4601.00,11499.37,262.09,,0,100,39.00,-59,4416025,-260545.48,4,fused
164969,000000164969.jpg,640x428,0,0.242641,0,1,TN,yolov8l_bsz4.ms,157.00,123.75,280.75,0.500,Idle,4.21,4.29,297.93,4655.00,11499.37,314.67,,0,100,39.00,-59,4416090,-260549.31,4,fused
327780,000000327780.jpg,640x480,0,0.242550,0,1,TN,yolov8l_bsz4.ms,157.00,123.75,280.75,0.500,Idle,4.21,4.29,297.93,4655.00,11499.37,314.67,,0,100,39.00,-59,4416090,-260549.31,4,fused
557884,000000557884.jpg,480x640,0,0.242461,0,1,TN,yolov8l_bsz4.ms,157.00,123.75,280.75,0.500,Idle,4.21,4.29,297.93,4655.00,11499.37,314.67,,0,100,39.00,-59,4416090,-260549.31,4,fused
213816,000000213816.jpg,640x480,0,0.242456,0,1,TN,yolov8l_bsz4.ms,157.00,123.75,280.75,0.500,Idle,4.21,4.29,297.93,4655.00,11499.37,314.67,,0,100,39.00,-59,4416090,-260549.31,4,fused
156278,000000156278.jpg,640x425,0,0.242150,0,1,TN,yolov8l_bsz4.ms,160.00,108.75,268.75,0.500,Idle,4.14,7.16,374.17,4578.00,11499.37,236.66,,0,100,39.00,-116,4414090,-512034.44,4,fused
7888,000000007888.jpg,638x640,0,0.242074,0,1,TN,yolov8l_bsz4.ms,160.00,108.75,268.75,0.500,Idle,4.14,7.16,374.17,4578.00,11499.37,236.66,,0,100,39.00,-116,4414090,-512034.44,4,fused
495448,000000495448.jpg,480x640,0,0.241999,0,1,TN,yolov8l_bsz4.ms,160.00,108.75,268.75,0.500,Idle,4.14,7.16,374.17,4578.00,11499.37,236.66,,0,100,39.00,-116,4414090,-512034.44,4,fused
450439,000000450439.jpg,500x234,0,0.241941,0,1,TN,yolov8l_bsz4.ms,160.00,108.75,268.75,0.500,Idle,4.14,7.16,374.17,4578.00,11499.37,236.66,,0,100,39.00,-116,4414090,-512034.44,4,fused
349678,000000349678.jpg,427x640,0,0.241771,0,1,TN,yolov8l_bsz4.ms,159.25,117.75,277.00,0.500,Idle,4.21,7.16,374.69,4577.00,11499.37,234.52,,0,100,39.00,-59,4415995,-260543.70,4,fused
482719,000000482719.jpg,640x480,0,0.241541,0,1,TN,yolov8l_bsz4.ms,159.25,117.75,277.00,0.500,Idle,4.21,7.16,374.69,4577.00,11499.37,234.52,,0,100,39.00,-59,4415995,-260543.70,4,fused
180878,000000180878.jpg,640x427,0,0.241537,0,1,TN,yolov8l_bsz4.ms,159.25,117.75,277.00,0.500,Idle,4.21,7.16,374.69,4577.00,11499.37,234.52,,0,100,39.00,-59,4415995,-260543.70,4,fused
271471,000000271471.jpg,640x428,0,0.241280,1,0,FN,yolov8l_bsz4.ms,159.25,117.75,277.00,0.500,Idle,4.21,7.16,374.69,4577.00,11499.37,234.52,,0,100,39.00,-59,4415995,-260543.70,4,fused
84362,000000084362.jpg,640x480,0,0.240415,1,0,FN,yolov8l_bsz4.ms,160.75,120.75,281.50,0.500,Idle,4.25,7.58,352.03,4600.00,11499.37,255.39,,0,100,39.00,-59,4416046,-260546.71,4,fused
236914,000000236914.jpg,640x449,0,0.240387,0,1,TN,yolov8l_bsz4.ms,160.75,120.75,281.50,0.500,Idle,4.25,7.58,352.03,4600.00,11499.37,255.39,,0,100,39.00,-59,4416046,-260546.71,4,fused
318908,000000318908.jpg,500x333,0,0.240186,0,1,TN,yolov8l_bsz4.ms,160.75,120.75,281.50,0.500,Idle,4.25,7.58,352.03,4600.00,11499.37,255.39,,0,100,39.00,-59,4416046,-260546.71,4,fused
370478,000000370478.jpg,640x480,0,0.240112,0,1,TN,yolov8l_bsz4.ms,160.75,120.75,281.50,0.500,Idle,4.25,7.58,352.03,4600.00,11499.37,255.39,,0,100,39.00,-59,4416046,-260546.71,4,fused
472046,000000472046.jpg,640x425,0,0.239897,0,1,TN,yolov8l_bsz4.ms,160.00,113.50,273.50,0.500,Idle,4.25,7.58,310.90,4641.00,11499.37,295.20,,0,100,39.00,-68,4415776,-300272.77,4,fused
225757,000000225757.jpg,500x367,0,0.239665,0,1,TN,yolov8l_bsz4.ms,160.00,113.50,273.50,0.500,Idle,4.25,7.58,310.90,4641.00,11499.37,295.20,,0,100,39.00,-68,4415776,-300272.77,4,fused
320664,000000320664.jpg,640x480,0,0.239260,0,1,TN,yolov8l_bsz4.ms,160.00,113.50,273.50,0.500,Idle,4.25,7.58,310.90,4641.00,11499.37,295.20,,0,100,39.00,-68,4415776,-300272.77,4,fused
469652,000000469652.jpg,640x439,0,0.238450,0,1,TN,yolov8l_bsz4.ms,160.00,113.50,273.50,0.500,Idle,4.25,7.58,310.90,4641.00,11499.37,295.20,,0,100,39.00,-68,4415776,-300272.77,4,fused
251537,000000251537.jpg,640x640,0,0.238279,0,1,TN,yolov8l_bsz4.ms,153.75,120.75,274.50,0.500,Idle,4.23,7.68,377.39,4574.00,11499.37,226.77,,0,100,39.00,-64,4415953,-282620.99,4,fused
424545,000000424545.jpg,500x375,0,0.238139,0,1,TN,yolov8l_bsz4.ms,153.75,120.75,274.50,0.500,Idle,4.23,7.68,377.39,4574.00,11499.37,226.77,,0,100,39.00,-64,4415953,-282620.99,4,fused
17115,000000017115.jpg,443x640,0,0.237772,0,1,TN,yolov8l_bsz4.ms,153.75,120.75,274.50,0.500,Idle,4.23,7.68,377.39,4574.00,11499.37,226.77,,0,100,39.00,-64,4415953,-282620.99,4,fused
46804,000000046804.jpg,640x480,0,0.237707,0,1,TN,yolov8l_bsz4.ms,153.75,120.75,274.50,0.500,Idle,4.23,7.68,377.39,4574.00,11499.37,226.77,,0,100,39.00,-64,4415953,-282620.99,4,fused
503823,000000503823.jpg,500x333,0,0.237631,0,1,TN,yolov8l_bsz4.ms,162.75,102.75,265.50,0.500,Idle,4.23,7.68,369.68,4582.00,11499.37,233.09,,0,100,39.00,-64,4415874,-282615.94,4,fused
514914,000000514914.jpg,640x366,0,0.237441,0,1,TN,yolov8l_bsz4.ms,162.75,102.75,265.50,0.500,Idle,4.23,7.68,369.68,4582.00,11499.37,233.09,,0,100,39.00,-64,4415874,-282615.94,4,fused
134096,000000134096.jpg,640x480,0,0.237201,0,1,TN,yolov8l_bsz4.ms,162.75,102.75,265.50,0.500,Idle,4.23,7.68,369.68,4582.00,11499.37,233.09,,0,100,39.00,-64,4415874,-282615.94,4,fused
456865,000000456865.jpg,640x427,0,0.236878,0,1,TN,yolov8l_bsz4.ms,162.75,102.75,265.50,0.500,Idle,4.23,7.68,369.68,4582.00,11499.37,233.09,,0,100,39.00,-64,4415874,-282615.94,4,fused
271457,000000271457.jpg,500x333,0,0.236858,0,1,TN,yolov8l_bsz4.ms,162.00,118.00,280.00,0.500,Idle,7.99,7.67,350.95,4601.00,11499.37,254.16,,0,100,39.00,-65,4415846,-287029.99,4,fused
217948,000000217948.jpg,640x425,0,0.236182,0,1,TN,yolov8l_bsz4.ms,162.00,118.00,280.00,0.500,Idle,7.99,7.67,350.95,4601.00,11499.37,254.16,,0,100,39.00,-65,4415846,-287029.99,4,fused
355905,000000355905.jpg,640x480,0,0.234868,0,1,TN,yolov8l_bsz4.ms,162.00,118.00,280.00,0.500,Idle,7.99,7.67,350.95,4601.00,11499.37,254.16,,0,100,39.00,-65,4415846,-287029.99,4,fused
528314,000000528314.jpg,423x640,0,0.234472,1,0,FN,yolov8l_bsz4.ms,162.00,118.00,280.00,0.500,Idle,7.99,7.67,350.95,4601.00,11499.37,254.16,,0,100,39.00,-65,4415846,-287029.99,4,fused
54592,000000054592.jpg,640x418,0,0.234409,1,0,FN,yolov8l_bsz4.ms,155.00,116.25,271.25,0.500,Idle,5.19,7.67,297.04,4656.00,11499.37,307.14,,0,100,39.00,-62,4415983,-273790.95,4,fused
390555,000000390555.jpg,640x435,0,0.233928,1,0,FN,yolov8l_bsz4.ms,155.00,116.25,271.25,0.500,Idle,5.19,7.67,297.04,4656.00,11499.37,307.14,,0,100,39.00,-62,4415983,-273790.95,4,fused
167240,000000167240.jpg,640x427,0,0.233784,0,1,TN,yolov8l_bsz4.ms,155.00,116.25,271.25,0.500,Idle,5.19,7.67,297.04,4656.00,11499.37,307.14,,0,100,39.00,-62,4415983,-273790.95,4,fused
356261,000000356261.jpg,640x480,0,0.233609,0,1,TN,yolov8l_bsz4.ms,155.00,116.25,271.25,0.500,Idle,5.19,7.67,297.04,4656.00,11499.37,307.14,,0,100,39.00,-62,4415983,-273790.95,4,fused
99054,000000099054.jpg,427x640,0,0.233539,1,0,FN,yolov8l_bsz4.ms,160.00,119.50,279.50,0.500,Idle,4.77,7.02,374.70,4577.00,11499.37,227.22,,0,100,39.00,-58,4416116,-256134.73,4,fused
211042,000000211042.jpg,458x640,0,0.233099,0,1,TN,yolov8l_bsz4.ms,160.00,119.50,279.50,0.500,Idle,4.77,7.02,374.70,4577.00,11499.37,227.22,,0,100,39.00,-58,4416116,-256134.73,4,fused
417465,000000417465.jpg,640x425,0,0.232898,0,1,TN,yolov8l_bsz4.ms,160.00,119.50,279.50,0.500,Idle,4.77,7.02,374.70,4577.00,11499.37,227.22,,0,100,39.00,-58,4416116,-256134.73,4,fused
404568,000000404568.jpg,640x480,0,0.232480,0,1,TN,yolov8l_bsz4.ms,160.00,119.50,279.50,0.500,Idle,4.77,7.02,374.70,4577.00,11499.37,227.22,,0,100,39.00,-58,4416116,-256134.73,4,fused
316666,000000316666.jpg,640x480,0,0.232082,0,1,TN,yolov8l_bsz4.ms,158.25,120.00,278.25,0.500,Idle,4.61,7.02,373.86,4578.00,11499.37,226.58,,0,100,39.00,-66,4415876,-291447.82,4,fused
93154,000000093154.jpg,427x640,0,0.231986,0,1,TN,yolov8l_bsz4.ms,158.25,120.00,278.25,0.500,Idle,4.61,7.02,373.86,4578.00,11499.37,226.58,,0,100,39.00,-66,4415876,-291447.82,4,fused
491683,000000491683.jpg,366x500,0,0.231702,0,1,TN,yolov8l_bsz4.ms,158.25,120.00,278.25,0.500,Idle,4.61,7.02,373.86,4578.00,11499.37,226.58,,0,100,39.00,-66,4415876,-291447.82,4,fused
496954,000000496954.jpg,640x480,0,0.231672,0,1,TN,yolov8l_bsz4.ms,158.25,120.00,278.25,0.500,Idle,4.61,7.02,373.86,4578.00,11499.37,226.58,,0,100,39.00,-66,4415876,-291447.82,4,fused
484029,000000484029.jpg,480x640,0,0.230659,0,1,TN,yolov8l_bsz4.ms,163.25,111.50,274.75,0.500,Idle,4.60,7.61,351.45,4604.00,11499.37,255.50,,0,100,39.00,-66,4415869,-291447.35,4,fused
290843,000000290843.jpg,428x640,0,0.230531,1,0,FN,yolov8l_bsz4.ms,163.25,111.50,274.75,0.500,Idle,4.60,7.61,351.45,4604.00,11499.37,255.50,,0,100,39.00,-66,4415869,-291447.35,4,fused
162130,000000162130.jpg,640x480,0,0.229920,0,1,TN,yolov8l_bsz4.ms,163.25,111.50,274.75,0.500,Idle,4.60,7.61,351.45,4604.00,11499.37,255.50,,0,100,39.00,-66,4415869,-291447.35,4,fused
32811,000000032811.jpg,375x500,0,0.229805,0,1,TN,yolov8l_bsz4.ms,163.25,111.50,274.75,0.500,Idle,4.60,7.61,351.45,4604.00,11499.37,255.50,,0,100,39.00,-66,4415869,-291447.35,4,fused
570782,000000570782.jpg,640x427,0,0.229595,0,1,TN,yolov8l_bsz4.ms,156.50,118.25,274.75,0.500,Idle,4.53,7.61,296.66,4658.00,11499.37,308.44,,0,100,39.00,-64,4415963,-282621.63,4,fused
357459,000000357459.jpg,640x427,0,0.229527,1,0,FN,yolov8l_bsz4.ms,156.50,118.25,274.75,0.500,Idle,4.53,7.61,296.66,4658.00,11499.37,308.44,,0,100,39.00,-64,4415963,-282621.63,4,fused
353970,000000353970.jpg,640x426,0,0.229476,0,1,TN,yolov8l_bsz4.ms,156.50,118.25,274.75,0.500,Idle,4.53,7.61,296.66,4658.00,11499.37,308.44,,0,100,39.00,-64,4415963,-282621.63,4,fused
539143,000000539143.jpg,640x458,0,0.229086,0,1,TN,yolov8l_bsz4.ms,156.50,118.25,274.75,0.500,Idle,4.53,7.61,296.66,4658.00,11499.37,308.44,,0,100,39.00,-64,4415963,-282621.63,4,fused
272049,000000272049.jpg,640x427,0,0.227820,0,1,TN,yolov8l_bsz4.ms,162.75,96.00,258.75,0.500,Idle,4.41,7.75,374.29,4580.00,11499.37,228.90,,0,100,39.00,-69,4415850,-304693.65,4,fused
565989,000000565989.jpg,480x640,0,0.227115,0,1,TN,yolov8l_bsz4.ms,162.75,96.00,258.75,0.500,Idle,4.41,7.75,374.29,4580.00,11499.37,228.90,,0,100,39.00,-69,4415850,-304693.65,4,fused
186637,000000186637.jpg,640x425,0,0.227098,0,1,TN,yolov8l_bsz4.ms,162.75,96.00,258.75,0.500,Idle,4.41,7.75,374.29,4580.00,11499.37,228.90,,0,100,39.00,-69,4415850,-304693.65,4,fused
157847,000000157847.jpg,640x385,0,0.227060,0,1,TN,yolov8l_bsz4.ms,162.75,96.00,258.75,0.500,Idle,4.41,7.75,374.29,4580.00,11499.37,228.90,,0,100,39.00,-69,4415850,-304693.65,4,fused
165500,000000165500.jpg,640x480,0,0.227020,0,1,TN,yolov8l_bsz4.ms,162.00,116.50,278.50,0.500,Idle,4.40,7.75,373.05,4581.00,11499.37,228.40,,0,100,39.00,-63,4415963,-278205.67,4,fused
260925,000000260925.jpg,640x480,0,0.226940,1,0,FN,yolov8l_bsz4.ms,162.00,116.50,278.50,0.500,Idle,4.40,7.75,373.05,4581.00,11499.37,228.40,,0,100,39.00,-63,4415963,-278205.67,4,fused
402519,000000402519.jpg,640x427,0,0.226515,0,1,TN,yolov8l_bsz4.ms,162.00,116.50,278.50,0.500,Idle,4.40,7.75,373.05,4581.00,11499.37,228.40,,0,100,39.00,-63,4415963,-278205.67,4,fused
347370,000000347370.jpg,500x375,0,0.226409,1,0,FN,yolov8l_bsz4.ms,162.00,116.50,278.50,0.500,Idle,4.40,7.75,373.05,4581.00,11499.37,228.40,,0,100,39.00,-63,4415963,-278205.67,4,fused
441491,000000441491.jpg,640x480,0,0.226353,1,0,FN,yolov8l_bsz4.ms,157.00,115.50,272.50,0.500,Idle,4.38,7.99,353.73,4599.00,11499.37,245.64,,0,100,39.00,-63,4416075,-278212.72,4,fused
166287,000000166287.jpg,640x480,0,0.226299,0,1,TN,yolov8l_bsz4.ms,157.00,115.50,272.50,0.500,Idle,4.38,7.99,353.73,4599.00,11499.37,245.64,,0,100,39.00,-63,4416075,-278212.72,4,fused
492992,000000492992.jpg,427x640,0,0.225426,0,1,TN,yolov8l_bsz4.ms,157.00,115.50,272.50,0.500,Idle,4.38,7.99,353.73,4599.00,11499.37,245.64,,0,100,39.00,-63,4416075,-278212.72,4,fused
310200,000000310200.jpg,640x480,0,0.225387,0,1,TN,yolov8l_bsz4.ms,157.00,115.50,272.50,0.500,Idle,4.38,7.99,353.73,4599.00,11499.37,245.64,,0,100,39.00,-63,4416075,-278212.72,4,fused
101780,000000101780.jpg,480x640,0,0.225194,0,1,TN,yolov8l_bsz4.ms,157.75,114.25,272.00,0.500,Idle,6.09,7.99,296.60,4656.00,11499.37,300.71,,0,100,39.00,-69,4415722,-304684.82,4,fused
446703,000000446703.jpg,500x333,0,0.225105,0,1,TN,yolov8l_bsz4.ms,157.75,114.25,272.00,0.500,Idle,6.09,7.99,296.60,4656.00,11499.37,300.71,,0,100,39.00,-69,4415722,-304684.82,4,fused
194940,000000194940.jpg,500x375,0,0.224932,0,1,TN,yolov8l_bsz4.ms,157.75,114.25,272.00,0.500,Idle,6.09,7.99,296.60,4656.00,11499.37,300.71,,0,100,39.00,-69,4415722,-304684.82,4,fused
220310,000000220310.jpg,333x500,0,0.224856,0,1,TN,yolov8l_bsz4.ms,157.75,114.25,272.00,0.500,Idle,6.09,7.99,296.60,4656.00,11499.37,300.71,,0,100,39.00,-69,4415722,-304684.82,4,fused
35963,000000035963.jpg,480x640,0,0.224501,0,1,TN,yolov8l_bsz4.ms,160.25,122.75,283.00,0.500,Idle,4.93,7.44,373.63,4579.00,11499.37,222.53,,0,100,39.00,-60,4416025,-264961.50,4,fused
87875,000000087875.jpg,640x487,0,0.224244,0,1,TN,yolov8l_bsz4.ms,160.25,122.75,283.00,0.500,Idle,4.93,7.44,373.63,4579.00,11499.37,222.53,,0,100,39.00,-60,4416025,-264961.50,4,fused
72813,000000072813.jpg,640x480,0,0.224199,0,1,TN,yolov8l_bsz4.ms,160.25,122.75,283.00,0.500,Idle,4.93,7.44,373.63,4579.00,11499.37,222.53,,0,100,39.00,-60,4416025,-264961.50,4,fused
561335,000000561335.jpg,500x376,0,0.223909,0,1,TN,yolov8l_bsz4.ms,160.25,122.75,283.00,0.500,Idle,4.93,7.44,373.63,4579.00,11499.37,222.53,,0,100,39.00,-60,4416025,-264961.50,4,fused
462614,000000462614.jpg,640x484,0,0.223724,0,1,TN,yolov8l_bsz4.ms,157.75,131.00,288.75,0.500,Idle,4.75,7.44,371.35,4581.00,11499.37,223.14,,0,100,39.00,-62,4415941,-273788.34,4,fused
544306,000000544306.jpg,612x612,0,0.223503,0,1,TN,yolov8l_bsz4.ms,157.75,131.00,288.75,0.500,Idle,4.75,7.44,371.35,4581.00,11499.37,223.14,,0,100,39.00,-62,4415941,-273788.34,4,fused
322895,000000322895.jpg,640x480,0,0.222747,0,1,TN,yolov8l_bsz4.ms,157.75,131.00,288.75,0.500,Idle,4.75,7.44,371.35,4581.00,11499.37,223.14,,0,100,39.00,-62,4415941,-273788.34,4,fused
249025,000000249025.jpg,394x500,0,0.222396,0,1,TN,yolov8l_bsz4.ms,157.75,131.00,288.75,0.500,Idle,4.75,7.44,371.35,4581.00,11499.37,223.14,,0,100,39.00,-62,4415941,-273788.34,4,fused
460160,000000460160.jpg,640x480,0,0.222316,0,1,TN,yolov8l_bsz4.ms,157.00,116.25,273.25,0.500,Idle,4.69,8.27,352.22,4600.00,11499.37,240.48,,0,100,39.00,-108,4414495,-476765.46,4,fused
405306,000000405306.jpg,640x417,0,0.222109,0,1,TN,yolov8l_bsz4.ms,157.00,116.25,273.25,0.500,Idle,4.69,8.27,352.22,4600.00,11499.37,240.48,,0,100,39.00,-108,4414495,-476765.46,4,fused
409867,000000409867.jpg,428x640,0,0.221977,0,1,TN,yolov8l_bsz4.ms,157.00,116.25,273.25,0.500,Idle,4.69,8.27,352.22,4600.00,11499.37,240.48,,0,100,39.00,-108,4414495,-476765.46,4,fused
413247,000000413247.jpg,640x426,0,0.221783,0,1,TN,yolov8l_bsz4.ms,157.00,116.25,273.25,0.500,Idle,4.69,8.27,352.22,4600.00,11499.37,240.48,,0,100,39.00,-108,4414495,-476765.46,4,fused
545826,000000545826.jpg,500x333,0,0.221449,0,1,TN,yolov8l_bsz4.ms,159.50,111.00,270.50,0.500,Idle,4.58,8.27,298.54,4653.00,11499.37,293.00,,0,100,39.00,-113,4414266,-498812.06,4,fused
417285,000000417285.jpg,640x320,0,0.221039,1,0,FN,yolov8l_bsz4.ms,159.50,111.00,270.50,0.500,Idle,4.58,8.27,298.54,4653.00,11499.37,293.00,,0,100,39.00,-113,4414266,-498812.06,4,fused
270705,000000270705.jpg,475x640,0,0.220882,0,1,TN,yolov8l_bsz4.ms,159.50,111.00,270.50,0.500,Idle,4.58,8.27,298.54,4653.00,11499.37,293.00,,0,100,39.00,-113,4414266,-498812.06,4,fused
537355,000000537355.jpg,640x428,0,0.220836,0,1,TN,yolov8l_bsz4.ms,159.50,111.00,270.50,0.500,Idle,4.58,8.27,298.54,4653.00,11499.37,293.00,,0,100,39.00,-113,4414266,-498812.06,4,fused
260105,000000260105.jpg,640x480,0,0.220608,0,1,TN,yolov8l_bsz4.ms,157.50,121.75,279.25,0.500,Idle,4.46,7.97,373.71,4576.00,11499.37,214.89,,0,100,39.00,-113,4414266,-498812.06,4,fused
444879,000000444879.jpg,640x479,0,0.220397,0,1,TN,yolov8l_bsz4.ms,157.50,121.75,279.25,0.500,Idle,4.46,7.97,373.71,4576.00,11499.37,214.89,,0,100,39.00,-113,4414266,-498812.06,4,fused
338986,000000338986.jpg,403x640,0,0.220002,0,1,TN,yolov8l_bsz4.ms,157.50,121.75,279.25,0.500,Idle,4.46,7.97,373.71,4576.00,11499.37,214.89,,0,100,39.00,-113,4414266,-498812.06,4,fused
382743,000000382743.jpg,640x480,0,0.219944,0,1,TN,yolov8l_bsz4.ms,157.50,121.75,279.25,0.500,Idle,4.46,7.97,373.71,4576.00,11499.37,214.89,,0,100,39.00,-113,4414266,-498812.06,4,fused
17182,000000017182.jpg,640x428,0,0.219842,0,1,TN,yolov8l_bsz4.ms,158.50,111.50,270.00,0.500,Idle,4.49,7.97,372.42,4578.00,11499.37,214.93,,0,100,39.00,-113,4414266,-498812.06,4,fused
45472,000000045472.jpg,640x428,0,0.219728,0,1,TN,yolov8l_bsz4.ms,158.50,111.50,270.00,0.500,Idle,4.49,7.97,372.42,4578.00,11499.37,214.93,,0,100,39.00,-113,4414266,-498812.06,4,fused
269682,000000269682.jpg,640x480,0,0.219436,0,1,TN,yolov8l_bsz4.ms,158.50,111.50,270.00,0.500,Idle,4.49,7.97,372.42,4578.00,11499.37,214.93,,0,100,39.00,-113,4414266,-498812.06,4,fused
526197,000000526197.jpg,428x640,0,0.219235,0,1,TN,yolov8l_bsz4.ms,158.50,111.50,270.00,0.500,Idle,4.49,7.97,372.42,4578.00,11499.37,214.93,,0,100,39.00,-113,4414266,-498812.06,4,fused
545007,000000545007.jpg,425x640,0,0.219203,1,0,FN,yolov8l_bsz4.ms,156.25,119.75,276.00,0.500,Idle,4.45,8.01,351.81,4600.00,11499.37,237.95,,0,100,39.00,-66,4415815,-291443.79,4,fused
1675,000000001675.jpg,640x480,0,0.218763,0,1,TN,yolov8l_bsz4.ms,156.25,119.75,276.00,0.500,Idle,4.45,8.01,351.81,4600.00,11499.37,237.95,,0,100,39.00,-66,4415815,-291443.79,4,fused
170670,000000170670.jpg,640x426,0,0.218463,0,1,TN,yolov8l_bsz4.ms,156.25,119.75,276.00,0.500,Idle,4.45,8.01,351.81,4600.00,11499.37,237.95,,0,100,39.00,-66,4415815,-291443.79,4,fused
410712,000000410712.jpg,640x426,0,0.218053,1,0,FN,yolov8l_bsz4.ms,156.25,119.75,276.00,0.500,Idle,4.45,8.01,351.81,4600.00,11499.37,237.95,,0,100,39.00,-66,4415815,-291443.79,4,fused
184762,000000184762.jpg,500x375,0,0.217788,0,1,TN,yolov8l_bsz4.ms,156.25,116.50,272.75,0.500,Idle,5.56,8.01,296.14,4655.00,11499.37,292.28,,0,100,39.00,-61,4415919,-269371.06,4,fused
522638,000000522638.jpg,640x428,0,0.217537,0,1,TN,yolov8l_bsz4.ms,156.25,116.50,272.75,0.500,Idle,5.56,8.01,296.14,4655.00,11499.37,292.28,,0,100,39.00,-61,4415919,-269371.06,4,fused
170278,000000170278.jpg,640x504,0,0.217460,0,1,TN,yolov8l_bsz4.ms,156.25,116.50,272.75,0.500,Idle,5.56,8.01,296.14,4655.00,11499.37,292.28,,0,100,39.00,-61,4415919,-269371.06,4,fused
550797,000000550797.jpg,361x640,0,0.216856,0,1,TN,yolov8l_bsz4.ms,156.25,116.50,272.75,0.500,Idle,5.56,8.01,296.14,4655.00,11499.37,292.28,,0,100,39.00,-61,4415919,-269371.06,4,fused
578967,000000578967.jpg,640x469,0,0.216808,0,1,TN,yolov8l_bsz4.ms,138.75,111.75,250.50,0.500,Idle,4.04,4.23,373.13,4579.00,11499.37,214.46,,0,100,39.00,-63,4415892,-278201.20,4,fused
516916,000000516916.jpg,640x480,0,0.216654,0,1,TN,yolov8l_bsz4.ms,138.75,111.75,250.50,0.500,Idle,4.04,4.23,373.13,4579.00,11499.37,214.46,,0,100,39.00,-63,4415892,-278201.20,4,fused
530457,000000530457.jpg,482x640,0,0.216580,0,1,TN,yolov8l_bsz4.ms,138.75,111.75,250.50,0.500,Idle,4.04,4.23,373.13,4579.00,11499.37,214.46,,0,100,39.00,-63,4415892,-278201.20,4,fused
217219,000000217219.jpg,640x359,0,0.216302,0,1,TN,yolov8l_bsz4.ms,138.75,111.75,250.50,0.500,Idle,4.04,4.23,373.13,4579.00,11499.37,214.46,,0,100,39.00,-63,4415892,-278201.20,4,fused
284106,000000284106.jpg,640x421,0,0.216088,0,1,TN,yolov8l_bsz4.ms,108.75,102.00,210.75,0.500,Idle,4.20,4.23,371.47,4580.00,11499.37,214.50,,0,100,39.00,-62,4415852,-273782.82,4,fused
36678,000000036678.jpg,640x361,0,0.215949,0,1,TN,yolov8l_bsz4.ms,108.75,102.00,210.75,0.500,Idle,4.20,4.23,371.47,4580.00,11499.37,214.50,,0,100,39.00,-62,4415852,-273782.82,4,fused
352618,000000352618.jpg,640x426,0,0.215454,0,1,TN,yolov8l_bsz4.ms,108.75,102.00,210.75,0.500,Idle,4.20,4.23,371.47,4580.00,11499.37,214.50,,0,100,39.00,-62,4415852,-273782.82,4,fused
344795,000000344795.jpg,640x361,0,0.215260,0,1,TN,yolov8l_bsz4.ms,108.75,102.00,210.75,0.500,Idle,4.20,4.23,371.47,4580.00,11499.37,214.50,,0,100,39.00,-62,4415852,-273782.82,4,fused
547502,000000547502.jpg,640x480,0,0.215154,0,1,TN,yolov8l_bsz4.ms,108.75,108.50,217.25,0.500,Idle,4.52,8.15,370.42,4595.00,11499.37,330.93,,0,100,39.00,-68,4415259,-300237.61,4,fused
483531,000000483531.jpg,640x480,0,0.215054,0,1,TN,yolov8l_bsz4.ms,108.75,108.50,217.25,0.500,Idle,4.52,8.15,370.42,4595.00,11499.37,330.93,,0,100,39.00,-68,4415259,-300237.61,4,fused
459467,000000459467.jpg,640x423,0,0.214195,0,1,TN,yolov8l_bsz4.ms,108.75,108.50,217.25,0.500,Idle,4.52,8.15,370.42,4595.00,11499.37,330.93,,0,100,39.00,-68,4415259,-300237.61,4,fused
55002,000000055002.jpg,500x375,0,0.213735,1,0,FN,yolov8l_bsz4.ms,108.75,108.50,217.25,0.500,Idle,4.52,8.15,370.42,4595.00,11499.37,330.93,,0,100,39.00,-68,4415259,-300237.61,4,fused
325306,000000325306.jpg,640x480,0,0.213408,0,1,TN,yolov8l_bsz4.ms,109.75,108.75,218.50,0.500,Idle,4.70,8.15,294.20,4672.00,11499.37,404.98,,0,100,39.00,-121,4413596,-534045.12,4,fused
377882,000000377882.jpg,640x480,0,0.213300,0,1,TN,yolov8l_bsz4.ms,109.75,108.75,218.50,0.500,Idle,4.70,8.15,294.20,4672.00,11499.37,404.98,,0,100,39.00,-121,4413596,-534045.12,4,fused
484760,000000484760.jpg,640x426,0,0.212752,0,1,TN,yolov8l_bsz4.ms,109.75,108.75,218.50,0.500,Idle,4.70,8.15,294.20,4672.00,11499.37,404.98,,0,100,39.00,-121,4413596,-534045.12,4,fused
379332,000000379332.jpg,500x334,0,0.212594,1,0,FN,yolov8l_bsz4.ms,109.75,108.75,218.50,0.500,Idle,4.70,8.15,294.20,4672.00,11499.37,404.98,,0,100,39.00,-121,4413596,-534045.12,4,fused
120572,000000120572.jpg,640x427,0,0.212593,0,1,TN,yolov8l_bsz4.ms,109.25,118.50,227.75,0.500,Idle,4.75,10.15,374.50,4589.00,11499.37,319.19,,0,100,39.00,-73,4415016,-322296.17,4,fused
205834,000000205834.jpg,640x428,0,0.212536,0,1,TN,yolov8l_bsz4.ms,109.25,118.50,227.75,0.500,Idle,4.75,10.15,374.50,4589.00,11499.37,319.19,,0,100,39.00,-73,4415016,-322296.17,4,fused
537153,000000537153.jpg,640x396,0,0.211324,1,0,FN,yolov8l_bsz4.ms,109.25,118.50,227.75,0.500,Idle,4.75,10.15,374.50,4589.00,11499.37,319.19,,0,100,39.00,-73,4415016,-322296.17,4,fused
445675,000000445675.jpg,480x640,0,0.210670,0,1,TN,yolov8l_bsz4.ms,109.25,118.50,227.75,0.500,Idle,4.75,10.15,374.50,4589.00,11499.37,319.19,,0,100,39.00,-73,4415016,-322296.17,4,fused
338718,000000338718.jpg,500x445,0,0.210353,0,1,TN,yolov8l_bsz4.ms,110.25,132.25,242.50,0.500,Idle,4.87,10.15,374.62,4588.00,11499.37,317.66,,0,100,39.00,-65,4415198,-286987.87,4,fused
192047,000000192047.jpg,480x640,0,0.209832,0,1,TN,yolov8l_bsz4.ms,110.25,132.25,242.50,0.500,Idle,4.87,10.15,374.62,4588.00,11499.37,317.66,,0,100,39.00,-65,4415198,-286987.87,4,fused
115245,000000115245.jpg,612x612,0,0.208526,1,0,FN,yolov8l_bsz4.ms,110.25,132.25,242.50,0.500,Idle,4.87,10.15,374.62,4588.00,11499.37,317.66,,0,100,39.00,-65,4415198,-286987.87,4,fused
203317,000000203317.jpg,500x423,0,0.208011,0,1,TN,yolov8l_bsz4.ms,110.25,132.25,242.50,0.500,Idle,4.87,10.15,374.62,4588.00,11499.37,317.66,,0,100,39.00,-65,4415198,-286987.87,4,fused
314914,000000314914.jpg,480x640,0,0.207877,0,1,TN,yolov8l_bsz4.ms,176.50,116.25,292.75,0.500,Idle,4.95,10.00,353.23,4610.00,11499.37,337.65,,0,100,39.00,-59,4415273,-260501.11,4,fused
323571,000000323571.jpg,478x640,0,0.207513,0,1,TN,yolov8l_bsz4.ms,176.50,116.25,292.75,0.500,Idle,4.95,10.00,353.23,4610.00,11499.37,337.65,,0,100,39.00,-59,4415273,-260501.11,4,fused
478136,000000478136.jpg,533x640,0,0.207322,0,1,TN,yolov8l_bsz4.ms,176.50,116.25,292.75,0.500,Idle,4.95,10.00,353.23,4610.00,11499.37,337.65,,0,100,39.00,-59,4415273,-260501.11,4,fused
323202,000000323202.jpg,480x640,0,0.207249,0,1,TN,yolov8l_bsz4.ms,176.50,116.25,292.75,0.500,Idle,4.95,10.00,353.23,4610.00,11499.37,337.65,,0,100,39.00,-59,4415273,-260501.11,4,fused
429623,000000429623.jpg,640x480,0,0.207021,0,1,TN,yolov8l_bsz4.ms,170.25,114.75,285.00,0.500,Idle,4.84,10.00,306.69,4656.00,11499.37,382.69,,0,100,39.00,-68,4415165,-300231.22,4,fused
155154,000000155154.jpg,375x500,0,0.206810,0,1,TN,yolov8l_bsz4.ms,170.25,114.75,285.00,0.500,Idle,4.84,10.00,306.69,4656.00,11499.37,382.69,,0,100,39.00,-68,4415165,-300231.22,4,fused
185802,000000185802.jpg,480x640,0,0.206646,0,1,TN,yolov8l_bsz4.ms,170.25,114.75,285.00,0.500,Idle,4.84,10.00,306.69,4656.00,11499.37,382.69,,0,100,39.00,-68,4415165,-300231.22,4,fused
283412,000000283412.jpg,640x427,0,0.206615,0,1,TN,yolov8l_bsz4.ms,170.25,114.75,285.00,0.500,Idle,4.84,10.00,306.69,4656.00,11499.37,382.69,,0,100,39.00,-68,4415165,-300231.22,4,fused
85195,000000085195.jpg,640x480,0,0.205875,0,1,TN,yolov8l_bsz4.ms,163.25,116.75,280.00,0.500,Idle,4.69,9.44,373.94,4589.00,11499.37,314.24,,0,100,39.00,-64,4415277,-282577.73,4,fused
53994,000000053994.jpg,481x640,0,0.205591,0,1,TN,yolov8l_bsz4.ms,163.25,116.75,280.00,0.500,Idle,4.69,9.44,373.94,4589.00,11499.37,314.24,,0,100,39.00,-64,4415277,-282577.73,4,fused
242411,000000242411.jpg,424x640,0,0.205208,1,0,FN,yolov8l_bsz4.ms,163.25,116.75,280.00,0.500,Idle,4.69,9.44,373.94,4589.00,11499.37,314.24,,0,100,39.00,-64,4415277,-282577.73,4,fused
469174,000000469174.jpg,640x460,0,0.205019,0,1,TN,yolov8l_bsz4.ms,163.25,116.75,280.00,0.500,Idle,4.69,9.44,373.94,4589.00,11499.37,314.24,,0,100,39.00,-64,4415277,-282577.73,4,fused
161008,000000161008.jpg,640x480,0,0.204921,0,1,TN,yolov8l_bsz4.ms,164.50,126.25,290.75,0.500,Idle,8.55,9.44,376.80,4584.00,11499.37,309.16,,0,100,39.00,-78,4415068,-344375.30,4,fused
492878,000000492878.jpg,640x640,0,0.204761,0,1,TN,yolov8l_bsz4.ms,164.50,126.25,290.75,0.500,Idle,8.55,9.44,376.80,4584.00,11499.37,309.16,,0,100,39.00,-78,4415068,-344375.30,4,fused
405195,000000405195.jpg,640x480,0,0.204674,1,0,FN,yolov8l_bsz4.ms,164.50,126.25,290.75,0.500,Idle,8.55,9.44,376.80,4584.00,11499.37,309.16,,0,100,39.00,-78,4415068,-344375.30,4,fused
152465,000000152465.jpg,640x516,0,0.204149,0,1,TN,yolov8l_bsz4.ms,164.50,126.25,290.75,0.500,Idle,8.55,9.44,376.80,4584.00,11499.37,309.16,,0,100,39.00,-78,4415068,-344375.30,4,fused
519338,000000519338.jpg,640x426,0,0.204049,0,1,TN,yolov8l_bsz4.ms,165.00,124.50,289.50,0.500,Idle,5.63,8.63,370.71,4591.00,11499.37,312.83,,0,100,39.00,-68,4415344,-300243.39,4,fused
210502,000000210502.jpg,640x480,0,0.203808,0,1,TN,yolov8l_bsz4.ms,165.00,124.50,289.50,0.500,Idle,5.63,8.63,370.71,4591.00,11499.37,312.83,,0,100,39.00,-68,4415344,-300243.39,4,fused
488736,000000488736.jpg,640x480,0,0.202421,0,1,TN,yolov8l_bsz4.ms,165.00,124.50,289.50,0.500,Idle,5.63,8.63,370.71,4591.00,11499.37,312.83,,0,100,39.00,-68,4415344,-300243.39,4,fused
344614,000000344614.jpg,478x640,0,0.202380,0,1,TN,yolov8l_bsz4.ms,165.00,124.50,289.50,0.500,Idle,5.63,8.63,370.71,4591.00,11499.37,312.83,,0,100,39.00,-68,4415344,-300243.39,4,fused
363072,000000363072.jpg,640x640,0,0.202173,0,1,TN,yolov8l_bsz4.ms,164.00,123.25,287.25,0.500,Idle,5.16,8.63,375.35,4586.00,11499.37,306.89,,0,100,39.00,-99,4414176,-437003.42,4,fused
320706,000000320706.jpg,480x640,0,0.201723,0,1,TN,yolov8l_bsz4.ms,164.00,123.25,287.25,0.500,Idle,5.16,8.63,375.35,4586.00,11499.37,306.89,,0,100,39.00,-99,4414176,-437003.42,4,fused
243199,000000243199.jpg,500x333,0,0.201646,0,1,TN,yolov8l_bsz4.ms,164.00,123.25,287.25,0.500,Idle,5.16,8.63,375.35,4586.00,11499.37,306.89,,0,100,39.00,-99,4414176,-437003.42,4,fused
292155,000000292155.jpg,640x480,0,0.201590,1,0,FN,yolov8l_bsz4.ms,164.00,123.25,287.25,0.500,Idle,5.16,8.63,375.35,4586.00,11499.37,306.89,,0,100,39.00,-99,4414176,-437003.42,4,fused
113403,000000113403.jpg,640x451,0,0.201364,0,1,TN,yolov8l_bsz4.ms,163.75,115.50,279.25,0.500,Idle,4.90,8.58,370.10,4591.00,11499.37,310.32,,0,100,39.00,-60,4415638,-264938.28,4,fused
3661,000000003661.jpg,640x384,0,0.201349,0,1,TN,yolov8l_bsz4.ms,163.75,115.50,279.25,0.500,Idle,4.90,8.58,370.10,4591.00,11499.37,310.32,,0,100,39.00,-60,4415638,-264938.28,4,fused
96001,000000096001.jpg,640x426,0,0.201341,0,1,TN,yolov8l_bsz4.ms,163.75,115.50,279.25,0.500,Idle,4.90,8.58,370.10,4591.00,11499.37,310.32,,0,100,39.00,-60,4415638,-264938.28,4,fused
168458,000000168458.jpg,425x640,0,0.200635,0,1,TN,yolov8l_bsz4.ms,163.75,115.50,279.25,0.500,Idle,4.90,8.58,370.10,4591.00,11499.37,310.32,,0,100,39.00,-60,4415638,-264938.28,4,fused
461573,000000461573.jpg,500x376,0,0.199512,0,1,TN,yolov8l_bsz4.ms,163.50,126.25,289.75,0.500,Idle,4.78,8.58,371.40,4589.00,11499.37,307.49,,0,100,39.00,-62,4415664,-273771.17,4,fused
255824,000000255824.jpg,640x478,0,0.199398,0,1,TN,yolov8l_bsz4.ms,163.50,126.25,289.75,0.500,Idle,4.78,8.58,371.40,4589.00,11499.37,307.49,,0,100,39.00,-62,4415664,-273771.17,4,fused
480212,000000480212.jpg,640x480,0,0.199144,0,1,TN,yolov8l_bsz4.ms,163.50,126.25,289.75,0.500,Idle,4.78,8.58,371.40,4589.00,11499.37,307.49,,0,100,39.00,-62,4415664,-273771.17,4,fused
23781,000000023781.jpg,640x427,0,0.198824,0,1,TN,yolov8l_bsz4.ms,163.50,126.25,289.75,0.500,Idle,4.78,8.58,371.40,4589.00,11499.37,307.49,,0,100,39.00,-62,4415664,-273771.17,4,fused
201025,000000201025.jpg,400x604,0,0.198815,0,1,TN,yolov8l_bsz4.ms,164.00,106.00,270.00,0.500,Idle,4.70,8.34,369.85,4591.00,11499.37,308.19,,0,100,39.00,-65,4415589,-287013.28,4,fused
205776,000000205776.jpg,640x425,0,0.198338,0,1,TN,yolov8l_bsz4.ms,164.00,106.00,270.00,0.500,Idle,4.70,8.34,369.85,4591.00,11499.37,308.19,,0,100,39.00,-65,4415589,-287013.28,4,fused
375430,000000375430.jpg,640x427,0,0.197928,0,1,TN,yolov8l_bsz4.ms,164.00,106.00,270.00,0.500,Idle,4.70,8.34,369.85,4591.00,11499.37,308.19,,0,100,39.00,-65,4415589,-287013.28,4,fused
97994,000000097994.jpg,640x427,0,0.197854,0,1,TN,yolov8l_bsz4.ms,164.00,106.00,270.00,0.500,Idle,4.70,8.34,369.85,4591.00,11499.37,308.19,,0,100,39.00,-65,4415589,-287013.28,4,fused
419882,000000419882.jpg,612x612,0,0.197758,0,1,TN,yolov8l_bsz4.ms,160.00,120.25,280.25,0.500,Idle,4.66,8.34,370.61,4589.00,11499.37,304.54,,0,100,39.00,-68,4415566,-300258.49,4,fused
410934,000000410934.jpg,640x480,0,0.197156,0,1,TN,yolov8l_bsz4.ms,160.00,120.25,280.25,0.500,Idle,4.66,8.34,370.61,4589.00,11499.37,304.54,,0,100,39.00,-68,4415566,-300258.49,4,fused
224051,000000224051.jpg,640x428,0,0.196403,0,1,TN,yolov8l_bsz4.ms,160.00,120.25,280.25,0.500,Idle,4.66,8.34,370.61,4589.00,11499.37,304.54,,0,100,39.00,-68,4415566,-300258.49,4,fused
365385,000000365385.jpg,640x427,0,0.195800,0,1,TN,yolov8l_bsz4.ms,160.00,120.25,280.25,0.500,Idle,4.66,8.34,370.61,4589.00,11499.37,304.54,,0,100,39.00,-68,4415566,-300258.49,4,fused
231097,000000231097.jpg,640x480,0,0.195250,0,1,TN,yolov8l_bsz4.ms,163.50,107.75,271.25,0.500,Idle,4.64,8.32,371.50,4588.00,11499.37,301.91,,0,100,39.00,-64,4415666,-282602.62,4,fused
197004,000000197004.jpg,640x427,0,0.195097,0,1,TN,yolov8l_bsz4.ms,163.50,107.75,271.25,0.500,Idle,4.64,8.32,371.50,4588.00,11499.37,301.91,,0,100,39.00,-64,4415666,-282602.62,4,fused
218249,000000218249.jpg,640x427,0,0.194560,0,1,TN,yolov8l_bsz4.ms,163.50,107.75,271.25,0.500,Idle,4.64,8.32,371.50,4588.00,11499.37,301.91,,0,100,39.00,-64,4415666,-282602.62,4,fused
241297,000000241297.jpg,640x428,0,0.194499,0,1,TN,yolov8l_bsz4.ms,163.50,107.75,271.25,0.500,Idle,4.64,8.32,371.50,4588.00,11499.37,301.91,,0,100,39.00,-64,4415666,-282602.62,4,fused
409268,000000409268.jpg,511x640,0,0.194104,0,1,TN,yolov8l_bsz4.ms,160.50,114.25,274.75,0.500,Idle,4.59,8.32,370.07,4589.00,11499.37,302.29,,0,100,39.00,-60,4415740,-264944.40,4,fused
415741,000000415741.jpg,640x360,0,0.193957,0,1,TN,yolov8l_bsz4.ms,160.50,114.25,274.75,0.500,Idle,4.59,8.32,370.07,4589.00,11499.37,302.29,,0,100,39.00,-60,4415740,-264944.40,4,fused
131379,000000131379.jpg,640x480,0,0.193522,0,1,TN,yolov8l_bsz4.ms,160.50,114.25,274.75,0.500,Idle,4.59,8.32,370.07,4589.00,11499.37,302.29,,0,100,39.00,-60,4415740,-264944.40,4,fused
16958,000000016958.jpg,640x428,0,0.193396,0,1,TN,yolov8l_bsz4.ms,160.50,114.25,274.75,0.500,Idle,4.59,8.32,370.07,4589.00,11499.37,302.29,,0,100,39.00,-60,4415740,-264944.40,4,fused
91619,000000091619.jpg,427x640,0,0.193178,0,1,TN,yolov8l_bsz4.ms,158.00,125.50,283.50,0.500,Idle,4.16,4.75,371.21,4588.00,11499.37,299.19,,0,100,39.00,-65,4415609,-287014.59,4,fused
431568,000000431568.jpg,640x426,0,0.193093,0,1,TN,yolov8l_bsz4.ms,158.00,125.50,283.50,0.500,Idle,4.16,4.75,371.21,4588.00,11499.37,299.19,,0,100,39.00,-65,4415609,-287014.59,4,fused
159458,000000159458.jpg,640x480,0,0.192976,0,1,TN,yolov8l_bsz4.ms,158.00,125.50,283.50,0.500,Idle,4.16,4.75,371.21,4588.00,11499.37,299.19,,0,100,39.00,-65,4415609,-287014.59,4,fused
193926,000000193926.jpg,640x477,0,0.192575,1,0,FN,yolov8l_bsz4.ms,158.00,125.50,283.50,0.500,Idle,4.16,4.75,371.21,4588.00,11499.37,299.19,,0,100,39.00,-65,4415609,-287014.59,4,fused
521282,000000521282.jpg,424x640,0,0.191033,0,1,TN,yolov8l_bsz4.ms,156.75,110.50,267.25,0.500,Idle,4.33,4.75,369.78,4589.00,11499.37,299.71,,0,100,39.00,-64,4415644,-282601.22,4,fused
214869,000000214869.jpg,640x480,0,0.190725,1,0,FN,yolov8l_bsz4.ms,156.75,110.50,267.25,0.500,Idle,4.33,4.75,369.78,4589.00,11499.37,299.71,,0,100,39.00,-64,4415644,-282601.22,4,fused
36844,000000036844.jpg,640x480,0,0.190509,0,1,TN,yolov8l_bsz4.ms,156.75,110.50,267.25,0.500,Idle,4.33,4.75,369.78,4589.00,11499.37,299.71,,0,100,39.00,-64,4415644,-282601.22,4,fused
51598,000000051598.jpg,360x640,0,0.189979,0,1,TN,yolov8l_bsz4.ms,156.75,110.50,267.25,0.500,Idle,4.33,4.75,369.78,4589.00,11499.37,299.71,,0,100,39.00,-64,4415644,-282601.22,4,fused
324715,000000324715.jpg,500x333,0,0.189886,0,1,TN,yolov8l_bsz4.ms,160.75,131.50,292.25,0.500,Idle,4.35,9.36,374.35,4551.00,11499.37,261.00,,0,100,39.00,-57,4415788,-251699.92,4,fused
145591,000000145591.jpg,640x480,0,0.189600,0,1,TN,yolov8l_bsz4.ms,160.75,131.50,292.25,0.500,Idle,4.35,9.36,374.35,4551.00,11499.37,261.00,,0,100,39.00,-57,4415788,-251699.92,4,fused
565597,000000565597.jpg,478x640,0,0.189321,0,1,TN,yolov8l_bsz4.ms,160.75,131.50,292.25,0.500,Idle,4.35,9.36,374.35,4551.00,11499.37,261.00,,0,100,39.00,-57,4415788,-251699.92,4,fused
517832,000000517832.jpg,640x640,0,0.189219,0,1,TN,yolov8l_bsz4.ms,160.75,131.50,292.25,0.500,Idle,4.35,9.36,374.35,4551.00,11499.37,261.00,,0,100,39.00,-57,4415788,-251699.92,4,fused
387383,000000387383.jpg,640x480,0,0.188908,0,1,TN,yolov8l_bsz4.ms,160.50,112.25,272.75,0.500,Idle,4.46,9.36,372.74,4533.00,11499.37,238.65,,0,100,39.00,-57,4415758,-251698.21,4,fused
492284,000000492284.jpg,640x480,0,0.188080,1,0,FN,yolov8l_bsz4.ms,160.50,112.25,272.75,0.500,Idle,4.46,9.36,372.74,4533.00,11499.37,238.65,,0,100,39.00,-57,4415758,-251698.21,4,fused
521405,000000521405.jpg,426x640,0,0.187050,0,1,TN,yolov8l_bsz4.ms,160.50,112.25,272.75,0.500,Idle,4.46,9.36,372.74,4533.00,11499.37,238.65,,0,100,39.00,-57,4415758,-251698.21,4,fused
172330,000000172330.jpg,640x480,0,0.186812,0,1,TN,yolov8l_bsz4.ms,160.50,112.25,272.75,0.500,Idle,4.46,9.36,372.74,4533.00,11499.37,238.65,,0,100,39.00,-57,4415758,-251698.21,4,fused
535578,000000535578.jpg,427x640,0,0.186495,0,1,TN,yolov8l_bsz4.ms,159.25,116.25,275.50,0.500,Idle,4.39,12.34,371.45,4579.00,11499.37,285.05,,0,100,39.00,-62,4415606,-273767.57,4,fused
360325,000000360325.jpg,640x428,0,0.186150,0,1,TN,yolov8l_bsz4.ms,159.25,116.25,275.50,0.500,Idle,4.39,12.34,371.45,4579.00,11499.37,285.05,,0,100,39.00,-62,4415606,-273767.57,4,fused
511398,000000511398.jpg,640x427,0,0.185861,0,1,TN,yolov8l_bsz4.ms,159.25,116.25,275.50,0.500,Idle,4.39,12.34,371.45,4579.00,11499.37,285.05,,0,100,39.00,-62,4415606,-273767.57,4,fused
451435,000000451435.jpg,640x385,0,0.185480,1,0,FN,yolov8l_bsz4.ms,159.25,116.25,275.50,0.500,Idle,4.39,12.34,371.45,4579.00,11499.37,285.05,,0,100,39.00,-62,4415606,-273767.57,4,fused
512330,000000512330.jpg,426x640,0,0.185420,0,1,TN,yolov8l_bsz4.ms,160.00,121.00,281.00,0.500,Idle,4.40,12.34,370.56,4580.00,11499.37,284.65,,0,100,39.00,-62,4415644,-273769.93,4,fused
310622,000000310622.jpg,640x428,0,0.184924,0,1,TN,yolov8l_bsz4.ms,160.00,121.00,281.00,0.500,Idle,4.40,12.34,370.56,4580.00,11499.37,284.65,,0,100,39.00,-62,4415644,-273769.93,4,fused
42888,000000042888.jpg,500x374,0,0.184437,0,1,TN,yolov8l_bsz4.ms,160.00,121.00,281.00,0.500,Idle,4.40,12.34,370.56,4580.00,11499.37,284.65,,0,100,39.00,-62,4415644,-273769.93,4,fused
195754,000000195754.jpg,640x425,0,0.184306,0,1,TN,yolov8l_bsz4.ms,160.00,121.00,281.00,0.500,Idle,4.40,12.34,370.56,4580.00,11499.37,284.65,,0,100,39.00,-62,4415644,-273769.93,4,fused
50165,000000050165.jpg,640x431,0,0.183855,0,1,TN,yolov8l_bsz4.ms,160.25,123.25,283.50,0.500,Idle,4.43,11.04,352.46,4600.00,11499.37,303.27,,0,100,39.00,-61,4415696,-269357.46,4,fused
404601,000000404601.jpg,480x640,0,0.183835,0,1,TN,yolov8l_bsz4.ms,160.25,123.25,283.50,0.500,Idle,4.43,11.04,352.46,4600.00,11499.37,303.27,,0,100,39.00,-61,4415696,-269357.46,4,fused
384616,000000384616.jpg,640x480,0,0.183691,0,1,TN,yolov8l_bsz4.ms,160.25,123.25,283.50,0.500,Idle,4.43,11.04,352.46,4600.00,11499.37,303.27,,0,100,39.00,-61,4415696,-269357.46,4,fused
277051,000000277051.jpg,640x427,0,0.183585,0,1,TN,yolov8l_bsz4.ms,160.25,123.25,283.50,0.500,Idle,4.43,11.04,352.46,4600.00,11499.37,303.27,,0,100,39.00,-61,4415696,-269357.46,4,fused
176606,000000176606.jpg,640x480,0,0.183455,1,0,FN,yolov8l_bsz4.ms,152.50,117.00,269.50,0.500,Idle,4.40,11.04,297.36,4655.00,11499.37,356.89,,0,100,39.00,-58,4415728,-256112.22,4,fused
554838,000000554838.jpg,480x640,0,0.183410,0,1,TN,yolov8l_bsz4.ms,152.50,117.00,269.50,0.500,Idle,4.40,11.04,297.36,4655.00,11499.37,356.89,,0,100,39.00,-58,4415728,-256112.22,4,fused
259097,000000259097.jpg,500x333,0,0.183074,1,0,FN,yolov8l_bsz4.ms,152.50,117.00,269.50,0.500,Idle,4.40,11.04,297.36,4655.00,11499.37,356.89,,0,100,39.00,-58,4415728,-256112.22,4,fused
12062,000000012062.jpg,640x427,0,0.182755,0,1,TN,yolov8l_bsz4.ms,152.50,117.00,269.50,0.500,Idle,4.40,11.04,297.36,4655.00,11499.37,356.89,,0,100,39.00,-58,4415728,-256112.22,4,fused
292330,000000292330.jpg,640x512,0,0.181253,0,1,TN,yolov8l_bsz4.ms,158.75,109.50,268.25,0.500,Idle,9.37,10.22,373.01,4579.00,11499.37,279.23,,0,100,39.00,-76,4415255,-335559.38,4,fused
445658,000000445658.jpg,640x427,0,0.180684,0,1,TN,yolov8l_bsz4.ms,158.75,109.50,268.25,0.500,Idle,9.37,10.22,373.01,4579.00,11499.37,279.23,,0,100,39.00,-76,4415255,-335559.38,4,fused
498286,000000498286.jpg,640x480,0,0.180582,0,1,TN,yolov8l_bsz4.ms,158.75,109.50,268.25,0.500,Idle,9.37,10.22,373.01,4579.00,11499.37,279.23,,0,100,39.00,-76,4415255,-335559.38,4,fused
509260,000000509260.jpg,500x375,0,0.180575,0,1,TN,yolov8l_bsz4.ms,158.75,109.50,268.25,0.500,Idle,9.37,10.22,373.01,4579.00,11499.37,279.23,,0,100,39.00,-76,4415255,-335559.38,4,fused
512194,000000512194.jpg,640x476,0,0.180194,0,1,TN,yolov8l_bsz4.ms,156.00,126.50,282.50,0.500,Idle,5.54,10.22,370.30,4581.00,11499.37,279.72,,0,100,39.00,-65,4415568,-287011.92,4,fused
267903,000000267903.jpg,640x426,0,0.180131,0,1,TN,yolov8l_bsz4.ms,156.00,126.50,282.50,0.500,Idle,5.54,10.22,370.30,4581.00,11499.37,279.72,,0,100,39.00,-65,4415568,-287011.92,4,fused
16502,000000016502.jpg,375x500,0,0.179517,0,1,TN,yolov8l_bsz4.ms,156.00,126.50,282.50,0.500,Idle,5.54,10.22,370.30,4581.00,11499.37,279.72,,0,100,39.00,-65,4415568,-287011.92,4,fused
165713,000000165713.jpg,425x640,0,0.179516,0,1,TN,yolov8l_bsz4.ms,156.00,126.50,282.50,0.500,Idle,5.54,10.22,370.30,4581.00,11499.37,279.72,,0,100,39.00,-65,4415568,-287011.92,4,fused
308799,000000308799.jpg,375x500,0,0.179358,0,1,TN,yolov8l_bsz4.ms,155.50,117.00,272.50,0.500,Idle,5.15,8.11,350.76,4601.00,11499.37,298.35,,0,100,39.00,-58,4415775,-256114.95,4,fused
581100,000000581100.jpg,640x480,0,0.179170,0,1,TN,yolov8l_bsz4.ms,155.50,117.00,272.50,0.500,Idle,5.15,8.11,350.76,4601.00,11499.37,298.35,,0,100,39.00,-58,4415775,-256114.95,4,fused
38576,000000038576.jpg,438x640,0,0.179118,0,1,TN,yolov8l_bsz4.ms,155.50,117.00,272.50,0.500,Idle,5.15,8.11,350.76,4601.00,11499.37,298.35,,0,100,39.00,-58,4415775,-256114.95,4,fused
575372,000000575372.jpg,640x480,0,0.178968,0,1,TN,yolov8l_bsz4.ms,155.50,117.00,272.50,0.500,Idle,5.15,8.11,350.76,4601.00,11499.37,298.35,,0,100,39.00,-58,4415775,-256114.95,4,fused
28449,000000028449.jpg,640x427,0,0.177974,0,1,TN,yolov8l_bsz4.ms,157.75,103.75,261.50,0.500,Idle,4.90,8.11,296.46,4656.00,11499.37,352.97,,0,100,39.00,-69,4415382,-304661.36,4,fused
253452,000000253452.jpg,640x426,0,0.177691,0,1,TN,yolov8l_bsz4.ms,157.75,103.75,261.50,0.500,Idle,4.90,8.11,296.46,4656.00,11499.37,352.97,,0,100,39.00,-69,4415382,-304661.36,4,fused
298738,000000298738.jpg,427x640,0,0.177663,0,1,TN,yolov8l_bsz4.ms,157.75,103.75,261.50,0.500,Idle,4.90,8.11,296.46,4656.00,11499.37,352.97,,0,100,39.00,-69,4415382,-304661.36,4,fused
500663,000000500663.jpg,640x480,0,0.177618,0,1,TN,yolov8l_bsz4.ms,157.75,103.75,261.50,0.500,Idle,4.90,8.11,296.46,4656.00,11499.37,352.97,,0,100,39.00,-69,4415382,-304661.36,4,fused
146498,000000146498.jpg,640x480,0,0.177466,0,1,TN,yolov8l_bsz4.ms,157.50,128.00,285.50,0.500,Idle,4.69,8.20,373.24,4580.00,11499.37,274.85,,0,100,39.00,-59,4415724,-260527.72,4,fused
314541,000000314541.jpg,640x425,0,0.177465,0,1,TN,yolov8l_bsz4.ms,157.50,128.00,285.50,0.500,Idle,4.69,8.20,373.24,4580.00,11499.37,274.85,,0,100,39.00,-59,4415724,-260527.72,4,fused
66817,000000066817.jpg,612x612,0,0.177347,0,1,TN,yolov8l_bsz4.ms,157.50,128.00,285.50,0.500,Idle,4.69,8.20,373.24,4580.00,11499.37,274.85,,0,100,39.00,-59,4415724,-260527.72,4,fused
299355,000000299355.jpg,500x375,0,0.176642,0,1,TN,yolov8l_bsz4.ms,157.50,128.00,285.50,0.500,Idle,4.69,8.20,373.24,4580.00,11499.37,274.85,,0,100,39.00,-59,4415724,-260527.72,4,fused
99053,000000099053.jpg,640x559,0,0.176380,0,1,TN,yolov8l_bsz4.ms,161.50,120.25,281.75,0.500,Idle,4.66,8.20,372.37,4580.00,11499.37,274.00,,0,100,39.00,-61,4415726,-269359.29,4,fused
49761,000000049761.jpg,640x479,0,0.175913,0,1,TN,yolov8l_bsz4.ms,161.50,120.25,281.75,0.500,Idle,4.66,8.20,372.37,4580.00,11499.37,274.00,,0,100,39.00,-61,4415726,-269359.29,4,fused
153782,000000153782.jpg,416x640,0,0.175830,0,1,TN,yolov8l_bsz4.ms,161.50,120.25,281.75,0.500,Idle,4.66,8.20,372.37,4580.00,11499.37,274.00,,0,100,39.00,-61,4415726,-269359.29,4,fused
357941,000000357941.jpg,500x375,0,0.175826,0,1,TN,yolov8l_bsz4.ms,161.50,120.25,281.75,0.500,Idle,4.66,8.20,372.37,4580.00,11499.37,274.00,,0,100,39.00,-61,4415726,-269359.29,4,fused
451571,000000451571.jpg,640x480,0,0.175615,0,1,TN,yolov8l_bsz4.ms,157.75,125.00,282.75,0.500,Idle,4.64,8.61,350.99,4600.00,11499.37,293.65,,0,100,39.00,-58,4415744,-256113.15,4,fused
219485,000000219485.jpg,422x640,0,0.175078,0,1,TN,yolov8l_bsz4.ms,157.75,125.00,282.75,0.500,Idle,4.64,8.61,350.99,4600.00,11499.37,293.65,,0,100,39.00,-58,4415744,-256113.15,4,fused
148707,000000148707.jpg,640x480,0,0.174566,0,1,TN,yolov8l_bsz4.ms,157.75,125.00,282.75,0.500,Idle,4.64,8.61,350.99,4600.00,11499.37,293.65,,0,100,39.00,-58,4415744,-256113.15,4,fused
152870,000000152870.jpg,512x640,0,0.174542,0,1,TN,yolov8l_bsz4.ms,157.75,125.00,282.75,0.500,Idle,4.64,8.61,350.99,4600.00,11499.37,293.65,,0,100,39.00,-58,4415744,-256113.15,4,fused
131273,000000131273.jpg,480x640,0,0.174199,0,1,TN,yolov8l_bsz4.ms,155.75,115.50,271.25,0.500,Idle,4.59,8.61,296.39,4655.00,11499.37,346.18,,0,100,39.00,-65,4415521,-287008.86,4,fused
340894,000000340894.jpg,640x480,0,0.174189,1,0,FN,yolov8l_bsz4.ms,155.75,115.50,271.25,0.500,Idle,4.59,8.61,296.39,4655.00,11499.37,346.18,,0,100,39.00,-65,4415521,-287008.86,4,fused
286422,000000286422.jpg,640x425,0,0.173084,1,0,FN,yolov8l_bsz4.ms,155.75,115.50,271.25,0.500,Idle,4.59,8.61,296.39,4655.00,11499.37,346.18,,0,100,39.00,-65,4415521,-287008.86,4,fused
555009,000000555009.jpg,500x375,0,0.172863,0,1,TN,yolov8l_bsz4.ms,155.75,115.50,271.25,0.500,Idle,4.59,8.61,296.39,4655.00,11499.37,346.18,,0,100,39.00,-65,4415521,-287008.86,4,fused
155179,000000155179.jpg,640x468,0,0.172791,0,1,TN,yolov8l_bsz4.ms,161.75,115.75,277.50,0.500,Idle,4.55,8.28,373.64,4578.00,11499.37,268.06,,0,100,39.00,-60,4415667,-264940.02,4,fused
51008,000000051008.jpg,640x480,0,0.172704,0,1,TN,yolov8l_bsz4.ms,161.75,115.75,277.50,0.500,Idle,4.55,8.28,373.64,4578.00,11499.37,268.06,,0,100,39.00,-60,4415667,-264940.02,4,fused
308391,000000308391.jpg,500x338,0,0.172438,0,1,TN,yolov8l_bsz4.ms,161.75,115.75,277.50,0.500,Idle,4.55,8.28,373.64,4578.00,11499.37,268.06,,0,100,39.00,-60,4415667,-264940.02,4,fused
555972,000000555972.jpg,480x640,0,0.171568,0,1,TN,yolov8l_bsz4.ms,161.75,115.75,277.50,0.500,Idle,4.55,8.28,373.64,4578.00,11499.37,268.06,,0,100,39.00,-60,4415667,-264940.02,4,fused
498857,000000498857.jpg,500x375,0,0.171440,0,1,TN,yolov8l_bsz4.ms,160.75,115.75,276.50,0.500,Idle,5.11,8.28,369.50,4582.00,11499.37,269.97,,0,100,39.00,-60,4415688,-264941.28,4,fused
210273,000000210273.jpg,640x428,0,0.171347,1,0,FN,yolov8l_bsz4.ms,160.75,115.75,276.50,0.500,Idle,5.11,8.28,369.50,4582.00,11499.37,269.97,,0,100,39.00,-60,4415688,-264941.28,4,fused
464251,000000464251.jpg,640x458,0,0.170437,0,1,TN,yolov8l_bsz4.ms,160.75,115.75,276.50,0.500,Idle,5.11,8.28,369.50,4582.00,11499.37,269.97,,0,100,39.00,-60,4415688,-264941.28,4,fused
528977,000000528977.jpg,375x500,0,0.170333,0,1,TN,yolov8l_bsz4.ms,160.75,115.75,276.50,0.500,Idle,5.11,8.28,369.50,4582.00,11499.37,269.97,,0,100,39.00,-60,4415688,-264941.28,4,fused
456292,000000456292.jpg,480x640,0,0.170107,0,1,TN,yolov8l_bsz4.ms,163.25,121.25,284.50,0.500,Idle,4.72,8.37,349.08,4602.00,11499.37,289.75,,0,100,39.00,-65,4415511,-287008.22,4,fused
563758,000000563758.jpg,429x640,0,0.170051,0,1,TN,yolov8l_bsz4.ms,163.25,121.25,284.50,0.500,Idle,4.72,8.37,349.08,4602.00,11499.37,289.75,,0,100,39.00,-65,4415511,-287008.22,4,fused
352584,000000352584.jpg,375x500,0,0.169784,0,1,TN,yolov8l_bsz4.ms,163.25,121.25,284.50,0.500,Idle,4.72,8.37,349.08,4602.00,11499.37,289.75,,0,100,39.00,-65,4415511,-287008.22,4,fused
458790,000000458790.jpg,500x375,0,0.169290,0,1,TN,yolov8l_bsz4.ms,163.25,121.25,284.50,0.500,Idle,4.72,8.37,349.08,4602.00,11499.37,289.75,,0,100,39.00,-65,4415511,-287008.22,4,fused
167122,000000167122.jpg,640x480,0,0.169285,1,0,FN,yolov8l_bsz4.ms,161.00,105.00,266.00,0.500,Idle,4.55,8.37,296.20,4654.00,11499.37,340.53,,0,100,39.00,-64,4415549,-282595.14,4,fused
287714,000000287714.jpg,640x480,0,0.168872,0,1,TN,yolov8l_bsz4.ms,161.00,105.00,266.00,0.500,Idle,4.55,8.37,296.20,4654.00,11499.37,340.53,,0,100,39.00,-64,4415549,-282595.14,4,fused
11813,000000011813.jpg,333x500,0,0.168722,0,1,TN,yolov8l_bsz4.ms,161.00,105.00,266.00,0.500,Idle,4.55,8.37,296.20,4654.00,11499.37,340.53,,0,100,39.00,-64,4415549,-282595.14,4,fused
351589,000000351589.jpg,640x427,0,0.168549,0,1,TN,yolov8l_bsz4.ms,161.00,105.00,266.00,0.500,Idle,4.55,8.37,296.20,4654.00,11499.37,340.53,,0,100,39.00,-64,4415549,-282595.14,4,fused
27620,000000027620.jpg,640x480,0,0.168046,0,1,TN,yolov8l_bsz4.ms,157.75,125.25,283.00,0.500,Idle,4.37,8.01,373.24,4577.00,11499.37,262.54,,0,100,39.00,-63,4415662,-278186.71,4,fused
34257,000000034257.jpg,500x309,0,0.167490,0,1,TN,yolov8l_bsz4.ms,157.75,125.25,283.00,0.500,Idle,4.37,8.01,373.24,4577.00,11499.37,262.54,,0,100,39.00,-63,4415662,-278186.71,4,fused
91779,000000091779.jpg,640x480,0,0.166593,0,1,TN,yolov8l_bsz4.ms,157.75,125.25,283.00,0.500,Idle,4.37,8.01,373.24,4577.00,11499.37,262.54,,0,100,39.00,-63,4415662,-278186.71,4,fused
357903,000000357903.jpg,480x640,0,0.165890,0,1,TN,yolov8l_bsz4.ms,157.75,125.25,283.00,0.500,Idle,4.37,8.01,373.24,4577.00,11499.37,262.54,,0,100,39.00,-63,4415662,-278186.71,4,fused
347544,000000347544.jpg,640x480,0,0.165838,0,1,TN,yolov8l_bsz4.ms,160.50,128.75,289.25,0.500,Idle,4.43,8.01,371.35,4579.00,11499.37,261.96,,0,100,39.00,-59,4415742,-260528.78,4,fused
261712,000000261712.jpg,640x476,0,0.165710,0,1,TN,yolov8l_bsz4.ms,160.50,128.75,289.25,0.500,Idle,4.43,8.01,371.35,4579.00,11499.37,261.96,,0,100,39.00,-59,4415742,-260528.78,4,fused
331317,000000331317.jpg,640x484,0,0.165376,1,0,FN,yolov8l_bsz4.ms,160.50,128.75,289.25,0.500,Idle,4.43,8.01,371.35,4579.00,11499.37,261.96,,0,100,39.00,-59,4415742,-260528.78,4,fused
423971,000000423971.jpg,640x425,0,0.165121,0,1,TN,yolov8l_bsz4.ms,160.50,128.75,289.25,0.500,Idle,4.43,8.01,371.35,4579.00,11499.37,261.96,,0,100,39.00,-59,4415742,-260528.78,4,fused
379453,000000379453.jpg,442x442,0,0.164454,0,1,TN,yolov8l_bsz4.ms,109.75,113.25,223.00,0.500,Idle,4.41,7.90,350.58,4599.00,11499.37,281.15,,0,100,39.00,-65,4415588,-287013.22,4,fused
338532,000000338532.jpg,375x500,0,0.164333,1,0,FN,yolov8l_bsz4.ms,109.75,113.25,223.00,0.500,Idle,4.41,7.90,350.58,4599.00,11499.37,281.15,,0,100,39.00,-65,4415588,-287013.22,4,fused
512648,000000512648.jpg,640x427,0,0.163932,0,1,TN,yolov8l_bsz4.ms,109.75,113.25,223.00,0.500,Idle,4.41,7.90,350.58,4599.00,11499.37,281.15,,0,100,39.00,-65,4415588,-287013.22,4,fused
242934,000000242934.jpg,500x227,0,0.163779,0,1,TN,yolov8l_bsz4.ms,109.75,113.25,223.00,0.500,Idle,4.41,7.90,350.58,4599.00,11499.37,281.15,,0,100,39.00,-65,4415588,-287013.22,4,fused
418959,000000418959.jpg,640x427,0,0.163637,0,1,TN,yolov8l_bsz4.ms,107.75,129.25,237.00,0.500,Idle,4.53,7.90,293.99,4655.00,11499.37,336.44,,0,100,39.00,-66,4415158,-291400.43,4,fused
148957,000000148957.jpg,640x480,0,0.163616,0,1,TN,yolov8l_bsz4.ms,107.75,129.25,237.00,0.500,Idle,4.53,7.90,293.99,4655.00,11499.37,336.44,,0,100,39.00,-66,4415158,-291400.43,4,fused
545407,000000545407.jpg,640x424,0,0.163576,0,1,TN,yolov8l_bsz4.ms,107.75,129.25,237.00,0.500,Idle,4.53,7.90,293.99,4655.00,11499.37,336.44,,0,100,39.00,-66,4415158,-291400.43,4,fused
123321,000000123321.jpg,612x612,0,0.163396,0,1,TN,yolov8l_bsz4.ms,107.75,129.25,237.00,0.500,Idle,4.53,7.90,293.99,4655.00,11499.37,336.44,,0,100,39.00,-66,4415158,-291400.43,4,fused
360951,000000360951.jpg,640x427,0,0.163372,0,1,TN,yolov8l_bsz4.ms,109.00,115.00,224.00,0.500,Idle,4.57,8.38,372.01,4577.00,11499.37,256.84,,0,100,39.00,-68,4414993,-300219.52,4,fused
79014,000000079014.jpg,291x455,0,0.163297,1,0,FN,yolov8l_bsz4.ms,109.00,115.00,224.00,0.500,Idle,4.57,8.38,372.01,4577.00,11499.37,256.84,,0,100,39.00,-68,4414993,-300219.52,4,fused
522156,000000522156.jpg,640x427,0,0.163036,0,1,TN,yolov8l_bsz4.ms,109.00,115.00,224.00,0.500,Idle,4.57,8.38,372.01,4577.00,11499.37,256.84,,0,100,39.00,-68,4414993,-300219.52,4,fused
262227,000000262227.jpg,474x640,0,0.162766,0,1,TN,yolov8l_bsz4.ms,109.00,115.00,224.00,0.500,Idle,4.57,8.38,372.01,4577.00,11499.37,256.84,,0,100,39.00,-68,4414993,-300219.52,4,fused
352900,000000352900.jpg,640x427,0,0.162600,0,1,TN,yolov8l_bsz4.ms,109.50,120.25,229.75,0.500,Idle,4.65,8.38,370.78,4577.00,11499.37,255.94,,0,100,39.00,-68,4414948,-300216.46,4,fused
371472,000000371472.jpg,480x640,0,0.162582,0,1,TN,yolov8l_bsz4.ms,109.50,120.25,229.75,0.500,Idle,4.65,8.38,370.78,4577.00,11499.37,255.94,,0,100,39.00,-68,4414948,-300216.46,4,fused
415238,000000415238.jpg,640x474,0,0.162161,0,1,TN,yolov8l_bsz4.ms,109.50,120.25,229.75,0.500,Idle,4.65,8.38,370.78,4577.00,11499.37,255.94,,0,100,39.00,-68,4414948,-300216.46,4,fused
400922,000000400922.jpg,640x480,0,0.161593,0,1,TN,yolov8l_bsz4.ms,109.50,120.25,229.75,0.500,Idle,4.65,8.38,370.78,4577.00,11499.37,255.94,,0,100,39.00,-68,4414948,-300216.46,4,fused
421923,000000421923.jpg,426x640,0,0.161007,0,1,TN,yolov8l_bsz4.ms,142.75,112.75,255.50,0.500,Idle,8.35,15.72,351.03,4597.00,11499.37,274.35,,0,100,39.00,-62,4415027,-273731.67,4,fused
521540,000000521540.jpg,640x480,0,0.160666,0,1,TN,yolov8l_bsz4.ms,142.75,112.75,255.50,0.500,Idle,8.35,15.72,351.03,4597.00,11499.37,274.35,,0,100,39.00,-62,4415027,-273731.67,4,fused
110999,000000110999.jpg,359x640,0,0.160530,1,0,FN,yolov8l_bsz4.ms,142.75,112.75,255.50,0.500,Idle,8.35,15.72,351.03,4597.00,11499.37,274.35,,0,100,39.00,-62,4415027,-273731.67,4,fused
200152,000000200152.jpg,640x427,0,0.160328,0,1,TN,yolov8l_bsz4.ms,142.75,112.75,255.50,0.500,Idle,8.35,15.72,351.03,4597.00,11499.37,274.35,,0,100,39.00,-62,4415027,-273731.67,4,fused
140929,000000140929.jpg,640x401,0,0.160146,0,1,TN,yolov8l_bsz4.ms,170.00,109.75,279.75,0.500,Idle,5.71,15.72,305.29,4643.00,11499.37,319.23,,0,100,39.00,-64,4415042,-282562.69,4,fused
378605,000000378605.jpg,426x640,0,0.160066,0,1,TN,yolov8l_bsz4.ms,170.00,109.75,279.75,0.500,Idle,5.71,15.72,305.29,4643.00,11499.37,319.23,,0,100,39.00,-64,4415042,-282562.69,4,fused
119677,000000119677.jpg,640x480,0,0.160057,0,1,TN,yolov8l_bsz4.ms,170.00,109.75,279.75,0.500,Idle,5.71,15.72,305.29,4643.00,11499.37,319.23,,0,100,39.00,-64,4415042,-282562.69,4,fused
468925,000000468925.jpg,640x480,0,0.159982,0,1,TN,yolov8l_bsz4.ms,170.00,109.75,279.75,0.500,Idle,5.71,15.72,305.29,4643.00,11499.37,319.23,,0,100,39.00,-64,4415042,-282562.69,4,fused
111951,000000111951.jpg,640x425,0,0.159736,0,1,TN,yolov8l_bsz4.ms,168.50,115.75,284.25,0.500,Idle,4.81,7.98,375.12,4573.00,11499.37,247.82,,0,100,39.00,-67,4415024,-295806.61,4,fused
463527,000000463527.jpg,640x480,0,0.159345,0,1,TN,yolov8l_bsz4.ms,168.50,115.75,284.25,0.500,Idle,4.81,7.98,375.12,4573.00,11499.37,247.82,,0,100,39.00,-67,4415024,-295806.61,4,fused
9772,000000009772.jpg,550x640,0,0.159173,1,0,FN,yolov8l_bsz4.ms,168.50,115.75,284.25,0.500,Idle,4.81,7.98,375.12,4573.00,11499.37,247.82,,0,100,39.00,-67,4415024,-295806.61,4,fused
231527,000000231527.jpg,427x640,0,0.158957,0,1,TN,yolov8l_bsz4.ms,168.50,115.75,284.25,0.500,Idle,4.81,7.98,375.12,4573.00,11499.37,247.82,,0,100,39.00,-67,4415024,-295806.61,4,fused
269196,000000269196.jpg,640x427,0,0.158830,0,1,TN,yolov8l_bsz4.ms,160.25,110.50,270.75,0.500,Idle,4.66,7.98,374.56,4573.00,11499.37,246.81,,0,100,39.00,-68,4415159,-300230.81,4,fused
222235,000000222235.jpg,640x427,0,0.158741,0,1,TN,yolov8l_bsz4.ms,160.25,110.50,270.75,0.500,Idle,4.66,7.98,374.56,4573.00,11499.37,246.81,,0,100,39.00,-68,4415159,-300230.81,4,fused
186422,000000186422.jpg,640x427,0,0.158576,0,1,TN,yolov8l_bsz4.ms,160.25,110.50,270.75,0.500,Idle,4.66,7.98,374.56,4573.00,11499.37,246.81,,0,100,39.00,-68,4415159,-300230.81,4,fused
571313,000000571313.jpg,480x640,0,0.158525,0,1,TN,yolov8l_bsz4.ms,160.25,110.50,270.75,0.500,Idle,4.66,7.98,374.56,4573.00,11499.37,246.81,,0,100,39.00,-68,4415159,-300230.81,4,fused
356347,000000356347.jpg,640x480,0,0.157950,0,1,TN,yolov8l_bsz4.ms,164.75,120.25,285.00,0.500,Idle,4.65,7.79,352.26,4595.00,11499.37,268.07,,0,100,39.00,-66,4415170,-291401.22,4,fused
347693,000000347693.jpg,640x427,0,0.157658,0,1,TN,yolov8l_bsz4.ms,164.75,120.25,285.00,0.500,Idle,4.65,7.79,352.26,4595.00,11499.37,268.07,,0,100,39.00,-66,4415170,-291401.22,4,fused
288062,000000288062.jpg,519x640,0,0.157520,0,1,TN,yolov8l_bsz4.ms,164.75,120.25,285.00,0.500,Idle,4.65,7.79,352.26,4595.00,11499.37,268.07,,0,100,39.00,-66,4415170,-291401.22,4,fused
459757,000000459757.jpg,640x480,0,0.157400,0,1,TN,yolov8l_bsz4.ms,164.75,120.25,285.00,0.500,Idle,4.65,7.79,352.26,4595.00,11499.37,268.07,,0,100,39.00,-66,4415170,-291401.22,4,fused
22755,000000022755.jpg,640x479,0,0.157084,0,1,TN,yolov8l_bsz4.ms,162.75,129.75,292.50,0.500,Idle,4.57,7.79,295.85,4650.00,11499.37,321.80,,0,100,39.00,-69,4415120,-304643.28,4,fused
414638,000000414638.jpg,612x612,0,0.157008,0,1,TN,yolov8l_bsz4.ms,162.75,129.75,292.50,0.500,Idle,4.57,7.79,295.85,4650.00,11499.37,321.80,,0,100,39.00,-69,4415120,-304643.28,4,fused
147498,000000147498.jpg,640x524,0,0.156979,0,1,TN,yolov8l_bsz4.ms,162.75,129.75,292.50,0.500,Idle,4.57,7.79,295.85,4650.00,11499.37,321.80,,0,100,39.00,-69,4415120,-304643.28,4,fused
434479,000000434479.jpg,640x426,0,0.156822,0,1,TN,yolov8l_bsz4.ms,162.75,129.75,292.50,0.500,Idle,4.57,7.79,295.85,4650.00,11499.37,321.80,,0,100,39.00,-69,4415120,-304643.28,4,fused
10977,000000010977.jpg,500x375,0,0.156693,0,1,TN,yolov8l_bsz4.ms,156.00,117.75,273.75,0.500,Idle,4.51,7.97,373.80,4573.00,11499.37,242.98,,0,100,39.00,-61,4415329,-269335.07,4,fused
531771,000000531771.jpg,424x640,0,0.156142,0,1,TN,yolov8l_bsz4.ms,156.00,117.75,273.75,0.500,Idle,4.51,7.97,373.80,4573.00,11499.37,242.98,,0,100,39.00,-61,4415329,-269335.07,4,fused
471991,000000471991.jpg,640x424,0,0.155952,0,1,TN,yolov8l_bsz4.ms,156.00,117.75,273.75,0.500,Idle,4.51,7.97,373.80,4573.00,11499.37,242.98,,0,100,39.00,-61,4415329,-269335.07,4,fused
127955,000000127955.jpg,640x425,0,0.155712,0,1,TN,yolov8l_bsz4.ms,156.00,117.75,273.75,0.500,Idle,4.51,7.97,373.80,4573.00,11499.37,242.98,,0,100,39.00,-61,4415329,-269335.07,4,fused
464358,000000464358.jpg,640x427,0,0.155691,0,1,TN,yolov8l_bsz4.ms,160.50,128.00,288.50,0.500,Idle,4.48,7.97,372.17,4574.00,11499.37,242.47,,0,100,39.00,-58,4415478,-256097.72,4,fused
224664,000000224664.jpg,640x480,0,0.155070,1,0,FN,yolov8l_bsz4.ms,160.50,128.00,288.50,0.500,Idle,4.48,7.97,372.17,4574.00,11499.37,242.47,,0,100,39.00,-58,4415478,-256097.72,4,fused
395343,000000395343.jpg,640x480,0,0.154929,0,1,TN,yolov8l_bsz4.ms,160.50,128.00,288.50,0.500,Idle,4.48,7.97,372.17,4574.00,11499.37,242.47,,0,100,39.00,-58,4415478,-256097.72,4,fused
276921,000000276921.jpg,469x640,0,0.153788,0,1,TN,yolov8l_bsz4.ms,160.50,128.00,288.50,0.500,Idle,4.48,7.97,372.17,4574.00,11499.37,242.47,,0,100,39.00,-58,4415478,-256097.72,4,fused
351559,000000351559.jpg,640x343,0,0.153429,0,1,TN,yolov8l_bsz4.ms,158.00,133.75,291.75,0.500,Idle,4.49,7.91,351.88,4595.00,11499.37,261.81,,0,100,39.00,-58,4415549,-256101.84,4,fused
140439,000000140439.jpg,428x640,0,0.153271,0,1,TN,yolov8l_bsz4.ms,158.00,133.75,291.75,0.500,Idle,4.49,7.91,351.88,4595.00,11499.37,261.81,,0,100,39.00,-58,4415549,-256101.84,4,fused
71756,000000071756.jpg,640x512,0,0.152817,0,1,TN,yolov8l_bsz4.ms,158.00,133.75,291.75,0.500,Idle,4.49,7.91,351.88,4595.00,11499.37,261.81,,0,100,39.00,-58,4415549,-256101.84,4,fused
366611,000000366611.jpg,640x478,0,0.152547,0,1,TN,yolov8l_bsz4.ms,158.00,133.75,291.75,0.500,Idle,4.49,7.91,351.88,4595.00,11499.37,261.81,,0,100,39.00,-58,4415549,-256101.84,4,fused
563603,000000563603.jpg,459x640,0,0.152429,0,1,TN,yolov8l_bsz4.ms,160.00,113.75,273.75,0.500,Idle,5.56,7.91,297.13,4648.00,11499.37,314.02,,0,100,39.00,-68,4415249,-300236.93,4,fused
426241,000000426241.jpg,500x375,0,0.152274,1,0,FN,yolov8l_bsz4.ms,160.00,113.75,273.75,0.500,Idle,5.56,7.91,297.13,4648.00,11499.37,314.02,,0,100,39.00,-68,4415249,-300236.93,4,fused
130566,000000130566.jpg,640x427,0,0.152070,0,1,TN,yolov8l_bsz4.ms,160.00,113.75,273.75,0.500,Idle,5.56,7.91,297.13,4648.00,11499.37,314.02,,0,100,39.00,-68,4415249,-300236.93,4,fused
186980,000000186980.jpg,457x640,0,0.151772,0,1,TN,yolov8l_bsz4.ms,160.00,113.75,273.75,0.500,Idle,5.56,7.91,297.13,4648.00,11499.37,314.02,,0,100,39.00,-68,4415249,-300236.93,4,fused
448810,000000448810.jpg,500x375,0,0.151314,1,0,FN,yolov8l_bsz4.ms,160.50,108.75,269.25,0.500,Idle,4.52,7.48,372.89,4572.00,11499.37,237.05,,0,100,39.00,-65,4415280,-286993.20,4,fused
118515,000000118515.jpg,640x299,0,0.151185,0,1,TN,yolov8l_bsz4.ms,160.50,108.75,269.25,0.500,Idle,4.52,7.48,372.89,4572.00,11499.37,237.05,,0,100,39.00,-65,4415280,-286993.20,4,fused
76261,000000076261.jpg,640x427,0,0.150714,0,1,TN,yolov8l_bsz4.ms,160.50,108.75,269.25,0.500,Idle,4.52,7.48,372.89,4572.00,11499.37,237.05,,0,100,39.00,-65,4415280,-286993.20,4,fused
22969,000000022969.jpg,500x375,0,0.150462,0,1,TN,yolov8l_bsz4.ms,160.50,108.75,269.25,0.500,Idle,4.52,7.48,372.89,4572.00,11499.37,237.05,,0,100,39.00,-65,4415280,-286993.20,4,fused
367195,000000367195.jpg,500x312,0,0.150422,1,0,FN,yolov8l_bsz4.ms,160.75,118.50,279.25,0.500,Idle,4.55,7.48,369.04,4578.00,11499.37,241.44,,0,100,39.00,-66,4415340,-291412.44,4,fused
502136,000000502136.jpg,500x423,0,0.149946,0,1,TN,yolov8l_bsz4.ms,160.75,118.50,279.25,0.500,Idle,4.55,7.48,369.04,4578.00,11499.37,241.44,,0,100,39.00,-66,4415340,-291412.44,4,fused
308430,000000308430.jpg,640x480,0,0.149847,0,1,TN,yolov8l_bsz4.ms,160.75,118.50,279.25,0.500,Idle,4.55,7.48,369.04,4578.00,11499.37,241.44,,0,100,39.00,-66,4415340,-291412.44,4,fused
302760,000000302760.jpg,500x375,0,0.149712,0,1,TN,yolov8l_bsz4.ms,160.75,118.50,279.25,0.500,Idle,4.55,7.48,369.04,4578.00,11499.37,241.44,,0,100,39.00,-66,4415340,-291412.44,4,fused
221281,000000221281.jpg,359x640,0,0.149108,0,1,TN,yolov8l_bsz4.ms,161.50,115.25,276.75,0.500,Idle,4.47,8.20,351.33,4596.00,11499.37,257.27,,0,100,39.00,-65,4415394,-287000.61,4,fused
572517,000000572517.jpg,640x424,0,0.149041,0,1,TN,yolov8l_bsz4.ms,161.50,115.25,276.75,0.500,Idle,4.47,8.20,351.33,4596.00,11499.37,257.27,,0,100,39.00,-65,4415394,-287000.61,4,fused
437898,000000437898.jpg,640x427,0,0.148896,0,1,TN,yolov8l_bsz4.ms,161.50,115.25,276.75,0.500,Idle,4.47,8.20,351.33,4596.00,11499.37,257.27,,0,100,39.00,-65,4415394,-287000.61,4,fused
327769,000000327769.jpg,640x424,0,0.148407,0,1,TN,yolov8l_bsz4.ms,161.50,115.25,276.75,0.500,Idle,4.47,8.20,351.33,4596.00,11499.37,257.27,,0,100,39.00,-65,4415394,-287000.61,4,fused
446207,000000446207.jpg,640x480,0,0.148171,0,1,TN,yolov8l_bsz4.ms,158.50,132.00,290.50,0.500,Idle,4.47,8.20,295.92,4650.00,11499.37,310.75,,0,100,39.00,-79,4414988,-348784.05,4,fused
318455,000000318455.jpg,640x480,0,0.148156,0,1,TN,yolov8l_bsz4.ms,158.50,132.00,290.50,0.500,Idle,4.47,8.20,295.92,4650.00,11499.37,310.75,,0,100,39.00,-79,4414988,-348784.05,4,fused
270386,000000270386.jpg,500x375,0,0.148024,0,1,TN,yolov8l_bsz4.ms,158.50,132.00,290.50,0.500,Idle,4.47,8.20,295.92,4650.00,11499.37,310.75,,0,100,39.00,-79,4414988,-348784.05,4,fused
173183,000000173183.jpg,640x480,0,0.147889,0,1,TN,yolov8l_bsz4.ms,158.50,132.00,290.50,0.500,Idle,4.47,8.20,295.92,4650.00,11499.37,310.75,,0,100,39.00,-79,4414988,-348784.05,4,fused
322574,000000322574.jpg,640x480,0,0.147757,0,1,TN,yolov8l_bsz4.ms,154.50,130.50,285.00,0.500,Idle,4.44,8.03,373.09,4573.00,11499.37,232.63,,0,100,39.00,-69,4415198,-304648.66,4,fused
407825,000000407825.jpg,499x500,0,0.147698,0,1,TN,yolov8l_bsz4.ms,154.50,130.50,285.00,0.500,Idle,4.44,8.03,373.09,4573.00,11499.37,232.63,,0,100,39.00,-69,4415198,-304648.66,4,fused
63552,000000063552.jpg,640x586,0,0.147435,0,1,TN,yolov8l_bsz4.ms,154.50,130.50,285.00,0.500,Idle,4.44,8.03,373.09,4573.00,11499.37,232.63,,0,100,39.00,-69,4415198,-304648.66,4,fused
125072,000000125072.jpg,640x314,0,0.147375,0,1,TN,yolov8l_bsz4.ms,154.50,130.50,285.00,0.500,Idle,4.44,8.03,373.09,4573.00,11499.37,232.63,,0,100,39.00,-69,4415198,-304648.66,4,fused
63740,000000063740.jpg,640x480,0,0.147152,1,0,FN,yolov8l_bsz4.ms,160.00,126.25,286.25,0.500,Idle,4.44,8.03,372.74,4573.00,11499.37,231.41,,0,100,39.00,-94,4414285,-414942.79,4,fused
50896,000000050896.jpg,640x640,0,0.146845,0,1,TN,yolov8l_bsz4.ms,160.00,126.25,286.25,0.500,Idle,4.44,8.03,372.74,4573.00,11499.37,231.41,,0,100,39.00,-94,4414285,-414942.79,4,fused
88218,000000088218.jpg,480x640,0,0.146040,0,1,TN,yolov8l_bsz4.ms,160.00,126.25,286.25,0.500,Idle,4.44,8.03,372.74,4573.00,11499.37,231.41,,0,100,39.00,-94,4414285,-414942.79,4,fused
427500,000000427500.jpg,428x640,0,0.146017,0,1,TN,yolov8l_bsz4.ms,160.00,126.25,286.25,0.500,Idle,4.44,8.03,372.74,4573.00,11499.37,231.41,,0,100,39.00,-94,4414285,-414942.79,4,fused
579970,000000579970.jpg,500x336,0,0.145984,0,1,TN,yolov8l_bsz4.ms,158.00,119.50,277.50,0.500,Idle,4.49,8.20,351.26,4598.00,11499.37,260.84,,0,100,39.00,-62,4415458,-273758.40,4,fused
244592,000000244592.jpg,500x374,0,0.144617,0,1,TN,yolov8l_bsz4.ms,158.00,119.50,277.50,0.500,Idle,4.49,8.20,351.26,4598.00,11499.37,260.84,,0,100,39.00,-62,4415458,-273758.40,4,fused
255401,000000255401.jpg,416x500,0,0.144549,0,1,TN,yolov8l_bsz4.ms,158.00,119.50,277.50,0.500,Idle,4.49,8.20,351.26,4598.00,11499.37,260.84,,0,100,39.00,-62,4415458,-273758.40,4,fused
227765,000000227765.jpg,640x480,0,0.144513,0,1,TN,yolov8l_bsz4.ms,158.00,119.50,277.50,0.500,Idle,4.49,8.20,351.26,4598.00,11499.37,260.84,,0,100,39.00,-62,4415458,-273758.40,4,fused
41888,000000041888.jpg,640x480,0,0.144500,0,1,TN,yolov8l_bsz4.ms,159.50,110.50,270.00,0.500,Idle,8.45,8.20,303.47,4646.00,11499.37,306.67,,0,100,39.00,-82,4415065,-362035.33,4,fused
319617,000000319617.jpg,320x240,0,0.144248,0,1,TN,yolov8l_bsz4.ms,159.50,110.50,270.00,0.500,Idle,8.45,8.20,303.47,4646.00,11499.37,306.67,,0,100,39.00,-82,4415065,-362035.33,4,fused
14831,000000014831.jpg,480x640,0,0.144202,0,1,TN,yolov8l_bsz4.ms,159.50,110.50,270.00,0.500,Idle,8.45,8.20,303.47,4646.00,11499.37,306.67,,0,100,39.00,-82,4415065,-362035.33,4,fused
138241,000000138241.jpg,480x640,0,0.144128,0,1,TN,yolov8l_bsz4.ms,159.50,110.50,270.00,0.500,Idle,8.45,8.20,303.47,4646.00,11499.37,306.67,,0,100,39.00,-82,4415065,-362035.33,4,fused
243495,000000243495.jpg,375x500,0,0.143935,0,1,TN,yolov8l_bsz4.ms,161.50,113.50,275.00,0.500,Idle,4.60,6.30,372.78,4576.00,11499.37,235.21,,0,100,39.00,-68,4415295,-300240.06,4,fused
289586,000000289586.jpg,426x640,0,0.143535,0,1,TN,yolov8l_bsz4.ms,161.50,113.50,275.00,0.500,Idle,4.60,6.30,372.78,4576.00,11499.37,235.21,,0,100,39.00,-68,4415295,-300240.06,4,fused
533855,000000533855.jpg,640x428,0,0.143491,0,1,TN,yolov8l_bsz4.ms,161.50,113.50,275.00,0.500,Idle,4.60,6.30,372.78,4576.00,11499.37,235.21,,0,100,39.00,-68,4415295,-300240.06,4,fused
203488,000000203488.jpg,640x480,0,0.143382,0,1,TN,yolov8l_bsz4.ms,161.50,113.50,275.00,0.500,Idle,4.60,6.30,372.78,4576.00,11499.37,235.21,,0,100,39.00,-68,4415295,-300240.06,4,fused
270297,000000270297.jpg,640x427,0,0.142809,1,0,FN,yolov8l_bsz4.ms,160.25,110.25,270.50,0.500,Idle,4.51,6.30,371.55,4577.00,11499.37,234.43,,0,100,39.00,-63,4415411,-278170.89,4,fused
282912,000000282912.jpg,480x640,0,0.142807,0,1,TN,yolov8l_bsz4.ms,160.25,110.25,270.50,0.500,Idle,4.51,6.30,371.55,4577.00,11499.37,234.43,,0,100,39.00,-63,4415411,-278170.89,4,fused
326627,000000326627.jpg,640x480,0,0.142283,0,1,TN,yolov8l_bsz4.ms,160.25,110.25,270.50,0.500,Idle,4.51,6.30,371.55,4577.00,11499.37,234.43,,0,100,39.00,-63,4415411,-278170.89,4,fused
577182,000000577182.jpg,640x427,0,0.142173,0,1,TN,yolov8l_bsz4.ms,160.25,110.25,270.50,0.500,Idle,4.51,6.30,371.55,4577.00,11499.37,234.43,,0,100,39.00,-63,4415411,-278170.89,4,fused
16010,000000016010.jpg,640x471,0,0.141472,0,1,TN,yolov8l_bsz4.ms,154.25,124.50,278.75,0.500,Idle,4.52,7.94,351.85,4596.00,11499.37,252.91,,0,100,39.00,-59,4415567,-260518.45,4,fused
193884,000000193884.jpg,640x480,0,0.141303,0,1,TN,yolov8l_bsz4.ms,154.25,124.50,278.75,0.500,Idle,4.52,7.94,351.85,4596.00,11499.37,252.91,,0,100,39.00,-59,4415567,-260518.45,4,fused
167353,000000167353.jpg,480x640,0,0.140793,0,1,TN,yolov8l_bsz4.ms,154.25,124.50,278.75,0.500,Idle,4.52,7.94,351.85,4596.00,11499.37,252.91,,0,100,39.00,-59,4415567,-260518.45,4,fused
540502,000000540502.jpg,640x427,0,0.140578,0,1,TN,yolov8l_bsz4.ms,154.25,124.50,278.75,0.500,Idle,4.52,7.94,351.85,4596.00,11499.37,252.91,,0,100,39.00,-59,4415567,-260518.45,4,fused
103548,000000103548.jpg,640x480,0,0.140478,1,0,FN,yolov8l_bsz4.ms,157.25,127.50,284.75,0.500,Idle,4.50,7.94,296.14,4652.00,11499.37,307.21,,0,100,39.00,-66,4415319,-291411.05,4,fused
386134,000000386134.jpg,612x612,0,0.139909,0,1,TN,yolov8l_bsz4.ms,157.25,127.50,284.75,0.500,Idle,4.50,7.94,296.14,4652.00,11499.37,307.21,,0,100,39.00,-66,4415319,-291411.05,4,fused
309938,000000309938.jpg,640x480,0,0.139396,0,1,TN,yolov8l_bsz4.ms,157.25,127.50,284.75,0.500,Idle,4.50,7.94,296.14,4652.00,11499.37,307.21,,0,100,39.00,-66,4415319,-291411.05,4,fused
203095,000000203095.jpg,640x480,0,0.139396,0,1,TN,yolov8l_bsz4.ms,157.25,127.50,284.75,0.500,Idle,4.50,7.94,296.14,4652.00,11499.37,307.21,,0,100,39.00,-66,4415319,-291411.05,4,fused
232088,000000232088.jpg,640x480,0,0.139138,0,1,TN,yolov8l_bsz4.ms,156.00,127.75,283.75,0.500,Idle,4.43,7.81,374.56,4573.00,11499.37,227.16,,0,100,39.00,-64,4415350,-282582.40,4,fused
17714,000000017714.jpg,640x480,0,0.138814,0,1,TN,yolov8l_bsz4.ms,156.00,127.75,283.75,0.500,Idle,4.43,7.81,374.56,4573.00,11499.37,227.16,,0,100,39.00,-64,4415350,-282582.40,4,fused
185157,000000185157.jpg,426x640,0,0.138431,0,1,TN,yolov8l_bsz4.ms,156.00,127.75,283.75,0.500,Idle,4.43,7.81,374.56,4573.00,11499.37,227.16,,0,100,39.00,-64,4415350,-282582.40,4,fused
90003,000000090003.jpg,640x480,0,0.138218,0,1,TN,yolov8l_bsz4.ms,156.00,127.75,283.75,0.500,Idle,4.43,7.81,374.56,4573.00,11499.37,227.16,,0,100,39.00,-64,4415350,-282582.40,4,fused
526751,000000526751.jpg,640x427,0,0.138217,0,1,TN,yolov8l_bsz4.ms,158.50,126.50,285.00,0.500,Idle,4.43,7.81,374.59,4572.00,11499.37,224.34,,0,100,39.00,-62,4415425,-273756.35,4,fused
226058,000000226058.jpg,640x480,0,0.137809,0,1,TN,yolov8l_bsz4.ms,158.50,126.50,285.00,0.500,Idle,4.43,7.81,374.59,4572.00,11499.37,224.34,,0,100,39.00,-62,4415425,-273756.35,4,fused
172547,000000172547.jpg,640x480,0,0.137373,0,1,TN,yolov8l_bsz4.ms,158.50,126.50,285.00,0.500,Idle,4.43,7.81,374.59,4572.00,11499.37,224.34,,0,100,39.00,-62,4415425,-273756.35,4,fused
499109,000000499109.jpg,480x640,0,0.137087,0,1,TN,yolov8l_bsz4.ms,158.50,126.50,285.00,0.500,Idle,4.43,7.81,374.59,4572.00,11499.37,224.34,,0,100,39.00,-62,4415425,-273756.35,4,fused
76731,000000076731.jpg,640x406,0,0.137037,0,1,TN,yolov8l_bsz4.ms,158.25,119.00,277.25,0.500,Idle,4.45,8.07,351.95,4594.00,11499.37,245.24,,0,100,39.00,-58,4415510,-256099.58,4,fused
567898,000000567898.jpg,640x454,0,0.135903,0,1,TN,yolov8l_bsz4.ms,158.25,119.00,277.25,0.500,Idle,4.45,8.07,351.95,4594.00,11499.37,245.24,,0,100,39.00,-58,4415510,-256099.58,4,fused
486040,000000486040.jpg,480x640,0,0.135754,0,1,TN,yolov8l_bsz4.ms,158.25,119.00,277.25,0.500,Idle,4.45,8.07,351.95,4594.00,11499.37,245.24,,0,100,39.00,-58,4415510,-256099.58,4,fused
389804,000000389804.jpg,640x425,0,0.135424,0,1,TN,yolov8l_bsz4.ms,158.25,119.00,277.25,0.500,Idle,4.45,8.07,351.95,4594.00,11499.37,245.24,,0,100,39.00,-58,4415510,-256099.58,4,fused
57027,000000057027.jpg,640x426,0,0.135283,0,1,TN,yolov8l_bsz4.ms,157.00,118.00,275.00,0.500,Idle,4.42,8.07,295.73,4650.00,11499.37,299.85,,0,100,39.00,-62,4415526,-273762.61,4,fused
128598,000000128598.jpg,480x640,0,0.135222,0,1,TN,yolov8l_bsz4.ms,157.00,118.00,275.00,0.500,Idle,4.42,8.07,295.73,4650.00,11499.37,299.85,,0,100,39.00,-62,4415526,-273762.61,4,fused
385719,000000385719.jpg,640x421,0,0.135189,0,1,TN,yolov8l_bsz4.ms,157.00,118.00,275.00,0.500,Idle,4.42,8.07,295.73,4650.00,11499.37,299.85,,0,100,39.00,-62,4415526,-273762.61,4,fused
176847,000000176847.jpg,640x480,0,0.135073,0,1,TN,yolov8l_bsz4.ms,157.00,118.00,275.00,0.500,Idle,4.42,8.07,295.73,4650.00,11499.37,299.85,,0,100,39.00,-62,4415526,-273762.61,4,fused
433980,000000433980.jpg,375x500,0,0.134804,1,0,FN,yolov8l_bsz4.ms,156.75,124.00,280.75,0.500,Idle,5.59,9.04,374.01,4572.00,11499.37,219.87,,0,100,39.00,-69,4415302,-304655.84,4,fused
453722,000000453722.jpg,640x427,0,0.134740,0,1,TN,yolov8l_bsz4.ms,156.75,124.00,280.75,0.500,Idle,5.59,9.04,374.01,4572.00,11499.37,219.87,,0,100,39.00,-69,4415302,-304655.84,4,fused
366178,000000366178.jpg,375x500,0,0.134460,0,1,TN,yolov8l_bsz4.ms,156.75,124.00,280.75,0.500,Idle,5.59,9.04,374.01,4572.00,11499.37,219.87,,0,100,39.00,-69,4415302,-304655.84,4,fused
472678,000000472678.jpg,640x480,0,0.134265,1,0,FN,yolov8l_bsz4.ms,156.75,124.00,280.75,0.500,Idle,5.59,9.04,374.01,4572.00,11499.37,219.87,,0,100,39.00,-69,4415302,-304655.84,4,fused
110884,000000110884.jpg,640x640,0,0.134139,0,1,TN,yolov8l_bsz4.ms,163.25,112.25,275.50,0.500,Idle,5.10,9.04,378.24,4529.00,11499.37,176.39,,0,100,39.00,-62,4415383,-273753.75,4,fused
234413,000000234413.jpg,640x480,0,0.133609,0,1,TN,yolov8l_bsz4.ms,163.25,112.25,275.50,0.500,Idle,5.10,9.04,378.24,4529.00,11499.37,176.39,,0,100,39.00,-62,4415383,-273753.75,4,fused
309495,000000309495.jpg,326x500,0,0.133200,0,1,TN,yolov8l_bsz4.ms,163.25,112.25,275.50,0.500,Idle,5.10,9.04,378.24,4529.00,11499.37,176.39,,0,100,39.00,-62,4415383,-273753.75,4,fused
396580,000000396580.jpg,640x430,0,0.133027,0,1,TN,yolov8l_bsz4.ms,163.25,112.25,275.50,0.500,Idle,5.10,9.04,378.24,4529.00,11499.37,176.39,,0,100,39.00,-62,4415383,-273753.75,4,fused
524742,000000524742.jpg,640x480,0,0.131662,0,1,TN,yolov8l_bsz4.ms,161.25,117.25,278.50,0.500,Idle,4.76,13.32,351.11,4590.00,11499.37,415.24,,0,100,39.00,-109,4413946,-481120.11,4,fused
134689,000000134689.jpg,427x640,0,0.131010,0,1,TN,yolov8l_bsz4.ms,161.25,117.25,278.50,0.500,Idle,4.76,13.32,351.11,4590.00,11499.37,415.24,,0,100,39.00,-109,4413946,-481120.11,4,fused
184400,000000184400.jpg,640x480,0,0.130635,0,1,TN,yolov8l_bsz4.ms,161.25,117.25,278.50,0.500,Idle,4.76,13.32,351.11,4590.00,11499.37,415.24,,0,100,39.00,-109,4413946,-481120.11,4,fused
516708,000000516708.jpg,500x375,0,0.130026,0,1,TN,yolov8l_bsz4.ms,161.25,117.25,278.50,0.500,Idle,4.76,13.32,351.11,4590.00,11499.37,415.24,,0,100,39.00,-109,4413946,-481120.11,4,fused
471567,000000471567.jpg,640x480,0,0.129718,1,0,FN,yolov8l_bsz4.ms,156.75,124.25,281.00,0.500,Idle,4.75,13.32,305.95,4640.00,11499.37,462.69,,0,100,39.00,-64,4415344,-282582.02,4,fused
94326,000000094326.jpg,375x500,0,0.129242,1,0,FN,yolov8l_bsz4.ms,156.75,124.25,281.00,0.500,Idle,4.75,13.32,305.95,4640.00,11499.37,462.69,,0,100,39.00,-64,4415344,-282582.02,4,fused
475572,000000475572.jpg,640x431,0,0.128978,1,0,FN,yolov8l_bsz4.ms,156.75,124.25,281.00,0.500,Idle,4.75,13.32,305.95,4640.00,11499.37,462.69,,0,100,39.00,-64,4415344,-282582.02,4,fused
433134,000000433134.jpg,640x480,0,0.128889,0,1,TN,yolov8l_bsz4.ms,156.75,124.25,281.00,0.500,Idle,4.75,13.32,305.95,4640.00,11499.37,462.69,,0,100,39.00,-64,4415344,-282582.02,4,fused
506279,000000506279.jpg,640x640,0,0.128881,0,1,TN,yolov8l_bsz4.ms,158.00,110.75,268.75,0.500,Idle,4.56,12.94,376.51,4598.00,11499.37,420.05,,0,100,39.00,-118,4413718,-520818.72,4,fused
520531,000000520531.jpg,640x480,0,0.128825,0,1,TN,yolov8l_bsz4.ms,158.00,110.75,268.75,0.500,Idle,4.56,12.94,376.51,4598.00,11499.37,420.05,,0,100,39.00,-118,4413718,-520818.72,4,fused
287959,000000287959.jpg,640x480,0,0.128603,0,1,TN,yolov8l_bsz4.ms,158.00,110.75,268.75,0.500,Idle,4.56,12.94,376.51,4598.00,11499.37,420.05,,0,100,39.00,-118,4413718,-520818.72,4,fused
481404,000000481404.jpg,640x424,0,0.128446,0,1,TN,yolov8l_bsz4.ms,158.00,110.75,268.75,0.500,Idle,4.56,12.94,376.51,4598.00,11499.37,420.05,,0,100,39.00,-118,4413718,-520818.72,4,fused
135670,000000135670.jpg,375x500,0,0.128151,0,1,TN,yolov8l_bsz4.ms,160.00,112.75,272.75,0.500,Idle,4.52,12.94,370.06,4608.00,11499.37,428.33,,0,100,39.00,-69,4415188,-304647.97,4,fused
382696,000000382696.jpg,640x480,0,0.127928,0,1,TN,yolov8l_bsz4.ms,160.00,112.75,272.75,0.500,Idle,4.52,12.94,370.06,4608.00,11499.37,428.33,,0,100,39.00,-69,4415188,-304647.97,4,fused
156292,000000156292.jpg,428x640,0,0.127770,1,0,FN,yolov8l_bsz4.ms,160.00,112.75,272.75,0.500,Idle,4.52,12.94,370.06,4608.00,11499.37,428.33,,0,100,39.00,-69,4415188,-304647.97,4,fused
200667,000000200667.jpg,640x425,0,0.127384,0,1,TN,yolov8l_bsz4.ms,160.00,112.75,272.75,0.500,Idle,4.52,12.94,370.06,4608.00,11499.37,428.33,,0,100,39.00,-69,4415188,-304647.97,4,fused
32610,000000032610.jpg,640x427,0,0.126699,0,1,TN,yolov8l_bsz4.ms,158.50,124.50,283.00,0.500,Idle,4.56,11.51,351.04,4627.00,11499.37,446.43,,0,100,39.00,-59,4415426,-260510.13,4,fused
267351,000000267351.jpg,640x426,0,0.126510,0,1,TN,yolov8l_bsz4.ms,158.50,124.50,283.00,0.500,Idle,4.56,11.51,351.04,4627.00,11499.37,446.43,,0,100,39.00,-59,4415426,-260510.13,4,fused
61471,000000061471.jpg,640x480,0,0.125876,0,1,TN,yolov8l_bsz4.ms,158.50,124.50,283.00,0.500,Idle,4.56,11.51,351.04,4627.00,11499.37,446.43,,0,100,39.00,-59,4415426,-260510.13,4,fused
500826,000000500826.jpg,640x426,0,0.125857,0,1,TN,yolov8l_bsz4.ms,158.50,124.50,283.00,0.500,Idle,4.56,11.51,351.04,4627.00,11499.37,446.43,,0,100,39.00,-59,4415426,-260510.13,4,fused
301421,000000301421.jpg,640x427,0,0.125410,0,1,TN,yolov8l_bsz4.ms,158.00,125.00,283.00,0.500,Idle,4.55,11.51,295.29,4683.00,11499.37,501.14,,0,100,39.00,-57,4415516,-251684.41,4,fused
90631,000000090631.jpg,640x389,0,0.125210,0,1,TN,yolov8l_bsz4.ms,158.00,125.00,283.00,0.500,Idle,4.55,11.51,295.29,4683.00,11499.37,501.14,,0,100,39.00,-57,4415516,-251684.41,4,fused
202445,000000202445.jpg,612x612,0,0.125186,0,1,TN,yolov8l_bsz4.ms,158.00,125.00,283.00,0.500,Idle,4.55,11.51,295.29,4683.00,11499.37,501.14,,0,100,39.00,-57,4415516,-251684.41,4,fused
35770,000000035770.jpg,480x640,0,0.124826,0,1,TN,yolov8l_bsz4.ms,158.00,125.00,283.00,0.500,Idle,4.55,11.51,295.29,4683.00,11499.37,501.14,,0,100,39.00,-57,4415516,-251684.41,4,fused
304545,000000304545.jpg,640x522,0,0.124302,0,1,TN,yolov8l_bsz4.ms,160.25,114.25,274.50,0.500,Idle,10.00,10.45,374.18,4604.00,11499.37,420.79,,0,100,39.00,-68,4415216,-300234.69,4,fused
148783,000000148783.jpg,448x640,0,0.123687,0,1,TN,yolov8l_bsz4.ms,160.25,114.25,274.50,0.500,Idle,10.00,10.45,374.18,4604.00,11499.37,420.79,,0,100,39.00,-68,4415216,-300234.69,4,fused
234779,000000234779.jpg,640x427,0,0.123275,0,1,TN,yolov8l_bsz4.ms,160.25,114.25,274.50,0.500,Idle,10.00,10.45,374.18,4604.00,11499.37,420.79,,0,100,39.00,-68,4415216,-300234.69,4,fused
233033,000000233033.jpg,640x480,0,0.123234,0,1,TN,yolov8l_bsz4.ms,160.25,114.25,274.50,0.500,Idle,10.00,10.45,374.18,4604.00,11499.37,420.79,,0,100,39.00,-68,4415216,-300234.69,4,fused
506454,000000506454.jpg,640x480,0,0.122806,1,0,FN,yolov8l_bsz4.ms,160.00,103.75,263.75,0.500,Idle,4.19,10.45,370.74,4606.00,11499.37,420.79,,0,100,39.00,-68,4415100,-300226.80,4,fused
384350,000000384350.jpg,640x480,0,0.122554,0,1,TN,yolov8l_bsz4.ms,160.00,103.75,263.75,0.500,Idle,4.19,10.45,370.74,4606.00,11499.37,420.79,,0,100,39.00,-68,4415100,-300226.80,4,fused
151962,000000151962.jpg,640x479,0,0.122522,1,0,FN,yolov8l_bsz4.ms,160.00,103.75,263.75,0.500,Idle,4.19,10.45,370.74,4606.00,11499.37,420.79,,0,100,39.00,-68,4415100,-300226.80,4,fused
372466,000000372466.jpg,640x360,0,0.122214,0,1,TN,yolov8l_bsz4.ms,160.00,103.75,263.75,0.500,Idle,4.19,10.45,370.74,4606.00,11499.37,420.79,,0,100,39.00,-68,4415100,-300226.80,4,fused
222559,000000222559.jpg,640x426,0,0.121864,1,0,FN,yolov8l_bsz4.ms,158.00,113.75,271.75,0.500,Idle,4.29,7.36,351.20,4625.00,11499.37,438.58,,0,100,39.00,-59,4415488,-260513.79,4,fused
61171,000000061171.jpg,640x480,0,0.121412,0,1,TN,yolov8l_bsz4.ms,158.00,113.75,271.75,0.500,Idle,4.29,7.36,351.20,4625.00,11499.37,438.58,,0,100,39.00,-59,4415488,-260513.79,4,fused
433243,000000433243.jpg,640x424,0,0.119669,0,1,TN,yolov8l_bsz4.ms,158.00,113.75,271.75,0.500,Idle,4.29,7.36,351.20,4625.00,11499.37,438.58,,0,100,39.00,-59,4415488,-260513.79,4,fused
475150,000000475150.jpg,640x427,0,0.119550,0,1,TN,yolov8l_bsz4.ms,158.00,113.75,271.75,0.500,Idle,4.29,7.36,351.20,4625.00,11499.37,438.58,,0,100,39.00,-59,4415488,-260513.79,4,fused
360393,000000360393.jpg,640x427,0,0.119015,0,1,TN,yolov8l_bsz4.ms,155.25,132.25,287.50,0.500,Idle,4.38,7.36,295.71,4680.00,11499.37,491.86,,0,100,39.00,-55,4415578,-242856.79,4,fused
104119,000000104119.jpg,640x480,0,0.118902,0,1,TN,yolov8l_bsz4.ms,155.25,132.25,287.50,0.500,Idle,4.38,7.36,295.71,4680.00,11499.37,491.86,,0,100,39.00,-55,4415578,-242856.79,4,fused
164363,000000164363.jpg,640x604,0,0.118695,0,1,TN,yolov8l_bsz4.ms,155.25,132.25,287.50,0.500,Idle,4.38,7.36,295.71,4680.00,11499.37,491.86,,0,100,39.00,-55,4415578,-242856.79,4,fused
298994,000000298994.jpg,640x428,0,0.118295,0,1,TN,yolov8l_bsz4.ms,155.25,132.25,287.50,0.500,Idle,4.38,7.36,295.71,4680.00,11499.37,491.86,,0,100,39.00,-55,4415578,-242856.79,4,fused
520077,000000520077.jpg,640x427,0,0.118011,0,1,TN,yolov8l_bsz4.ms,158.00,115.00,273.00,0.500,Idle,4.25,7.63,373.64,4601.00,11499.37,412.37,,0,100,39.00,-64,4415274,-282577.54,4,fused
173302,000000173302.jpg,640x425,0,0.117751,1,0,FN,yolov8l_bsz4.ms,158.00,115.00,273.00,0.500,Idle,4.25,7.63,373.64,4601.00,11499.37,412.37,,0,100,39.00,-64,4415274,-282577.54,4,fused
314034,000000314034.jpg,640x480,0,0.117225,0,1,TN,yolov8l_bsz4.ms,158.00,115.00,273.00,0.500,Idle,4.25,7.63,373.64,4601.00,11499.37,412.37,,0,100,39.00,-64,4415274,-282577.54,4,fused
209747,000000209747.jpg,500x350,0,0.116975,0,1,TN,yolov8l_bsz4.ms,158.00,115.00,273.00,0.500,Idle,4.25,7.63,373.64,4601.00,11499.37,412.37,,0,100,39.00,-64,4415274,-282577.54,4,fused
392228,000000392228.jpg,480x640,0,0.116784,0,1,TN,yolov8l_bsz4.ms,160.50,109.75,270.25,0.500,Idle,4.28,7.63,371.05,4603.00,11499.37,413.11,,0,100,39.00,-58,4415391,-256092.68,4,fused
425390,000000425390.jpg,500x375,0,0.116650,0,1,TN,yolov8l_bsz4.ms,160.50,109.75,270.25,0.500,Idle,4.28,7.63,371.05,4603.00,11499.37,413.11,,0,100,39.00,-58,4415391,-256092.68,4,fused
433374,000000433374.jpg,640x428,0,0.116474,0,1,TN,yolov8l_bsz4.ms,160.50,109.75,270.25,0.500,Idle,4.28,7.63,371.05,4603.00,11499.37,413.11,,0,100,39.00,-58,4415391,-256092.68,4,fused
200252,000000200252.jpg,500x375,0,0.116440,0,1,TN,yolov8l_bsz4.ms,160.50,109.75,270.25,0.500,Idle,4.28,7.63,371.05,4603.00,11499.37,413.11,,0,100,39.00,-58,4415391,-256092.68,4,fused
19742,000000019742.jpg,500x374,0,0.115784,0,1,TN,yolov8l_bsz4.ms,156.75,122.00,278.75,0.500,Idle,4.34,7.88,352.75,4622.00,11499.37,430.75,,0,100,39.00,-58,4415481,-256097.90,4,fused
221872,000000221872.jpg,640x427,0,0.115556,0,1,TN,yolov8l_bsz4.ms,156.75,122.00,278.75,0.500,Idle,4.34,7.88,352.75,4622.00,11499.37,430.75,,0,100,39.00,-58,4415481,-256097.90,4,fused
407403,000000407403.jpg,346x500,0,0.115463,0,1,TN,yolov8l_bsz4.ms,156.75,122.00,278.75,0.500,Idle,4.34,7.88,352.75,4622.00,11499.37,430.75,,0,100,39.00,-58,4415481,-256097.90,4,fused
384651,000000384651.jpg,640x436,0,0.115412,0,1,TN,yolov8l_bsz4.ms,156.75,122.00,278.75,0.500,Idle,4.34,7.88,352.75,4622.00,11499.37,430.75,,0,100,39.00,-58,4415481,-256097.90,4,fused
92839,000000092839.jpg,640x517,0,0.115104,0,1,TN,yolov8l_bsz4.ms,157.50,123.00,280.50,0.500,Idle,4.35,7.88,296.67,4677.00,11499.37,484.11,,0,100,39.00,-69,4415100,-304641.90,4,fused
416745,000000416745.jpg,612x612,0,0.114627,0,1,TN,yolov8l_bsz4.ms,157.50,123.00,280.50,0.500,Idle,4.35,7.88,296.67,4677.00,11499.37,484.11,,0,100,39.00,-69,4415100,-304641.90,4,fused
30785,000000030785.jpg,640x480,0,0.114127,0,1,TN,yolov8l_bsz4.ms,157.50,123.00,280.50,0.500,Idle,4.35,7.88,296.67,4677.00,11499.37,484.11,,0,100,39.00,-69,4415100,-304641.90,4,fused
23230,000000023230.jpg,640x480,0,0.113796,0,1,TN,yolov8l_bsz4.ms,157.50,123.00,280.50,0.500,Idle,4.35,7.88,296.67,4677.00,11499.37,484.11,,0,100,39.00,-69,4415100,-304641.90,4,fused
522751,000000522751.jpg,640x335,0,0.113652,0,1,TN,yolov8l_bsz4.ms,156.75,115.25,272.00,0.500,Idle,4.32,7.70,374.52,4600.00,11499.37,405.32,,0,100,39.00,-61,4415375,-269337.88,4,fused
326082,000000326082.jpg,640x426,0,0.113596,0,1,TN,yolov8l_bsz4.ms,156.75,115.25,272.00,0.500,Idle,4.32,7.70,374.52,4600.00,11499.37,405.32,,0,100,39.00,-61,4415375,-269337.88,4,fused
357081,000000357081.jpg,640x427,0,0.113368,0,1,TN,yolov8l_bsz4.ms,156.75,115.25,272.00,0.500,Idle,4.32,7.70,374.52,4600.00,11499.37,405.32,,0,100,39.00,-61,4415375,-269337.88,4,fused
459887,000000459887.jpg,480x640,0,0.113240,0,1,TN,yolov8l_bsz4.ms,156.75,115.25,272.00,0.500,Idle,4.32,7.70,374.52,4600.00,11499.37,405.32,,0,100,39.00,-61,4415375,-269337.88,4,fused
92660,000000092660.jpg,640x427,0,0.112421,0,1,TN,yolov8l_bsz4.ms,163.50,108.25,271.75,0.500,Idle,8.18,7.70,372.12,4601.00,11499.37,405.39,,0,100,39.00,-78,4414956,-344366.57,4,fused
545958,000000545958.jpg,640x428,0,0.112366,0,1,TN,yolov8l_bsz4.ms,163.50,108.25,271.75,0.500,Idle,8.18,7.70,372.12,4601.00,11499.37,405.39,,0,100,39.00,-78,4414956,-344366.57,4,fused
383921,000000383921.jpg,640x480,0,0.112223,0,1,TN,yolov8l_bsz4.ms,163.50,108.25,271.75,0.500,Idle,8.18,7.70,372.12,4601.00,11499.37,405.39,,0,100,39.00,-78,4414956,-344366.57,4,fused
239318,000000239318.jpg,375x500,0,0.111386,0,1,TN,yolov8l_bsz4.ms,163.50,108.25,271.75,0.500,Idle,8.18,7.70,372.12,4601.00,11499.37,405.39,,0,100,39.00,-78,4414956,-344366.57,4,fused
288762,000000288762.jpg,640x425,0,0.110712,0,1,TN,yolov8l_bsz4.ms,159.25,109.50,268.75,0.500,Idle,5.48,7.87,351.28,4622.00,11499.37,425.01,,0,100,39.00,-69,4415174,-304647.01,4,fused
296284,000000296284.jpg,270x360,0,0.110253,0,1,TN,yolov8l_bsz4.ms,159.25,109.50,268.75,0.500,Idle,5.48,7.87,351.28,4622.00,11499.37,425.01,,0,100,39.00,-69,4415174,-304647.01,4,fused
289659,000000289659.jpg,640x426,0,0.110128,0,1,TN,yolov8l_bsz4.ms,159.25,109.50,268.75,0.500,Idle,5.48,7.87,351.28,4622.00,11499.37,425.01,,0,100,39.00,-69,4415174,-304647.01,4,fused
289516,000000289516.jpg,304x640,0,0.110002,0,1,TN,yolov8l_bsz4.ms,159.25,109.50,268.75,0.500,Idle,5.48,7.87,351.28,4622.00,11499.37,425.01,,0,100,39.00,-69,4415174,-304647.01,4,fused
331352,000000331352.jpg,351x500,0,0.109983,0,1,TN,yolov8l_bsz4.ms,160.50,118.25,278.75,0.500,Idle,5.00,7.87,300.62,4672.00,11499.37,474.11,,0,100,39.00,-85,4414735,-375252.47,4,fused
557501,000000557501.jpg,640x480,0,0.109576,0,1,TN,yolov8l_bsz4.ms,160.50,118.25,278.75,0.500,Idle,5.00,7.87,300.62,4672.00,11499.37,474.11,,0,100,39.00,-85,4414735,-375252.47,4,fused
180798,000000180798.jpg,375x500,0,0.109145,0,1,TN,yolov8l_bsz4.ms,160.50,118.25,278.75,0.500,Idle,5.00,7.87,300.62,4672.00,11499.37,474.11,,0,100,39.00,-85,4414735,-375252.47,4,fused
426166,000000426166.jpg,500x332,0,0.108896,0,1,TN,yolov8l_bsz4.ms,160.50,118.25,278.75,0.500,Idle,5.00,7.87,300.62,4672.00,11499.37,474.11,,0,100,39.00,-85,4414735,-375252.47,4,fused
51738,000000051738.jpg,500x375,0,0.108404,0,1,TN,yolov8l_bsz4.ms,159.75,126.75,286.50,0.500,Idle,4.76,8.06,371.02,4602.00,11499.37,402.42,,0,100,39.00,-66,4415221,-291404.59,4,fused
444275,000000444275.jpg,640x480,0,0.108301,0,1,TN,yolov8l_bsz4.ms,159.75,126.75,286.50,0.500,Idle,4.76,8.06,371.02,4602.00,11499.37,402.42,,0,100,39.00,-66,4415221,-291404.59,4,fused
31749,000000031749.jpg,640x640,0,0.108034,0,1,TN,yolov8l_bsz4.ms,159.75,126.75,286.50,0.500,Idle,4.76,8.06,371.02,4602.00,11499.37,402.42,,0,100,39.00,-66,4415221,-291404.59,4,fused
559099,000000559099.jpg,640x360,0,0.107733,0,1,TN,yolov8l_bsz4.ms,159.75,126.75,286.50,0.500,Idle,4.76,8.06,371.02,4602.00,11499.37,402.42,,0,100,39.00,-66,4415221,-291404.59,4,fused
118594,000000118594.jpg,640x480,0,0.106993,0,1,TN,yolov8l_bsz4.ms,158.00,111.75,269.75,0.500,Idle,4.69,8.06,372.28,4600.00,11499.37,398.46,,0,100,39.00,-79,4414576,-348751.50,4,fused
2592,000000002592.jpg,640x366,0,0.106846,0,1,TN,yolov8l_bsz4.ms,158.00,111.75,269.75,0.500,Idle,4.69,8.06,372.28,4600.00,11499.37,398.46,,0,100,39.00,-79,4414576,-348751.50,4,fused
551780,000000551780.jpg,640x480,0,0.106641,0,1,TN,yolov8l_bsz4.ms,158.00,111.75,269.75,0.500,Idle,4.69,8.06,372.28,4600.00,11499.37,398.46,,0,100,39.00,-79,4414576,-348751.50,4,fused
155571,000000155571.jpg,640x428,0,0.106587,0,1,TN,yolov8l_bsz4.ms,158.00,111.75,269.75,0.500,Idle,4.69,8.06,372.28,4600.00,11499.37,398.46,,0,100,39.00,-79,4414576,-348751.50,4,fused
51309,000000051309.jpg,640x360,0,0.106570,0,1,TN,yolov8l_bsz4.ms,157.25,111.75,269.00,0.500,Idle,4.62,7.99,351.08,4621.00,11499.37,418.36,,0,100,39.00,-66,4415206,-291403.60,4,fused
207585,000000207585.jpg,640x480,0,0.106137,0,1,TN,yolov8l_bsz4.ms,157.25,111.75,269.00,0.500,Idle,4.62,7.99,351.08,4621.00,11499.37,418.36,,0,100,39.00,-66,4415206,-291403.60,4,fused
383676,000000383676.jpg,640x480,0,0.106091,0,1,TN,yolov8l_bsz4.ms,157.25,111.75,269.00,0.500,Idle,4.62,7.99,351.08,4621.00,11499.37,418.36,,0,100,39.00,-66,4415206,-291403.60,4,fused
221502,000000221502.jpg,640x320,0,0.105456,0,1,TN,yolov8l_bsz4.ms,157.25,111.75,269.00,0.500,Idle,4.62,7.99,351.08,4621.00,11499.37,418.36,,0,100,39.00,-66,4415206,-291403.60,4,fused
297698,000000297698.jpg,640x441,0,0.105221,1,0,FN,yolov8l_bsz4.ms,157.50,122.50,280.00,0.500,Idle,4.59,7.99,296.25,4674.00,11499.37,470.62,,0,100,39.00,-114,4413546,-503144.24,4,fused
259854,000000259854.jpg,640x480,0,0.104991,1,0,FN,yolov8l_bsz4.ms,157.50,122.50,280.00,0.500,Idle,4.59,7.99,296.25,4674.00,11499.37,470.62,,0,100,39.00,-114,4413546,-503144.24,4,fused
1503,000000001503.jpg,320x240,0,0.104847,0,1,TN,yolov8l_bsz4.ms,157.50,122.50,280.00,0.500,Idle,4.59,7.99,296.25,4674.00,11499.37,470.62,,0,100,39.00,-114,4413546,-503144.24,4,fused
25593,000000025593.jpg,640x480,0,0.104224,0,1,TN,yolov8l_bsz4.ms,157.50,122.50,280.00,0.500,Idle,4.59,7.99,296.25,4674.00,11499.37,470.62,,0,100,39.00,-114,4413546,-503144.24,4,fused
529568,000000529568.jpg,480x640,0,0.104179,0,1,TN,yolov8l_bsz4.ms,151.00,120.50,271.50,0.500,Idle,4.53,8.20,374.80,4595.00,11499.37,390.68,,0,100,39.00,-62,4415278,-273747.24,4,fused
101762,000000101762.jpg,640x480,0,0.104133,0,1,TN,yolov8l_bsz4.ms,151.00,120.50,271.50,0.500,Idle,4.53,8.20,374.80,4595.00,11499.37,390.68,,0,100,39.00,-62,4415278,-273747.24,4,fused
11122,000000011122.jpg,640x480,0,0.103705,0,1,TN,yolov8l_bsz4.ms,151.00,120.50,271.50,0.500,Idle,4.53,8.20,374.80,4595.00,11499.37,390.68,,0,100,39.00,-62,4415278,-273747.24,4,fused
402334,000000402334.jpg,427x640,0,0.103260,0,1,TN,yolov8l_bsz4.ms,151.00,120.50,271.50,0.500,Idle,4.53,8.20,374.80,4595.00,11499.37,390.68,,0,100,39.00,-62,4415278,-273747.24,4,fused
165351,000000165351.jpg,612x612,0,0.103093,0,1,TN,yolov8l_bsz4.ms,159.75,131.25,291.00,0.500,Idle,4.53,8.20,376.06,4594.00,11499.37,388.24,,0,100,39.00,-58,4415353,-256090.47,4,fused
232489,000000232489.jpg,640x640,0,0.102842,0,1,TN,yolov8l_bsz4.ms,159.75,131.25,291.00,0.500,Idle,4.53,8.20,376.06,4594.00,11499.37,388.24,,0,100,39.00,-58,4415353,-256090.47,4,fused
122745,000000122745.jpg,480x640,0,0.102624,0,1,TN,yolov8l_bsz4.ms,159.75,131.25,291.00,0.500,Idle,4.53,8.20,376.06,4594.00,11499.37,388.24,,0,100,39.00,-58,4415353,-256090.47,4,fused
453302,000000453302.jpg,500x375,0,0.102609,0,1,TN,yolov8l_bsz4.ms,159.75,131.25,291.00,0.500,Idle,4.53,8.20,376.06,4594.00,11499.37,388.24,,0,100,39.00,-58,4415353,-256090.47,4,fused
568690,000000568690.jpg,480x640,0,0.102201,0,1,TN,yolov8l_bsz4.ms,156.75,119.50,276.25,0.500,Idle,4.75,5.20,357.77,4612.00,11499.37,404.90,,0,100,39.00,-68,4415043,-300222.92,4,fused
466256,000000466256.jpg,640x425,0,0.102043,0,1,TN,yolov8l_bsz4.ms,156.75,119.50,276.25,0.500,Idle,4.75,5.20,357.77,4612.00,11499.37,404.90,,0,100,39.00,-68,4415043,-300222.92,4,fused
550426,000000550426.jpg,416x640,0,0.101849,0,1,TN,yolov8l_bsz4.ms,156.75,119.50,276.25,0.500,Idle,4.75,5.20,357.77,4612.00,11499.37,404.90,,0,100,39.00,-68,4415043,-300222.92,4,fused
501523,000000501523.jpg,640x480,0,0.101758,0,1,TN,yolov8l_bsz4.ms,156.75,119.50,276.25,0.500,Idle,4.75,5.20,357.77,4612.00,11499.37,404.90,,0,100,39.00,-68,4415043,-300222.92,4,fused
59920,000000059920.jpg,427x640,0,0.101503,0,1,TN,yolov8l_bsz4.ms,156.75,120.75,277.50,0.500,Idle,4.54,5.20,307.21,4662.00,11499.37,453.13,,0,100,39.00,-63,4415197,-278157.41,4,fused
245651,000000245651.jpg,375x500,0,0.101487,0,1,TN,yolov8l_bsz4.ms,156.75,120.75,277.50,0.500,Idle,4.54,5.20,307.21,4662.00,11499.37,453.13,,0,100,39.00,-63,4415197,-278157.41,4,fused
98497,000000098497.jpg,640x480,0,0.101283,0,1,TN,yolov8l_bsz4.ms,156.75,120.75,277.50,0.500,Idle,4.54,5.20,307.21,4662.00,11499.37,453.13,,0,100,39.00,-63,4415197,-278157.41,4,fused
125806,000000125806.jpg,640x425,0,0.100561,0,1,TN,yolov8l_bsz4.ms,156.75,120.75,277.50,0.500,Idle,4.54,5.20,307.21,4662.00,11499.37,453.13,,0,100,39.00,-63,4415197,-278157.41,4,fused
541634,000000541634.jpg,612x612,0,0.100257,0,1,TN,yolov8l_bsz4.ms,153.25,132.50,285.75,0.500,Idle,4.39,7.79,377.65,4592.00,11499.37,381.50,,0,100,39.00,-60,4415354,-264921.24,4,fused
221708,000000221708.jpg,480x640,0,0.100244,0,1,TN,yolov8l_bsz4.ms,153.25,132.50,285.75,0.500,Idle,4.39,7.79,377.65,4592.00,11499.37,381.50,,0,100,39.00,-60,4415354,-264921.24,4,fused
468245,000000468245.jpg,640x427,0,0.100042,0,1,TN,yolov8l_bsz4.ms,153.25,132.50,285.75,0.500,Idle,4.39,7.79,377.65,4592.00,11499.37,381.50,,0,100,39.00,-60,4415354,-264921.24,4,fused
532761,000000532761.jpg,640x480,0,0.099361,0,1,TN,yolov8l_bsz4.ms,153.25,132.50,285.75,0.500,Idle,4.39,7.79,377.65,4592.00,11499.37,381.50,,0,100,39.00,-60,4415354,-264921.24,4,fused
176778,000000176778.jpg,427x640,0,0.099355,0,1,TN,yolov8l_bsz4.ms,160.00,120.75,280.75,0.500,Idle,4.46,7.79,369.92,4599.00,11499.37,387.15,,0,100,39.00,-59,4415309,-260503.23,4,fused
348216,000000348216.jpg,480x640,0,0.099097,0,1,TN,yolov8l_bsz4.ms,160.00,120.75,280.75,0.500,Idle,4.46,7.79,369.92,4599.00,11499.37,387.15,,0,100,39.00,-59,4415309,-260503.23,4,fused
127182,000000127182.jpg,427x640,0,0.098916,0,1,TN,yolov8l_bsz4.ms,160.00,120.75,280.75,0.500,Idle,4.46,7.79,369.92,4599.00,11499.37,387.15,,0,100,39.00,-59,4415309,-260503.23,4,fused
178982,000000178982.jpg,640x427,0,0.098687,1,0,FN,yolov8l_bsz4.ms,160.00,120.75,280.75,0.500,Idle,4.46,7.79,369.92,4599.00,11499.37,387.15,,0,100,39.00,-59,4415309,-260503.23,4,fused
64499,000000064499.jpg,640x480,0,0.098489,0,1,TN,yolov8l_bsz4.ms,154.75,108.25,263.00,0.500,Idle,4.46,8.10,350.97,4617.00,11499.37,404.84,,0,100,39.00,-66,4415186,-291402.28,4,fused
465430,000000465430.jpg,640x513,0,0.098406,0,1,TN,yolov8l_bsz4.ms,154.75,108.25,263.00,0.500,Idle,4.46,8.10,350.97,4617.00,11499.37,404.84,,0,100,39.00,-66,4415186,-291402.28,4,fused
239041,000000239041.jpg,640x427,0,0.098371,0,1,TN,yolov8l_bsz4.ms,154.75,108.25,263.00,0.500,Idle,4.46,8.10,350.97,4617.00,11499.37,404.84,,0,100,39.00,-66,4415186,-291402.28,4,fused
565776,000000565776.jpg,640x421,0,0.098320,0,1,TN,yolov8l_bsz4.ms,154.75,108.25,263.00,0.500,Idle,4.46,8.10,350.97,4617.00,11499.37,404.84,,0,100,39.00,-66,4415186,-291402.28,4,fused
485130,000000485130.jpg,640x467,0,0.098168,0,1,TN,yolov8l_bsz4.ms,159.75,111.50,271.25,0.500,Idle,4.48,8.10,294.23,4674.00,11499.37,459.98,,0,100,39.00,-64,4415244,-282575.62,4,fused
392933,000000392933.jpg,383x640,0,0.098159,0,1,TN,yolov8l_bsz4.ms,159.75,111.50,271.25,0.500,Idle,4.48,8.10,294.23,4674.00,11499.37,459.98,,0,100,39.00,-64,4415244,-282575.62,4,fused
283038,000000283038.jpg,500x281,0,0.098110,0,1,TN,yolov8l_bsz4.ms,159.75,111.50,271.25,0.500,Idle,4.48,8.10,294.23,4674.00,11499.37,459.98,,0,100,39.00,-64,4415244,-282575.62,4,fused
176701,000000176701.jpg,640x480,0,0.098013,0,1,TN,yolov8l_bsz4.ms,159.75,111.50,271.25,0.500,Idle,4.48,8.10,294.23,4674.00,11499.37,459.98,,0,100,39.00,-64,4415244,-282575.62,4,fused
436315,000000436315.jpg,478x640,0,0.097623,0,1,TN,yolov8l_bsz4.ms,158.00,115.25,273.25,0.500,Idle,4.39,8.20,373.67,4594.00,11499.37,378.54,,0,100,39.00,-62,4415295,-273748.29,4,fused
575970,000000575970.jpg,640x480,0,0.097608,0,1,TN,yolov8l_bsz4.ms,158.00,115.25,273.25,0.500,Idle,4.39,8.20,373.67,4594.00,11499.37,378.54,,0,100,39.00,-62,4415295,-273748.29,4,fused
578236,000000578236.jpg,429x640,0,0.097155,0,1,TN,yolov8l_bsz4.ms,158.00,115.25,273.25,0.500,Idle,4.39,8.20,373.67,4594.00,11499.37,378.54,,0,100,39.00,-62,4415295,-273748.29,4,fused
525322,000000525322.jpg,640x428,0,0.097103,0,1,TN,yolov8l_bsz4.ms,158.00,115.25,273.25,0.500,Idle,4.39,8.20,373.67,4594.00,11499.37,378.54,,0,100,39.00,-62,4415295,-273748.29,4,fused
176232,000000176232.jpg,480x640,0,0.097051,0,1,TN,yolov8l_bsz4.ms,155.75,119.50,275.25,0.500,Idle,4.38,8.20,370.78,4597.00,11499.37,379.24,,0,100,39.00,-65,4415089,-286980.78,4,fused
396274,000000396274.jpg,640x480,0,0.096544,0,1,TN,yolov8l_bsz4.ms,155.75,119.50,275.25,0.500,Idle,4.38,8.20,370.78,4597.00,11499.37,379.24,,0,100,39.00,-65,4415089,-286980.78,4,fused
22589,000000022589.jpg,640x480,0,0.096498,0,1,TN,yolov8l_bsz4.ms,155.75,119.50,275.25,0.500,Idle,4.38,8.20,370.78,4597.00,11499.37,379.24,,0,100,39.00,-65,4415089,-286980.78,4,fused
442993,000000442993.jpg,427x640,0,0.096175,0,1,TN,yolov8l_bsz4.ms,155.75,119.50,275.25,0.500,Idle,4.38,8.20,370.78,4597.00,11499.37,379.24,,0,100,39.00,-65,4415089,-286980.78,4,fused
387387,000000387387.jpg,640x480,0,0.095729,0,1,TN,yolov8l_bsz4.ms,159.75,119.75,279.50,0.500,Idle,7.85,8.10,351.91,4615.00,11499.37,396.44,,0,100,39.00,-65,4415201,-286988.07,4,fused
181969,000000181969.jpg,573x640,0,0.095201,0,1,TN,yolov8l_bsz4.ms,159.75,119.75,279.50,0.500,Idle,7.85,8.10,351.91,4615.00,11499.37,396.44,,0,100,39.00,-65,4415201,-286988.07,4,fused
131431,000000131431.jpg,425x640,0,0.094875,0,1,TN,yolov8l_bsz4.ms,159.75,119.75,279.50,0.500,Idle,7.85,8.10,351.91,4615.00,11499.37,396.44,,0,100,39.00,-65,4415201,-286988.07,4,fused
543581,000000543581.jpg,640x427,0,0.094333,0,1,TN,yolov8l_bsz4.ms,159.75,119.75,279.50,0.500,Idle,7.85,8.10,351.91,4615.00,11499.37,396.44,,0,100,39.00,-65,4415201,-286988.07,4,fused
537802,000000537802.jpg,640x480,0,0.093937,0,1,TN,yolov8l_bsz4.ms,159.00,105.25,264.25,0.500,Idle,4.75,8.10,295.76,4671.00,11499.37,450.75,,0,100,39.00,-62,4415225,-273743.95,4,fused
84431,000000084431.jpg,361x640,0,0.093914,0,1,TN,yolov8l_bsz4.ms,159.00,105.25,264.25,0.500,Idle,4.75,8.10,295.76,4671.00,11499.37,450.75,,0,100,39.00,-62,4415225,-273743.95,4,fused
311081,000000311081.jpg,480x640,0,0.093759,0,1,TN,yolov8l_bsz4.ms,159.00,105.25,264.25,0.500,Idle,4.75,8.10,295.76,4671.00,11499.37,450.75,,0,100,39.00,-62,4415225,-273743.95,4,fused
75393,000000075393.jpg,640x435,0,0.093649,0,1,TN,yolov8l_bsz4.ms,159.00,105.25,264.25,0.500,Idle,4.75,8.10,295.76,4671.00,11499.37,450.75,,0,100,39.00,-62,4415225,-273743.95,4,fused
458410,000000458410.jpg,640x480,0,0.093493,0,1,TN,yolov8l_bsz4.ms,159.00,120.25,279.25,0.500,Idle,4.39,7.43,374.33,4592.00,11499.37,370.73,,0,100,39.00,-65,4415127,-286983.26,4,fused
342186,000000342186.jpg,480x640,0,0.092744,0,1,TN,yolov8l_bsz4.ms,159.00,120.25,279.25,0.500,Idle,4.39,7.43,374.33,4592.00,11499.37,370.73,,0,100,39.00,-65,4415127,-286983.26,4,fused
82765,000000082765.jpg,426x640,0,0.092644,0,1,TN,yolov8l_bsz4.ms,159.00,120.25,279.25,0.500,Idle,4.39,7.43,374.33,4592.00,11499.37,370.73,,0,100,39.00,-65,4415127,-286983.26,4,fused
451155,000000451155.jpg,640x480,0,0.092606,1,0,FN,yolov8l_bsz4.ms,159.00,120.25,279.25,0.500,Idle,4.39,7.43,374.33,4592.00,11499.37,370.73,,0,100,39.00,-65,4415127,-286983.26,4,fused
401991,000000401991.jpg,640x379,0,0.092064,0,1,TN,yolov8l_bsz4.ms,157.00,115.75,272.75,0.500,Idle,4.42,7.43,374.37,4592.00,11499.37,369.30,,0,100,39.00,-64,4415187,-282571.97,4,fused
12667,000000012667.jpg,640x480,0,0.092043,0,1,TN,yolov8l_bsz4.ms,157.00,115.75,272.75,0.500,Idle,4.42,7.43,374.37,4592.00,11499.37,369.30,,0,100,39.00,-64,4415187,-282571.97,4,fused
126216,000000126216.jpg,640x428,0,0.091634,0,1,TN,yolov8l_bsz4.ms,157.00,115.75,272.75,0.500,Idle,4.42,7.43,374.37,4592.00,11499.37,369.30,,0,100,39.00,-64,4415187,-282571.97,4,fused
499313,000000499313.jpg,640x478,0,0.091596,0,1,TN,yolov8l_bsz4.ms,157.00,115.75,272.75,0.500,Idle,4.42,7.43,374.37,4592.00,11499.37,369.30,,0,100,39.00,-64,4415187,-282571.97,4,fused
30213,000000030213.jpg,640x449,0,0.091378,0,1,TN,yolov8l_bsz4.ms,109.25,120.00,229.25,0.500,Idle,4.44,7.58,351.61,4615.00,11499.37,390.80,,0,100,39.00,-62,4415254,-273745.75,4,fused
485895,000000485895.jpg,500x332,0,0.091041,0,1,TN,yolov8l_bsz4.ms,109.25,120.00,229.25,0.500,Idle,4.44,7.58,351.61,4615.00,11499.37,390.80,,0,100,39.00,-62,4415254,-273745.75,4,fused
229858,000000229858.jpg,640x555,0,0.091038,0,1,TN,yolov8l_bsz4.ms,109.25,120.00,229.25,0.500,Idle,4.44,7.58,351.61,4615.00,11499.37,390.80,,0,100,39.00,-62,4415254,-273745.75,4,fused
517687,000000517687.jpg,640x360,0,0.090696,0,1,TN,yolov8l_bsz4.ms,109.25,120.00,229.25,0.500,Idle,4.44,7.58,351.61,4615.00,11499.37,390.80,,0,100,39.00,-62,4415254,-273745.75,4,fused
465585,000000465585.jpg,427x640,0,0.090679,0,1,TN,yolov8l_bsz4.ms,108.25,125.25,233.50,0.500,Idle,4.63,7.58,305.08,4661.00,11499.37,436.00,,0,100,39.00,-63,4415083,-278150.23,4,fused
138819,000000138819.jpg,640x480,0,0.090656,0,1,TN,yolov8l_bsz4.ms,108.25,125.25,233.50,0.500,Idle,4.63,7.58,305.08,4661.00,11499.37,436.00,,0,100,39.00,-63,4415083,-278150.23,4,fused
149222,000000149222.jpg,500x383,0,0.090548,1,0,FN,yolov8l_bsz4.ms,108.25,125.25,233.50,0.500,Idle,4.63,7.58,305.08,4661.00,11499.37,436.00,,0,100,39.00,-63,4415083,-278150.23,4,fused
256407,000000256407.jpg,480x640,0,0.090264,0,1,TN,yolov8l_bsz4.ms,108.25,125.25,233.50,0.500,Idle,4.63,7.58,305.08,4661.00,11499.37,436.00,,0,100,39.00,-63,4415083,-278150.23,4,fused
529966,000000529966.jpg,640x421,0,0.089875,0,1,TN,yolov8l_bsz4.ms,108.75,117.50,226.25,0.500,Idle,4.62,8.24,374.25,4591.00,11499.37,365.34,,0,100,39.00,-63,4414953,-278142.04,4,fused
556765,000000556765.jpg,640x428,0,0.089848,0,1,TN,yolov8l_bsz4.ms,108.75,117.50,226.25,0.500,Idle,4.62,8.24,374.25,4591.00,11499.37,365.34,,0,100,39.00,-63,4414953,-278142.04,4,fused
89670,000000089670.jpg,640x427,0,0.089828,0,1,TN,yolov8l_bsz4.ms,108.75,117.50,226.25,0.500,Idle,4.62,8.24,374.25,4591.00,11499.37,365.34,,0,100,39.00,-63,4414953,-278142.04,4,fused
226111,000000226111.jpg,480x640,0,0.089720,0,1,TN,yolov8l_bsz4.ms,108.75,117.50,226.25,0.500,Idle,4.62,8.24,374.25,4591.00,11499.37,365.34,,0,100,39.00,-63,4414953,-278142.04,4,fused
288882,000000288882.jpg,640x359,0,0.089508,0,1,TN,yolov8l_bsz4.ms,109.50,113.00,222.50,0.500,Idle,4.69,8.24,373.04,4592.00,11499.37,364.99,,0,100,39.00,-59,4414891,-260478.57,4,fused
59386,000000059386.jpg,427x640,0,0.089493,0,1,TN,yolov8l_bsz4.ms,109.50,113.00,222.50,0.500,Idle,4.69,8.24,373.04,4592.00,11499.37,364.99,,0,100,39.00,-59,4414891,-260478.57,4,fused
104572,000000104572.jpg,640x419,0,0.089436,0,1,TN,yolov8l_bsz4.ms,109.50,113.00,222.50,0.500,Idle,4.69,8.24,373.04,4592.00,11499.37,364.99,,0,100,39.00,-59,4414891,-260478.57,4,fused
409630,000000409630.jpg,500x375,0,0.089337,0,1,TN,yolov8l_bsz4.ms,109.50,113.00,222.50,0.500,Idle,4.69,8.24,373.04,4592.00,11499.37,364.99,,0,100,39.00,-59,4414891,-260478.57,4,fused
68765,000000068765.jpg,640x480,0,0.089199,0,1,TN,yolov8l_bsz4.ms,109.25,110.00,219.25,0.500,Idle,4.81,8.39,351.74,4613.00,11499.37,385.00,,0,100,39.00,-121,4412268,-533884.43,4,fused
559707,000000559707.jpg,478x640,0,0.088929,0,1,TN,yolov8l_bsz4.ms,109.25,110.00,219.25,0.500,Idle,4.81,8.39,351.74,4613.00,11499.37,385.00,,0,100,39.00,-121,4412268,-533884.43,4,fused
491725,000000491725.jpg,500x375,0,0.088821,0,1,TN,yolov8l_bsz4.ms,109.25,110.00,219.25,0.500,Idle,4.81,8.39,351.74,4613.00,11499.37,385.00,,0,100,39.00,-121,4412268,-533884.43,4,fused
1818,000000001818.jpg,640x425,0,0.088734,0,1,TN,yolov8l_bsz4.ms,109.25,110.00,219.25,0.500,Idle,4.81,8.39,351.74,4613.00,11499.37,385.00,,0,100,39.00,-121,4412268,-533884.43,4,fused
173044,000000173044.jpg,359x640,0,0.088697,0,1,TN,yolov8l_bsz4.ms,170.00,112.25,282.25,0.500,Idle,4.82,8.39,302.45,4662.00,11499.37,432.72,,0,100,39.00,-65,4414411,-286936.72,4,fused
315257,000000315257.jpg,640x514,0,0.088519,0,1,TN,yolov8l_bsz4.ms,170.00,112.25,282.25,0.500,Idle,4.82,8.39,302.45,4662.00,11499.37,432.72,,0,100,39.00,-65,4414411,-286936.72,4,fused
333069,000000333069.jpg,428x640,0,0.088246,0,1,TN,yolov8l_bsz4.ms,170.00,112.25,282.25,0.500,Idle,4.82,8.39,302.45,4662.00,11499.37,432.72,,0,100,39.00,-65,4414411,-286936.72,4,fused
553664,000000553664.jpg,640x414,0,0.088186,0,1,TN,yolov8l_bsz4.ms,170.00,112.25,282.25,0.500,Idle,4.82,8.39,302.45,4662.00,11499.37,432.72,,0,100,39.00,-65,4414411,-286936.72,4,fused
18575,000000018575.jpg,640x480,0,0.086918,0,1,TN,yolov8l_bsz4.ms,166.50,124.00,290.50,0.500,Idle,5.37,8.12,375.83,4587.00,11499.37,357.50,,0,100,39.00,-62,4414766,-273715.49,4,fused
124659,000000124659.jpg,640x480,0,0.086855,0,1,TN,yolov8l_bsz4.ms,166.50,124.00,290.50,0.500,Idle,5.37,8.12,375.83,4587.00,11499.37,357.50,,0,100,39.00,-62,4414766,-273715.49,4,fused
186632,000000186632.jpg,480x640,0,0.086791,0,1,TN,yolov8l_bsz4.ms,166.50,124.00,290.50,0.500,Idle,5.37,8.12,375.83,4587.00,11499.37,357.50,,0,100,39.00,-62,4414766,-273715.49,4,fused
210099,000000210099.jpg,640x538,0,0.086782,0,1,TN,yolov8l_bsz4.ms,166.50,124.00,290.50,0.500,Idle,5.37,8.12,375.83,4587.00,11499.37,357.50,,0,100,39.00,-62,4414766,-273715.49,4,fused
350388,000000350388.jpg,480x640,0,0.086635,0,1,TN,yolov8l_bsz4.ms,168.75,120.00,288.75,0.500,Idle,4.82,8.12,371.58,4592.00,11499.37,359.39,,0,100,39.00,-68,4414692,-300199.06,4,fused
232348,000000232348.jpg,640x502,0,0.086563,0,1,TN,yolov8l_bsz4.ms,168.75,120.00,288.75,0.500,Idle,4.82,8.12,371.58,4592.00,11499.37,359.39,,0,100,39.00,-68,4414692,-300199.06,4,fused
153632,000000153632.jpg,640x480,0,0.085980,0,1,TN,yolov8l_bsz4.ms,168.75,120.00,288.75,0.500,Idle,4.82,8.12,371.58,4592.00,11499.37,359.39,,0,100,39.00,-68,4414692,-300199.06,4,fused
577735,000000577735.jpg,640x480,0,0.085793,0,1,TN,yolov8l_bsz4.ms,168.75,120.00,288.75,0.500,Idle,4.82,8.12,371.58,4592.00,11499.37,359.39,,0,100,39.00,-68,4414692,-300199.06,4,fused
406570,000000406570.jpg,427x640,0,0.085616,0,1,TN,yolov8l_bsz4.ms,155.75,120.75,276.50,0.500,Idle,4.64,7.98,352.78,4611.00,11499.37,376.79,,0,100,39.00,-114,4413211,-503106.05,4,fused
290592,000000290592.jpg,640x426,0,0.085542,0,1,TN,yolov8l_bsz4.ms,155.75,120.75,276.50,0.500,Idle,4.64,7.98,352.78,4611.00,11499.37,376.79,,0,100,39.00,-114,4413211,-503106.05,4,fused
562448,000000562448.jpg,640x480,0,0.085245,1,0,FN,yolov8l_bsz4.ms,155.75,120.75,276.50,0.500,Idle,4.64,7.98,352.78,4611.00,11499.37,376.79,,0,100,39.00,-114,4413211,-503106.05,4,fused
403353,000000403353.jpg,640x480,0,0.085123,0,1,TN,yolov8l_bsz4.ms,155.75,120.75,276.50,0.500,Idle,4.64,7.98,352.78,4611.00,11499.37,376.79,,0,100,39.00,-114,4413211,-503106.05,4,fused
347335,000000347335.jpg,480x640,0,0.085055,0,1,TN,yolov8l_bsz4.ms,161.50,118.75,280.25,0.500,Idle,4.56,7.98,299.53,4664.00,11499.37,428.71,,0,100,39.00,-65,4414862,-286966.03,4,fused
492905,000000492905.jpg,500x343,0,0.084787,0,1,TN,yolov8l_bsz4.ms,161.50,118.75,280.25,0.500,Idle,4.56,7.98,299.53,4664.00,11499.37,428.71,,0,100,39.00,-65,4414862,-286966.03,4,fused
3845,000000003845.jpg,500x375,0,0.084769,0,1,TN,yolov8l_bsz4.ms,161.50,118.75,280.25,0.500,Idle,4.56,7.98,299.53,4664.00,11499.37,428.71,,0,100,39.00,-65,4414862,-286966.03,4,fused
165336,000000165336.jpg,640x480,0,0.084569,0,1,TN,yolov8l_bsz4.ms,161.50,118.75,280.25,0.500,Idle,4.56,7.98,299.53,4664.00,11499.37,428.71,,0,100,39.00,-65,4414862,-286966.03,4,fused
117914,000000117914.jpg,333x500,0,0.084462,0,1,TN,yolov8l_bsz4.ms,157.75,117.50,275.25,0.500,Idle,4.43,7.69,373.69,4589.00,11499.37,353.19,,0,100,39.00,-65,4414771,-286960.11,4,fused
135872,000000135872.jpg,640x427,0,0.084329,0,1,TN,yolov8l_bsz4.ms,157.75,117.50,275.25,0.500,Idle,4.43,7.69,373.69,4589.00,11499.37,353.19,,0,100,39.00,-65,4414771,-286960.11,4,fused
521231,000000521231.jpg,424x640,0,0.084220,0,1,TN,yolov8l_bsz4.ms,157.75,117.50,275.25,0.500,Idle,4.43,7.69,373.69,4589.00,11499.37,353.19,,0,100,39.00,-65,4414771,-286960.11,4,fused
183965,000000183965.jpg,640x480,0,0.084128,0,1,TN,yolov8l_bsz4.ms,157.75,117.50,275.25,0.500,Idle,4.43,7.69,373.69,4589.00,11499.37,353.19,,0,100,39.00,-65,4414771,-286960.11,4,fused
161820,000000161820.jpg,428x640,0,0.083829,0,1,TN,yolov8l_bsz4.ms,160.25,112.50,272.75,0.500,Idle,4.40,7.69,371.97,4591.00,11499.37,353.05,,0,100,39.00,-61,4414913,-269309.69,4,fused
368456,000000368456.jpg,640x480,0,0.083434,0,1,TN,yolov8l_bsz4.ms,160.25,112.50,272.75,0.500,Idle,4.40,7.69,371.97,4591.00,11499.37,353.05,,0,100,39.00,-61,4414913,-269309.69,4,fused
502910,000000502910.jpg,426x640,0,0.083289,0,1,TN,yolov8l_bsz4.ms,160.25,112.50,272.75,0.500,Idle,4.40,7.69,371.97,4591.00,11499.37,353.05,,0,100,39.00,-61,4414913,-269309.69,4,fused
568710,000000568710.jpg,640x427,0,0.083227,1,0,FN,yolov8l_bsz4.ms,160.25,112.50,272.75,0.500,Idle,4.40,7.69,371.97,4591.00,11499.37,353.05,,0,100,39.00,-61,4414913,-269309.69,4,fused
463283,000000463283.jpg,612x612,0,0.083033,0,1,TN,yolov8l_bsz4.ms,159.00,137.75,296.75,0.500,Idle,4.47,7.78,351.72,4610.00,11499.37,371.20,,0,100,39.00,-61,4414997,-269314.82,4,fused
292005,000000292005.jpg,480x640,0,0.082881,0,1,TN,yolov8l_bsz4.ms,159.00,137.75,296.75,0.500,Idle,4.47,7.78,351.72,4610.00,11499.37,371.20,,0,100,39.00,-61,4414997,-269314.82,4,fused
267946,000000267946.jpg,500x332,0,0.082850,0,1,TN,yolov8l_bsz4.ms,159.00,137.75,296.75,0.500,Idle,4.47,7.78,351.72,4610.00,11499.37,371.20,,0,100,39.00,-61,4414997,-269314.82,4,fused
37740,000000037740.jpg,640x480,0,0.082575,0,1,TN,yolov8l_bsz4.ms,159.00,137.75,296.75,0.500,Idle,4.47,7.78,351.72,4610.00,11499.37,371.20,,0,100,39.00,-61,4414997,-269314.82,4,fused
182202,000000182202.jpg,640x385,0,0.082555,0,1,TN,yolov8l_bsz4.ms,159.75,114.75,274.50,0.500,Idle,4.45,7.78,296.36,4665.00,11499.37,425.21,,0,100,39.00,-61,4414987,-269314.21,4,fused
546325,000000546325.jpg,480x640,0,0.082468,0,1,TN,yolov8l_bsz4.ms,159.75,114.75,274.50,0.500,Idle,4.45,7.78,296.36,4665.00,11499.37,425.21,,0,100,39.00,-61,4414987,-269314.21,4,fused
77396,000000077396.jpg,640x480,0,0.082451,0,1,TN,yolov8l_bsz4.ms,159.75,114.75,274.50,0.500,Idle,4.45,7.78,296.36,4665.00,11499.37,425.21,,0,100,39.00,-61,4414987,-269314.21,4,fused
228144,000000228144.jpg,640x426,0,0.082339,0,1,TN,yolov8l_bsz4.ms,159.75,114.75,274.50,0.500,Idle,4.45,7.78,296.36,4665.00,11499.37,425.21,,0,100,39.00,-61,4414987,-269314.21,4,fused
526256,000000526256.jpg,640x480,0,0.082312,0,1,TN,yolov8l_bsz4.ms,165.75,115.75,281.50,0.500,Idle,8.74,7.71,376.32,4585.00,11499.37,343.44,,0,100,39.00,-65,4414916,-286969.54,4,fused
154358,000000154358.jpg,427x640,0,0.082278,1,0,FN,yolov8l_bsz4.ms,165.75,115.75,281.50,0.500,Idle,8.74,7.71,376.32,4585.00,11499.37,343.44,,0,100,39.00,-65,4414916,-286969.54,4,fused
146489,000000146489.jpg,640x480,0,0.081924,0,1,TN,yolov8l_bsz4.ms,165.75,115.75,281.50,0.500,Idle,8.74,7.71,376.32,4585.00,11499.37,343.44,,0,100,39.00,-65,4414916,-286969.54,4,fused
47121,000000047121.jpg,640x480,0,0.081751,0,1,TN,yolov8l_bsz4.ms,165.75,115.75,281.50,0.500,Idle,8.74,7.71,376.32,4585.00,11499.37,343.44,,0,100,39.00,-65,4414916,-286969.54,4,fused
150726,000000150726.jpg,480x640,0,0.081658,0,1,TN,yolov8l_bsz4.ms,160.25,117.25,277.50,0.500,Idle,5.23,7.71,375.80,4554.00,11499.37,310.96,,0,100,39.00,-119,4413109,-525159.97,4,fused
479448,000000479448.jpg,500x375,0,0.081213,0,1,TN,yolov8l_bsz4.ms,160.25,117.25,277.50,0.500,Idle,5.23,7.71,375.80,4554.00,11499.37,310.96,,0,100,39.00,-119,4413109,-525159.97,4,fused
119452,000000119452.jpg,640x480,0,0.081032,0,1,TN,yolov8l_bsz4.ms,160.25,117.25,277.50,0.500,Idle,5.23,7.71,375.80,4554.00,11499.37,310.96,,0,100,39.00,-119,4413109,-525159.97,4,fused
237984,000000237984.jpg,640x427,0,0.080846,0,1,TN,yolov8l_bsz4.ms,160.25,117.25,277.50,0.500,Idle,5.23,7.71,375.80,4554.00,11499.37,310.96,,0,100,39.00,-119,4413109,-525159.97,4,fused
104666,000000104666.jpg,640x427,0,0.080584,0,1,TN,yolov8l_bsz4.ms,157.00,123.25,280.25,0.500,Idle,4.86,15.25,351.08,4557.00,11499.37,311.36,,0,100,39.00,-64,4414934,-282555.78,4,fused
455219,000000455219.jpg,640x426,0,0.080453,1,0,FN,yolov8l_bsz4.ms,157.00,123.25,280.25,0.500,Idle,4.86,15.25,351.08,4557.00,11499.37,311.36,,0,100,39.00,-64,4414934,-282555.78,4,fused
384850,000000384850.jpg,480x640,0,0.080170,0,1,TN,yolov8l_bsz4.ms,157.00,123.25,280.25,0.500,Idle,4.86,15.25,351.08,4557.00,11499.37,311.36,,0,100,39.00,-64,4414934,-282555.78,4,fused
125850,000000125850.jpg,640x489,0,0.080038,0,1,TN,yolov8l_bsz4.ms,157.00,123.25,280.25,0.500,Idle,4.86,15.25,351.08,4557.00,11499.37,311.36,,0,100,39.00,-64,4414934,-282555.78,4,fused
364587,000000364587.jpg,640x422,0,0.079965,0,1,TN,yolov8l_bsz4.ms,157.00,111.00,268.00,0.500,Idle,4.79,15.25,296.07,4657.00,11499.37,411.61,,0,100,39.00,-61,4415044,-269317.68,4,fused
490171,000000490171.jpg,640x427,0,0.079407,1,0,FN,yolov8l_bsz4.ms,157.00,111.00,268.00,0.500,Idle,4.79,15.25,296.07,4657.00,11499.37,411.61,,0,100,39.00,-61,4415044,-269317.68,4,fused
364166,000000364166.jpg,500x375,0,0.079092,0,1,TN,yolov8l_bsz4.ms,157.00,111.00,268.00,0.500,Idle,4.79,15.25,296.07,4657.00,11499.37,411.61,,0,100,39.00,-61,4415044,-269317.68,4,fused
77595,000000077595.jpg,640x425,0,0.078778,0,1,TN,yolov8l_bsz4.ms,157.00,111.00,268.00,0.500,Idle,4.79,15.25,296.07,4657.00,11499.37,411.61,,0,100,39.00,-61,4415044,-269317.68,4,fused
263860,000000263860.jpg,640x426,0,0.078750,0,1,TN,yolov8l_bsz4.ms,161.00,119.00,280.00,0.500,Idle,4.55,13.06,372.88,4580.00,11499.37,332.98,,0,100,39.00,-63,4414933,-278140.78,4,fused
556498,000000556498.jpg,640x480,0,0.078648,0,1,TN,yolov8l_bsz4.ms,161.00,119.00,280.00,0.500,Idle,4.55,13.06,372.88,4580.00,11499.37,332.98,,0,100,39.00,-63,4414933,-278140.78,4,fused
206831,000000206831.jpg,640x427,0,0.078578,0,1,TN,yolov8l_bsz4.ms,161.00,119.00,280.00,0.500,Idle,4.55,13.06,372.88,4580.00,11499.37,332.98,,0,100,39.00,-63,4414933,-278140.78,4,fused
69106,000000069106.jpg,500x334,0,0.078428,0,1,TN,yolov8l_bsz4.ms,161.00,119.00,280.00,0.500,Idle,4.55,13.06,372.88,4580.00,11499.37,332.98,,0,100,39.00,-63,4414933,-278140.78,4,fused
68078,000000068078.jpg,360x640,0,0.078214,0,1,TN,yolov8l_bsz4.ms,159.50,121.50,281.00,0.500,Idle,4.56,13.06,373.18,4582.00,11499.37,333.19,,0,100,39.00,-64,4414940,-282556.16,4,fused
164637,000000164637.jpg,480x640,0,0.078160,0,1,TN,yolov8l_bsz4.ms,159.50,121.50,281.00,0.500,Idle,4.56,13.06,373.18,4582.00,11499.37,333.19,,0,100,39.00,-64,4414940,-282556.16,4,fused
269113,000000269113.jpg,640x457,0,0.077743,0,1,TN,yolov8l_bsz4.ms,159.50,121.50,281.00,0.500,Idle,4.56,13.06,373.18,4582.00,11499.37,333.19,,0,100,39.00,-64,4414940,-282556.16,4,fused
112378,000000112378.jpg,640x480,0,0.077715,0,1,TN,yolov8l_bsz4.ms,159.50,121.50,281.00,0.500,Idle,4.56,13.06,373.18,4582.00,11499.37,333.19,,0,100,39.00,-64,4414940,-282556.16,4,fused
340272,000000340272.jpg,640x360,0,0.077599,0,1,TN,yolov8l_bsz4.ms,157.00,110.00,267.00,0.500,Idle,4.54,11.55,370.29,4584.00,11499.37,334.50,,0,100,39.00,-62,4415032,-273731.98,4,fused
147205,000000147205.jpg,640x437,0,0.077411,0,1,TN,yolov8l_bsz4.ms,157.00,110.00,267.00,0.500,Idle,4.54,11.55,370.29,4584.00,11499.37,334.50,,0,100,39.00,-62,4415032,-273731.98,4,fused
29675,000000029675.jpg,478x640,0,0.077342,0,1,TN,yolov8l_bsz4.ms,157.00,110.00,267.00,0.500,Idle,4.54,11.55,370.29,4584.00,11499.37,334.50,,0,100,39.00,-62,4415032,-273731.98,4,fused
138492,000000138492.jpg,427x640,0,0.077316,0,1,TN,yolov8l_bsz4.ms,157.00,110.00,267.00,0.500,Idle,4.54,11.55,370.29,4584.00,11499.37,334.50,,0,100,39.00,-62,4415032,-273731.98,4,fused
109798,000000109798.jpg,500x333,0,0.077062,0,1,TN,yolov8l_bsz4.ms,153.00,111.75,264.75,0.500,Idle,4.49,11.55,296.35,4658.00,11499.37,407.18,,0,100,39.00,-66,4414962,-291387.49,4,fused
446117,000000446117.jpg,640x426,0,0.077055,0,1,TN,yolov8l_bsz4.ms,153.00,111.75,264.75,0.500,Idle,4.49,11.55,296.35,4658.00,11499.37,407.18,,0,100,39.00,-66,4414962,-291387.49,4,fused
572678,000000572678.jpg,640x425,0,0.076468,0,1,TN,yolov8l_bsz4.ms,153.00,111.75,264.75,0.500,Idle,4.49,11.55,296.35,4658.00,11499.37,407.18,,0,100,39.00,-66,4414962,-291387.49,4,fused
363461,000000363461.jpg,640x478,0,0.076379,0,1,TN,yolov8l_bsz4.ms,153.00,111.75,264.75,0.500,Idle,4.49,11.55,296.35,4658.00,11499.37,407.18,,0,100,39.00,-66,4414962,-291387.49,4,fused
516804,000000516804.jpg,480x640,0,0.076014,0,1,TN,yolov8l_bsz4.ms,154.00,117.00,271.00,0.500,Idle,4.45,10.41,376.58,4578.00,11499.37,325.73,,0,100,39.00,-64,4414952,-282556.93,4,fused
79229,000000079229.jpg,640x426,0,0.075736,1,0,FN,yolov8l_bsz4.ms,154.00,117.00,271.00,0.500,Idle,4.45,10.41,376.58,4578.00,11499.37,325.73,,0,100,39.00,-64,4414952,-282556.93,4,fused
504711,000000504711.jpg,640x483,0,0.075177,0,1,TN,yolov8l_bsz4.ms,154.00,117.00,271.00,0.500,Idle,4.45,10.41,376.58,4578.00,11499.37,325.73,,0,100,39.00,-64,4414952,-282556.93,4,fused
191580,000000191580.jpg,478x640,0,0.074939,0,1,TN,yolov8l_bsz4.ms,154.00,117.00,271.00,0.500,Idle,4.45,10.41,376.58,4578.00,11499.37,325.73,,0,100,39.00,-64,4414952,-282556.93,4,fused
356968,000000356968.jpg,640x480,0,0.074762,0,1,TN,yolov8l_bsz4.ms,164.25,119.50,283.75,0.500,Idle,5.74,10.41,370.04,4583.00,11499.37,329.03,,0,100,39.00,-116,4413259,-511938.04,4,fused
464476,000000464476.jpg,500x375,0,0.074222,1,0,FN,yolov8l_bsz4.ms,164.25,119.50,283.75,0.500,Idle,5.74,10.41,370.04,4583.00,11499.37,329.03,,0,100,39.00,-116,4413259,-511938.04,4,fused
462629,000000462629.jpg,640x426,0,0.074107,0,1,TN,yolov8l_bsz4.ms,164.25,119.50,283.75,0.500,Idle,5.74,10.41,370.04,4583.00,11499.37,329.03,,0,100,39.00,-116,4413259,-511938.04,4,fused
179214,000000179214.jpg,428x640,0,0.074087,0,1,TN,yolov8l_bsz4.ms,164.25,119.50,283.75,0.500,Idle,5.74,10.41,370.04,4583.00,11499.37,329.03,,0,100,39.00,-116,4413259,-511938.04,4,fused
357430,000000357430.jpg,640x427,0,0.074017,0,1,TN,yolov8l_bsz4.ms,161.00,110.50,271.50,0.500,Idle,4.88,9.86,352.21,4601.00,11499.37,345.77,,0,100,39.00,-65,4414891,-286967.91,4,fused
196009,000000196009.jpg,640x480,0,0.073973,0,1,TN,yolov8l_bsz4.ms,161.00,110.50,271.50,0.500,Idle,4.88,9.86,352.21,4601.00,11499.37,345.77,,0,100,39.00,-65,4414891,-286967.91,4,fused
194506,000000194506.jpg,640x498,0,0.073592,0,1,TN,yolov8l_bsz4.ms,161.00,110.50,271.50,0.500,Idle,4.88,9.86,352.21,4601.00,11499.37,345.77,,0,100,39.00,-65,4414891,-286967.91,4,fused
435003,000000435003.jpg,640x427,0,0.073506,0,1,TN,yolov8l_bsz4.ms,161.00,110.50,271.50,0.500,Idle,4.88,9.86,352.21,4601.00,11499.37,345.77,,0,100,39.00,-65,4414891,-286967.91,4,fused
367386,000000367386.jpg,640x480,0,0.072585,0,1,TN,yolov8l_bsz4.ms,158.75,110.25,269.00,0.500,Idle,4.67,9.86,296.46,4657.00,11499.37,400.13,,0,100,39.00,-118,4413229,-520761.02,4,fused
579091,000000579091.jpg,640x425,0,0.072298,0,1,TN,yolov8l_bsz4.ms,158.75,110.25,269.00,0.500,Idle,4.67,9.86,296.46,4657.00,11499.37,400.13,,0,100,39.00,-118,4413229,-520761.02,4,fused
78266,000000078266.jpg,640x428,0,0.072186,0,1,TN,yolov8l_bsz4.ms,158.75,110.25,269.00,0.500,Idle,4.67,9.86,296.46,4657.00,11499.37,400.13,,0,100,39.00,-118,4413229,-520761.02,4,fused
547816,000000547816.jpg,427x640,0,0.072013,0,1,TN,yolov8l_bsz4.ms,158.75,110.25,269.00,0.500,Idle,4.67,9.86,296.46,4657.00,11499.37,400.13,,0,100,39.00,-118,4413229,-520761.02,4,fused
79408,000000079408.jpg,640x427,0,0.071977,0,1,TN,yolov8l_bsz4.ms,164.00,112.75,276.75,0.500,Idle,4.44,8.30,373.68,4579.00,11499.37,321.63,,0,100,39.00,-64,4414867,-282551.49,4,fused
22623,000000022623.jpg,640x480,0,0.071361,0,1,TN,yolov8l_bsz4.ms,164.00,112.75,276.75,0.500,Idle,4.44,8.30,373.68,4579.00,11499.37,321.63,,0,100,39.00,-64,4414867,-282551.49,4,fused
226171,000000226171.jpg,640x480,0,0.071013,0,1,TN,yolov8l_bsz4.ms,164.00,112.75,276.75,0.500,Idle,4.44,8.30,373.68,4579.00,11499.37,321.63,,0,100,39.00,-64,4414867,-282551.49,4,fused
195918,000000195918.jpg,640x428,0,0.070834,0,1,TN,yolov8l_bsz4.ms,164.00,112.75,276.75,0.500,Idle,4.44,8.30,373.68,4579.00,11499.37,321.63,,0,100,39.00,-64,4414867,-282551.49,4,fused
14038,000000014038.jpg,640x427,0,0.070789,0,1,TN,yolov8l_bsz4.ms,160.50,110.00,270.50,0.500,Idle,4.40,8.30,373.95,4579.00,11499.37,319.64,,0,100,39.00,-118,4413237,-520761.97,4,fused
344621,000000344621.jpg,500x333,0,0.070616,0,1,TN,yolov8l_bsz4.ms,160.50,110.00,270.50,0.500,Idle,4.40,8.30,373.95,4579.00,11499.37,319.64,,0,100,39.00,-118,4413237,-520761.97,4,fused
223130,000000223130.jpg,425x640,0,0.070599,0,1,TN,yolov8l_bsz4.ms,160.50,110.00,270.50,0.500,Idle,4.40,8.30,373.95,4579.00,11499.37,319.64,,0,100,39.00,-118,4413237,-520761.97,4,fused
386210,000000386210.jpg,478x640,0,0.069802,0,1,TN,yolov8l_bsz4.ms,160.50,110.00,270.50,0.500,Idle,4.40,8.30,373.95,4579.00,11499.37,319.64,,0,100,39.00,-118,4413237,-520761.97,4,fused
187745,000000187745.jpg,640x480,0,0.069673,0,1,TN,yolov8l_bsz4.ms,156.00,112.00,268.00,0.500,Idle,4.42,8.10,352.62,4600.00,11499.37,339.63,,0,100,39.00,-67,4414798,-295791.47,4,fused
85478,000000085478.jpg,640x403,0,0.069589,0,1,TN,yolov8l_bsz4.ms,156.00,112.00,268.00,0.500,Idle,4.42,8.10,352.62,4600.00,11499.37,339.63,,0,100,39.00,-67,4414798,-295791.47,4,fused
358427,000000358427.jpg,640x427,0,0.069543,0,1,TN,yolov8l_bsz4.ms,156.00,112.00,268.00,0.500,Idle,4.42,8.10,352.62,4600.00,11499.37,339.63,,0,100,39.00,-67,4414798,-295791.47,4,fused
386277,000000386277.jpg,640x428,0,0.069071,0,1,TN,yolov8l_bsz4.ms,156.00,112.00,268.00,0.500,Idle,4.42,8.10,352.62,4600.00,11499.37,339.63,,0,100,39.00,-67,4414798,-295791.47,4,fused
133631,000000133631.jpg,425x640,0,0.068775,0,1,TN,yolov8l_bsz4.ms,153.75,117.25,271.00,0.500,Idle,4.40,8.10,305.12,4646.00,11499.37,385.41,,0,100,39.00,-59,4415037,-260487.18,4,fused
402096,000000402096.jpg,480x640,0,0.068532,0,1,TN,yolov8l_bsz4.ms,153.75,117.25,271.00,0.500,Idle,4.40,8.10,305.12,4646.00,11499.37,385.41,,0,100,39.00,-59,4415037,-260487.18,4,fused
453860,000000453860.jpg,640x428,0,0.068269,0,1,TN,yolov8l_bsz4.ms,153.75,117.25,271.00,0.500,Idle,4.40,8.10,305.12,4646.00,11499.37,385.41,,0,100,39.00,-59,4415037,-260487.18,4,fused
106881,000000106881.jpg,640x533,0,0.068256,0,1,TN,yolov8l_bsz4.ms,153.75,117.25,271.00,0.500,Idle,4.40,8.10,305.12,4646.00,11499.37,385.41,,0,100,39.00,-59,4415037,-260487.18,4,fused
45596,000000045596.jpg,408x640,0,0.068019,1,0,FN,yolov8l_bsz4.ms,157.50,121.00,278.50,0.500,Idle,4.38,7.84,376.97,4575.00,11499.37,312.08,,0,100,39.00,-69,4414727,-304616.16,4,fused
491613,000000491613.jpg,480x640,0,0.068011,0,1,TN,yolov8l_bsz4.ms,157.50,121.00,278.50,0.500,Idle,4.38,7.84,376.97,4575.00,11499.37,312.08,,0,100,39.00,-69,4414727,-304616.16,4,fused
105014,000000105014.jpg,427x640,0,0.067921,0,1,TN,yolov8l_bsz4.ms,157.50,121.00,278.50,0.500,Idle,4.38,7.84,376.97,4575.00,11499.37,312.08,,0,100,39.00,-69,4414727,-304616.16,4,fused
66926,000000066926.jpg,640x480,0,0.067832,0,1,TN,yolov8l_bsz4.ms,157.50,121.00,278.50,0.500,Idle,4.38,7.84,376.97,4575.00,11499.37,312.08,,0,100,39.00,-69,4414727,-304616.16,4,fused
417608,000000417608.jpg,640x426,0,0.067653,0,1,TN,yolov8l_bsz4.ms,161.25,123.25,284.50,0.500,Idle,4.37,7.84,373.29,4578.00,11499.37,313.58,,0,100,39.00,-62,4414910,-273724.42,4,fused
365098,000000365098.jpg,640x427,0,0.067352,0,1,TN,yolov8l_bsz4.ms,161.25,123.25,284.50,0.500,Idle,4.37,7.84,373.29,4578.00,11499.37,313.58,,0,100,39.00,-62,4414910,-273724.42,4,fused
24610,000000024610.jpg,640x480,0,0.067235,0,1,TN,yolov8l_bsz4.ms,161.25,123.25,284.50,0.500,Idle,4.37,7.84,373.29,4578.00,11499.37,313.58,,0,100,39.00,-62,4414910,-273724.42,4,fused
255165,000000255165.jpg,640x480,0,0.067164,0,1,TN,yolov8l_bsz4.ms,161.25,123.25,284.50,0.500,Idle,4.37,7.84,373.29,4578.00,11499.37,313.58,,0,100,39.00,-62,4414910,-273724.42,4,fused
266206,000000266206.jpg,427x640,0,0.067075,0,1,TN,yolov8l_bsz4.ms,158.00,110.25,268.25,0.500,Idle,4.09,5.98,351.44,4599.00,11499.37,333.77,,0,100,39.00,-62,4414983,-273728.95,4,fused
129054,000000129054.jpg,500x375,0,0.066991,0,1,TN,yolov8l_bsz4.ms,158.00,110.25,268.25,0.500,Idle,4.09,5.98,351.44,4599.00,11499.37,333.77,,0,100,39.00,-62,4414983,-273728.95,4,fused
366199,000000366199.jpg,640x427,0,0.066562,0,1,TN,yolov8l_bsz4.ms,158.00,110.25,268.25,0.500,Idle,4.09,5.98,351.44,4599.00,11499.37,333.77,,0,100,39.00,-62,4414983,-273728.95,4,fused
58029,000000058029.jpg,640x478,0,0.066558,0,1,TN,yolov8l_bsz4.ms,158.00,110.25,268.25,0.500,Idle,4.09,5.98,351.44,4599.00,11499.37,333.77,,0,100,39.00,-62,4414983,-273728.95,4,fused
315219,000000315219.jpg,333x500,0,0.066341,0,1,TN,yolov8l_bsz4.ms,159.75,114.75,274.50,0.500,Idle,4.23,5.98,306.52,4643.00,11499.37,376.60,,0,100,39.00,-65,4414897,-286968.30,4,fused
383386,000000383386.jpg,640x480,0,0.066317,0,1,TN,yolov8l_bsz4.ms,159.75,114.75,274.50,0.500,Idle,4.23,5.98,306.52,4643.00,11499.37,376.60,,0,100,39.00,-65,4414897,-286968.30,4,fused
540280,000000540280.jpg,427x640,0,0.066284,0,1,TN,yolov8l_bsz4.ms,159.75,114.75,274.50,0.500,Idle,4.23,5.98,306.52,4643.00,11499.37,376.60,,0,100,39.00,-65,4414897,-286968.30,4,fused
97230,000000097230.jpg,640x480,0,0.065992,0,1,TN,yolov8l_bsz4.ms,159.75,114.75,274.50,0.500,Idle,4.23,5.98,306.52,4643.00,11499.37,376.60,,0,100,39.00,-65,4414897,-286968.30,4,fused
188906,000000188906.jpg,500x364,0,0.065920,0,1,TN,yolov8l_bsz4.ms,157.25,128.75,286.00,0.500,Idle,4.22,7.93,374.51,4575.00,11499.37,307.27,,0,100,39.00,-68,4414856,-300210.21,4,fused
335800,000000335800.jpg,640x427,0,0.065866,0,1,TN,yolov8l_bsz4.ms,157.25,128.75,286.00,0.500,Idle,4.22,7.93,374.51,4575.00,11499.37,307.27,,0,100,39.00,-68,4414856,-300210.21,4,fused
265518,000000265518.jpg,612x612,0,0.065846,0,1,TN,yolov8l_bsz4.ms,157.25,128.75,286.00,0.500,Idle,4.22,7.93,374.51,4575.00,11499.37,307.27,,0,100,39.00,-68,4414856,-300210.21,4,fused
494427,000000494427.jpg,480x640,0,0.065565,0,1,TN,yolov8l_bsz4.ms,157.25,128.75,286.00,0.500,Idle,4.22,7.93,374.51,4575.00,11499.37,307.27,,0,100,39.00,-68,4414856,-300210.21,4,fused
467776,000000467776.jpg,640x427,0,0.065457,0,1,TN,yolov8l_bsz4.ms,159.25,119.50,278.75,0.500,Idle,4.33,7.93,370.75,4579.00,11499.37,309.48,,0,100,39.00,-66,4414851,-291380.17,4,fused
376442,000000376442.jpg,480x640,0,0.065286,0,1,TN,yolov8l_bsz4.ms,159.25,119.50,278.75,0.500,Idle,4.33,7.93,370.75,4579.00,11499.37,309.48,,0,100,39.00,-66,4414851,-291380.17,4,fused
561889,000000561889.jpg,640x480,0,0.065065,0,1,TN,yolov8l_bsz4.ms,159.25,119.50,278.75,0.500,Idle,4.33,7.93,370.75,4579.00,11499.37,309.48,,0,100,39.00,-66,4414851,-291380.17,4,fused
368940,000000368940.jpg,640x480,0,0.065042,0,1,TN,yolov8l_bsz4.ms,159.25,119.50,278.75,0.500,Idle,4.33,7.93,370.75,4579.00,11499.37,309.48,,0,100,39.00,-66,4414851,-291380.17,4,fused
213422,000000213422.jpg,640x428,0,0.064953,0,1,TN,yolov8l_bsz4.ms,160.00,118.00,278.00,0.500,Idle,4.30,7.85,370.04,4579.00,11499.37,309.04,,0,100,39.00,-59,4415082,-260489.84,4,fused
56545,000000056545.jpg,505x640,0,0.064447,0,1,TN,yolov8l_bsz4.ms,160.00,118.00,278.00,0.500,Idle,4.30,7.85,370.04,4579.00,11499.37,309.04,,0,100,39.00,-59,4415082,-260489.84,4,fused
486479,000000486479.jpg,500x375,0,0.064340,0,1,TN,yolov8l_bsz4.ms,160.00,118.00,278.00,0.500,Idle,4.30,7.85,370.04,4579.00,11499.37,309.04,,0,100,39.00,-59,4415082,-260489.84,4,fused
514540,000000514540.jpg,429x640,0,0.064286,0,1,TN,yolov8l_bsz4.ms,160.00,118.00,278.00,0.500,Idle,4.30,7.85,370.04,4579.00,11499.37,309.04,,0,100,39.00,-59,4415082,-260489.84,4,fused
262682,000000262682.jpg,427x640,0,0.064249,0,1,TN,yolov8l_bsz4.ms,157.25,119.50,276.75,0.500,Idle,4.30,7.85,300.96,4648.00,11499.37,375.50,,0,100,39.00,-58,4414930,-256065.94,4,fused
244181,000000244181.jpg,640x480,0,0.064241,0,1,TN,yolov8l_bsz4.ms,157.25,119.50,276.75,0.500,Idle,4.30,7.85,300.96,4648.00,11499.37,375.50,,0,100,39.00,-58,4414930,-256065.94,4,fused
546826,000000546826.jpg,640x480,0,0.064133,0,1,TN,yolov8l_bsz4.ms,157.25,119.50,276.75,0.500,Idle,4.30,7.85,300.96,4648.00,11499.37,375.50,,0,100,39.00,-58,4414930,-256065.94,4,fused
212895,000000212895.jpg,480x640,0,0.063983,0,1,TN,yolov8l_bsz4.ms,157.25,119.50,276.75,0.500,Idle,4.30,7.85,300.96,4648.00,11499.37,375.50,,0,100,39.00,-58,4414930,-256065.94,4,fused
23666,000000023666.jpg,480x640,0,0.063839,0,1,TN,yolov8l_bsz4.ms,157.00,118.25,275.25,0.500,Idle,4.26,8.05,376.63,4571.00,11499.37,297.54,,0,100,39.00,-66,4414784,-291375.74,4,fused
343076,000000343076.jpg,480x640,0,0.063767,0,1,TN,yolov8l_bsz4.ms,157.00,118.25,275.25,0.500,Idle,4.26,8.05,376.63,4571.00,11499.37,297.54,,0,100,39.00,-66,4414784,-291375.74,4,fused
439290,000000439290.jpg,640x427,0,0.063729,0,1,TN,yolov8l_bsz4.ms,157.00,118.25,275.25,0.500,Idle,4.26,8.05,376.63,4571.00,11499.37,297.54,,0,100,39.00,-66,4414784,-291375.74,4,fused
155051,000000155051.jpg,640x480,0,0.063548,0,1,TN,yolov8l_bsz4.ms,157.00,118.25,275.25,0.500,Idle,4.26,8.05,376.63,4571.00,11499.37,297.54,,0,100,39.00,-66,4414784,-291375.74,4,fused
245764,000000245764.jpg,640x480,0,0.063007,0,1,TN,yolov8l_bsz4.ms,158.50,126.25,284.75,0.500,Idle,4.28,8.05,376.03,4572.00,11499.37,297.62,,0,100,39.00,-61,4414896,-269308.66,4,fused
8629,000000008629.jpg,640x640,0,0.062458,0,1,TN,yolov8l_bsz4.ms,158.50,126.25,284.75,0.500,Idle,4.28,8.05,376.03,4572.00,11499.37,297.62,,0,100,39.00,-61,4414896,-269308.66,4,fused
480842,000000480842.jpg,640x590,0,0.062388,0,1,TN,yolov8l_bsz4.ms,158.50,126.25,284.75,0.500,Idle,4.28,8.05,376.03,4572.00,11499.37,297.62,,0,100,39.00,-61,4414896,-269308.66,4,fused
472030,000000472030.jpg,640x480,0,0.062221,0,1,TN,yolov8l_bsz4.ms,158.50,126.25,284.75,0.500,Idle,4.28,8.05,376.03,4572.00,11499.37,297.62,,0,100,39.00,-61,4414896,-269308.66,4,fused
509824,000000509824.jpg,640x640,0,0.062042,0,1,TN,yolov8l_bsz4.ms,155.00,115.25,270.25,0.500,Idle,8.49,7.99,352.81,4595.00,11499.37,319.03,,0,100,39.00,-67,4414730,-295786.91,4,fused
29397,000000029397.jpg,640x449,0,0.061813,1,0,FN,yolov8l_bsz4.ms,155.00,115.25,270.25,0.500,Idle,8.49,7.99,352.81,4595.00,11499.37,319.03,,0,100,39.00,-67,4414730,-295786.91,4,fused
391144,000000391144.jpg,640x427,0,0.061412,0,1,TN,yolov8l_bsz4.ms,155.00,115.25,270.25,0.500,Idle,8.49,7.99,352.81,4595.00,11499.37,319.03,,0,100,39.00,-67,4414730,-295786.91,4,fused
308466,000000308466.jpg,640x480,0,0.061352,0,1,TN,yolov8l_bsz4.ms,155.00,115.25,270.25,0.500,Idle,8.49,7.99,352.81,4595.00,11499.37,319.03,,0,100,39.00,-67,4414730,-295786.91,4,fused
471869,000000471869.jpg,413x500,0,0.061283,0,1,TN,yolov8l_bsz4.ms,160.75,123.75,284.50,0.500,Idle,5.27,7.99,315.08,4632.00,11499.37,354.80,,0,100,39.00,-60,4415047,-264902.82,4,fused
216419,000000216419.jpg,640x467,0,0.060438,0,1,TN,yolov8l_bsz4.ms,160.75,123.75,284.50,0.500,Idle,5.27,7.99,315.08,4632.00,11499.37,354.80,,0,100,39.00,-60,4415047,-264902.82,4,fused
216497,000000216497.jpg,640x480,0,0.059637,0,1,TN,yolov8l_bsz4.ms,160.75,123.75,284.50,0.500,Idle,5.27,7.99,315.08,4632.00,11499.37,354.80,,0,100,39.00,-60,4415047,-264902.82,4,fused
580410,000000580410.jpg,427x640,0,0.059305,0,1,TN,yolov8l_bsz4.ms,160.75,123.75,284.50,0.500,Idle,5.27,7.99,315.08,4632.00,11499.37,354.80,,0,100,39.00,-60,4415047,-264902.82,4,fused
433192,000000433192.jpg,500x375,0,0.059204,0,1,TN,yolov8l_bsz4.ms,161.00,114.75,275.75,0.500,Idle,4.65,7.62,375.79,4572.00,11499.37,293.34,,0,100,39.00,-65,4414835,-286964.28,4,fused
240940,000000240940.jpg,357x500,0,0.059125,0,1,TN,yolov8l_bsz4.ms,161.00,114.75,275.75,0.500,Idle,4.65,7.62,375.79,4572.00,11499.37,293.34,,0,100,39.00,-65,4414835,-286964.28,4,fused
460347,000000460347.jpg,427x640,0,0.058621,1,0,FN,yolov8l_bsz4.ms,161.00,114.75,275.75,0.500,Idle,4.65,7.62,375.79,4572.00,11499.37,293.34,,0,100,39.00,-65,4414835,-286964.28,4,fused
485972,000000485972.jpg,426x640,0,0.058521,0,1,TN,yolov8l_bsz4.ms,161.00,114.75,275.75,0.500,Idle,4.65,7.62,375.79,4572.00,11499.37,293.34,,0,100,39.00,-65,4414835,-286964.28,4,fused
416170,000000416170.jpg,424x640,0,0.057258,0,1,TN,yolov8l_bsz4.ms,158.25,117.50,275.75,0.500,Idle,4.66,7.62,369.82,4576.00,11499.37,295.68,,0,100,39.00,-63,4414905,-278139.02,4,fused
90155,000000090155.jpg,640x427,0,0.056423,0,1,TN,yolov8l_bsz4.ms,158.25,117.50,275.75,0.500,Idle,4.66,7.62,369.82,4576.00,11499.37,295.68,,0,100,39.00,-63,4414905,-278139.02,4,fused
335658,000000335658.jpg,640x480,0,0.056350,0,1,TN,yolov8l_bsz4.ms,158.25,117.50,275.75,0.500,Idle,4.66,7.62,369.82,4576.00,11499.37,295.68,,0,100,39.00,-63,4414905,-278139.02,4,fused
296634,000000296634.jpg,640x453,0,0.056127,0,1,TN,yolov8l_bsz4.ms,158.25,117.50,275.75,0.500,Idle,4.66,7.62,369.82,4576.00,11499.37,295.68,,0,100,39.00,-63,4414905,-278139.02,4,fused
370900,000000370900.jpg,640x478,0,0.056027,0,1,TN,yolov8l_bsz4.ms,156.50,124.75,281.25,0.500,Idle,4.61,7.83,351.61,4594.00,11499.37,312.39,,0,100,39.00,-58,4414897,-256064.03,4,fused
349302,000000349302.jpg,640x427,0,0.055993,0,1,TN,yolov8l_bsz4.ms,156.50,124.75,281.25,0.500,Idle,4.61,7.83,351.61,4594.00,11499.37,312.39,,0,100,39.00,-58,4414897,-256064.03,4,fused
97022,000000097022.jpg,640x428,0,0.055529,0,1,TN,yolov8l_bsz4.ms,156.50,124.75,281.25,0.500,Idle,4.61,7.83,351.61,4594.00,11499.37,312.39,,0,100,39.00,-58,4414897,-256064.03,4,fused
365766,000000365766.jpg,640x480,0,0.055432,0,1,TN,yolov8l_bsz4.ms,156.50,124.75,281.25,0.500,Idle,4.61,7.83,351.61,4594.00,11499.37,312.39,,0,100,39.00,-58,4414897,-256064.03,4,fused
304560,000000304560.jpg,640x425,0,0.055304,0,1,TN,yolov8l_bsz4.ms,156.75,115.50,272.25,0.500,Idle,4.55,7.83,319.06,4625.00,11499.37,342.61,,0,100,39.00,-59,4415032,-260486.89,4,fused
37777,000000037777.jpg,352x230,0,0.055283,0,1,TN,yolov8l_bsz4.ms,156.75,115.50,272.25,0.500,Idle,4.55,7.83,319.06,4625.00,11499.37,342.61,,0,100,39.00,-59,4415032,-260486.89,4,fused
380203,000000380203.jpg,429x640,0,0.054862,0,1,TN,yolov8l_bsz4.ms,156.75,115.50,272.25,0.500,Idle,4.55,7.83,319.06,4625.00,11499.37,342.61,,0,100,39.00,-59,4415032,-260486.89,4,fused
7784,000000007784.jpg,500x375,0,0.054800,0,1,TN,yolov8l_bsz4.ms,156.75,115.50,272.25,0.500,Idle,4.55,7.83,319.06,4625.00,11499.37,342.61,,0,100,39.00,-59,4415032,-260486.89,4,fused
223090,000000223090.jpg,640x480,0,0.054442,0,1,TN,yolov8l_bsz4.ms,153.25,134.50,287.75,0.500,Idle,4.52,7.76,373.85,4571.00,11499.37,287.36,,0,100,39.00,-66,4414717,-291371.32,4,fused
33707,000000033707.jpg,612x612,0,0.054121,0,1,TN,yolov8l_bsz4.ms,153.25,134.50,287.75,0.500,Idle,4.52,7.76,373.85,4571.00,11499.37,287.36,,0,100,39.00,-66,4414717,-291371.32,4,fused
560371,000000560371.jpg,640x427,0,0.053707,0,1,TN,yolov8l_bsz4.ms,153.25,134.50,287.75,0.500,Idle,4.52,7.76,373.85,4571.00,11499.37,287.36,,0,100,39.00,-66,4414717,-291371.32,4,fused
283113,000000283113.jpg,480x640,0,0.053271,0,1,TN,yolov8l_bsz4.ms,153.25,134.50,287.75,0.500,Idle,4.52,7.76,373.85,4571.00,11499.37,287.36,,0,100,39.00,-66,4414717,-291371.32,4,fused
235064,000000235064.jpg,640x480,0,0.052955,0,1,TN,yolov8l_bsz4.ms,156.75,116.75,273.50,0.500,Idle,4.50,7.76,369.92,4576.00,11499.37,290.43,,0,100,39.00,-64,4414830,-282549.12,4,fused
350833,000000350833.jpg,640x480,0,0.052780,0,1,TN,yolov8l_bsz4.ms,156.75,116.75,273.50,0.500,Idle,4.50,7.76,369.92,4576.00,11499.37,290.43,,0,100,39.00,-64,4414830,-282549.12,4,fused
283070,000000283070.jpg,640x428,0,0.052728,0,1,TN,yolov8l_bsz4.ms,156.75,116.75,273.50,0.500,Idle,4.50,7.76,369.92,4576.00,11499.37,290.43,,0,100,39.00,-64,4414830,-282549.12,4,fused
407524,000000407524.jpg,640x480,0,0.052584,0,1,TN,yolov8l_bsz4.ms,156.75,116.75,273.50,0.500,Idle,4.50,7.76,369.92,4576.00,11499.37,290.43,,0,100,39.00,-64,4414830,-282549.12,4,fused
424721,000000424721.jpg,500x375,0,0.052487,0,1,TN,yolov8l_bsz4.ms,159.00,132.75,291.75,0.500,Idle,4.55,7.85,352.80,4592.00,11499.37,305.30,,0,100,39.00,-64,4414847,-282550.21,4,fused
346905,000000346905.jpg,640x426,0,0.051930,0,1,TN,yolov8l_bsz4.ms,159.00,132.75,291.75,0.500,Idle,4.55,7.85,352.80,4592.00,11499.37,305.30,,0,100,39.00,-64,4414847,-282550.21,4,fused
132116,000000132116.jpg,612x612,0,0.050855,0,1,TN,yolov8l_bsz4.ms,159.00,132.75,291.75,0.500,Idle,4.55,7.85,352.80,4592.00,11499.37,305.30,,0,100,39.00,-64,4414847,-282550.21,4,fused
179285,000000179285.jpg,428x640,0,0.050800,0,1,TN,yolov8l_bsz4.ms,159.00,132.75,291.75,0.500,Idle,4.55,7.85,352.80,4592.00,11499.37,305.30,,0,100,39.00,-64,4414847,-282550.21,4,fused
522007,000000522007.jpg,640x480,0,0.050747,0,1,TN,yolov8l_bsz4.ms,156.00,123.00,279.00,0.500,Idle,4.86,7.85,305.58,4639.00,11499.37,350.32,,0,100,39.00,-62,4414886,-273722.93,4,fused
322211,000000322211.jpg,640x480,0,0.050153,0,1,TN,yolov8l_bsz4.ms,156.00,123.00,279.00,0.500,Idle,4.86,7.85,305.58,4639.00,11499.37,350.32,,0,100,39.00,-62,4414886,-273722.93,4,fused
305343,000000305343.jpg,640x427,0,0.050029,0,1,TN,yolov8l_bsz4.ms,156.00,123.00,279.00,0.500,Idle,4.86,7.85,305.58,4639.00,11499.37,350.32,,0,100,39.00,-62,4414886,-273722.93,4,fused
293390,000000293390.jpg,640x480,0,0.049948,0,1,TN,yolov8l_bsz4.ms,156.00,123.00,279.00,0.500,Idle,4.86,7.85,305.58,4639.00,11499.37,350.32,,0,100,39.00,-62,4414886,-273722.93,4,fused
542089,000000542089.jpg,375x500,0,0.049926,0,1,TN,yolov8l_bsz4.ms,157.50,119.25,276.75,0.500,Idle,4.31,8.23,374.09,4570.00,11499.37,280.55,,0,100,39.00,-59,4415002,-260485.12,4,fused
45229,000000045229.jpg,640x480,0,0.049892,0,1,TN,yolov8l_bsz4.ms,157.50,119.25,276.75,0.500,Idle,4.31,8.23,374.09,4570.00,11499.37,280.55,,0,100,39.00,-59,4415002,-260485.12,4,fused
79144,000000079144.jpg,640x458,0,0.049542,0,1,TN,yolov8l_bsz4.ms,157.50,119.25,276.75,0.500,Idle,4.31,8.23,374.09,4570.00,11499.37,280.55,,0,100,39.00,-59,4415002,-260485.12,4,fused
273712,000000273712.jpg,480x640,0,0.049324,0,1,TN,yolov8l_bsz4.ms,157.50,119.25,276.75,0.500,Idle,4.31,8.23,374.09,4570.00,11499.37,280.55,,0,100,39.00,-59,4415002,-260485.12,4,fused
236730,000000236730.jpg,480x640,0,0.049173,0,1,TN,yolov8l_bsz4.ms,162.50,112.50,275.00,0.500,Idle,4.45,8.23,372.43,4572.00,11499.37,280.85,,0,100,39.00,-67,4414704,-295785.17,4,fused
360564,000000360564.jpg,640x427,0,0.049158,0,1,TN,yolov8l_bsz4.ms,162.50,112.50,275.00,0.500,Idle,4.45,8.23,372.43,4572.00,11499.37,280.85,,0,100,39.00,-67,4414704,-295785.17,4,fused
211069,000000211069.jpg,640x480,0,0.049053,0,1,TN,yolov8l_bsz4.ms,162.50,112.50,275.00,0.500,Idle,4.45,8.23,372.43,4572.00,11499.37,280.85,,0,100,39.00,-67,4414704,-295785.17,4,fused
102644,000000102644.jpg,375x500,0,0.048776,0,1,TN,yolov8l_bsz4.ms,162.50,112.50,275.00,0.500,Idle,4.45,8.23,372.43,4572.00,11499.37,280.85,,0,100,39.00,-67,4414704,-295785.17,4,fused
289992,000000289992.jpg,640x424,0,0.048572,0,1,TN,yolov8l_bsz4.ms,161.00,112.75,273.75,0.500,Idle,4.41,7.72,355.87,4588.00,11499.37,296.32,,0,100,39.00,-61,4414904,-269309.14,4,fused
374727,000000374727.jpg,640x426,0,0.048441,0,1,TN,yolov8l_bsz4.ms,161.00,112.75,273.75,0.500,Idle,4.41,7.72,355.87,4588.00,11499.37,296.32,,0,100,39.00,-61,4414904,-269309.14,4,fused
431140,000000431140.jpg,640x480,0,0.048212,0,1,TN,yolov8l_bsz4.ms,161.00,112.75,273.75,0.500,Idle,4.41,7.72,355.87,4588.00,11499.37,296.32,,0,100,39.00,-61,4414904,-269309.14,4,fused
549167,000000549167.jpg,426x640,0,0.047978,0,1,TN,yolov8l_bsz4.ms,161.00,112.75,273.75,0.500,Idle,4.41,7.72,355.87,4588.00,11499.37,296.32,,0,100,39.00,-61,4414904,-269309.14,4,fused
143998,000000143998.jpg,612x612,0,0.047852,0,1,TN,yolov8l_bsz4.ms,157.00,134.00,291.00,0.500,Idle,4.48,7.72,315.13,4628.00,11499.37,335.44,,0,100,39.00,-65,4414819,-286963.23,4,fused
474786,000000474786.jpg,375x500,0,0.047558,0,1,TN,yolov8l_bsz4.ms,157.00,134.00,291.00,0.500,Idle,4.48,7.72,315.13,4628.00,11499.37,335.44,,0,100,39.00,-65,4414819,-286963.23,4,fused
451693,000000451693.jpg,640x480,0,0.047535,0,1,TN,yolov8l_bsz4.ms,157.00,134.00,291.00,0.500,Idle,4.48,7.72,315.13,4628.00,11499.37,335.44,,0,100,39.00,-65,4414819,-286963.23,4,fused
70048,000000070048.jpg,640x480,0,0.047513,0,1,TN,yolov8l_bsz4.ms,157.00,134.00,291.00,0.500,Idle,4.48,7.72,315.13,4628.00,11499.37,335.44,,0,100,39.00,-65,4414819,-286963.23,4,fused
365387,000000365387.jpg,640x425,0,0.047280,0,1,TN,yolov8l_bsz4.ms,159.25,111.50,270.75,0.500,Idle,4.36,7.64,374.57,4567.00,11499.37,273.85,,0,100,39.00,-66,4414758,-291374.03,4,fused
223789,000000223789.jpg,346x500,0,0.047227,0,1,TN,yolov8l_bsz4.ms,159.25,111.50,270.75,0.500,Idle,4.36,7.64,374.57,4567.00,11499.37,273.85,,0,100,39.00,-66,4414758,-291374.03,4,fused
342295,000000342295.jpg,333x500,0,0.046983,0,1,TN,yolov8l_bsz4.ms,159.25,111.50,270.75,0.500,Idle,4.36,7.64,374.57,4567.00,11499.37,273.85,,0,100,39.00,-66,4414758,-291374.03,4,fused
533958,000000533958.jpg,640x640,0,0.046966,0,1,TN,yolov8l_bsz4.ms,159.25,111.50,270.75,0.500,Idle,4.36,7.64,374.57,4567.00,11499.37,273.85,,0,100,39.00,-66,4414758,-291374.03,4,fused
13004,000000013004.jpg,375x500,0,0.046760,0,1,TN,yolov8l_bsz4.ms,160.00,121.75,281.75,0.500,Idle,4.36,7.64,369.38,4574.00,11499.37,277.81,,0,100,39.00,-64,4414748,-282543.87,4,fused
519491,000000519491.jpg,480x640,0,0.046550,0,1,TN,yolov8l_bsz4.ms,160.00,121.75,281.75,0.500,Idle,4.36,7.64,369.38,4574.00,11499.37,277.81,,0,100,39.00,-64,4414748,-282543.87,4,fused
228981,000000228981.jpg,640x480,0,0.046549,0,1,TN,yolov8l_bsz4.ms,160.00,121.75,281.75,0.500,Idle,4.36,7.64,369.38,4574.00,11499.37,277.81,,0,100,39.00,-64,4414748,-282543.87,4,fused
419312,000000419312.jpg,375x500,0,0.046351,0,1,TN,yolov8l_bsz4.ms,160.00,121.75,281.75,0.500,Idle,4.36,7.64,369.38,4574.00,11499.37,277.81,,0,100,39.00,-64,4414748,-282543.87,4,fused
479099,000000479099.jpg,640x480,0,0.046135,0,1,TN,yolov8l_bsz4.ms,157.50,124.25,281.75,0.500,Idle,4.43,7.65,352.58,4590.00,11499.37,293.24,,0,100,39.00,-61,4414760,-269300.36,4,fused
360943,000000360943.jpg,501x640,0,0.046010,0,1,TN,yolov8l_bsz4.ms,157.50,124.25,281.75,0.500,Idle,4.43,7.65,352.58,4590.00,11499.37,293.24,,0,100,39.00,-61,4414760,-269300.36,4,fused
66523,000000066523.jpg,480x640,0,0.045827,0,1,TN,yolov8l_bsz4.ms,157.50,124.25,281.75,0.500,Idle,4.43,7.65,352.58,4590.00,11499.37,293.24,,0,100,39.00,-61,4414760,-269300.36,4,fused
20247,000000020247.jpg,640x457,0,0.045765,0,1,TN,yolov8l_bsz4.ms,157.50,124.25,281.75,0.500,Idle,4.43,7.65,352.58,4590.00,11499.37,293.24,,0,100,39.00,-61,4414760,-269300.36,4,fused
189078,000000189078.jpg,500x334,0,0.045447,0,1,TN,yolov8l_bsz4.ms,157.25,112.25,269.50,0.500,Idle,8.69,7.65,297.30,4645.00,11499.37,346.58,,0,100,39.00,-62,4414712,-273712.14,4,fused
263644,000000263644.jpg,473x640,0,0.045382,0,1,TN,yolov8l_bsz4.ms,157.25,112.25,269.50,0.500,Idle,8.69,7.65,297.30,4645.00,11499.37,346.58,,0,100,39.00,-62,4414712,-273712.14,4,fused
64574,000000064574.jpg,479x640,0,0.045334,0,1,TN,yolov8l_bsz4.ms,157.25,112.25,269.50,0.500,Idle,8.69,7.65,297.30,4645.00,11499.37,346.58,,0,100,39.00,-62,4414712,-273712.14,4,fused
404191,000000404191.jpg,375x500,0,0.045115,0,1,TN,yolov8l_bsz4.ms,157.25,112.25,269.50,0.500,Idle,8.69,7.65,297.30,4645.00,11499.37,346.58,,0,100,39.00,-62,4414712,-273712.14,4,fused
268729,000000268729.jpg,640x480,0,0.044887,1,0,FN,yolov8l_bsz4.ms,157.75,120.50,278.25,0.500,Idle,4.96,7.19,373.81,4568.00,11499.37,268.73,,0,100,39.00,-72,4414533,-317846.38,4,fused
353027,000000353027.jpg,640x424,0,0.044504,1,0,FN,yolov8l_bsz4.ms,157.75,120.50,278.25,0.500,Idle,4.96,7.19,373.81,4568.00,11499.37,268.73,,0,100,39.00,-72,4414533,-317846.38,4,fused
522713,000000522713.jpg,640x480,0,0.044389,1,0,FN,yolov8l_bsz4.ms,157.75,120.50,278.25,0.500,Idle,4.96,7.19,373.81,4568.00,11499.37,268.73,,0,100,39.00,-72,4414533,-317846.38,4,fused
226130,000000226130.jpg,640x426,0,0.044363,0,1,TN,yolov8l_bsz4.ms,157.75,120.50,278.25,0.500,Idle,4.96,7.19,373.81,4568.00,11499.37,268.73,,0,100,39.00,-72,4414533,-317846.38,4,fused
414261,000000414261.jpg,640x427,0,0.044341,0,1,TN,yolov8l_bsz4.ms,157.25,112.75,270.00,0.500,Idle,4.63,7.19,373.90,4568.00,11499.37,267.16,,0,100,39.00,-65,4414696,-286955.24,4,fused
543528,000000543528.jpg,640x480,0,0.043884,0,1,TN,yolov8l_bsz4.ms,157.25,112.75,270.00,0.500,Idle,4.63,7.19,373.90,4568.00,11499.37,267.16,,0,100,39.00,-65,4414696,-286955.24,4,fused
10995,000000010995.jpg,640x480,0,0.043621,0,1,TN,yolov8l_bsz4.ms,157.25,112.75,270.00,0.500,Idle,4.63,7.19,373.90,4568.00,11499.37,267.16,,0,100,39.00,-65,4414696,-286955.24,4,fused
56288,000000056288.jpg,640x480,0,0.043448,0,1,TN,yolov8l_bsz4.ms,157.25,112.75,270.00,0.500,Idle,4.63,7.19,373.90,4568.00,11499.37,267.16,,0,100,39.00,-65,4414696,-286955.24,4,fused
104612,000000104612.jpg,640x480,0,0.043296,0,1,TN,yolov8l_bsz4.ms,161.50,113.50,275.00,0.500,Idle,4.59,7.44,351.06,4590.00,11499.37,288.52,,0,100,39.00,-60,4414905,-264894.30,4,fused
24144,000000024144.jpg,640x480,0,0.043232,0,1,TN,yolov8l_bsz4.ms,161.50,113.50,275.00,0.500,Idle,4.59,7.44,351.06,4590.00,11499.37,288.52,,0,100,39.00,-60,4414905,-264894.30,4,fused
479732,000000479732.jpg,640x428,0,0.042700,0,1,TN,yolov8l_bsz4.ms,161.50,113.50,275.00,0.500,Idle,4.59,7.44,351.06,4590.00,11499.37,288.52,,0,100,39.00,-60,4414905,-264894.30,4,fused
239627,000000239627.jpg,640x427,0,0.042552,0,1,TN,yolov8l_bsz4.ms,161.50,113.50,275.00,0.500,Idle,4.59,7.44,351.06,4590.00,11499.37,288.52,,0,100,39.00,-60,4414905,-264894.30,4,fused
376856,000000376856.jpg,480x640,0,0.042538,0,1,TN,yolov8l_bsz4.ms,160.25,122.50,282.75,0.500,Idle,4.56,7.44,303.94,4636.00,11499.37,333.02,,0,100,39.00,-56,4415012,-247240.67,4,fused
71451,000000071451.jpg,383x640,0,0.041776,0,1,TN,yolov8l_bsz4.ms,160.25,122.50,282.75,0.500,Idle,4.56,7.44,303.94,4636.00,11499.37,333.02,,0,100,39.00,-56,4415012,-247240.67,4,fused
458768,000000458768.jpg,640x427,0,0.041256,0,1,TN,yolov8l_bsz4.ms,160.25,122.50,282.75,0.500,Idle,4.56,7.44,303.94,4636.00,11499.37,333.02,,0,100,39.00,-56,4415012,-247240.67,4,fused
562197,000000562197.jpg,640x640,0,0.041200,0,1,TN,yolov8l_bsz4.ms,160.25,122.50,282.75,0.500,Idle,4.56,7.44,303.94,4636.00,11499.37,333.02,,0,100,39.00,-56,4415012,-247240.67,4,fused
438226,000000438226.jpg,640x291,0,0.041143,0,1,TN,yolov8l_bsz4.ms,157.25,115.00,272.25,0.500,Idle,4.40,7.76,376.37,4564.00,11499.37,259.30,,0,100,39.00,-63,4414790,-278131.77,4,fused
116206,000000116206.jpg,640x480,0,0.040931,0,1,TN,yolov8l_bsz4.ms,157.25,115.00,272.25,0.500,Idle,4.40,7.76,376.37,4564.00,11499.37,259.30,,0,100,39.00,-63,4414790,-278131.77,4,fused
29640,000000029640.jpg,640x426,0,0.040644,0,1,TN,yolov8l_bsz4.ms,157.25,115.00,272.25,0.500,Idle,4.40,7.76,376.37,4564.00,11499.37,259.30,,0,100,39.00,-63,4414790,-278131.77,4,fused
286994,000000286994.jpg,640x480,0,0.040627,0,1,TN,yolov8l_bsz4.ms,157.25,115.00,272.25,0.500,Idle,4.40,7.76,376.37,4564.00,11499.37,259.30,,0,100,39.00,-63,4414790,-278131.77,4,fused
300233,000000300233.jpg,640x489,0,0.040411,0,1,TN,yolov8l_bsz4.ms,158.75,127.50,286.25,0.500,Idle,4.41,7.76,369.71,4570.00,11499.37,263.68,,0,100,39.00,-79,4414051,-348710.03,4,fused
79565,000000079565.jpg,500x375,0,0.040252,0,1,TN,yolov8l_bsz4.ms,158.75,127.50,286.25,0.500,Idle,4.41,7.76,369.71,4570.00,11499.37,263.68,,0,100,39.00,-79,4414051,-348710.03,4,fused
186282,000000186282.jpg,640x427,0,0.040231,0,1,TN,yolov8l_bsz4.ms,158.75,127.50,286.25,0.500,Idle,4.41,7.76,369.71,4570.00,11499.37,263.68,,0,100,39.00,-79,4414051,-348710.03,4,fused
248980,000000248980.jpg,500x375,0,0.039885,0,1,TN,yolov8l_bsz4.ms,158.75,127.50,286.25,0.500,Idle,4.41,7.76,369.71,4570.00,11499.37,263.68,,0,100,39.00,-79,4414051,-348710.03,4,fused
551304,000000551304.jpg,480x640,0,0.039468,0,1,TN,yolov8l_bsz4.ms,161.75,111.50,273.25,0.500,Idle,4.45,8.15,351.03,4588.00,11499.37,281.04,,0,100,39.00,-114,4413105,-503093.97,4,fused
192716,000000192716.jpg,518x640,0,0.039305,1,0,FN,yolov8l_bsz4.ms,161.75,111.50,273.25,0.500,Idle,4.45,8.15,351.03,4588.00,11499.37,281.04,,0,100,39.00,-114,4413105,-503093.97,4,fused
68286,000000068286.jpg,640x366,0,0.038969,0,1,TN,yolov8l_bsz4.ms,161.75,111.50,273.25,0.500,Idle,4.45,8.15,351.03,4588.00,11499.37,281.04,,0,100,39.00,-114,4413105,-503093.97,4,fused
498919,000000498919.jpg,432x324,0,0.038875,0,1,TN,yolov8l_bsz4.ms,161.75,111.50,273.25,0.500,Idle,4.45,8.15,351.03,4588.00,11499.37,281.04,,0,100,39.00,-114,4413105,-503093.97,4,fused
127494,000000127494.jpg,500x333,0,0.038445,0,1,TN,yolov8l_bsz4.ms,161.75,114.25,276.00,0.500,Idle,4.43,8.15,305.46,4627.00,11499.37,318.91,,0,100,39.00,-65,4414683,-286954.40,4,fused
218091,000000218091.jpg,640x429,0,0.038156,0,1,TN,yolov8l_bsz4.ms,161.75,114.25,276.00,0.500,Idle,4.43,8.15,305.46,4627.00,11499.37,318.91,,0,100,39.00,-65,4414683,-286954.40,4,fused
262440,000000262440.jpg,400x640,0,0.038147,0,1,TN,yolov8l_bsz4.ms,161.75,114.25,276.00,0.500,Idle,4.43,8.15,305.46,4627.00,11499.37,318.91,,0,100,39.00,-65,4414683,-286954.40,4,fused
442009,000000442009.jpg,600x399,0,0.037941,0,1,TN,yolov8l_bsz4.ms,161.75,114.25,276.00,0.500,Idle,4.43,8.15,305.46,4627.00,11499.37,318.91,,0,100,39.00,-65,4414683,-286954.40,4,fused
395701,000000395701.jpg,640x480,0,0.037343,0,1,TN,yolov8l_bsz4.ms,161.50,115.75,277.25,0.500,Idle,6.20,17.71,376.36,4542.00,11499.37,231.67,,0,100,39.00,-115,4413053,-507501.09,4,fused
386457,000000386457.jpg,426x640,0,0.036992,0,1,TN,yolov8l_bsz4.ms,161.50,115.75,277.25,0.500,Idle,6.20,17.71,376.36,4542.00,11499.37,231.67,,0,100,39.00,-115,4413053,-507501.09,4,fused
147518,000000147518.jpg,480x640,0,0.036878,0,1,TN,yolov8l_bsz4.ms,161.50,115.75,277.25,0.500,Idle,6.20,17.71,376.36,4542.00,11499.37,231.67,,0,100,39.00,-115,4413053,-507501.09,4,fused
564127,000000564127.jpg,428x640,0,0.036835,0,1,TN,yolov8l_bsz4.ms,161.50,115.75,277.25,0.500,Idle,6.20,17.71,376.36,4542.00,11499.37,231.67,,0,100,39.00,-115,4413053,-507501.09,4,fused
138954,000000138954.jpg,612x612,0,0.036105,0,1,TN,yolov8l_bsz4.ms,158.25,127.50,285.75,0.500,Idle,5.07,17.71,372.69,4556.00,11499.37,348.75,,0,100,39.00,-77,4414272,-339898.94,4,fused
89761,000000089761.jpg,480x640,0,0.035893,0,1,TN,yolov8l_bsz4.ms,158.25,127.50,285.75,0.500,Idle,5.07,17.71,372.69,4556.00,11499.37,348.75,,0,100,39.00,-77,4414272,-339898.94,4,fused
416758,000000416758.jpg,640x480,0,0.035869,0,1,TN,yolov8l_bsz4.ms,158.25,127.50,285.75,0.500,Idle,5.07,17.71,372.69,4556.00,11499.37,348.75,,0,100,39.00,-77,4414272,-339898.94,4,fused
4495,000000004495.jpg,500x375,0,0.035650,0,1,TN,yolov8l_bsz4.ms,158.25,127.50,285.75,0.500,Idle,5.07,17.71,372.69,4556.00,11499.37,348.75,,0,100,39.00,-77,4414272,-339898.94,4,fused
415716,000000415716.jpg,640x480,0,0.035539,0,1,TN,yolov8l_bsz4.ms,160.75,118.75,279.50,0.500,Idle,4.88,14.14,349.97,4595.00,11499.37,385.43,,0,100,39.00,-63,4414691,-278125.53,4,fused
109976,000000109976.jpg,640x480,0,0.035330,0,1,TN,yolov8l_bsz4.ms,160.75,118.75,279.50,0.500,Idle,4.88,14.14,349.97,4595.00,11499.37,385.43,,0,100,39.00,-63,4414691,-278125.53,4,fused
417876,000000417876.jpg,500x375,0,0.035201,0,1,TN,yolov8l_bsz4.ms,160.75,118.75,279.50,0.500,Idle,4.88,14.14,349.97,4595.00,11499.37,385.43,,0,100,39.00,-63,4414691,-278125.53,4,fused
378453,000000378453.jpg,500x346,0,0.034922,0,1,TN,yolov8l_bsz4.ms,160.75,118.75,279.50,0.500,Idle,4.88,14.14,349.97,4595.00,11499.37,385.43,,0,100,39.00,-63,4414691,-278125.53,4,fused
112626,000000112626.jpg,423x640,0,0.034778,0,1,TN,yolov8l_bsz4.ms,160.75,115.00,275.75,0.500,Idle,4.72,14.14,304.23,4640.00,11499.37,430.06,,0,100,39.00,-61,4414816,-269303.78,4,fused
267434,000000267434.jpg,640x480,0,0.034617,0,1,TN,yolov8l_bsz4.ms,160.75,115.00,275.75,0.500,Idle,4.72,14.14,304.23,4640.00,11499.37,430.06,,0,100,39.00,-61,4414816,-269303.78,4,fused
263474,000000263474.jpg,479x640,0,0.034553,0,1,TN,yolov8l_bsz4.ms,160.75,115.00,275.75,0.500,Idle,4.72,14.14,304.23,4640.00,11499.37,430.06,,0,100,39.00,-61,4414816,-269303.78,4,fused
560011,000000560011.jpg,332x500,0,0.034499,0,1,TN,yolov8l_bsz4.ms,160.75,115.00,275.75,0.500,Idle,4.72,14.14,304.23,4640.00,11499.37,430.06,,0,100,39.00,-61,4414816,-269303.78,4,fused
328959,000000328959.jpg,308x500,0,0.034177,0,1,TN,yolov8l_bsz4.ms,157.50,116.50,274.00,0.500,Idle,4.56,11.14,372.94,4597.00,11499.37,385.29,,0,100,39.00,-65,4414595,-286948.67,4,fused
76211,000000076211.jpg,640x500,0,0.034088,0,1,TN,yolov8l_bsz4.ms,157.50,116.50,274.00,0.500,Idle,4.56,11.14,372.94,4597.00,11499.37,385.29,,0,100,39.00,-65,4414595,-286948.67,4,fused
29596,000000029596.jpg,640x428,0,0.033995,0,1,TN,yolov8l_bsz4.ms,157.50,116.50,274.00,0.500,Idle,4.56,11.14,372.94,4597.00,11499.37,385.29,,0,100,39.00,-65,4414595,-286948.67,4,fused
46031,000000046031.jpg,640x480,0,0.033964,0,1,TN,yolov8l_bsz4.ms,157.50,116.50,274.00,0.500,Idle,4.56,11.14,372.94,4597.00,11499.37,385.29,,0,100,39.00,-65,4414595,-286948.67,4,fused
309173,000000309173.jpg,335x500,0,0.033807,1,0,FN,yolov8l_bsz4.ms,164.25,113.50,277.75,0.500,Idle,4.55,11.14,372.35,4597.00,11499.37,384.47,,0,100,39.00,-65,4414724,-286957.06,4,fused
180792,000000180792.jpg,375x500,0,0.033644,0,1,TN,yolov8l_bsz4.ms,164.25,113.50,277.75,0.500,Idle,4.55,11.14,372.35,4597.00,11499.37,384.47,,0,100,39.00,-65,4414724,-286957.06,4,fused
308753,000000308753.jpg,640x480,0,0.033270,0,1,TN,yolov8l_bsz4.ms,164.25,113.50,277.75,0.500,Idle,4.55,11.14,372.35,4597.00,11499.37,384.47,,0,100,39.00,-65,4414724,-286957.06,4,fused
206271,000000206271.jpg,323x640,0,0.033110,0,1,TN,yolov8l_bsz4.ms,164.25,113.50,277.75,0.500,Idle,4.55,11.14,372.35,4597.00,11499.37,384.47,,0,100,39.00,-65,4414724,-286957.06,4,fused
231549,000000231549.jpg,640x480,0,0.033008,0,1,TN,yolov8l_bsz4.ms,160.25,117.00,277.25,0.500,Idle,4.52,10.01,351.39,4618.00,11499.37,403.31,,0,100,39.00,-62,4414816,-273718.59,4,fused
126110,000000126110.jpg,320x240,0,0.032960,1,0,FN,yolov8l_bsz4.ms,160.25,117.00,277.25,0.500,Idle,4.52,10.01,351.39,4618.00,11499.37,403.31,,0,100,39.00,-62,4414816,-273718.59,4,fused
312549,000000312549.jpg,640x480,0,0.032853,0,1,TN,yolov8l_bsz4.ms,160.25,117.00,277.25,0.500,Idle,4.52,10.01,351.39,4618.00,11499.37,403.31,,0,100,39.00,-62,4414816,-273718.59,4,fused
566042,000000566042.jpg,500x333,0,0.032589,0,1,TN,yolov8l_bsz4.ms,160.25,117.00,277.25,0.500,Idle,4.52,10.01,351.39,4618.00,11499.37,403.31,,0,100,39.00,-62,4414816,-273718.59,4,fused
153510,000000153510.jpg,640x426,0,0.032472,0,1,TN,yolov8l_bsz4.ms,155.00,108.75,263.75,0.500,Idle,4.46,10.01,305.68,4663.00,11499.37,447.66,,0,100,39.00,-68,4414643,-300195.72,4,fused
217614,000000217614.jpg,480x640,0,0.032359,0,1,TN,yolov8l_bsz4.ms,155.00,108.75,263.75,0.500,Idle,4.46,10.01,305.68,4663.00,11499.37,447.66,,0,100,39.00,-68,4414643,-300195.72,4,fused
294163,000000294163.jpg,429x640,0,0.032275,0,1,TN,yolov8l_bsz4.ms,155.00,108.75,263.75,0.500,Idle,4.46,10.01,305.68,4663.00,11499.37,447.66,,0,100,39.00,-68,4414643,-300195.72,4,fused
405970,000000405970.jpg,640x427,0,0.031969,0,1,TN,yolov8l_bsz4.ms,155.00,108.75,263.75,0.500,Idle,4.46,10.01,305.68,4663.00,11499.37,447.66,,0,100,39.00,-68,4414643,-300195.72,4,fused
548267,000000548267.jpg,640x480,0,0.031669,0,1,TN,yolov8l_bsz4.ms,159.25,133.25,292.50,0.500,Idle,8.74,9.36,376.63,4591.00,11499.37,373.66,,0,100,39.00,-64,4414658,-282538.11,4,fused
170893,000000170893.jpg,640x480,0,0.031610,0,1,TN,yolov8l_bsz4.ms,159.25,133.25,292.50,0.500,Idle,8.74,9.36,376.63,4591.00,11499.37,373.66,,0,100,39.00,-64,4414658,-282538.11,4,fused
234807,000000234807.jpg,640x462,0,0.031376,0,1,TN,yolov8l_bsz4.ms,159.25,133.25,292.50,0.500,Idle,8.74,9.36,376.63,4591.00,11499.37,373.66,,0,100,39.00,-64,4414658,-282538.11,4,fused
459396,000000459396.jpg,612x612,0,0.031042,0,1,TN,yolov8l_bsz4.ms,159.25,133.25,292.50,0.500,Idle,8.74,9.36,376.63,4591.00,11499.37,373.66,,0,100,39.00,-64,4414658,-282538.11,4,fused
453981,000000453981.jpg,640x427,0,0.030985,0,1,TN,yolov8l_bsz4.ms,157.50,114.75,272.25,0.500,Idle,4.45,9.36,370.41,4598.00,11499.37,379.72,,0,100,39.00,-66,4414605,-291363.93,4,fused
120584,000000120584.jpg,480x640,0,0.030860,0,1,TN,yolov8l_bsz4.ms,157.50,114.75,272.25,0.500,Idle,4.45,9.36,370.41,4598.00,11499.37,379.72,,0,100,39.00,-66,4414605,-291363.93,4,fused
307658,000000307658.jpg,589x640,0,0.030785,0,1,TN,yolov8l_bsz4.ms,157.50,114.75,272.25,0.500,Idle,4.45,9.36,370.41,4598.00,11499.37,379.72,,0,100,39.00,-66,4414605,-291363.93,4,fused
41488,000000041488.jpg,640x369,0,0.030511,0,1,TN,yolov8l_bsz4.ms,157.50,114.75,272.25,0.500,Idle,4.45,9.36,370.41,4598.00,11499.37,379.72,,0,100,39.00,-66,4414605,-291363.93,4,fused
2149,000000002149.jpg,640x427,0,0.030496,0,1,TN,yolov8l_bsz4.ms,162.00,90.25,252.25,0.500,Idle,4.44,6.34,350.28,4617.00,11499.37,398.30,,0,100,39.00,-62,4414754,-273714.75,4,fused
430048,000000430048.jpg,500x375,0,0.030413,0,1,TN,yolov8l_bsz4.ms,162.00,90.25,252.25,0.500,Idle,4.44,6.34,350.28,4617.00,11499.37,398.30,,0,100,39.00,-62,4414754,-273714.75,4,fused
298251,000000298251.jpg,640x159,0,0.030326,0,1,TN,yolov8l_bsz4.ms,162.00,90.25,252.25,0.500,Idle,4.44,6.34,350.28,4617.00,11499.37,398.30,,0,100,39.00,-62,4414754,-273714.75,4,fused
194216,000000194216.jpg,640x294,0,0.030318,0,1,TN,yolov8l_bsz4.ms,162.00,90.25,252.25,0.500,Idle,4.44,6.34,350.28,4617.00,11499.37,398.30,,0,100,39.00,-62,4414754,-273714.75,4,fused
477118,000000477118.jpg,500x333,0,0.030178,0,1,TN,yolov8l_bsz4.ms,158.25,134.25,292.50,0.500,Idle,4.37,6.34,294.06,4668.00,11499.37,448.03,,0,100,39.00,-63,4414653,-278123.14,4,fused
403385,000000403385.jpg,640x511,0,0.029888,0,1,TN,yolov8l_bsz4.ms,158.25,134.25,292.50,0.500,Idle,4.37,6.34,294.06,4668.00,11499.37,448.03,,0,100,39.00,-63,4414653,-278123.14,4,fused
15278,000000015278.jpg,640x480,0,0.029649,0,1,TN,yolov8l_bsz4.ms,158.25,134.25,292.50,0.500,Idle,4.37,6.34,294.06,4668.00,11499.37,448.03,,0,100,39.00,-63,4414653,-278123.14,4,fused
325527,000000325527.jpg,500x374,0,0.029211,0,1,TN,yolov8l_bsz4.ms,158.25,134.25,292.50,0.500,Idle,4.37,6.34,294.06,4668.00,11499.37,448.03,,0,100,39.00,-63,4414653,-278123.14,4,fused
419201,000000419201.jpg,640x425,0,0.028891,0,1,TN,yolov8l_bsz4.ms,159.75,122.75,282.50,0.500,Idle,4.31,7.43,372.52,4595.00,11499.37,373.16,,0,100,39.00,-64,4414651,-282537.66,4,fused
8277,000000008277.jpg,612x612,0,0.028768,0,1,TN,yolov8l_bsz4.ms,159.75,122.75,282.50,0.500,Idle,4.31,7.43,372.52,4595.00,11499.37,373.16,,0,100,39.00,-64,4414651,-282537.66,4,fused
338325,000000338325.jpg,640x428,0,0.028693,0,1,TN,yolov8l_bsz4.ms,159.75,122.75,282.50,0.500,Idle,4.31,7.43,372.52,4595.00,11499.37,373.16,,0,100,39.00,-64,4414651,-282537.66,4,fused
383621,000000383621.jpg,640x427,0,0.028669,0,1,TN,yolov8l_bsz4.ms,159.75,122.75,282.50,0.500,Idle,4.31,7.43,372.52,4595.00,11499.37,373.16,,0,100,39.00,-64,4414651,-282537.66,4,fused
208901,000000208901.jpg,640x427,0,0.028642,0,1,TN,yolov8l_bsz4.ms,162.50,105.75,268.25,0.500,Idle,4.32,7.43,369.65,4597.00,11499.37,374.06,,0,100,39.00,-60,4414769,-264886.14,4,fused
66561,000000066561.jpg,640x427,0,0.028531,0,1,TN,yolov8l_bsz4.ms,162.50,105.75,268.25,0.500,Idle,4.32,7.43,369.65,4597.00,11499.37,374.06,,0,100,39.00,-60,4414769,-264886.14,4,fused
31248,000000031248.jpg,500x333,0,0.028256,0,1,TN,yolov8l_bsz4.ms,162.50,105.75,268.25,0.500,Idle,4.32,7.43,369.65,4597.00,11499.37,374.06,,0,100,39.00,-60,4414769,-264886.14,4,fused
402992,000000402992.jpg,640x480,0,0.028120,0,1,TN,yolov8l_bsz4.ms,162.50,105.75,268.25,0.500,Idle,4.32,7.43,369.65,4597.00,11499.37,374.06,,0,100,39.00,-60,4414769,-264886.14,4,fused
189310,000000189310.jpg,640x480,0,0.028084,0,1,TN,yolov8l_bsz4.ms,159.75,114.00,273.75,0.500,Idle,4.30,7.49,350.62,4617.00,11499.37,392.26,,0,100,39.00,-62,4414798,-273717.48,4,fused
402765,000000402765.jpg,500x375,0,0.028004,1,0,FN,yolov8l_bsz4.ms,159.75,114.00,273.75,0.500,Idle,4.30,7.49,350.62,4617.00,11499.37,392.26,,0,100,39.00,-62,4414798,-273717.48,4,fused
13597,000000013597.jpg,640x425,0,0.027945,0,1,TN,yolov8l_bsz4.ms,159.75,114.00,273.75,0.500,Idle,4.30,7.49,350.62,4617.00,11499.37,392.26,,0,100,39.00,-62,4414798,-273717.48,4,fused
452793,000000452793.jpg,640x427,0,0.027075,0,1,TN,yolov8l_bsz4.ms,159.75,114.00,273.75,0.500,Idle,4.30,7.49,350.62,4617.00,11499.37,392.26,,0,100,39.00,-62,4414798,-273717.48,4,fused
569917,000000569917.jpg,480x640,0,0.026948,0,1,TN,yolov8l_bsz4.ms,156.25,116.25,272.50,0.500,Idle,4.30,7.49,304.71,4662.00,11499.37,436.95,,0,100,39.00,-67,4414631,-295780.28,4,fused
284282,000000284282.jpg,500x333,0,0.026875,0,1,TN,yolov8l_bsz4.ms,156.25,116.25,272.50,0.500,Idle,4.30,7.49,304.71,4662.00,11499.37,436.95,,0,100,39.00,-67,4414631,-295780.28,4,fused
318114,000000318114.jpg,385x308,0,0.026839,0,1,TN,yolov8l_bsz4.ms,156.25,116.25,272.50,0.500,Idle,4.30,7.49,304.71,4662.00,11499.37,436.95,,0,100,39.00,-67,4414631,-295780.28,4,fused
129322,000000129322.jpg,480x640,0,0.026741,0,1,TN,yolov8l_bsz4.ms,156.25,116.25,272.50,0.500,Idle,4.30,7.49,304.71,4662.00,11499.37,436.95,,0,100,39.00,-67,4414631,-295780.28,4,fused
570736,000000570736.jpg,427x640,0,0.026597,0,1,TN,yolov8l_bsz4.ms,160.50,133.00,293.50,0.500,Idle,4.30,7.42,372.54,4594.00,11499.37,367.90,,0,100,39.00,-68,4414603,-300193.00,4,fused
442323,000000442323.jpg,640x480,0,0.026466,0,1,TN,yolov8l_bsz4.ms,160.50,133.00,293.50,0.500,Idle,4.30,7.42,372.54,4594.00,11499.37,367.90,,0,100,39.00,-68,4414603,-300193.00,4,fused
352491,000000352491.jpg,640x480,0,0.026080,1,0,FN,yolov8l_bsz4.ms,160.50,133.00,293.50,0.500,Idle,4.30,7.42,372.54,4594.00,11499.37,367.90,,0,100,39.00,-68,4414603,-300193.00,4,fused
175364,000000175364.jpg,614x461,0,0.026059,0,1,TN,yolov8l_bsz4.ms,160.50,133.00,293.50,0.500,Idle,4.30,7.42,372.54,4594.00,11499.37,367.90,,0,100,39.00,-68,4414603,-300193.00,4,fused
547144,000000547144.jpg,640x480,0,0.025889,0,1,TN,yolov8l_bsz4.ms,158.25,109.50,267.75,0.500,Idle,6.91,7.42,370.59,4596.00,11499.37,367.77,,0,100,39.00,-110,4413105,-485441.55,4,fused
394328,000000394328.jpg,480x640,0,0.025846,0,1,TN,yolov8l_bsz4.ms,158.25,109.50,267.75,0.500,Idle,6.91,7.42,370.59,4596.00,11499.37,367.77,,0,100,39.00,-110,4413105,-485441.55,4,fused
34873,000000034873.jpg,640x480,0,0.025782,0,1,TN,yolov8l_bsz4.ms,158.25,109.50,267.75,0.500,Idle,6.91,7.42,370.59,4596.00,11499.37,367.77,,0,100,39.00,-110,4413105,-485441.55,4,fused
209142,000000209142.jpg,640x425,0,0.025592,0,1,TN,yolov8l_bsz4.ms,158.25,109.50,267.75,0.500,Idle,6.91,7.42,370.59,4596.00,11499.37,367.77,,0,100,39.00,-110,4413105,-485441.55,4,fused
460379,000000460379.jpg,426x640,0,0.025394,0,1,TN,yolov8l_bsz4.ms,157.25,133.50,290.75,0.500,Idle,5.43,7.91,353.30,4613.00,11499.37,382.98,,0,100,39.00,-59,4414773,-260471.61,4,fused
181753,000000181753.jpg,640x423,0,0.025316,0,1,TN,yolov8l_bsz4.ms,157.25,133.50,290.75,0.500,Idle,5.43,7.91,353.30,4613.00,11499.37,382.98,,0,100,39.00,-59,4414773,-260471.61,4,fused
251065,000000251065.jpg,480x640,0,0.025213,0,1,TN,yolov8l_bsz4.ms,157.25,133.50,290.75,0.500,Idle,5.43,7.91,353.30,4613.00,11499.37,382.98,,0,100,39.00,-59,4414773,-260471.61,4,fused
377000,000000377000.jpg,527x640,0,0.025112,0,1,TN,yolov8l_bsz4.ms,157.25,133.50,290.75,0.500,Idle,5.43,7.91,353.30,4613.00,11499.37,382.98,,0,100,39.00,-59,4414773,-260471.61,4,fused
20059,000000020059.jpg,640x427,0,0.024787,0,1,TN,yolov8l_bsz4.ms,159.00,104.75,263.75,0.500,Idle,4.92,7.91,308.47,4657.00,11499.37,426.16,,0,100,39.00,-117,4412845,-516302.86,4,fused
491071,000000491071.jpg,414x640,0,0.024730,0,1,TN,yolov8l_bsz4.ms,159.00,104.75,263.75,0.500,Idle,4.92,7.91,308.47,4657.00,11499.37,426.16,,0,100,39.00,-117,4412845,-516302.86,4,fused
15254,000000015254.jpg,640x427,0,0.024721,0,1,TN,yolov8l_bsz4.ms,159.00,104.75,263.75,0.500,Idle,4.92,7.91,308.47,4657.00,11499.37,426.16,,0,100,39.00,-117,4412845,-516302.86,4,fused
402433,000000402433.jpg,640x426,0,0.024665,0,1,TN,yolov8l_bsz4.ms,159.00,104.75,263.75,0.500,Idle,4.92,7.91,308.47,4657.00,11499.37,426.16,,0,100,39.00,-117,4412845,-516302.86,4,fused
461275,000000461275.jpg,500x335,0,0.024535,0,1,TN,yolov8l_bsz4.ms,157.50,114.50,272.00,0.500,Idle,4.69,7.44,374.53,4591.00,11499.37,358.68,,0,100,39.00,-64,4414651,-282537.66,4,fused
332845,000000332845.jpg,640x480,0,0.024525,1,0,FN,yolov8l_bsz4.ms,157.50,114.50,272.00,0.500,Idle,4.69,7.44,374.53,4591.00,11499.37,358.68,,0,100,39.00,-64,4414651,-282537.66,4,fused
430973,000000430973.jpg,640x478,0,0.024455,0,1,TN,yolov8l_bsz4.ms,157.50,114.50,272.00,0.500,Idle,4.69,7.44,374.53,4591.00,11499.37,358.68,,0,100,39.00,-64,4414651,-282537.66,4,fused
113354,000000113354.jpg,640x480,0,0.024201,0,1,TN,yolov8l_bsz4.ms,157.50,114.50,272.00,0.500,Idle,4.69,7.44,374.53,4591.00,11499.37,358.68,,0,100,39.00,-64,4414651,-282537.66,4,fused
248631,000000248631.jpg,640x480,0,0.024081,0,1,TN,yolov8l_bsz4.ms,160.00,111.00,271.00,0.500,Idle,4.60,7.44,370.52,4594.00,11499.37,360.66,,0,100,39.00,-60,4414700,-264882.00,4,fused
299720,000000299720.jpg,640x427,0,0.024041,0,1,TN,yolov8l_bsz4.ms,160.00,111.00,271.00,0.500,Idle,4.60,7.44,370.52,4594.00,11499.37,360.66,,0,100,39.00,-60,4414700,-264882.00,4,fused
165257,000000165257.jpg,640x359,0,0.023699,0,1,TN,yolov8l_bsz4.ms,160.00,111.00,271.00,0.500,Idle,4.60,7.44,370.52,4594.00,11499.37,360.66,,0,100,39.00,-60,4414700,-264882.00,4,fused
445365,000000445365.jpg,427x640,0,0.023514,0,1,TN,yolov8l_bsz4.ms,160.00,111.00,271.00,0.500,Idle,4.60,7.44,370.52,4594.00,11499.37,360.66,,0,100,39.00,-60,4414700,-264882.00,4,fused
508312,000000508312.jpg,500x333,0,0.023447,1,0,FN,yolov8l_bsz4.ms,153.50,125.75,279.25,0.500,Idle,4.55,8.18,351.39,4613.00,11499.37,378.29,,0,100,39.00,-65,4414579,-286947.64,4,fused
103585,000000103585.jpg,425x640,0,0.023435,0,1,TN,yolov8l_bsz4.ms,153.50,125.75,279.25,0.500,Idle,4.55,8.18,351.39,4613.00,11499.37,378.29,,0,100,39.00,-65,4414579,-286947.64,4,fused
98839,000000098839.jpg,640x480,0,0.023364,0,1,TN,yolov8l_bsz4.ms,153.50,125.75,279.25,0.500,Idle,4.55,8.18,351.39,4613.00,11499.37,378.29,,0,100,39.00,-65,4414579,-286947.64,4,fused
776,000000000776.jpg,428x640,0,0.023232,0,1,TN,yolov8l_bsz4.ms,153.50,125.75,279.25,0.500,Idle,4.55,8.18,351.39,4613.00,11499.37,378.29,,0,100,39.00,-65,4414579,-286947.64,4,fused
474170,000000474170.jpg,640x480,0,0.023197,0,1,TN,yolov8l_bsz4.ms,153.50,112.75,266.25,0.500,Idle,4.54,8.18,303.57,4660.00,11499.37,424.15,,0,100,39.00,-68,4414405,-300179.54,4,fused
356432,000000356432.jpg,640x416,0,0.022243,0,1,TN,yolov8l_bsz4.ms,153.50,112.75,266.25,0.500,Idle,4.54,8.18,303.57,4660.00,11499.37,424.15,,0,100,39.00,-68,4414405,-300179.54,4,fused
508482,000000508482.jpg,480x640,0,0.022138,0,1,TN,yolov8l_bsz4.ms,153.50,112.75,266.25,0.500,Idle,4.54,8.18,303.57,4660.00,11499.37,424.15,,0,100,39.00,-68,4414405,-300179.54,4,fused
205514,000000205514.jpg,640x426,0,0.022137,0,1,TN,yolov8l_bsz4.ms,153.50,112.75,266.25,0.500,Idle,4.54,8.18,303.57,4660.00,11499.37,424.15,,0,100,39.00,-68,4414405,-300179.54,4,fused
168593,000000168593.jpg,640x480,0,0.021858,0,1,TN,yolov8l_bsz4.ms,161.75,116.00,277.75,0.500,Idle,4.47,8.30,374.91,4588.00,11499.37,351.00,,0,100,39.00,-61,4414719,-269297.86,4,fused
537241,000000537241.jpg,640x427,0,0.021829,0,1,TN,yolov8l_bsz4.ms,161.75,116.00,277.75,0.500,Idle,4.47,8.30,374.91,4588.00,11499.37,351.00,,0,100,39.00,-61,4414719,-269297.86,4,fused
64359,000000064359.jpg,500x332,0,0.021758,0,1,TN,yolov8l_bsz4.ms,161.75,116.00,277.75,0.500,Idle,4.47,8.30,374.91,4588.00,11499.37,351.00,,0,100,39.00,-61,4414719,-269297.86,4,fused
113589,000000113589.jpg,640x480,0,0.021553,0,1,TN,yolov8l_bsz4.ms,161.75,116.00,277.75,0.500,Idle,4.47,8.30,374.91,4588.00,11499.37,351.00,,0,100,39.00,-61,4414719,-269297.86,4,fused
121586,000000121586.jpg,640x478,0,0.021478,0,1,TN,yolov8l_bsz4.ms,160.25,126.25,286.50,0.500,Idle,4.46,8.30,371.44,4591.00,11499.37,352.90,,0,100,39.00,-109,4413185,-481037.16,4,fused
351609,000000351609.jpg,500x333,0,0.021073,0,1,TN,yolov8l_bsz4.ms,160.25,126.25,286.50,0.500,Idle,4.46,8.30,371.44,4591.00,11499.37,352.90,,0,100,39.00,-109,4413185,-481037.16,4,fused
284296,000000284296.jpg,640x427,0,0.020903,0,1,TN,yolov8l_bsz4.ms,160.25,126.25,286.50,0.500,Idle,4.46,8.30,371.44,4591.00,11499.37,352.90,,0,100,39.00,-109,4413185,-481037.16,4,fused
457262,000000457262.jpg,612x612,0,0.020832,0,1,TN,yolov8l_bsz4.ms,160.25,126.25,286.50,0.500,Idle,4.46,8.30,371.44,4591.00,11499.37,352.90,,0,100,39.00,-109,4413185,-481037.16,4,fused
348012,000000348012.jpg,640x428,0,0.020793,0,1,TN,yolov8l_bsz4.ms,158.75,121.75,280.50,0.500,Idle,4.30,5.64,351.21,4611.00,11499.37,371.34,,0,100,39.00,-64,4414544,-282530.82,4,fused
461036,000000461036.jpg,500x332,0,0.020745,0,1,TN,yolov8l_bsz4.ms,158.75,121.75,280.50,0.500,Idle,4.30,5.64,351.21,4611.00,11499.37,371.34,,0,100,39.00,-64,4414544,-282530.82,4,fused
325114,000000325114.jpg,640x480,0,0.020626,0,1,TN,yolov8l_bsz4.ms,158.75,121.75,280.50,0.500,Idle,4.30,5.64,351.21,4611.00,11499.37,371.34,,0,100,39.00,-64,4414544,-282530.82,4,fused
575815,000000575815.jpg,640x451,0,0.020464,0,1,TN,yolov8l_bsz4.ms,158.75,121.75,280.50,0.500,Idle,4.30,5.64,351.21,4611.00,11499.37,371.34,,0,100,39.00,-64,4414544,-282530.82,4,fused
166642,000000166642.jpg,640x480,0,0.020448,0,1,TN,yolov8l_bsz4.ms,162.00,116.75,278.75,0.500,Idle,4.31,5.64,306.95,4655.00,11499.37,413.61,,0,100,39.00,-115,4412926,-507486.49,4,fused
30494,000000030494.jpg,640x480,0,0.020333,0,1,TN,yolov8l_bsz4.ms,162.00,116.75,278.75,0.500,Idle,4.31,5.64,306.95,4655.00,11499.37,413.61,,0,100,39.00,-115,4412926,-507486.49,4,fused
23937,000000023937.jpg,640x428,0,0.020299,0,1,TN,yolov8l_bsz4.ms,162.00,116.75,278.75,0.500,Idle,4.31,5.64,306.95,4655.00,11499.37,413.61,,0,100,39.00,-115,4412926,-507486.49,4,fused
183104,000000183104.jpg,640x476,0,0.020146,0,1,TN,yolov8l_bsz4.ms,162.00,116.75,278.75,0.500,Idle,4.31,5.64,306.95,4655.00,11499.37,413.61,,0,100,39.00,-115,4412926,-507486.49,4,fused
50828,000000050828.jpg,640x480,0,0.020065,0,1,TN,yolov8l_bsz4.ms,157.25,122.25,279.50,0.500,Idle,4.27,7.38,374.21,4587.00,11499.37,344.99,,0,100,39.00,-74,4414208,-326651.39,4,fused
430056,000000430056.jpg,500x375,0,0.019968,0,1,TN,yolov8l_bsz4.ms,157.25,122.25,279.50,0.500,Idle,4.27,7.38,374.21,4587.00,11499.37,344.99,,0,100,39.00,-74,4414208,-326651.39,4,fused
105335,000000105335.jpg,612x612,0,0.019926,1,0,FN,yolov8l_bsz4.ms,157.25,122.25,279.50,0.500,Idle,4.27,7.38,374.21,4587.00,11499.37,344.99,,0,100,39.00,-74,4414208,-326651.39,4,fused
550939,000000550939.jpg,418x640,0,0.019698,0,1,TN,yolov8l_bsz4.ms,157.25,122.25,279.50,0.500,Idle,4.27,7.38,374.21,4587.00,11499.37,344.99,,0,100,39.00,-74,4414208,-326651.39,4,fused
62025,000000062025.jpg,480x640,0,0.019689,0,1,TN,yolov8l_bsz4.ms,162.75,116.00,278.75,0.500,Idle,4.27,7.38,369.77,4591.00,11499.37,347.19,,0,100,39.00,-135,4411988,-595618.38,4,fused
449190,000000449190.jpg,640x359,0,0.019119,0,1,TN,yolov8l_bsz4.ms,162.75,116.00,278.75,0.500,Idle,4.27,7.38,369.77,4591.00,11499.37,347.19,,0,100,39.00,-135,4411988,-595618.38,4,fused
498463,000000498463.jpg,640x480,0,0.018818,0,1,TN,yolov8l_bsz4.ms,162.75,116.00,278.75,0.500,Idle,4.27,7.38,369.77,4591.00,11499.37,347.19,,0,100,39.00,-135,4411988,-595618.38,4,fused
264335,000000264335.jpg,480x640,0,0.018601,0,1,TN,yolov8l_bsz4.ms,162.75,116.00,278.75,0.500,Idle,4.27,7.38,369.77,4591.00,11499.37,347.19,,0,100,39.00,-135,4411988,-595618.38,4,fused
460927,000000460927.jpg,640x360,0,0.018476,0,1,TN,yolov8l_bsz4.ms,162.00,97.50,259.50,0.500,Idle,4.25,7.95,351.33,4610.00,11499.37,364.58,,0,100,39.00,-140,4411602,-617624.28,4,fused
353096,000000353096.jpg,500x344,0,0.018341,0,1,TN,yolov8l_bsz4.ms,162.00,97.50,259.50,0.500,Idle,4.25,7.95,351.33,4610.00,11499.37,364.58,,0,100,39.00,-140,4411602,-617624.28,4,fused
255912,000000255912.jpg,640x359,0,0.018254,0,1,TN,yolov8l_bsz4.ms,162.00,97.50,259.50,0.500,Idle,4.25,7.95,351.33,4610.00,11499.37,364.58,,0,100,39.00,-140,4411602,-617624.28,4,fused
455981,000000455981.jpg,480x640,0,0.017945,0,1,TN,yolov8l_bsz4.ms,162.00,97.50,259.50,0.500,Idle,4.25,7.95,351.33,4610.00,11499.37,364.58,,0,100,39.00,-140,4411602,-617624.28,4,fused
197796,000000197796.jpg,640x478,0,0.017859,0,1,TN,yolov8l_bsz4.ms,156.50,128.25,284.75,0.500,Idle,4.30,7.95,316.30,4644.00,11499.37,397.55,,0,100,39.00,-85,4413893,-375180.91,4,fused
375763,000000375763.jpg,640x480,0,0.017828,0,1,TN,yolov8l_bsz4.ms,156.50,128.25,284.75,0.500,Idle,4.30,7.95,316.30,4644.00,11499.37,397.55,,0,100,39.00,-85,4413893,-375180.91,4,fused
244411,000000244411.jpg,640x480,0,0.017744,0,1,TN,yolov8l_bsz4.ms,156.50,128.25,284.75,0.500,Idle,4.30,7.95,316.30,4644.00,11499.37,397.55,,0,100,39.00,-85,4413893,-375180.91,4,fused
285,000000000285.jpg,586x640,0,0.017687,0,1,TN,yolov8l_bsz4.ms,156.50,128.25,284.75,0.500,Idle,4.30,7.95,316.30,4644.00,11499.37,397.55,,0,100,39.00,-85,4413893,-375180.91,4,fused
396729,000000396729.jpg,640x425,0,0.017647,0,1,TN,yolov8l_bsz4.ms,159.50,125.50,285.00,0.500,Idle,4.26,7.82,373.60,4587.00,11499.37,338.95,,0,100,39.00,-64,4414414,-282522.50,4,fused
203546,000000203546.jpg,640x457,0,0.017590,0,1,TN,yolov8l_bsz4.ms,159.50,125.50,285.00,0.500,Idle,4.26,7.82,373.60,4587.00,11499.37,338.95,,0,100,39.00,-64,4414414,-282522.50,4,fused
243626,000000243626.jpg,385x289,0,0.017303,0,1,TN,yolov8l_bsz4.ms,159.50,125.50,285.00,0.500,Idle,4.26,7.82,373.60,4587.00,11499.37,338.95,,0,100,39.00,-64,4414414,-282522.50,4,fused
466835,000000466835.jpg,480x640,0,0.017273,0,1,TN,yolov8l_bsz4.ms,159.50,125.50,285.00,0.500,Idle,4.26,7.82,373.60,4587.00,11499.37,338.95,,0,100,39.00,-64,4414414,-282522.50,4,fused
434297,000000434297.jpg,640x480,0,0.017253,0,1,TN,yolov8l_bsz4.ms,162.00,120.25,282.25,0.500,Idle,4.30,7.82,373.97,4586.00,11499.37,336.84,,0,100,39.00,-78,4413749,-344272.42,4,fused
141328,000000141328.jpg,640x480,0,0.017208,0,1,TN,yolov8l_bsz4.ms,162.00,120.25,282.25,0.500,Idle,4.30,7.82,373.97,4586.00,11499.37,336.84,,0,100,39.00,-78,4413749,-344272.42,4,fused
31269,000000031269.jpg,640x480,0,0.017199,0,1,TN,yolov8l_bsz4.ms,162.00,120.25,282.25,0.500,Idle,4.30,7.82,373.97,4586.00,11499.37,336.84,,0,100,39.00,-78,4413749,-344272.42,4,fused
47010,000000047010.jpg,640x480,0,0.017115,0,1,TN,yolov8l_bsz4.ms,162.00,120.25,282.25,0.500,Idle,4.30,7.82,373.97,4586.00,11499.37,336.84,,0,100,39.00,-78,4413749,-344272.42,4,fused
44699,000000044699.jpg,640x426,0,0.017002,0,1,TN,yolov8l_bsz4.ms,159.75,104.50,264.25,0.500,Idle,8.23,8.04,351.10,4608.00,11499.37,357.68,,0,100,39.00,-76,4414097,-335471.37,4,fused
519569,000000519569.jpg,426x640,0,0.016913,0,1,TN,yolov8l_bsz4.ms,159.75,104.50,264.25,0.500,Idle,8.23,8.04,351.10,4608.00,11499.37,357.68,,0,100,39.00,-76,4414097,-335471.37,4,fused
25139,000000025139.jpg,500x334,0,0.016825,0,1,TN,yolov8l_bsz4.ms,159.75,104.50,264.25,0.500,Idle,8.23,8.04,351.10,4608.00,11499.37,357.68,,0,100,39.00,-76,4414097,-335471.37,4,fused
132329,000000132329.jpg,426x640,0,0.016185,0,1,TN,yolov8l_bsz4.ms,159.75,104.50,264.25,0.500,Idle,8.23,8.04,351.10,4608.00,11499.37,357.68,,0,100,39.00,-76,4414097,-335471.37,4,fused
239843,000000239843.jpg,500x375,0,0.015955,0,1,TN,yolov8l_bsz4.ms,160.00,128.00,288.00,0.500,Idle,5.31,8.04,302.47,4657.00,11499.37,404.35,,0,100,39.00,-76,4413892,-335455.79,4,fused
165831,000000165831.jpg,640x480,0,0.015950,0,1,TN,yolov8l_bsz4.ms,160.00,128.00,288.00,0.500,Idle,5.31,8.04,302.47,4657.00,11499.37,404.35,,0,100,39.00,-76,4413892,-335455.79,4,fused
132622,000000132622.jpg,640x512,0,0.015889,0,1,TN,yolov8l_bsz4.ms,160.00,128.00,288.00,0.500,Idle,5.31,8.04,302.47,4657.00,11499.37,404.35,,0,100,39.00,-76,4413892,-335455.79,4,fused
562443,000000562443.jpg,640x480,0,0.015837,0,1,TN,yolov8l_bsz4.ms,160.00,128.00,288.00,0.500,Idle,5.31,8.04,302.47,4657.00,11499.37,404.35,,0,100,39.00,-76,4413892,-335455.79,4,fused
100582,000000100582.jpg,640x427,0,0.015807,0,1,TN,yolov8l_bsz4.ms,162.75,114.75,277.50,0.500,Idle,4.79,7.43,372.43,4587.00,11499.37,333.18,,0,100,39.00,-63,4414519,-278114.70,4,fused
450488,000000450488.jpg,334x500,0,0.015751,0,1,TN,yolov8l_bsz4.ms,162.75,114.75,277.50,0.500,Idle,4.79,7.43,372.43,4587.00,11499.37,333.18,,0,100,39.00,-63,4414519,-278114.70,4,fused
217060,000000217060.jpg,640x440,0,0.015731,0,1,TN,yolov8l_bsz4.ms,162.75,114.75,277.50,0.500,Idle,4.79,7.43,372.43,4587.00,11499.37,333.18,,0,100,39.00,-63,4414519,-278114.70,4,fused
290619,000000290619.jpg,640x480,0,0.015704,0,1,TN,yolov8l_bsz4.ms,162.75,114.75,277.50,0.500,Idle,4.79,7.43,372.43,4587.00,11499.37,333.18,,0,100,39.00,-63,4414519,-278114.70,4,fused
110359,000000110359.jpg,640x428,0,0.015675,0,1,TN,yolov8l_bsz4.ms,160.25,115.50,275.75,0.500,Idle,4.60,7.43,370.28,4588.00,11499.37,333.48,,0,100,39.00,-62,4414558,-273702.60,4,fused
304291,000000304291.jpg,640x427,0,0.015334,0,1,TN,yolov8l_bsz4.ms,160.25,115.50,275.75,0.500,Idle,4.60,7.43,370.28,4588.00,11499.37,333.48,,0,100,39.00,-62,4414558,-273702.60,4,fused
222991,000000222991.jpg,480x640,0,0.015242,0,1,TN,yolov8l_bsz4.ms,160.25,115.50,275.75,0.500,Idle,4.60,7.43,370.28,4588.00,11499.37,333.48,,0,100,39.00,-62,4414558,-273702.60,4,fused
210855,000000210855.jpg,640x427,0,0.015220,0,1,TN,yolov8l_bsz4.ms,160.25,115.50,275.75,0.500,Idle,4.60,7.43,370.28,4588.00,11499.37,333.48,,0,100,39.00,-62,4414558,-273702.60,4,fused
175387,000000175387.jpg,500x375,0,0.015167,0,1,TN,yolov8l_bsz4.ms,158.25,119.25,277.50,0.500,Idle,4.58,7.50,351.77,4607.00,11499.37,350.64,,0,100,39.00,-66,4414451,-291353.77,4,fused
527695,000000527695.jpg,640x426,0,0.015088,0,1,TN,yolov8l_bsz4.ms,158.25,119.25,277.50,0.500,Idle,4.58,7.50,351.77,4607.00,11499.37,350.64,,0,100,39.00,-66,4414451,-291353.77,4,fused
98633,000000098633.jpg,428x640,0,0.014964,0,1,TN,yolov8l_bsz4.ms,158.25,119.25,277.50,0.500,Idle,4.58,7.50,351.77,4607.00,11499.37,350.64,,0,100,39.00,-66,4414451,-291353.77,4,fused
209613,000000209613.jpg,640x427,0,0.014944,0,1,TN,yolov8l_bsz4.ms,158.25,119.25,277.50,0.500,Idle,4.58,7.50,351.77,4607.00,11499.37,350.64,,0,100,39.00,-66,4414451,-291353.77,4,fused
128658,000000128658.jpg,640x427,0,0.014897,0,1,TN,yolov8l_bsz4.ms,164.75,108.50,273.25,0.500,Idle,4.53,7.50,295.30,4663.00,11499.37,405.92,,0,100,39.00,-62,4414528,-273700.74,4,fused
557172,000000557172.jpg,640x480,0,0.014684,0,1,TN,yolov8l_bsz4.ms,164.75,108.50,273.25,0.500,Idle,4.53,7.50,295.30,4663.00,11499.37,405.92,,0,100,39.00,-62,4414528,-273700.74,4,fused
260657,000000260657.jpg,500x269,0,0.014514,0,1,TN,yolov8l_bsz4.ms,164.75,108.50,273.25,0.500,Idle,4.53,7.50,295.30,4663.00,11499.37,405.92,,0,100,39.00,-62,4414528,-273700.74,4,fused
493284,000000493284.jpg,640x427,0,0.014257,0,1,TN,yolov8l_bsz4.ms,164.75,108.50,273.25,0.500,Idle,4.53,7.50,295.30,4663.00,11499.37,405.92,,0,100,39.00,-62,4414528,-273700.74,4,fused
17379,000000017379.jpg,478x640,0,0.014232,1,0,FN,yolov8l_bsz4.ms,157.00,131.75,288.75,0.500,Idle,4.46,7.37,374.52,4583.00,11499.37,324.93,,0,100,39.00,-60,4414472,-264868.32,4,fused
493799,000000493799.jpg,640x483,0,0.014114,0,1,TN,yolov8l_bsz4.ms,157.00,131.75,288.75,0.500,Idle,4.46,7.37,374.52,4583.00,11499.37,324.93,,0,100,39.00,-60,4414472,-264868.32,4,fused
278353,000000278353.jpg,596x640,0,0.014023,0,1,TN,yolov8l_bsz4.ms,157.00,131.75,288.75,0.500,Idle,4.46,7.37,374.52,4583.00,11499.37,324.93,,0,100,39.00,-60,4414472,-264868.32,4,fused
154705,000000154705.jpg,640x464,0,0.013917,0,1,TN,yolov8l_bsz4.ms,157.00,131.75,288.75,0.500,Idle,4.46,7.37,374.52,4583.00,11499.37,324.93,,0,100,39.00,-60,4414472,-264868.32,4,fused
199977,000000199977.jpg,480x640,0,0.013695,0,1,TN,yolov8l_bsz4.ms,162.75,124.50,287.25,0.500,Idle,4.48,7.37,375.10,4581.00,11499.37,322.15,,0,100,39.00,-58,4414541,-256043.38,4,fused
159977,000000159977.jpg,640x424,0,0.013334,0,1,TN,yolov8l_bsz4.ms,162.75,124.50,287.25,0.500,Idle,4.48,7.37,375.10,4581.00,11499.37,322.15,,0,100,39.00,-58,4414541,-256043.38,4,fused
104669,000000104669.jpg,500x375,0,0.013328,0,1,TN,yolov8l_bsz4.ms,162.75,124.50,287.25,0.500,Idle,4.48,7.37,375.10,4581.00,11499.37,322.15,,0,100,39.00,-58,4414541,-256043.38,4,fused
530146,000000530146.jpg,640x640,0,0.013197,0,1,TN,yolov8l_bsz4.ms,162.75,124.50,287.25,0.500,Idle,4.48,7.37,375.10,4581.00,11499.37,322.15,,0,100,39.00,-58,4414541,-256043.38,4,fused
475223,000000475223.jpg,640x438,0,0.012997,0,1,TN,yolov8l_bsz4.ms,158.00,100.00,258.00,0.500,Idle,4.44,7.59,353.90,4603.00,11499.37,341.20,,0,100,39.00,-65,4414360,-286933.40,4,fused
446574,000000446574.jpg,428x640,0,0.012907,0,1,TN,yolov8l_bsz4.ms,158.00,100.00,258.00,0.500,Idle,4.44,7.59,353.90,4603.00,11499.37,341.20,,0,100,39.00,-65,4414360,-286933.40,4,fused
348708,000000348708.jpg,383x640,0,0.012794,0,1,TN,yolov8l_bsz4.ms,158.00,100.00,258.00,0.500,Idle,4.44,7.59,353.90,4603.00,11499.37,341.20,,0,100,39.00,-65,4414360,-286933.40,4,fused
488075,000000488075.jpg,640x480,0,0.012784,0,1,TN,yolov8l_bsz4.ms,158.00,100.00,258.00,0.500,Idle,4.44,7.59,353.90,4603.00,11499.37,341.20,,0,100,39.00,-65,4414360,-286933.40,4,fused
163258,000000163258.jpg,640x480,0,0.012709,0,1,TN,yolov8l_bsz4.ms,156.75,106.50,263.25,0.500,Idle,4.85,7.59,305.40,4651.00,11499.37,387.68,,0,100,39.00,-64,4414379,-282520.26,4,fused
571008,000000571008.jpg,640x425,0,0.012697,0,1,TN,yolov8l_bsz4.ms,156.75,106.50,263.25,0.500,Idle,4.85,7.59,305.40,4651.00,11499.37,387.68,,0,100,39.00,-64,4414379,-282520.26,4,fused
157390,000000157390.jpg,640x480,0,0.012415,0,1,TN,yolov8l_bsz4.ms,156.75,106.50,263.25,0.500,Idle,4.85,7.59,305.40,4651.00,11499.37,387.68,,0,100,39.00,-64,4414379,-282520.26,4,fused
136355,000000136355.jpg,640x427,0,0.012362,0,1,TN,yolov8l_bsz4.ms,156.75,106.50,263.25,0.500,Idle,4.85,7.59,305.40,4651.00,11499.37,387.68,,0,100,39.00,-64,4414379,-282520.26,4,fused
552883,000000552883.jpg,640x426,0,0.012226,0,1,TN,yolov8l_bsz4.ms,159.50,118.00,277.50,0.500,Idle,4.42,6.99,375.43,4581.00,11499.37,316.53,,0,100,39.00,-65,4414380,-286934.70,4,fused
269866,000000269866.jpg,640x427,0,0.012093,0,1,TN,yolov8l_bsz4.ms,159.50,118.00,277.50,0.500,Idle,4.42,6.99,375.43,4581.00,11499.37,316.53,,0,100,39.00,-65,4414380,-286934.70,4,fused
91615,000000091615.jpg,640x425,0,0.012047,0,1,TN,yolov8l_bsz4.ms,159.50,118.00,277.50,0.500,Idle,4.42,6.99,375.43,4581.00,11499.37,316.53,,0,100,39.00,-65,4414380,-286934.70,4,fused
314182,000000314182.jpg,375x500,0,0.011814,0,1,TN,yolov8l_bsz4.ms,159.50,118.00,277.50,0.500,Idle,4.42,6.99,375.43,4581.00,11499.37,316.53,,0,100,39.00,-65,4414380,-286934.70,4,fused
136600,000000136600.jpg,640x457,0,0.011745,0,1,TN,yolov8l_bsz4.ms,162.25,119.50,281.75,0.500,Idle,4.36,6.99,376.87,4579.00,11499.37,313.36,,0,100,39.00,-63,4414402,-278107.33,4,fused
450758,000000450758.jpg,640x479,0,0.011695,0,1,TN,yolov8l_bsz4.ms,162.25,119.50,281.75,0.500,Idle,4.36,6.99,376.87,4579.00,11499.37,313.36,,0,100,39.00,-63,4414402,-278107.33,4,fused
252332,000000252332.jpg,640x480,0,0.011227,0,1,TN,yolov8l_bsz4.ms,162.25,119.50,281.75,0.500,Idle,4.36,6.99,376.87,4579.00,11499.37,313.36,,0,100,39.00,-63,4414402,-278107.33,4,fused
337987,000000337987.jpg,640x480,0,0.011070,0,1,TN,yolov8l_bsz4.ms,162.25,119.50,281.75,0.500,Idle,4.36,6.99,376.87,4579.00,11499.37,313.36,,0,100,39.00,-63,4414402,-278107.33,4,fused
397639,000000397639.jpg,640x480,0,0.010876,0,1,TN,yolov8l_bsz4.ms,159.25,117.50,276.75,0.500,Idle,4.47,7.44,351.01,4605.00,11499.37,337.88,,0,100,39.00,-62,4414488,-273698.26,4,fused
571804,000000571804.jpg,640x426,0,0.010862,0,1,TN,yolov8l_bsz4.ms,159.25,117.50,276.75,0.500,Idle,4.47,7.44,351.01,4605.00,11499.37,337.88,,0,100,39.00,-62,4414488,-273698.26,4,fused
250758,000000250758.jpg,640x480,0,0.010747,0,1,TN,yolov8l_bsz4.ms,159.25,117.50,276.75,0.500,Idle,4.47,7.44,351.01,4605.00,11499.37,337.88,,0,100,39.00,-62,4414488,-273698.26,4,fused
377497,000000377497.jpg,432x640,0,0.010553,0,1,TN,yolov8l_bsz4.ms,159.25,117.50,276.75,0.500,Idle,4.47,7.44,351.01,4605.00,11499.37,337.88,,0,100,39.00,-62,4414488,-273698.26,4,fused
207538,000000207538.jpg,500x375,0,0.010430,0,1,TN,yolov8l_bsz4.ms,157.75,112.25,270.00,0.500,Idle,4.41,7.44,305.77,4650.00,11499.37,381.45,,0,100,39.00,-58,4414523,-256042.33,4,fused
557258,000000557258.jpg,331x500,0,0.010386,0,1,TN,yolov8l_bsz4.ms,157.75,112.25,270.00,0.500,Idle,4.41,7.44,305.77,4650.00,11499.37,381.45,,0,100,39.00,-58,4414523,-256042.33,4,fused
523229,000000523229.jpg,480x640,0,0.010236,0,1,TN,yolov8l_bsz4.ms,157.75,112.25,270.00,0.500,Idle,4.41,7.44,305.77,4650.00,11499.37,381.45,,0,100,39.00,-58,4414523,-256042.33,4,fused
532071,000000532071.jpg,640x360,0,0.010184,0,1,TN,yolov8l_bsz4.ms,157.75,112.25,270.00,0.500,Idle,4.41,7.44,305.77,4650.00,11499.37,381.45,,0,100,39.00,-58,4414523,-256042.33,4,fused
177935,000000177935.jpg,480x640,0,0.010182,0,1,TN,yolov8l_bsz4.ms,159.75,121.50,281.25,0.500,Idle,4.33,7.36,372.59,4582.00,11499.37,312.23,,0,100,39.00,-68,4414311,-300173.15,4,fused
447789,000000447789.jpg,640x427,0,0.010160,0,1,TN,yolov8l_bsz4.ms,159.75,121.50,281.25,0.500,Idle,4.33,7.36,372.59,4582.00,11499.37,312.23,,0,100,39.00,-68,4414311,-300173.15,4,fused
541952,000000541952.jpg,480x640,0,0.010136,0,1,TN,yolov8l_bsz4.ms,159.75,121.50,281.25,0.500,Idle,4.33,7.36,372.59,4582.00,11499.37,312.23,,0,100,39.00,-68,4414311,-300173.15,4,fused
489091,000000489091.jpg,336x448,0,0.010094,0,1,TN,yolov8l_bsz4.ms,159.75,121.50,281.25,0.500,Idle,4.33,7.36,372.59,4582.00,11499.37,312.23,,0,100,39.00,-68,4414311,-300173.15,4,fused
429598,000000429598.jpg,640x480,0,0.009997,0,1,TN,yolov8l_bsz4.ms,162.75,119.50,282.25,0.500,Idle,4.36,7.36,372.06,4582.00,11499.37,311.29,,0,100,39.00,-68,4414340,-300175.12,4,fused
88269,000000088269.jpg,640x480,0,0.009745,0,1,TN,yolov8l_bsz4.ms,162.75,119.50,282.25,0.500,Idle,4.36,7.36,372.06,4582.00,11499.37,311.29,,0,100,39.00,-68,4414340,-300175.12,4,fused
340015,000000340015.jpg,640x480,0,0.009740,0,1,TN,yolov8l_bsz4.ms,162.75,119.50,282.25,0.500,Idle,4.36,7.36,372.06,4582.00,11499.37,311.29,,0,100,39.00,-68,4414340,-300175.12,4,fused
267670,000000267670.jpg,450x600,0,0.009687,0,1,TN,yolov8l_bsz4.ms,162.75,119.50,282.25,0.500,Idle,4.36,7.36,372.06,4582.00,11499.37,311.29,,0,100,39.00,-68,4414340,-300175.12,4,fused
359781,000000359781.jpg,640x494,0,0.009597,0,1,TN,yolov8l_bsz4.ms,158.00,122.00,280.00,0.500,Idle,4.38,7.77,352.19,4560.00,11499.37,287.72,,0,100,39.00,-61,4414461,-269282.12,4,fused
396205,000000396205.jpg,425x640,0,0.009341,0,1,TN,yolov8l_bsz4.ms,158.00,122.00,280.00,0.500,Idle,4.38,7.77,352.19,4560.00,11499.37,287.72,,0,100,39.00,-61,4414461,-269282.12,4,fused
512248,000000512248.jpg,480x640,0,0.009336,0,1,TN,yolov8l_bsz4.ms,158.00,122.00,280.00,0.500,Idle,4.38,7.77,352.19,4560.00,11499.37,287.72,,0,100,39.00,-61,4414461,-269282.12,4,fused
379533,000000379533.jpg,476x640,0,0.009331,0,1,TN,yolov8l_bsz4.ms,158.00,122.00,280.00,0.500,Idle,4.38,7.77,352.19,4560.00,11499.37,287.72,,0,100,39.00,-61,4414461,-269282.12,4,fused
500211,000000500211.jpg,640x480,0,0.009265,0,1,TN,yolov8l_bsz4.ms,160.25,109.50,269.75,0.500,Idle,9.63,7.77,307.53,4617.00,11499.37,343.08,,0,100,39.00,-76,4414071,-335469.40,4,fused
336309,000000336309.jpg,640x427,0,0.009145,0,1,TN,yolov8l_bsz4.ms,160.25,109.50,269.75,0.500,Idle,9.63,7.77,307.53,4617.00,11499.37,343.08,,0,100,39.00,-76,4414071,-335469.40,4,fused
217425,000000217425.jpg,640x480,0,0.008811,0,1,TN,yolov8l_bsz4.ms,160.25,109.50,269.75,0.500,Idle,9.63,7.77,307.53,4617.00,11499.37,343.08,,0,100,39.00,-76,4414071,-335469.40,4,fused
383606,000000383606.jpg,640x480,0,0.008648,1,0,FN,yolov8l_bsz4.ms,160.25,109.50,269.75,0.500,Idle,9.63,7.77,307.53,4617.00,11499.37,343.08,,0,100,39.00,-76,4414071,-335469.40,4,fused
38070,000000038070.jpg,500x375,0,0.008608,0,1,TN,yolov8l_bsz4.ms,162.00,110.25,272.25,0.500,Idle,4.57,13.63,373.24,4545.00,11499.37,269.77,,0,100,39.00,-122,4412472,-538321.58,4,fused
237316,000000237316.jpg,375x500,0,0.008497,0,1,TN,yolov8l_bsz4.ms,162.00,110.25,272.25,0.500,Idle,4.57,13.63,373.24,4545.00,11499.37,269.77,,0,100,39.00,-122,4412472,-538321.58,4,fused
210708,000000210708.jpg,500x333,0,0.008463,0,1,TN,yolov8l_bsz4.ms,162.00,110.25,272.25,0.500,Idle,4.57,13.63,373.24,4545.00,11499.37,269.77,,0,100,39.00,-122,4412472,-538321.58,4,fused
335427,000000335427.jpg,640x448,0,0.008462,0,1,TN,yolov8l_bsz4.ms,162.00,110.25,272.25,0.500,Idle,4.57,13.63,373.24,4545.00,11499.37,269.77,,0,100,39.00,-122,4412472,-538321.58,4,fused
241602,000000241602.jpg,640x427,0,0.008458,0,1,TN,yolov8l_bsz4.ms,162.25,116.50,278.75,0.500,Idle,4.46,13.63,375.59,4572.00,11499.37,296.14,,0,100,39.00,-62,4414401,-273692.86,4,fused
215644,000000215644.jpg,640x480,0,0.008227,0,1,TN,yolov8l_bsz4.ms,162.25,116.50,278.75,0.500,Idle,4.46,13.63,375.59,4572.00,11499.37,296.14,,0,100,39.00,-62,4414401,-273692.86,4,fused
292060,000000292060.jpg,428x640,0,0.008131,0,1,TN,yolov8l_bsz4.ms,162.25,116.50,278.75,0.500,Idle,4.46,13.63,375.59,4572.00,11499.37,296.14,,0,100,39.00,-62,4414401,-273692.86,4,fused
233825,000000233825.jpg,640x480,0,0.008023,0,1,TN,yolov8l_bsz4.ms,162.25,116.50,278.75,0.500,Idle,4.46,13.63,375.59,4572.00,11499.37,296.14,,0,100,39.00,-62,4414401,-273692.86,4,fused
95899,000000095899.jpg,640x480,0,0.007986,0,1,TN,yolov8l_bsz4.ms,158.00,109.75,267.75,0.500,Idle,4.48,9.81,352.30,4595.00,11499.37,317.46,,0,100,39.00,-62,4414462,-273696.64,4,fused
378099,000000378099.jpg,640x337,0,0.007955,0,1,TN,yolov8l_bsz4.ms,158.00,109.75,267.75,0.500,Idle,4.48,9.81,352.30,4595.00,11499.37,317.46,,0,100,39.00,-62,4414462,-273696.64,4,fused
370818,000000370818.jpg,472x640,0,0.007942,0,1,TN,yolov8l_bsz4.ms,158.00,109.75,267.75,0.500,Idle,4.48,9.81,352.30,4595.00,11499.37,317.46,,0,100,39.00,-62,4414462,-273696.64,4,fused
299609,000000299609.jpg,640x480,0,0.007914,0,1,TN,yolov8l_bsz4.ms,158.00,109.75,267.75,0.500,Idle,4.48,9.81,352.30,4595.00,11499.37,317.46,,0,100,39.00,-62,4414462,-273696.64,4,fused
445439,000000445439.jpg,640x425,0,0.007910,0,1,TN,yolov8l_bsz4.ms,161.25,109.00,270.25,0.500,Idle,4.38,9.81,297.55,4650.00,11499.37,370.78,,0,100,39.00,-66,4414308,-291344.33,4,fused
131138,000000131138.jpg,640x480,0,0.007834,1,0,FN,yolov8l_bsz4.ms,161.25,109.00,270.25,0.500,Idle,4.38,9.81,297.55,4650.00,11499.37,370.78,,0,100,39.00,-66,4414308,-291344.33,4,fused
34205,000000034205.jpg,640x427,0,0.007815,0,1,TN,yolov8l_bsz4.ms,161.25,109.00,270.25,0.500,Idle,4.38,9.81,297.55,4650.00,11499.37,370.78,,0,100,39.00,-66,4414308,-291344.33,4,fused
347456,000000347456.jpg,640x309,0,0.007776,0,1,TN,yolov8l_bsz4.ms,161.25,109.00,270.25,0.500,Idle,4.38,9.81,297.55,4650.00,11499.37,370.78,,0,100,39.00,-66,4414308,-291344.33,4,fused
529105,000000529105.jpg,640x480,0,0.007633,0,1,TN,yolov8l_bsz4.ms,158.75,123.75,282.50,0.500,Idle,4.31,8.76,374.00,4573.00,11499.37,293.09,,0,100,39.00,-67,4414276,-295756.49,4,fused
317024,000000317024.jpg,640x480,0,0.007632,0,1,TN,yolov8l_bsz4.ms,158.75,123.75,282.50,0.500,Idle,4.31,8.76,374.00,4573.00,11499.37,293.09,,0,100,39.00,-67,4414276,-295756.49,4,fused
45728,000000045728.jpg,640x480,0,0.007290,0,1,TN,yolov8l_bsz4.ms,158.75,123.75,282.50,0.500,Idle,4.31,8.76,374.00,4573.00,11499.37,293.09,,0,100,39.00,-67,4414276,-295756.49,4,fused
569059,000000569059.jpg,640x480,0,0.007249,1,0,FN,yolov8l_bsz4.ms,158.75,123.75,282.50,0.500,Idle,4.31,8.76,374.00,4573.00,11499.37,293.09,,0,100,39.00,-67,4414276,-295756.49,4,fused
79188,000000079188.jpg,480x640,0,0.007168,0,1,TN,yolov8l_bsz4.ms,159.00,120.75,279.75,0.500,Idle,4.35,8.76,373.86,4573.00,11499.37,291.88,,0,100,40.00,-108,4412936,-476597.09,4,fused
104603,000000104603.jpg,640x428,0,0.006794,0,1,TN,yolov8l_bsz4.ms,159.00,120.75,279.75,0.500,Idle,4.35,8.76,373.86,4573.00,11499.37,291.88,,0,100,40.00,-108,4412936,-476597.09,4,fused
136772,000000136772.jpg,500x334,0,0.006791,0,1,TN,yolov8l_bsz4.ms,159.00,120.75,279.75,0.500,Idle,4.35,8.76,373.86,4573.00,11499.37,291.88,,0,100,40.00,-108,4412936,-476597.09,4,fused
116589,000000116589.jpg,500x375,0,0.006789,0,1,TN,yolov8l_bsz4.ms,159.00,120.75,279.75,0.500,Idle,4.35,8.76,373.86,4573.00,11499.37,291.88,,0,100,40.00,-108,4412936,-476597.09,4,fused
572408,000000572408.jpg,424x640,0,0.006733,0,1,TN,yolov8l_bsz4.ms,156.75,124.00,280.75,0.500,Idle,4.38,8.49,351.68,4595.00,11499.37,312.62,,0,100,40.00,-73,4414104,-322229.59,4,fused
11760,000000011760.jpg,640x425,0,0.006568,0,1,TN,yolov8l_bsz4.ms,156.75,124.00,280.75,0.500,Idle,4.38,8.49,351.68,4595.00,11499.37,312.62,,0,100,40.00,-73,4414104,-322229.59,4,fused
313130,000000313130.jpg,640x480,0,0.006519,0,1,TN,yolov8l_bsz4.ms,156.75,124.00,280.75,0.500,Idle,4.38,8.49,351.68,4595.00,11499.37,312.62,,0,100,40.00,-73,4414104,-322229.59,4,fused
313783,000000313783.jpg,500x375,0,0.006330,0,1,TN,yolov8l_bsz4.ms,156.75,124.00,280.75,0.500,Idle,4.38,8.49,351.68,4595.00,11499.37,312.62,,0,100,40.00,-73,4414104,-322229.59,4,fused
521601,000000521601.jpg,640x480,0,0.006162,0,1,TN,yolov8l_bsz4.ms,158.50,108.00,266.50,0.500,Idle,4.39,8.49,316.07,4631.00,11499.37,347.20,,0,100,40.00,-114,4412752,-503053.73,4,fused
198915,000000198915.jpg,640x404,0,0.006055,0,1,TN,yolov8l_bsz4.ms,158.50,108.00,266.50,0.500,Idle,4.39,8.49,316.07,4631.00,11499.37,347.20,,0,100,40.00,-114,4412752,-503053.73,4,fused
105249,000000105249.jpg,500x333,0,0.006023,0,1,TN,yolov8l_bsz4.ms,158.50,108.00,266.50,0.500,Idle,4.39,8.49,316.07,4631.00,11499.37,347.20,,0,100,40.00,-114,4412752,-503053.73,4,fused
555012,000000555012.jpg,640x426,0,0.005994,0,1,TN,yolov8l_bsz4.ms,158.50,108.00,266.50,0.500,Idle,4.39,8.49,316.07,4631.00,11499.37,347.20,,0,100,40.00,-114,4412752,-503053.73,4,fused
75456,000000075456.jpg,640x427,0,0.005945,0,1,TN,yolov8l_bsz4.ms,158.00,110.00,268.00,0.500,Idle,6.98,11.76,377.28,4569.00,11499.37,283.65,,0,100,40.00,-59,4414529,-260457.21,4,fused
149622,000000149622.jpg,640x453,0,0.005918,0,1,TN,yolov8l_bsz4.ms,158.00,110.00,268.00,0.500,Idle,6.98,11.76,377.28,4569.00,11499.37,283.65,,0,100,40.00,-59,4414529,-260457.21,4,fused
55072,000000055072.jpg,640x427,0,0.005842,0,1,TN,yolov8l_bsz4.ms,158.00,110.00,268.00,0.500,Idle,6.98,11.76,377.28,4569.00,11499.37,283.65,,0,100,40.00,-59,4414529,-260457.21,4,fused
344059,000000344059.jpg,640x427,0,0.005761,0,1,TN,yolov8l_bsz4.ms,158.00,110.00,268.00,0.500,Idle,6.98,11.76,377.28,4569.00,11499.37,283.65,,0,100,40.00,-59,4414529,-260457.21,4,fused
445248,000000445248.jpg,640x427,0,0.005761,0,1,TN,yolov8l_bsz4.ms,160.50,115.25,275.75,0.500,Idle,5.21,11.76,375.12,4571.00,11499.37,283.65,,0,100,40.00,-114,4412797,-503058.86,4,fused
348243,000000348243.jpg,427x640,0,0.005706,0,1,TN,yolov8l_bsz4.ms,160.50,115.25,275.75,0.500,Idle,5.21,11.76,375.12,4571.00,11499.37,283.65,,0,100,40.00,-114,4412797,-503058.86,4,fused
335450,000000335450.jpg,640x428,0,0.005691,0,1,TN,yolov8l_bsz4.ms,160.50,115.25,275.75,0.500,Idle,5.21,11.76,375.12,4571.00,11499.37,283.65,,0,100,40.00,-114,4412797,-503058.86,4,fused
447522,000000447522.jpg,640x480,0,0.005632,0,1,TN,yolov8l_bsz4.ms,160.50,115.25,275.75,0.500,Idle,5.21,11.76,375.12,4571.00,11499.37,283.65,,0,100,40.00,-114,4412797,-503058.86,4,fused
397327,000000397327.jpg,640x427,0,0.005528,0,1,TN,yolov8l_bsz4.ms,159.50,119.75,279.25,0.500,Idle,4.99,8.20,351.90,4593.00,11499.37,305.24,,0,100,40.00,-62,4414425,-273694.35,4,fused
448448,000000448448.jpg,640x480,0,0.005519,0,1,TN,yolov8l_bsz4.ms,159.50,119.75,279.25,0.500,Idle,4.99,8.20,351.90,4593.00,11499.37,305.24,,0,100,40.00,-62,4414425,-273694.35,4,fused
551660,000000551660.jpg,424x640,0,0.005310,0,1,TN,yolov8l_bsz4.ms,159.50,119.75,279.25,0.500,Idle,4.99,8.20,351.90,4593.00,11499.37,305.24,,0,100,40.00,-62,4414425,-273694.35,4,fused
6012,000000006012.jpg,640x531,0,0.005305,0,1,TN,yolov8l_bsz4.ms,159.50,119.75,279.25,0.500,Idle,4.99,8.20,351.90,4593.00,11499.37,305.24,,0,100,40.00,-62,4414425,-273694.35,4,fused
577584,000000577584.jpg,418x640,0,0.005233,0,1,TN,yolov8l_bsz4.ms,156.75,104.00,260.75,0.500,Idle,4.68,8.20,306.88,4638.00,11499.37,349.02,,0,100,40.00,-103,4412923,-454531.07,4,fused
466339,000000466339.jpg,359x640,0,0.005161,0,1,TN,yolov8l_bsz4.ms,156.75,104.00,260.75,0.500,Idle,4.68,8.20,306.88,4638.00,11499.37,349.02,,0,100,40.00,-103,4412923,-454531.07,4,fused
34760,000000034760.jpg,426x640,0,0.005068,0,1,TN,yolov8l_bsz4.ms,156.75,104.00,260.75,0.500,Idle,4.68,8.20,306.88,4638.00,11499.37,349.02,,0,100,40.00,-103,4412923,-454531.07,4,fused
546011,000000546011.jpg,500x334,0,0.004957,0,1,TN,yolov8l_bsz4.ms,156.75,104.00,260.75,0.500,Idle,4.68,8.20,306.88,4638.00,11499.37,349.02,,0,100,40.00,-103,4412923,-454531.07,4,fused
167898,000000167898.jpg,640x480,0,0.004909,0,1,TN,yolov8l_bsz4.ms,160.75,115.75,276.50,0.500,Idle,4.59,7.79,373.40,4572.00,11499.37,281.12,,0,100,40.00,-63,4414306,-278101.28,4,fused
24919,000000024919.jpg,640x425,0,0.004786,0,1,TN,yolov8l_bsz4.ms,160.75,115.75,276.50,0.500,Idle,4.59,7.79,373.40,4572.00,11499.37,281.12,,0,100,40.00,-63,4414306,-278101.28,4,fused
356498,000000356498.jpg,500x350,0,0.004749,0,1,TN,yolov8l_bsz4.ms,160.75,115.75,276.50,0.500,Idle,4.59,7.79,373.40,4572.00,11499.37,281.12,,0,100,40.00,-63,4414306,-278101.28,4,fused
32285,000000032285.jpg,640x423,0,0.004661,0,1,TN,yolov8l_bsz4.ms,160.75,115.75,276.50,0.500,Idle,4.59,7.79,373.40,4572.00,11499.37,281.12,,0,100,40.00,-63,4414306,-278101.28,4,fused
60770,000000060770.jpg,500x375,0,0.004565,0,1,TN,yolov8l_bsz4.ms,157.25,123.25,280.50,0.500,Idle,4.52,7.79,372.02,4572.00,11499.37,280.53,,0,100,40.00,-61,4414399,-269278.34,4,fused
462576,000000462576.jpg,640x480,0,0.004397,0,1,TN,yolov8l_bsz4.ms,157.25,123.25,280.50,0.500,Idle,4.52,7.79,372.02,4572.00,11499.37,280.53,,0,100,40.00,-61,4414399,-269278.34,4,fused
167128,000000167128.jpg,640x427,0,0.004325,0,1,TN,yolov8l_bsz4.ms,157.25,123.25,280.50,0.500,Idle,4.52,7.79,372.02,4572.00,11499.37,280.53,,0,100,40.00,-61,4414399,-269278.34,4,fused
311295,000000311295.jpg,640x427,0,0.004301,0,1,TN,yolov8l_bsz4.ms,157.25,123.25,280.50,0.500,Idle,4.52,7.79,372.02,4572.00,11499.37,280.53,,0,100,40.00,-61,4414399,-269278.34,4,fused
53505,000000053505.jpg,428x640,0,0.004251,0,1,TN,yolov8l_bsz4.ms,155.25,127.75,283.00,0.500,Idle,4.55,7.69,351.13,4592.00,11499.37,300.23,,0,100,39.00,-65,4414374,-286934.31,4,fused
3501,000000003501.jpg,612x612,0,0.004049,0,1,TN,yolov8l_bsz4.ms,155.25,127.75,283.00,0.500,Idle,4.55,7.69,351.13,4592.00,11499.37,300.23,,0,100,39.00,-65,4414374,-286934.31,4,fused
177714,000000177714.jpg,640x409,0,0.003842,0,1,TN,yolov8l_bsz4.ms,155.25,127.75,283.00,0.500,Idle,4.55,7.69,351.13,4592.00,11499.37,300.23,,0,100,39.00,-65,4414374,-286934.31,4,fused
389381,000000389381.jpg,640x543,0,0.003829,0,1,TN,yolov8l_bsz4.ms,155.25,127.75,283.00,0.500,Idle,4.55,7.69,351.13,4592.00,11499.37,300.23,,0,100,39.00,-65,4414374,-286934.31,4,fused
509656,000000509656.jpg,640x480,0,0.003803,0,1,TN,yolov8l_bsz4.ms,158.25,120.75,279.00,0.500,Idle,4.53,7.69,307.44,4636.00,11499.37,341.33,,0,100,39.00,-111,4412780,-489818.58,4,fused
52017,000000052017.jpg,640x425,0,0.003802,1,0,FN,yolov8l_bsz4.ms,158.25,120.75,279.00,0.500,Idle,4.53,7.69,307.44,4636.00,11499.37,341.33,,0,100,39.00,-111,4412780,-489818.58,4,fused
229747,000000229747.jpg,640x541,0,0.003663,0,1,TN,yolov8l_bsz4.ms,158.25,120.75,279.00,0.500,Idle,4.53,7.69,307.44,4636.00,11499.37,341.33,,0,100,39.00,-111,4412780,-489818.58,4,fused
125211,000000125211.jpg,640x480,0,0.003641,0,1,TN,yolov8l_bsz4.ms,158.25,120.75,279.00,0.500,Idle,4.53,7.69,307.44,4636.00,11499.37,341.33,,0,100,39.00,-111,4412780,-489818.58,4,fused
351362,000000351362.jpg,426x640,0,0.003601,0,1,TN,yolov8l_bsz4.ms,159.00,119.50,278.50,0.500,Idle,4.47,7.88,374.55,4569.00,11499.37,273.02,,0,100,39.00,-69,4414131,-304575.04,4,fused
187271,000000187271.jpg,480x640,0,0.003550,0,1,TN,yolov8l_bsz4.ms,159.00,119.50,278.50,0.500,Idle,4.47,7.88,374.55,4569.00,11499.37,273.02,,0,100,39.00,-69,4414131,-304575.04,4,fused
319935,000000319935.jpg,640x398,0,0.003549,0,1,TN,yolov8l_bsz4.ms,159.00,119.50,278.50,0.500,Idle,4.47,7.88,374.55,4569.00,11499.37,273.02,,0,100,39.00,-69,4414131,-304575.04,4,fused
247806,000000247806.jpg,640x480,0,0.003522,0,1,TN,yolov8l_bsz4.ms,159.00,119.50,278.50,0.500,Idle,4.47,7.88,374.55,4569.00,11499.37,273.02,,0,100,39.00,-69,4414131,-304575.04,4,fused
555412,000000555412.jpg,640x427,0,0.003438,0,1,TN,yolov8l_bsz4.ms,153.50,130.50,284.00,0.500,Idle,4.89,7.88,370.96,4577.00,11499.37,294.12,,0,100,39.00,-114,4412689,-503046.55,4,fused
28452,000000028452.jpg,480x640,0,0.003389,0,1,TN,yolov8l_bsz4.ms,153.50,130.50,284.00,0.500,Idle,4.89,7.88,370.96,4577.00,11499.37,294.12,,0,100,39.00,-114,4412689,-503046.55,4,fused
285788,000000285788.jpg,640x481,0,0.003247,0,1,TN,yolov8l_bsz4.ms,153.50,130.50,284.00,0.500,Idle,4.89,7.88,370.96,4577.00,11499.37,294.12,,0,100,39.00,-114,4412689,-503046.55,4,fused
486046,000000486046.jpg,640x480,0,0.003099,0,1,TN,yolov8l_bsz4.ms,153.50,130.50,284.00,0.500,Idle,4.89,7.88,370.96,4577.00,11499.37,294.12,,0,100,39.00,-114,4412689,-503046.55,4,fused
383443,000000383443.jpg,640x427,0,0.003083,0,1,TN,yolov8l_bsz4.ms,158.50,112.50,271.00,0.500,Idle,4.57,7.33,352.19,4597.00,11499.37,311.95,,0,100,39.00,-58,4414381,-256034.10,4,fused
230166,000000230166.jpg,640x428,0,0.003062,0,1,TN,yolov8l_bsz4.ms,158.50,112.50,271.00,0.500,Idle,4.57,7.33,352.19,4597.00,11499.37,311.95,,0,100,39.00,-58,4414381,-256034.10,4,fused
62554,000000062554.jpg,640x428,0,0.003032,0,1,TN,yolov8l_bsz4.ms,158.50,112.50,271.00,0.500,Idle,4.57,7.33,352.19,4597.00,11499.37,311.95,,0,100,39.00,-58,4414381,-256034.10,4,fused
581615,000000581615.jpg,478x640,0,0.003010,0,1,TN,yolov8l_bsz4.ms,158.50,112.50,271.00,0.500,Idle,4.57,7.33,352.19,4597.00,11499.37,311.95,,0,100,39.00,-58,4414381,-256034.10,4,fused
504580,000000504580.jpg,640x427,0,0.002997,0,1,TN,yolov8l_bsz4.ms,155.75,108.25,264.00,0.500,Idle,4.44,7.33,307.73,4641.00,11499.37,354.78,,0,100,39.00,-116,4412624,-511864.38,4,fused
376278,000000376278.jpg,640x427,0,0.002991,0,1,TN,yolov8l_bsz4.ms,155.75,108.25,264.00,0.500,Idle,4.44,7.33,307.73,4641.00,11499.37,354.78,,0,100,39.00,-116,4412624,-511864.38,4,fused
564133,000000564133.jpg,640x424,0,0.002971,0,1,TN,yolov8l_bsz4.ms,155.75,108.25,264.00,0.500,Idle,4.44,7.33,307.73,4641.00,11499.37,354.78,,0,100,39.00,-116,4412624,-511864.38,4,fused
471450,000000471450.jpg,640x480,0,0.002916,0,1,TN,yolov8l_bsz4.ms,155.75,108.25,264.00,0.500,Idle,4.44,7.33,307.73,4641.00,11499.37,354.78,,0,100,39.00,-116,4412624,-511864.38,4,fused
235857,000000235857.jpg,640x426,0,0.002880,0,1,TN,yolov8l_bsz4.ms,162.25,119.75,282.00,0.500,Idle,4.36,7.22,373.93,4574.00,11499.37,286.66,,0,100,39.00,-63,4414333,-278102.98,4,fused
90108,000000090108.jpg,640x480,0,0.002858,0,1,TN,yolov8l_bsz4.ms,162.25,119.75,282.00,0.500,Idle,4.36,7.22,373.93,4574.00,11499.37,286.66,,0,100,39.00,-63,4414333,-278102.98,4,fused
66635,000000066635.jpg,640x480,0,0.002830,0,1,TN,yolov8l_bsz4.ms,162.25,119.75,282.00,0.500,Idle,4.36,7.22,373.93,4574.00,11499.37,286.66,,0,100,39.00,-63,4414333,-278102.98,4,fused
349837,000000349837.jpg,500x333,0,0.002818,0,1,TN,yolov8l_bsz4.ms,162.25,119.75,282.00,0.500,Idle,4.36,7.22,373.93,4574.00,11499.37,286.66,,0,100,39.00,-63,4414333,-278102.98,4,fused
122969,000000122969.jpg,500x333,0,0.002801,0,1,TN,yolov8l_bsz4.ms,159.75,123.00,282.75,0.500,Idle,4.29,7.22,371.01,4576.00,11499.37,286.71,,0,100,39.00,-67,4414232,-295753.54,4,fused
110972,000000110972.jpg,640x487,0,0.002801,0,1,TN,yolov8l_bsz4.ms,159.75,123.00,282.75,0.500,Idle,4.29,7.22,371.01,4576.00,11499.37,286.71,,0,100,39.00,-67,4414232,-295753.54,4,fused
550471,000000550471.jpg,640x425,0,0.002778,0,1,TN,yolov8l_bsz4.ms,159.75,123.00,282.75,0.500,Idle,4.29,7.22,371.01,4576.00,11499.37,286.71,,0,100,39.00,-67,4414232,-295753.54,4,fused
351331,000000351331.jpg,640x480,0,0.002712,0,1,TN,yolov8l_bsz4.ms,159.75,123.00,282.75,0.500,Idle,4.29,7.22,371.01,4576.00,11499.37,286.71,,0,100,39.00,-67,4414232,-295753.54,4,fused
237928,000000237928.jpg,457x640,0,0.002669,0,1,TN,yolov8l_bsz4.ms,154.00,108.00,262.00,0.500,Idle,4.29,7.50,353.45,4593.00,11499.37,303.08,,0,100,39.00,-66,4414222,-291338.65,4,fused
509735,000000509735.jpg,640x428,0,0.002664,0,1,TN,yolov8l_bsz4.ms,154.00,108.00,262.00,0.500,Idle,4.29,7.50,353.45,4593.00,11499.37,303.08,,0,100,39.00,-66,4414222,-291338.65,4,fused
6213,000000006213.jpg,640x425,0,0.002658,0,1,TN,yolov8l_bsz4.ms,154.00,108.00,262.00,0.500,Idle,4.29,7.50,353.45,4593.00,11499.37,303.08,,0,100,39.00,-66,4414222,-291338.65,4,fused
133778,000000133778.jpg,640x483,0,0.002616,0,1,TN,yolov8l_bsz4.ms,154.00,108.00,262.00,0.500,Idle,4.29,7.50,353.45,4593.00,11499.37,303.08,,0,100,39.00,-66,4414222,-291338.65,4,fused
259382,000000259382.jpg,640x480,0,0.002531,0,1,TN,yolov8l_bsz4.ms,158.75,113.00,271.75,0.500,Idle,4.31,7.50,304.14,4642.00,11499.37,350.94,,0,100,40.00,-64,4414241,-282511.42,4,fused
119038,000000119038.jpg,640x480,0,0.002518,0,1,TN,yolov8l_bsz4.ms,158.75,113.00,271.75,0.500,Idle,4.31,7.50,304.14,4642.00,11499.37,350.94,,0,100,40.00,-64,4414241,-282511.42,4,fused
225184,000000225184.jpg,457x640,0,0.002502,0,1,TN,yolov8l_bsz4.ms,158.75,113.00,271.75,0.500,Idle,4.31,7.50,304.14,4642.00,11499.37,350.94,,0,100,40.00,-64,4414241,-282511.42,4,fused
416837,000000416837.jpg,640x427,0,0.002495,0,1,TN,yolov8l_bsz4.ms,158.75,113.00,271.75,0.500,Idle,4.31,7.50,304.14,4642.00,11499.37,350.94,,0,100,40.00,-64,4414241,-282511.42,4,fused
394611,000000394611.jpg,640x480,0,0.002482,0,1,TN,yolov8l_bsz4.ms,159.50,118.25,277.75,0.500,Idle,4.25,7.70,376.04,4570.00,11499.37,277.58,,0,100,40.00,-63,4414331,-278102.85,4,fused
221693,000000221693.jpg,640x426,0,0.002324,0,1,TN,yolov8l_bsz4.ms,159.50,118.25,277.75,0.500,Idle,4.25,7.70,376.04,4570.00,11499.37,277.58,,0,100,40.00,-63,4414331,-278102.85,4,fused
108864,000000108864.jpg,640x480,0,0.002210,0,1,TN,yolov8l_bsz4.ms,159.50,118.25,277.75,0.500,Idle,4.25,7.70,376.04,4570.00,11499.37,277.58,,0,100,40.00,-63,4414331,-278102.85,4,fused
114871,000000114871.jpg,640x427,0,0.002138,0,1,TN,yolov8l_bsz4.ms,159.50,118.25,277.75,0.500,Idle,4.25,7.70,376.04,4570.00,11499.37,277.58,,0,100,40.00,-63,4414331,-278102.85,4,fused
91921,000000091921.jpg,640x480,0,0.002136,0,1,TN,yolov8l_bsz4.ms,158.75,120.75,279.50,0.500,Idle,8.23,7.70,371.55,4574.00,11499.37,279.32,,0,100,40.00,-57,4414435,-251622.80,4,fused
475779,000000475779.jpg,640x480,0,0.002090,0,1,TN,yolov8l_bsz4.ms,158.75,120.75,279.50,0.500,Idle,8.23,7.70,371.55,4574.00,11499.37,279.32,,0,100,40.00,-57,4414435,-251622.80,4,fused
58636,000000058636.jpg,634x640,0,0.002080,0,1,TN,yolov8l_bsz4.ms,158.75,120.75,279.50,0.500,Idle,8.23,7.70,371.55,4574.00,11499.37,279.32,,0,100,40.00,-57,4414435,-251622.80,4,fused
474881,000000474881.jpg,640x480,0,0.002037,0,1,TN,yolov8l_bsz4.ms,158.75,120.75,279.50,0.500,Idle,8.23,7.70,371.55,4574.00,11499.37,279.32,,0,100,40.00,-57,4414435,-251622.80,4,fused
446005,000000446005.jpg,500x333,0,0.002018,0,1,TN,yolov8l_bsz4.ms,159.75,116.00,275.75,0.500,Idle,4.73,6.17,352.32,4593.00,11499.37,296.92,,0,100,40.00,-67,4414111,-295745.44,4,fused
157138,000000157138.jpg,500x353,0,0.001983,0,1,TN,yolov8l_bsz4.ms,159.75,116.00,275.75,0.500,Idle,4.73,6.17,352.32,4593.00,11499.37,296.92,,0,100,40.00,-67,4414111,-295745.44,4,fused
60363,000000060363.jpg,640x480,0,0.001839,0,1,TN,yolov8l_bsz4.ms,159.75,116.00,275.75,0.500,Idle,4.73,6.17,352.32,4593.00,11499.37,296.92,,0,100,40.00,-67,4414111,-295745.44,4,fused
268996,000000268996.jpg,500x375,0,0.001807,0,1,TN,yolov8l_bsz4.ms,159.75,116.00,275.75,0.500,Idle,4.73,6.17,352.32,4593.00,11499.37,296.92,,0,100,40.00,-67,4414111,-295745.44,4,fused
60855,000000060855.jpg,500x399,0,0.001791,0,1,TN,yolov8l_bsz4.ms,159.75,123.75,283.50,0.500,Idle,4.55,6.17,300.40,4644.00,11499.37,346.88,,0,100,40.00,-62,4414286,-273685.73,4,fused
402783,000000402783.jpg,640x480,0,0.001762,0,1,TN,yolov8l_bsz4.ms,159.75,123.75,283.50,0.500,Idle,4.55,6.17,300.40,4644.00,11499.37,346.88,,0,100,40.00,-62,4414286,-273685.73,4,fused
216739,000000216739.jpg,640x427,0,0.001440,0,1,TN,yolov8l_bsz4.ms,159.75,123.75,283.50,0.500,Idle,4.55,6.17,300.40,4644.00,11499.37,346.88,,0,100,40.00,-62,4414286,-273685.73,4,fused
361180,000000361180.jpg,640x426,0,0.001434,0,1,TN,yolov8l_bsz4.ms,159.75,123.75,283.50,0.500,Idle,4.55,6.17,300.40,4644.00,11499.37,346.88,,0,100,40.00,-62,4414286,-273685.73,4,fused
547519,000000547519.jpg,640x425,0,0.001392,0,1,TN,yolov8l_bsz4.ms,161.75,127.75,289.50,0.500,Idle,4.47,7.70,373.86,4571.00,11499.37,272.48,,0,100,40.00,-58,4414334,-256031.37,4,fused
272416,000000272416.jpg,640x480,0,0.001329,0,1,TN,yolov8l_bsz4.ms,161.75,127.75,289.50,0.500,Idle,4.47,7.70,373.86,4571.00,11499.37,272.48,,0,100,40.00,-58,4414334,-256031.37,4,fused
454750,000000454750.jpg,640x427,0,0.001273,0,1,TN,yolov8l_bsz4.ms,161.75,127.75,289.50,0.500,Idle,4.47,7.70,373.86,4571.00,11499.37,272.48,,0,100,40.00,-58,4414334,-256031.37,4,fused
518213,000000518213.jpg,640x480,0,0.001180,0,1,TN,yolov8l_bsz4.ms,161.75,127.75,289.50,0.500,Idle,4.47,7.70,373.86,4571.00,11499.37,272.48,,0,100,40.00,-58,4414334,-256031.37,4,fused
157098,000000157098.jpg,500x333,0,0.001131,0,1,TN,yolov8l_bsz4.ms,157.75,118.00,275.75,0.500,Idle,4.42,7.70,372.18,4572.00,11499.37,272.42,,0,100,40.00,-61,4414426,-269279.99,4,fused
295797,000000295797.jpg,427x640,0,0.001119,0,1,TN,yolov8l_bsz4.ms,157.75,118.00,275.75,0.500,Idle,4.42,7.70,372.18,4572.00,11499.37,272.42,,0,100,40.00,-61,4414426,-269279.99,4,fused
61658,000000061658.jpg,640x480,0,0.001105,0,1,TN,yolov8l_bsz4.ms,157.75,118.00,275.75,0.500,Idle,4.42,7.70,372.18,4572.00,11499.37,272.42,,0,100,40.00,-61,4414426,-269279.99,4,fused
526706,000000526706.jpg,640x427,0,0.001046,0,1,TN,yolov8l_bsz4.ms,157.75,118.00,275.75,0.500,Idle,4.42,7.70,372.18,4572.00,11499.37,272.42,,0,100,40.00,-61,4414426,-269279.99,4,fused
564023,000000564023.jpg,480x640,0,0.001028,0,1,TN,yolov8l_bsz4.ms,156.50,118.75,275.25,0.500,Idle,4.47,7.65,349.06,4595.00,11499.37,294.70,,0,100,40.00,-58,4414492,-256040.54,4,fused
148620,000000148620.jpg,500x375,0,0.000987,0,1,TN,yolov8l_bsz4.ms,156.50,118.75,275.25,0.500,Idle,4.47,7.65,349.06,4595.00,11499.37,294.70,,0,100,40.00,-58,4414492,-256040.54,4,fused
343466,000000343466.jpg,320x240,0,0.000921,0,1,TN,yolov8l_bsz4.ms,156.50,118.75,275.25,0.500,Idle,4.47,7.65,349.06,4595.00,11499.37,294.70,,0,100,40.00,-58,4414492,-256040.54,4,fused
94852,000000094852.jpg,640x512,0,0.000872,0,1,TN,yolov8l_bsz4.ms,156.50,118.75,275.25,0.500,Idle,4.47,7.65,349.06,4595.00,11499.37,294.70,,0,100,40.00,-58,4414492,-256040.54,4,fused
577862,000000577862.jpg,640x424,0,0.000859,0,1,TN,yolov8l_bsz4.ms,156.75,121.50,278.25,0.500,Idle,4.44,7.65,311.87,4633.00,11499.37,330.24,,0,100,39.00,-63,4414213,-278095.42,4,fused
205282,000000205282.jpg,640x480,0,0.000742,0,1,TN,yolov8l_bsz4.ms,156.75,121.50,278.25,0.500,Idle,4.44,7.65,311.87,4633.00,11499.37,330.24,,0,100,39.00,-63,4414213,-278095.42,4,fused
501243,000000501243.jpg,640x427,0,0.000730,0,1,TN,yolov8l_bsz4.ms,156.75,121.50,278.25,0.500,Idle,4.44,7.65,311.87,4633.00,11499.37,330.24,,0,100,39.00,-63,4414213,-278095.42,4,fused
516316,000000516316.jpg,640x480,0,0.000667,0,1,TN,yolov8l_bsz4.ms,156.75,121.50,278.25,0.500,Idle,4.44,7.65,311.87,4633.00,11499.37,330.24,,0,100,39.00,-63,4414213,-278095.42,4,fused
484296,000000484296.jpg,640x480,0,0.000629,0,1,TN,yolov8l_bsz4.ms,162.75,124.00,286.75,0.500,Idle,4.38,7.54,375.44,4569.00,11499.37,264.39,,0,100,39.00,-79,4413857,-348694.70,4,fused
382734,000000382734.jpg,480x640,0,0.000604,0,1,TN,yolov8l_bsz4.ms,162.75,124.00,286.75,0.500,Idle,4.38,7.54,375.44,4569.00,11499.37,264.39,,0,100,39.00,-79,4413857,-348694.70,4,fused
229753,000000229753.jpg,640x427,0,0.000563,0,1,TN,yolov8l_bsz4.ms,162.75,124.00,286.75,0.500,Idle,4.38,7.54,375.44,4569.00,11499.37,264.39,,0,100,39.00,-79,4413857,-348694.70,4,fused
101787,000000101787.jpg,457x640,0,0.000546,0,1,TN,yolov8l_bsz4.ms,162.75,124.00,286.75,0.500,Idle,4.38,7.54,375.44,4569.00,11499.37,264.39,,0,100,39.00,-79,4413857,-348694.70,4,fused
104782,000000104782.jpg,500x375,0,0.000525,0,1,TN,yolov8l_bsz4.ms,159.75,123.50,283.25,0.500,Idle,4.39,7.54,372.83,4571.00,11499.37,265.23,,0,100,39.00,-79,4413857,-348694.70,4,fused
11615,000000011615.jpg,480x640,0,0.000514,0,1,TN,yolov8l_bsz4.ms,159.75,123.50,283.25,0.500,Idle,4.39,7.54,372.83,4571.00,11499.37,265.23,,0,100,39.00,-79,4413857,-348694.70,4,fused
445846,000000445846.jpg,640x427,0,0.000443,0,1,TN,yolov8l_bsz4.ms,159.75,123.50,283.25,0.500,Idle,4.39,7.54,372.83,4571.00,11499.37,265.23,,0,100,39.00,-79,4413857,-348694.70,4,fused
172977,000000172977.jpg,640x486,0,0.000403,0,1,TN,yolov8l_bsz4.ms,159.75,123.50,283.25,0.500,Idle,4.39,7.54,372.83,4571.00,11499.37,265.23,,0,100,39.00,-79,4413857,-348694.70,4,fused
291861,000000291861.jpg,640x426,0,0.000387,0,1,TN,yolov8l_bsz4.ms,158.25,111.25,269.50,0.500,Idle,6.02,9.33,302.07,4640.00,11499.37,329.92,,0,100,39.00,-66,4414205,-291337.53,4,fused
802,000000000802.jpg,424x640,0,0.000370,0,1,TN,yolov8l_bsz4.ms,158.25,111.25,269.50,0.500,Idle,6.02,9.33,302.07,4640.00,11499.37,329.92,,0,100,39.00,-66,4414205,-291337.53,4,fused
464872,000000464872.jpg,640x427,0,0.000323,0,1,TN,yolov8l_bsz4.ms,158.25,111.25,269.50,0.500,Idle,6.02,9.33,302.07,4640.00,11499.37,329.92,,0,100,39.00,-66,4414205,-291337.53,4,fused
447313,000000447313.jpg,640x480,0,0.000312,0,1,TN,yolov8l_bsz4.ms,158.25,111.25,269.50,0.500,Idle,6.02,9.33,302.07,4640.00,11499.37,329.92,,0,100,39.00,-66,4414205,-291337.53,4,fused
507893,000000507893.jpg,427x640,0,0.000293,0,1,TN,yolov8l_bsz4.ms,159.25,115.75,275.00,0.500,Idle,4.74,9.33,374.72,4567.00,11499.37,255.64,,0,100,39.00,-69,4414061,-304570.21,4,fused
296969,000000296969.jpg,640x427,0,0.000286,0,1,TN,yolov8l_bsz4.ms,159.25,115.75,275.00,0.500,Idle,4.74,9.33,374.72,4567.00,11499.37,255.64,,0,100,39.00,-69,4414061,-304570.21,4,fused
222825,000000222825.jpg,427x640,0,0.000267,0,1,TN,yolov8l_bsz4.ms,159.25,115.75,275.00,0.500,Idle,4.74,9.33,374.72,4567.00,11499.37,255.64,,0,100,39.00,-69,4414061,-304570.21,4,fused
312586,000000312586.jpg,640x428,0,0.000237,0,1,TN,yolov8l_bsz4.ms,159.25,115.75,275.00,0.500,Idle,4.74,9.33,374.72,4567.00,11499.37,255.64,,0,100,39.00,-69,4414061,-304570.21,4,fused
215245,000000215245.jpg,640x480,0,0.000220,0,1,TN,yolov8l_bsz4.ms,163.00,112.50,275.50,0.500,Idle,4.64,8.03,373.98,4567.00,11499.37,254.09,,0,100,39.00,-108,4412731,-476574.95,4,fused
547383,000000547383.jpg,640x426,0,0.000202,0,1,TN,yolov8l_bsz4.ms,163.00,112.50,275.50,0.500,Idle,4.64,8.03,373.98,4567.00,11499.37,254.09,,0,100,39.00,-108,4412731,-476574.95,4,fused
93965,000000093965.jpg,640x457,0,0.000186,0,1,TN,yolov8l_bsz4.ms,163.00,112.50,275.50,0.500,Idle,4.64,8.03,373.98,4567.00,11499.37,254.09,,0,100,39.00,-108,4412731,-476574.95,4,fused
157213,000000157213.jpg,640x360,0,0.000165,0,1,TN,yolov8l_bsz4.ms,163.00,112.50,275.50,0.500,Idle,4.64,8.03,373.98,4567.00,11499.37,254.09,,0,100,39.00,-108,4412731,-476574.95,4,fused
545129,000000545129.jpg,500x373,0,0.000161,0,1,TN,yolov8l_bsz4.ms,156.75,101.25,258.00,0.500,Idle,4.50,8.03,351.46,4589.00,11499.37,275.36,,0,100,39.00,-69,4414026,-304567.79,4,fused
552902,000000552902.jpg,640x427,0,0.000159,0,1,TN,yolov8l_bsz4.ms,156.75,101.25,258.00,0.500,Idle,4.50,8.03,351.46,4589.00,11499.37,275.36,,0,100,39.00,-69,4414026,-304567.79,4,fused
320632,000000320632.jpg,640x480,0,0.000159,0,1,TN,yolov8l_bsz4.ms,156.75,101.25,258.00,0.500,Idle,4.50,8.03,351.46,4589.00,11499.37,275.36,,0,100,39.00,-69,4414026,-304567.79,4,fused
110211,000000110211.jpg,640x344,0,0.000100,0,1,TN,yolov8l_bsz4.ms,156.75,101.25,258.00,0.500,Idle,4.50,8.03,351.46,4589.00,11499.37,275.36,,0,100,39.00,-69,4414026,-304567.79,4,fused
70158,000000070158.jpg,427x640,0,0.000078,0,1,TN,yolov8l_bsz4.ms,157.75,110.75,268.50,0.500,Idle,4.46,8.65,297.02,4644.00,11499.37,328.32,,0,100,39.00,-103,4412813,-454519.74,4,fused
270244,000000270244.jpg,640x428,0,0.000060,0,1,TN,yolov8l_bsz4.ms,157.75,110.75,268.50,0.500,Idle,4.46,8.65,297.02,4644.00,11499.37,328.32,,0,100,39.00,-103,4412813,-454519.74,4,fused
493019,000000493019.jpg,640x479,0,0.000057,0,1,TN,yolov8l_bsz4.ms,157.75,110.75,268.50,0.500,Idle,4.46,8.65,297.02,4644.00,11499.37,328.32,,0,100,39.00,-103,4412813,-454519.74,4,fused
68933,000000068933.jpg,500x313,0,0.000032,0,1,TN,yolov8l_bsz4.ms,157.75,110.75,268.50,0.500,Idle,4.46,8.65,297.02,4644.00,11499.37,328.32,,0,100,39.00,-103,4412813,-454519.74,4,fused
504635,000000504635.jpg,640x426,0,0.000031,0,1,TN,yolov8l_bsz4.ms,157.25,109.50,266.75,0.500,Idle,4.34,8.65,374.85,4565.00,11499.37,247.95,,0,100,39.00,-65,4414080,-286915.20,4,fused
185409,000000185409.jpg,640x424,0,0.000031,0,1,TN,yolov8l_bsz4.ms,157.25,109.50,266.75,0.500,Idle,4.34,8.65,374.85,4565.00,11499.37,247.95,,0,100,39.00,-65,4414080,-286915.20,4,fused
124975,000000124975.jpg,640x425,0,0.000027,0,1,TN,yolov8l_bsz4.ms,157.25,109.50,266.75,0.500,Idle,4.34,8.65,374.85,4565.00,11499.37,247.95,,0,100,39.00,-65,4414080,-286915.20,4,fused
577149,000000577149.jpg,640x413,0,0.000027,0,1,TN,yolov8l_bsz4.ms,157.25,109.50,266.75,0.500,Idle,4.34,8.65,374.85,4565.00,11499.37,247.95,,0,100,39.00,-65,4414080,-286915.20,4,fused
350488,000000350488.jpg,640x427,0,0.000024,0,1,TN,yolov8l_bsz4.ms,157.25,124.00,281.25,0.500,Idle,4.32,8.18,373.79,4566.00,11499.37,247.13,,0,100,39.00,-62,4414170,-273678.54,4,fused
104455,000000104455.jpg,640x480,0,0.000024,0,1,TN,yolov8l_bsz4.ms,157.25,124.00,281.25,0.500,Idle,4.32,8.18,373.79,4566.00,11499.37,247.13,,0,100,39.00,-62,4414170,-273678.54,4,fused
218424,000000218424.jpg,640x480,0,0.000022,0,1,TN,yolov8l_bsz4.ms,157.25,124.00,281.25,0.500,Idle,4.32,8.18,373.79,4566.00,11499.37,247.13,,0,100,39.00,-62,4414170,-273678.54,4,fused
52462,000000052462.jpg,640x427,0,0.000017,0,1,TN,yolov8l_bsz4.ms,157.25,124.00,281.25,0.500,Idle,4.32,8.18,373.79,4566.00,11499.37,247.13,,0,100,39.00,-62,4414170,-273678.54,4,fused
473974,000000473974.jpg,640x427,0,0.000015,0,1,TN,yolov8l_bsz4.ms,162.75,106.00,268.75,0.500,Idle,4.38,8.18,351.20,4588.00,11499.37,268.29,,0,100,39.00,-86,4413592,-379568.91,4,fused
449406,000000449406.jpg,500x333,0,0.000014,0,1,TN,yolov8l_bsz4.ms,162.75,106.00,268.75,0.500,Idle,4.38,8.18,351.20,4588.00,11499.37,268.29,,0,100,39.00,-86,4413592,-379568.91,4,fused
426297,000000426297.jpg,640x425,0,0.000013,0,1,TN,yolov8l_bsz4.ms,162.75,106.00,268.75,0.500,Idle,4.38,8.18,351.20,4588.00,11499.37,268.29,,0,100,39.00,-86,4413592,-379568.91,4,fused
508586,000000508586.jpg,640x360,0,0.000005,0,1,TN,yolov8l_bsz4.ms,162.75,106.00,268.75,0.500,Idle,4.38,8.18,351.20,4588.00,11499.37,268.29,,0,100,39.00,-86,4413592,-379568.91,4,fused
38825,000000038825.jpg,640x427,0,0.000003,0,1,TN,yolov8l_bsz4.ms,155.50,123.75,279.25,0.500,Idle,4.37,8.06,296.84,4642.00,11499.37,320.73,,0,100,39.00,-66,4414152,-291334.03,4,fused
201676,000000201676.jpg,640x480,0,0.000001,0,1,TN,yolov8l_bsz4.ms,155.50,123.75,279.25,0.500,Idle,4.37,8.06,296.84,4642.00,11499.37,320.73,,0,100,39.00,-66,4414152,-291334.03,4,fused
159311,000000159311.jpg,500x333,0,0.000001,0,1,TN,yolov8l_bsz4.ms,155.50,123.75,279.25,0.500,Idle,4.37,8.06,296.84,4642.00,11499.37,320.73,,0,100,39.00,-66,4414152,-291334.03,4,fused
54123,000000054123.jpg,640x428,0,0.000000,0,1,TN,yolov8l_bsz4.ms,155.50,123.75,279.25,0.500,Idle,4.37,8.06,296.84,4642.00,11499.37,320.73,,0,100,39.00,-66,4414152,-291334.03,4,fused
