imgId,file,origResolution,infiPredPerson,infiProbPerson,gtPerson,infiCorrect,infiType,yoloModel,latencyMs,prepMs,totalMs,tau,stateName,cpuProcPct,cpuSysPct,pssMb,availMemMb,totalMemMb,freeMemMb,cpuFreqsKhz,gpuFreqKhz,batterySocPct,batteryTempC,batteryCurrentMa,batteryVoltageMv,batteryPowerMw,thermalLevel,preprocessMode
266409,000000266409.jpg,640x480,1,1.000000,1,1,TP,yolov8l_bsz4.ms,116.00,129.00,245.00,0.500,Light (Music + Nav),3.34,22.19,605.80,2298.00,11499.37,585.84,,0,71,33.00,382,4084588,1560312.62,2,fused
438862,000000438862.jpg,640x427,1,1.000000,1,1,TP,yolov8l_bsz4.ms,116.00,129.00,245.00,0.500,Light (Music + Nav),3.34,22.19,605.80,2298.00,11499.37,585.84,,0,71,33.00,382,4084588,1560312.62,2,fused
474028,000000474028.jpg,640x427,1,1.000000,1,1,TP,yolov8l_bsz4.ms,116.00,129.00,245.00,0.500,Light (Music + Nav),3.34,22.19,605.80,2298.00,11499.37,585.84,,0,71,33.00,382,4084588,1560312.62,2,fused
78915,000000078915.jpg,481x640,1,1.000000,1,1,TP,yolov8l_bsz4.ms,116.00,129.00,245.00,0.500,Light (Music + Nav),3.34,22.19,605.80,2298.00,11499.37,585.84,,0,71,33.00,382,4084588,1560312.62,2,fused
57597,000000057597.jpg,640x426,1,1.000000,1,1,TP,yolov8l_bsz4.ms,108.25,133.25,241.50,0.500,Light (Music + Nav),3.52,22.19,681.60,2177.00,11499.37,491.64,,0,71,33.00,347,4081998,1416453.31,2,fused
559842,000000559842.jpg,640x427,1,1.000000,1,1,TP,yolov8l_bsz4.ms,108.25,133.25,241.50,0.500,Light (Music + Nav),3.52,22.19,681.60,2177.00,11499.37,491.64,,0,71,33.00,347,4081998,1416453.31,2,fused
295713,000000295713.jpg,640x427,1,1.000000,1,1,TP,yolov8l_bsz4.ms,108.25,133.25,241.50,0.500,Light (Music + Nav),3.52,22.19,681.60,2177.00,11499.37,491.64,,0,71,33.00,347,4081998,1416453.31,2,fused
562243,000000562243.jpg,640x640,1,1.000000,1,1,TP,yolov8l_bsz4.ms,108.25,133.25,241.50,0.500,Light (Music + Nav),3.52,22.19,681.60,2177.00,11499.37,491.64,,0,71,33.00,347,4081998,1416453.31,2,fused
283520,000000283520.jpg,640x426,1,1.000000,1,1,TP,yolov8l_bsz4.ms,108.00,112.75,220.75,0.500,Light (Music + Nav),3.67,21.32,762.88,2101.00,11499.37,415.72,,0,71,33.00,436,4084473,1780830.23,2,fused
414170,000000414170.jpg,425x640,1,1.000000,1,1,TP,yolov8l_bsz4.ms,108.00,112.75,220.75,0.500,Light (Music + Nav),3.67,21.32,762.88,2101.00,11499.37,415.72,,0,71,33.00,436,4084473,1780830.23,2,fused
541055,000000541055.jpg,640x360,1,1.000000,1,1,TP,yolov8l_bsz4.ms,108.00,112.75,220.75,0.500,Light (Music + Nav),3.67,21.32,762.88,2101.00,11499.37,415.72,,0,71,33.00,436,4084473,1780830.23,2,fused
409475,000000409475.jpg,640x480,1,1.000000,1,1,TP,yolov8l_bsz4.ms,108.00,112.75,220.75,0.500,Light (Music + Nav),3.67,21.32,762.88,2101.00,11499.37,415.72,,0,71,33.00,436,4084473,1780830.23,2,fused
239537,000000239537.jpg,640x436,1,1.000000,1,1,TP,yolov8l_bsz4.ms,107.25,98.75,206.00,0.500,Light (Music + Nav),8.24,21.32,842.80,2052.00,11499.37,351.25,,0,71,33.00,103,4071991,419415.07,2,fused
537991,000000537991.jpg,640x480,1,1.000000,1,1,TP,yolov8l_bsz4.ms,107.25,98.75,206.00,0.500,Light (Music + Nav),8.24,21.32,842.80,2052.00,11499.37,351.25,,0,71,33.00,103,4071991,419415.07,2,fused
140640,000000140640.jpg,640x426,1,1.000000,1,1,TP,yolov8l_bsz4.ms,107.25,98.75,206.00,0.500,Light (Music + Nav),8.24,21.32,842.80,2052.00,11499.37,351.25,,0,71,33.00,103,4071991,419415.07,2,fused
386352,000000386352.jpg,640x427,1,1.000000,1,1,TP,yolov8l_bsz4.ms,107.25,98.75,206.00,0.500,Light (Music + Nav),8.24,21.32,842.80,2052.00,11499.37,351.25,,0,71,33.00,103,4071991,419415.07,2,fused
221291,000000221291.jpg,335x500,1,1.000000,1,1,TP,yolov8l_bsz4.ms,107.25,100.00,207.25,0.500,Light (Music + Nav),5.56,26.32,923.40,1977.00,11499.37,264.33,,0,71,33.00,95,4070751,386721.34,2,fused
410650,000000410650.jpg,640x480,1,1.000000,1,1,TP,yolov8l_bsz4.ms,107.25,100.00,207.25,0.500,Light (Music + Nav),5.56,26.32,923.40,1977.00,11499.37,264.33,,0,71,33.00,95,4070751,386721.34,2,fused
202228,000000202228.jpg,480x640,1,1.000000,1,1,TP,yolov8l_bsz4.ms,107.25,100.00,207.25,0.500,Light (Music + Nav),5.56,26.32,923.40,1977.00,11499.37,264.33,,0,71,33.00,95,4070751,386721.34,2,fused
559956,000000559956.jpg,640x480,1,1.000000,1,1,TP,yolov8l_bsz4.ms,107.25,100.00,207.25,0.500,Light (Music + Nav),5.56,26.32,923.40,1977.00,11499.37,264.33,,0,71,33.00,95,4070751,386721.34,2,fused
253742,000000253742.jpg,640x480,1,1.000000,1,1,TP,yolov8l_bsz4.ms,108.00,101.75,209.75,0.500,Light (Music + Nav),5.34,26.32,1003.80,1898.00,11499.37,183.50,,0,71,33.00,161,4073658,655858.94,2,fused
518770,000000518770.jpg,500x375,1,1.000000,1,1,TP,yolov8l_bsz4.ms,108.00,101.75,209.75,0.500,Light (Music + Nav),5.34,26.32,1003.80,1898.00,11499.37,183.50,,0,71,33.00,161,4073658,655858.94,2,fused
286553,000000286553.jpg,640x480,1,1.000000,1,1,TP,yolov8l_bsz4.ms,108.00,101.75,209.75,0.500,Light (Music + Nav),5.34,26.32,1003.80,1898.00,11499.37,183.50,,0,71,33.00,161,4073658,655858.94,2,fused
458992,000000458992.jpg,480x640,1,1.000000,1,1,TP,yolov8l_bsz4.ms,108.00,101.75,209.75,0.500,Light (Music + Nav),5.34,26.32,1003.80,1898.00,11499.37,183.50,,0,71,33.00,161,4073658,655858.94,2,fused
123213,000000123213.jpg,640x392,1,1.000000,1,1,TP,yolov8l_bsz4.ms,107.50,88.00,195.50,0.500,Light (Music + Nav),5.26,22.48,371.70,2525.00,11499.37,914.33,,0,71,33.00,345,4079230,1407334.35,2,fused
91406,000000091406.jpg,640x424,1,1.000000,1,1,TP,yolov8l_bsz4.ms,107.50,88.00,195.50,0.500,Light (Music + Nav),5.26,22.48,371.70,2525.00,11499.37,914.33,,0,71,33.00,345,4079230,1407334.35,2,fused
218439,000000218439.jpg,480x640,1,1.000000,1,1,TP,yolov8l_bsz4.ms,107.50,88.00,195.50,0.500,Light (Music + Nav),5.26,22.48,371.70,2525.00,11499.37,914.33,,0,71,33.00,345,4079230,1407334.35,2,fused
579307,000000579307.jpg,480x640,1,1.000000,1,1,TP,yolov8l_bsz4.ms,107.50,88.00,195.50,0.500,Light (Music + Nav),5.26,22.48,371.70,2525.00,11499.37,914.33,,0,71,33.00,345,4079230,1407334.35,2,fused
567640,000000567640.jpg,640x425,1,1.000000,1,1,TP,yolov8l_bsz4.ms,108.25,102.75,211.00,0.500,Light (Music + Nav),5.08,22.48,446.94,2448.00,11499.37,833.13,,0,71,33.00,285,4077506,1162089.21,2,fused
45550,000000045550.jpg,640x480,1,1.000000,1,1,TP,yolov8l_bsz4.ms,108.25,102.75,211.00,0.500,Light (Music + Nav),5.08,22.48,446.94,2448.00,11499.37,833.13,,0,71,33.00,285,4077506,1162089.21,2,fused
229849,000000229849.jpg,427x640,1,1.000000,1,1,TP,yolov8l_bsz4.ms,108.25,102.75,211.00,0.500,Light (Music + Nav),5.08,22.48,446.94,2448.00,11499.37,833.13,,0,71,33.00,285,4077506,1162089.21,2,fused
259690,000000259690.jpg,640x480,1,1.000000,1,1,TP,yolov8l_bsz4.ms,108.25,102.75,211.00,0.500,Light (Music + Nav),5.08,22.48,446.94,2448.00,11499.37,833.13,,0,71,33.00,285,4077506,1162089.21,2,fused
343218,000000343218.jpg,640x428,1,1.000000,1,1,TP,yolov8l_bsz4.ms,107.50,107.50,215.00,0.500,Light (Music + Nav),5.00,22.48,523.96,2377.00,11499.37,738.20,,0,71,33.00,447,4082517,1824885.10,2,fused
224807,000000224807.jpg,640x428,1,1.000000,1,1,TP,yolov8l_bsz4.ms,107.50,107.50,215.00,0.500,Light (Music + Nav),5.00,22.48,523.96,2377.00,11499.37,738.20,,0,71,33.00,447,4082517,1824885.10,2,fused
87144,000000087144.jpg,640x480,1,1.000000,1,1,TP,yolov8l_bsz4.ms,107.50,107.50,215.00,0.500,Light (Music + Nav),5.00,22.48,523.96,2377.00,11499.37,738.20,,0,71,33.00,447,4082517,1824885.10,2,fused
247917,000000247917.jpg,612x612,1,1.000000,1,1,TP,yolov8l_bsz4.ms,107.50,107.50,215.00,0.500,Light (Music + Nav),5.00,22.48,523.96,2377.00,11499.37,738.20,,0,71,33.00,447,4082517,1824885.10,2,fused
334767,000000334767.jpg,500x333,1,1.000000,1,1,TP,yolov8l_bsz4.ms,108.00,101.75,209.75,0.500,Light (Music + Nav),5.01,21.08,603.77,2331.00,11499.37,661.89,,0,71,33.00,369,4079408,1505301.55,2,fused
482275,000000482275.jpg,640x480,1,1.000000,1,1,TP,yolov8l_bsz4.ms,108.00,101.75,209.75,0.500,Light (Music + Nav),5.01,21.08,603.77,2331.00,11499.37,661.89,,0,71,33.00,369,4079408,1505301.55,2,fused
380913,000000380913.jpg,640x428,1,1.000000,1,1,TP,yolov8l_bsz4.ms,108.00,101.75,209.75,0.500,Light (Music + Nav),5.01,21.08,603.77,2331.00,11499.37,661.89,,0,71,33.00,369,4079408,1505301.55,2,fused
399205,000000399205.jpg,640x480,1,1.000000,1,1,TP,yolov8l_bsz4.ms,108.00,101.75,209.75,0.500,Light (Music + Nav),5.01,21.08,603.77,2331.00,11499.37,661.89,,0,71,33.00,369,4079408,1505301.55,2,fused
363666,000000363666.jpg,640x419,1,1.000000,1,1,TP,yolov8l_bsz4.ms,108.25,124.75,233.00,0.500,Light (Music + Nav),5.00,21.08,682.26,2244.00,11499.37,569.52,,0,71,33.00,550,4086574,2247615.70,2,fused
405249,000000405249.jpg,500x375,1,1.000000,1,1,TP,yolov8l_bsz4.ms,108.25,124.75,233.00,0.500,Light (Music + Nav),5.00,21.08,682.26,2244.00,11499.37,569.52,,0,71,33.00,550,4086574,2247615.70,2,fused
507015,000000507015.jpg,640x426,1,1.000000,1,1,TP,yolov8l_bsz4.ms,108.25,124.75,233.00,0.500,Light (Music + Nav),5.00,21.08,682.26,2244.00,11499.37,569.52,,0,71,33.00,550,4086574,2247615.70,2,fused
1000,000000001000.jpg,640x480,1,1.000000,1,1,TP,yolov8l_bsz4.ms,108.25,124.75,233.00,0.500,Light (Music + Nav),5.00,21.08,682.26,2244.00,11499.37,569.52,,0,71,33.00,550,4086574,2247615.70,2,fused
129492,000000129492.jpg,640x480,1,1.000000,1,1,TP,yolov8l_bsz4.ms,108.00,127.75,235.75,0.500,Light (Music + Nav),5.03,20.20,762.13,2166.00,11499.37,494.98,,0,71,33.00,620,4088782,2535044.84,2,fused
62808,000000062808.jpg,640x481,1,1.000000,1,1,TP,yolov8l_bsz4.ms,108.00,127.75,235.75,0.500,Light (Music + Nav),5.03,20.20,762.13,2166.00,11499.37,494.98,,0,71,33.00,620,4088782,2535044.84,2,fused
541123,000000541123.jpg,640x427,1,1.000000,1,1,TP,yolov8l_bsz4.ms,108.00,127.75,235.75,0.500,Light (Music + Nav),5.03,20.20,762.13,2166.00,11499.37,494.98,,0,71,33.00,620,4088782,2535044.84,2,fused
306139,000000306139.jpg,640x426,1,1.000000,1,1,TP,yolov8l_bsz4.ms,108.00,127.75,235.75,0.500,Light (Music + Nav),5.03,20.20,762.13,2166.00,11499.37,494.98,,0,71,33.00,620,4088782,2535044.84,2,fused
453166,000000453166.jpg,640x425,1,1.000000,1,1,TP,yolov8l_bsz4.ms,109.50,133.00,242.50,0.500,Light (Music + Nav),5.04,20.20,840.22,2081.00,11499.37,406.36,,0,71,33.00,580,4087454,2370723.32,2,fused
119995,000000119995.jpg,468x500,1,1.000000,1,1,TP,yolov8l_bsz4.ms,109.50,133.00,242.50,0.500,Light (Music + Nav),5.04,20.20,840.22,2081.00,11499.37,406.36,,0,71,33.00,580,4087454,2370723.32,2,fused
369323,000000369323.jpg,377x500,1,1.000000,1,1,TP,yolov8l_bsz4.ms,109.50,133.00,242.50,0.500,Light (Music + Nav),5.04,20.20,840.22,2081.00,11499.37,406.36,,0,71,33.00,580,4087454,2370723.32,2,fused
127270,000000127270.jpg,328x500,1,1.000000,1,1,TP,yolov8l_bsz4.ms,109.50,133.00,242.50,0.500,Light (Music + Nav),5.04,20.20,840.22,2081.00,11499.37,406.36,,0,71,33.00,580,4087454,2370723.32,2,fused
13291,000000013291.jpg,500x335,1,1.000000,1,1,TP,yolov8l_bsz4.ms,108.50,117.50,226.00,0.500,Light (Music + Nav),5.11,19.70,356.55,2563.00,11499.37,889.25,,0,71,33.00,553,4086456,2259810.17,2,fused
440336,000000440336.jpg,500x335,1,1.000000,1,1,TP,yolov8l_bsz4.ms,108.50,117.50,226.00,0.500,Light (Music + Nav),5.11,19.70,356.55,2563.00,11499.37,889.25,,0,71,33.00,553,4086456,2259810.17,2,fused
427160,000000427160.jpg,640x512,1,1.000000,1,1,TP,yolov8l_bsz4.ms,108.50,117.50,226.00,0.500,Light (Music + Nav),5.11,19.70,356.55,2563.00,11499.37,889.25,,0,71,33.00,553,4086456,2259810.17,2,fused
179487,000000179487.jpg,512x640,1,1.000000,1,1,TP,yolov8l_bsz4.ms,108.50,117.50,226.00,0.500,Light (Music + Nav),5.11,19.70,356.55,2563.00,11499.37,889.25,,0,71,33.00,553,4086456,2259810.17,2,fused
91500,000000091500.jpg,640x480,1,1.000000,1,1,TP,yolov8l_bsz4.ms,108.50,117.50,226.00,0.500,Light (Music + Nav),6.18,19.70,421.75,2496.00,11499.37,815.59,,0,71,33.00,601,4087949,2456857.35,2,fused
136915,000000136915.jpg,640x427,1,1.000000,1,1,TP,yolov8l_bsz4.ms,108.50,117.50,226.00,0.500,Light (Music + Nav),6.18,19.70,421.75,2496.00,11499.37,815.59,,0,71,33.00,601,4087949,2456857.35,2,fused
548246,000000548246.jpg,640x428,1,1.000000,1,1,TP,yolov8l_bsz4.ms,108.50,117.50,226.00,0.500,Light (Music + Nav),6.18,19.70,421.75,2496.00,11499.37,815.59,,0,71,33.00,601,4087949,2456857.35,2,fused
74256,000000074256.jpg,640x480,1,1.000000,1,1,TP,yolov8l_bsz4.ms,108.50,117.50,226.00,0.500,Light (Music + Nav),6.18,19.70,421.75,2496.00,11499.37,815.59,,0,71,33.00,601,4087949,2456857.35,2,fused
10764,000000010764.jpg,640x424,1,1.000000,1,1,TP,yolov8l_bsz4.ms,108.25,107.75,216.00,0.500,Light (Music + Nav),5.49,17.69,501.10,2426.00,11499.37,748.27,,0,71,33.00,596,4087286,2436022.46,2,fused
346968,000000346968.jpg,640x426,1,1.000000,1,1,TP,yolov8l_bsz4.ms,108.25,107.75,216.00,0.500,Light (Music + Nav),5.49,17.69,501.10,2426.00,11499.37,748.27,,0,71,33.00,596,4087286,2436022.46,2,fused
100723,000000100723.jpg,500x333,1,1.000000,1,1,TP,yolov8l_bsz4.ms,108.25,107.75,216.00,0.500,Light (Music + Nav),5.49,17.69,501.10,2426.00,11499.37,748.27,,0,71,33.00,596,4087286,2436022.46,2,fused
46872,000000046872.jpg,640x391,1,1.000000,1,1,TP,yolov8l_bsz4.ms,108.25,107.75,216.00,0.500,Light (Music + Nav),5.49,17.69,501.10,2426.00,11499.37,748.27,,0,71,33.00,596,4087286,2436022.46,2,fused
476770,000000476770.jpg,640x426,1,1.000000,1,1,TP,yolov8l_bsz4.ms,107.75,122.00,229.75,0.500,Light (Music + Nav),5.19,17.69,581.33,2343.00,11499.37,656.48,,0,71,33.00,698,4091463,2855841.17,2,fused
190007,000000190007.jpg,640x381,1,1.000000,1,1,TP,yolov8l_bsz4.ms,107.75,122.00,229.75,0.500,Light (Music + Nav),5.19,17.69,581.33,2343.00,11499.37,656.48,,0,71,33.00,698,4091463,2855841.17,2,fused
493864,000000493864.jpg,480x640,1,1.000000,1,1,TP,yolov8l_bsz4.ms,107.75,122.00,229.75,0.500,Light (Music + Nav),5.19,17.69,581.33,2343.00,11499.37,656.48,,0,71,33.00,698,4091463,2855841.17,2,fused
381360,000000381360.jpg,640x425,1,1.000000,1,1,TP,yolov8l_bsz4.ms,107.75,122.00,229.75,0.500,Light (Music + Nav),5.19,17.69,581.33,2343.00,11499.37,656.48,,0,71,33.00,698,4091463,2855841.17,2,fused
300341,000000300341.jpg,640x427,1,1.000000,1,1,TP,yolov8l_bsz4.ms,107.75,108.75,216.50,0.500,Light (Music + Nav),5.07,16.88,661.10,2269.00,11499.37,584.94,,0,71,33.00,626,4088801,2559589.43,2,fused
52996,000000052996.jpg,640x426,1,1.000000,1,1,TP,yolov8l_bsz4.ms,107.75,108.75,216.50,0.500,Light (Music + Nav),5.07,16.88,661.10,2269.00,11499.37,584.94,,0,71,33.00,626,4088801,2559589.43,2,fused
188465,000000188465.jpg,640x454,1,1.000000,1,1,TP,yolov8l_bsz4.ms,107.75,108.75,216.50,0.500,Light (Music + Nav),5.07,16.88,661.10,2269.00,11499.37,584.94,,0,71,33.00,626,4088801,2559589.43,2,fused
130579,000000130579.jpg,388x640,1,1.000000,1,1,TP,yolov8l_bsz4.ms,107.75,108.75,216.50,0.500,Light (Music + Nav),5.07,16.88,661.10,2269.00,11499.37,584.94,,0,71,33.00,626,4088801,2559589.43,2,fused
398203,000000398203.jpg,640x427,1,1.000000,1,1,TP,yolov8l_bsz4.ms,108.00,140.50,248.50,0.500,Light (Music + Nav),5.25,16.88,297.38,2624.00,11499.37,937.69,,0,71,33.00,546,4086534,2231247.56,2,fused
323799,000000323799.jpg,640x480,1,1.000000,1,1,TP,yolov8l_bsz4.ms,108.00,140.50,248.50,0.500,Light (Music + Nav),5.25,16.88,297.38,2624.00,11499.37,937.69,,0,71,33.00,546,4086534,2231247.56,2,fused
325483,000000325483.jpg,640x480,1,1.000000,1,1,TP,yolov8l_bsz4.ms,108.00,140.50,248.50,0.500,Light (Music + Nav),5.25,16.88,297.38,2624.00,11499.37,937.69,,0,71,33.00,546,4086534,2231247.56,2,fused
559348,000000559348.jpg,640x480,1,1.000000,1,1,TP,yolov8l_bsz4.ms,108.00,140.50,248.50,0.500,Light (Music + Nav),5.25,16.88,297.38,2624.00,11499.37,937.69,,0,71,33.00,546,4086534,2231247.56,2,fused
208363,000000208363.jpg,640x480,1,1.000000,1,1,TP,yolov8l_bsz4.ms,108.25,122.75,231.00,0.500,Light (Music + Nav),5.16,17.13,373.30,2553.00,11499.37,868.23,,0,71,33.00,654,4090273,2675038.54,2,fused
478420,000000478420.jpg,480x640,1,1.000000,1,1,TP,yolov8l_bsz4.ms,108.25,122.75,231.00,0.500,Light (Music + Nav),5.16,17.13,373.30,2553.00,11499.37,868.23,,0,71,33.00,654,4090273,2675038.54,2,fused
411938,000000411938.jpg,640x427,1,1.000000,1,1,TP,yolov8l_bsz4.ms,108.25,122.75,231.00,0.500,Light (Music + Nav),5.16,17.13,373.30,2553.00,11499.37,868.23,,0,71,33.00,654,4090273,2675038.54,2,fused
4134,000000004134.jpg,640x425,1,1.000000,1,1,TP,yolov8l_bsz4.ms,108.25,122.75,231.00,0.500,Light (Music + Nav),5.16,17.13,373.30,2553.00,11499.37,868.23,,0,71,33.00,654,4090273,2675038.54,2,fused
269316,000000269316.jpg,640x428,1,1.000000,1,1,TP,yolov8l_bsz4.ms,108.50,115.00,223.50,0.500,Light (Music + Nav),5.09,17.13,448.91,2471.00,11499.37,781.77,,0,71,33.00,561,4086516,2292535.48,2,fused
398742,000000398742.jpg,427x640,1,1.000000,1,1,TP,yolov8l_bsz4.ms,108.50,115.00,223.50,0.500,Light (Music + Nav),5.09,17.13,448.91,2471.00,11499.37,781.77,,0,71,33.00,561,4086516,2292535.48,2,fused
248400,000000248400.jpg,640x427,1,1.000000,1,1,TP,yolov8l_bsz4.ms,108.50,115.00,223.50,0.500,Light (Music + Nav),5.09,17.13,448.91,2471.00,11499.37,781.77,,0,71,33.00,561,4086516,2292535.48,2,fused
203864,000000203864.jpg,640x491,1,1.000000,1,1,TP,yolov8l_bsz4.ms,108.50,115.00,223.50,0.500,Light (Music + Nav),5.09,17.13,448.91,2471.00,11499.37,781.77,,0,71,33.00,561,4086516,2292535.48,2,fused
146155,000000146155.jpg,640x512,1,1.000000,1,1,TP,yolov8l_bsz4.ms,110.00,126.00,236.00,0.500,Light (Music + Nav),5.13,17.13,528.86,2406.00,11499.37,716.71,,0,71,33.00,574,4087205,2346055.67,2,fused
491090,000000491090.jpg,478x640,1,1.000000,1,1,TP,yolov8l_bsz4.ms,110.00,126.00,236.00,0.500,Light (Music + Nav),5.13,17.13,528.86,2406.00,11499.37,716.71,,0,71,33.00,574,4087205,2346055.67,2,fused
11699,000000011699.jpg,480x640,1,1.000000,1,1,TP,yolov8l_bsz4.ms,110.00,126.00,236.00,0.500,Light (Music + Nav),5.13,17.13,528.86,2406.00,11499.37,716.71,,0,71,33.00,574,4087205,2346055.67,2,fused
271402,000000271402.jpg,424x640,1,1.000000,1,1,TP,yolov8l_bsz4.ms,110.00,126.00,236.00,0.500,Light (Music + Nav),5.13,17.13,528.86,2406.00,11499.37,716.71,,0,71,33.00,574,4087205,2346055.67,2,fused
406129,000000406129.jpg,428x640,1,1.000000,1,1,TP,yolov8l_bsz4.ms,108.00,112.75,220.75,0.500,Light (Music + Nav),5.17,16.85,351.18,2589.00,11499.37,896.83,,0,71,33.00,597,4088194,2440651.82,2,fused
457559,000000457559.jpg,640x427,1,1.000000,1,1,TP,yolov8l_bsz4.ms,108.00,112.75,220.75,0.500,Light (Music + Nav),5.17,16.85,351.18,2589.00,11499.37,896.83,,0,71,33.00,597,4088194,2440651.82,2,fused
142238,000000142238.jpg,640x427,1,1.000000,1,1,TP,yolov8l_bsz4.ms,108.00,112.75,220.75,0.500,Light (Music + Nav),5.17,16.85,351.18,2589.00,11499.37,896.83,,0,71,33.00,597,4088194,2440651.82,2,fused
479953,000000479953.jpg,640x393,1,1.000000,1,1,TP,yolov8l_bsz4.ms,108.00,112.75,220.75,0.500,Light (Music + Nav),5.17,16.85,351.18,2589.00,11499.37,896.83,,0,71,33.00,597,4088194,2440651.82,2,fused
273760,000000273760.jpg,467x640,1,1.000000,1,1,TP,yolov8l_bsz4.ms,107.75,94.25,202.00,0.500,Light (Music + Nav),5.12,16.85,424.66,2522.00,11499.37,828.17,,0,71,33.00,192,4074152,782237.18,2,fused
382009,000000382009.jpg,640x427,1,1.000000,1,1,TP,yolov8l_bsz4.ms,107.75,94.25,202.00,0.500,Light (Music + Nav),5.12,16.85,424.66,2522.00,11499.37,828.17,,0,71,33.00,192,4074152,782237.18,2,fused
75612,000000075612.jpg,640x480,1,1.000000,1,1,TP,yolov8l_bsz4.ms,107.75,94.25,202.00,0.500,Light (Music + Nav),5.12,16.85,424.66,2522.00,11499.37,828.17,,0,71,33.00,192,4074152,782237.18,2,fused
383842,000000383842.jpg,640x434,1,1.000000,1,1,TP,yolov8l_bsz4.ms,107.75,94.25,202.00,0.500,Light (Music + Nav),5.12,16.85,424.66,2522.00,11499.37,828.17,,0,71,33.00,192,4074152,782237.18,2,fused
463918,000000463918.jpg,500x359,1,1.000000,1,1,TP,yolov8l_bsz4.ms,107.75,103.00,210.75,0.500,Light (Music + Nav),8.58,16.92,503.61,2447.00,11499.37,745.79,,0,71,33.00,199,4073793,810684.81,2,fused
400794,000000400794.jpg,426x640,1,1.000000,1,1,TP,yolov8l_bsz4.ms,107.75,103.00,210.75,0.500,Light (Music + Nav),8.58,16.92,503.61,2447.00,11499.37,745.79,,0,71,33.00,199,4073793,810684.81,2,fused
144003,000000144003.jpg,500x375,1,1.000000,1,1,TP,yolov8l_bsz4.ms,107.75,103.00,210.75,0.500,Light (Music + Nav),8.58,16.92,503.61,2447.00,11499.37,745.79,,0,71,33.00,199,4073793,810684.81,2,fused
477288,000000477288.jpg,480x640,1,1.000000,1,1,TP,yolov8l_bsz4.ms,107.75,103.00,210.75,0.500,Light (Music + Nav),8.58,16.92,503.61,2447.00,11499.37,745.79,,0,71,33.00,199,4073793,810684.81,2,fused
482800,000000482800.jpg,640x457,1,1.000000,1,1,TP,yolov8l_bsz4.ms,107.75,92.75,200.50,0.500,Light (Music + Nav),5.83,16.92,372.99,2585.00,11499.37,881.62,,0,71,33.00,378,4079743,1542142.85,2,fused
479126,000000479126.jpg,640x427,1,1.000000,1,1,TP,yolov8l_bsz4.ms,107.75,92.75,200.50,0.500,Light (Music + Nav),5.83,16.92,372.99,2585.00,11499.37,881.62,,0,71,33.00,378,4079743,1542142.85,2,fused
162732,000000162732.jpg,640x427,1,1.000000,1,1,TP,yolov8l_bsz4.ms,107.75,92.75,200.50,0.500,Light (Music + Nav),5.83,16.92,372.99,2585.00,11499.37,881.62,,0,71,33.00,378,4079743,1542142.85,2,fused
516318,000000516318.jpg,640x427,1,1.000000,1,1,TP,yolov8l_bsz4.ms,107.75,92.75,200.50,0.500,Light (Music + Nav),5.83,16.92,372.99,2585.00,11499.37,881.62,,0,71,33.00,378,4079743,1542142.85,2,fused
209530,000000209530.jpg,640x428,1,1.000000,1,1,TP,yolov8l_bsz4.ms,112.75,106.75,219.50,0.500,Light (Music + Nav),5.27,15.65,443.13,2501.00,11499.37,794.96,,0,71,33.00,580,4087095,2370515.10,2,fused
266892,000000266892.jpg,640x427,1,1.000000,1,1,TP,yolov8l_bsz4.ms,112.75,106.75,219.50,0.500,Light (Music + Nav),5.27,15.65,443.13,2501.00,11499.37,794.96,,0,71,33.00,580,4087095,2370515.10,2,fused
515828,000000515828.jpg,640x429,1,1.000000,1,1,TP,yolov8l_bsz4.ms,112.75,106.75,219.50,0.500,Light (Music + Nav),5.27,15.65,443.13,2501.00,11499.37,794.96,,0,71,33.00,580,4087095,2370515.10,2,fused
429761,000000429761.jpg,640x428,1,1.000000,1,1,TP,yolov8l_bsz4.ms,112.75,106.75,219.50,0.500,Light (Music + Nav),5.27,15.65,443.13,2501.00,11499.37,794.96,,0,71,33.00,580,4087095,2370515.10,2,fused
116068,000000116068.jpg,500x375,1,1.000000,1,1,TP,yolov8l_bsz4.ms,108.25,116.00,224.25,0.500,Light (Music + Nav),5.41,15.65,348.18,2601.00,11499.37,896.43,,0,71,33.00,651,4089775,2662443.52,2,fused
546475,000000546475.jpg,383x640,1,1.000000,1,1,TP,yolov8l_bsz4.ms,108.25,116.00,224.25,0.500,Light (Music + Nav),5.41,15.65,348.18,2601.00,11499.37,896.43,,0,71,33.00,651,4089775,2662443.52,2,fused
177489,000000177489.jpg,640x478,1,1.000000,1,1,TP,yolov8l_bsz4.ms,108.25,116.00,224.25,0.500,Light (Music + Nav),5.41,15.65,348.18,2601.00,11499.37,896.43,,0,71,33.00,651,4089775,2662443.52,2,fused
568213,000000568213.jpg,500x325,1,1.000000,1,1,TP,yolov8l_bsz4.ms,108.25,116.00,224.25,0.500,Light (Music + Nav),5.41,15.65,348.18,2601.00,11499.37,896.43,,0,71,33.00,651,4089775,2662443.52,2,fused
350679,000000350679.jpg,640x428,1,1.000000,1,1,TP,yolov8l_bsz4.ms,109.75,115.25,225.00,0.500,Light (Music + Nav),5.24,15.65,422.29,2524.00,11499.37,815.09,,0,71,33.00,572,4087216,2337887.55,2,fused
376093,000000376093.jpg,640x480,1,1.000000,1,1,TP,yolov8l_bsz4.ms,109.75,115.25,225.00,0.500,Light (Music + Nav),5.24,15.65,422.29,2524.00,11499.37,815.09,,0,71,33.00,572,4087216,2337887.55,2,fused
25386,000000025386.jpg,427x640,1,1.000000,1,1,TP,yolov8l_bsz4.ms,109.75,115.25,225.00,0.500,Light (Music + Nav),5.24,15.65,422.29,2524.00,11499.37,815.09,,0,71,33.00,572,4087216,2337887.55,2,fused
338905,000000338905.jpg,480x360,1,1.000000,1,1,TP,yolov8l_bsz4.ms,109.75,115.25,225.00,0.500,Light (Music + Nav),5.24,15.65,422.29,2524.00,11499.37,815.09,,0,71,33.00,572,4087216,2337887.55,2,fused
32334,000000032334.jpg,640x480,1,1.000000,1,1,TP,yolov8l_bsz4.ms,108.50,116.75,225.25,0.500,Light (Music + Nav),5.29,15.21,356.28,2593.00,11499.37,885.34,,0,71,33.00,529,4085767,2161370.74,2,fused
438907,000000438907.jpg,458x640,1,1.000000,1,1,TP,yolov8l_bsz4.ms,108.50,116.75,225.25,0.500,Light (Music + Nav),5.29,15.21,356.28,2593.00,11499.37,885.34,,0,71,33.00,529,4085767,2161370.74,2,fused
471893,000000471893.jpg,640x442,1,1.000000,1,1,TP,yolov8l_bsz4.ms,108.50,116.75,225.25,0.500,Light (Music + Nav),5.29,15.21,356.28,2593.00,11499.37,885.34,,0,71,33.00,529,4085767,2161370.74,2,fused
189475,000000189475.jpg,500x375,1,1.000000,1,1,TP,yolov8l_bsz4.ms,108.50,116.75,225.25,0.500,Light (Music + Nav),5.29,15.21,356.28,2593.00,11499.37,885.34,,0,71,33.00,529,4085767,2161370.74,2,fused
271116,000000271116.jpg,640x424,1,1.000000,1,1,TP,yolov8l_bsz4.ms,108.25,112.50,220.75,0.500,Light (Music + Nav),5.25,15.21,422.91,2521.00,11499.37,811.76,,0,71,33.00,625,4089187,2555741.88,2,fused
48396,000000048396.jpg,640x427,1,1.000000,1,1,TP,yolov8l_bsz4.ms,108.25,112.50,220.75,0.500,Light (Music + Nav),5.25,15.21,422.91,2521.00,11499.37,811.76,,0,71,33.00,625,4089187,2555741.88,2,fused
274460,000000274460.jpg,640x454,1,1.000000,1,1,TP,yolov8l_bsz4.ms,108.25,112.50,220.75,0.500,Light (Music + Nav),5.25,15.21,422.91,2521.00,11499.37,811.76,,0,71,33.00,625,4089187,2555741.88,2,fused
274066,000000274066.jpg,640x427,1,1.000000,1,1,TP,yolov8l_bsz4.ms,108.25,112.50,220.75,0.500,Light (Music + Nav),5.25,15.21,422.91,2521.00,11499.37,811.76,,0,71,33.00,625,4089187,2555741.88,2,fused
146667,000000146667.jpg,640x539,1,1.000000,1,1,TP,yolov8l_bsz4.ms,108.75,119.75,228.50,0.500,Light (Music + Nav),5.25,15.33,366.79,2582.00,11499.37,871.25,,0,71,33.00,596,4087992,2436443.23,2,fused
242946,000000242946.jpg,640x480,1,1.000000,1,1,TP,yolov8l_bsz4.ms,108.75,119.75,228.50,0.500,Light (Music + Nav),5.25,15.33,366.79,2582.00,11499.37,871.25,,0,71,33.00,596,4087992,2436443.23,2,fused
135604,000000135604.jpg,640x427,1,1.000000,1,1,TP,yolov8l_bsz4.ms,108.75,119.75,228.50,0.500,Light (Music + Nav),5.25,15.33,366.79,2582.00,11499.37,871.25,,0,71,33.00,596,4087992,2436443.23,2,fused
225405,000000225405.jpg,640x471,1,1.000000,1,1,TP,yolov8l_bsz4.ms,108.75,119.75,228.50,0.500,Light (Music + Nav),5.25,15.33,366.79,2582.00,11499.37,871.25,,0,71,33.00,596,4087992,2436443.23,2,fused
231879,000000231879.jpg,640x426,1,1.000000,1,1,TP,yolov8l_bsz4.ms,108.50,124.00,232.50,0.500,Light (Music + Nav),5.24,15.33,289.06,2653.00,11499.37,933.96,,0,71,33.00,611,4088486,2498064.95,2,fused
18491,000000018491.jpg,640x427,1,1.000000,1,1,TP,yolov8l_bsz4.ms,108.50,124.00,232.50,0.500,Light (Music + Nav),5.24,15.33,289.06,2653.00,11499.37,933.96,,0,71,33.00,611,4088486,2498064.95,2,fused
393056,000000393056.jpg,640x480,1,1.000000,1,1,TP,yolov8l_bsz4.ms,108.50,124.00,232.50,0.500,Light (Music + Nav),5.24,15.33,289.06,2653.00,11499.37,933.96,,0,71,33.00,611,4088486,2498064.95,2,fused
281409,000000281409.jpg,640x427,1,1.000000,1,1,TP,yolov8l_bsz4.ms,108.50,124.00,232.50,0.500,Light (Music + Nav),5.24,15.33,289.06,2653.00,11499.37,933.96,,0,71,33.00,611,4088486,2498064.95,2,fused
484351,000000484351.jpg,640x426,1,1.000000,1,1,TP,yolov8l_bsz4.ms,108.00,124.25,232.25,0.500,Light (Music + Nav),5.25,15.68,365.79,2576.00,11499.37,859.09,,0,71,33.00,622,4088672,2543153.98,2,fused
412362,000000412362.jpg,640x499,1,1.000000,1,1,TP,yolov8l_bsz4.ms,108.00,124.25,232.25,0.500,Light (Music + Nav),5.25,15.68,365.79,2576.00,11499.37,859.09,,0,71,33.00,622,4088672,2543153.98,2,fused
25096,000000025096.jpg,375x500,1,1.000000,1,1,TP,yolov8l_bsz4.ms,108.00,124.25,232.25,0.500,Light (Music + Nav),5.25,15.68,365.79,2576.00,11499.37,859.09,,0,71,33.00,622,4088672,2543153.98,2,fused
261036,000000261036.jpg,333x500,1,1.000000,1,1,TP,yolov8l_bsz4.ms,108.00,124.25,232.25,0.500,Light (Music + Nav),5.25,15.68,365.79,2576.00,11499.37,859.09,,0,71,33.00,622,4088672,2543153.98,2,fused
451879,000000451879.jpg,500x438,1,1.000000,1,1,TP,yolov8l_bsz4.ms,109.00,111.25,220.25,0.500,Light (Music + Nav),5.23,15.68,366.04,2575.00,11499.37,857.03,,0,71,33.00,454,4082695,1853543.53,2,fused
485480,000000485480.jpg,640x281,1,1.000000,1,1,TP,yolov8l_bsz4.ms,109.00,111.25,220.25,0.500,Light (Music + Nav),5.23,15.68,366.04,2575.00,11499.37,857.03,,0,71,33.00,454,4082695,1853543.53,2,fused
318138,000000318138.jpg,480x640,1,1.000000,1,1,TP,yolov8l_bsz4.ms,109.00,111.25,220.25,0.500,Light (Music + Nav),5.23,15.68,366.04,2575.00,11499.37,857.03,,0,71,33.00,454,4082695,1853543.53,2,fused
323496,000000323496.jpg,500x398,1,1.000000,1,1,TP,yolov8l_bsz4.ms,109.00,111.25,220.25,0.500,Light (Music + Nav),5.23,15.68,366.04,2575.00,11499.37,857.03,,0,71,33.00,454,4082695,1853543.53,2,fused
170955,000000170955.jpg,640x427,1,1.000000,1,1,TP,yolov8l_bsz4.ms,108.75,119.75,228.50,0.500,Light (Music + Nav),6.18,19.41,344.67,2605.00,11499.37,886.51,,0,71,33.00,571,4087046,2333703.27,2,fused
100238,000000100238.jpg,640x480,1,1.000000,1,1,TP,yolov8l_bsz4.ms,108.75,119.75,228.50,0.500,Light (Music + Nav),6.18,19.41,344.67,2605.00,11499.37,886.51,,0,71,33.00,571,4087046,2333703.27,2,fused
493905,000000493905.jpg,571x640,1,1.000000,1,1,TP,yolov8l_bsz4.ms,108.75,119.75,228.50,0.500,Light (Music + Nav),6.18,19.41,344.67,2605.00,11499.37,886.51,,0,71,33.00,571,4087046,2333703.27,2,fused
416451,000000416451.jpg,640x480,1,1.000000,1,1,TP,yolov8l_bsz4.ms,108.75,119.75,228.50,0.500,Light (Music + Nav),6.18,19.41,344.67,2605.00,11499.37,886.51,,0,71,33.00,571,4087046,2333703.27,2,fused
447088,000000447088.jpg,500x333,1,1.000000,1,1,TP,yolov8l_bsz4.ms,108.25,123.75,232.00,0.500,Light (Music + Nav),5.91,19.41,288.73,2655.00,11499.37,930.99,,0,71,33.00,527,4085589,2153105.40,2,fused
470924,000000470924.jpg,640x480,1,1.000000,1,1,TP,yolov8l_bsz4.ms,108.25,123.75,232.00,0.500,Light (Music + Nav),5.91,19.41,288.73,2655.00,11499.37,930.99,,0,71,33.00,527,4085589,2153105.40,2,fused
463618,000000463618.jpg,640x451,1,1.000000,1,1,TP,yolov8l_bsz4.ms,108.25,123.75,232.00,0.500,Light (Music + Nav),5.91,19.41,288.73,2655.00,11499.37,930.99,,0,71,33.00,527,4085589,2153105.40,2,fused
523957,000000523957.jpg,640x427,1,1.000000,1,1,TP,yolov8l_bsz4.ms,108.25,123.75,232.00,0.500,Light (Music + Nav),5.91,19.41,288.73,2655.00,11499.37,930.99,,0,71,33.00,527,4085589,2153105.40,2,fused
84674,000000084674.jpg,480x640,1,1.000000,1,1,TP,yolov8l_bsz4.ms,107.50,104.00,211.50,0.500,Light (Music + Nav),5.48,16.71,365.66,2583.00,11499.37,858.78,,0,71,33.00,153,4072357,623070.62,2,fused
246883,000000246883.jpg,640x480,1,1.000000,1,1,TP,yolov8l_bsz4.ms,107.50,104.00,211.50,0.500,Light (Music + Nav),5.48,16.71,365.66,2583.00,11499.37,858.78,,0,71,33.00,153,4072357,623070.62,2,fused
571598,000000571598.jpg,640x480,1,1.000000,1,1,TP,yolov8l_bsz4.ms,107.50,104.00,211.50,0.500,Light (Music + Nav),5.48,16.71,365.66,2583.00,11499.37,858.78,,0,71,33.00,153,4072357,623070.62,2,fused
275749,000000275749.jpg,500x375,1,1.000000,1,1,TP,yolov8l_bsz4.ms,107.50,104.00,211.50,0.500,Light (Music + Nav),5.48,16.71,365.66,2583.00,11499.37,858.78,,0,71,33.00,153,4072357,623070.62,2,fused
371552,000000371552.jpg,640x427,1,1.000000,1,1,TP,yolov8l_bsz4.ms,113.50,97.00,210.50,0.500,Light (Music + Nav),5.26,16.71,366.12,2586.00,11499.37,862.86,,0,71,33.00,369,4078853,1505096.76,2,fused
509451,000000509451.jpg,500x375,1,1.000000,1,1,TP,yolov8l_bsz4.ms,113.50,97.00,210.50,0.500,Light (Music + Nav),5.26,16.71,366.12,2586.00,11499.37,862.86,,0,71,33.00,369,4078853,1505096.76,2,fused
309964,000000309964.jpg,640x427,1,1.000000,1,1,TP,yolov8l_bsz4.ms,113.50,97.00,210.50,0.500,Light (Music + Nav),5.26,16.71,366.12,2586.00,11499.37,862.86,,0,71,33.00,369,4078853,1505096.76,2,fused
53626,000000053626.jpg,640x480,1,1.000000,1,1,TP,yolov8l_bsz4.ms,113.50,97.00,210.50,0.500,Light (Music + Nav),5.26,16.71,366.12,2586.00,11499.37,862.86,,0,71,33.00,369,4078853,1505096.76,2,fused
568195,000000568195.jpg,427x640,1,1.000000,1,1,TP,yolov8l_bsz4.ms,107.00,105.25,212.25,0.500,Light (Music + Nav),5.26,16.71,343.61,2608.00,11499.37,880.39,,0,71,33.00,453,4082293,1849278.73,2,fused
373382,000000373382.jpg,480x640,1,1.000000,1,1,TP,yolov8l_bsz4.ms,107.00,105.25,212.25,0.500,Light (Music + Nav),5.26,16.71,343.61,2608.00,11499.37,880.39,,0,71,33.00,453,4082293,1849278.73,2,fused
304404,000000304404.jpg,640x428,1,1.000000,1,1,TP,yolov8l_bsz4.ms,107.00,105.25,212.25,0.500,Light (Music + Nav),5.26,16.71,343.61,2608.00,11499.37,880.39,,0,71,33.00,453,4082293,1849278.73,2,fused
397354,000000397354.jpg,640x480,1,1.000000,1,1,TP,yolov8l_bsz4.ms,107.00,105.25,212.25,0.500,Light (Music + Nav),5.26,16.71,343.61,2608.00,11499.37,880.39,,0,71,33.00,453,4082293,1849278.73,2,fused
44279,000000044279.jpg,640x425,1,1.000000,1,1,TP,yolov8l_bsz4.ms,107.50,98.00,205.50,0.500,Light (Music + Nav),5.26,15.76,289.71,2668.00,11499.37,939.25,,0,71,33.00,239,4075108,973950.81,2,fused
513567,000000513567.jpg,640x480,1,1.000000,1,1,TP,yolov8l_bsz4.ms,107.50,98.00,205.50,0.500,Light (Music + Nav),5.26,15.76,289.71,2668.00,11499.37,939.25,,0,71,33.00,239,4075108,973950.81,2,fused
33221,000000033221.jpg,500x333,1,1.000000,1,1,TP,yolov8l_bsz4.ms,107.50,98.00,205.50,0.500,Light (Music + Nav),5.26,15.76,289.71,2668.00,11499.37,939.25,,0,71,33.00,239,4075108,973950.81,2,fused
237071,000000237071.jpg,640x427,1,1.000000,1,1,TP,yolov8l_bsz4.ms,107.50,98.00,205.50,0.500,Light (Music + Nav),5.26,15.76,289.71,2668.00,11499.37,939.25,,0,71,33.00,239,4075108,973950.81,2,fused
85772,000000085772.jpg,640x427,1,1.000000,1,1,TP,yolov8l_bsz4.ms,108.25,118.50,226.75,0.500,Light (Music + Nav),5.19,15.76,365.30,2588.00,11499.37,855.45,,0,71,33.00,525,4084633,2144432.33,2,fused
474021,000000474021.jpg,500x375,1,1.000000,1,1,TP,yolov8l_bsz4.ms,108.25,118.50,226.75,0.500,Light (Music + Nav),5.19,15.76,365.30,2588.00,11499.37,855.45,,0,71,33.00,525,4084633,2144432.33,2,fused
203629,000000203629.jpg,640x427,1,1.000000,1,1,TP,yolov8l_bsz4.ms,108.25,118.50,226.75,0.500,Light (Music + Nav),5.19,15.76,365.30,2588.00,11499.37,855.45,,0,71,33.00,525,4084633,2144432.33,2,fused
276018,000000276018.jpg,416x640,1,1.000000,1,1,TP,yolov8l_bsz4.ms,108.25,118.50,226.75,0.500,Light (Music + Nav),5.19,15.76,365.30,2588.00,11499.37,855.45,,0,71,33.00,525,4084633,2144432.33,2,fused
275198,000000275198.jpg,640x480,1,1.000000,1,1,TP,yolov8l_bsz4.ms,109.50,131.50,241.00,0.500,Light (Music + Nav),5.23,16.26,364.25,2559.00,11499.37,825.64,,0,71,33.00,613,4088215,2506075.79,2,fused
153797,000000153797.jpg,500x400,1,1.000000,1,1,TP,yolov8l_bsz4.ms,109.50,131.50,241.00,0.500,Light (Music + Nav),5.23,16.26,364.25,2559.00,11499.37,825.64,,0,71,33.00,613,4088215,2506075.79,2,fused
296222,000000296222.jpg,640x480,1,1.000000,1,1,TP,yolov8l_bsz4.ms,109.50,131.50,241.00,0.500,Light (Music + Nav),5.23,16.26,364.25,2559.00,11499.37,825.64,,0,71,33.00,613,4088215,2506075.79,2,fused
382125,000000382125.jpg,640x480,1,1.000000,1,1,TP,yolov8l_bsz4.ms,109.50,131.50,241.00,0.500,Light (Music + Nav),5.23,16.26,364.25,2559.00,11499.37,825.64,,0,71,33.00,613,4088215,2506075.79,2,fused
213171,000000213171.jpg,375x500,1,1.000000,1,1,TP,yolov8l_bsz4.ms,107.50,111.00,218.50,0.500,Light (Music + Nav),5.31,16.26,342.97,2581.00,11499.37,843.52,,0,71,33.00,573,4086706,2341682.54,2,fused
468332,000000468332.jpg,640x424,1,1.000000,1,1,TP,yolov8l_bsz4.ms,107.50,111.00,218.50,0.500,Light (Music + Nav),5.31,16.26,342.97,2581.00,11499.37,843.52,,0,71,33.00,573,4086706,2341682.54,2,fused
182923,000000182923.jpg,375x500,1,1.000000,1,1,TP,yolov8l_bsz4.ms,107.50,111.00,218.50,0.500,Light (Music + Nav),5.31,16.26,342.97,2581.00,11499.37,843.52,,0,71,33.00,573,4086706,2341682.54,2,fused
578871,000000578871.jpg,480x640,1,1.000000,1,1,TP,yolov8l_bsz4.ms,107.50,111.00,218.50,0.500,Light (Music + Nav),5.31,16.26,342.97,2581.00,11499.37,843.52,,0,71,33.00,573,4086706,2341682.54,2,fused
442161,000000442161.jpg,500x375,1,1.000000,1,1,TP,yolov8l_bsz4.ms,108.75,87.25,196.00,0.500,Light (Music + Nav),5.26,18.11,288.55,2636.00,11499.37,900.89,,0,71,33.00,132,4070211,537267.85,2,fused
92416,000000092416.jpg,480x640,1,1.000000,1,1,TP,yolov8l_bsz4.ms,108.75,87.25,196.00,0.500,Light (Music + Nav),5.26,18.11,288.55,2636.00,11499.37,900.89,,0,71,33.00,132,4070211,537267.85,2,fused
529122,000000529122.jpg,500x281,1,1.000000,1,1,TP,yolov8l_bsz4.ms,108.75,87.25,196.00,0.500,Light (Music + Nav),5.26,18.11,288.55,2636.00,11499.37,900.89,,0,71,33.00,132,4070211,537267.85,2,fused
447917,000000447917.jpg,640x362,1,1.000000,1,1,TP,yolov8l_bsz4.ms,108.75,87.25,196.00,0.500,Light (Music + Nav),5.26,18.11,288.55,2636.00,11499.37,900.89,,0,71,33.00,132,4070211,537267.85,2,fused
245026,000000245026.jpg,640x424,1,1.000000,1,1,TP,yolov8l_bsz4.ms,107.75,91.25,199.00,0.500,Light (Music + Nav),5.18,18.11,365.51,2548.00,11499.37,808.64,,0,71,33.00,196,4071721,798057.32,2,fused
60507,000000060507.jpg,640x427,1,1.000000,1,1,TP,yolov8l_bsz4.ms,107.75,91.25,199.00,0.500,Light (Music + Nav),5.18,18.11,365.51,2548.00,11499.37,808.64,,0,71,33.00,196,4071721,798057.32,2,fused
465822,000000465822.jpg,500x375,1,1.000000,1,1,TP,yolov8l_bsz4.ms,107.75,91.25,199.00,0.500,Light (Music + Nav),5.18,18.11,365.51,2548.00,11499.37,808.64,,0,71,33.00,196,4071721,798057.32,2,fused
199771,000000199771.jpg,640x425,1,1.000000,1,1,TP,yolov8l_bsz4.ms,107.75,91.25,199.00,0.500,Light (Music + Nav),5.18,18.11,365.51,2548.00,11499.37,808.64,,0,71,33.00,196,4071721,798057.32,2,fused
401244,000000401244.jpg,426x640,1,1.000000,1,1,TP,yolov8l_bsz4.ms,109.50,87.50,197.00,0.500,Light (Music + Nav),6.04,18.11,366.73,2581.00,11499.37,841.24,,0,71,33.00,126,4070130,512836.38,2,fused
81988,000000081988.jpg,640x427,1,1.000000,1,1,TP,yolov8l_bsz4.ms,109.50,87.50,197.00,0.500,Light (Music + Nav),6.04,18.11,366.73,2581.00,11499.37,841.24,,0,71,33.00,126,4070130,512836.38,2,fused
547854,000000547854.jpg,640x640,1,1.000000,1,1,TP,yolov8l_bsz4.ms,109.50,87.50,197.00,0.500,Light (Music + Nav),6.04,18.11,366.73,2581.00,11499.37,841.24,,0,71,33.00,126,4070130,512836.38,2,fused
64718,000000064718.jpg,640x464,1,1.000000,1,1,TP,yolov8l_bsz4.ms,109.50,87.50,197.00,0.500,Light (Music + Nav),6.04,18.11,366.73,2581.00,11499.37,841.24,,0,71,33.00,126,4070130,512836.38,2,fused
447187,000000447187.jpg,640x480,1,1.000000,1,1,TP,yolov8l_bsz4.ms,108.00,92.75,200.75,0.500,Light (Music + Nav),5.46,18.40,345.34,2604.00,11499.37,861.29,,0,71,33.00,169,4071608,688101.75,2,fused
343561,000000343561.jpg,640x428,1,1.000000,1,1,TP,yolov8l_bsz4.ms,108.00,92.75,200.75,0.500,Light (Music + Nav),5.46,18.40,345.34,2604.00,11499.37,861.29,,0,71,33.00,169,4071608,688101.75,2,fused
13729,000000013729.jpg,640x480,1,1.000000,1,1,TP,yolov8l_bsz4.ms,108.00,92.75,200.75,0.500,Light (Music + Nav),5.46,18.40,345.34,2604.00,11499.37,861.29,,0,71,33.00,169,4071608,688101.75,2,fused
386912,000000386912.jpg,640x480,1,0.999999,1,1,TP,yolov8l_bsz4.ms,108.00,92.75,200.75,0.500,Light (Music + Nav),5.46,18.40,345.34,2604.00,11499.37,861.29,,0,71,33.00,169,4071608,688101.75,2,fused
400573,000000400573.jpg,480x640,1,0.999999,1,1,TP,yolov8l_bsz4.ms,108.00,94.50,202.50,0.500,Light (Music + Nav),5.19,18.40,290.54,2657.00,11499.37,913.61,,0,71,33.00,214,4072461,871506.65,2,fused
544519,000000544519.jpg,640x427,1,0.999999,1,1,TP,yolov8l_bsz4.ms,108.00,94.50,202.50,0.500,Light (Music + Nav),5.19,18.40,290.54,2657.00,11499.37,913.61,,0,71,33.00,214,4072461,871506.65,2,fused
399462,000000399462.jpg,300x451,1,0.999999,1,1,TP,yolov8l_bsz4.ms,108.00,94.50,202.50,0.500,Light (Music + Nav),5.19,18.40,290.54,2657.00,11499.37,913.61,,0,71,33.00,214,4072461,871506.65,2,fused
217285,000000217285.jpg,640x427,1,0.999999,1,1,TP,yolov8l_bsz4.ms,108.00,94.50,202.50,0.500,Light (Music + Nav),5.19,18.40,290.54,2657.00,11499.37,913.61,,0,71,33.00,214,4072461,871506.65,2,fused
785,000000000785.jpg,640x425,1,0.999999,1,1,TP,yolov8l_bsz4.ms,106.50,94.00,200.50,0.500,Light (Music + Nav),5.00,18.40,366.48,2586.00,11499.37,843.57,,0,71,33.00,316,4076732,1288247.31,2,fused
578545,000000578545.jpg,640x474,1,0.999999,1,1,TP,yolov8l_bsz4.ms,106.50,94.00,200.50,0.500,Light (Music + Nav),5.00,18.40,366.48,2586.00,11499.37,843.57,,0,71,33.00,316,4076732,1288247.31,2,fused
281414,000000281414.jpg,443x640,1,0.999999,1,1,TP,yolov8l_bsz4.ms,106.50,94.00,200.50,0.500,Light (Music + Nav),5.00,18.40,366.48,2586.00,11499.37,843.57,,0,71,33.00,316,4076732,1288247.31,2,fused
80340,000000080340.jpg,640x427,1,0.999999,1,1,TP,yolov8l_bsz4.ms,106.50,94.00,200.50,0.500,Light (Music + Nav),5.00,18.40,366.48,2586.00,11499.37,843.57,,0,71,33.00,316,4076732,1288247.31,2,fused
578489,000000578489.jpg,640x480,1,0.999999,1,1,TP,yolov8l_bsz4.ms,108.50,101.25,209.75,0.500,Light (Music + Nav),5.09,16.84,365.36,2581.00,11499.37,836.81,,0,71,33.00,280,4075142,1141039.76,2,fused
89648,000000089648.jpg,640x427,1,0.999999,1,1,TP,yolov8l_bsz4.ms,108.50,101.25,209.75,0.500,Light (Music + Nav),5.09,16.84,365.36,2581.00,11499.37,836.81,,0,71,33.00,280,4075142,1141039.76,2,fused
570471,000000570471.jpg,375x500,1,0.999999,1,1,TP,yolov8l_bsz4.ms,108.50,101.25,209.75,0.500,Light (Music + Nav),5.09,16.84,365.36,2581.00,11499.37,836.81,,0,71,33.00,280,4075142,1141039.76,2,fused
59044,000000059044.jpg,640x427,1,0.999999,1,1,TP,yolov8l_bsz4.ms,108.50,101.25,209.75,0.500,Light (Music + Nav),5.09,16.84,365.36,2581.00,11499.37,836.81,,0,71,33.00,280,4075142,1141039.76,2,fused
153529,000000153529.jpg,480x640,1,0.999999,1,1,TP,yolov8l_bsz4.ms,108.00,88.75,196.75,0.500,Light (Music + Nav),5.10,16.84,343.91,2611.00,11499.37,864.09,,0,71,33.00,136,4070231,553551.42,2,fused
189752,000000189752.jpg,640x480,1,0.999999,1,1,TP,yolov8l_bsz4.ms,108.00,88.75,196.75,0.500,Light (Music + Nav),5.10,16.84,343.91,2611.00,11499.37,864.09,,0,71,33.00,136,4070231,553551.42,2,fused
290163,000000290163.jpg,512x640,1,0.999999,1,1,TP,yolov8l_bsz4.ms,108.00,88.75,196.75,0.500,Light (Music + Nav),5.10,16.84,343.91,2611.00,11499.37,864.09,,0,71,33.00,136,4070231,553551.42,2,fused
130586,000000130586.jpg,427x640,1,0.999999,1,1,TP,yolov8l_bsz4.ms,108.00,88.75,196.75,0.500,Light (Music + Nav),5.10,16.84,343.91,2611.00,11499.37,864.09,,0,71,33.00,136,4070231,553551.42,2,fused
11051,000000011051.jpg,640x536,1,0.999999,1,1,TP,yolov8l_bsz4.ms,107.50,95.25,202.75,0.500,Light (Music + Nav),5.03,17.20,290.58,2659.00,11499.37,911.14,,0,71,33.00,232,4072478,944814.90,2,fused
143572,000000143572.jpg,640x424,1,0.999999,1,1,TP,yolov8l_bsz4.ms,107.50,95.25,202.75,0.500,Light (Music + Nav),5.03,17.20,290.58,2659.00,11499.37,911.14,,0,71,33.00,232,4072478,944814.90,2,fused
388056,000000388056.jpg,500x332,1,0.999999,1,1,TP,yolov8l_bsz4.ms,107.50,95.25,202.75,0.500,Light (Music + Nav),5.03,17.20,290.58,2659.00,11499.37,911.14,,0,71,33.00,232,4072478,944814.90,2,fused
372819,000000372819.jpg,640x426,1,0.999999,1,1,TP,yolov8l_bsz4.ms,107.50,95.25,202.75,0.500,Light (Music + Nav),5.03,17.20,290.58,2659.00,11499.37,911.14,,0,71,33.00,232,4072478,944814.90,2,fused
54654,000000054654.jpg,407x640,1,0.999999,1,1,TP,yolov8l_bsz4.ms,108.00,102.75,210.75,0.500,Light (Music + Nav),4.99,17.20,366.93,2590.00,11499.37,841.71,,0,71,33.00,344,4077573,1402685.11,2,fused
413395,000000413395.jpg,640x421,1,0.999999,1,1,TP,yolov8l_bsz4.ms,108.00,102.75,210.75,0.500,Light (Music + Nav),4.99,17.20,366.93,2590.00,11499.37,841.71,,0,71,33.00,344,4077573,1402685.11,2,fused
469067,000000469067.jpg,640x480,1,0.999999,1,1,TP,yolov8l_bsz4.ms,108.00,102.75,210.75,0.500,Light (Music + Nav),4.99,17.20,366.93,2590.00,11499.37,841.71,,0,71,33.00,344,4077573,1402685.11,2,fused
203931,000000203931.jpg,428x640,1,0.999999,1,1,TP,yolov8l_bsz4.ms,108.00,102.75,210.75,0.500,Light (Music + Nav),4.99,17.20,366.93,2590.00,11499.37,841.71,,0,71,33.00,344,4077573,1402685.11,2,fused
229216,000000229216.jpg,640x426,1,0.999999,1,1,TP,yolov8l_bsz4.ms,108.00,99.50,207.50,0.500,Light (Music + Nav),5.00,17.20,363.15,2585.00,11499.37,834.68,,0,71,33.00,292,4075374,1190009.21,2,fused
323263,000000323263.jpg,640x447,1,0.999999,1,1,TP,yolov8l_bsz4.ms,108.00,99.50,207.50,0.500,Light (Music + Nav),5.00,17.20,363.15,2585.00,11499.37,834.68,,0,71,33.00,292,4075374,1190009.21,2,fused
289229,000000289229.jpg,362x500,1,0.999999,1,1,TP,yolov8l_bsz4.ms,108.00,99.50,207.50,0.500,Light (Music + Nav),5.00,17.20,363.15,2585.00,11499.37,834.68,,0,71,33.00,292,4075374,1190009.21,2,fused
376900,000000376900.jpg,480x640,1,0.999999,1,1,TP,yolov8l_bsz4.ms,108.00,99.50,207.50,0.500,Light (Music + Nav),5.00,17.20,363.15,2585.00,11499.37,834.68,,0,71,33.00,292,4075374,1190009.21,2,fused
60886,000000060886.jpg,500x333,1,0.999999,1,1,TP,yolov8l_bsz4.ms,108.25,111.50,219.75,0.500,Light (Music + Nav),5.05,16.52,342.57,2616.00,11499.37,863.63,,0,71,33.00,454,4081010,1852778.54,2,fused
63047,000000063047.jpg,640x561,1,0.999999,1,1,TP,yolov8l_bsz4.ms,108.25,111.50,219.75,0.500,Light (Music + Nav),5.05,16.52,342.57,2616.00,11499.37,863.63,,0,71,33.00,454,4081010,1852778.54,2,fused
391290,000000391290.jpg,640x426,1,0.999999,1,1,TP,yolov8l_bsz4.ms,108.25,111.50,219.75,0.500,Light (Music + Nav),5.05,16.52,342.57,2616.00,11499.37,863.63,,0,71,33.00,454,4081010,1852778.54,2,fused
93261,000000093261.jpg,500x375,1,0.999999,1,1,TP,yolov8l_bsz4.ms,108.25,111.50,219.75,0.500,Light (Music + Nav),5.05,16.52,342.57,2616.00,11499.37,863.63,,0,71,33.00,454,4081010,1852778.54,2,fused
66886,000000066886.jpg,640x427,1,0.999999,1,1,TP,yolov8l_bsz4.ms,107.75,118.25,226.00,0.500,Light (Music + Nav),5.10,16.52,288.45,2670.00,11499.37,915.90,,0,71,33.00,581,4085768,2373831.21,2,fused
480936,000000480936.jpg,482x640,1,0.999999,1,1,TP,yolov8l_bsz4.ms,107.75,118.25,226.00,0.500,Light (Music + Nav),5.10,16.52,288.45,2670.00,11499.37,915.90,,0,71,33.00,581,4085768,2373831.21,2,fused
289059,000000289059.jpg,640x480,1,0.999999,1,1,TP,yolov8l_bsz4.ms,107.75,118.25,226.00,0.500,Light (Music + Nav),5.10,16.52,288.45,2670.00,11499.37,915.90,,0,71,33.00,581,4085768,2373831.21,2,fused
8211,000000008211.jpg,640x459,1,0.999999,1,1,TP,yolov8l_bsz4.ms,107.75,118.25,226.00,0.500,Light (Music + Nav),5.10,16.52,288.45,2670.00,11499.37,915.90,,0,71,33.00,581,4085768,2373831.21,2,fused
180101,000000180101.jpg,640x480,1,0.999999,1,1,TP,yolov8l_bsz4.ms,108.50,125.50,234.00,0.500,Light (Music + Nav),8.25,18.10,368.49,2592.00,11499.37,838.20,,0,71,33.00,485,4082383,1979955.75,2,fused
5001,000000005001.jpg,640x480,1,0.999999,1,1,TP,yolov8l_bsz4.ms,108.50,125.50,234.00,0.500,Light (Music + Nav),8.25,18.10,368.49,2592.00,11499.37,838.20,,0,71,33.00,485,4082383,1979955.75,2,fused
406417,000000406417.jpg,568x640,1,0.999999,1,1,TP,yolov8l_bsz4.ms,108.50,125.50,234.00,0.500,Light (Music + Nav),8.25,18.10,368.49,2592.00,11499.37,838.20,,0,71,33.00,485,4082383,1979955.75,2,fused
280779,000000280779.jpg,640x501,1,0.999999,1,1,TP,yolov8l_bsz4.ms,108.50,125.50,234.00,0.500,Light (Music + Nav),8.25,18.10,368.49,2592.00,11499.37,838.20,,0,71,33.00,485,4082383,1979955.75,2,fused
269121,000000269121.jpg,480x640,1,0.999999,1,1,TP,yolov8l_bsz4.ms,110.75,112.00,222.75,0.500,Light (Music + Nav),6.08,18.10,366.42,2601.00,11499.37,845.61,,0,71,33.00,539,4084525,2201558.98,2,fused
463199,000000463199.jpg,640x480,1,0.999999,1,1,TP,yolov8l_bsz4.ms,110.75,112.00,222.75,0.500,Light (Music + Nav),6.08,18.10,366.42,2601.00,11499.37,845.61,,0,71,33.00,539,4084525,2201558.98,2,fused
548780,000000548780.jpg,640x427,1,0.999999,1,1,TP,yolov8l_bsz4.ms,110.75,112.00,222.75,0.500,Light (Music + Nav),6.08,18.10,366.42,2601.00,11499.37,845.61,,0,71,33.00,539,4084525,2201558.98,2,fused
500565,000000500565.jpg,640x466,1,0.999999,1,1,TP,yolov8l_bsz4.ms,110.75,112.00,222.75,0.500,Light (Music + Nav),6.08,18.10,366.42,2601.00,11499.37,845.61,,0,71,33.00,539,4084525,2201558.98,2,fused
500478,000000500478.jpg,329x640,1,0.999999,1,1,TP,yolov8l_bsz4.ms,107.50,107.25,214.75,0.500,Light (Music + Nav),5.73,18.10,342.94,2614.00,11499.37,856.56,,0,71,33.00,581,4086156,2374056.64,2,fused
534041,000000534041.jpg,500x375,1,0.999999,1,1,TP,yolov8l_bsz4.ms,107.50,107.25,214.75,0.500,Light (Music + Nav),5.73,18.10,342.94,2614.00,11499.37,856.56,,0,71,33.00,581,4086156,2374056.64,2,fused
12670,000000012670.jpg,640x428,1,0.999999,1,1,TP,yolov8l_bsz4.ms,107.50,107.25,214.75,0.500,Light (Music + Nav),5.73,18.10,342.94,2614.00,11499.37,856.56,,0,71,33.00,581,4086156,2374056.64,2,fused
22371,000000022371.jpg,425x282,1,0.999999,1,1,TP,yolov8l_bsz4.ms,107.50,107.25,214.75,0.500,Light (Music + Nav),5.73,18.10,342.94,2614.00,11499.37,856.56,,0,71,33.00,581,4086156,2374056.64,2,fused
170099,000000170099.jpg,640x478,1,0.999999,1,1,TP,yolov8l_bsz4.ms,108.50,120.00,228.50,0.500,Light (Music + Nav),5.66,15.02,288.21,2676.00,11499.37,917.59,,0,71,33.00,600,4086792,2452075.20,2,fused
203389,000000203389.jpg,640x480,1,0.999999,1,1,TP,yolov8l_bsz4.ms,108.50,120.00,228.50,0.500,Light (Music + Nav),5.66,15.02,288.21,2676.00,11499.37,917.59,,0,71,33.00,600,4086792,2452075.20,2,fused
114907,000000114907.jpg,640x425,1,0.999999,1,1,TP,yolov8l_bsz4.ms,108.50,120.00,228.50,0.500,Light (Music + Nav),5.66,15.02,288.21,2676.00,11499.37,917.59,,0,71,33.00,600,4086792,2452075.20,2,fused
512657,000000512657.jpg,640x427,1,0.999999,1,1,TP,yolov8l_bsz4.ms,108.50,120.00,228.50,0.500,Light (Music + Nav),5.66,15.02,288.21,2676.00,11499.37,917.59,,0,71,33.00,600,4086792,2452075.20,2,fused
482319,000000482319.jpg,640x480,1,0.999999,1,1,TP,yolov8l_bsz4.ms,108.50,111.75,220.25,0.500,Light (Music + Nav),5.49,15.02,367.44,2593.00,11499.37,831.63,,0,71,33.00,444,4081620,1812239.28,2,fused
254516,000000254516.jpg,640x427,1,0.999999,1,1,TP,yolov8l_bsz4.ms,108.50,111.75,220.25,0.500,Light (Music + Nav),5.49,15.02,367.44,2593.00,11499.37,831.63,,0,71,33.00,444,4081620,1812239.28,2,fused
70739,000000070739.jpg,640x480,1,0.999999,1,1,TP,yolov8l_bsz4.ms,108.50,111.75,220.25,0.500,Light (Music + Nav),5.49,15.02,367.44,2593.00,11499.37,831.63,,0,71,33.00,444,4081620,1812239.28,2,fused
179898,000000179898.jpg,640x480,1,0.999999,1,1,TP,yolov8l_bsz4.ms,108.50,111.75,220.25,0.500,Light (Music + Nav),5.49,15.02,367.44,2593.00,11499.37,831.63,,0,71,33.00,444,4081620,1812239.28,2,fused
527029,000000527029.jpg,640x640,1,0.999999,1,1,TP,yolov8l_bsz4.ms,108.75,127.00,235.75,0.500,Light (Music + Nav),5.46,15.06,363.26,2602.00,11499.37,839.87,,0,71,33.00,650,4088778,2657705.70,2,fused
55528,000000055528.jpg,640x480,1,0.999999,1,1,TP,yolov8l_bsz4.ms,108.75,127.00,235.75,0.500,Light (Music + Nav),5.46,15.06,363.26,2602.00,11499.37,839.87,,0,71,33.00,650,4088778,2657705.70,2,fused
291551,000000291551.jpg,428x640,1,0.999999,1,1,TP,yolov8l_bsz4.ms,108.75,127.00,235.75,0.500,Light (Music + Nav),5.46,15.06,363.26,2602.00,11499.37,839.87,,0,71,33.00,650,4088778,2657705.70,2,fused
66771,000000066771.jpg,640x480,1,0.999999,1,1,TP,yolov8l_bsz4.ms,108.75,127.00,235.75,0.500,Light (Music + Nav),5.46,15.06,363.26,2602.00,11499.37,839.87,,0,71,33.00,650,4088778,2657705.70,2,fused
450399,000000450399.jpg,640x480,1,0.999999,1,1,TP,yolov8l_bsz4.ms,108.25,108.25,216.50,0.500,Light (Music + Nav),5.48,15.06,343.60,2615.00,11499.37,851.96,,0,71,33.00,543,4084801,2218046.94,2,fused
412286,000000412286.jpg,333x500,1,0.999999,1,1,TP,yolov8l_bsz4.ms,108.25,108.25,216.50,0.500,Light (Music + Nav),5.48,15.06,343.60,2615.00,11499.37,851.96,,0,71,33.00,543,4084801,2218046.94,2,fused
417632,000000417632.jpg,640x480,1,0.999999,1,1,TP,yolov8l_bsz4.ms,108.25,108.25,216.50,0.500,Light (Music + Nav),5.48,15.06,343.60,2615.00,11499.37,851.96,,0,71,33.00,543,4084801,2218046.94,2,fused
76468,000000076468.jpg,640x480,1,0.999999,1,1,TP,yolov8l_bsz4.ms,108.25,108.25,216.50,0.500,Light (Music + Nav),5.48,15.06,343.60,2615.00,11499.37,851.96,,0,71,33.00,543,4084801,2218046.94,2,fused
143556,000000143556.jpg,480x640,1,0.999999,1,1,TP,yolov8l_bsz4.ms,108.25,116.25,224.50,0.500,Light (Music + Nav),5.42,15.29,289.76,2674.00,11499.37,910.46,,0,71,33.00,541,4085354,2210176.51,2,fused
281754,000000281754.jpg,419x640,1,0.999999,1,1,TP,yolov8l_bsz4.ms,108.25,116.25,224.50,0.500,Light (Music + Nav),5.42,15.29,289.76,2674.00,11499.37,910.46,,0,71,33.00,541,4085354,2210176.51,2,fused
341973,000000341973.jpg,500x375,1,0.999999,1,1,TP,yolov8l_bsz4.ms,108.25,116.25,224.50,0.500,Light (Music + Nav),5.42,15.29,289.76,2674.00,11499.37,910.46,,0,71,33.00,541,4085354,2210176.51,2,fused
334417,000000334417.jpg,640x423,1,0.999999,1,1,TP,yolov8l_bsz4.ms,108.25,116.25,224.50,0.500,Light (Music + Nav),5.42,15.29,289.76,2674.00,11499.37,910.46,,0,71,33.00,541,4085354,2210176.51,2,fused
92939,000000092939.jpg,424x640,1,0.999999,1,1,TP,yolov8l_bsz4.ms,108.75,113.00,221.75,0.500,Light (Music + Nav),5.36,15.29,366.12,2598.00,11499.37,833.33,,0,71,33.00,595,4087173,2431867.94,2,fused
79969,000000079969.jpg,426x640,1,0.999999,1,1,TP,yolov8l_bsz4.ms,108.75,113.00,221.75,0.500,Light (Music + Nav),5.36,15.29,366.12,2598.00,11499.37,833.33,,0,71,33.00,595,4087173,2431867.94,2,fused
345356,000000345356.jpg,640x480,1,0.999999,1,1,TP,yolov8l_bsz4.ms,108.75,113.00,221.75,0.500,Light (Music + Nav),5.36,15.29,366.12,2598.00,11499.37,833.33,,0,71,33.00,595,4087173,2431867.94,2,fused
496854,000000496854.jpg,640x480,1,0.999999,1,1,TP,yolov8l_bsz4.ms,108.75,113.00,221.75,0.500,Light (Music + Nav),5.36,15.29,366.12,2598.00,11499.37,833.33,,0,71,33.00,595,4087173,2431867.94,2,fused
368752,000000368752.jpg,480x640,1,0.999999,1,1,TP,yolov8l_bsz4.ms,109.00,99.25,208.25,0.500,Light (Music + Nav),5.37,15.29,364.95,2616.00,11499.37,835.74,,0,71,33.00,281,4075273,1145151.71,2,fused
333745,000000333745.jpg,427x640,1,0.999999,1,1,TP,yolov8l_bsz4.ms,109.00,99.25,208.25,0.500,Light (Music + Nav),5.37,15.29,364.95,2616.00,11499.37,835.74,,0,71,33.00,281,4075273,1145151.71,2,fused
439180,000000439180.jpg,640x360,1,0.999999,1,1,TP,yolov8l_bsz4.ms,109.00,99.25,208.25,0.500,Light (Music + Nav),5.37,15.29,364.95,2616.00,11499.37,835.74,,0,71,33.00,281,4075273,1145151.71,2,fused
171382,000000171382.jpg,640x426,1,0.999999,1,1,TP,yolov8l_bsz4.ms,109.00,99.25,208.25,0.500,Light (Music + Nav),5.37,15.29,364.95,2616.00,11499.37,835.74,,0,71,33.00,281,4075273,1145151.71,2,fused
85157,000000085157.jpg,640x480,1,0.999999,1,1,TP,yolov8l_bsz4.ms,108.50,122.25,230.75,0.500,Light (Music + Nav),5.36,15.50,342.27,2644.00,11499.37,862.38,,0,71,33.00,625,4088078,2555048.75,2,fused
391140,000000391140.jpg,640x480,1,0.999999,1,1,TP,yolov8l_bsz4.ms,108.50,122.25,230.75,0.500,Light (Music + Nav),5.36,15.50,342.27,2644.00,11499.37,862.38,,0,71,33.00,625,4088078,2555048.75,2,fused
329323,000000329323.jpg,425x640,1,0.999998,1,1,TP,yolov8l_bsz4.ms,108.50,122.25,230.75,0.500,Light (Music + Nav),5.36,15.50,342.27,2644.00,11499.37,862.38,,0,71,33.00,625,4088078,2555048.75,2,fused
183716,000000183716.jpg,353x500,1,0.999998,1,1,TP,yolov8l_bsz4.ms,108.50,122.25,230.75,0.500,Light (Music + Nav),5.36,15.50,342.27,2644.00,11499.37,862.38,,0,71,33.00,625,4088078,2555048.75,2,fused
301563,000000301563.jpg,640x428,1,0.999998,1,1,TP,yolov8l_bsz4.ms,108.25,112.00,220.25,0.500,Light (Music + Nav),5.01,15.50,290.25,2686.00,11499.37,902.29,,0,71,33.00,483,4083478,1972319.87,2,fused
58350,000000058350.jpg,640x480,1,0.999998,1,1,TP,yolov8l_bsz4.ms,108.25,112.00,220.25,0.500,Light (Music + Nav),5.01,15.50,290.25,2686.00,11499.37,902.29,,0,71,33.00,483,4083478,1972319.87,2,fused
290248,000000290248.jpg,640x480,1,0.999998,1,1,TP,yolov8l_bsz4.ms,108.25,112.00,220.25,0.500,Light (Music + Nav),5.01,15.50,290.25,2686.00,11499.37,902.29,,0,71,33.00,483,4083478,1972319.87,2,fused
532058,000000532058.jpg,640x480,1,0.999998,1,1,TP,yolov8l_bsz4.ms,108.25,112.00,220.25,0.500,Light (Music + Nav),5.01,15.50,290.25,2686.00,11499.37,902.29,,0,71,33.00,483,4083478,1972319.87,2,fused
183648,000000183648.jpg,640x428,1,0.999998,1,1,TP,yolov8l_bsz4.ms,108.25,119.25,227.50,0.500,Light (Music + Nav),5.11,15.46,366.59,2616.00,11499.37,830.65,,0,71,33.00,589,4086418,2406900.20,2,fused
414034,000000414034.jpg,640x480,1,0.999998,1,1,TP,yolov8l_bsz4.ms,108.25,119.25,227.50,0.500,Light (Music + Nav),5.11,15.46,366.59,2616.00,11499.37,830.65,,0,71,33.00,589,4086418,2406900.20,2,fused
69356,000000069356.jpg,640x505,1,0.999998,1,1,TP,yolov8l_bsz4.ms,108.25,119.25,227.50,0.500,Light (Music + Nav),5.11,15.46,366.59,2616.00,11499.37,830.65,,0,71,33.00,589,4086418,2406900.20,2,fused
139099,000000139099.jpg,640x453,1,0.999998,1,1,TP,yolov8l_bsz4.ms,108.25,119.25,227.50,0.500,Light (Music + Nav),5.11,15.46,366.59,2616.00,11499.37,830.65,,0,71,33.00,589,4086418,2406900.20,2,fused
140270,000000140270.jpg,600x400,1,0.999998,1,1,TP,yolov8l_bsz4.ms,109.50,112.50,222.00,0.500,Light (Music + Nav),5.13,15.46,365.52,2611.00,11499.37,824.18,,0,71,33.00,627,4088232,2563321.46,2,fused
342128,000000342128.jpg,488x640,1,0.999998,1,1,TP,yolov8l_bsz4.ms,109.50,112.50,222.00,0.500,Light (Music + Nav),5.13,15.46,365.52,2611.00,11499.37,824.18,,0,71,33.00,627,4088232,2563321.46,2,fused
104424,000000104424.jpg,424x640,1,0.999998,1,1,TP,yolov8l_bsz4.ms,109.50,112.50,222.00,0.500,Light (Music + Nav),5.13,15.46,365.52,2611.00,11499.37,824.18,,0,71,33.00,627,4088232,2563321.46,2,fused
132931,000000132931.jpg,640x427,1,0.999998,1,1,TP,yolov8l_bsz4.ms,109.50,112.50,222.00,0.500,Light (Music + Nav),5.13,15.46,365.52,2611.00,11499.37,824.18,,0,71,33.00,627,4088232,2563321.46,2,fused
264968,000000264968.jpg,334x500,1,0.999998,1,1,TP,yolov8l_bsz4.ms,108.25,118.00,226.25,0.500,Light (Music + Nav),5.24,15.48,343.93,2637.00,11499.37,849.86,,0,71,33.00,648,4089046,2649701.81,2,fused
117744,000000117744.jpg,359x640,1,0.999998,1,1,TP,yolov8l_bsz4.ms,108.25,118.00,226.25,0.500,Light (Music + Nav),5.24,15.48,343.93,2637.00,11499.37,849.86,,0,71,33.00,648,4089046,2649701.81,2,fused
41990,000000041990.jpg,640x480,1,0.999998,1,1,TP,yolov8l_bsz4.ms,108.25,118.00,226.25,0.500,Light (Music + Nav),5.24,15.48,343.93,2637.00,11499.37,849.86,,0,71,33.00,648,4089046,2649701.81,2,fused
22935,000000022935.jpg,640x480,1,0.999998,1,1,TP,yolov8l_bsz4.ms,108.25,118.00,226.25,0.500,Light (Music + Nav),5.24,15.48,343.93,2637.00,11499.37,849.86,,0,71,33.00,648,4089046,2649701.81,2,fused
170613,000000170613.jpg,439x640,1,0.999998,1,1,TP,yolov8l_bsz4.ms,108.75,108.00,216.75,0.500,Light (Music + Nav),5.28,15.48,289.16,2690.00,11499.37,901.32,,0,71,34.00,523,4084869,2136386.49,2,fused
156924,000000156924.jpg,500x333,1,0.999998,1,1,TP,yolov8l_bsz4.ms,108.75,108.00,216.75,0.500,Light (Music + Nav),5.28,15.48,289.16,2690.00,11499.37,901.32,,0,71,34.00,523,4084869,2136386.49,2,fused
439773,000000439773.jpg,640x480,1,0.999998,1,1,TP,yolov8l_bsz4.ms,108.75,108.00,216.75,0.500,Light (Music + Nav),5.28,15.48,289.16,2690.00,11499.37,901.32,,0,71,34.00,523,4084869,2136386.49,2,fused
441543,000000441543.jpg,640x403,1,0.999998,1,1,TP,yolov8l_bsz4.ms,108.75,108.00,216.75,0.500,Light (Music + Nav),5.28,15.48,289.16,2690.00,11499.37,901.32,,0,71,34.00,523,4084869,2136386.49,2,fused
117492,000000117492.jpg,640x428,1,0.999998,1,1,TP,yolov8l_bsz4.ms,108.00,122.25,230.25,0.500,Light (Music + Nav),5.21,15.48,366.23,2621.00,11499.37,830.57,,0,71,34.00,523,4084996,2136452.91,2,fused
156071,000000156071.jpg,640x480,1,0.999998,1,1,TP,yolov8l_bsz4.ms,108.00,122.25,230.25,0.500,Light (Music + Nav),5.21,15.48,366.23,2621.00,11499.37,830.57,,0,71,34.00,523,4084996,2136452.91,2,fused
257478,000000257478.jpg,500x398,1,0.999998,1,1,TP,yolov8l_bsz4.ms,108.00,122.25,230.25,0.500,Light (Music + Nav),5.21,15.48,366.23,2621.00,11499.37,830.57,,0,71,34.00,523,4084996,2136452.91,2,fused
540414,000000540414.jpg,640x480,1,0.999998,1,1,TP,yolov8l_bsz4.ms,108.00,122.25,230.25,0.500,Light (Music + Nav),5.21,15.48,366.23,2621.00,11499.37,830.57,,0,71,34.00,523,4084996,2136452.91,2,fused
6471,000000006471.jpg,500x333,1,0.999998,1,1,TP,yolov8l_bsz4.ms,110.50,126.00,236.50,0.500,Light (Music + Nav),5.23,15.18,363.57,2625.00,11499.37,832.28,,0,71,34.00,589,4087219,2407371.99,2,fused
313034,000000313034.jpg,640x480,1,0.999998,1,1,TP,yolov8l_bsz4.ms,110.50,126.00,236.50,0.500,Light (Music + Nav),5.23,15.18,363.57,2625.00,11499.37,832.28,,0,71,34.00,589,4087219,2407371.99,2,fused
98853,000000098853.jpg,427x640,1,0.999998,1,1,TP,yolov8l_bsz4.ms,110.50,126.00,236.50,0.500,Light (Music + Nav),5.23,15.18,363.57,2625.00,11499.37,832.28,,0,71,34.00,589,4087219,2407371.99,2,fused
481390,000000481390.jpg,640x480,1,0.999997,1,1,TP,yolov8l_bsz4.ms,110.50,126.00,236.50,0.500,Light (Music + Nav),5.23,15.18,363.57,2625.00,11499.37,832.28,,0,71,34.00,589,4087219,2407371.99,2,fused
441286,000000441286.jpg,640x493,1,0.999997,1,1,TP,yolov8l_bsz4.ms,108.25,123.00,231.25,0.500,Light (Music + Nav),5.33,15.18,344.56,2634.00,11499.37,839.64,,0,71,34.00,596,4087646,2436237.02,2,fused
162415,000000162415.jpg,536x640,1,0.999997,1,1,TP,yolov8l_bsz4.ms,108.25,123.00,231.25,0.500,Light (Music + Nav),5.33,15.18,344.56,2634.00,11499.37,839.64,,0,71,34.00,596,4087646,2436237.02,2,fused
434459,000000434459.jpg,640x457,1,0.999997,1,1,TP,yolov8l_bsz4.ms,108.25,123.00,231.25,0.500,Light (Music + Nav),5.33,15.18,344.56,2634.00,11499.37,839.64,,0,71,34.00,596,4087646,2436237.02,2,fused
87476,000000087476.jpg,427x640,1,0.999997,1,1,TP,yolov8l_bsz4.ms,108.25,123.00,231.25,0.500,Light (Music + Nav),5.33,15.18,344.56,2634.00,11499.37,839.64,,0,71,34.00,596,4087646,2436237.02,2,fused
517056,000000517056.jpg,640x480,1,0.999997,1,1,TP,yolov8l_bsz4.ms,108.75,118.50,227.25,0.500,Light (Music + Nav),5.28,15.72,290.15,2688.00,11499.37,892.64,,0,71,34.00,366,4079230,1492998.18,2,fused
5193,000000005193.jpg,640x425,1,0.999997,1,1,TP,yolov8l_bsz4.ms,108.75,118.50,227.25,0.500,Light (Music + Nav),5.28,15.72,290.15,2688.00,11499.37,892.64,,0,71,34.00,366,4079230,1492998.18,2,fused
320743,000000320743.jpg,640x360,1,0.999997,1,1,TP,yolov8l_bsz4.ms,108.75,118.50,227.25,0.500,Light (Music + Nav),5.28,15.72,290.15,2688.00,11499.37,892.64,,0,71,34.00,366,4079230,1492998.18,2,fused
12639,000000012639.jpg,480x640,1,0.999997,1,1,TP,yolov8l_bsz4.ms,108.75,118.50,227.25,0.500,Light (Music + Nav),5.28,15.72,290.15,2688.00,11499.37,892.64,,0,71,34.00,366,4079230,1492998.18,2,fused
58539,000000058539.jpg,640x421,1,0.999997,1,1,TP,yolov8l_bsz4.ms,109.00,126.50,235.50,0.500,Light (Music + Nav),5.28,15.72,367.04,2612.00,11499.37,816.32,,0,71,34.00,537,4085409,2193864.63,2,fused
489611,000000489611.jpg,640x622,1,0.999997,1,1,TP,yolov8l_bsz4.ms,109.00,126.50,235.50,0.500,Light (Music + Nav),5.28,15.72,367.04,2612.00,11499.37,816.32,,0,71,34.00,537,4085409,2193864.63,2,fused
297353,000000297353.jpg,640x640,1,0.999997,1,1,TP,yolov8l_bsz4.ms,109.00,126.50,235.50,0.500,Light (Music + Nav),5.28,15.72,367.04,2612.00,11499.37,816.32,,0,71,34.00,537,4085409,2193864.63,2,fused
24243,000000024243.jpg,640x480,1,0.999997,1,1,TP,yolov8l_bsz4.ms,109.00,126.50,235.50,0.500,Light (Music + Nav),5.28,15.72,367.04,2612.00,11499.37,816.32,,0,71,34.00,537,4085409,2193864.63,2,fused
403122,000000403122.jpg,427x640,1,0.999997,1,1,TP,yolov8l_bsz4.ms,112.75,87.00,199.75,0.500,Light (Music + Nav),8.42,17.50,367.52,2618.00,11499.37,820.13,,0,71,34.00,122,4069871,496524.26,2,fused
328238,000000328238.jpg,640x426,1,0.999997,1,1,TP,yolov8l_bsz4.ms,112.75,87.00,199.75,0.500,Light (Music + Nav),8.42,17.50,367.52,2618.00,11499.37,820.13,,0,71,34.00,122,4069871,496524.26,2,fused
431545,000000431545.jpg,500x334,1,0.999997,1,1,TP,yolov8l_bsz4.ms,112.75,87.00,199.75,0.500,Light (Music + Nav),8.42,17.50,367.52,2618.00,11499.37,820.13,,0,71,34.00,122,4069871,496524.26,2,fused
303653,000000303653.jpg,640x426,1,0.999997,1,1,TP,yolov8l_bsz4.ms,112.75,87.00,199.75,0.500,Light (Music + Nav),8.42,17.50,367.52,2618.00,11499.37,820.13,,0,71,34.00,122,4069871,496524.26,2,fused
343453,000000343453.jpg,640x480,1,0.999997,1,1,TP,yolov8l_bsz4.ms,107.75,105.50,213.25,0.500,Light (Music + Nav),6.25,17.50,348.35,2628.00,11499.37,829.16,,0,71,34.00,358,4078969,1460270.90,2,fused
109313,000000109313.jpg,480x640,1,0.999997,1,1,TP,yolov8l_bsz4.ms,107.75,105.50,213.25,0.500,Light (Music + Nav),6.25,17.50,348.35,2628.00,11499.37,829.16,,0,71,34.00,358,4078969,1460270.90,2,fused
118921,000000118921.jpg,640x427,1,0.999996,1,1,TP,yolov8l_bsz4.ms,107.75,105.50,213.25,0.500,Light (Music + Nav),6.25,17.50,348.35,2628.00,11499.37,829.16,,0,71,34.00,358,4078969,1460270.90,2,fused
406611,000000406611.jpg,640x480,1,0.999996,1,1,TP,yolov8l_bsz4.ms,107.75,105.50,213.25,0.500,Light (Music + Nav),6.25,17.50,348.35,2628.00,11499.37,829.16,,0,71,34.00,358,4078969,1460270.90,2,fused
329456,000000329456.jpg,640x427,1,0.999996,1,1,TP,yolov8l_bsz4.ms,107.75,96.25,204.00,0.500,Light (Music + Nav),5.68,17.50,290.78,2695.00,11499.37,894.90,,0,71,34.00,356,4079209,1452198.40,2,fused
201072,000000201072.jpg,411x640,1,0.999996,1,1,TP,yolov8l_bsz4.ms,107.75,96.25,204.00,0.500,Light (Music + Nav),5.68,17.50,290.78,2695.00,11499.37,894.90,,0,71,34.00,356,4079209,1452198.40,2,fused
97278,000000097278.jpg,457x640,1,0.999996,1,1,TP,yolov8l_bsz4.ms,107.75,96.25,204.00,0.500,Light (Music + Nav),5.68,17.50,290.78,2695.00,11499.37,894.90,,0,71,34.00,356,4079209,1452198.40,2,fused
2261,000000002261.jpg,640x427,1,0.999996,1,1,TP,yolov8l_bsz4.ms,107.75,96.25,204.00,0.500,Light (Music + Nav),5.68,17.50,290.78,2695.00,11499.37,894.90,,0,71,34.00,356,4079209,1452198.40,2,fused
14439,000000014439.jpg,640x404,1,0.999996,1,1,TP,yolov8l_bsz4.ms,108.00,102.00,210.00,0.500,Light (Music + Nav),5.42,15.70,366.49,2615.00,11499.37,813.71,,0,71,34.00,348,4078785,1419417.18,2,fused
125936,000000125936.jpg,500x327,1,0.999996,1,1,TP,yolov8l_bsz4.ms,108.00,102.00,210.00,0.500,Light (Music + Nav),5.42,15.70,366.49,2615.00,11499.37,813.71,,0,71,34.00,348,4078785,1419417.18,2,fused
213547,000000213547.jpg,480x640,1,0.999996,1,1,TP,yolov8l_bsz4.ms,108.00,102.00,210.00,0.500,Light (Music + Nav),5.42,15.70,366.49,2615.00,11499.37,813.71,,0,71,34.00,348,4078785,1419417.18,2,fused
201418,000000201418.jpg,500x375,1,0.999996,1,1,TP,yolov8l_bsz4.ms,108.00,102.00,210.00,0.500,Light (Music + Nav),5.42,15.70,366.49,2615.00,11499.37,813.71,,0,71,34.00,348,4078785,1419417.18,2,fused
196141,000000196141.jpg,640x429,1,0.999996,1,1,TP,yolov8l_bsz4.ms,109.25,119.00,228.25,0.500,Light (Music + Nav),5.48,15.70,366.19,2622.00,11499.37,819.16,,0,71,34.00,525,4084631,2144431.27,2,fused
113720,000000113720.jpg,640x426,1,0.999996,1,1,TP,yolov8l_bsz4.ms,109.25,119.00,228.25,0.500,Light (Music + Nav),5.48,15.70,366.19,2622.00,11499.37,819.16,,0,71,34.00,525,4084631,2144431.27,2,fused
210230,000000210230.jpg,640x457,1,0.999996,1,1,TP,yolov8l_bsz4.ms,109.25,119.00,228.25,0.500,Light (Music + Nav),5.48,15.70,366.19,2622.00,11499.37,819.16,,0,71,34.00,525,4084631,2144431.27,2,fused
174371,000000174371.jpg,640x511,1,0.999996,1,1,TP,yolov8l_bsz4.ms,109.25,119.00,228.25,0.500,Light (Music + Nav),5.48,15.70,366.19,2622.00,11499.37,819.16,,0,71,34.00,525,4084631,2144431.27,2,fused
132544,000000132544.jpg,640x427,1,0.999996,1,1,TP,yolov8l_bsz4.ms,108.25,108.50,216.75,0.500,Light (Music + Nav),5.45,16.22,343.41,2631.00,11499.37,827.38,,0,71,34.00,398,4080298,1623958.60,2,fused
122962,000000122962.jpg,640x424,1,0.999996,1,1,TP,yolov8l_bsz4.ms,108.25,108.50,216.75,0.500,Light (Music + Nav),5.45,16.22,343.41,2631.00,11499.37,827.38,,0,71,34.00,398,4080298,1623958.60,2,fused
546219,000000546219.jpg,640x427,1,0.999996,1,1,TP,yolov8l_bsz4.ms,108.25,108.50,216.75,0.500,Light (Music + Nav),5.45,16.22,343.41,2631.00,11499.37,827.38,,0,71,34.00,398,4080298,1623958.60,2,fused
325991,000000325991.jpg,500x334,1,0.999996,1,1,TP,yolov8l_bsz4.ms,108.25,108.50,216.75,0.500,Light (Music + Nav),5.45,16.22,343.41,2631.00,11499.37,827.38,,0,71,34.00,398,4080298,1623958.60,2,fused
184324,000000184324.jpg,640x425,1,0.999996,1,1,TP,yolov8l_bsz4.ms,108.25,111.50,219.75,0.500,Light (Music + Nav),5.41,16.22,289.73,2691.00,11499.37,885.77,,0,71,34.00,471,4083115,1923147.17,2,fused
279278,000000279278.jpg,640x429,1,0.999996,1,1,TP,yolov8l_bsz4.ms,108.25,111.50,219.75,0.500,Light (Music + Nav),5.41,16.22,289.73,2691.00,11499.37,885.77,,0,71,34.00,471,4083115,1923147.17,2,fused
110449,000000110449.jpg,500x375,1,0.999996,1,1,TP,yolov8l_bsz4.ms,108.25,111.50,219.75,0.500,Light (Music + Nav),5.41,16.22,289.73,2691.00,11499.37,885.77,,0,71,34.00,471,4083115,1923147.17,2,fused
33005,000000033005.jpg,640x426,1,0.999996,1,1,TP,yolov8l_bsz4.ms,108.25,111.50,219.75,0.500,Light (Music + Nav),5.41,16.22,289.73,2691.00,11499.37,885.77,,0,71,34.00,471,4083115,1923147.17,2,fused
547336,000000547336.jpg,640x480,1,0.999996,1,1,TP,yolov8l_bsz4.ms,108.00,121.50,229.50,0.500,Light (Music + Nav),5.37,16.39,366.73,2609.00,11499.37,802.06,,0,71,34.00,574,4086315,2345544.81,2,fused
34139,000000034139.jpg,640x480,1,0.999995,1,1,TP,yolov8l_bsz4.ms,108.00,121.50,229.50,0.500,Light (Music + Nav),5.37,16.39,366.73,2609.00,11499.37,802.06,,0,71,34.00,574,4086315,2345544.81,2,fused
326248,000000326248.jpg,640x427,1,0.999995,1,1,TP,yolov8l_bsz4.ms,108.00,121.50,229.50,0.500,Light (Music + Nav),5.37,16.39,366.73,2609.00,11499.37,802.06,,0,71,34.00,574,4086315,2345544.81,2,fused
25393,000000025393.jpg,640x480,1,0.999995,1,1,TP,yolov8l_bsz4.ms,108.00,121.50,229.50,0.500,Light (Music + Nav),5.37,16.39,366.73,2609.00,11499.37,802.06,,0,71,34.00,574,4086315,2345544.81,2,fused
409211,000000409211.jpg,640x427,1,0.999995,1,1,TP,yolov8l_bsz4.ms,108.75,100.75,209.50,0.500,Light (Music + Nav),5.31,16.39,363.50,2618.00,11499.37,809.54,,0,71,34.00,582,4086767,2378498.39,2,fused
44877,000000044877.jpg,640x427,1,0.999995,1,1,TP,yolov8l_bsz4.ms,108.75,100.75,209.50,0.500,Light (Music + Nav),5.31,16.39,363.50,2618.00,11499.37,809.54,,0,71,34.00,582,4086767,2378498.39,2,fused
293200,000000293200.jpg,640x427,1,0.999995,1,1,TP,yolov8l_bsz4.ms,108.75,100.75,209.50,0.500,Light (Music + Nav),5.31,16.39,363.50,2618.00,11499.37,809.54,,0,71,34.00,582,4086767,2378498.39,2,fused
374083,000000374083.jpg,426x640,1,0.999995,1,1,TP,yolov8l_bsz4.ms,108.75,100.75,209.50,0.500,Light (Music + Nav),5.31,16.39,363.50,2618.00,11499.37,809.54,,0,71,34.00,582,4086767,2378498.39,2,fused
457884,000000457884.jpg,640x458,1,0.999995,1,1,TP,yolov8l_bsz4.ms,107.75,122.25,230.00,0.500,Light (Music + Nav),5.34,16.39,344.85,2625.00,11499.37,816.18,,0,71,34.00,610,4088088,2493733.68,2,fused
556193,000000556193.jpg,500x333,1,0.999995,1,1,TP,yolov8l_bsz4.ms,107.75,122.25,230.00,0.500,Light (Music + Nav),5.34,16.39,344.85,2625.00,11499.37,816.18,,0,71,34.00,610,4088088,2493733.68,2,fused
468632,000000468632.jpg,640x479,1,0.999995,1,1,TP,yolov8l_bsz4.ms,107.75,122.25,230.00,0.500,Light (Music + Nav),5.34,16.39,344.85,2625.00,11499.37,816.18,,0,71,34.00,610,4088088,2493733.68,2,fused
296657,000000296657.jpg,640x427,1,0.999995,1,1,TP,yolov8l_bsz4.ms,107.75,122.25,230.00,0.500,Light (Music + Nav),5.34,16.39,344.85,2625.00,11499.37,816.18,,0,71,34.00,610,4088088,2493733.68,2,fused
200421,000000200421.jpg,640x480,1,0.999995,1,1,TP,yolov8l_bsz4.ms,108.50,132.75,241.25,0.500,Light (Music + Nav),5.39,15.88,290.69,2683.00,11499.37,872.16,,0,71,34.00,641,4089095,2621109.90,2,fused
507037,000000507037.jpg,640x480,1,0.999995,1,1,TP,yolov8l_bsz4.ms,108.50,132.75,241.25,0.500,Light (Music + Nav),5.39,15.88,290.69,2683.00,11499.37,872.16,,0,71,34.00,641,4089095,2621109.90,2,fused
288685,000000288685.jpg,640x436,1,0.999995,1,1,TP,yolov8l_bsz4.ms,108.50,132.75,241.25,0.500,Light (Music + Nav),5.39,15.88,290.69,2683.00,11499.37,872.16,,0,71,34.00,641,4089095,2621109.90,2,fused
299887,000000299887.jpg,640x480,1,0.999995,1,1,TP,yolov8l_bsz4.ms,108.50,132.75,241.25,0.500,Light (Music + Nav),5.39,15.88,290.69,2683.00,11499.37,872.16,,0,71,34.00,641,4089095,2621109.90,2,fused
9400,000000009400.jpg,640x480,1,0.999995,1,1,TP,yolov8l_bsz4.ms,108.50,121.50,230.00,0.500,Light (Music + Nav),6.09,15.88,367.43,2606.00,11499.37,793.29,,0,71,34.00,516,4084943,2107830.59,2,fused
420281,000000420281.jpg,480x640,1,0.999994,1,1,TP,yolov8l_bsz4.ms,108.50,121.50,230.00,0.500,Light (Music + Nav),6.09,15.88,367.43,2606.00,11499.37,793.29,,0,71,34.00,516,4084943,2107830.59,2,fused
519688,000000519688.jpg,521x640,1,0.999994,1,1,TP,yolov8l_bsz4.ms,108.50,121.50,230.00,0.500,Light (Music + Nav),6.09,15.88,367.43,2606.00,11499.37,793.29,,0,71,34.00,516,4084943,2107830.59,2,fused
448256,000000448256.jpg,640x426,1,0.999994,1,1,TP,yolov8l_bsz4.ms,108.50,121.50,230.00,0.500,Light (Music + Nav),6.09,15.88,367.43,2606.00,11499.37,793.29,,0,71,34.00,516,4084943,2107830.59,2,fused
537827,000000537827.jpg,640x400,1,0.999994,1,1,TP,yolov8l_bsz4.ms,110.00,121.50,231.50,0.500,Light (Music + Nav),5.48,16.05,364.16,2614.00,11499.37,800.54,,0,71,34.00,497,4084414,2029953.76,2,fused
468501,000000468501.jpg,500x375,1,0.999994,1,1,TP,yolov8l_bsz4.ms,110.00,121.50,231.50,0.500,Light (Music + Nav),5.48,16.05,364.16,2614.00,11499.37,800.54,,0,71,34.00,497,4084414,2029953.76,2,fused
492110,000000492110.jpg,640x427,1,0.999994,1,1,TP,yolov8l_bsz4.ms,110.00,121.50,231.50,0.500,Light (Music + Nav),5.48,16.05,364.16,2614.00,11499.37,800.54,,0,71,34.00,497,4084414,2029953.76,2,fused
25394,000000025394.jpg,480x640,1,0.999994,1,1,TP,yolov8l_bsz4.ms,110.00,121.50,231.50,0.500,Light (Music + Nav),5.48,16.05,364.16,2614.00,11499.37,800.54,,0,71,34.00,497,4084414,2029953.76,2,fused
410496,000000410496.jpg,427x640,1,0.999994,1,1,TP,yolov8l_bsz4.ms,108.50,108.75,217.25,0.500,Light (Music + Nav),5.68,16.05,344.79,2622.00,11499.37,807.51,,0,71,34.00,568,4086981,2321405.21,2,fused
370375,000000370375.jpg,427x640,1,0.999994,1,1,TP,yolov8l_bsz4.ms,108.50,108.75,217.25,0.500,Light (Music + Nav),5.68,16.05,344.79,2622.00,11499.37,807.51,,0,71,34.00,568,4086981,2321405.21,2,fused
204186,000000204186.jpg,640x513,1,0.999994,1,1,TP,yolov8l_bsz4.ms,108.50,108.75,217.25,0.500,Light (Music + Nav),5.68,16.05,344.79,2622.00,11499.37,807.51,,0,71,34.00,568,4086981,2321405.21,2,fused
394559,000000394559.jpg,426x640,1,0.999994,1,1,TP,yolov8l_bsz4.ms,108.50,108.75,217.25,0.500,Light (Music + Nav),5.68,16.05,344.79,2622.00,11499.37,807.51,,0,71,34.00,568,4086981,2321405.21,2,fused
163746,000000163746.jpg,640x488,1,0.999994,1,1,TP,yolov8l_bsz4.ms,108.50,134.00,242.50,0.500,Light (Music + Nav),5.59,15.17,291.32,2681.00,11499.37,864.64,,0,71,34.00,634,4089419,2592691.65,2,fused
212800,000000212800.jpg,640x427,1,0.999994,1,1,TP,yolov8l_bsz4.ms,108.50,134.00,242.50,0.500,Light (Music + Nav),5.59,15.17,291.32,2681.00,11499.37,864.64,,0,71,34.00,634,4089419,2592691.65,2,fused
422886,000000422886.jpg,640x640,1,0.999994,1,1,TP,yolov8l_bsz4.ms,108.50,134.00,242.50,0.500,Light (Music + Nav),5.59,15.17,291.32,2681.00,11499.37,864.64,,0,71,34.00,634,4089419,2592691.65,2,fused
320490,000000320490.jpg,640x426,1,0.999994,1,1,TP,yolov8l_bsz4.ms,108.50,134.00,242.50,0.500,Light (Music + Nav),5.59,15.17,291.32,2681.00,11499.37,864.64,,0,71,34.00,634,4089419,2592691.65,2,fused
231580,000000231580.jpg,640x480,1,0.999994,1,1,TP,yolov8l_bsz4.ms,108.00,113.25,221.25,0.500,Light (Music + Nav),5.44,15.17,368.19,2599.00,11499.37,781.83,,0,71,34.00,482,4083987,1968481.73,2,fused
561223,000000561223.jpg,640x427,1,0.999994,1,1,TP,yolov8l_bsz4.ms,108.00,113.25,221.25,0.500,Light (Music + Nav),5.44,15.17,368.19,2599.00,11499.37,781.83,,0,71,34.00,482,4083987,1968481.73,2,fused
86956,000000086956.jpg,480x640,1,0.999994,1,1,TP,yolov8l_bsz4.ms,108.00,113.25,221.25,0.500,Light (Music + Nav),5.44,15.17,368.19,2599.00,11499.37,781.83,,0,71,34.00,482,4083987,1968481.73,2,fused
3934,000000003934.jpg,375x500,1,0.999993,1,1,TP,yolov8l_bsz4.ms,108.00,113.25,221.25,0.500,Light (Music + Nav),5.44,15.17,368.19,2599.00,11499.37,781.83,,0,71,34.00,482,4083987,1968481.73,2,fused
6954,000000006954.jpg,640x480,1,0.999993,1,1,TP,yolov8l_bsz4.ms,110.50,116.50,227.00,0.500,Light (Music + Nav),5.45,15.66,364.50,2608.00,11499.37,789.00,,0,72,34.00,637,4089476,2604996.21,2,fused
316404,000000316404.jpg,640x445,1,0.999993,1,1,TP,yolov8l_bsz4.ms,110.50,116.50,227.00,0.500,Light (Music + Nav),5.45,15.66,364.50,2608.00,11499.37,789.00,,0,72,34.00,637,4089476,2604996.21,2,fused
47585,000000047585.jpg,424x640,1,0.999993,1,1,TP,yolov8l_bsz4.ms,110.50,116.50,227.00,0.500,Light (Music + Nav),5.45,15.66,364.50,2608.00,11499.37,789.00,,0,72,34.00,637,4089476,2604996.21,2,fused
519208,000000519208.jpg,640x406,1,0.999993,1,1,TP,yolov8l_bsz4.ms,110.50,116.50,227.00,0.500,Light (Music + Nav),5.45,15.66,364.50,2608.00,11499.37,789.00,,0,72,34.00,637,4089476,2604996.21,2,fused
18380,000000018380.jpg,640x426,1,0.999993,1,1,TP,yolov8l_bsz4.ms,108.25,115.25,223.50,0.500,Light (Music + Nav),5.40,15.66,346.29,2628.00,11499.37,807.96,,0,72,34.00,651,4089903,2662526.85,2,fused
448076,000000448076.jpg,640x480,1,0.999992,1,1,TP,yolov8l_bsz4.ms,108.25,115.25,223.50,0.500,Light (Music + Nav),5.40,15.66,346.29,2628.00,11499.37,807.96,,0,72,34.00,651,4089903,2662526.85,2,fused
885,000000000885.jpg,640x427,1,0.999992,1,1,TP,yolov8l_bsz4.ms,108.25,115.25,223.50,0.500,Light (Music + Nav),5.40,15.66,346.29,2628.00,11499.37,807.96,,0,72,34.00,651,4089903,2662526.85,2,fused
404805,000000404805.jpg,640x427,1,0.999992,1,1,TP,yolov8l_bsz4.ms,108.25,115.25,223.50,0.500,Light (Music + Nav),5.40,15.66,346.29,2628.00,11499.37,807.96,,0,72,34.00,651,4089903,2662526.85,2,fused
201426,000000201426.jpg,640x490,1,0.999992,1,1,TP,yolov8l_bsz4.ms,107.75,124.25,232.00,0.500,Light (Music + Nav),5.41,15.66,292.08,2683.00,11499.37,859.39,,0,72,34.00,615,4088811,2514618.77,2,fused
339823,000000339823.jpg,484x640,1,0.999992,1,1,TP,yolov8l_bsz4.ms,107.75,124.25,232.00,0.500,Light (Music + Nav),5.41,15.66,292.08,2683.00,11499.37,859.39,,0,72,34.00,615,4088811,2514618.77,2,fused
324258,000000324258.jpg,640x480,1,0.999992,1,1,TP,yolov8l_bsz4.ms,107.75,124.25,232.00,0.500,Light (Music + Nav),5.41,15.66,292.08,2683.00,11499.37,859.39,,0,72,34.00,615,4088811,2514618.77,2,fused
160864,000000160864.jpg,640x389,1,0.999992,1,1,TP,yolov8l_bsz4.ms,107.75,124.25,232.00,0.500,Light (Music + Nav),5.41,15.66,292.08,2683.00,11499.37,859.39,,0,72,34.00,615,4088811,2514618.77,2,fused
281759,000000281759.jpg,640x427,1,0.999992,1,1,TP,yolov8l_bsz4.ms,108.25,109.00,217.25,0.500,Light (Music + Nav),5.33,15.75,368.64,2614.00,11499.37,788.48,,0,72,34.00,408,4080737,1664940.70,2,fused
202339,000000202339.jpg,480x640,1,0.999992,1,1,TP,yolov8l_bsz4.ms,108.25,109.00,217.25,0.500,Light (Music + Nav),5.33,15.75,368.64,2614.00,11499.37,788.48,,0,72,34.00,408,4080737,1664940.70,2,fused
31217,000000031217.jpg,640x426,1,0.999992,1,1,TP,yolov8l_bsz4.ms,108.25,109.00,217.25,0.500,Light (Music + Nav),5.33,15.75,368.64,2614.00,11499.37,788.48,,0,72,34.00,408,4080737,1664940.70,2,fused
151820,000000151820.jpg,640x427,1,0.999992,1,1,TP,yolov8l_bsz4.ms,108.25,109.00,217.25,0.500,Light (Music + Nav),5.33,15.75,368.64,2614.00,11499.37,788.48,,0,72,34.00,408,4080737,1664940.70,2,fused
370677,000000370677.jpg,500x332,1,0.999991,1,1,TP,yolov8l_bsz4.ms,109.25,100.50,209.75,0.500,Light (Music + Nav),5.35,15.75,364.77,2603.00,11499.37,776.84,,0,72,34.00,496,4084621,2025972.02,2,fused
21167,000000021167.jpg,426x640,1,0.999991,1,1,TP,yolov8l_bsz4.ms,109.25,100.50,209.75,0.500,Light (Music + Nav),5.35,15.75,364.77,2603.00,11499.37,776.84,,0,72,34.00,496,4084621,2025972.02,2,fused
156643,000000156643.jpg,640x480,1,0.999991,1,1,TP,yolov8l_bsz4.ms,109.25,100.50,209.75,0.500,Light (Music + Nav),5.35,15.75,364.77,2603.00,11499.37,776.84,,0,72,34.00,496,4084621,2025972.02,2,fused
93437,000000093437.jpg,640x361,1,0.999991,1,1,TP,yolov8l_bsz4.ms,109.25,100.50,209.75,0.500,Light (Music + Nav),5.35,15.75,364.77,2603.00,11499.37,776.84,,0,72,34.00,496,4084621,2025972.02,2,fused
37988,000000037988.jpg,640x480,1,0.999991,1,1,TP,yolov8l_bsz4.ms,108.00,112.50,220.50,0.500,Light (Music + Nav),9.23,15.95,346.41,2630.00,11499.37,802.21,,0,72,34.00,527,4085623,2153123.32,2,fused
88345,000000088345.jpg,640x425,1,0.999991,1,1,TP,yolov8l_bsz4.ms,108.00,112.50,220.50,0.500,Light (Music + Nav),9.23,15.95,346.41,2630.00,11499.37,802.21,,0,72,34.00,527,4085623,2153123.32,2,fused
6771,000000006771.jpg,640x427,1,0.999991,1,1,TP,yolov8l_bsz4.ms,108.00,112.50,220.50,0.500,Light (Music + Nav),9.23,15.95,346.41,2630.00,11499.37,802.21,,0,72,34.00,527,4085623,2153123.32,2,fused
370270,000000370270.jpg,480x640,1,0.999991,1,1,TP,yolov8l_bsz4.ms,108.00,112.50,220.50,0.500,Light (Music + Nav),9.23,15.95,346.41,2630.00,11499.37,802.21,,0,72,34.00,527,4085623,2153123.32,2,fused
572620,000000572620.jpg,640x427,1,0.999991,1,1,TP,yolov8l_bsz4.ms,108.25,112.75,221.00,0.500,Light (Music + Nav),5.85,15.95,291.40,2675.00,11499.37,845.79,,0,72,34.00,520,4085473,2124445.96,2,fused
182611,000000182611.jpg,480x640,1,0.999991,1,1,TP,yolov8l_bsz4.ms,108.25,112.75,221.00,0.500,Light (Music + Nav),5.85,15.95,291.40,2675.00,11499.37,845.79,,0,72,34.00,520,4085473,2124445.96,2,fused
262895,000000262895.jpg,334x500,1,0.999991,1,1,TP,yolov8l_bsz4.ms,108.25,112.75,221.00,0.500,Light (Music + Nav),5.85,15.95,291.40,2675.00,11499.37,845.79,,0,72,34.00,520,4085473,2124445.96,2,fused
288584,000000288584.jpg,640x427,1,0.999991,1,1,TP,yolov8l_bsz4.ms,108.25,112.75,221.00,0.500,Light (Music + Nav),5.85,15.95,291.40,2675.00,11499.37,845.79,,0,72,34.00,520,4085473,2124445.96,2,fused
177065,000000177065.jpg,640x564,1,0.999991,1,1,TP,yolov8l_bsz4.ms,108.25,126.50,234.75,0.500,Light (Music + Nav),5.49,14.61,367.91,2603.00,11499.37,773.09,,0,72,34.00,623,4088974,2547430.80,2,fused
314264,000000314264.jpg,480x640,1,0.999991,1,1,TP,yolov8l_bsz4.ms,108.25,126.50,234.75,0.500,Light (Music + Nav),5.49,14.61,367.91,2603.00,11499.37,773.09,,0,72,34.00,623,4088974,2547430.80,2,fused
99242,000000099242.jpg,640x426,1,0.999990,1,1,TP,yolov8l_bsz4.ms,108.25,126.50,234.75,0.500,Light (Music + Nav),5.49,14.61,367.91,2603.00,11499.37,773.09,,0,72,34.00,623,4088974,2547430.80,2,fused
506656,000000506656.jpg,640x480,1,0.999990,1,1,TP,yolov8l_bsz4.ms,108.25,126.50,234.75,0.500,Light (Music + Nav),5.49,14.61,367.91,2603.00,11499.37,773.09,,0,72,34.00,623,4088974,2547430.80,2,fused
507975,000000507975.jpg,640x480,1,0.999990,1,1,TP,yolov8l_bsz4.ms,110.00,117.00,227.00,0.500,Light (Music + Nav),5.39,14.61,365.98,2602.00,11499.37,771.05,,0,72,34.00,596,4088228,2436583.89,2,fused
483999,000000483999.jpg,640x428,1,0.999990,1,1,TP,yolov8l_bsz4.ms,110.00,117.00,227.00,0.500,Light (Music + Nav),5.39,14.61,365.98,2602.00,11499.37,771.05,,0,72,34.00,596,4088228,2436583.89,2,fused
21604,000000021604.jpg,512x640,1,0.999990,1,1,TP,yolov8l_bsz4.ms,110.00,117.00,227.00,0.500,Light (Music + Nav),5.39,14.61,365.98,2602.00,11499.37,771.05,,0,72,34.00,596,4088228,2436583.89,2,fused
21879,000000021879.jpg,640x427,1,0.999990,1,1,TP,yolov8l_bsz4.ms,110.00,117.00,227.00,0.500,Light (Music + Nav),5.39,14.61,365.98,2602.00,11499.37,771.05,,0,72,34.00,596,4088228,2436583.89,2,fused
336356,000000336356.jpg,427x640,1,0.999990,1,1,TP,yolov8l_bsz4.ms,108.25,112.25,220.50,0.500,Light (Music + Nav),5.40,14.61,343.34,2631.00,11499.37,798.68,,0,72,34.00,587,4088245,2399799.81,2,fused
180751,000000180751.jpg,640x480,1,0.999990,1,1,TP,yolov8l_bsz4.ms,108.25,112.25,220.50,0.500,Light (Music + Nav),5.40,14.61,343.34,2631.00,11499.37,798.68,,0,72,34.00,587,4088245,2399799.81,2,fused
400815,000000400815.jpg,640x427,1,0.999990,1,1,TP,yolov8l_bsz4.ms,108.25,112.25,220.50,0.500,Light (Music + Nav),5.40,14.61,343.34,2631.00,11499.37,798.68,,0,72,34.00,587,4088245,2399799.81,2,fused
363188,000000363188.jpg,640x425,1,0.999990,1,1,TP,yolov8l_bsz4.ms,108.25,112.25,220.50,0.500,Light (Music + Nav),5.40,14.61,343.34,2631.00,11499.37,798.68,,0,72,34.00,587,4088245,2399799.81,2,fused
491464,000000491464.jpg,640x428,1,0.999990,1,1,TP,yolov8l_bsz4.ms,108.25,131.50,239.75,0.500,Light (Music + Nav),5.41,14.60,294.48,2674.00,11499.37,839.95,,0,72,34.00,631,4089512,2580482.07,2,fused
224222,000000224222.jpg,640x426,1,0.999990,1,1,TP,yolov8l_bsz4.ms,108.25,131.50,239.75,0.500,Light (Music + Nav),5.41,14.60,294.48,2674.00,11499.37,839.95,,0,72,34.00,631,4089512,2580482.07,2,fused
569972,000000569972.jpg,640x574,1,0.999990,1,1,TP,yolov8l_bsz4.ms,108.25,131.50,239.75,0.500,Light (Music + Nav),5.41,14.60,294.48,2674.00,11499.37,839.95,,0,72,34.00,631,4089512,2580482.07,2,fused
420840,000000420840.jpg,640x424,1,0.999990,1,1,TP,yolov8l_bsz4.ms,108.25,131.50,239.75,0.500,Light (Music + Nav),5.41,14.60,294.48,2674.00,11499.37,839.95,,0,72,34.00,631,4089512,2580482.07,2,fused
130699,000000130699.jpg,640x427,1,0.999989,1,1,TP,yolov8l_bsz4.ms,108.75,121.75,230.50,0.500,Light (Music + Nav),5.35,14.60,370.21,2589.00,11499.37,753.10,,0,72,34.00,542,4086666,2214972.97,2,fused
351823,000000351823.jpg,508x640,1,0.999989,1,1,TP,yolov8l_bsz4.ms,108.75,121.75,230.50,0.500,Light (Music + Nav),5.35,14.60,370.21,2589.00,11499.37,753.10,,0,72,34.00,542,4086666,2214972.97,2,fused
439994,000000439994.jpg,428x640,1,0.999989,1,1,TP,yolov8l_bsz4.ms,108.75,121.75,230.50,0.500,Light (Music + Nav),5.35,14.60,370.21,2589.00,11499.37,753.10,,0,72,34.00,542,4086666,2214972.97,2,fused
474344,000000474344.jpg,640x427,1,0.999989,1,1,TP,yolov8l_bsz4.ms,108.75,121.75,230.50,0.500,Light (Music + Nav),5.35,14.60,370.21,2589.00,11499.37,753.10,,0,72,34.00,542,4086666,2214972.97,2,fused
508370,000000508370.jpg,427x640,1,0.999989,1,1,TP,yolov8l_bsz4.ms,110.25,110.25,220.50,0.500,Light (Music + Nav),5.33,15.77,365.09,2556.00,11499.37,718.83,,0,72,34.00,624,4089021,2551549.10,2,fused
182155,000000182155.jpg,640x426,1,0.999989,1,1,TP,yolov8l_bsz4.ms,110.25,110.25,220.50,0.500,Light (Music + Nav),5.33,15.77,365.09,2556.00,11499.37,718.83,,0,72,34.00,624,4089021,2551549.10,2,fused
314709,000000314709.jpg,640x426,1,0.999988,1,1,TP,yolov8l_bsz4.ms,110.25,110.25,220.50,0.500,Light (Music + Nav),5.33,15.77,365.09,2556.00,11499.37,718.83,,0,72,34.00,624,4089021,2551549.10,2,fused
338624,000000338624.jpg,640x360,1,0.999988,1,1,TP,yolov8l_bsz4.ms,110.25,110.25,220.50,0.500,Light (Music + Nav),5.33,15.77,365.09,2556.00,11499.37,718.83,,0,72,34.00,624,4089021,2551549.10,2,fused
329455,000000329455.jpg,640x480,1,0.999988,1,1,TP,yolov8l_bsz4.ms,108.00,117.00,225.00,0.500,Light (Music + Nav),5.38,15.77,345.59,2583.00,11499.37,746.20,,0,72,34.00,595,4088216,2432488.52,2,fused
467176,000000467176.jpg,640x428,1,0.999988,1,1,TP,yolov8l_bsz4.ms,108.00,117.00,225.00,0.500,Light (Music + Nav),5.38,15.77,345.59,2583.00,11499.37,746.20,,0,72,34.00,595,4088216,2432488.52,2,fused
357737,000000357737.jpg,640x480,1,0.999988,1,1,TP,yolov8l_bsz4.ms,108.00,117.00,225.00,0.500,Light (Music + Nav),5.38,15.77,345.59,2583.00,11499.37,746.20,,0,72,34.00,595,4088216,2432488.52,2,fused
321790,000000321790.jpg,640x427,1,0.999988,1,1,TP,yolov8l_bsz4.ms,108.00,117.00,225.00,0.500,Light (Music + Nav),5.38,15.77,345.59,2583.00,11499.37,746.20,,0,72,34.00,595,4088216,2432488.52,2,fused
481413,000000481413.jpg,640x427,1,0.999988,1,1,TP,yolov8l_bsz4.ms,108.25,121.75,230.00,0.500,Light (Music + Nav),5.36,16.64,290.92,2642.00,11499.37,803.77,,0,72,34.00,569,4087343,2325698.17,2,fused
268378,000000268378.jpg,640x359,1,0.999988,1,1,TP,yolov8l_bsz4.ms,108.25,121.75,230.00,0.500,Light (Music + Nav),5.36,16.64,290.92,2642.00,11499.37,803.77,,0,72,34.00,569,4087343,2325698.17,2,fused
145597,000000145597.jpg,640x480,1,0.999988,1,1,TP,yolov8l_bsz4.ms,108.25,121.75,230.00,0.500,Light (Music + Nav),5.36,16.64,290.92,2642.00,11499.37,803.77,,0,72,34.00,569,4087343,2325698.17,2,fused
394677,000000394677.jpg,500x375,1,0.999988,1,1,TP,yolov8l_bsz4.ms,108.25,121.75,230.00,0.500,Light (Music + Nav),5.36,16.64,290.92,2642.00,11499.37,803.77,,0,72,34.00,569,4087343,2325698.17,2,fused
491366,000000491366.jpg,500x375,1,0.999987,1,1,TP,yolov8l_bsz4.ms,108.75,110.75,219.50,0.500,Light (Music + Nav),5.31,16.64,366.29,2575.00,11499.37,735.75,,0,72,34.00,539,4086427,2202584.15,2,fused
483667,000000483667.jpg,426x640,1,0.999987,1,1,TP,yolov8l_bsz4.ms,108.75,110.75,219.50,0.500,Light (Music + Nav),5.31,16.64,366.29,2575.00,11499.37,735.75,,0,72,34.00,539,4086427,2202584.15,2,fused
465179,000000465179.jpg,374x500,1,0.999987,1,1,TP,yolov8l_bsz4.ms,108.75,110.75,219.50,0.500,Light (Music + Nav),5.31,16.64,366.29,2575.00,11499.37,735.75,,0,72,34.00,539,4086427,2202584.15,2,fused
418062,000000418062.jpg,427x640,1,0.999987,1,1,TP,yolov8l_bsz4.ms,108.75,110.75,219.50,0.500,Light (Music + Nav),5.31,16.64,366.29,2575.00,11499.37,735.75,,0,72,34.00,539,4086427,2202584.15,2,fused
114049,000000114049.jpg,425x640,1,0.999987,1,1,TP,yolov8l_bsz4.ms,115.50,107.50,223.00,0.500,Light (Music + Nav),5.73,17.40,366.29,2575.00,11499.37,731.97,,0,72,34.00,611,4088809,2498262.30,2,fused
60102,000000060102.jpg,640x360,1,0.999987,1,1,TP,yolov8l_bsz4.ms,115.50,107.50,223.00,0.500,Light (Music + Nav),5.73,17.40,366.29,2575.00,11499.37,731.97,,0,72,34.00,611,4088809,2498262.30,2,fused
235241,000000235241.jpg,640x427,1,0.999987,1,1,TP,yolov8l_bsz4.ms,115.50,107.50,223.00,0.500,Light (Music + Nav),5.73,17.40,366.29,2575.00,11499.37,731.97,,0,72,34.00,611,4088809,2498262.30,2,fused
133969,000000133969.jpg,640x427,1,0.999987,1,1,TP,yolov8l_bsz4.ms,115.50,107.50,223.00,0.500,Light (Music + Nav),5.73,17.40,366.29,2575.00,11499.37,731.97,,0,72,34.00,611,4088809,2498262.30,2,fused
266768,000000266768.jpg,612x612,1,0.999987,1,1,TP,yolov8l_bsz4.ms,114.75,125.75,240.50,0.500,Light (Music + Nav),5.44,17.40,348.87,2598.00,11499.37,754.69,,0,72,34.00,572,4087310,2337941.32,2,fused
276055,000000276055.jpg,500x375,1,0.999987,1,1,TP,yolov8l_bsz4.ms,114.75,125.75,240.50,0.500,Light (Music + Nav),5.44,17.40,348.87,2598.00,11499.37,754.69,,0,72,34.00,572,4087310,2337941.32,2,fused
193181,000000193181.jpg,426x640,1,0.999987,1,1,TP,yolov8l_bsz4.ms,114.75,125.75,240.50,0.500,Light (Music + Nav),5.44,17.40,348.87,2598.00,11499.37,754.69,,0,72,34.00,572,4087310,2337941.32,2,fused
456559,000000456559.jpg,640x480,1,0.999986,1,1,TP,yolov8l_bsz4.ms,114.75,125.75,240.50,0.500,Light (Music + Nav),5.44,17.40,348.87,2598.00,11499.37,754.69,,0,72,34.00,572,4087310,2337941.32,2,fused
46252,000000046252.jpg,640x480,1,0.999986,1,1,TP,yolov8l_bsz4.ms,108.25,121.50,229.75,0.500,Light (Music + Nav),5.37,15.52,300.04,2662.00,11499.37,817.10,,0,72,34.00,560,4087225,2288846.00,2,fused
439715,000000439715.jpg,640x480,1,0.999986,1,1,TP,yolov8l_bsz4.ms,108.25,121.50,229.75,0.500,Light (Music + Nav),5.37,15.52,300.04,2662.00,11499.37,817.10,,0,72,34.00,560,4087225,2288846.00,2,fused
99810,000000099810.jpg,500x332,1,0.999986,1,1,TP,yolov8l_bsz4.ms,108.25,121.50,229.75,0.500,Light (Music + Nav),5.37,15.52,300.04,2662.00,11499.37,817.10,,0,72,34.00,560,4087225,2288846.00,2,fused
8690,000000008690.jpg,640x480,1,0.999986,1,1,TP,yolov8l_bsz4.ms,108.25,121.50,229.75,0.500,Light (Music + Nav),5.37,15.52,300.04,2662.00,11499.37,817.10,,0,72,34.00,560,4087225,2288846.00,2,fused
199055,000000199055.jpg,480x640,1,0.999986,1,1,TP,yolov8l_bsz4.ms,108.00,103.25,211.25,0.500,Light (Music + Nav),5.27,15.52,367.10,2601.00,11499.37,755.04,,0,72,34.00,459,4084157,1874628.06,2,fused
533816,000000533816.jpg,640x426,1,0.999986,1,1,TP,yolov8l_bsz4.ms,108.00,103.25,211.25,0.500,Light (Music + Nav),5.27,15.52,367.10,2601.00,11499.37,755.04,,0,72,34.00,459,4084157,1874628.06,2,fused
252701,000000252701.jpg,640x378,1,0.999986,1,1,TP,yolov8l_bsz4.ms,108.00,103.25,211.25,0.500,Light (Music + Nav),5.27,15.52,367.10,2601.00,11499.37,755.04,,0,72,34.00,459,4084157,1874628.06,2,fused
356424,000000356424.jpg,480x640,1,0.999986,1,1,TP,yolov8l_bsz4.ms,108.00,103.25,211.25,0.500,Light (Music + Nav),5.27,15.52,367.10,2601.00,11499.37,755.04,,0,72,34.00,459,4084157,1874628.06,2,fused
546717,000000546717.jpg,471x640,1,0.999986,1,1,TP,yolov8l_bsz4.ms,109.25,121.00,230.25,0.500,Light (Music + Nav),5.28,15.52,365.06,2594.00,11499.37,746.16,,0,72,34.00,523,4085766,2136855.62,2,fused
516677,000000516677.jpg,640x480,1,0.999986,1,1,TP,yolov8l_bsz4.ms,109.25,121.00,230.25,0.500,Light (Music + Nav),5.28,15.52,365.06,2594.00,11499.37,746.16,,0,72,34.00,523,4085766,2136855.62,2,fused
424551,000000424551.jpg,640x480,1,0.999985,1,1,TP,yolov8l_bsz4.ms,109.25,121.00,230.25,0.500,Light (Music + Nav),5.28,15.52,365.06,2594.00,11499.37,746.16,,0,72,34.00,523,4085766,2136855.62,2,fused
187734,000000187734.jpg,640x480,1,0.999985,1,1,TP,yolov8l_bsz4.ms,109.25,121.00,230.25,0.500,Light (Music + Nav),5.28,15.52,365.06,2594.00,11499.37,746.16,,0,72,34.00,523,4085766,2136855.62,2,fused
312552,000000312552.jpg,400x300,1,0.999985,1,1,TP,yolov8l_bsz4.ms,108.50,96.25,204.75,0.500,Light (Music + Nav),5.27,15.84,344.97,2619.00,11499.37,770.89,,0,72,34.00,212,4075033,863907.00,2,fused
227482,000000227482.jpg,640x480,1,0.999985,1,1,TP,yolov8l_bsz4.ms,108.50,96.25,204.75,0.500,Light (Music + Nav),5.27,15.84,344.97,2619.00,11499.37,770.89,,0,72,34.00,212,4075033,863907.00,2,fused
140987,000000140987.jpg,425x640,1,0.999985,1,1,TP,yolov8l_bsz4.ms,108.50,96.25,204.75,0.500,Light (Music + Nav),5.27,15.84,344.97,2619.00,11499.37,770.89,,0,72,34.00,212,4075033,863907.00,2,fused
321214,000000321214.jpg,640x480,1,0.999984,1,1,TP,yolov8l_bsz4.ms,108.50,96.25,204.75,0.500,Light (Music + Nav),5.27,15.84,344.97,2619.00,11499.37,770.89,,0,72,34.00,212,4075033,863907.00,2,fused
239347,000000239347.jpg,640x480,1,0.999984,1,1,TP,yolov8l_bsz4.ms,107.50,93.25,200.75,0.500,Light (Music + Nav),5.21,15.84,299.78,2654.00,11499.37,804.81,,0,72,34.00,273,4076093,1112773.39,2,fused
18193,000000018193.jpg,640x480,1,0.999984,1,1,TP,yolov8l_bsz4.ms,107.50,93.25,200.75,0.500,Light (Music + Nav),5.21,15.84,299.78,2654.00,11499.37,804.81,,0,72,34.00,273,4076093,1112773.39,2,fused
216516,000000216516.jpg,480x640,1,0.999984,1,1,TP,yolov8l_bsz4.ms,107.50,93.25,200.75,0.500,Light (Music + Nav),5.21,15.84,299.78,2654.00,11499.37,804.81,,0,72,34.00,273,4076093,1112773.39,2,fused
157365,000000157365.jpg,427x640,1,0.999984,1,1,TP,yolov8l_bsz4.ms,107.50,93.25,200.75,0.500,Light (Music + Nav),5.21,15.84,299.78,2654.00,11499.37,804.81,,0,72,34.00,273,4076093,1112773.39,2,fused
358525,000000358525.jpg,640x480,1,0.999983,1,1,TP,yolov8l_bsz4.ms,107.50,103.75,211.25,0.500,Light (Music + Nav),5.18,15.84,368.92,2590.00,11499.37,740.20,,0,72,34.00,395,4080818,1611923.11,2,fused
67310,000000067310.jpg,486x640,1,0.999983,1,1,TP,yolov8l_bsz4.ms,107.50,103.75,211.25,0.500,Light (Music + Nav),5.18,15.84,368.92,2590.00,11499.37,740.20,,0,72,34.00,395,4080818,1611923.11,2,fused
294695,000000294695.jpg,640x427,1,0.999983,1,1,TP,yolov8l_bsz4.ms,107.50,103.75,211.25,0.500,Light (Music + Nav),5.18,15.84,368.92,2590.00,11499.37,740.20,,0,72,34.00,395,4080818,1611923.11,2,fused
390902,000000390902.jpg,333x500,1,0.999983,1,1,TP,yolov8l_bsz4.ms,107.50,103.75,211.25,0.500,Light (Music + Nav),5.18,15.84,368.92,2590.00,11499.37,740.20,,0,72,34.00,395,4080818,1611923.11,2,fused
383384,000000383384.jpg,640x360,1,0.999982,1,1,TP,yolov8l_bsz4.ms,109.00,110.00,219.00,0.500,Light (Music + Nav),5.16,16.09,363.30,2603.00,11499.37,751.57,,0,72,34.00,409,4081408,1669295.87,2,fused
18150,000000018150.jpg,640x480,1,0.999982,1,1,TP,yolov8l_bsz4.ms,109.00,110.00,219.00,0.500,Light (Music + Nav),5.16,16.09,363.30,2603.00,11499.37,751.57,,0,72,34.00,409,4081408,1669295.87,2,fused
301718,000000301718.jpg,480x640,1,0.999982,1,1,TP,yolov8l_bsz4.ms,109.00,110.00,219.00,0.500,Light (Music + Nav),5.16,16.09,363.30,2603.00,11499.37,751.57,,0,72,34.00,409,4081408,1669295.87,2,fused
32081,000000032081.jpg,375x500,1,0.999982,1,1,TP,yolov8l_bsz4.ms,109.00,110.00,219.00,0.500,Light (Music + Nav),5.16,16.09,363.30,2603.00,11499.37,751.57,,0,72,34.00,409,4081408,1669295.87,2,fused
161925,000000161925.jpg,480x640,1,0.999982,1,1,TP,yolov8l_bsz4.ms,107.75,108.75,216.50,0.500,Light (Music + Nav),5.17,16.09,346.90,2612.00,11499.37,759.31,,0,72,34.00,518,4085124,2116094.23,2,fused
440184,000000440184.jpg,640x425,1,0.999982,1,1,TP,yolov8l_bsz4.ms,107.75,108.75,216.50,0.500,Light (Music + Nav),5.17,16.09,346.90,2612.00,11499.37,759.31,,0,72,34.00,518,4085124,2116094.23,2,fused
151000,000000151000.jpg,640x426,1,0.999981,1,1,TP,yolov8l_bsz4.ms,107.75,108.75,216.50,0.500,Light (Music + Nav),5.17,16.09,346.90,2612.00,11499.37,759.31,,0,72,34.00,518,4085124,2116094.23,2,fused
466125,000000466125.jpg,427x640,1,0.999981,1,1,TP,yolov8l_bsz4.ms,107.75,108.75,216.50,0.500,Light (Music + Nav),5.17,16.09,346.90,2612.00,11499.37,759.31,,0,72,34.00,518,4085124,2116094.23,2,fused
319534,000000319534.jpg,640x480,1,0.999981,1,1,TP,yolov8l_bsz4.ms,108.00,127.25,235.25,0.500,Light (Music + Nav),5.23,16.05,292.81,2672.00,11499.37,818.00,,0,72,34.00,574,4087224,2346066.58,2,fused
6763,000000006763.jpg,375x500,1,0.999981,1,1,TP,yolov8l_bsz4.ms,108.00,127.25,235.25,0.500,Light (Music + Nav),5.23,16.05,292.81,2672.00,11499.37,818.00,,0,72,34.00,574,4087224,2346066.58,2,fused
445834,000000445834.jpg,640x427,1,0.999981,1,1,TP,yolov8l_bsz4.ms,108.00,127.25,235.25,0.500,Light (Music + Nav),5.23,16.05,292.81,2672.00,11499.37,818.00,,0,72,34.00,574,4087224,2346066.58,2,fused
432085,000000432085.jpg,500x375,1,0.999981,1,1,TP,yolov8l_bsz4.ms,108.00,127.25,235.25,0.500,Light (Music + Nav),5.23,16.05,292.81,2672.00,11499.37,818.00,,0,72,34.00,574,4087224,2346066.58,2,fused
224675,000000224675.jpg,400x300,1,0.999981,1,1,TP,yolov8l_bsz4.ms,108.25,116.00,224.25,0.500,Light (Music + Nav),4.99,16.05,366.46,2590.00,11499.37,733.54,,0,72,34.00,639,4089114,2612943.85,2,fused
163682,000000163682.jpg,427x640,1,0.999981,1,1,TP,yolov8l_bsz4.ms,108.25,116.00,224.25,0.500,Light (Music + Nav),4.99,16.05,366.46,2590.00,11499.37,733.54,,0,72,34.00,639,4089114,2612943.85,2,fused
465180,000000465180.jpg,640x426,1,0.999981,1,1,TP,yolov8l_bsz4.ms,108.25,116.00,224.25,0.500,Light (Music + Nav),4.99,16.05,366.46,2590.00,11499.37,733.54,,0,72,34.00,639,4089114,2612943.85,2,fused
96493,000000096493.jpg,426x640,1,0.999980,1,1,TP,yolov8l_bsz4.ms,108.25,116.00,224.25,0.500,Light (Music + Nav),4.99,16.05,366.46,2590.00,11499.37,733.54,,0,72,34.00,639,4089114,2612943.85,2,fused
284445,000000284445.jpg,640x594,1,0.999980,1,1,TP,yolov8l_bsz4.ms,115.75,120.00,235.75,0.500,Light (Music + Nav),5.14,15.08,369.56,2591.00,11499.37,733.92,,0,72,34.00,578,4087545,2362601.01,2,fused
358923,000000358923.jpg,640x428,1,0.999980,1,1,TP,yolov8l_bsz4.ms,115.75,120.00,235.75,0.500,Light (Music + Nav),5.14,15.08,369.56,2591.00,11499.37,733.92,,0,72,34.00,578,4087545,2362601.01,2,fused
368294,000000368294.jpg,640x426,1,0.999979,1,1,TP,yolov8l_bsz4.ms,115.75,120.00,235.75,0.500,Light (Music + Nav),5.14,15.08,369.56,2591.00,11499.37,733.92,,0,72,34.00,578,4087545,2362601.01,2,fused
121031,000000121031.jpg,640x451,1,0.999979,1,1,TP,yolov8l_bsz4.ms,115.75,120.00,235.75,0.500,Light (Music + Nav),5.14,15.08,369.56,2591.00,11499.37,733.92,,0,72,34.00,578,4087545,2362601.01,2,fused
371749,000000371749.jpg,500x375,1,0.999979,1,1,TP,yolov8l_bsz4.ms,114.25,119.00,233.25,0.500,Light (Music + Nav),5.26,15.08,344.11,2616.00,11499.37,756.89,,0,72,34.00,520,4085192,2124299.84,2,fused
121673,000000121673.jpg,500x375,1,0.999979,1,1,TP,yolov8l_bsz4.ms,114.25,119.00,233.25,0.500,Light (Music + Nav),5.26,15.08,344.11,2616.00,11499.37,756.89,,0,72,34.00,520,4085192,2124299.84,2,fused
119088,000000119088.jpg,500x375,1,0.999979,1,1,TP,yolov8l_bsz4.ms,114.25,119.00,233.25,0.500,Light (Music + Nav),5.26,15.08,344.11,2616.00,11499.37,756.89,,0,72,34.00,520,4085192,2124299.84,2,fused
50380,000000050380.jpg,640x427,1,0.999979,1,1,TP,yolov8l_bsz4.ms,114.25,119.00,233.25,0.500,Light (Music + Nav),5.26,15.08,344.11,2616.00,11499.37,756.89,,0,72,34.00,520,4085192,2124299.84,2,fused
551215,000000551215.jpg,480x640,1,0.999978,1,1,TP,yolov8l_bsz4.ms,108.75,113.75,222.50,0.500,Light (Music + Nav),5.25,15.08,288.57,2677.00,11499.37,817.16,,0,72,34.00,548,4086542,2239425.02,2,fused
297578,000000297578.jpg,500x281,1,0.999978,1,1,TP,yolov8l_bsz4.ms,108.75,113.75,222.50,0.500,Light (Music + Nav),5.25,15.08,288.57,2677.00,11499.37,817.16,,0,72,34.00,548,4086542,2239425.02,2,fused
350148,000000350148.jpg,480x640,1,0.999978,1,1,TP,yolov8l_bsz4.ms,108.75,113.75,222.50,0.500,Light (Music + Nav),5.25,15.08,288.57,2677.00,11499.37,817.16,,0,72,34.00,548,4086542,2239425.02,2,fused
130826,000000130826.jpg,640x480,1,0.999978,1,1,TP,yolov8l_bsz4.ms,108.75,113.75,222.50,0.500,Light (Music + Nav),5.25,15.08,288.57,2677.00,11499.37,817.16,,0,72,34.00,548,4086542,2239425.02,2,fused
481567,000000481567.jpg,640x480,1,0.999978,1,1,TP,yolov8l_bsz4.ms,108.25,121.50,229.75,0.500,Light (Music + Nav),5.18,15.26,368.71,2592.00,11499.37,730.62,,0,72,34.00,524,4085980,2141053.52,2,fused
150417,000000150417.jpg,640x480,1,0.999978,1,1,TP,yolov8l_bsz4.ms,108.25,121.50,229.75,0.500,Light (Music + Nav),5.18,15.26,368.71,2592.00,11499.37,730.62,,0,72,34.00,524,4085980,2141053.52,2,fused
382111,000000382111.jpg,640x427,1,0.999977,1,1,TP,yolov8l_bsz4.ms,108.25,121.50,229.75,0.500,Light (Music + Nav),5.18,15.26,368.71,2592.00,11499.37,730.62,,0,72,34.00,524,4085980,2141053.52,2,fused
197658,000000197658.jpg,582x640,1,0.999977,1,1,TP,yolov8l_bsz4.ms,108.25,121.50,229.75,0.500,Light (Music + Nav),5.18,15.26,368.71,2592.00,11499.37,730.62,,0,72,34.00,524,4085980,2141053.52,2,fused
489764,000000489764.jpg,640x538,1,0.999977,1,1,TP,yolov8l_bsz4.ms,109.50,116.50,226.00,0.500,Light (Music + Nav),5.25,15.26,366.72,2600.00,11499.37,737.25,,0,72,34.00,625,4089175,2555734.38,2,fused
334309,000000334309.jpg,640x427,1,0.999976,1,1,TP,yolov8l_bsz4.ms,109.50,116.50,226.00,0.500,Light (Music + Nav),5.25,15.26,366.72,2600.00,11499.37,737.25,,0,72,34.00,625,4089175,2555734.38,2,fused
474078,000000474078.jpg,640x480,1,0.999976,1,1,TP,yolov8l_bsz4.ms,109.50,116.50,226.00,0.500,Light (Music + Nav),5.25,15.26,366.72,2600.00,11499.37,737.25,,0,72,34.00,625,4089175,2555734.38,2,fused
127530,000000127530.jpg,640x440,1,0.999976,1,1,TP,yolov8l_bsz4.ms,109.50,116.50,226.00,0.500,Light (Music + Nav),5.25,15.26,366.72,2600.00,11499.37,737.25,,0,72,34.00,625,4089175,2555734.38,2,fused
576031,000000576031.jpg,640x480,1,0.999976,1,1,TP,yolov8l_bsz4.ms,108.25,127.25,235.50,0.500,Light (Music + Nav),5.25,15.44,344.54,2613.00,11499.37,747.95,,0,72,34.00,602,4088712,2461404.62,2,fused
491867,000000491867.jpg,480x640,1,0.999976,1,1,TP,yolov8l_bsz4.ms,108.25,127.25,235.50,0.500,Light (Music + Nav),5.25,15.44,344.54,2613.00,11499.37,747.95,,0,72,34.00,602,4088712,2461404.62,2,fused
404922,000000404922.jpg,368x500,1,0.999976,1,1,TP,yolov8l_bsz4.ms,108.25,127.25,235.50,0.500,Light (Music + Nav),5.25,15.44,344.54,2613.00,11499.37,747.95,,0,72,34.00,602,4088712,2461404.62,2,fused
192670,000000192670.jpg,640x433,1,0.999976,1,1,TP,yolov8l_bsz4.ms,108.25,127.25,235.50,0.500,Light (Music + Nav),5.25,15.44,344.54,2613.00,11499.37,747.95,,0,72,34.00,602,4088712,2461404.62,2,fused
115898,000000115898.jpg,640x427,1,0.999975,1,1,TP,yolov8l_bsz4.ms,108.00,119.75,227.75,0.500,Light (Music + Nav),5.26,15.44,299.25,2670.00,11499.37,803.78,,0,72,34.00,530,4086274,2165725.22,2,fused
410456,000000410456.jpg,640x480,1,0.999975,1,1,TP,yolov8l_bsz4.ms,108.00,119.75,227.75,0.500,Light (Music + Nav),5.26,15.44,299.25,2670.00,11499.37,803.78,,0,72,34.00,530,4086274,2165725.22,2,fused
13201,000000013201.jpg,427x640,1,0.999975,1,1,TP,yolov8l_bsz4.ms,108.00,119.75,227.75,0.500,Light (Music + Nav),5.26,15.44,299.25,2670.00,11499.37,803.78,,0,72,34.00,530,4086274,2165725.22,2,fused
68093,000000068093.jpg,640x480,1,0.999975,1,1,TP,yolov8l_bsz4.ms,108.00,119.75,227.75,0.500,Light (Music + Nav),5.26,15.44,299.25,2670.00,11499.37,803.78,,0,72,34.00,530,4086274,2165725.22,2,fused
1296,000000001296.jpg,427x640,1,0.999975,1,1,TP,yolov8l_bsz4.ms,108.50,111.50,220.00,0.500,Light (Music + Nav),5.23,15.44,365.73,2597.00,11499.37,730.23,,0,72,34.00,676,4091098,2765582.25,2,fused
485071,000000485071.jpg,640x426,1,0.999974,1,1,TP,yolov8l_bsz4.ms,108.50,111.50,220.00,0.500,Light (Music + Nav),5.23,15.44,365.73,2597.00,11499.37,730.23,,0,72,34.00,676,4091098,2765582.25,2,fused
566923,000000566923.jpg,640x426,1,0.999974,1,1,TP,yolov8l_bsz4.ms,108.50,111.50,220.00,0.500,Light (Music + Nav),5.23,15.44,365.73,2597.00,11499.37,730.23,,0,72,34.00,676,4091098,2765582.25,2,fused
559543,000000559543.jpg,500x333,1,0.999973,1,1,TP,yolov8l_bsz4.ms,108.50,111.50,220.00,0.500,Light (Music + Nav),5.23,15.44,365.73,2597.00,11499.37,730.23,,0,72,34.00,676,4091098,2765582.25,2,fused
416104,000000416104.jpg,640x480,1,0.999973,1,1,TP,yolov8l_bsz4.ms,109.25,110.75,220.00,0.500,Light (Music + Nav),5.23,15.44,365.93,2602.00,11499.37,733.88,,0,72,34.00,580,4088013,2371047.54,2,fused
328337,000000328337.jpg,640x427,1,0.999973,1,1,TP,yolov8l_bsz4.ms,109.25,110.75,220.00,0.500,Light (Music + Nav),5.23,15.44,365.93,2602.00,11499.37,733.88,,0,72,34.00,580,4088013,2371047.54,2,fused
356427,000000356427.jpg,640x427,1,0.999972,1,1,TP,yolov8l_bsz4.ms,109.25,110.75,220.00,0.500,Light (Music + Nav),5.23,15.44,365.93,2602.00,11499.37,733.88,,0,72,34.00,580,4088013,2371047.54,2,fused
327601,000000327601.jpg,333x500,1,0.999972,1,1,TP,yolov8l_bsz4.ms,109.25,110.75,220.00,0.500,Light (Music + Nav),5.23,15.44,365.93,2602.00,11499.37,733.88,,0,72,34.00,580,4088013,2371047.54,2,fused
456015,000000456015.jpg,640x427,1,0.999972,1,1,TP,yolov8l_bsz4.ms,108.75,118.25,227.00,0.500,Light (Music + Nav),6.82,17.36,344.20,2616.00,11499.37,745.55,,0,72,34.00,568,4087645,2321782.36,2,fused
494188,000000494188.jpg,480x640,1,0.999972,1,1,TP,yolov8l_bsz4.ms,108.75,118.25,227.00,0.500,Light (Music + Nav),6.82,17.36,344.20,2616.00,11499.37,745.55,,0,72,34.00,568,4087645,2321782.36,2,fused
114884,000000114884.jpg,500x329,1,0.999972,1,1,TP,yolov8l_bsz4.ms,108.75,118.25,227.00,0.500,Light (Music + Nav),6.82,17.36,344.20,2616.00,11499.37,745.55,,0,72,34.00,568,4087645,2321782.36,2,fused
326174,000000326174.jpg,640x480,1,0.999972,1,1,TP,yolov8l_bsz4.ms,108.75,118.25,227.00,0.500,Light (Music + Nav),6.82,17.36,344.20,2616.00,11499.37,745.55,,0,72,34.00,568,4087645,2321782.36,2,fused
54164,000000054164.jpg,640x427,1,0.999972,1,1,TP,yolov8l_bsz4.ms,108.50,115.25,223.75,0.500,Light (Music + Nav),6.03,17.36,291.17,2675.00,11499.37,803.52,,0,72,34.00,564,4087269,2305219.72,2,fused
185890,000000185890.jpg,509x640,1,0.999971,1,1,TP,yolov8l_bsz4.ms,108.50,115.25,223.75,0.500,Light (Music + Nav),6.03,17.36,291.17,2675.00,11499.37,803.52,,0,72,34.00,564,4087269,2305219.72,2,fused
143961,000000143961.jpg,640x356,1,0.999971,1,1,TP,yolov8l_bsz4.ms,108.50,115.25,223.75,0.500,Light (Music + Nav),6.03,17.36,291.17,2675.00,11499.37,803.52,,0,72,34.00,564,4087269,2305219.72,2,fused
193429,000000193429.jpg,640x428,1,0.999971,1,1,TP,yolov8l_bsz4.ms,108.50,115.25,223.75,0.500,Light (Music + Nav),6.03,17.36,291.17,2675.00,11499.37,803.52,,0,72,34.00,564,4087269,2305219.72,2,fused
136715,000000136715.jpg,640x425,1,0.999971,1,1,TP,yolov8l_bsz4.ms,108.00,119.50,227.50,0.500,Light (Music + Nav),5.61,15.59,367.24,2592.00,11499.37,719.93,,0,72,34.00,537,4086825,2194625.02,2,fused
322944,000000322944.jpg,457x640,1,0.999971,1,1,TP,yolov8l_bsz4.ms,108.00,119.50,227.50,0.500,Light (Music + Nav),5.61,15.59,367.24,2592.00,11499.37,719.93,,0,72,34.00,537,4086825,2194625.02,2,fused
102411,000000102411.jpg,640x427,1,0.999971,1,1,TP,yolov8l_bsz4.ms,108.00,119.50,227.50,0.500,Light (Music + Nav),5.61,15.59,367.24,2592.00,11499.37,719.93,,0,72,34.00,537,4086825,2194625.02,2,fused
22479,000000022479.jpg,640x605,1,0.999970,1,1,TP,yolov8l_bsz4.ms,108.00,119.50,227.50,0.500,Light (Music + Nav),5.61,15.59,367.24,2592.00,11499.37,719.93,,0,72,34.00,537,4086825,2194625.02,2,fused
188296,000000188296.jpg,640x609,1,0.999970,1,1,TP,yolov8l_bsz4.ms,109.50,112.75,222.25,0.500,Light (Music + Nav),5.51,15.59,368.42,2597.00,11499.37,722.50,,0,72,34.00,532,4086702,2174125.46,2,fused
256868,000000256868.jpg,640x428,1,0.999970,1,1,TP,yolov8l_bsz4.ms,109.50,112.75,222.25,0.500,Light (Music + Nav),5.51,15.59,368.42,2597.00,11499.37,722.50,,0,72,34.00,532,4086702,2174125.46,2,fused
25424,000000025424.jpg,427x640,1,0.999970,1,1,TP,yolov8l_bsz4.ms,109.50,112.75,222.25,0.500,Light (Music + Nav),5.51,15.59,368.42,2597.00,11499.37,722.50,,0,72,34.00,532,4086702,2174125.46,2,fused
133244,000000133244.jpg,640x359,1,0.999970,1,1,TP,yolov8l_bsz4.ms,109.50,112.75,222.25,0.500,Light (Music + Nav),5.51,15.59,368.42,2597.00,11499.37,722.50,,0,72,34.00,532,4086702,2174125.46,2,fused
423506,000000423506.jpg,375x500,1,0.999969,1,1,TP,yolov8l_bsz4.ms,108.50,108.25,216.75,0.500,Light (Music + Nav),5.55,15.65,341.60,2616.00,11499.37,740.96,,0,72,34.00,588,4088245,2403888.06,2,fused
345466,000000345466.jpg,500x375,1,0.999967,1,1,TP,yolov8l_bsz4.ms,108.50,108.25,216.75,0.500,Light (Music + Nav),5.55,15.65,341.60,2616.00,11499.37,740.96,,0,72,34.00,588,4088245,2403888.06,2,fused
361147,000000361147.jpg,417x640,1,0.999967,1,1,TP,yolov8l_bsz4.ms,108.50,108.25,216.75,0.500,Light (Music + Nav),5.55,15.65,341.60,2616.00,11499.37,740.96,,0,72,34.00,588,4088245,2403888.06,2,fused
511760,000000511760.jpg,296x640,1,0.999967,1,1,TP,yolov8l_bsz4.ms,108.50,108.25,216.75,0.500,Light (Music + Nav),5.55,15.65,341.60,2616.00,11499.37,740.96,,0,72,34.00,588,4088245,2403888.06,2,fused
567011,000000567011.jpg,640x426,1,0.999967,1,1,TP,yolov8l_bsz4.ms,107.75,109.25,217.00,0.500,Light (Music + Nav),5.45,15.65,288.50,2675.00,11499.37,798.82,,0,72,35.00,537,4086750,2194584.75,2,fused
562207,000000562207.jpg,640x425,1,0.999967,1,1,TP,yolov8l_bsz4.ms,107.75,109.25,217.00,0.500,Light (Music + Nav),5.45,15.65,288.50,2675.00,11499.37,798.82,,0,72,35.00,537,4086750,2194584.75,2,fused
343524,000000343524.jpg,640x447,1,0.999966,1,1,TP,yolov8l_bsz4.ms,107.75,109.25,217.00,0.500,Light (Music + Nav),5.45,15.65,288.50,2675.00,11499.37,798.82,,0,72,35.00,537,4086750,2194584.75,2,fused
153229,000000153229.jpg,640x457,1,0.999966,1,1,TP,yolov8l_bsz4.ms,107.75,109.25,217.00,0.500,Light (Music + Nav),5.45,15.65,288.50,2675.00,11499.37,798.82,,0,72,35.00,537,4086750,2194584.75,2,fused
238410,000000238410.jpg,640x480,1,0.999966,1,1,TP,yolov8l_bsz4.ms,108.00,118.50,226.50,0.500,Light (Music + Nav),5.37,15.65,366.28,2587.00,11499.37,708.05,,0,72,35.00,517,4085736,2112325.51,2,fused
57150,000000057150.jpg,240x320,1,0.999965,1,1,TP,yolov8l_bsz4.ms,108.00,118.50,226.50,0.500,Light (Music + Nav),5.37,15.65,366.28,2587.00,11499.37,708.05,,0,72,35.00,517,4085736,2112325.51,2,fused
507797,000000507797.jpg,640x425,1,0.999965,1,1,TP,yolov8l_bsz4.ms,108.00,118.50,226.50,0.500,Light (Music + Nav),5.37,15.65,366.28,2587.00,11499.37,708.05,,0,72,35.00,517,4085736,2112325.51,2,fused
192699,000000192699.jpg,640x457,1,0.999965,1,1,TP,yolov8l_bsz4.ms,108.00,118.50,226.50,0.500,Light (Music + Nav),5.37,15.65,366.28,2587.00,11499.37,708.05,,0,72,35.00,517,4085736,2112325.51,2,fused
188592,000000188592.jpg,480x640,1,0.999965,1,1,TP,yolov8l_bsz4.ms,109.00,113.50,222.50,0.500,Light (Music + Nav),5.36,15.73,364.33,2596.00,11499.37,715.77,,0,72,35.00,535,4086425,2186237.38,2,fused
236426,000000236426.jpg,640x429,1,0.999965,1,1,TP,yolov8l_bsz4.ms,109.00,113.50,222.50,0.500,Light (Music + Nav),5.36,15.73,364.33,2596.00,11499.37,715.77,,0,72,35.00,535,4086425,2186237.38,2,fused
442836,000000442836.jpg,640x457,1,0.999965,1,1,TP,yolov8l_bsz4.ms,109.00,113.50,222.50,0.500,Light (Music + Nav),5.36,15.73,364.33,2596.00,11499.37,715.77,,0,72,35.00,535,4086425,2186237.38,2,fused
568439,000000568439.jpg,640x449,1,0.999963,1,1,TP,yolov8l_bsz4.ms,109.00,113.50,222.50,0.500,Light (Music + Nav),5.36,15.73,364.33,2596.00,11499.37,715.77,,0,72,35.00,535,4086425,2186237.38,2,fused
375493,000000375493.jpg,640x480,1,0.999963,1,1,TP,yolov8l_bsz4.ms,108.50,121.50,230.00,0.500,Light (Music + Nav),5.36,15.73,343.79,2607.00,11499.37,726.10,,0,72,35.00,514,4085496,2099944.94,2,fused
157767,000000157767.jpg,640x427,1,0.999962,1,1,TP,yolov8l_bsz4.ms,108.50,121.50,230.00,0.500,Light (Music + Nav),5.36,15.73,343.79,2607.00,11499.37,726.10,,0,72,35.00,514,4085496,2099944.94,2,fused
556000,000000556000.jpg,640x515,1,0.999962,1,1,TP,yolov8l_bsz4.ms,108.50,121.50,230.00,0.500,Light (Music + Nav),5.36,15.73,343.79,2607.00,11499.37,726.10,,0,72,35.00,514,4085496,2099944.94,2,fused
425361,000000425361.jpg,640x491,1,0.999962,1,1,TP,yolov8l_bsz4.ms,108.50,121.50,230.00,0.500,Light (Music + Nav),5.36,15.73,343.79,2607.00,11499.37,726.10,,0,72,35.00,514,4085496,2099944.94,2,fused
27186,000000027186.jpg,640x428,1,0.999962,1,1,TP,yolov8l_bsz4.ms,108.00,111.75,219.75,0.500,Light (Music + Nav),5.36,16.03,290.13,2667.00,11499.37,785.57,,0,72,35.00,479,4084916,1956674.76,2,fused
553731,000000553731.jpg,640x428,1,0.999961,1,1,TP,yolov8l_bsz4.ms,108.00,111.75,219.75,0.500,Light (Music + Nav),5.36,16.03,290.13,2667.00,11499.37,785.57,,0,72,35.00,479,4084916,1956674.76,2,fused
369310,000000369310.jpg,395x640,1,0.999961,1,1,TP,yolov8l_bsz4.ms,108.00,111.75,219.75,0.500,Light (Music + Nav),5.36,16.03,290.13,2667.00,11499.37,785.57,,0,72,35.00,479,4084916,1956674.76,2,fused
253835,000000253835.jpg,640x480,1,0.999960,1,1,TP,yolov8l_bsz4.ms,108.00,111.75,219.75,0.500,Light (Music + Nav),5.36,16.03,290.13,2667.00,11499.37,785.57,,0,72,35.00,479,4084916,1956674.76,2,fused
320642,000000320642.jpg,500x321,1,0.999960,1,1,TP,yolov8l_bsz4.ms,108.25,110.00,218.25,0.500,Light (Music + Nav),12.11,16.03,365.72,2581.00,11499.37,698.23,,0,72,35.00,599,4088626,2449086.97,2,fused
216296,000000216296.jpg,640x427,1,0.999960,1,1,TP,yolov8l_bsz4.ms,108.25,110.00,218.25,0.500,Light (Music + Nav),12.11,16.03,365.72,2581.00,11499.37,698.23,,0,72,35.00,599,4088626,2449086.97,2,fused
92091,000000092091.jpg,640x480,1,0.999960,1,1,TP,yolov8l_bsz4.ms,108.25,110.00,218.25,0.500,Light (Music + Nav),12.11,16.03,365.72,2581.00,11499.37,698.23,,0,72,35.00,599,4088626,2449086.97,2,fused
194716,000000194716.jpg,640x427,1,0.999960,1,1,TP,yolov8l_bsz4.ms,108.25,110.00,218.25,0.500,Light (Music + Nav),12.11,16.03,365.72,2581.00,11499.37,698.23,,0,72,35.00,599,4088626,2449086.97,2,fused
509403,000000509403.jpg,640x427,1,0.999960,1,1,TP,yolov8l_bsz4.ms,110.75,115.00,225.75,0.500,Light (Music + Nav),5.67,16.70,364.00,2594.00,11499.37,709.47,,0,72,35.00,500,4085362,2042681.00,2,fused
244750,000000244750.jpg,393x500,1,0.999959,1,1,TP,yolov8l_bsz4.ms,110.75,115.00,225.75,0.500,Light (Music + Nav),5.67,16.70,364.00,2594.00,11499.37,709.47,,0,72,35.00,500,4085362,2042681.00,2,fused
514797,000000514797.jpg,640x439,1,0.999958,1,1,TP,yolov8l_bsz4.ms,110.75,115.00,225.75,0.500,Light (Music + Nav),5.67,16.70,364.00,2594.00,11499.37,709.47,,0,72,35.00,500,4085362,2042681.00,2,fused
12748,000000012748.jpg,480x640,1,0.999958,1,1,TP,yolov8l_bsz4.ms,110.75,115.00,225.75,0.500,Light (Music + Nav),5.67,16.70,364.00,2594.00,11499.37,709.47,,0,72,35.00,500,4085362,2042681.00,2,fused
190307,000000190307.jpg,540x640,1,0.999958,1,1,TP,yolov8l_bsz4.ms,108.00,116.75,224.75,0.500,Light (Music + Nav),5.51,16.70,343.64,2603.00,11499.37,717.11,,0,72,35.00,616,4089362,2519046.99,2,fused
412894,000000412894.jpg,427x640,1,0.999957,1,1,TP,yolov8l_bsz4.ms,108.00,116.75,224.75,0.500,Light (Music + Nav),5.51,16.70,343.64,2603.00,11499.37,717.11,,0,72,35.00,616,4089362,2519046.99,2,fused
132796,000000132796.jpg,640x426,1,0.999957,1,1,TP,yolov8l_bsz4.ms,108.00,116.75,224.75,0.500,Light (Music + Nav),5.51,16.70,343.64,2603.00,11499.37,717.11,,0,72,35.00,616,4089362,2519046.99,2,fused
475064,000000475064.jpg,640x427,1,0.999955,1,1,TP,yolov8l_bsz4.ms,108.00,116.75,224.75,0.500,Light (Music + Nav),5.51,16.70,343.64,2603.00,11499.37,717.11,,0,72,35.00,616,4089362,2519046.99,2,fused
485027,000000485027.jpg,337x640,1,0.999955,1,1,TP,yolov8l_bsz4.ms,108.25,104.25,212.50,0.500,Light (Music + Nav),5.46,16.70,289.41,2663.00,11499.37,775.69,,0,72,35.00,564,4087886,2305567.70,2,fused
437239,000000437239.jpg,640x425,1,0.999954,1,1,TP,yolov8l_bsz4.ms,108.25,104.25,212.50,0.500,Light (Music + Nav),5.46,16.70,289.41,2663.00,11499.37,775.69,,0,72,35.00,564,4087886,2305567.70,2,fused
549390,000000549390.jpg,640x427,1,0.999954,1,1,TP,yolov8l_bsz4.ms,108.25,104.25,212.50,0.500,Light (Music + Nav),5.46,16.70,289.41,2663.00,11499.37,775.69,,0,72,35.00,564,4087886,2305567.70,2,fused
414673,000000414673.jpg,500x332,1,0.999954,1,1,TP,yolov8l_bsz4.ms,108.25,104.25,212.50,0.500,Light (Music + Nav),5.46,16.70,289.41,2663.00,11499.37,775.69,,0,72,35.00,564,4087886,2305567.70,2,fused
246963,000000246963.jpg,640x420,1,0.999953,1,1,TP,yolov8l_bsz4.ms,108.25,110.75,219.00,0.500,Light (Music + Nav),5.31,15.61,366.12,2592.00,11499.37,703.40,,0,72,35.00,497,4085301,2030394.60,2,fused
150649,000000150649.jpg,500x311,1,0.999953,1,1,TP,yolov8l_bsz4.ms,108.25,110.75,219.00,0.500,Light (Music + Nav),5.31,15.61,366.12,2592.00,11499.37,703.40,,0,72,35.00,497,4085301,2030394.60,2,fused
312489,000000312489.jpg,500x333,1,0.999952,1,1,TP,yolov8l_bsz4.ms,108.25,110.75,219.00,0.500,Light (Music + Nav),5.31,15.61,366.12,2592.00,11499.37,703.40,,0,72,35.00,497,4085301,2030394.60,2,fused
320696,000000320696.jpg,640x427,1,0.999952,1,1,TP,yolov8l_bsz4.ms,108.25,110.75,219.00,0.500,Light (Music + Nav),5.31,15.61,366.12,2592.00,11499.37,703.40,,0,72,35.00,497,4085301,2030394.60,2,fused
465549,000000465549.jpg,640x428,1,0.999951,1,1,TP,yolov8l_bsz4.ms,109.75,115.75,225.50,0.500,Light (Music + Nav),5.27,15.61,366.79,2590.00,11499.37,699.48,,0,72,35.00,596,4088617,2436815.73,2,fused
520264,000000520264.jpg,640x480,1,0.999950,1,1,TP,yolov8l_bsz4.ms,109.75,115.75,225.50,0.500,Light (Music + Nav),5.27,15.61,366.79,2590.00,11499.37,699.48,,0,72,35.00,596,4088617,2436815.73,2,fused
243148,000000243148.jpg,640x360,1,0.999950,1,1,TP,yolov8l_bsz4.ms,109.75,115.75,225.50,0.500,Light (Music + Nav),5.27,15.61,366.79,2590.00,11499.37,699.48,,0,72,35.00,596,4088617,2436815.73,2,fused
327701,000000327701.jpg,640x428,1,0.999949,1,1,TP,yolov8l_bsz4.ms,109.75,115.75,225.50,0.500,Light (Music + Nav),5.27,15.61,366.79,2590.00,11499.37,699.48,,0,72,35.00,596,4088617,2436815.73,2,fused
470779,000000470779.jpg,640x479,1,0.999949,1,1,TP,yolov8l_bsz4.ms,108.25,117.25,225.50,0.500,Light (Music + Nav),5.35,15.58,345.19,2617.00,11499.37,725.48,,0,72,35.00,694,4092115,2839927.81,2,fused
499031,000000499031.jpg,427x640,1,0.999949,1,1,TP,yolov8l_bsz4.ms,108.25,117.25,225.50,0.500,Light (Music + Nav),5.35,15.58,345.19,2617.00,11499.37,725.48,,0,72,35.00,694,4092115,2839927.81,2,fused
142620,000000142620.jpg,640x426,1,0.999948,1,1,TP,yolov8l_bsz4.ms,108.25,117.25,225.50,0.500,Light (Music + Nav),5.35,15.58,345.19,2617.00,11499.37,725.48,,0,72,35.00,694,4092115,2839927.81,2,fused
319100,000000319100.jpg,500x333,1,0.999948,1,1,TP,yolov8l_bsz4.ms,108.25,117.25,225.50,0.500,Light (Music + Nav),5.35,15.58,345.19,2617.00,11499.37,725.48,,0,72,35.00,694,4092115,2839927.81,2,fused
9590,000000009590.jpg,640x427,1,0.999947,1,1,TP,yolov8l_bsz4.ms,108.25,117.00,225.25,0.500,Light (Music + Nav),5.40,15.58,288.17,2669.00,11499.37,776.45,,0,72,35.00,573,4088056,2342456.09,2,fused
237118,000000237118.jpg,580x640,1,0.999947,1,1,TP,yolov8l_bsz4.ms,108.25,117.00,225.25,0.500,Light (Music + Nav),5.40,15.58,288.17,2669.00,11499.37,776.45,,0,72,35.00,573,4088056,2342456.09,2,fused
25057,000000025057.jpg,640x427,1,0.999946,1,1,TP,yolov8l_bsz4.ms,108.25,117.00,225.25,0.500,Light (Music + Nav),5.40,15.58,288.17,2669.00,11499.37,776.45,,0,72,35.00,573,4088056,2342456.09,2,fused
156076,000000156076.jpg,640x478,1,0.999945,1,1,TP,yolov8l_bsz4.ms,108.25,117.00,225.25,0.500,Light (Music + Nav),5.40,15.58,288.17,2669.00,11499.37,776.45,,0,72,35.00,573,4088056,2342456.09,2,fused
384666,000000384666.jpg,500x332,1,0.999945,1,1,TP,yolov8l_bsz4.ms,108.25,120.25,228.50,0.500,Light (Music + Nav),5.32,15.63,366.38,2595.00,11499.37,701.47,,0,72,35.00,601,4089062,2457526.26,2,fused
199442,000000199442.jpg,640x433,1,0.999945,1,1,TP,yolov8l_bsz4.ms,108.25,120.25,228.50,0.500,Light (Music + Nav),5.32,15.63,366.38,2595.00,11499.37,701.47,,0,72,35.00,601,4089062,2457526.26,2,fused
311394,000000311394.jpg,480x640,1,0.999944,1,1,TP,yolov8l_bsz4.ms,108.25,120.25,228.50,0.500,Light (Music + Nav),5.32,15.63,366.38,2595.00,11499.37,701.47,,0,72,35.00,601,4089062,2457526.26,2,fused
5060,000000005060.jpg,480x640,1,0.999944,1,1,TP,yolov8l_bsz4.ms,108.25,120.25,228.50,0.500,Light (Music + Nav),5.32,15.63,366.38,2595.00,11499.37,701.47,,0,72,35.00,601,4089062,2457526.26,2,fused
489339,000000489339.jpg,426x640,1,0.999944,1,1,TP,yolov8l_bsz4.ms,110.00,124.25,234.25,0.500,Light (Music + Nav),5.31,15.63,366.44,2583.00,11499.37,687.38,,0,72,35.00,604,4089379,2469984.92,2,fused
449432,000000449432.jpg,640x427,1,0.999944,1,1,TP,yolov8l_bsz4.ms,110.00,124.25,234.25,0.500,Light (Music + Nav),5.31,15.63,366.44,2583.00,11499.37,687.38,,0,72,35.00,604,4089379,2469984.92,2,fused
302452,000000302452.jpg,403x403,1,0.999943,1,1,TP,yolov8l_bsz4.ms,110.00,124.25,234.25,0.500,Light (Music + Nav),5.31,15.63,366.44,2583.00,11499.37,687.38,,0,72,35.00,604,4089379,2469984.92,2,fused
343803,000000343803.jpg,427x640,1,0.999943,1,1,TP,yolov8l_bsz4.ms,110.00,124.25,234.25,0.500,Light (Music + Nav),5.31,15.63,366.44,2583.00,11499.37,687.38,,0,72,35.00,604,4089379,2469984.92,2,fused
47801,000000047801.jpg,612x612,1,0.999943,1,1,TP,yolov8l_bsz4.ms,108.75,117.00,225.75,0.500,Light (Music + Nav),5.34,15.58,344.37,2612.00,11499.37,715.20,,0,72,35.00,554,4087678,2264573.61,2,fused
117425,000000117425.jpg,640x426,1,0.999941,1,1,TP,yolov8l_bsz4.ms,108.75,117.00,225.75,0.500,Light (Music + Nav),5.34,15.58,344.37,2612.00,11499.37,715.20,,0,72,35.00,554,4087678,2264573.61,2,fused
364126,000000364126.jpg,640x426,1,0.999941,1,1,TP,yolov8l_bsz4.ms,108.75,117.00,225.75,0.500,Light (Music + Nav),5.34,15.58,344.37,2612.00,11499.37,715.20,,0,72,35.00,554,4087678,2264573.61,2,fused
82812,000000082812.jpg,640x360,1,0.999941,1,1,TP,yolov8l_bsz4.ms,108.75,117.00,225.75,0.500,Light (Music + Nav),5.34,15.58,344.37,2612.00,11499.37,715.20,,0,72,35.00,554,4087678,2264573.61,2,fused
183437,000000183437.jpg,427x640,1,0.999940,1,1,TP,yolov8l_bsz4.ms,108.00,112.50,220.50,0.500,Light (Music + Nav),7.43,15.58,289.53,2665.00,11499.37,766.30,,0,72,35.00,547,4087281,2235742.71,2,fused
328601,000000328601.jpg,396x640,1,0.999939,1,1,TP,yolov8l_bsz4.ms,108.00,112.50,220.50,0.500,Light (Music + Nav),7.43,15.58,289.53,2665.00,11499.37,766.30,,0,72,35.00,547,4087281,2235742.71,2,fused
16249,000000016249.jpg,500x365,1,0.999939,1,1,TP,yolov8l_bsz4.ms,108.00,112.50,220.50,0.500,Light (Music + Nav),7.43,15.58,289.53,2665.00,11499.37,766.30,,0,72,35.00,547,4087281,2235742.71,2,fused
124442,000000124442.jpg,375x500,1,0.999938,1,1,TP,yolov8l_bsz4.ms,108.00,112.50,220.50,0.500,Light (Music + Nav),7.43,15.58,289.53,2665.00,11499.37,766.30,,0,72,35.00,547,4087281,2235742.71,2,fused
407298,000000407298.jpg,640x480,1,0.999937,1,1,TP,yolov8l_bsz4.ms,108.00,132.00,240.00,0.500,Light (Music + Nav),5.94,15.58,368.42,2592.00,11499.37,692.38,,0,72,35.00,526,4086368,2149429.57,2,fused
293625,000000293625.jpg,640x480,1,0.999936,1,1,TP,yolov8l_bsz4.ms,108.00,132.00,240.00,0.500,Light (Music + Nav),5.94,15.58,368.42,2592.00,11499.37,692.38,,0,72,35.00,526,4086368,2149429.57,2,fused
65736,000000065736.jpg,640x427,1,0.999936,1,1,TP,yolov8l_bsz4.ms,108.00,132.00,240.00,0.500,Light (Music + Nav),5.94,15.58,368.42,2592.00,11499.37,692.38,,0,72,35.00,526,4086368,2149429.57,2,fused
183391,000000183391.jpg,632x640,1,0.999936,1,1,TP,yolov8l_bsz4.ms,108.00,132.00,240.00,0.500,Light (Music + Nav),5.94,15.58,368.42,2592.00,11499.37,692.38,,0,72,35.00,526,4086368,2149429.57,2,fused
240250,000000240250.jpg,612x612,1,0.999935,1,1,TP,yolov8l_bsz4.ms,109.50,128.00,237.50,0.500,Light (Music + Nav),5.84,15.36,364.05,2586.00,11499.37,685.48,,0,72,35.00,539,4086921,2202850.42,2,fused
428867,000000428867.jpg,500x333,1,0.999935,0,0,FP,yolov8l_bsz4.ms,109.50,128.00,237.50,0.500,Light (Music + Nav),5.84,15.36,364.05,2586.00,11499.37,685.48,,0,72,35.00,539,4086921,2202850.42,2,fused
164883,000000164883.jpg,500x375,1,0.999935,1,1,TP,yolov8l_bsz4.ms,109.50,128.00,237.50,0.500,Light (Music + Nav),5.84,15.36,364.05,2586.00,11499.37,685.48,,0,72,35.00,539,4086921,2202850.42,2,fused
121744,000000121744.jpg,640x426,1,0.999934,1,1,TP,yolov8l_bsz4.ms,109.50,128.00,237.50,0.500,Light (Music + Nav),5.84,15.36,364.05,2586.00,11499.37,685.48,,0,72,35.00,539,4086921,2202850.42,2,fused
311928,000000311928.jpg,640x398,1,0.999933,1,1,TP,yolov8l_bsz4.ms,108.50,115.50,224.00,0.500,Light (Music + Nav),5.69,15.36,343.65,2613.00,11499.37,710.61,,0,72,35.00,566,4088373,2314019.12,2,fused
563882,000000563882.jpg,640x425,1,0.999933,1,1,TP,yolov8l_bsz4.ms,108.50,115.50,224.00,0.500,Light (Music + Nav),5.69,15.36,343.65,2613.00,11499.37,710.61,,0,72,35.00,566,4088373,2314019.12,2,fused
177357,000000177357.jpg,640x396,1,0.999932,1,1,TP,yolov8l_bsz4.ms,108.50,115.50,224.00,0.500,Light (Music + Nav),5.69,15.36,343.65,2613.00,11499.37,710.61,,0,72,35.00,566,4088373,2314019.12,2,fused
54593,000000054593.jpg,640x427,1,0.999931,1,1,TP,yolov8l_bsz4.ms,108.50,115.50,224.00,0.500,Light (Music + Nav),5.69,15.36,343.65,2613.00,11499.37,710.61,,0,72,35.00,566,4088373,2314019.12,2,fused
146457,000000146457.jpg,640x480,1,0.999931,1,1,TP,yolov8l_bsz4.ms,108.75,128.50,237.25,0.500,Light (Music + Nav),5.64,15.50,291.07,2664.00,11499.37,760.34,,0,72,35.00,603,4089490,2465962.47,2,fused
497599,000000497599.jpg,427x640,1,0.999930,1,1,TP,yolov8l_bsz4.ms,108.75,128.50,237.25,0.500,Light (Music + Nav),5.64,15.50,291.07,2664.00,11499.37,760.34,,0,72,35.00,603,4089490,2465962.47,2,fused
554156,000000554156.jpg,640x428,1,0.999930,1,1,TP,yolov8l_bsz4.ms,108.75,128.50,237.25,0.500,Light (Music + Nav),5.64,15.50,291.07,2664.00,11499.37,760.34,,0,72,35.00,603,4089490,2465962.47,2,fused
521259,000000521259.jpg,640x457,1,0.999929,1,1,TP,yolov8l_bsz4.ms,108.75,128.50,237.25,0.500,Light (Music + Nav),5.64,15.50,291.07,2664.00,11499.37,760.34,,0,72,35.00,603,4089490,2465962.47,2,fused
164602,000000164602.jpg,640x480,1,0.999928,1,1,TP,yolov8l_bsz4.ms,108.25,123.00,231.25,0.500,Light (Music + Nav),5.52,15.50,366.70,2594.00,11499.37,689.74,,0,72,35.00,557,4087955,2276990.94,2,fused
253695,000000253695.jpg,427x640,1,0.999928,1,1,TP,yolov8l_bsz4.ms,108.25,123.00,231.25,0.500,Light (Music + Nav),5.52,15.50,366.70,2594.00,11499.37,689.74,,0,72,35.00,557,4087955,2276990.94,2,fused
189775,000000189775.jpg,640x480,1,0.999927,1,1,TP,yolov8l_bsz4.ms,108.25,123.00,231.25,0.500,Light (Music + Nav),5.52,15.50,366.70,2594.00,11499.37,689.74,,0,72,35.00,557,4087955,2276990.94,2,fused
22705,000000022705.jpg,482x640,1,0.999927,1,1,TP,yolov8l_bsz4.ms,108.25,123.00,231.25,0.500,Light (Music + Nav),5.52,15.50,366.70,2594.00,11499.37,689.74,,0,72,35.00,557,4087955,2276990.94,2,fused
327592,000000327592.jpg,640x361,1,0.999926,1,1,TP,yolov8l_bsz4.ms,109.25,112.50,221.75,0.500,Light (Music + Nav),5.47,15.48,364.77,2589.00,11499.37,684.09,,0,72,35.00,605,4089410,2474093.05,2,fused
532481,000000532481.jpg,640x426,1,0.999925,1,1,TP,yolov8l_bsz4.ms,109.25,112.50,221.75,0.500,Light (Music + Nav),5.47,15.48,364.77,2589.00,11499.37,684.09,,0,72,35.00,605,4089410,2474093.05,2,fused
521956,000000521956.jpg,500x330,1,0.999925,1,1,TP,yolov8l_bsz4.ms,109.25,112.50,221.75,0.500,Light (Music + Nav),5.47,15.48,364.77,2589.00,11499.37,684.09,,0,72,35.00,605,4089410,2474093.05,2,fused
261116,000000261116.jpg,500x375,1,0.999924,1,1,TP,yolov8l_bsz4.ms,109.25,112.50,221.75,0.500,Light (Music + Nav),5.47,15.48,364.77,2589.00,11499.37,684.09,,0,72,35.00,605,4089410,2474093.05,2,fused
2685,000000002685.jpg,640x555,1,0.999924,1,1,TP,yolov8l_bsz4.ms,108.50,114.00,222.50,0.500,Light (Music + Nav),5.46,15.48,343.86,2615.00,11499.37,708.24,,0,72,35.00,559,4087757,2285056.16,2,fused
73533,000000073533.jpg,640x480,1,0.999923,1,1,TP,yolov8l_bsz4.ms,108.50,114.00,222.50,0.500,Light (Music + Nav),5.46,15.48,343.86,2615.00,11499.37,708.24,,0,72,35.00,559,4087757,2285056.16,2,fused
273711,000000273711.jpg,640x480,1,0.999922,1,1,TP,yolov8l_bsz4.ms,108.50,114.00,222.50,0.500,Light (Music + Nav),5.46,15.48,343.86,2615.00,11499.37,708.24,,0,72,35.00,559,4087757,2285056.16,2,fused
151657,000000151657.jpg,385x640,1,0.999922,1,1,TP,yolov8l_bsz4.ms,108.50,114.00,222.50,0.500,Light (Music + Nav),5.46,15.48,343.86,2615.00,11499.37,708.24,,0,72,35.00,559,4087757,2285056.16,2,fused
248616,000000248616.jpg,640x427,1,0.999922,1,1,TP,yolov8l_bsz4.ms,113.50,116.00,229.50,0.500,Light (Music + Nav),5.47,15.91,289.87,2660.00,11499.37,751.93,,0,72,35.00,520,4086759,2125114.68,2,fused
84031,000000084031.jpg,640x427,1,0.999921,1,1,TP,yolov8l_bsz4.ms,113.50,116.00,229.50,0.500,Light (Music + Nav),5.47,15.91,289.87,2660.00,11499.37,751.93,,0,72,35.00,520,4086759,2125114.68,2,fused
86755,000000086755.jpg,640x480,1,0.999919,1,1,TP,yolov8l_bsz4.ms,113.50,116.00,229.50,0.500,Light (Music + Nav),5.47,15.91,289.87,2660.00,11499.37,751.93,,0,72,35.00,520,4086759,2125114.68,2,fused
546976,000000546976.jpg,500x375,1,0.999919,1,1,TP,yolov8l_bsz4.ms,113.50,116.00,229.50,0.500,Light (Music + Nav),5.47,15.91,289.87,2660.00,11499.37,751.93,,0,72,35.00,520,4086759,2125114.68,2,fused
301867,000000301867.jpg,640x480,1,0.999918,1,1,TP,yolov8l_bsz4.ms,108.50,131.50,240.00,0.500,Light (Music + Nav),5.41,15.91,366.93,2589.00,11499.37,679.84,,0,72,35.00,610,4089432,2494553.52,2,fused
226147,000000226147.jpg,480x640,1,0.999918,1,1,TP,yolov8l_bsz4.ms,108.50,131.50,240.00,0.500,Light (Music + Nav),5.41,15.91,366.93,2589.00,11499.37,679.84,,0,72,35.00,610,4089432,2494553.52,2,fused
243989,000000243989.jpg,500x438,1,0.999917,1,1,TP,yolov8l_bsz4.ms,108.50,131.50,240.00,0.500,Light (Music + Nav),5.41,15.91,366.93,2589.00,11499.37,679.84,,0,72,35.00,610,4089432,2494553.52,2,fused
60823,000000060823.jpg,640x480,1,0.999916,1,1,TP,yolov8l_bsz4.ms,108.50,131.50,240.00,0.500,Light (Music + Nav),5.41,15.91,366.93,2589.00,11499.37,679.84,,0,72,35.00,610,4089432,2494553.52,2,fused
11197,000000011197.jpg,640x427,1,0.999914,1,1,TP,yolov8l_bsz4.ms,109.00,104.50,213.50,0.500,Light (Music + Nav),8.45,15.91,364.56,2585.00,11499.37,674.28,,0,72,35.00,471,4084936,1924004.86,2,fused
466986,000000466986.jpg,640x478,1,0.999914,1,1,TP,yolov8l_bsz4.ms,109.00,104.50,213.50,0.500,Light (Music + Nav),8.45,15.91,364.56,2585.00,11499.37,674.28,,0,72,35.00,471,4084936,1924004.86,2,fused
55150,000000055150.jpg,640x426,1,0.999914,1,1,TP,yolov8l_bsz4.ms,109.00,104.50,213.50,0.500,Light (Music + Nav),8.45,15.91,364.56,2585.00,11499.37,674.28,,0,72,35.00,471,4084936,1924004.86,2,fused
244496,000000244496.jpg,276x500,1,0.999914,1,1,TP,yolov8l_bsz4.ms,109.00,104.50,213.50,0.500,Light (Music + Nav),8.45,15.91,364.56,2585.00,11499.37,674.28,,0,72,35.00,471,4084936,1924004.86,2,fused
97924,000000097924.jpg,600x400,1,0.999911,1,1,TP,yolov8l_bsz4.ms,108.25,126.25,234.50,0.500,Light (Music + Nav),6.38,14.99,342.96,2612.00,11499.37,699.84,,0,72,35.00,577,4088694,2359176.44,2,fused
190753,000000190753.jpg,640x478,1,0.999911,1,1,TP,yolov8l_bsz4.ms,108.25,126.25,234.50,0.500,Light (Music + Nav),6.38,14.99,342.96,2612.00,11499.37,699.84,,0,72,35.00,577,4088694,2359176.44,2,fused
363207,000000363207.jpg,640x480,1,0.999908,1,1,TP,yolov8l_bsz4.ms,108.25,126.25,234.50,0.500,Light (Music + Nav),6.38,14.99,342.96,2612.00,11499.37,699.84,,0,72,35.00,577,4088694,2359176.44,2,fused
438876,000000438876.jpg,500x333,1,0.999908,1,1,TP,yolov8l_bsz4.ms,108.25,126.25,234.50,0.500,Light (Music + Nav),6.38,14.99,342.96,2612.00,11499.37,699.84,,0,72,35.00,577,4088694,2359176.44,2,fused
345252,000000345252.jpg,640x479,1,0.999907,1,1,TP,yolov8l_bsz4.ms,108.25,117.50,225.75,0.500,Light (Music + Nav),5.96,14.99,289.15,2655.00,11499.37,742.14,,0,72,35.00,544,4086777,2223206.69,2,fused
516038,000000516038.jpg,480x640,1,0.999906,1,1,TP,yolov8l_bsz4.ms,108.25,117.50,225.75,0.500,Light (Music + Nav),5.96,14.99,289.15,2655.00,11499.37,742.14,,0,72,35.00,544,4086777,2223206.69,2,fused
529762,000000529762.jpg,640x480,1,0.999905,1,1,TP,yolov8l_bsz4.ms,108.25,117.50,225.75,0.500,Light (Music + Nav),5.96,14.99,289.15,2655.00,11499.37,742.14,,0,72,35.00,544,4086777,2223206.69,2,fused
465836,000000465836.jpg,500x375,1,0.999904,1,1,TP,yolov8l_bsz4.ms,108.25,117.50,225.75,0.500,Light (Music + Nav),5.96,14.99,289.15,2655.00,11499.37,742.14,,0,72,35.00,544,4086777,2223206.69,2,fused
261097,000000261097.jpg,333x500,1,0.999904,1,1,TP,yolov8l_bsz4.ms,108.25,117.75,226.00,0.500,Light (Music + Nav),5.57,15.28,364.61,2585.00,11499.37,670.43,,0,72,35.00,592,4089018,2420698.66,2,fused
153669,000000153669.jpg,640x427,1,0.999904,1,1,TP,yolov8l_bsz4.ms,108.25,117.75,226.00,0.500,Light (Music + Nav),5.57,15.28,364.61,2585.00,11499.37,670.43,,0,72,35.00,592,4089018,2420698.66,2,fused
180560,000000180560.jpg,640x426,1,0.999903,1,1,TP,yolov8l_bsz4.ms,108.25,117.75,226.00,0.500,Light (Music + Nav),5.57,15.28,364.61,2585.00,11499.37,670.43,,0,72,35.00,592,4089018,2420698.66,2,fused
163562,000000163562.jpg,500x333,1,0.999902,1,1,TP,yolov8l_bsz4.ms,108.25,117.75,226.00,0.500,Light (Music + Nav),5.57,15.28,364.61,2585.00,11499.37,670.43,,0,72,35.00,592,4089018,2420698.66,2,fused
468965,000000468965.jpg,640x480,1,0.999901,1,1,TP,yolov8l_bsz4.ms,109.75,122.25,232.00,0.500,Light (Music + Nav),5.63,15.28,365.02,2583.00,11499.37,667.04,,0,72,35.00,606,4089674,2478342.44,2,fused
36539,000000036539.jpg,427x640,1,0.999901,1,1,TP,yolov8l_bsz4.ms,109.75,122.25,232.00,0.500,Light (Music + Nav),5.63,15.28,365.02,2583.00,11499.37,667.04,,0,72,35.00,606,4089674,2478342.44,2,fused
384808,000000384808.jpg,375x500,1,0.999901,1,1,TP,yolov8l_bsz4.ms,109.75,122.25,232.00,0.500,Light (Music + Nav),5.63,15.28,365.02,2583.00,11499.37,667.04,,0,72,35.00,606,4089674,2478342.44,2,fused
473406,000000473406.jpg,480x640,1,0.999900,1,1,TP,yolov8l_bsz4.ms,109.75,122.25,232.00,0.500,Light (Music + Nav),5.63,15.28,365.02,2583.00,11499.37,667.04,,0,72,35.00,606,4089674,2478342.44,2,fused
138115,000000138115.jpg,448x621,1,0.999898,1,1,TP,yolov8l_bsz4.ms,109.00,127.00,236.00,0.500,Light (Music + Nav),5.57,16.20,344.80,2574.00,11499.37,656.70,,0,72,35.00,541,4087370,2211267.17,2,fused
126137,000000126137.jpg,640x427,1,0.999898,1,1,TP,yolov8l_bsz4.ms,109.00,127.00,236.00,0.500,Light (Music + Nav),5.57,16.20,344.80,2574.00,11499.37,656.70,,0,72,35.00,541,4087370,2211267.17,2,fused
137294,000000137294.jpg,640x427,1,0.999897,1,1,TP,yolov8l_bsz4.ms,109.00,127.00,236.00,0.500,Light (Music + Nav),5.57,16.20,344.80,2574.00,11499.37,656.70,,0,72,35.00,541,4087370,2211267.17,2,fused
381639,000000381639.jpg,584x640,1,0.999895,1,1,TP,yolov8l_bsz4.ms,109.00,127.00,236.00,0.500,Light (Music + Nav),5.57,16.20,344.80,2574.00,11499.37,656.70,,0,72,35.00,541,4087370,2211267.17,2,fused
303893,000000303893.jpg,640x427,1,0.999895,1,1,TP,yolov8l_bsz4.ms,108.00,122.50,230.50,0.500,Light (Music + Nav),5.51,16.20,290.49,2643.00,11499.37,724.36,,0,72,35.00,509,4086338,2079946.04,2,fused
32901,000000032901.jpg,640x546,1,0.999894,1,1,TP,yolov8l_bsz4.ms,108.00,122.50,230.50,0.500,Light (Music + Nav),5.51,16.20,290.49,2643.00,11499.37,724.36,,0,72,35.00,509,4086338,2079946.04,2,fused
145665,000000145665.jpg,429x640,1,0.999894,1,1,TP,yolov8l_bsz4.ms,108.00,122.50,230.50,0.500,Light (Music + Nav),5.51,16.20,290.49,2643.00,11499.37,724.36,,0,72,35.00,509,4086338,2079946.04,2,fused
454067,000000454067.jpg,500x406,1,0.999893,1,1,TP,yolov8l_bsz4.ms,108.00,122.50,230.50,0.500,Light (Music + Nav),5.51,16.20,290.49,2643.00,11499.37,724.36,,0,72,35.00,509,4086338,2079946.04,2,fused
460683,000000460683.jpg,478x640,1,0.999893,1,1,TP,yolov8l_bsz4.ms,108.25,116.75,225.00,0.500,Light (Music + Nav),5.45,18.18,366.98,2548.00,11499.37,628.52,,0,72,35.00,415,4083182,1694520.53,2,fused
495732,000000495732.jpg,427x640,1,0.999893,1,1,TP,yolov8l_bsz4.ms,108.25,116.75,225.00,0.500,Light (Music + Nav),5.45,18.18,366.98,2548.00,11499.37,628.52,,0,72,35.00,415,4083182,1694520.53,2,fused
565877,000000565877.jpg,427x640,1,0.999892,1,1,TP,yolov8l_bsz4.ms,108.25,116.75,225.00,0.500,Light (Music + Nav),5.45,18.18,366.98,2548.00,11499.37,628.52,,0,72,35.00,415,4083182,1694520.53,2,fused
282037,000000282037.jpg,640x449,1,0.999890,1,1,TP,yolov8l_bsz4.ms,108.25,116.75,225.00,0.500,Light (Music + Nav),5.45,18.18,366.98,2548.00,11499.37,628.52,,0,72,35.00,415,4083182,1694520.53,2,fused
270474,000000270474.jpg,500x375,1,0.999890,1,1,TP,yolov8l_bsz4.ms,110.00,118.75,228.75,0.500,Light (Music + Nav),5.40,18.18,362.00,2575.00,11499.37,653.91,,0,72,35.00,593,4088999,2424776.41,2,fused
280918,000000280918.jpg,640x480,1,0.999889,1,1,TP,yolov8l_bsz4.ms,110.00,118.75,228.75,0.500,Light (Music + Nav),5.40,18.18,362.00,2575.00,11499.37,653.91,,0,72,35.00,593,4088999,2424776.41,2,fused
262487,000000262487.jpg,640x480,1,0.999888,1,1,TP,yolov8l_bsz4.ms,110.00,118.75,228.75,0.500,Light (Music + Nav),5.40,18.18,362.00,2575.00,11499.37,653.91,,0,72,35.00,593,4088999,2424776.41,2,fused
447611,000000447611.jpg,500x334,1,0.999888,1,1,TP,yolov8l_bsz4.ms,110.00,118.75,228.75,0.500,Light (Music + Nav),5.40,18.18,362.00,2575.00,11499.37,653.91,,0,72,35.00,593,4088999,2424776.41,2,fused
347254,000000347254.jpg,375x500,1,0.999888,1,1,TP,yolov8l_bsz4.ms,108.00,115.25,223.25,0.500,Light (Music + Nav),5.42,17.68,362.36,2578.00,11499.37,656.00,,0,72,35.00,560,4088045,2289305.20,2,fused
163057,000000163057.jpg,640x480,1,0.999886,1,1,TP,yolov8l_bsz4.ms,108.00,115.25,223.25,0.500,Light (Music + Nav),5.42,17.68,362.36,2578.00,11499.37,656.00,,0,72,35.00,560,4088045,2289305.20,2,fused
15497,000000015497.jpg,640x480,1,0.999884,0,0,FP,yolov8l_bsz4.ms,108.00,115.25,223.25,0.500,Light (Music + Nav),5.42,17.68,362.36,2578.00,11499.37,656.00,,0,72,35.00,560,4088045,2289305.20,2,fused
442456,000000442456.jpg,640x356,1,0.999883,1,1,TP,yolov8l_bsz4.ms,108.00,115.25,223.25,0.500,Light (Music + Nav),5.42,17.68,362.36,2578.00,11499.37,656.00,,0,72,35.00,560,4088045,2289305.20,2,fused
94871,000000094871.jpg,480x640,1,0.999883,1,1,TP,yolov8l_bsz4.ms,108.25,119.50,227.75,0.500,Light (Music + Nav),9.52,17.68,289.46,2645.00,11499.37,721.57,,0,72,35.00,513,4086343,2096293.96,2,fused
458045,000000458045.jpg,500x375,1,0.999882,1,1,TP,yolov8l_bsz4.ms,108.25,119.50,227.75,0.500,Light (Music + Nav),9.52,17.68,289.46,2645.00,11499.37,721.57,,0,72,35.00,513,4086343,2096293.96,2,fused
13659,000000013659.jpg,640x480,1,0.999880,1,1,TP,yolov8l_bsz4.ms,108.25,119.50,227.75,0.500,Light (Music + Nav),9.52,17.68,289.46,2645.00,11499.37,721.57,,0,72,35.00,513,4086343,2096293.96,2,fused
544444,000000544444.jpg,427x640,1,0.999879,1,1,TP,yolov8l_bsz4.ms,108.25,119.50,227.75,0.500,Light (Music + Nav),9.52,17.68,289.46,2645.00,11499.37,721.57,,0,72,35.00,513,4086343,2096293.96,2,fused
287347,000000287347.jpg,478x640,1,0.999877,1,1,TP,yolov8l_bsz4.ms,108.25,105.75,214.00,0.500,Light (Music + Nav),4.66,17.68,367.78,2575.00,11499.37,645.17,,0,72,35.00,300,4079305,1223791.50,3,fused
263425,000000263425.jpg,640x428,1,0.999875,1,1,TP,yolov8l_bsz4.ms,108.25,105.75,214.00,0.500,Light (Music + Nav),4.66,17.68,367.78,2575.00,11499.37,645.17,,0,72,35.00,300,4079305,1223791.50,3,fused
133343,000000133343.jpg,295x480,1,0.999873,1,1,TP,yolov8l_bsz4.ms,108.25,105.75,214.00,0.500,Light (Music + Nav),4.66,17.68,367.78,2575.00,11499.37,645.17,,0,72,35.00,300,4079305,1223791.50,3,fused
515025,000000515025.jpg,640x427,1,0.999872,1,1,TP,yolov8l_bsz4.ms,108.25,105.75,214.00,0.500,Light (Music + Nav),4.66,17.68,367.78,2575.00,11499.37,645.17,,0,72,35.00,300,4079305,1223791.50,3,fused
501005,000000501005.jpg,640x396,1,0.999870,1,1,TP,yolov8l_bsz4.ms,110.00,115.50,225.50,0.500,Light (Music + Nav),4.81,16.54,362.45,2564.00,11499.37,630.67,,0,72,35.00,670,4091242,2741132.14,3,fused
148739,000000148739.jpg,640x426,1,0.999870,1,1,TP,yolov8l_bsz4.ms,110.00,115.50,225.50,0.500,Light (Music + Nav),4.81,16.54,362.45,2564.00,11499.37,630.67,,0,72,35.00,670,4091242,2741132.14,3,fused
302536,000000302536.jpg,500x375,1,0.999867,1,1,TP,yolov8l_bsz4.ms,110.00,115.50,225.50,0.500,Light (Music + Nav),4.81,16.54,362.45,2564.00,11499.37,630.67,,0,72,35.00,670,4091242,2741132.14,3,fused
261318,000000261318.jpg,427x640,1,0.999866,1,1,TP,yolov8l_bsz4.ms,110.00,115.50,225.50,0.500,Light (Music + Nav),4.81,16.54,362.45,2564.00,11499.37,630.67,,0,72,35.00,670,4091242,2741132.14,3,fused
120420,000000120420.jpg,640x480,1,0.999865,1,1,TP,yolov8l_bsz4.ms,108.25,122.75,231.00,0.500,Light (Music + Nav),5.01,16.54,344.19,2594.00,11499.37,659.54,,0,72,35.00,570,4088587,2330494.59,3,fused
370486,000000370486.jpg,421x640,1,0.999865,1,1,TP,yolov8l_bsz4.ms,108.25,122.75,231.00,0.500,Light (Music + Nav),5.01,16.54,344.19,2594.00,11499.37,659.54,,0,72,35.00,570,4088587,2330494.59,3,fused
172877,000000172877.jpg,640x480,1,0.999861,1,1,TP,yolov8l_bsz4.ms,108.25,122.75,231.00,0.500,Light (Music + Nav),5.01,16.54,344.19,2594.00,11499.37,659.54,,0,72,35.00,570,4088587,2330494.59,3,fused
229601,000000229601.jpg,640x427,1,0.999860,1,1,TP,yolov8l_bsz4.ms,108.25,122.75,231.00,0.500,Light (Music + Nav),5.01,16.54,344.19,2594.00,11499.37,659.54,,0,72,35.00,570,4088587,2330494.59,3,fused
575081,000000575081.jpg,640x427,1,0.999859,1,1,TP,yolov8l_bsz4.ms,108.75,124.25,233.00,0.500,Light (Music + Nav),5.20,17.03,298.04,2628.00,11499.37,692.82,,0,72,35.00,510,4086177,2083950.27,3,fused
357978,000000357978.jpg,500x375,1,0.999858,1,1,TP,yolov8l_bsz4.ms,108.75,124.25,233.00,0.500,Light (Music + Nav),5.20,17.03,298.04,2628.00,11499.37,692.82,,0,72,35.00,510,4086177,2083950.27,3,fused
336209,000000336209.jpg,640x432,1,0.999856,1,1,TP,yolov8l_bsz4.ms,108.75,124.25,233.00,0.500,Light (Music + Nav),5.20,17.03,298.04,2628.00,11499.37,692.82,,0,72,35.00,510,4086177,2083950.27,3,fused
62692,000000062692.jpg,427x640,1,0.999852,1,1,TP,yolov8l_bsz4.ms,108.75,124.25,233.00,0.500,Light (Music + Nav),5.20,17.03,298.04,2628.00,11499.37,692.82,,0,72,35.00,510,4086177,2083950.27,3,fused
569825,000000569825.jpg,338x500,1,0.999851,1,1,TP,yolov8l_bsz4.ms,108.25,123.75,232.00,0.500,Light (Music + Nav),5.12,17.03,367.25,2561.00,11499.37,623.81,,0,72,35.00,632,4090397,2585130.90,3,fused
239717,000000239717.jpg,554x640,1,0.999848,1,1,TP,yolov8l_bsz4.ms,108.25,123.75,232.00,0.500,Light (Music + Nav),5.12,17.03,367.25,2561.00,11499.37,623.81,,0,72,35.00,632,4090397,2585130.90,3,fused
64462,000000064462.jpg,500x378,1,0.999845,1,1,TP,yolov8l_bsz4.ms,108.25,123.75,232.00,0.500,Light (Music + Nav),5.12,17.03,367.25,2561.00,11499.37,623.81,,0,72,35.00,632,4090397,2585130.90,3,fused
2473,000000002473.jpg,640x427,1,0.999843,1,1,TP,yolov8l_bsz4.ms,108.25,123.75,232.00,0.500,Light (Music + Nav),5.12,17.03,367.25,2561.00,11499.37,623.81,,0,72,35.00,632,4090397,2585130.90,3,fused
176857,000000176857.jpg,500x375,1,0.999843,1,1,TP,yolov8l_bsz4.ms,113.50,88.00,201.50,0.500,Light (Music + Nav),5.07,16.92,363.37,2570.00,11499.37,631.73,,0,72,35.00,282,4078029,1150004.18,3,fused
325347,000000325347.jpg,640x359,1,0.999841,1,1,TP,yolov8l_bsz4.ms,113.50,88.00,201.50,0.500,Light (Music + Nav),5.07,16.92,363.37,2570.00,11499.37,631.73,,0,72,35.00,282,4078029,1150004.18,3,fused
515982,000000515982.jpg,640x426,1,0.999840,1,1,TP,yolov8l_bsz4.ms,113.50,88.00,201.50,0.500,Light (Music + Nav),5.07,16.92,363.37,2570.00,11499.37,631.73,,0,72,35.00,282,4078029,1150004.18,3,fused
284698,000000284698.jpg,375x500,1,0.999839,1,1,TP,yolov8l_bsz4.ms,113.50,88.00,201.50,0.500,Light (Music + Nav),5.07,16.92,363.37,2570.00,11499.37,631.73,,0,72,35.00,282,4078029,1150004.18,3,fused
388903,000000388903.jpg,500x332,1,0.999838,1,1,TP,yolov8l_bsz4.ms,106.75,99.75,206.50,0.500,Light (Music + Nav),5.11,16.92,343.81,2591.00,11499.37,651.03,,0,72,35.00,-88,4065535,-357767.08,3,fused
419974,000000419974.jpg,426x640,1,0.999834,1,1,TP,yolov8l_bsz4.ms,106.75,99.75,206.50,0.500,Light (Music + Nav),5.11,16.92,343.81,2591.00,11499.37,651.03,,0,72,35.00,-88,4065535,-357767.08,3,fused
560474,000000560474.jpg,640x480,1,0.999834,1,1,TP,yolov8l_bsz4.ms,106.75,99.75,206.50,0.500,Light (Music + Nav),5.11,16.92,343.81,2591.00,11499.37,651.03,,0,72,35.00,-88,4065535,-357767.08,3,fused
569976,000000569976.jpg,480x640,1,0.999833,1,1,TP,yolov8l_bsz4.ms,106.75,99.75,206.50,0.500,Light (Music + Nav),5.11,16.92,343.81,2591.00,11499.37,651.03,,0,72,35.00,-88,4065535,-357767.08,3,fused
228214,000000228214.jpg,429x640,1,0.999832,1,1,TP,yolov8l_bsz4.ms,107.25,93.25,200.50,0.500,Light (Music + Nav),5.08,16.92,289.27,2647.00,11499.37,705.71,,0,72,35.00,-88,4065535,-357767.08,3,fused
371042,000000371042.jpg,640x428,1,0.999831,1,1,TP,yolov8l_bsz4.ms,107.25,93.25,200.50,0.500,Light (Music + Nav),5.08,16.92,289.27,2647.00,11499.37,705.71,,0,72,35.00,-88,4065535,-357767.08,3,fused
450559,000000450559.jpg,427x640,1,0.999831,1,1,TP,yolov8l_bsz4.ms,107.25,93.25,200.50,0.500,Light (Music + Nav),5.08,16.92,289.27,2647.00,11499.37,705.71,,0,72,35.00,-88,4065535,-357767.08,3,fused
231508,000000231508.jpg,335x500,1,0.999829,1,1,TP,yolov8l_bsz4.ms,107.25,93.25,200.50,0.500,Light (Music + Nav),5.08,16.92,289.27,2647.00,11499.37,705.71,,0,72,35.00,-88,4065535,-357767.08,3,fused
258541,000000258541.jpg,336x448,1,0.999826,1,1,TP,yolov8l_bsz4.ms,109.25,107.00,216.25,0.500,Light (Music + Nav),5.04,16.88,366.54,2564.00,11499.37,621.78,,0,72,35.00,-88,4065535,-357767.08,3,fused
154425,000000154425.jpg,640x425,1,0.999825,1,1,TP,yolov8l_bsz4.ms,109.25,107.00,216.25,0.500,Light (Music + Nav),5.04,16.88,366.54,2564.00,11499.37,621.78,,0,72,35.00,-88,4065535,-357767.08,3,fused
396863,000000396863.jpg,640x426,1,0.999825,1,1,TP,yolov8l_bsz4.ms,109.25,107.00,216.25,0.500,Light (Music + Nav),5.04,16.88,366.54,2564.00,11499.37,621.78,,0,72,35.00,-88,4065535,-357767.08,3,fused
213830,000000213830.jpg,640x427,1,0.999822,1,1,TP,yolov8l_bsz4.ms,109.25,107.00,216.25,0.500,Light (Music + Nav),5.04,16.88,366.54,2564.00,11499.37,621.78,,0,72,35.00,-88,4065535,-357767.08,3,fused
194471,000000194471.jpg,334x500,1,0.999820,1,1,TP,yolov8l_bsz4.ms,109.25,119.25,228.50,0.500,Light (Music + Nav),5.10,16.88,362.71,2574.00,11499.37,630.64,,0,72,35.00,535,4086783,2186428.90,3,fused
399764,000000399764.jpg,427x640,1,0.999819,1,1,TP,yolov8l_bsz4.ms,109.25,119.25,228.50,0.500,Light (Music + Nav),5.10,16.88,362.71,2574.00,11499.37,630.64,,0,72,35.00,535,4086783,2186428.90,3,fused
130599,000000130599.jpg,640x480,1,0.999818,1,1,TP,yolov8l_bsz4.ms,109.25,119.25,228.50,0.500,Light (Music + Nav),5.10,16.88,362.71,2574.00,11499.37,630.64,,0,72,35.00,535,4086783,2186428.90,3,fused
521819,000000521819.jpg,640x480,1,0.999818,1,1,TP,yolov8l_bsz4.ms,109.25,119.25,228.50,0.500,Light (Music + Nav),5.10,16.88,362.71,2574.00,11499.37,630.64,,0,72,35.00,535,4086783,2186428.90,3,fused
437205,000000437205.jpg,383x640,1,0.999816,1,1,TP,yolov8l_bsz4.ms,108.00,122.00,230.00,0.500,Light (Music + Nav),8.18,16.56,362.34,2570.00,11499.37,625.41,,0,72,35.00,617,4089526,2523237.54,3,fused
345397,000000345397.jpg,500x375,1,0.999815,1,1,TP,yolov8l_bsz4.ms,108.00,122.00,230.00,0.500,Light (Music + Nav),8.18,16.56,362.34,2570.00,11499.37,625.41,,0,72,35.00,617,4089526,2523237.54,3,fused
398377,000000398377.jpg,500x375,1,0.999814,1,1,TP,yolov8l_bsz4.ms,108.00,122.00,230.00,0.500,Light (Music + Nav),8.18,16.56,362.34,2570.00,11499.37,625.41,,0,72,35.00,617,4089526,2523237.54,3,fused
57672,000000057672.jpg,640x480,1,0.999812,1,1,TP,yolov8l_bsz4.ms,108.00,122.00,230.00,0.500,Light (Music + Nav),8.18,16.56,362.34,2570.00,11499.37,625.41,,0,72,35.00,617,4089526,2523237.54,3,fused
210789,000000210789.jpg,369x520,1,0.999808,1,1,TP,yolov8l_bsz4.ms,109.00,109.75,218.75,0.500,Light (Music + Nav),5.76,16.56,288.99,2648.00,11499.37,702.65,,0,72,35.00,492,4085146,2009891.83,3,fused
166478,000000166478.jpg,640x426,1,0.999806,1,1,TP,yolov8l_bsz4.ms,109.00,109.75,218.75,0.500,Light (Music + Nav),5.76,16.56,288.99,2648.00,11499.37,702.65,,0,72,35.00,492,4085146,2009891.83,3,fused
270883,000000270883.jpg,640x393,1,0.999803,1,1,TP,yolov8l_bsz4.ms,109.00,109.75,218.75,0.500,Light (Music + Nav),5.76,16.56,288.99,2648.00,11499.37,702.65,,0,72,35.00,492,4085146,2009891.83,3,fused
198928,000000198928.jpg,480x640,1,0.999799,1,1,TP,yolov8l_bsz4.ms,109.00,109.75,218.75,0.500,Light (Music + Nav),5.76,16.56,288.99,2648.00,11499.37,702.65,,0,72,35.00,492,4085146,2009891.83,3,fused
447314,000000447314.jpg,640x458,1,0.999792,1,1,TP,yolov8l_bsz4.ms,108.50,120.75,229.25,0.500,Light (Music + Nav),5.48,16.14,367.23,2561.00,11499.37,614.61,,0,72,35.00,552,4087415,2256253.08,3,fused
529148,000000529148.jpg,640x426,1,0.999790,1,1,TP,yolov8l_bsz4.ms,108.50,120.75,229.25,0.500,Light (Music + Nav),5.48,16.14,367.23,2561.00,11499.37,614.61,,0,72,35.00,552,4087415,2256253.08,3,fused
127660,000000127660.jpg,640x513,1,0.999787,1,1,TP,yolov8l_bsz4.ms,108.50,120.75,229.25,0.500,Light (Music + Nav),5.48,16.14,367.23,2561.00,11499.37,614.61,,0,72,35.00,552,4087415,2256253.08,3,fused
256192,000000256192.jpg,640x480,1,0.999786,1,1,TP,yolov8l_bsz4.ms,108.50,120.75,229.25,0.500,Light (Music + Nav),5.48,16.14,367.23,2561.00,11499.37,614.61,,0,72,35.00,552,4087415,2256253.08,3,fused
157756,000000157756.jpg,480x640,1,0.999786,1,1,TP,yolov8l_bsz4.ms,109.00,126.25,235.25,0.500,Light (Music + Nav),5.32,16.14,365.04,2571.00,11499.37,622.37,,0,72,35.00,620,4089875,2535722.50,3,fused
492282,000000492282.jpg,480x640,1,0.999785,1,1,TP,yolov8l_bsz4.ms,109.00,126.25,235.25,0.500,Light (Music + Nav),5.32,16.14,365.04,2571.00,11499.37,622.37,,0,72,35.00,620,4089875,2535722.50,3,fused
427655,000000427655.jpg,427x640,1,0.999784,1,1,TP,yolov8l_bsz4.ms,109.00,126.25,235.25,0.500,Light (Music + Nav),5.32,16.14,365.04,2571.00,11499.37,622.37,,0,72,35.00,620,4089875,2535722.50,3,fused
242724,000000242724.jpg,640x480,1,0.999781,1,1,TP,yolov8l_bsz4.ms,109.00,126.25,235.25,0.500,Light (Music + Nav),5.32,16.14,365.04,2571.00,11499.37,622.37,,0,72,35.00,620,4089875,2535722.50,3,fused
193245,000000193245.jpg,500x375,1,0.999778,1,1,TP,yolov8l_bsz4.ms,108.75,115.50,224.25,0.500,Light (Music + Nav),5.33,15.55,343.82,2586.00,11499.37,636.76,,0,72,35.00,525,4086682,2145508.05,3,fused
283785,000000283785.jpg,500x336,1,0.999777,1,1,TP,yolov8l_bsz4.ms,108.75,115.50,224.25,0.500,Light (Music + Nav),5.33,15.55,343.82,2586.00,11499.37,636.76,,0,72,35.00,525,4086682,2145508.05,3,fused
495146,000000495146.jpg,640x480,1,0.999777,1,1,TP,yolov8l_bsz4.ms,108.75,115.50,224.25,0.500,Light (Music + Nav),5.33,15.55,343.82,2586.00,11499.37,636.76,,0,72,35.00,525,4086682,2145508.05,3,fused
19432,000000019432.jpg,640x480,1,0.999772,1,1,TP,yolov8l_bsz4.ms,108.75,115.50,224.25,0.500,Light (Music + Nav),5.33,15.55,343.82,2586.00,11499.37,636.76,,0,72,35.00,525,4086682,2145508.05,3,fused
50811,000000050811.jpg,640x605,1,0.999770,1,1,TP,yolov8l_bsz4.ms,108.25,117.00,225.25,0.500,Light (Music + Nav),5.37,15.55,288.69,2647.00,11499.37,696.18,,0,72,35.00,547,4087461,2235841.17,3,fused
252776,000000252776.jpg,418x640,1,0.999768,1,1,TP,yolov8l_bsz4.ms,108.25,117.00,225.25,0.500,Light (Music + Nav),5.37,15.55,288.69,2647.00,11499.37,696.18,,0,72,35.00,547,4087461,2235841.17,3,fused
395801,000000395801.jpg,640x480,1,0.999768,1,1,TP,yolov8l_bsz4.ms,108.25,117.00,225.25,0.500,Light (Music + Nav),5.37,15.55,288.69,2647.00,11499.37,696.18,,0,72,35.00,547,4087461,2235841.17,3,fused
7977,000000007977.jpg,429x640,1,0.999768,1,1,TP,yolov8l_bsz4.ms,108.25,117.00,225.25,0.500,Light (Music + Nav),5.37,15.55,288.69,2647.00,11499.37,696.18,,0,72,35.00,547,4087461,2235841.17,3,fused
288862,000000288862.jpg,427x640,1,0.999768,1,1,TP,yolov8l_bsz4.ms,107.25,115.50,222.75,0.500,Light (Music + Nav),5.28,15.55,366.25,2563.00,11499.37,610.61,,0,72,35.00,592,4088884,2420619.33,3,fused
1490,000000001490.jpg,640x315,1,0.999766,1,1,TP,yolov8l_bsz4.ms,107.25,115.50,222.75,0.500,Light (Music + Nav),5.28,15.55,366.25,2563.00,11499.37,610.61,,0,72,35.00,592,4088884,2420619.33,3,fused
459195,000000459195.jpg,500x375,1,0.999765,1,1,TP,yolov8l_bsz4.ms,107.25,115.50,222.75,0.500,Light (Music + Nav),5.28,15.55,366.25,2563.00,11499.37,610.61,,0,72,35.00,592,4088884,2420619.33,3,fused
43816,000000043816.jpg,640x426,1,0.999760,1,1,TP,yolov8l_bsz4.ms,107.25,115.50,222.75,0.500,Light (Music + Nav),5.28,15.55,366.25,2563.00,11499.37,610.61,,0,72,35.00,592,4088884,2420619.33,3,fused
533493,000000533493.jpg,500x281,1,0.999759,1,1,TP,yolov8l_bsz4.ms,110.25,115.50,225.75,0.500,Light (Music + Nav),5.27,15.40,366.79,2571.00,11499.37,617.54,,0,72,35.00,452,4084025,1845979.30,3,fused
535306,000000535306.jpg,500x333,1,0.999757,1,1,TP,yolov8l_bsz4.ms,110.25,115.50,225.75,0.500,Light (Music + Nav),5.27,15.40,366.79,2571.00,11499.37,617.54,,0,72,35.00,452,4084025,1845979.30,3,fused
383838,000000383838.jpg,640x588,1,0.999753,1,1,TP,yolov8l_bsz4.ms,110.25,115.50,225.75,0.500,Light (Music + Nav),5.27,15.40,366.79,2571.00,11499.37,617.54,,0,72,35.00,452,4084025,1845979.30,3,fused
73702,000000073702.jpg,464x640,1,0.999749,1,1,TP,yolov8l_bsz4.ms,110.25,115.50,225.75,0.500,Light (Music + Nav),5.27,15.40,366.79,2571.00,11499.37,617.54,,0,72,35.00,452,4084025,1845979.30,3,fused
461751,000000461751.jpg,640x569,1,0.999746,1,1,TP,yolov8l_bsz4.ms,108.25,122.50,230.75,0.500,Light (Music + Nav),5.28,15.40,347.50,2588.00,11499.37,632.96,,0,72,35.00,583,4088470,2383578.01,3,fused
498747,000000498747.jpg,640x480,1,0.999746,1,1,TP,yolov8l_bsz4.ms,108.25,122.50,230.75,0.500,Light (Music + Nav),5.28,15.40,347.50,2588.00,11499.37,632.96,,0,72,35.00,583,4088470,2383578.01,3,fused
537270,000000537270.jpg,640x480,1,0.999746,1,1,TP,yolov8l_bsz4.ms,108.25,122.50,230.75,0.500,Light (Music + Nav),5.28,15.40,347.50,2588.00,11499.37,632.96,,0,72,35.00,583,4088470,2383578.01,3,fused
532690,000000532690.jpg,528x640,1,0.999742,1,1,TP,yolov8l_bsz4.ms,108.25,122.50,230.75,0.500,Light (Music + Nav),5.28,15.40,347.50,2588.00,11499.37,632.96,,0,72,35.00,583,4088470,2383578.01,3,fused
49759,000000049759.jpg,640x457,1,0.999742,1,1,TP,yolov8l_bsz4.ms,108.25,126.00,234.25,0.500,Light (Music + Nav),5.32,15.43,287.98,2654.00,11499.37,697.58,,0,72,35.00,559,4088024,2285205.42,3,fused
413689,000000413689.jpg,640x426,1,0.999740,1,1,TP,yolov8l_bsz4.ms,108.25,126.00,234.25,0.500,Light (Music + Nav),5.32,15.43,287.98,2654.00,11499.37,697.58,,0,72,35.00,559,4088024,2285205.42,3,fused
177934,000000177934.jpg,640x480,1,0.999737,1,1,TP,yolov8l_bsz4.ms,108.25,126.00,234.25,0.500,Light (Music + Nav),5.32,15.43,287.98,2654.00,11499.37,697.58,,0,72,35.00,559,4088024,2285205.42,3,fused
31296,000000031296.jpg,640x425,1,0.999733,1,1,TP,yolov8l_bsz4.ms,108.25,126.00,234.25,0.500,Light (Music + Nav),5.32,15.43,287.98,2654.00,11499.37,697.58,,0,72,35.00,559,4088024,2285205.42,3,fused
572900,000000572900.jpg,640x480,1,0.999733,1,1,TP,yolov8l_bsz4.ms,107.50,131.00,238.50,0.500,Light (Music + Nav),5.30,15.43,366.35,2571.00,11499.37,612.73,,0,72,35.00,604,4089493,2470053.77,3,fused
451714,000000451714.jpg,480x640,1,0.999732,1,1,TP,yolov8l_bsz4.ms,107.50,131.00,238.50,0.500,Light (Music + Nav),5.30,15.43,366.35,2571.00,11499.37,612.73,,0,72,35.00,604,4089493,2470053.77,3,fused
451084,000000451084.jpg,426x640,1,0.999727,1,1,TP,yolov8l_bsz4.ms,107.50,131.00,238.50,0.500,Light (Music + Nav),5.30,15.43,366.35,2571.00,11499.37,612.73,,0,72,35.00,604,4089493,2470053.77,3,fused
18519,000000018519.jpg,515x640,1,0.999725,1,1,TP,yolov8l_bsz4.ms,107.50,131.00,238.50,0.500,Light (Music + Nav),5.30,15.43,366.35,2571.00,11499.37,612.73,,0,72,35.00,604,4089493,2470053.77,3,fused
122166,000000122166.jpg,640x480,1,0.999721,1,1,TP,yolov8l_bsz4.ms,109.50,119.50,229.00,0.500,Light (Music + Nav),5.12,13.95,364.81,2580.00,11499.37,620.66,,0,72,35.00,589,4089061,2408456.93,3,fused
458755,000000458755.jpg,640x480,1,0.999719,1,1,TP,yolov8l_bsz4.ms,109.50,119.50,229.00,0.500,Light (Music + Nav),5.12,13.95,364.81,2580.00,11499.37,620.66,,0,72,35.00,589,4089061,2408456.93,3,fused
551439,000000551439.jpg,427x640,1,0.999719,1,1,TP,yolov8l_bsz4.ms,109.50,119.50,229.00,0.500,Light (Music + Nav),5.12,13.95,364.81,2580.00,11499.37,620.66,,0,72,35.00,589,4089061,2408456.93,3,fused
576955,000000576955.jpg,640x427,1,0.999717,1,1,TP,yolov8l_bsz4.ms,109.50,119.50,229.00,0.500,Light (Music + Nav),5.12,13.95,364.81,2580.00,11499.37,620.66,,0,72,35.00,589,4089061,2408456.93,3,fused
297595,000000297595.jpg,640x427,1,0.999717,1,1,TP,yolov8l_bsz4.ms,108.75,109.75,218.50,0.500,Light (Music + Nav),5.36,13.95,343.72,2592.00,11499.37,631.16,,0,72,35.00,586,4088896,2396093.06,3,fused
199236,000000199236.jpg,640x424,1,0.999715,1,1,TP,yolov8l_bsz4.ms,108.75,109.75,218.50,0.500,Light (Music + Nav),5.36,13.95,343.72,2592.00,11499.37,631.16,,0,72,35.00,586,4088896,2396093.06,3,fused
173008,000000173008.jpg,640x480,1,0.999714,1,1,TP,yolov8l_bsz4.ms,108.75,109.75,218.50,0.500,Light (Music + Nav),5.36,13.95,343.72,2592.00,11499.37,631.16,,0,72,35.00,586,4088896,2396093.06,3,fused
492362,000000492362.jpg,427x640,1,0.999708,1,1,TP,yolov8l_bsz4.ms,108.75,109.75,218.50,0.500,Light (Music + Nav),5.36,13.95,343.72,2592.00,11499.37,631.16,,0,72,35.00,586,4088896,2396093.06,3,fused
506707,000000506707.jpg,640x427,1,0.999708,1,1,TP,yolov8l_bsz4.ms,108.50,141.50,250.00,0.500,Light (Music + Nav),5.43,15.62,295.46,2648.00,11499.37,685.16,,0,72,35.00,637,4090612,2605719.84,3,fused
142324,000000142324.jpg,640x480,1,0.999706,1,1,TP,yolov8l_bsz4.ms,108.50,141.50,250.00,0.500,Light (Music + Nav),5.43,15.62,295.46,2648.00,11499.37,685.16,,0,72,35.00,637,4090612,2605719.84,3,fused
404923,000000404923.jpg,640x480,1,0.999705,1,1,TP,yolov8l_bsz4.ms,108.50,141.50,250.00,0.500,Light (Music + Nav),5.43,15.62,295.46,2648.00,11499.37,685.16,,0,72,35.00,637,4090612,2605719.84,3,fused
270677,000000270677.jpg,634x640,1,0.999705,1,1,TP,yolov8l_bsz4.ms,108.50,141.50,250.00,0.500,Light (Music + Nav),5.43,15.62,295.46,2648.00,11499.37,685.16,,0,72,35.00,637,4090612,2605719.84,3,fused
579070,000000579070.jpg,640x427,1,0.999704,1,1,TP,yolov8l_bsz4.ms,107.75,121.50,229.25,0.500,Light (Music + Nav),5.28,15.62,370.79,2569.00,11499.37,605.21,,0,72,35.00,536,4087468,2190882.85,3,fused
361551,000000361551.jpg,480x640,1,0.999702,1,1,TP,yolov8l_bsz4.ms,107.75,121.50,229.25,0.500,Light (Music + Nav),5.28,15.62,370.79,2569.00,11499.37,605.21,,0,72,35.00,536,4087468,2190882.85,3,fused
491008,000000491008.jpg,640x427,1,0.999697,1,1,TP,yolov8l_bsz4.ms,107.75,121.50,229.25,0.500,Light (Music + Nav),5.28,15.62,370.79,2569.00,11499.37,605.21,,0,72,35.00,536,4087468,2190882.85,3,fused
389812,000000389812.jpg,640x480,1,0.999695,1,1,TP,yolov8l_bsz4.ms,107.75,121.50,229.25,0.500,Light (Music + Nav),5.28,15.62,370.79,2569.00,11499.37,605.21,,0,72,35.00,536,4087468,2190882.85,3,fused
137246,000000137246.jpg,500x333,1,0.999693,1,1,TP,yolov8l_bsz4.ms,110.00,112.75,222.75,0.500,Light (Music + Nav),5.31,16.22,365.17,2571.00,11499.37,606.16,,0,72,35.00,531,4087516,2170471.00,3,fused
277005,000000277005.jpg,640x426,1,0.999691,1,1,TP,yolov8l_bsz4.ms,110.00,112.75,222.75,0.500,Light (Music + Nav),5.31,16.22,365.17,2571.00,11499.37,606.16,,0,72,35.00,531,4087516,2170471.00,3,fused
244833,000000244833.jpg,640x428,1,0.999685,1,1,TP,yolov8l_bsz4.ms,110.00,112.75,222.75,0.500,Light (Music + Nav),5.31,16.22,365.17,2571.00,11499.37,606.16,,0,72,35.00,531,4087516,2170471.00,3,fused
489305,000000489305.jpg,305x229,1,0.999685,1,1,TP,yolov8l_bsz4.ms,110.00,112.75,222.75,0.500,Light (Music + Nav),5.31,16.22,365.17,2571.00,11499.37,606.16,,0,72,35.00,531,4087516,2170471.00,3,fused
350002,000000350002.jpg,427x640,1,0.999684,1,1,TP,yolov8l_bsz4.ms,108.75,119.25,228.00,0.500,Light (Music + Nav),5.28,16.22,344.57,2581.00,11499.37,614.91,,0,72,35.00,705,4092965,2885540.33,3,fused
872,000000000872.jpg,621x640,1,0.999684,1,1,TP,yolov8l_bsz4.ms,108.75,119.25,228.00,0.500,Light (Music + Nav),5.28,16.22,344.57,2581.00,11499.37,614.91,,0,72,35.00,705,4092965,2885540.33,3,fused
319184,000000319184.jpg,500x294,1,0.999681,1,1,TP,yolov8l_bsz4.ms,108.75,119.25,228.00,0.500,Light (Music + Nav),5.28,16.22,344.57,2581.00,11499.37,614.91,,0,72,35.00,705,4092965,2885540.33,3,fused
83172,000000083172.jpg,640x427,1,0.999670,1,1,TP,yolov8l_bsz4.ms,108.75,119.25,228.00,0.500,Light (Music + Nav),5.28,16.22,344.57,2581.00,11499.37,614.91,,0,72,35.00,705,4092965,2885540.33,3,fused
580197,000000580197.jpg,640x480,1,0.999665,1,1,TP,yolov8l_bsz4.ms,108.50,127.75,236.25,0.500,Light (Music + Nav),5.31,16.17,290.75,2641.00,11499.37,674.38,,0,72,35.00,576,4088667,2355072.19,3,fused
68387,000000068387.jpg,640x480,1,0.999663,1,1,TP,yolov8l_bsz4.ms,108.50,127.75,236.25,0.500,Light (Music + Nav),5.31,16.17,290.75,2641.00,11499.37,674.38,,0,72,35.00,576,4088667,2355072.19,3,fused
170474,000000170474.jpg,640x476,1,0.999663,1,1,TP,yolov8l_bsz4.ms,108.50,127.75,236.25,0.500,Light (Music + Nav),5.31,16.17,290.75,2641.00,11499.37,674.38,,0,72,35.00,576,4088667,2355072.19,3,fused
402720,000000402720.jpg,612x612,1,0.999654,1,1,TP,yolov8l_bsz4.ms,108.50,127.75,236.25,0.500,Light (Music + Nav),5.31,16.17,290.75,2641.00,11499.37,674.38,,0,72,35.00,576,4088667,2355072.19,3,fused
581317,000000581317.jpg,640x354,1,0.999645,1,1,TP,yolov8l_bsz4.ms,108.00,99.75,207.75,0.500,Light (Music + Nav),5.24,16.17,366.70,2552.00,11499.37,584.22,,0,72,35.00,628,4090356,2568743.57,3,fused
125572,000000125572.jpg,640x427,1,0.999644,1,1,TP,yolov8l_bsz4.ms,108.00,99.75,207.75,0.500,Light (Music + Nav),5.24,16.17,366.70,2552.00,11499.37,584.22,,0,72,35.00,628,4090356,2568743.57,3,fused
257624,000000257624.jpg,424x640,1,0.999643,1,1,TP,yolov8l_bsz4.ms,108.00,99.75,207.75,0.500,Light (Music + Nav),5.24,16.17,366.70,2552.00,11499.37,584.22,,0,72,35.00,628,4090356,2568743.57,3,fused
206135,000000206135.jpg,332x500,1,0.999642,0,0,FP,yolov8l_bsz4.ms,108.00,99.75,207.75,0.500,Light (Music + Nav),5.24,16.17,366.70,2552.00,11499.37,584.22,,0,72,35.00,628,4090356,2568743.57,3,fused
18770,000000018770.jpg,640x428,1,0.999639,1,1,TP,yolov8l_bsz4.ms,109.50,114.50,224.00,0.500,Light (Music + Nav),5.26,16.17,364.09,2563.00,11499.37,593.41,,0,72,35.00,536,4087502,2190901.07,3,fused
78748,000000078748.jpg,640x480,1,0.999634,1,1,TP,yolov8l_bsz4.ms,109.50,114.50,224.00,0.500,Light (Music + Nav),5.26,16.17,364.09,2563.00,11499.37,593.41,,0,72,35.00,536,4087502,2190901.07,3,fused
556158,000000556158.jpg,480x640,1,0.999631,1,1,TP,yolov8l_bsz4.ms,109.50,114.50,224.00,0.500,Light (Music + Nav),5.26,16.17,364.09,2563.00,11499.37,593.41,,0,72,35.00,536,4087502,2190901.07,3,fused
463174,000000463174.jpg,640x427,1,0.999621,1,1,TP,yolov8l_bsz4.ms,109.50,114.50,224.00,0.500,Light (Music + Nav),5.26,16.17,364.09,2563.00,11499.37,593.41,,0,72,35.00,536,4087502,2190901.07,3,fused
89078,000000089078.jpg,479x640,1,0.999617,1,1,TP,yolov8l_bsz4.ms,107.75,112.75,220.50,0.500,Light (Music + Nav),5.26,15.99,344.67,2572.00,11499.37,601.83,,0,72,35.00,557,4088375,2277224.88,3,fused
38118,000000038118.jpg,640x427,1,0.999615,1,1,TP,yolov8l_bsz4.ms,107.75,112.75,220.50,0.500,Light (Music + Nav),5.26,15.99,344.67,2572.00,11499.37,601.83,,0,72,35.00,557,4088375,2277224.88,3,fused
65798,000000065798.jpg,640x480,1,0.999609,1,1,TP,yolov8l_bsz4.ms,107.75,112.75,220.50,0.500,Light (Music + Nav),5.26,15.99,344.67,2572.00,11499.37,601.83,,0,72,35.00,557,4088375,2277224.88,3,fused
42102,000000042102.jpg,246x640,1,0.999605,1,1,TP,yolov8l_bsz4.ms,107.75,112.75,220.50,0.500,Light (Music + Nav),5.26,15.99,344.67,2572.00,11499.37,601.83,,0,72,35.00,557,4088375,2277224.88,3,fused
450686,000000450686.jpg,511x640,1,0.999600,1,1,TP,yolov8l_bsz4.ms,108.25,121.50,229.75,0.500,Light (Music + Nav),9.53,15.99,291.93,2637.00,11499.37,677.27,,0,72,35.00,514,4086347,2100382.36,3,fused
569030,000000569030.jpg,500x375,1,0.999593,1,1,TP,yolov8l_bsz4.ms,108.25,121.50,229.75,0.500,Light (Music + Nav),9.53,15.99,291.93,2637.00,11499.37,677.27,,0,72,35.00,514,4086347,2100382.36,3,fused
311392,000000311392.jpg,640x427,1,0.999584,1,1,TP,yolov8l_bsz4.ms,108.25,121.50,229.75,0.500,Light (Music + Nav),9.53,15.99,291.93,2637.00,11499.37,677.27,,0,72,35.00,514,4086347,2100382.36,3,fused
256775,000000256775.jpg,640x480,1,0.999573,1,1,TP,yolov8l_bsz4.ms,108.25,121.50,229.75,0.500,Light (Music + Nav),9.53,15.99,291.93,2637.00,11499.37,677.27,,0,72,35.00,514,4086347,2100382.36,3,fused
350019,000000350019.jpg,426x640,1,0.999571,1,1,TP,yolov8l_bsz4.ms,108.50,115.25,223.75,0.500,Light (Music + Nav),6.09,15.48,367.22,2568.00,11499.37,607.64,,0,72,35.00,662,4091013,2708250.61,3,fused
132703,000000132703.jpg,426x640,1,0.999570,1,1,TP,yolov8l_bsz4.ms,108.50,115.25,223.75,0.500,Light (Music + Nav),6.09,15.48,367.22,2568.00,11499.37,607.64,,0,72,35.00,662,4091013,2708250.61,3,fused
61960,000000061960.jpg,640x371,1,0.999568,1,1,TP,yolov8l_bsz4.ms,108.50,115.25,223.75,0.500,Light (Music + Nav),6.09,15.48,367.22,2568.00,11499.37,607.64,,0,72,35.00,662,4091013,2708250.61,3,fused
72795,000000072795.jpg,640x480,1,0.999554,1,1,TP,yolov8l_bsz4.ms,108.50,115.25,223.75,0.500,Light (Music + Nav),6.09,15.48,367.22,2568.00,11499.37,607.64,,0,72,35.00,662,4091013,2708250.61,3,fused
471756,000000471756.jpg,640x427,1,0.999553,1,1,TP,yolov8l_bsz4.ms,115.50,120.25,235.75,0.500,Light (Music + Nav),5.68,15.48,367.19,2558.00,11499.37,595.17,,0,72,35.00,682,4092390,2791009.98,3,fused
190637,000000190637.jpg,428x640,1,0.999552,1,1,TP,yolov8l_bsz4.ms,115.50,120.25,235.75,0.500,Light (Music + Nav),5.68,15.48,367.19,2558.00,11499.37,595.17,,0,72,35.00,682,4092390,2791009.98,3,fused
354547,000000354547.jpg,427x640,1,0.999552,1,1,TP,yolov8l_bsz4.ms,115.50,120.25,235.75,0.500,Light (Music + Nav),5.68,15.48,367.19,2558.00,11499.37,595.17,,0,72,35.00,682,4092390,2791009.98,3,fused
61747,000000061747.jpg,640x574,1,0.999546,1,1,TP,yolov8l_bsz4.ms,115.50,120.25,235.75,0.500,Light (Music + Nav),5.68,15.48,367.19,2558.00,11499.37,595.17,,0,72,35.00,682,4092390,2791009.98,3,fused
248752,000000248752.jpg,500x375,1,0.999544,1,1,TP,yolov8l_bsz4.ms,108.00,133.00,241.00,0.500,Light (Music + Nav),5.75,14.15,346.42,2587.00,11499.37,621.59,,0,72,35.00,573,4088965,2342976.94,3,fused
297084,000000297084.jpg,612x612,1,0.999544,1,1,TP,yolov8l_bsz4.ms,108.00,133.00,241.00,0.500,Light (Music + Nav),5.75,14.15,346.42,2587.00,11499.37,621.59,,0,72,35.00,573,4088965,2342976.94,3,fused
346703,000000346703.jpg,550x640,1,0.999543,1,1,TP,yolov8l_bsz4.ms,108.00,133.00,241.00,0.500,Light (Music + Nav),5.75,14.15,346.42,2587.00,11499.37,621.59,,0,72,35.00,573,4088965,2342976.94,3,fused
326542,000000326542.jpg,640x480,1,0.999539,1,1,TP,yolov8l_bsz4.ms,108.00,133.00,241.00,0.500,Light (Music + Nav),5.75,14.15,346.42,2587.00,11499.37,621.59,,0,72,35.00,573,4088965,2342976.94,3,fused
218997,000000218997.jpg,640x622,1,0.999539,1,1,TP,yolov8l_bsz4.ms,108.00,122.25,230.25,0.500,Light (Music + Nav),5.65,14.15,289.66,2637.00,11499.37,669.48,,0,72,35.00,563,4088927,2302065.90,3,fused
239773,000000239773.jpg,500x344,1,0.999537,1,1,TP,yolov8l_bsz4.ms,108.00,122.25,230.25,0.500,Light (Music + Nav),5.65,14.15,289.66,2637.00,11499.37,669.48,,0,72,35.00,563,4088927,2302065.90,3,fused
436617,000000436617.jpg,640x425,1,0.999536,1,1,TP,yolov8l_bsz4.ms,108.00,122.25,230.25,0.500,Light (Music + Nav),5.65,14.15,289.66,2637.00,11499.37,669.48,,0,72,35.00,563,4088927,2302065.90,3,fused
226417,000000226417.jpg,500x333,1,0.999531,1,1,TP,yolov8l_bsz4.ms,108.00,122.25,230.25,0.500,Light (Music + Nav),5.65,14.15,289.66,2637.00,11499.37,669.48,,0,72,35.00,563,4088927,2302065.90,3,fused
38829,000000038829.jpg,640x427,1,0.999518,1,1,TP,yolov8l_bsz4.ms,108.00,110.50,218.50,0.500,Light (Music + Nav),5.49,14.15,367.19,2567.00,11499.37,598.38,,0,72,35.00,600,4090058,2454034.80,3,fused
303566,000000303566.jpg,640x426,1,0.999518,1,1,TP,yolov8l_bsz4.ms,108.00,110.50,218.50,0.500,Light (Music + Nav),5.49,14.15,367.19,2567.00,11499.37,598.38,,0,72,35.00,600,4090058,2454034.80,3,fused
206838,000000206838.jpg,640x480,1,0.999511,1,1,TP,yolov8l_bsz4.ms,108.00,110.50,218.50,0.500,Light (Music + Nav),5.49,14.15,367.19,2567.00,11499.37,598.38,,0,72,35.00,600,4090058,2454034.80,3,fused
319721,000000319721.jpg,480x640,1,0.999509,1,1,TP,yolov8l_bsz4.ms,108.00,110.50,218.50,0.500,Light (Music + Nav),5.49,14.15,367.19,2567.00,11499.37,598.38,,0,72,35.00,600,4090058,2454034.80,3,fused
507223,000000507223.jpg,480x640,1,0.999506,1,1,TP,yolov8l_bsz4.ms,109.00,121.25,230.25,0.500,Light (Music + Nav),5.49,12.31,363.94,2569.00,11499.37,598.39,,0,72,35.00,644,4091255,2634768.22,3,fused
440171,000000440171.jpg,411x640,1,0.999504,1,1,TP,yolov8l_bsz4.ms,109.00,121.25,230.25,0.500,Light (Music + Nav),5.49,12.31,363.94,2569.00,11499.37,598.39,,0,72,35.00,644,4091255,2634768.22,3,fused
146831,000000146831.jpg,640x428,1,0.999503,1,1,TP,yolov8l_bsz4.ms,109.00,121.25,230.25,0.500,Light (Music + Nav),5.49,12.31,363.94,2569.00,11499.37,598.39,,0,72,35.00,644,4091255,2634768.22,3,fused
108026,000000108026.jpg,640x428,1,0.999502,1,1,TP,yolov8l_bsz4.ms,109.00,121.25,230.25,0.500,Light (Music + Nav),5.49,12.31,363.94,2569.00,11499.37,598.39,,0,72,35.00,644,4091255,2634768.22,3,fused
180487,000000180487.jpg,640x427,1,0.999497,1,1,TP,yolov8l_bsz4.ms,108.25,124.50,232.75,0.500,Light (Music + Nav),5.49,12.31,344.28,2621.00,11499.37,651.12,,0,72,35.00,627,4090974,2565040.70,3,fused
245448,000000245448.jpg,640x480,1,0.999497,1,1,TP,yolov8l_bsz4.ms,108.25,124.50,232.75,0.500,Light (Music + Nav),5.49,12.31,344.28,2621.00,11499.37,651.12,,0,72,35.00,627,4090974,2565040.70,3,fused
257370,000000257370.jpg,640x480,1,0.999494,1,1,TP,yolov8l_bsz4.ms,108.25,124.50,232.75,0.500,Light (Music + Nav),5.49,12.31,344.28,2621.00,11499.37,651.12,,0,72,35.00,627,4090974,2565040.70,3,fused
93717,000000093717.jpg,640x427,1,0.999487,1,1,TP,yolov8l_bsz4.ms,108.25,124.50,232.75,0.500,Light (Music + Nav),5.49,12.31,344.28,2621.00,11499.37,651.12,,0,72,35.00,627,4090974,2565040.70,3,fused
223955,000000223955.jpg,500x333,1,0.999484,1,1,TP,yolov8l_bsz4.ms,108.25,118.50,226.75,0.500,Light (Music + Nav),5.48,12.08,290.04,2667.00,11499.37,693.88,,0,72,35.00,559,4088614,2285535.23,3,fused
396200,000000396200.jpg,640x427,1,0.999484,1,1,TP,yolov8l_bsz4.ms,108.25,118.50,226.75,0.500,Light (Music + Nav),5.48,12.08,290.04,2667.00,11499.37,693.88,,0,72,35.00,559,4088614,2285535.23,3,fused
123633,000000123633.jpg,640x480,1,0.999477,1,1,TP,yolov8l_bsz4.ms,108.25,118.50,226.75,0.500,Light (Music + Nav),5.48,12.08,290.04,2667.00,11499.37,693.88,,0,72,35.00,559,4088614,2285535.23,3,fused
99024,000000099024.jpg,640x482,1,0.999471,1,1,TP,yolov8l_bsz4.ms,108.25,118.50,226.75,0.500,Light (Music + Nav),5.48,12.08,290.04,2667.00,11499.37,693.88,,0,72,35.00,559,4088614,2285535.23,3,fused
283268,000000283268.jpg,640x427,1,0.999467,1,1,TP,yolov8l_bsz4.ms,108.00,123.50,231.50,0.500,Light (Music + Nav),5.46,12.08,367.09,2595.00,11499.37,621.53,,0,72,35.00,495,4086881,2023006.09,3,fused
459662,000000459662.jpg,640x480,1,0.999467,1,1,TP,yolov8l_bsz4.ms,108.00,123.50,231.50,0.500,Light (Music + Nav),5.46,12.08,367.09,2595.00,11499.37,621.53,,0,72,35.00,495,4086881,2023006.09,3,fused
58705,000000058705.jpg,640x482,1,0.999463,1,1,TP,yolov8l_bsz4.ms,108.00,123.50,231.50,0.500,Light (Music + Nav),5.46,12.08,367.09,2595.00,11499.37,621.53,,0,72,35.00,495,4086881,2023006.09,3,fused
577932,000000577932.jpg,640x543,1,0.999462,1,1,TP,yolov8l_bsz4.ms,108.00,123.50,231.50,0.500,Light (Music + Nav),5.46,12.08,367.09,2595.00,11499.37,621.53,,0,72,35.00,495,4086881,2023006.09,3,fused
372577,000000372577.jpg,480x640,1,0.999461,1,1,TP,yolov8l_bsz4.ms,110.00,117.75,227.75,0.500,Light (Music + Nav),8.82,12.17,362.66,2704.00,11499.37,729.25,,0,72,35.00,545,4088102,2228015.59,3,fused
428218,000000428218.jpg,640x480,1,0.999459,1,1,TP,yolov8l_bsz4.ms,110.00,117.75,227.75,0.500,Light (Music + Nav),8.82,12.17,362.66,2704.00,11499.37,729.25,,0,72,35.00,545,4088102,2228015.59,3,fused
313454,000000313454.jpg,640x388,1,0.999449,1,1,TP,yolov8l_bsz4.ms,110.00,117.75,227.75,0.500,Light (Music + Nav),8.82,12.17,362.66,2704.00,11499.37,729.25,,0,72,35.00,545,4088102,2228015.59,3,fused
325838,000000325838.jpg,640x480,1,0.999440,1,1,TP,yolov8l_bsz4.ms,110.00,117.75,227.75,0.500,Light (Music + Nav),8.82,12.17,362.66,2704.00,11499.37,729.25,,0,72,35.00,545,4088102,2228015.59,3,fused
376112,000000376112.jpg,426x640,1,0.999438,1,1,TP,yolov8l_bsz4.ms,108.25,126.00,234.25,0.500,Light (Music + Nav),5.51,12.17,344.26,2729.00,11499.37,753.80,,0,72,35.00,593,4090089,2425422.78,3,fused
239857,000000239857.jpg,500x333,1,0.999430,1,1,TP,yolov8l_bsz4.ms,108.25,126.00,234.25,0.500,Light (Music + Nav),5.51,12.17,344.26,2729.00,11499.37,753.80,,0,72,35.00,593,4090089,2425422.78,3,fused
444142,000000444142.jpg,427x640,1,0.999416,1,1,TP,yolov8l_bsz4.ms,108.25,126.00,234.25,0.500,Light (Music + Nav),5.51,12.17,344.26,2729.00,11499.37,753.80,,0,72,35.00,593,4090089,2425422.78,3,fused
554579,000000554579.jpg,494x640,1,0.999414,1,1,TP,yolov8l_bsz4.ms,108.25,126.00,234.25,0.500,Light (Music + Nav),5.51,12.17,344.26,2729.00,11499.37,753.80,,0,72,35.00,593,4090089,2425422.78,3,fused
376322,000000376322.jpg,478x640,1,0.999406,1,1,TP,yolov8l_bsz4.ms,108.00,115.00,223.00,0.500,Light (Music + Nav),5.48,12.00,289.75,2780.00,11499.37,801.49,,0,72,35.00,536,4088140,2191243.04,3,fused
502737,000000502737.jpg,480x640,1,0.999405,1,1,TP,yolov8l_bsz4.ms,108.00,115.00,223.00,0.500,Light (Music + Nav),5.48,12.00,289.75,2780.00,11499.37,801.49,,0,72,35.00,536,4088140,2191243.04,3,fused
509014,000000509014.jpg,640x281,1,0.999398,1,1,TP,yolov8l_bsz4.ms,108.00,115.00,223.00,0.500,Light (Music + Nav),5.48,12.00,289.75,2780.00,11499.37,801.49,,0,72,35.00,536,4088140,2191243.04,3,fused
319369,000000319369.jpg,640x432,1,0.999390,1,1,TP,yolov8l_bsz4.ms,108.00,115.00,223.00,0.500,Light (Music + Nav),5.48,12.00,289.75,2780.00,11499.37,801.49,,0,72,35.00,536,4088140,2191243.04,3,fused
127394,000000127394.jpg,409x640,1,0.999376,1,1,TP,yolov8l_bsz4.ms,108.00,110.00,218.00,0.500,Light (Music + Nav),5.23,12.00,366.83,2709.00,11499.37,729.88,,0,72,35.00,548,4088480,2240487.04,3,fused
190923,000000190923.jpg,375x500,1,0.999374,1,1,TP,yolov8l_bsz4.ms,108.00,110.00,218.00,0.500,Light (Music + Nav),5.23,12.00,366.83,2709.00,11499.37,729.88,,0,72,35.00,548,4088480,2240487.04,3,fused
261732,000000261732.jpg,640x438,1,0.999371,1,1,TP,yolov8l_bsz4.ms,108.00,110.00,218.00,0.500,Light (Music + Nav),5.23,12.00,366.83,2709.00,11499.37,729.88,,0,72,35.00,548,4088480,2240487.04,3,fused
187362,000000187362.jpg,640x425,1,0.999361,1,1,TP,yolov8l_bsz4.ms,108.00,110.00,218.00,0.500,Light (Music + Nav),5.23,12.00,366.83,2709.00,11499.37,729.88,,0,72,35.00,548,4088480,2240487.04,3,fused
280710,000000280710.jpg,640x480,1,0.999357,1,1,TP,yolov8l_bsz4.ms,116.25,115.25,231.50,0.500,Light (Music + Nav),5.24,11.58,365.79,2705.00,11499.37,723.75,,0,72,35.00,577,4089762,2359792.67,3,fused
341921,000000341921.jpg,640x478,1,0.999357,1,1,TP,yolov8l_bsz4.ms,116.25,115.25,231.50,0.500,Light (Music + Nav),5.24,11.58,365.79,2705.00,11499.37,723.75,,0,72,35.00,577,4089762,2359792.67,3,fused
39951,000000039951.jpg,640x445,1,0.999349,1,1,TP,yolov8l_bsz4.ms,116.25,115.25,231.50,0.500,Light (Music + Nav),5.24,11.58,365.79,2705.00,11499.37,723.75,,0,72,35.00,577,4089762,2359792.67,3,fused
172946,000000172946.jpg,427x640,1,0.999339,1,1,TP,yolov8l_bsz4.ms,116.25,115.25,231.50,0.500,Light (Music + Nav),5.24,11.58,365.79,2705.00,11499.37,723.75,,0,72,35.00,577,4089762,2359792.67,3,fused
214753,000000214753.jpg,640x424,1,0.999337,1,1,TP,yolov8l_bsz4.ms,106.00,95.00,201.00,0.500,Light (Music + Nav),5.30,11.58,345.51,2733.00,11499.37,750.18,,0,72,35.00,362,4081909,1477651.06,3,fused
9448,000000009448.jpg,551x640,1,0.999321,1,1,TP,yolov8l_bsz4.ms,106.00,95.00,201.00,0.500,Light (Music + Nav),5.30,11.58,345.51,2733.00,11499.37,750.18,,0,72,35.00,362,4081909,1477651.06,3,fused
7088,000000007088.jpg,478x640,1,0.999319,1,1,TP,yolov8l_bsz4.ms,106.00,95.00,201.00,0.500,Light (Music + Nav),5.30,11.58,345.51,2733.00,11499.37,750.18,,0,72,35.00,362,4081909,1477651.06,3,fused
479248,000000479248.jpg,640x480,1,0.999319,1,1,TP,yolov8l_bsz4.ms,106.00,95.00,201.00,0.500,Light (Music + Nav),5.30,11.58,345.51,2733.00,11499.37,750.18,,0,72,35.00,362,4081909,1477651.06,3,fused
297562,000000297562.jpg,640x480,1,0.999311,1,1,TP,yolov8l_bsz4.ms,107.75,99.25,207.00,0.500,Light (Music + Nav),5.24,11.58,292.46,2780.00,11499.37,795.97,,0,72,35.00,265,4078384,1080771.76,3,fused
547886,000000547886.jpg,640x427,1,0.999309,1,1,TP,yolov8l_bsz4.ms,107.75,99.25,207.00,0.500,Light (Music + Nav),5.24,11.58,292.46,2780.00,11499.37,795.97,,0,72,35.00,265,4078384,1080771.76,3,fused
32887,000000032887.jpg,640x480,1,0.999304,1,1,TP,yolov8l_bsz4.ms,107.75,99.25,207.00,0.500,Light (Music + Nav),5.24,11.58,292.46,2780.00,11499.37,795.97,,0,72,35.00,265,4078384,1080771.76,3,fused
394206,000000394206.jpg,640x480,1,0.999301,1,1,TP,yolov8l_bsz4.ms,107.75,99.25,207.00,0.500,Light (Music + Nav),5.24,11.58,292.46,2780.00,11499.37,795.97,,0,72,35.00,265,4078384,1080771.76,3,fused
301135,000000301135.jpg,428x640,1,0.999296,1,1,TP,yolov8l_bsz4.ms,108.50,97.25,205.75,0.500,Light (Music + Nav),5.16,10.91,366.97,2708.00,11499.37,725.48,,0,72,35.00,415,4083144,1694504.76,3,fused
260261,000000260261.jpg,426x640,1,0.999284,1,1,TP,yolov8l_bsz4.ms,108.50,97.25,205.75,0.500,Light (Music + Nav),5.16,10.91,366.97,2708.00,11499.37,725.48,,0,72,35.00,415,4083144,1694504.76,3,fused
148662,000000148662.jpg,640x480,1,0.999272,1,1,TP,yolov8l_bsz4.ms,108.50,97.25,205.75,0.500,Light (Music + Nav),5.16,10.91,366.97,2708.00,11499.37,725.48,,0,72,35.00,415,4083144,1694504.76,3,fused
46497,000000046497.jpg,500x332,1,0.999269,1,1,TP,yolov8l_bsz4.ms,108.50,97.25,205.75,0.500,Light (Music + Nav),5.16,10.91,366.97,2708.00,11499.37,725.48,,0,72,35.00,415,4083144,1694504.76,3,fused
166165,000000166165.jpg,561x640,1,0.999268,1,1,TP,yolov8l_bsz4.ms,110.50,105.25,215.75,0.500,Light (Music + Nav),5.16,10.91,367.08,2764.00,11499.37,684.11,,0,72,35.00,312,4080456,1273102.27,3,fused
334399,000000334399.jpg,640x480,1,0.999267,1,1,TP,yolov8l_bsz4.ms,110.50,105.25,215.75,0.500,Light (Music + Nav),5.16,10.91,367.08,2764.00,11499.37,684.11,,0,72,35.00,312,4080456,1273102.27,3,fused
140556,000000140556.jpg,640x457,1,0.999266,1,1,TP,yolov8l_bsz4.ms,110.50,105.25,215.75,0.500,Light (Music + Nav),5.16,10.91,367.08,2764.00,11499.37,684.11,,0,72,35.00,312,4080456,1273102.27,3,fused
64868,000000064868.jpg,500x375,1,0.999253,1,1,TP,yolov8l_bsz4.ms,110.50,105.25,215.75,0.500,Light (Music + Nav),5.16,10.91,367.08,2764.00,11499.37,684.11,,0,72,35.00,312,4080456,1273102.27,3,fused
536038,000000536038.jpg,358x640,1,0.999251,1,1,TP,yolov8l_bsz4.ms,108.25,104.25,212.50,0.500,Light (Music + Nav),5.21,11.34,345.09,2792.00,11499.37,710.75,,0,72,35.00,579,4089150,2367617.85,3,fused
352582,000000352582.jpg,425x640,1,0.999248,1,1,TP,yolov8l_bsz4.ms,108.25,104.25,212.50,0.500,Light (Music + Nav),5.21,11.34,345.09,2792.00,11499.37,710.75,,0,72,35.00,579,4089150,2367617.85,3,fused
223188,000000223188.jpg,427x640,1,0.999238,1,1,TP,yolov8l_bsz4.ms,108.25,104.25,212.50,0.500,Light (Music + Nav),5.21,11.34,345.09,2792.00,11499.37,710.75,,0,72,35.00,579,4089150,2367617.85,3,fused
326970,000000326970.jpg,640x480,1,0.999220,1,1,TP,yolov8l_bsz4.ms,108.25,104.25,212.50,0.500,Light (Music + Nav),5.21,11.34,345.09,2792.00,11499.37,710.75,,0,72,35.00,579,4089150,2367617.85,3,fused
182021,000000182021.jpg,640x360,1,0.999213,1,1,TP,yolov8l_bsz4.ms,107.75,103.50,211.25,0.500,Light (Music + Nav),5.17,11.34,289.92,2841.00,11499.37,758.73,,0,72,35.00,684,4092150,2799030.60,3,fused
151629,000000151629.jpg,427x640,1,0.999209,1,1,TP,yolov8l_bsz4.ms,107.75,103.50,211.25,0.500,Light (Music + Nav),5.17,11.34,289.92,2841.00,11499.37,758.73,,0,72,35.00,684,4092150,2799030.60,3,fused
409198,000000409198.jpg,640x427,1,0.999207,1,1,TP,yolov8l_bsz4.ms,107.75,103.50,211.25,0.500,Light (Music + Nav),5.17,11.34,289.92,2841.00,11499.37,758.73,,0,72,35.00,684,4092150,2799030.60,3,fused
7281,000000007281.jpg,640x361,1,0.999207,1,1,TP,yolov8l_bsz4.ms,107.75,103.50,211.25,0.500,Light (Music + Nav),5.17,11.34,289.92,2841.00,11499.37,758.73,,0,72,35.00,684,4092150,2799030.60,3,fused
211825,000000211825.jpg,640x480,1,0.999205,1,1,TP,yolov8l_bsz4.ms,108.50,121.75,230.25,0.500,Light (Music + Nav),9.20,17.36,366.78,2770.00,11499.37,686.72,,0,72,35.00,524,4087102,2141641.45,3,fused
36936,000000036936.jpg,640x404,1,0.999201,1,1,TP,yolov8l_bsz4.ms,108.50,121.75,230.25,0.500,Light (Music + Nav),9.20,17.36,366.78,2770.00,11499.37,686.72,,0,72,35.00,524,4087102,2141641.45,3,fused
205105,000000205105.jpg,640x428,1,0.999193,1,1,TP,yolov8l_bsz4.ms,108.50,121.75,230.25,0.500,Light (Music + Nav),9.20,17.36,366.78,2770.00,11499.37,686.72,,0,72,35.00,524,4087102,2141641.45,3,fused
169076,000000169076.jpg,612x612,1,0.999192,1,1,TP,yolov8l_bsz4.ms,108.50,121.75,230.25,0.500,Light (Music + Nav),9.20,17.36,366.78,2770.00,11499.37,686.72,,0,72,35.00,524,4087102,2141641.45,3,fused
1268,000000001268.jpg,640x427,1,0.999183,1,1,TP,yolov8l_bsz4.ms,110.25,113.00,223.25,0.500,Light (Music + Nav),5.82,17.36,365.65,2760.00,11499.37,675.79,,0,72,35.00,634,4091130,2593776.42,3,fused
281687,000000281687.jpg,500x375,1,0.999167,1,1,TP,yolov8l_bsz4.ms,110.25,113.00,223.25,0.500,Light (Music + Nav),5.82,17.36,365.65,2760.00,11499.37,675.79,,0,72,35.00,634,4091130,2593776.42,3,fused
12120,000000012120.jpg,640x428,1,0.999166,1,1,TP,yolov8l_bsz4.ms,110.25,113.00,223.25,0.500,Light (Music + Nav),5.82,17.36,365.65,2760.00,11499.37,675.79,,0,72,35.00,634,4091130,2593776.42,3,fused
380706,000000380706.jpg,640x426,1,0.999158,1,1,TP,yolov8l_bsz4.ms,110.25,113.00,223.25,0.500,Light (Music + Nav),5.82,17.36,365.65,2760.00,11499.37,675.79,,0,72,35.00,634,4091130,2593776.42,3,fused
441247,000000441247.jpg,640x424,1,0.999151,1,1,TP,yolov8l_bsz4.ms,108.50,114.75,223.25,0.500,Light (Music + Nav),5.65,17.36,343.78,2788.00,11499.37,702.27,,0,72,35.00,681,4092853,2787232.89,3,fused
144300,000000144300.jpg,640x427,1,0.999142,1,1,TP,yolov8l_bsz4.ms,108.50,114.75,223.25,0.500,Light (Music + Nav),5.65,17.36,343.78,2788.00,11499.37,702.27,,0,72,35.00,681,4092853,2787232.89,3,fused
241668,000000241668.jpg,460x640,1,0.999142,1,1,TP,yolov8l_bsz4.ms,108.50,114.75,223.25,0.500,Light (Music + Nav),5.65,17.36,343.78,2788.00,11499.37,702.27,,0,72,35.00,681,4092853,2787232.89,3,fused
420916,000000420916.jpg,640x400,1,0.999136,1,1,TP,yolov8l_bsz4.ms,108.50,114.75,223.25,0.500,Light (Music + Nav),5.65,17.36,343.78,2788.00,11499.37,702.27,,0,72,35.00,681,4092853,2787232.89,3,fused
468954,000000468954.jpg,640x427,1,0.999126,1,1,TP,yolov8l_bsz4.ms,108.25,115.25,223.50,0.500,Light (Music + Nav),5.50,10.09,298.71,2827.00,11499.37,740.38,,0,72,35.00,509,4087158,2080363.42,3,fused
74092,000000074092.jpg,332x500,1,0.999124,1,1,TP,yolov8l_bsz4.ms,108.25,115.25,223.50,0.500,Light (Music + Nav),5.50,10.09,298.71,2827.00,11499.37,740.38,,0,72,35.00,509,4087158,2080363.42,3,fused
273232,000000273232.jpg,640x425,1,0.999121,1,1,TP,yolov8l_bsz4.ms,108.25,115.25,223.50,0.500,Light (Music + Nav),5.50,10.09,298.71,2827.00,11499.37,740.38,,0,72,35.00,509,4087158,2080363.42,3,fused
282298,000000282298.jpg,640x480,1,0.999103,1,1,TP,yolov8l_bsz4.ms,108.25,115.25,223.50,0.500,Light (Music + Nav),5.50,10.09,298.71,2827.00,11499.37,740.38,,0,72,35.00,509,4087158,2080363.42,3,fused
107226,000000107226.jpg,480x640,1,0.999097,1,1,TP,yolov8l_bsz4.ms,107.75,117.00,224.75,0.500,Light (Music + Nav),5.42,10.09,364.97,2737.00,11499.37,624.14,,0,72,35.00,414,4083763,1690677.88,3,fused
12576,000000012576.jpg,480x640,1,0.999092,1,1,TP,yolov8l_bsz4.ms,107.75,117.00,224.75,0.500,Light (Music + Nav),5.42,10.09,364.97,2737.00,11499.37,624.14,,0,72,35.00,414,4083763,1690677.88,3,fused
563267,000000563267.jpg,500x375,1,0.999086,1,1,TP,yolov8l_bsz4.ms,107.75,117.00,224.75,0.500,Light (Music + Nav),5.42,10.09,364.97,2737.00,11499.37,624.14,,0,72,35.00,414,4083763,1690677.88,3,fused
479155,000000479155.jpg,500x332,1,0.999075,1,1,TP,yolov8l_bsz4.ms,107.75,117.00,224.75,0.500,Light (Music + Nav),5.42,10.09,364.97,2737.00,11499.37,624.14,,0,72,35.00,414,4083763,1690677.88,3,fused
263969,000000263969.jpg,640x610,1,0.999070,1,1,TP,yolov8l_bsz4.ms,109.75,113.50,223.25,0.500,Light (Music + Nav),5.41,13.00,365.15,2760.00,11499.37,645.39,,0,72,35.00,502,4086894,2051620.79,3,fused
227898,000000227898.jpg,640x424,1,0.999062,1,1,TP,yolov8l_bsz4.ms,109.75,113.50,223.25,0.500,Light (Music + Nav),5.41,13.00,365.15,2760.00,11499.37,645.39,,0,72,35.00,502,4086894,2051620.79,3,fused
105912,000000105912.jpg,500x375,1,0.999060,1,1,TP,yolov8l_bsz4.ms,109.75,113.50,223.25,0.500,Light (Music + Nav),5.41,13.00,365.15,2760.00,11499.37,645.39,,0,72,35.00,502,4086894,2051620.79,3,fused
90891,000000090891.jpg,640x431,1,0.999039,1,1,TP,yolov8l_bsz4.ms,109.75,113.50,223.25,0.500,Light (Music + Nav),5.41,13.00,365.15,2760.00,11499.37,645.39,,0,72,35.00,502,4086894,2051620.79,3,fused
195842,000000195842.jpg,640x480,1,0.999023,1,1,TP,yolov8l_bsz4.ms,108.25,98.50,206.75,0.500,Light (Music + Nav),5.36,13.00,346.63,2729.00,11499.37,611.95,,0,72,36.00,584,4089048,2388004.03,3,fused
284743,000000284743.jpg,640x425,1,0.999012,1,1,TP,yolov8l_bsz4.ms,108.25,98.50,206.75,0.500,Light (Music + Nav),5.36,13.00,346.63,2729.00,11499.37,611.95,,0,72,36.00,584,4089048,2388004.03,3,fused
99114,000000099114.jpg,500x335,1,0.999003,1,1,TP,yolov8l_bsz4.ms,108.25,98.50,206.75,0.500,Light (Music + Nav),5.36,13.00,346.63,2729.00,11499.37,611.95,,0,72,36.00,584,4089048,2388004.03,3,fused
2153,000000002153.jpg,640x480,1,0.999001,1,1,TP,yolov8l_bsz4.ms,108.25,98.50,206.75,0.500,Light (Music + Nav),5.36,13.00,346.63,2729.00,11499.37,611.95,,0,72,36.00,584,4089048,2388004.03,3,fused
232649,000000232649.jpg,375x500,1,0.999000,1,1,TP,yolov8l_bsz4.ms,108.75,117.50,226.25,0.500,Light (Music + Nav),5.40,13.81,292.70,2808.00,11499.37,691.95,,0,72,36.00,603,4090239,2466414.12,3,fused
538458,000000538458.jpg,640x427,1,0.998999,1,1,TP,yolov8l_bsz4.ms,108.75,117.50,226.25,0.500,Light (Music + Nav),5.40,13.81,292.70,2808.00,11499.37,691.95,,0,72,36.00,603,4090239,2466414.12,3,fused
514508,000000514508.jpg,640x480,1,0.998998,1,1,TP,yolov8l_bsz4.ms,108.75,117.50,226.25,0.500,Light (Music + Nav),5.40,13.81,292.70,2808.00,11499.37,691.95,,0,72,36.00,603,4090239,2466414.12,3,fused
161781,000000161781.jpg,640x428,1,0.998994,1,1,TP,yolov8l_bsz4.ms,108.75,117.50,226.25,0.500,Light (Music + Nav),5.40,13.81,292.70,2808.00,11499.37,691.95,,0,72,36.00,603,4090239,2466414.12,3,fused
142971,000000142971.jpg,640x427,1,0.998958,1,1,TP,yolov8l_bsz4.ms,108.25,121.00,229.25,0.500,Light (Music + Nav),5.31,13.81,366.33,2746.00,11499.37,627.32,,0,72,36.00,668,4092530,2733810.04,3,fused
246436,000000246436.jpg,480x640,1,0.998943,1,1,TP,yolov8l_bsz4.ms,108.25,121.00,229.25,0.500,Light (Music + Nav),5.31,13.81,366.33,2746.00,11499.37,627.32,,0,72,36.00,668,4092530,2733810.04,3,fused
553221,000000553221.jpg,640x427,1,0.998930,1,1,TP,yolov8l_bsz4.ms,108.25,121.00,229.25,0.500,Light (Music + Nav),5.31,13.81,366.33,2746.00,11499.37,627.32,,0,72,36.00,668,4092530,2733810.04,3,fused
451043,000000451043.jpg,640x427,1,0.998926,1,1,TP,yolov8l_bsz4.ms,108.25,121.00,229.25,0.500,Light (Music + Nav),5.31,13.81,366.33,2746.00,11499.37,627.32,,0,72,36.00,668,4092530,2733810.04,3,fused
213035,000000213035.jpg,640x427,1,0.998911,1,1,TP,yolov8l_bsz4.ms,111.00,107.75,218.75,0.500,Light (Music + Nav),5.31,13.81,363.76,2758.00,11499.37,637.48,,0,72,36.00,638,4091485,2610367.43,3,fused
280930,000000280930.jpg,640x425,1,0.998907,1,1,TP,yolov8l_bsz4.ms,111.00,107.75,218.75,0.500,Light (Music + Nav),5.31,13.81,363.76,2758.00,11499.37,637.48,,0,72,36.00,638,4091485,2610367.43,3,fused
311002,000000311002.jpg,640x427,1,0.998903,1,1,TP,yolov8l_bsz4.ms,111.00,107.75,218.75,0.500,Light (Music + Nav),5.31,13.81,363.76,2758.00,11499.37,637.48,,0,72,36.00,638,4091485,2610367.43,3,fused
336232,000000336232.jpg,640x427,1,0.998900,1,1,TP,yolov8l_bsz4.ms,111.00,107.75,218.75,0.500,Light (Music + Nav),5.31,13.81,363.76,2758.00,11499.37,637.48,,0,72,36.00,638,4091485,2610367.43,3,fused
166918,000000166918.jpg,480x640,1,0.998896,1,1,TP,yolov8l_bsz4.ms,108.25,105.75,214.00,0.500,Light (Music + Nav),5.32,12.59,343.38,2772.00,11499.37,650.83,,0,72,36.00,575,4089786,2351626.95,3,fused
361103,000000361103.jpg,640x427,1,0.998887,1,1,TP,yolov8l_bsz4.ms,108.25,105.75,214.00,0.500,Light (Music + Nav),5.32,12.59,343.38,2772.00,11499.37,650.83,,0,72,36.00,575,4089786,2351626.95,3,fused
74860,000000074860.jpg,640x427,1,0.998878,1,1,TP,yolov8l_bsz4.ms,108.25,105.75,214.00,0.500,Light (Music + Nav),5.32,12.59,343.38,2772.00,11499.37,650.83,,0,72,36.00,575,4089786,2351626.95,3,fused
384136,000000384136.jpg,640x414,1,0.998871,1,1,TP,yolov8l_bsz4.ms,108.25,105.75,214.00,0.500,Light (Music + Nav),5.32,12.59,343.38,2772.00,11499.37,650.83,,0,72,36.00,575,4089786,2351626.95,3,fused
235778,000000235778.jpg,640x337,1,0.998859,1,1,TP,yolov8l_bsz4.ms,108.50,106.50,215.00,0.500,Light (Music + Nav),7.60,12.59,289.50,2833.00,11499.37,709.92,,0,72,36.00,651,4091879,2663813.23,3,fused
302990,000000302990.jpg,640x427,1,0.998841,1,1,TP,yolov8l_bsz4.ms,108.50,106.50,215.00,0.500,Light (Music + Nav),7.60,12.59,289.50,2833.00,11499.37,709.92,,0,72,36.00,651,4091879,2663813.23,3,fused
394940,000000394940.jpg,426x640,1,0.998841,1,1,TP,yolov8l_bsz4.ms,108.50,106.50,215.00,0.500,Light (Music + Nav),7.60,12.59,289.50,2833.00,11499.37,709.92,,0,72,36.00,651,4091879,2663813.23,3,fused
429690,000000429690.jpg,640x427,1,0.998838,1,1,TP,yolov8l_bsz4.ms,108.50,106.50,215.00,0.500,Light (Music + Nav),7.60,12.59,289.50,2833.00,11499.37,709.92,,0,72,36.00,651,4091879,2663813.23,3,fused
150265,000000150265.jpg,480x640,1,0.998837,1,1,TP,yolov8l_bsz4.ms,108.00,122.00,230.00,0.500,Light (Music + Nav),5.95,12.16,366.11,2762.00,11499.37,638.15,,0,72,36.00,703,4093950,2878046.85,3,fused
163257,000000163257.jpg,425x640,1,0.998832,1,1,TP,yolov8l_bsz4.ms,108.00,122.00,230.00,0.500,Light (Music + Nav),5.95,12.16,366.11,2762.00,11499.37,638.15,,0,72,36.00,703,4093950,2878046.85,3,fused
123480,000000123480.jpg,640x480,1,0.998831,1,1,TP,yolov8l_bsz4.ms,108.00,122.00,230.00,0.500,Light (Music + Nav),5.95,12.16,366.11,2762.00,11499.37,638.15,,0,72,36.00,703,4093950,2878046.85,3,fused
82688,000000082688.jpg,640x428,1,0.998830,1,1,TP,yolov8l_bsz4.ms,108.00,122.00,230.00,0.500,Light (Music + Nav),5.95,12.16,366.11,2762.00,11499.37,638.15,,0,72,36.00,703,4093950,2878046.85,3,fused
404678,000000404678.jpg,640x425,1,0.998829,1,1,TP,yolov8l_bsz4.ms,115.50,119.50,235.00,0.500,Light (Music + Nav),5.68,12.16,364.25,2752.00,11499.37,627.55,,0,72,36.00,718,4094699,2939993.88,3,fused
148999,000000148999.jpg,640x427,1,0.998823,1,1,TP,yolov8l_bsz4.ms,115.50,119.50,235.00,0.500,Light (Music + Nav),5.68,12.16,364.25,2752.00,11499.37,627.55,,0,72,36.00,718,4094699,2939993.88,3,fused
236599,000000236599.jpg,500x346,1,0.998803,1,1,TP,yolov8l_bsz4.ms,115.50,119.50,235.00,0.500,Light (Music + Nav),5.68,12.16,364.25,2752.00,11499.37,627.55,,0,72,36.00,718,4094699,2939993.88,3,fused
285894,000000285894.jpg,500x329,1,0.998779,1,1,TP,yolov8l_bsz4.ms,115.50,119.50,235.00,0.500,Light (Music + Nav),5.68,12.16,364.25,2752.00,11499.37,627.55,,0,72,36.00,718,4094699,2939993.88,3,fused
47740,000000047740.jpg,640x359,1,0.998777,1,1,TP,yolov8l_bsz4.ms,108.25,103.00,211.25,0.500,Light (Music + Nav),5.60,11.78,342.62,2778.00,11499.37,652.95,,0,72,36.00,653,4092678,2672518.73,3,fused
438955,000000438955.jpg,640x303,1,0.998770,1,1,TP,yolov8l_bsz4.ms,108.25,103.00,211.25,0.500,Light (Music + Nav),5.60,11.78,342.62,2778.00,11499.37,652.95,,0,72,36.00,653,4092678,2672518.73,3,fused
100510,000000100510.jpg,600x400,1,0.998764,1,1,TP,yolov8l_bsz4.ms,108.25,103.00,211.25,0.500,Light (Music + Nav),5.60,11.78,342.62,2778.00,11499.37,652.95,,0,72,36.00,653,4092678,2672518.73,3,fused
342971,000000342971.jpg,287x640,1,0.998760,1,1,TP,yolov8l_bsz4.ms,108.25,103.00,211.25,0.500,Light (Music + Nav),5.60,11.78,342.62,2778.00,11499.37,652.95,,0,72,36.00,653,4092678,2672518.73,3,fused
292446,000000292446.jpg,612x612,1,0.998759,1,1,TP,yolov8l_bsz4.ms,107.50,114.25,221.75,0.500,Light (Music + Nav),5.43,11.78,289.11,2831.00,11499.37,704.70,,0,72,36.00,143,4075470,582792.21,3,fused
416343,000000416343.jpg,427x640,1,0.998750,1,1,TP,yolov8l_bsz4.ms,107.50,114.25,221.75,0.500,Light (Music + Nav),5.43,11.78,289.11,2831.00,11499.37,704.70,,0,72,36.00,143,4075470,582792.21,3,fused
209829,000000209829.jpg,640x480,1,0.998748,1,1,TP,yolov8l_bsz4.ms,107.50,114.25,221.75,0.500,Light (Music + Nav),5.43,11.78,289.11,2831.00,11499.37,704.70,,0,72,36.00,143,4075470,582792.21,3,fused
280891,000000280891.jpg,427x640,1,0.998743,1,1,TP,yolov8l_bsz4.ms,107.50,114.25,221.75,0.500,Light (Music + Nav),5.43,11.78,289.11,2831.00,11499.37,704.70,,0,72,36.00,143,4075470,582792.21,3,fused
441442,000000441442.jpg,600x400,1,0.998739,1,1,TP,yolov8l_bsz4.ms,106.75,113.00,219.75,0.500,Light (Music + Nav),5.37,11.78,366.99,2760.00,11499.37,632.21,,0,72,36.00,494,4086824,2018891.06,3,fused
498709,000000498709.jpg,640x425,1,0.998724,0,0,FP,yolov8l_bsz4.ms,106.75,113.00,219.75,0.500,Light (Music + Nav),5.37,11.78,366.99,2760.00,11499.37,632.21,,0,72,36.00,494,4086824,2018891.06,3,fused
391722,000000391722.jpg,635x640,1,0.998712,1,1,TP,yolov8l_bsz4.ms,106.75,113.00,219.75,0.500,Light (Music + Nav),5.37,11.78,366.99,2760.00,11499.37,632.21,,0,72,36.00,494,4086824,2018891.06,3,fused
252219,000000252219.jpg,640x428,1,0.998709,1,1,TP,yolov8l_bsz4.ms,106.75,113.00,219.75,0.500,Light (Music + Nav),5.37,11.78,366.99,2760.00,11499.37,632.21,,0,72,36.00,494,4086824,2018891.06,3,fused
88970,000000088970.jpg,333x500,1,0.998691,1,1,TP,yolov8l_bsz4.ms,109.50,108.50,218.00,0.500,Light (Music + Nav),5.40,11.19,364.03,2749.00,11499.37,619.71,,0,72,35.00,349,4082142,1424667.56,3,fused
274411,000000274411.jpg,426x640,1,0.998686,1,1,TP,yolov8l_bsz4.ms,109.50,108.50,218.00,0.500,Light (Music + Nav),5.40,11.19,364.03,2749.00,11499.37,619.71,,0,72,35.00,349,4082142,1424667.56,3,fused
111207,000000111207.jpg,478x640,1,0.998682,1,1,TP,yolov8l_bsz4.ms,109.50,108.50,218.00,0.500,Light (Music + Nav),5.40,11.19,364.03,2749.00,11499.37,619.71,,0,72,35.00,349,4082142,1424667.56,3,fused
97988,000000097988.jpg,612x612,1,0.998679,1,1,TP,yolov8l_bsz4.ms,109.50,108.50,218.00,0.500,Light (Music + Nav),5.40,11.19,364.03,2749.00,11499.37,619.71,,0,72,35.00,349,4082142,1424667.56,3,fused
349860,000000349860.jpg,640x426,1,0.998664,1,1,TP,yolov8l_bsz4.ms,107.50,96.25,203.75,0.500,Light (Music + Nav),5.37,11.19,342.61,2776.00,11499.37,645.73,,0,72,35.00,410,4084337,1674578.17,3,fused
500257,000000500257.jpg,500x400,1,0.998661,1,1,TP,yolov8l_bsz4.ms,107.50,96.25,203.75,0.500,Light (Music + Nav),5.37,11.19,342.61,2776.00,11499.37,645.73,,0,72,35.00,410,4084337,1674578.17,3,fused
367095,000000367095.jpg,640x427,1,0.998646,1,1,TP,yolov8l_bsz4.ms,107.50,96.25,203.75,0.500,Light (Music + Nav),5.37,11.19,342.61,2776.00,11499.37,645.73,,0,72,35.00,410,4084337,1674578.17,3,fused
211674,000000211674.jpg,640x406,1,0.998641,1,1,TP,yolov8l_bsz4.ms,107.50,96.25,203.75,0.500,Light (Music + Nav),5.37,11.19,342.61,2776.00,11499.37,645.73,,0,72,35.00,410,4084337,1674578.17,3,fused
397133,000000397133.jpg,640x427,1,0.998639,1,1,TP,yolov8l_bsz4.ms,107.50,113.75,221.25,0.500,Light (Music + Nav),5.36,10.98,288.83,2830.00,11499.37,698.91,,0,72,35.00,507,4087408,2072315.86,3,fused
553990,000000553990.jpg,600x400,1,0.998625,1,1,TP,yolov8l_bsz4.ms,107.50,113.75,221.25,0.500,Light (Music + Nav),5.36,10.98,288.83,2830.00,11499.37,698.91,,0,72,35.00,507,4087408,2072315.86,3,fused
398438,000000398438.jpg,500x333,1,0.998622,1,1,TP,yolov8l_bsz4.ms,107.50,113.75,221.25,0.500,Light (Music + Nav),5.36,10.98,288.83,2830.00,11499.37,698.91,,0,72,35.00,507,4087408,2072315.86,3,fused
261888,000000261888.jpg,640x426,1,0.998617,1,1,TP,yolov8l_bsz4.ms,107.50,113.75,221.25,0.500,Light (Music + Nav),5.36,10.98,288.83,2830.00,11499.37,698.91,,0,72,35.00,507,4087408,2072315.86,3,fused
383289,000000383289.jpg,640x444,1,0.998616,1,1,TP,yolov8l_bsz4.ms,108.00,127.25,235.25,0.500,Light (Music + Nav),5.35,10.98,366.60,2759.00,11499.37,626.43,,0,72,35.00,706,4094138,2890461.43,3,fused
531134,000000531134.jpg,640x480,1,0.998605,1,1,TP,yolov8l_bsz4.ms,108.00,127.25,235.25,0.500,Light (Music + Nav),5.35,10.98,366.60,2759.00,11499.37,626.43,,0,72,35.00,706,4094138,2890461.43,3,fused
331799,000000331799.jpg,640x464,1,0.998602,1,1,TP,yolov8l_bsz4.ms,108.00,127.25,235.25,0.500,Light (Music + Nav),5.35,10.98,366.60,2759.00,11499.37,626.43,,0,72,35.00,706,4094138,2890461.43,3,fused
229659,000000229659.jpg,640x480,1,0.998602,1,1,TP,yolov8l_bsz4.ms,108.00,127.25,235.25,0.500,Light (Music + Nav),5.35,10.98,366.60,2759.00,11499.37,626.43,,0,72,35.00,706,4094138,2890461.43,3,fused
19109,000000019109.jpg,640x428,1,0.998599,1,1,TP,yolov8l_bsz4.ms,109.75,116.00,225.75,0.500,Light (Music + Nav),5.34,10.69,364.71,2754.00,11499.37,620.38,,0,72,35.00,616,4091307,2520245.11,3,fused
7816,000000007816.jpg,640x427,1,0.998591,1,1,TP,yolov8l_bsz4.ms,109.75,116.00,225.75,0.500,Light (Music + Nav),5.34,10.69,364.71,2754.00,11499.37,620.38,,0,72,35.00,616,4091307,2520245.11,3,fused
19786,000000019786.jpg,500x375,1,0.998581,1,1,TP,yolov8l_bsz4.ms,109.75,116.00,225.75,0.500,Light (Music + Nav),5.34,10.69,364.71,2754.00,11499.37,620.38,,0,72,35.00,616,4091307,2520245.11,3,fused
9483,000000009483.jpg,640x480,1,0.998564,1,1,TP,yolov8l_bsz4.ms,109.75,116.00,225.75,0.500,Light (Music + Nav),5.34,10.69,364.71,2754.00,11499.37,620.38,,0,72,35.00,616,4091307,2520245.11,3,fused
463542,000000463542.jpg,640x426,1,0.998547,1,1,TP,yolov8l_bsz4.ms,108.25,107.75,216.00,0.500,Light (Music + Nav),4.66,10.69,342.91,2783.00,11499.37,647.56,,0,72,35.00,664,4093121,2717832.34,3,fused
375469,000000375469.jpg,640x181,1,0.998542,1,1,TP,yolov8l_bsz4.ms,108.25,107.75,216.00,0.500,Light (Music + Nav),4.66,10.69,342.91,2783.00,11499.37,647.56,,0,72,35.00,664,4093121,2717832.34,3,fused
423123,000000423123.jpg,640x426,1,0.998534,1,1,TP,yolov8l_bsz4.ms,108.25,107.75,216.00,0.500,Light (Music + Nav),4.66,10.69,342.91,2783.00,11499.37,647.56,,0,72,35.00,664,4093121,2717832.34,3,fused
351810,000000351810.jpg,500x375,1,0.998501,1,1,TP,yolov8l_bsz4.ms,108.25,107.75,216.00,0.500,Light (Music + Nav),4.66,10.69,342.91,2783.00,11499.37,647.56,,0,72,35.00,664,4093121,2717832.34,3,fused
229111,000000229111.jpg,375x500,1,0.998486,1,1,TP,yolov8l_bsz4.ms,108.00,121.75,229.75,0.500,Light (Music + Nav),5.19,10.69,287.76,2826.00,11499.37,690.10,,0,72,35.00,683,4093422,2795807.23,3,fused
490515,000000490515.jpg,640x427,1,0.998469,1,1,TP,yolov8l_bsz4.ms,108.00,121.75,229.75,0.500,Light (Music + Nav),5.19,10.69,287.76,2826.00,11499.37,690.10,,0,72,35.00,683,4093422,2795807.23,3,fused
252507,000000252507.jpg,375x500,1,0.998447,1,1,TP,yolov8l_bsz4.ms,108.00,121.75,229.75,0.500,Light (Music + Nav),5.19,10.69,287.76,2826.00,11499.37,690.10,,0,72,35.00,683,4093422,2795807.23,3,fused
341681,000000341681.jpg,640x427,1,0.998444,1,1,TP,yolov8l_bsz4.ms,108.00,121.75,229.75,0.500,Light (Music + Nav),5.19,10.69,287.76,2826.00,11499.37,690.10,,0,72,35.00,683,4093422,2795807.23,3,fused
20992,000000020992.jpg,500x333,1,0.998441,1,1,TP,yolov8l_bsz4.ms,108.25,111.00,219.25,0.500,Light (Music + Nav),5.05,9.48,365.94,2754.00,11499.37,616.68,,0,72,35.00,586,4090312,2396922.83,3,fused
568981,000000568981.jpg,640x426,1,0.998439,1,1,TP,yolov8l_bsz4.ms,108.25,111.00,219.25,0.500,Light (Music + Nav),5.05,9.48,365.94,2754.00,11499.37,616.68,,0,72,35.00,586,4090312,2396922.83,3,fused
323355,000000323355.jpg,480x640,1,0.998430,1,1,TP,yolov8l_bsz4.ms,108.25,111.00,219.25,0.500,Light (Music + Nav),5.05,9.48,365.94,2754.00,11499.37,616.68,,0,72,35.00,586,4090312,2396922.83,3,fused
284764,000000284764.jpg,640x427,1,0.998383,1,1,TP,yolov8l_bsz4.ms,108.25,111.00,219.25,0.500,Light (Music + Nav),5.05,9.48,365.94,2754.00,11499.37,616.68,,0,72,35.00,586,4090312,2396922.83,3,fused
206579,000000206579.jpg,640x480,1,0.998368,1,1,TP,yolov8l_bsz4.ms,109.75,105.50,215.25,0.500,Light (Music + Nav),4.97,9.48,362.66,2751.00,11499.37,612.80,,0,72,35.00,551,4089339,2253225.79,3,fused
496571,000000496571.jpg,427x640,1,0.998362,1,1,TP,yolov8l_bsz4.ms,109.75,105.50,215.25,0.500,Light (Music + Nav),4.97,9.48,362.66,2751.00,11499.37,612.80,,0,72,35.00,551,4089339,2253225.79,3,fused
80671,000000080671.jpg,640x427,1,0.998353,1,1,TP,yolov8l_bsz4.ms,109.75,105.50,215.25,0.500,Light (Music + Nav),4.97,9.48,362.66,2751.00,11499.37,612.80,,0,72,35.00,551,4089339,2253225.79,3,fused
129945,000000129945.jpg,640x320,1,0.998302,1,1,TP,yolov8l_bsz4.ms,109.75,105.50,215.25,0.500,Light (Music + Nav),4.97,9.48,362.66,2751.00,11499.37,612.80,,0,72,35.00,551,4089339,2253225.79,3,fused
158227,000000158227.jpg,500x357,1,0.998295,1,1,TP,yolov8l_bsz4.ms,108.25,125.50,233.75,0.500,Light (Music + Nav),5.21,10.19,342.29,2777.00,11499.37,637.71,,0,72,35.00,628,4092126,2569855.13,3,fused
527427,000000527427.jpg,640x480,1,0.998266,1,1,TP,yolov8l_bsz4.ms,108.25,125.50,233.75,0.500,Light (Music + Nav),5.21,10.19,342.29,2777.00,11499.37,637.71,,0,72,35.00,628,4092126,2569855.13,3,fused
473219,000000473219.jpg,640x428,1,0.998253,1,1,TP,yolov8l_bsz4.ms,108.25,125.50,233.75,0.500,Light (Music + Nav),5.21,10.19,342.29,2777.00,11499.37,637.71,,0,72,35.00,628,4092126,2569855.13,3,fused
534605,000000534605.jpg,600x400,1,0.998227,1,1,TP,yolov8l_bsz4.ms,108.25,125.50,233.75,0.500,Light (Music + Nav),5.21,10.19,342.29,2777.00,11499.37,637.71,,0,72,35.00,628,4092126,2569855.13,3,fused
168883,000000168883.jpg,479x640,1,0.998226,1,1,TP,yolov8l_bsz4.ms,108.00,118.25,226.25,0.500,Light (Music + Nav),5.19,10.19,288.99,2835.00,11499.37,694.08,,0,72,35.00,528,4088779,2158875.31,3,fused
542776,000000542776.jpg,640x426,1,0.998224,1,1,TP,yolov8l_bsz4.ms,108.00,118.25,226.25,0.500,Light (Music + Nav),5.19,10.19,288.99,2835.00,11499.37,694.08,,0,72,35.00,528,4088779,2158875.31,3,fused
121417,000000121417.jpg,480x640,1,0.998202,1,1,TP,yolov8l_bsz4.ms,108.00,118.25,226.25,0.500,Light (Music + Nav),5.19,10.19,288.99,2835.00,11499.37,694.08,,0,72,35.00,528,4088779,2158875.31,3,fused
306700,000000306700.jpg,480x640,1,0.998199,1,1,TP,yolov8l_bsz4.ms,108.00,118.25,226.25,0.500,Light (Music + Nav),5.19,10.19,288.99,2835.00,11499.37,694.08,,0,72,35.00,528,4088779,2158875.31,3,fused
84241,000000084241.jpg,640x396,1,0.998188,1,1,TP,yolov8l_bsz4.ms,108.50,123.75,232.25,0.500,Light (Music + Nav),5.14,10.38,365.95,2763.00,11499.37,621.30,,0,72,36.00,650,4092846,2660349.90,3,fused
232692,000000232692.jpg,640x425,1,0.998183,1,1,TP,yolov8l_bsz4.ms,108.50,123.75,232.25,0.500,Light (Music + Nav),5.14,10.38,365.95,2763.00,11499.37,621.30,,0,72,36.00,650,4092846,2660349.90,3,fused
88848,000000088848.jpg,640x640,1,0.998167,1,1,TP,yolov8l_bsz4.ms,108.50,123.75,232.25,0.500,Light (Music + Nav),5.14,10.38,365.95,2763.00,11499.37,621.30,,0,72,36.00,650,4092846,2660349.90,3,fused
567886,000000567886.jpg,500x375,1,0.998158,1,1,TP,yolov8l_bsz4.ms,108.50,123.75,232.25,0.500,Light (Music + Nav),5.14,10.38,365.95,2763.00,11499.37,621.30,,0,72,36.00,650,4092846,2660349.90,3,fused
364297,000000364297.jpg,640x428,1,0.998151,0,0,FP,yolov8l_bsz4.ms,109.50,114.00,223.50,0.500,Light (Music + Nav),5.19,10.38,364.27,2758.00,11499.37,615.46,,0,72,36.00,664,4093272,2717932.61,3,fused
386879,000000386879.jpg,426x640,1,0.998126,1,1,TP,yolov8l_bsz4.ms,109.50,114.00,223.50,0.500,Light (Music + Nav),5.19,10.38,364.27,2758.00,11499.37,615.46,,0,72,36.00,664,4093272,2717932.61,3,fused
363875,000000363875.jpg,558x640,1,0.998123,1,1,TP,yolov8l_bsz4.ms,109.50,114.00,223.50,0.500,Light (Music + Nav),5.19,10.38,364.27,2758.00,11499.37,615.46,,0,72,36.00,664,4093272,2717932.61,3,fused
361919,000000361919.jpg,640x425,1,0.998112,1,1,TP,yolov8l_bsz4.ms,109.50,114.00,223.50,0.500,Light (Music + Nav),5.19,10.38,364.27,2758.00,11499.37,615.46,,0,72,36.00,664,4093272,2717932.61,3,fused
553788,000000553788.jpg,640x363,1,0.998109,1,1,TP,yolov8l_bsz4.ms,108.00,126.50,234.50,0.500,Light (Music + Nav),5.20,10.17,344.35,2785.00,11499.37,641.12,,0,72,36.00,741,4095893,3035056.71,3,fused
152214,000000152214.jpg,480x640,1,0.998103,1,1,TP,yolov8l_bsz4.ms,108.00,126.50,234.50,0.500,Light (Music + Nav),5.20,10.17,344.35,2785.00,11499.37,641.12,,0,72,36.00,741,4095893,3035056.71,3,fused
559160,000000559160.jpg,429x640,1,0.998088,1,1,TP,yolov8l_bsz4.ms,108.00,126.50,234.50,0.500,Light (Music + Nav),5.20,10.17,344.35,2785.00,11499.37,641.12,,0,72,36.00,741,4095893,3035056.71,3,fused
29187,000000029187.jpg,640x491,1,0.998075,1,1,TP,yolov8l_bsz4.ms,108.00,126.50,234.50,0.500,Light (Music + Nav),5.20,10.17,344.35,2785.00,11499.37,641.12,,0,72,36.00,741,4095893,3035056.71,3,fused
525155,000000525155.jpg,640x426,1,0.998074,1,1,TP,yolov8l_bsz4.ms,108.25,112.25,220.50,0.500,Light (Music + Nav),5.20,10.17,290.49,2833.00,11499.37,687.95,,0,72,36.00,579,4090742,2368539.62,3,fused
573258,000000573258.jpg,640x480,1,0.998064,1,1,TP,yolov8l_bsz4.ms,108.25,112.25,220.50,0.500,Light (Music + Nav),5.20,10.17,290.49,2833.00,11499.37,687.95,,0,72,36.00,579,4090742,2368539.62,3,fused
71938,000000071938.jpg,640x480,1,0.998051,1,1,TP,yolov8l_bsz4.ms,108.25,112.25,220.50,0.500,Light (Music + Nav),5.20,10.17,290.49,2833.00,11499.37,687.95,,0,72,36.00,579,4090742,2368539.62,3,fused
150638,000000150638.jpg,640x469,1,0.998042,1,1,TP,yolov8l_bsz4.ms,108.25,112.25,220.50,0.500,Light (Music + Nav),5.20,10.17,290.49,2833.00,11499.37,687.95,,0,72,36.00,579,4090742,2368539.62,3,fused
183675,000000183675.jpg,640x412,1,0.998029,1,1,TP,yolov8l_bsz4.ms,108.25,115.50,223.75,0.500,Light (Music + Nav),8.37,10.17,365.78,2767.00,11499.37,620.12,,0,72,36.00,651,4093015,2664552.77,3,fused
579635,000000579635.jpg,640x429,1,0.997984,1,1,TP,yolov8l_bsz4.ms,108.25,115.50,223.75,0.500,Light (Music + Nav),8.37,10.17,365.78,2767.00,11499.37,620.12,,0,72,36.00,651,4093015,2664552.77,3,fused
481582,000000481582.jpg,640x427,1,0.997946,1,1,TP,yolov8l_bsz4.ms,108.25,115.50,223.75,0.500,Light (Music + Nav),8.37,10.17,365.78,2767.00,11499.37,620.12,,0,72,36.00,651,4093015,2664552.77,3,fused
504589,000000504589.jpg,427x640,1,0.997937,1,1,TP,yolov8l_bsz4.ms,108.25,115.50,223.75,0.500,Light (Music + Nav),8.37,10.17,365.78,2767.00,11499.37,620.12,,0,72,36.00,651,4093015,2664552.77,3,fused
294350,000000294350.jpg,640x425,1,0.997903,1,1,TP,yolov8l_bsz4.ms,110.50,115.25,225.75,0.500,Light (Music + Nav),6.53,10.22,362.64,2759.00,11499.37,611.57,,0,72,36.00,573,4090416,2343808.37,3,fused
271997,000000271997.jpg,488x640,1,0.997893,1,1,TP,yolov8l_bsz4.ms,110.50,115.25,225.75,0.500,Light (Music + Nav),6.53,10.22,362.64,2759.00,11499.37,611.57,,0,72,36.00,573,4090416,2343808.37,3,fused
564091,000000564091.jpg,427x640,1,0.997885,1,1,TP,yolov8l_bsz4.ms,110.50,115.25,225.75,0.500,Light (Music + Nav),6.53,10.22,362.64,2759.00,11499.37,611.57,,0,72,36.00,573,4090416,2343808.37,3,fused
189451,000000189451.jpg,640x427,1,0.997875,0,0,FP,yolov8l_bsz4.ms,110.50,115.25,225.75,0.500,Light (Music + Nav),6.53,10.22,362.64,2759.00,11499.37,611.57,,0,72,36.00,573,4090416,2343808.37,3,fused
151480,000000151480.jpg,640x480,1,0.997861,1,1,TP,yolov8l_bsz4.ms,108.25,106.25,214.50,0.500,Light (Music + Nav),5.98,10.22,343.17,2788.00,11499.37,639.25,,0,72,36.00,540,4089411,2208281.94,3,fused
52413,000000052413.jpg,500x375,1,0.997849,1,1,TP,yolov8l_bsz4.ms,108.25,106.25,214.50,0.500,Light (Music + Nav),5.98,10.22,343.17,2788.00,11499.37,639.25,,0,72,36.00,540,4089411,2208281.94,3,fused
303818,000000303818.jpg,480x640,1,0.997837,1,1,TP,yolov8l_bsz4.ms,108.25,106.25,214.50,0.500,Light (Music + Nav),5.98,10.22,343.17,2788.00,11499.37,639.25,,0,72,36.00,540,4089411,2208281.94,3,fused
448365,000000448365.jpg,640x428,1,0.997828,1,1,TP,yolov8l_bsz4.ms,108.25,106.25,214.50,0.500,Light (Music + Nav),5.98,10.22,343.17,2788.00,11499.37,639.25,,0,72,36.00,540,4089411,2208281.94,3,fused
64084,000000064084.jpg,640x436,1,0.997815,1,1,TP,yolov8l_bsz4.ms,108.75,117.25,226.00,0.500,Light (Music + Nav),5.80,10.79,289.40,2847.00,11499.37,697.34,,0,72,36.00,610,4091633,2495896.13,3,fused
285047,000000285047.jpg,427x640,1,0.997812,1,1,TP,yolov8l_bsz4.ms,108.75,117.25,226.00,0.500,Light (Music + Nav),5.80,10.79,289.40,2847.00,11499.37,697.34,,0,72,36.00,610,4091633,2495896.13,3,fused
308328,000000308328.jpg,640x480,1,0.997808,1,1,TP,yolov8l_bsz4.ms,108.75,117.25,226.00,0.500,Light (Music + Nav),5.80,10.79,289.40,2847.00,11499.37,697.34,,0,72,36.00,610,4091633,2495896.13,3,fused
278705,000000278705.jpg,640x480,1,0.997797,1,1,TP,yolov8l_bsz4.ms,108.75,117.25,226.00,0.500,Light (Music + Nav),5.80,10.79,289.40,2847.00,11499.37,697.34,,0,72,36.00,610,4091633,2495896.13,3,fused
250619,000000250619.jpg,640x481,1,0.997763,1,1,TP,yolov8l_bsz4.ms,108.25,139.75,248.00,0.500,Light (Music + Nav),5.68,10.79,366.56,2764.00,11499.37,612.51,,0,72,36.00,720,4095349,2948651.28,3,fused
356505,000000356505.jpg,640x425,1,0.997748,1,1,TP,yolov8l_bsz4.ms,108.25,139.75,248.00,0.500,Light (Music + Nav),5.68,10.79,366.56,2764.00,11499.37,612.51,,0,72,36.00,720,4095349,2948651.28,3,fused
187243,000000187243.jpg,480x640,1,0.997743,1,1,TP,yolov8l_bsz4.ms,108.25,139.75,248.00,0.500,Light (Music + Nav),5.68,10.79,366.56,2764.00,11499.37,612.51,,0,72,36.00,720,4095349,2948651.28,3,fused
157601,000000157601.jpg,612x612,1,0.997711,1,1,TP,yolov8l_bsz4.ms,108.25,139.75,248.00,0.500,Light (Music + Nav),5.68,10.79,366.56,2764.00,11499.37,612.51,,0,72,36.00,720,4095349,2948651.28,3,fused
95155,000000095155.jpg,640x427,1,0.997664,1,1,TP,yolov8l_bsz4.ms,110.25,120.75,231.00,0.500,Light (Music + Nav),5.63,10.83,363.84,2773.00,11499.37,620.16,,0,72,36.00,689,4094427,2821060.20,3,fused
507473,000000507473.jpg,640x480,1,0.997661,1,1,TP,yolov8l_bsz4.ms,110.25,120.75,231.00,0.500,Light (Music + Nav),5.63,10.83,363.84,2773.00,11499.37,620.16,,0,72,36.00,689,4094427,2821060.20,3,fused
326541,000000326541.jpg,640x360,1,0.997660,1,1,TP,yolov8l_bsz4.ms,110.25,120.75,231.00,0.500,Light (Music + Nav),5.63,10.83,363.84,2773.00,11499.37,620.16,,0,72,36.00,689,4094427,2821060.20,3,fused
33759,000000033759.jpg,640x457,1,0.997656,1,1,TP,yolov8l_bsz4.ms,110.25,120.75,231.00,0.500,Light (Music + Nav),5.63,10.83,363.84,2773.00,11499.37,620.16,,0,72,36.00,689,4094427,2821060.20,3,fused
464144,000000464144.jpg,426x640,1,0.997632,1,1,TP,yolov8l_bsz4.ms,108.00,110.50,218.50,0.500,Light (Music + Nav),5.64,10.83,344.81,2786.00,11499.37,632.66,,0,72,36.00,618,4091995,2528852.91,3,fused
527750,000000527750.jpg,427x640,1,0.997632,1,1,TP,yolov8l_bsz4.ms,108.00,110.50,218.50,0.500,Light (Music + Nav),5.64,10.83,344.81,2786.00,11499.37,632.66,,0,72,36.00,618,4091995,2528852.91,3,fused
517069,000000517069.jpg,640x480,1,0.997631,1,1,TP,yolov8l_bsz4.ms,108.00,110.50,218.50,0.500,Light (Music + Nav),5.64,10.83,344.81,2786.00,11499.37,632.66,,0,72,36.00,618,4091995,2528852.91,3,fused
231339,000000231339.jpg,480x640,1,0.997623,1,1,TP,yolov8l_bsz4.ms,108.00,110.50,218.50,0.500,Light (Music + Nav),5.64,10.83,344.81,2786.00,11499.37,632.66,,0,72,36.00,618,4091995,2528852.91,3,fused
223738,000000223738.jpg,634x640,1,0.997578,1,1,TP,yolov8l_bsz4.ms,108.25,124.50,232.75,0.500,Light (Music + Nav),5.64,10.70,291.79,2845.00,11499.37,689.93,,0,72,36.00,551,4089850,2253507.35,3,fused
385190,000000385190.jpg,500x375,1,0.997546,1,1,TP,yolov8l_bsz4.ms,108.25,124.50,232.75,0.500,Light (Music + Nav),5.64,10.70,291.79,2845.00,11499.37,689.93,,0,72,36.00,551,4089850,2253507.35,3,fused
42889,000000042889.jpg,375x500,1,0.997479,0,0,FP,yolov8l_bsz4.ms,108.25,124.50,232.75,0.500,Light (Music + Nav),5.64,10.70,291.79,2845.00,11499.37,689.93,,0,72,36.00,551,4089850,2253507.35,3,fused
574823,000000574823.jpg,375x500,1,0.997467,1,1,TP,yolov8l_bsz4.ms,108.25,124.50,232.75,0.500,Light (Music + Nav),5.64,10.70,291.79,2845.00,11499.37,689.93,,0,72,36.00,551,4089850,2253507.35,3,fused
424162,000000424162.jpg,640x512,1,0.997447,1,1,TP,yolov8l_bsz4.ms,107.75,121.75,229.50,0.500,Light (Music + Nav),5.54,10.70,364.64,2764.00,11499.37,607.79,,0,72,36.00,658,4093251,2693359.16,3,fused
244099,000000244099.jpg,640x428,1,0.997437,1,1,TP,yolov8l_bsz4.ms,107.75,121.75,229.50,0.500,Light (Music + Nav),5.54,10.70,364.64,2764.00,11499.37,607.79,,0,72,36.00,658,4093251,2693359.16,3,fused
411754,000000411754.jpg,320x240,1,0.997415,1,1,TP,yolov8l_bsz4.ms,107.75,121.75,229.50,0.500,Light (Music + Nav),5.54,10.70,364.64,2764.00,11499.37,607.79,,0,72,36.00,658,4093251,2693359.16,3,fused
308545,000000308545.jpg,640x427,1,0.997415,1,1,TP,yolov8l_bsz4.ms,107.75,121.75,229.50,0.500,Light (Music + Nav),5.54,10.70,364.64,2764.00,11499.37,607.79,,0,72,36.00,658,4093251,2693359.16,3,fused
81594,000000081594.jpg,478x640,1,0.997410,1,1,TP,yolov8l_bsz4.ms,110.75,111.75,222.50,0.500,Light (Music + Nav),5.50,10.70,363.80,2771.00,11499.37,614.23,,0,72,36.00,618,4092092,2528912.86,3,fused
441586,000000441586.jpg,640x425,1,0.997406,1,1,TP,yolov8l_bsz4.ms,110.75,111.75,222.50,0.500,Light (Music + Nav),5.50,10.70,363.80,2771.00,11499.37,614.23,,0,72,36.00,618,4092092,2528912.86,3,fused
153011,000000153011.jpg,640x480,1,0.997405,1,1,TP,yolov8l_bsz4.ms,110.75,111.75,222.50,0.500,Light (Music + Nav),5.50,10.70,363.80,2771.00,11499.37,614.23,,0,72,36.00,618,4092092,2528912.86,3,fused
65288,000000065288.jpg,640x427,1,0.997356,1,1,TP,yolov8l_bsz4.ms,110.75,111.75,222.50,0.500,Light (Music + Nav),5.50,10.70,363.80,2771.00,11499.37,614.23,,0,72,36.00,618,4092092,2528912.86,3,fused
152686,000000152686.jpg,640x400,1,0.997348,1,1,TP,yolov8l_bsz4.ms,108.00,125.50,233.50,0.500,Light (Music + Nav),8.26,10.31,344.72,2786.00,11499.37,629.16,,0,72,36.00,631,4092828,2582574.47,3,fused
214720,000000214720.jpg,375x500,1,0.997343,1,1,TP,yolov8l_bsz4.ms,108.00,125.50,233.50,0.500,Light (Music + Nav),8.26,10.31,344.72,2786.00,11499.37,629.16,,0,72,36.00,631,4092828,2582574.47,3,fused
129756,000000129756.jpg,640x480,1,0.997306,1,1,TP,yolov8l_bsz4.ms,108.00,125.50,233.50,0.500,Light (Music + Nav),8.26,10.31,344.72,2786.00,11499.37,629.16,,0,72,36.00,631,4092828,2582574.47,3,fused
334483,000000334483.jpg,480x640,1,0.997239,1,1,TP,yolov8l_bsz4.ms,108.00,125.50,233.50,0.500,Light (Music + Nav),8.26,10.31,344.72,2786.00,11499.37,629.16,,0,72,36.00,631,4092828,2582574.47,3,fused
128675,000000128675.jpg,640x480,1,0.997206,1,1,TP,yolov8l_bsz4.ms,108.25,113.25,221.50,0.500,Light (Music + Nav),5.62,10.31,291.18,2845.00,11499.37,686.88,,0,72,36.00,588,4091166,2405605.61,3,fused
198489,000000198489.jpg,428x640,1,0.997189,1,1,TP,yolov8l_bsz4.ms,108.25,113.25,221.50,0.500,Light (Music + Nav),5.62,10.31,291.18,2845.00,11499.37,686.88,,0,72,36.00,588,4091166,2405605.61,3,fused
570664,000000570664.jpg,500x333,1,0.997112,1,1,TP,yolov8l_bsz4.ms,108.25,113.25,221.50,0.500,Light (Music + Nav),5.62,10.31,291.18,2845.00,11499.37,686.88,,0,72,36.00,588,4091166,2405605.61,3,fused
23126,000000023126.jpg,640x428,1,0.997076,1,1,TP,yolov8l_bsz4.ms,108.25,113.25,221.50,0.500,Light (Music + Nav),5.62,10.31,291.18,2845.00,11499.37,686.88,,0,72,36.00,588,4091166,2405605.61,3,fused
362716,000000362716.jpg,640x427,1,0.997067,1,1,TP,yolov8l_bsz4.ms,108.25,118.75,227.00,0.500,Light (Music + Nav),5.26,8.89,365.33,2765.00,11499.37,604.49,,0,72,36.00,602,4091779,2463250.96,3,fused
449579,000000449579.jpg,640x427,1,0.997049,1,1,TP,yolov8l_bsz4.ms,108.25,118.75,227.00,0.500,Light (Music + Nav),5.26,8.89,365.33,2765.00,11499.37,604.49,,0,72,36.00,602,4091779,2463250.96,3,fused
323895,000000323895.jpg,640x480,1,0.997046,1,1,TP,yolov8l_bsz4.ms,108.25,118.75,227.00,0.500,Light (Music + Nav),5.26,8.89,365.33,2765.00,11499.37,604.49,,0,72,36.00,602,4091779,2463250.96,3,fused
456394,000000456394.jpg,220x176,1,0.997045,0,0,FP,yolov8l_bsz4.ms,108.25,118.75,227.00,0.500,Light (Music + Nav),5.26,8.89,365.33,2765.00,11499.37,604.49,,0,72,36.00,602,4091779,2463250.96,3,fused
384670,000000384670.jpg,640x480,1,0.997019,1,1,TP,yolov8l_bsz4.ms,109.50,109.50,219.00,0.500,Light (Music + Nav),5.38,8.89,362.18,2774.00,11499.37,612.50,,0,72,36.00,560,4090122,2290468.32,3,fused
138639,000000138639.jpg,640x480,1,0.997016,1,1,TP,yolov8l_bsz4.ms,109.50,109.50,219.00,0.500,Light (Music + Nav),5.38,8.89,362.18,2774.00,11499.37,612.50,,0,72,36.00,560,4090122,2290468.32,3,fused
34417,000000034417.jpg,500x375,1,0.997004,1,1,TP,yolov8l_bsz4.ms,109.50,109.50,219.00,0.500,Light (Music + Nav),5.38,8.89,362.18,2774.00,11499.37,612.50,,0,72,36.00,560,4090122,2290468.32,3,fused
60899,000000060899.jpg,360x640,1,0.996965,1,1,TP,yolov8l_bsz4.ms,109.50,109.50,219.00,0.500,Light (Music + Nav),5.38,8.89,362.18,2774.00,11499.37,612.50,,0,72,36.00,560,4090122,2290468.32,3,fused
315450,000000315450.jpg,640x428,1,0.996961,0,0,FP,yolov8l_bsz4.ms,108.00,116.25,224.25,0.500,Light (Music + Nav),5.43,10.38,345.38,2785.00,11499.37,622.45,,0,72,36.00,731,4095794,2994025.41,3,fused
378116,000000378116.jpg,640x454,1,0.996921,1,1,TP,yolov8l_bsz4.ms,108.00,116.25,224.25,0.500,Light (Music + Nav),5.43,10.38,345.38,2785.00,11499.37,622.45,,0,72,36.00,731,4095794,2994025.41,3,fused
78843,000000078843.jpg,640x480,1,0.996919,1,1,TP,yolov8l_bsz4.ms,108.00,116.25,224.25,0.500,Light (Music + Nav),5.43,10.38,345.38,2785.00,11499.37,622.45,,0,72,36.00,731,4095794,2994025.41,3,fused
8532,000000008532.jpg,640x426,1,0.996918,1,1,TP,yolov8l_bsz4.ms,108.00,116.25,224.25,0.500,Light (Music + Nav),5.43,10.38,345.38,2785.00,11499.37,622.45,,0,72,36.00,731,4095794,2994025.41,3,fused
326128,000000326128.jpg,480x640,1,0.996912,1,1,TP,yolov8l_bsz4.ms,109.00,120.75,229.75,0.500,Light (Music + Nav),5.44,10.38,294.77,2842.00,11499.37,678.15,,0,72,36.00,615,4092166,2516682.09,3,fused
478862,000000478862.jpg,640x480,1,0.996904,1,1,TP,yolov8l_bsz4.ms,109.00,120.75,229.75,0.500,Light (Music + Nav),5.44,10.38,294.77,2842.00,11499.37,678.15,,0,72,36.00,615,4092166,2516682.09,3,fused
33104,000000033104.jpg,428x500,1,0.996869,1,1,TP,yolov8l_bsz4.ms,109.00,120.75,229.75,0.500,Light (Music + Nav),5.44,10.38,294.77,2842.00,11499.37,678.15,,0,72,36.00,615,4092166,2516682.09,3,fused
193348,000000193348.jpg,426x640,1,0.996859,1,1,TP,yolov8l_bsz4.ms,109.00,120.75,229.75,0.500,Light (Music + Nav),5.44,10.38,294.77,2842.00,11499.37,678.15,,0,72,36.00,615,4092166,2516682.09,3,fused
289417,000000289417.jpg,500x375,1,0.996858,1,1,TP,yolov8l_bsz4.ms,108.00,118.00,226.00,0.500,Light (Music + Nav),5.38,10.36,366.70,2763.00,11499.37,598.71,,0,72,36.00,662,4093628,2709981.74,3,fused
144984,000000144984.jpg,426x640,1,0.996847,1,1,TP,yolov8l_bsz4.ms,108.00,118.00,226.00,0.500,Light (Music + Nav),5.38,10.36,366.70,2763.00,11499.37,598.71,,0,72,36.00,662,4093628,2709981.74,3,fused
203294,000000203294.jpg,640x480,1,0.996835,1,1,TP,yolov8l_bsz4.ms,108.00,118.00,226.00,0.500,Light (Music + Nav),5.38,10.36,366.70,2763.00,11499.37,598.71,,0,72,36.00,662,4093628,2709981.74,3,fused
411530,000000411530.jpg,640x480,1,0.996818,1,1,TP,yolov8l_bsz4.ms,108.00,118.00,226.00,0.500,Light (Music + Nav),5.38,10.36,366.70,2763.00,11499.37,598.71,,0,72,36.00,662,4093628,2709981.74,3,fused
384468,000000384468.jpg,640x480,1,0.996771,1,1,TP,yolov8l_bsz4.ms,109.50,117.00,226.50,0.500,Light (Music + Nav),5.35,10.36,362.22,2774.00,11499.37,608.11,,0,72,36.00,627,4092561,2566035.75,3,fused
297427,000000297427.jpg,580x640,1,0.996741,1,1,TP,yolov8l_bsz4.ms,109.50,117.00,226.50,0.500,Light (Music + Nav),5.35,10.36,362.22,2774.00,11499.37,608.11,,0,72,36.00,627,4092561,2566035.75,3,fused
288430,000000288430.jpg,500x375,1,0.996738,1,1,TP,yolov8l_bsz4.ms,109.50,117.00,226.50,0.500,Light (Music + Nav),5.35,10.36,362.22,2774.00,11499.37,608.11,,0,72,36.00,627,4092561,2566035.75,3,fused
449909,000000449909.jpg,640x427,1,0.996724,1,1,TP,yolov8l_bsz4.ms,109.50,117.00,226.50,0.500,Light (Music + Nav),5.35,10.36,362.22,2774.00,11499.37,608.11,,0,72,36.00,627,4092561,2566035.75,3,fused
433204,000000433204.jpg,640x480,1,0.996704,1,1,TP,yolov8l_bsz4.ms,108.00,119.75,227.75,0.500,Light (Music + Nav),5.37,10.15,343.98,2785.00,11499.37,618.49,,0,72,36.00,679,4094274,2780012.05,3,fused
537506,000000537506.jpg,600x400,1,0.996701,1,1,TP,yolov8l_bsz4.ms,108.00,119.75,227.75,0.500,Light (Music + Nav),5.37,10.15,343.98,2785.00,11499.37,618.49,,0,72,36.00,679,4094274,2780012.05,3,fused
260106,000000260106.jpg,400x600,1,0.996694,1,1,TP,yolov8l_bsz4.ms,108.00,119.75,227.75,0.500,Light (Music + Nav),5.37,10.15,343.98,2785.00,11499.37,618.49,,0,72,36.00,679,4094274,2780012.05,3,fused
169996,000000169996.jpg,640x480,1,0.996693,1,1,TP,yolov8l_bsz4.ms,108.00,119.75,227.75,0.500,Light (Music + Nav),5.37,10.15,343.98,2785.00,11499.37,618.49,,0,72,36.00,679,4094274,2780012.05,3,fused
404249,000000404249.jpg,427x640,1,0.996646,1,1,TP,yolov8l_bsz4.ms,108.00,111.25,219.25,0.500,Light (Music + Nav),5.38,10.15,298.24,2836.00,11499.37,667.77,,0,72,36.00,554,4090299,2266025.65,3,fused
69224,000000069224.jpg,500x375,1,0.996638,1,1,TP,yolov8l_bsz4.ms,108.00,111.25,219.25,0.500,Light (Music + Nav),5.38,10.15,298.24,2836.00,11499.37,667.77,,0,72,36.00,554,4090299,2266025.65,3,fused
127263,000000127263.jpg,640x427,1,0.996609,1,1,TP,yolov8l_bsz4.ms,108.00,111.25,219.25,0.500,Light (Music + Nav),5.38,10.15,298.24,2836.00,11499.37,667.77,,0,72,36.00,554,4090299,2266025.65,3,fused
421455,000000421455.jpg,500x375,1,0.996550,1,1,TP,yolov8l_bsz4.ms,108.00,111.25,219.25,0.500,Light (Music + Nav),5.38,10.15,298.24,2836.00,11499.37,667.77,,0,72,36.00,554,4090299,2266025.65,3,fused
13177,000000013177.jpg,640x427,1,0.996523,1,1,TP,yolov8l_bsz4.ms,108.25,120.25,228.50,0.500,Light (Music + Nav),5.32,10.15,364.79,2763.00,11499.37,593.62,,0,72,36.00,704,4095053,2882917.31,3,fused
488251,000000488251.jpg,640x360,1,0.996489,1,1,TP,yolov8l_bsz4.ms,108.25,120.25,228.50,0.500,Light (Music + Nav),5.32,10.15,364.79,2763.00,11499.37,593.62,,0,72,36.00,704,4095053,2882917.31,3,fused
563648,000000563648.jpg,468x640,1,0.996433,1,1,TP,yolov8l_bsz4.ms,108.25,120.25,228.50,0.500,Light (Music + Nav),5.32,10.15,364.79,2763.00,11499.37,593.62,,0,72,36.00,704,4095053,2882917.31,3,fused
354307,000000354307.jpg,500x375,1,0.996424,1,1,TP,yolov8l_bsz4.ms,108.25,120.25,228.50,0.500,Light (Music + Nav),5.32,10.15,364.79,2763.00,11499.37,593.62,,0,72,36.00,704,4095053,2882917.31,3,fused
82821,000000082821.jpg,640x427,1,0.996411,1,1,TP,yolov8l_bsz4.ms,109.25,116.25,225.50,0.500,Light (Music + Nav),5.35,10.02,362.48,2773.00,11499.37,602.40,,0,72,36.00,588,4091367,2405723.80,3,fused
563349,000000563349.jpg,427x640,1,0.996378,1,1,TP,yolov8l_bsz4.ms,109.25,116.25,225.50,0.500,Light (Music + Nav),5.35,10.02,362.48,2773.00,11499.37,602.40,,0,72,36.00,588,4091367,2405723.80,3,fused
486104,000000486104.jpg,500x375,1,0.996377,1,1,TP,yolov8l_bsz4.ms,109.25,116.25,225.50,0.500,Light (Music + Nav),5.35,10.02,362.48,2773.00,11499.37,602.40,,0,72,36.00,588,4091367,2405723.80,3,fused
445792,000000445792.jpg,500x375,1,0.996344,1,1,TP,yolov8l_bsz4.ms,109.25,116.25,225.50,0.500,Light (Music + Nav),5.35,10.02,362.48,2773.00,11499.37,602.40,,0,72,36.00,588,4091367,2405723.80,3,fused
286458,000000286458.jpg,455x310,1,0.996276,0,0,FP,yolov8l_bsz4.ms,108.25,129.00,237.25,0.500,Light (Music + Nav),5.71,10.02,342.11,2783.00,11499.37,610.69,,0,72,36.00,598,4091886,2446947.83,3,fused
565853,000000565853.jpg,500x375,1,0.996267,1,1,TP,yolov8l_bsz4.ms,108.25,129.00,237.25,0.500,Light (Music + Nav),5.71,10.02,342.11,2783.00,11499.37,610.69,,0,72,36.00,598,4091886,2446947.83,3,fused
454798,000000454798.jpg,640x425,1,0.996263,1,1,TP,yolov8l_bsz4.ms,108.25,129.00,237.25,0.500,Light (Music + Nav),5.71,10.02,342.11,2783.00,11499.37,610.69,,0,72,36.00,598,4091886,2446947.83,3,fused
551804,000000551804.jpg,640x427,1,0.996251,1,1,TP,yolov8l_bsz4.ms,108.25,129.00,237.25,0.500,Light (Music + Nav),5.71,10.02,342.11,2783.00,11499.37,610.69,,0,72,36.00,598,4091886,2446947.83,3,fused
1353,000000001353.jpg,375x500,1,0.996249,1,1,TP,yolov8l_bsz4.ms,108.25,121.25,229.50,0.500,Light (Music + Nav),5.51,9.98,297.86,2833.00,11499.37,659.73,,0,72,36.00,509,4088729,2081163.06,3,fused
356531,000000356531.jpg,640x480,1,0.996210,1,1,TP,yolov8l_bsz4.ms,108.25,121.25,229.50,0.500,Light (Music + Nav),5.51,9.98,297.86,2833.00,11499.37,659.73,,0,72,36.00,509,4088729,2081163.06,3,fused
374982,000000374982.jpg,375x500,1,0.996183,1,1,TP,yolov8l_bsz4.ms,108.25,121.25,229.50,0.500,Light (Music + Nav),5.51,9.98,297.86,2833.00,11499.37,659.73,,0,72,36.00,509,4088729,2081163.06,3,fused
407002,000000407002.jpg,480x640,1,0.996162,1,1,TP,yolov8l_bsz4.ms,108.25,121.25,229.50,0.500,Light (Music + Nav),5.51,9.98,297.86,2833.00,11499.37,659.73,,0,72,36.00,509,4088729,2081163.06,3,fused
175251,000000175251.jpg,612x612,1,0.996161,1,1,TP,yolov8l_bsz4.ms,108.00,119.00,227.00,0.500,Light (Music + Nav),5.37,9.98,369.15,2756.00,11499.37,581.93,,0,72,36.00,574,4090829,2348135.85,3,fused
121497,000000121497.jpg,640x480,1,0.996149,1,1,TP,yolov8l_bsz4.ms,108.00,119.00,227.00,0.500,Light (Music + Nav),5.37,9.98,369.15,2756.00,11499.37,581.93,,0,72,36.00,574,4090829,2348135.85,3,fused
343937,000000343937.jpg,640x428,1,0.996118,1,1,TP,yolov8l_bsz4.ms,108.00,119.00,227.00,0.500,Light (Music + Nav),5.37,9.98,369.15,2756.00,11499.37,581.93,,0,72,36.00,574,4090829,2348135.85,3,fused
333402,000000333402.jpg,640x425,1,0.996081,1,1,TP,yolov8l_bsz4.ms,108.00,119.00,227.00,0.500,Light (Music + Nav),5.37,9.98,369.15,2756.00,11499.37,581.93,,0,72,36.00,574,4090829,2348135.85,3,fused
128699,000000128699.jpg,351x500,1,0.996037,1,1,TP,yolov8l_bsz4.ms,109.50,108.25,217.75,0.500,Light (Music + Nav),5.45,10.32,366.21,2764.00,11499.37,589.32,,0,72,36.00,631,4092293,2582236.88,3,fused
102805,000000102805.jpg,640x426,1,0.996034,1,1,TP,yolov8l_bsz4.ms,109.50,108.25,217.75,0.500,Light (Music + Nav),5.45,10.32,366.21,2764.00,11499.37,589.32,,0,72,36.00,631,4092293,2582236.88,3,fused
185250,000000185250.jpg,399x640,1,0.996022,1,1,TP,yolov8l_bsz4.ms,109.50,108.25,217.75,0.500,Light (Music + Nav),5.45,10.32,366.21,2764.00,11499.37,589.32,,0,72,36.00,631,4092293,2582236.88,3,fused
275392,000000275392.jpg,480x640,1,0.996018,1,1,TP,yolov8l_bsz4.ms,109.50,108.25,217.75,0.500,Light (Music + Nav),5.45,10.32,366.21,2764.00,11499.37,589.32,,0,72,36.00,631,4092293,2582236.88,3,fused
561958,000000561958.jpg,640x480,1,0.995951,1,1,TP,yolov8l_bsz4.ms,108.00,109.00,217.00,0.500,Light (Music + Nav),5.45,10.32,343.47,2792.00,11499.37,615.23,,0,72,36.00,635,4092892,2598986.42,3,fused
398905,000000398905.jpg,640x427,1,0.995944,1,1,TP,yolov8l_bsz4.ms,108.00,109.00,217.00,0.500,Light (Music + Nav),5.45,10.32,343.47,2792.00,11499.37,615.23,,0,72,36.00,635,4092892,2598986.42,3,fused
82986,000000082986.jpg,640x444,1,0.995913,1,1,TP,yolov8l_bsz4.ms,108.00,109.00,217.00,0.500,Light (Music + Nav),5.45,10.32,343.47,2792.00,11499.37,615.23,,0,72,36.00,635,4092892,2598986.42,3,fused
227491,000000227491.jpg,640x480,1,0.995900,1,1,TP,yolov8l_bsz4.ms,108.00,109.00,217.00,0.500,Light (Music + Nav),5.45,10.32,343.47,2792.00,11499.37,615.23,,0,72,36.00,635,4092892,2598986.42,3,fused
530061,000000530061.jpg,640x455,1,0.995887,1,1,TP,yolov8l_bsz4.ms,108.50,117.75,226.25,0.500,Light (Music + Nav),5.39,10.69,294.39,2847.00,11499.37,669.40,,0,72,36.00,635,4092966,2599033.41,3,fused
554002,000000554002.jpg,640x425,1,0.995879,1,1,TP,yolov8l_bsz4.ms,108.50,117.75,226.25,0.500,Light (Music + Nav),5.39,10.69,294.39,2847.00,11499.37,669.40,,0,72,36.00,635,4092966,2599033.41,3,fused
471023,000000471023.jpg,640x426,1,0.995863,1,1,TP,yolov8l_bsz4.ms,108.50,117.75,226.25,0.500,Light (Music + Nav),5.39,10.69,294.39,2847.00,11499.37,669.40,,0,72,36.00,635,4092966,2599033.41,3,fused
394510,000000394510.jpg,640x480,1,0.995802,1,1,TP,yolov8l_bsz4.ms,108.50,117.75,226.25,0.500,Light (Music + Nav),5.39,10.69,294.39,2847.00,11499.37,669.40,,0,72,36.00,635,4092966,2599033.41,3,fused
478721,000000478721.jpg,640x480,1,0.995770,1,1,TP,yolov8l_bsz4.ms,108.00,120.00,228.00,0.500,Light (Music + Nav),5.37,10.69,365.97,2766.00,11499.37,586.70,,0,72,36.00,657,4093772,2689608.20,3,fused
322163,000000322163.jpg,640x480,1,0.995763,1,1,TP,yolov8l_bsz4.ms,108.00,120.00,228.00,0.500,Light (Music + Nav),5.37,10.69,365.97,2766.00,11499.37,586.70,,0,72,36.00,657,4093772,2689608.20,3,fused
337055,000000337055.jpg,640x427,1,0.995725,1,1,TP,yolov8l_bsz4.ms,108.00,120.00,228.00,0.500,Light (Music + Nav),5.37,10.69,365.97,2766.00,11499.37,586.70,,0,72,36.00,657,4093772,2689608.20,3,fused
542127,000000542127.jpg,640x426,1,0.995705,1,1,TP,yolov8l_bsz4.ms,108.00,120.00,228.00,0.500,Light (Music + Nav),5.37,10.69,365.97,2766.00,11499.37,586.70,,0,72,36.00,657,4093772,2689608.20,3,fused
105264,000000105264.jpg,640x427,1,0.995675,1,1,TP,yolov8l_bsz4.ms,109.50,113.75,223.25,0.500,Light (Music + Nav),5.35,10.69,362.71,2774.00,11499.37,593.25,,0,72,36.00,576,4091188,2356524.29,3,fused
146358,000000146358.jpg,388x640,1,0.995649,1,1,TP,yolov8l_bsz4.ms,109.50,113.75,223.25,0.500,Light (Music + Nav),5.35,10.69,362.71,2774.00,11499.37,593.25,,0,72,36.00,576,4091188,2356524.29,3,fused
162092,000000162092.jpg,640x640,1,0.995601,1,1,TP,yolov8l_bsz4.ms,109.50,113.75,223.25,0.500,Light (Music + Nav),5.35,10.69,362.71,2774.00,11499.37,593.25,,0,72,36.00,576,4091188,2356524.29,3,fused
442746,000000442746.jpg,500x375,1,0.995579,1,1,TP,yolov8l_bsz4.ms,109.50,113.75,223.25,0.500,Light (Music + Nav),5.35,10.69,362.71,2774.00,11499.37,593.25,,0,72,36.00,576,4091188,2356524.29,3,fused
522889,000000522889.jpg,424x640,1,0.995560,1,1,TP,yolov8l_bsz4.ms,108.00,130.75,238.75,0.500,Light (Music + Nav),5.38,10.25,345.63,2788.00,11499.37,606.23,,0,72,36.00,718,4095967,2940904.31,3,fused
38210,000000038210.jpg,428x640,1,0.995528,1,1,TP,yolov8l_bsz4.ms,108.00,130.75,238.75,0.500,Light (Music + Nav),5.38,10.25,345.63,2788.00,11499.37,606.23,,0,72,36.00,718,4095967,2940904.31,3,fused
449312,000000449312.jpg,640x578,1,0.995486,1,1,TP,yolov8l_bsz4.ms,108.00,130.75,238.75,0.500,Light (Music + Nav),5.38,10.25,345.63,2788.00,11499.37,606.23,,0,72,36.00,718,4095967,2940904.31,3,fused
295316,000000295316.jpg,640x480,1,0.995439,1,1,TP,yolov8l_bsz4.ms,108.00,130.75,238.75,0.500,Light (Music + Nav),5.38,10.25,345.63,2788.00,11499.37,606.23,,0,72,36.00,718,4095967,2940904.31,3,fused
140840,000000140840.jpg,500x281,1,0.995388,1,1,TP,yolov8l_bsz4.ms,107.75,100.25,208.00,0.500,Light (Music + Nav),9.38,10.25,298.85,2842.00,11499.37,659.39,,0,72,36.00,530,4089746,2167565.38,3,fused
133567,000000133567.jpg,640x428,1,0.995380,1,1,TP,yolov8l_bsz4.ms,107.75,100.25,208.00,0.500,Light (Music + Nav),9.38,10.25,298.85,2842.00,11499.37,659.39,,0,72,36.00,530,4089746,2167565.38,3,fused
187585,000000187585.jpg,640x436,1,0.995368,1,1,TP,yolov8l_bsz4.ms,107.75,100.25,208.00,0.500,Light (Music + Nav),9.38,10.25,298.85,2842.00,11499.37,659.39,,0,72,36.00,530,4089746,2167565.38,3,fused
303713,000000303713.jpg,427x640,1,0.995318,1,1,TP,yolov8l_bsz4.ms,107.75,100.25,208.00,0.500,Light (Music + Nav),9.38,10.25,298.85,2842.00,11499.37,659.39,,0,72,36.00,530,4089746,2167565.38,3,fused
142790,000000142790.jpg,500x375,1,0.995296,1,1,TP,yolov8l_bsz4.ms,108.00,112.25,220.25,0.500,Light (Music + Nav),6.23,9.20,364.63,2765.00,11499.37,581.02,,0,72,36.00,594,4091792,2430524.45,3,fused
181303,000000181303.jpg,640x358,1,0.995266,1,1,TP,yolov8l_bsz4.ms,108.00,112.25,220.25,0.500,Light (Music + Nav),6.23,9.20,364.63,2765.00,11499.37,581.02,,0,72,36.00,594,4091792,2430524.45,3,fused
352684,000000352684.jpg,424x640,1,0.995201,1,1,TP,yolov8l_bsz4.ms,108.00,112.25,220.25,0.500,Light (Music + Nav),6.23,9.20,364.63,2765.00,11499.37,581.02,,0,72,36.00,594,4091792,2430524.45,3,fused
424642,000000424642.jpg,500x375,1,0.995186,1,1,TP,yolov8l_bsz4.ms,108.00,112.25,220.25,0.500,Light (Music + Nav),6.23,9.20,364.63,2765.00,11499.37,581.02,,0,72,36.00,594,4091792,2430524.45,3,fused
314251,000000314251.jpg,640x480,1,0.995153,1,1,TP,yolov8l_bsz4.ms,110.50,113.00,223.50,0.500,Light (Music + Nav),5.80,9.20,363.96,2789.00,11499.37,603.73,,0,72,36.00,664,4093853,2718318.39,3,fused
389197,000000389197.jpg,640x426,1,0.995130,1,1,TP,yolov8l_bsz4.ms,110.50,113.00,223.50,0.500,Light (Music + Nav),5.80,9.20,363.96,2789.00,11499.37,603.73,,0,72,36.00,664,4093853,2718318.39,3,fused
222118,000000222118.jpg,640x427,1,0.995102,1,1,TP,yolov8l_bsz4.ms,110.50,113.00,223.50,0.500,Light (Music + Nav),5.80,9.20,363.96,2789.00,11499.37,603.73,,0,72,36.00,664,4093853,2718318.39,3,fused
131938,000000131938.jpg,463x640,1,0.995079,0,0,FP,yolov8l_bsz4.ms,110.50,113.00,223.50,0.500,Light (Music + Nav),5.80,9.20,363.96,2789.00,11499.37,603.73,,0,72,36.00,664,4093853,2718318.39,3,fused
212226,000000212226.jpg,500x335,1,0.995000,1,1,TP,yolov8l_bsz4.ms,107.50,108.75,216.25,0.500,Light (Music + Nav),5.64,11.16,343.12,2775.00,11499.37,589.03,,0,72,36.00,640,4093309,2619717.76,3,fused
174482,000000174482.jpg,640x388,1,0.994951,0,0,FP,yolov8l_bsz4.ms,107.50,108.75,216.25,0.500,Light (Music + Nav),5.64,11.16,343.12,2775.00,11499.37,589.03,,0,72,36.00,640,4093309,2619717.76,3,fused
40757,000000040757.jpg,425x640,1,0.994947,1,1,TP,yolov8l_bsz4.ms,107.50,108.75,216.25,0.500,Light (Music + Nav),5.64,11.16,343.12,2775.00,11499.37,589.03,,0,72,36.00,640,4093309,2619717.76,3,fused
356612,000000356612.jpg,640x416,1,0.994895,1,1,TP,yolov8l_bsz4.ms,107.50,108.75,216.25,0.500,Light (Music + Nav),5.64,11.16,343.12,2775.00,11499.37,589.03,,0,72,36.00,640,4093309,2619717.76,3,fused
401862,000000401862.jpg,640x480,1,0.994883,1,1,TP,yolov8l_bsz4.ms,108.00,115.75,223.75,0.500,Light (Music + Nav),5.63,11.16,289.11,2845.00,11499.37,658.23,,0,72,36.00,558,4090688,2282603.90,3,fused
353051,000000353051.jpg,640x426,1,0.994879,1,1,TP,yolov8l_bsz4.ms,108.00,115.75,223.75,0.500,Light (Music + Nav),5.63,11.16,289.11,2845.00,11499.37,658.23,,0,72,36.00,558,4090688,2282603.90,3,fused
302107,000000302107.jpg,427x640,1,0.994876,1,1,TP,yolov8l_bsz4.ms,108.00,115.75,223.75,0.500,Light (Music + Nav),5.63,11.16,289.11,2845.00,11499.37,658.23,,0,72,36.00,558,4090688,2282603.90,3,fused
183127,000000183127.jpg,640x428,1,0.994872,1,1,TP,yolov8l_bsz4.ms,108.00,115.75,223.75,0.500,Light (Music + Nav),5.63,11.16,289.11,2845.00,11499.37,658.23,,0,72,36.00,558,4090688,2282603.90,3,fused
69213,000000069213.jpg,640x427,1,0.994809,1,1,TP,yolov8l_bsz4.ms,108.50,107.00,215.50,0.500,Light (Music + Nav),5.43,11.16,366.38,2748.00,11499.37,557.98,,0,72,36.00,531,4089665,2171612.12,3,fused
210299,000000210299.jpg,640x480,1,0.994789,1,1,TP,yolov8l_bsz4.ms,108.50,107.00,215.50,0.500,Light (Music + Nav),5.43,11.16,366.38,2748.00,11499.37,557.98,,0,72,36.00,531,4089665,2171612.12,3,fused
482917,000000482917.jpg,500x375,1,0.994727,1,1,TP,yolov8l_bsz4.ms,108.50,107.00,215.50,0.500,Light (Music + Nav),5.43,11.16,366.38,2748.00,11499.37,557.98,,0,72,36.00,531,4089665,2171612.12,3,fused
136633,000000136633.jpg,427x640,1,0.994711,1,1,TP,yolov8l_bsz4.ms,108.50,107.00,215.50,0.500,Light (Music + Nav),5.43,11.16,366.38,2748.00,11499.37,557.98,,0,72,36.00,531,4089665,2171612.12,3,fused
526728,000000526728.jpg,500x375,1,0.994687,1,1,TP,yolov8l_bsz4.ms,109.00,117.25,226.25,0.500,Light (Music + Nav),5.41,13.69,363.29,2759.00,11499.37,569.72,,0,72,36.00,616,4092524,2520994.78,3,fused
474039,000000474039.jpg,640x401,1,0.994673,1,1,TP,yolov8l_bsz4.ms,109.00,117.25,226.25,0.500,Light (Music + Nav),5.41,13.69,363.29,2759.00,11499.37,569.72,,0,72,36.00,616,4092524,2520994.78,3,fused
25603,000000025603.jpg,640x480,1,0.994657,1,1,TP,yolov8l_bsz4.ms,109.00,117.25,226.25,0.500,Light (Music + Nav),5.41,13.69,363.29,2759.00,11499.37,569.72,,0,72,36.00,616,4092524,2520994.78,3,fused
11149,000000011149.jpg,500x375,1,0.994632,1,1,TP,yolov8l_bsz4.ms,109.00,117.25,226.25,0.500,Light (Music + Nav),5.41,13.69,363.29,2759.00,11499.37,569.72,,0,72,36.00,616,4092524,2520994.78,3,fused
179642,000000179642.jpg,640x427,1,0.994623,1,1,TP,yolov8l_bsz4.ms,108.25,114.50,222.75,0.500,Light (Music + Nav),5.47,13.69,361.58,2790.00,11499.37,598.95,,0,72,36.00,686,4094651,2808930.59,3,fused
361238,000000361238.jpg,640x480,1,0.994547,1,1,TP,yolov8l_bsz4.ms,108.25,114.50,222.75,0.500,Light (Music + Nav),5.47,13.69,361.58,2790.00,11499.37,598.95,,0,72,36.00,686,4094651,2808930.59,3,fused
528705,000000528705.jpg,426x640,1,0.994541,1,1,TP,yolov8l_bsz4.ms,108.25,114.50,222.75,0.500,Light (Music + Nav),5.47,13.69,361.58,2790.00,11499.37,598.95,,0,72,36.00,686,4094651,2808930.59,3,fused
550349,000000550349.jpg,480x640,1,0.994512,1,1,TP,yolov8l_bsz4.ms,108.25,114.50,222.75,0.500,Light (Music + Nav),5.47,13.69,361.58,2790.00,11499.37,598.95,,0,72,36.00,686,4094651,2808930.59,3,fused
229358,000000229358.jpg,640x423,1,0.994511,1,1,TP,yolov8l_bsz4.ms,108.00,105.75,213.75,0.500,Light (Music + Nav),5.45,13.08,287.77,2855.00,11499.37,662.72,,0,72,36.00,544,4090206,2225072.06,3,fused
65350,000000065350.jpg,640x427,1,0.994497,1,1,TP,yolov8l_bsz4.ms,108.00,105.75,213.75,0.500,Light (Music + Nav),5.45,13.08,287.77,2855.00,11499.37,662.72,,0,72,36.00,544,4090206,2225072.06,3,fused
407650,000000407650.jpg,640x428,1,0.994471,1,1,TP,yolov8l_bsz4.ms,108.00,105.75,213.75,0.500,Light (Music + Nav),5.45,13.08,287.77,2855.00,11499.37,662.72,,0,72,36.00,544,4090206,2225072.06,3,fused
6460,000000006460.jpg,640x427,1,0.994470,1,1,TP,yolov8l_bsz4.ms,108.00,105.75,213.75,0.500,Light (Music + Nav),5.45,13.08,287.77,2855.00,11499.37,662.72,,0,72,36.00,544,4090206,2225072.06,3,fused
266981,000000266981.jpg,426x640,1,0.994452,1,1,TP,yolov8l_bsz4.ms,108.25,125.75,234.00,0.500,Light (Music + Nav),5.37,13.08,365.15,2781.00,11499.37,588.40,,0,72,36.00,675,4094470,2763767.25,3,fused
464089,000000464089.jpg,640x480,1,0.994403,1,1,TP,yolov8l_bsz4.ms,108.25,125.75,234.00,0.500,Light (Music + Nav),5.37,13.08,365.15,2781.00,11499.37,588.40,,0,72,36.00,675,4094470,2763767.25,3,fused
524850,000000524850.jpg,500x319,1,0.994369,1,1,TP,yolov8l_bsz4.ms,108.25,125.75,234.00,0.500,Light (Music + Nav),5.37,13.08,365.15,2781.00,11499.37,588.40,,0,72,36.00,675,4094470,2763767.25,3,fused
173799,000000173799.jpg,640x524,1,0.994363,1,1,TP,yolov8l_bsz4.ms,108.25,125.75,234.00,0.500,Light (Music + Nav),5.37,13.08,365.15,2781.00,11499.37,588.40,,0,72,36.00,675,4094470,2763767.25,3,fused
115870,000000115870.jpg,640x426,1,0.994357,1,1,TP,yolov8l_bsz4.ms,109.00,120.00,229.00,0.500,Light (Music + Nav),5.41,12.52,362.81,2782.00,11499.37,587.69,,0,72,36.00,623,4092793,2549810.04,3,fused
407646,000000407646.jpg,500x400,1,0.994315,1,1,TP,yolov8l_bsz4.ms,109.00,120.00,229.00,0.500,Light (Music + Nav),5.41,12.52,362.81,2782.00,11499.37,587.69,,0,72,36.00,623,4092793,2549810.04,3,fused
369370,000000369370.jpg,640x480,1,0.994295,0,0,FP,yolov8l_bsz4.ms,109.00,120.00,229.00,0.500,Light (Music + Nav),5.41,12.52,362.81,2782.00,11499.37,587.69,,0,72,36.00,623,4092793,2549810.04,3,fused
193674,000000193674.jpg,640x480,1,0.994255,1,1,TP,yolov8l_bsz4.ms,109.00,120.00,229.00,0.500,Light (Music + Nav),5.41,12.52,362.81,2782.00,11499.37,587.69,,0,72,36.00,623,4092793,2549810.04,3,fused
359540,000000359540.jpg,640x427,1,0.994223,1,1,TP,yolov8l_bsz4.ms,108.00,116.00,224.00,0.500,Light (Music + Nav),5.91,12.52,342.81,2810.00,11499.37,614.70,,0,72,36.00,616,4092644,2521068.70,3,fused
88485,000000088485.jpg,640x427,1,0.994191,1,1,TP,yolov8l_bsz4.ms,108.00,116.00,224.00,0.500,Light (Music + Nav),5.91,12.52,342.81,2810.00,11499.37,614.70,,0,72,36.00,616,4092644,2521068.70,3,fused
400044,000000400044.jpg,483x640,1,0.994168,1,1,TP,yolov8l_bsz4.ms,108.00,116.00,224.00,0.500,Light (Music + Nav),5.91,12.52,342.81,2810.00,11499.37,614.70,,0,72,36.00,616,4092644,2521068.70,3,fused
467848,000000467848.jpg,640x480,1,0.994142,1,1,TP,yolov8l_bsz4.ms,108.00,116.00,224.00,0.500,Light (Music + Nav),5.91,12.52,342.81,2810.00,11499.37,614.70,,0,72,36.00,616,4092644,2521068.70,3,fused
376206,000000376206.jpg,640x427,1,0.994103,1,1,TP,yolov8l_bsz4.ms,108.00,114.50,222.50,0.500,Light (Music + Nav),5.59,12.52,289.32,2854.00,11499.37,656.93,,0,72,36.00,637,4093494,2607555.68,3,fused
88432,000000088432.jpg,480x640,1,0.994014,0,0,FP,yolov8l_bsz4.ms,108.00,114.50,222.50,0.500,Light (Music + Nav),5.59,12.52,289.32,2854.00,11499.37,656.93,,0,72,36.00,637,4093494,2607555.68,3,fused
121242,000000121242.jpg,640x429,1,0.993911,1,1,TP,yolov8l_bsz4.ms,108.00,114.50,222.50,0.500,Light (Music + Nav),5.59,12.52,289.32,2854.00,11499.37,656.93,,0,72,36.00,637,4093494,2607555.68,3,fused
313562,000000313562.jpg,640x480,1,0.993852,1,1,TP,yolov8l_bsz4.ms,108.00,114.50,222.50,0.500,Light (Music + Nav),5.59,12.52,289.32,2854.00,11499.37,656.93,,0,72,36.00,637,4093494,2607555.68,3,fused
476514,000000476514.jpg,426x640,1,0.993843,1,1,TP,yolov8l_bsz4.ms,108.00,133.25,241.25,0.500,Light (Music + Nav),5.43,9.42,367.00,2782.00,11499.37,584.23,,0,72,36.00,563,4091079,2303277.48,3,fused
534270,000000534270.jpg,521x421,1,0.993830,1,1,TP,yolov8l_bsz4.ms,108.00,133.25,241.25,0.500,Light (Music + Nav),5.43,9.42,367.00,2782.00,11499.37,584.23,,0,72,36.00,563,4091079,2303277.48,3,fused
4765,000000004765.jpg,612x612,1,0.993758,1,1,TP,yolov8l_bsz4.ms,108.00,133.25,241.25,0.500,Light (Music + Nav),5.43,9.42,367.00,2782.00,11499.37,584.23,,0,72,36.00,563,4091079,2303277.48,3,fused
18837,000000018837.jpg,640x480,1,0.993746,1,1,TP,yolov8l_bsz4.ms,108.00,133.25,241.25,0.500,Light (Music + Nav),5.43,9.42,367.00,2782.00,11499.37,584.23,,0,72,36.00,563,4091079,2303277.48,3,fused
356248,000000356248.jpg,478x640,1,0.993736,1,1,TP,yolov8l_bsz4.ms,109.50,114.00,223.50,0.500,Light (Music + Nav),5.39,9.42,362.38,2781.00,11499.37,582.13,,0,72,36.00,649,4093925,2656957.33,3,fused
362520,000000362520.jpg,424x640,1,0.993735,1,1,TP,yolov8l_bsz4.ms,109.50,114.00,223.50,0.500,Light (Music + Nav),5.39,9.42,362.38,2781.00,11499.37,582.13,,0,72,36.00,649,4093925,2656957.33,3,fused
263679,000000263679.jpg,640x428,1,0.993691,1,1,TP,yolov8l_bsz4.ms,109.50,114.00,223.50,0.500,Light (Music + Nav),5.39,9.42,362.38,2781.00,11499.37,582.13,,0,72,36.00,649,4093925,2656957.33,3,fused
498807,000000498807.jpg,640x426,1,0.993593,1,1,TP,yolov8l_bsz4.ms,109.50,114.00,223.50,0.500,Light (Music + Nav),5.39,9.42,362.38,2781.00,11499.37,582.13,,0,72,36.00,649,4093925,2656957.33,3,fused
193743,000000193743.jpg,427x640,1,0.993552,1,1,TP,yolov8l_bsz4.ms,108.25,109.25,217.50,0.500,Light (Music + Nav),5.41,9.84,343.11,2806.00,11499.37,606.01,,0,72,36.00,681,4094973,2788676.61,3,fused
328430,000000328430.jpg,433x640,1,0.993543,1,1,TP,yolov8l_bsz4.ms,108.25,109.25,217.50,0.500,Light (Music + Nav),5.41,9.84,343.11,2806.00,11499.37,606.01,,0,72,36.00,681,4094973,2788676.61,3,fused
296649,000000296649.jpg,640x427,1,0.993537,1,1,TP,yolov8l_bsz4.ms,108.25,109.25,217.50,0.500,Light (Music + Nav),5.41,9.84,343.11,2806.00,11499.37,606.01,,0,72,36.00,681,4094973,2788676.61,3,fused
191672,000000191672.jpg,640x428,1,0.993457,1,1,TP,yolov8l_bsz4.ms,108.25,109.25,217.50,0.500,Light (Music + Nav),5.41,9.84,343.11,2806.00,11499.37,606.01,,0,72,36.00,681,4094973,2788676.61,3,fused
314177,000000314177.jpg,481x640,1,0.993425,1,1,TP,yolov8l_bsz4.ms,109.75,116.75,226.50,0.500,Light (Music + Nav),5.50,9.84,298.56,2845.00,11499.37,643.51,,0,72,36.00,610,4092659,2496521.99,3,fused
413552,000000413552.jpg,426x640,1,0.993414,1,1,TP,yolov8l_bsz4.ms,109.75,116.75,226.50,0.500,Light (Music + Nav),5.50,9.84,298.56,2845.00,11499.37,643.51,,0,72,36.00,610,4092659,2496521.99,3,fused
470952,000000470952.jpg,428x640,1,0.993407,1,1,TP,yolov8l_bsz4.ms,109.75,116.75,226.50,0.500,Light (Music + Nav),5.50,9.84,298.56,2845.00,11499.37,643.51,,0,72,36.00,610,4092659,2496521.99,3,fused
133819,000000133819.jpg,640x425,1,0.993316,1,1,TP,yolov8l_bsz4.ms,109.75,116.75,226.50,0.500,Light (Music + Nav),5.50,9.84,298.56,2845.00,11499.37,643.51,,0,72,36.00,610,4092659,2496521.99,3,fused
39480,000000039480.jpg,640x427,1,0.993276,1,1,TP,yolov8l_bsz4.ms,108.25,114.50,222.75,0.500,Light (Music + Nav),5.39,10.51,365.96,2790.00,11499.37,580.27,,0,72,36.00,301,4082181,1228736.48,3,fused
406997,000000406997.jpg,640x480,1,0.993205,1,1,TP,yolov8l_bsz4.ms,108.25,114.50,222.75,0.500,Light (Music + Nav),5.39,10.51,365.96,2790.00,11499.37,580.27,,0,72,36.00,301,4082181,1228736.48,3,fused
286523,000000286523.jpg,640x514,1,0.993160,1,1,TP,yolov8l_bsz4.ms,108.25,114.50,222.75,0.500,Light (Music + Nav),5.39,10.51,365.96,2790.00,11499.37,580.27,,0,72,36.00,301,4082181,1228736.48,3,fused
252294,000000252294.jpg,375x500,1,0.993147,1,1,TP,yolov8l_bsz4.ms,108.25,114.50,222.75,0.500,Light (Music + Nav),5.39,10.51,365.96,2790.00,11499.37,580.27,,0,72,36.00,301,4082181,1228736.48,3,fused
31093,000000031093.jpg,640x426,1,0.993136,1,1,TP,yolov8l_bsz4.ms,109.50,118.25,227.75,0.500,Light (Music + Nav),5.40,10.51,367.41,2771.00,11499.37,560.23,,0,72,36.00,599,4092228,2451244.57,3,fused
223182,000000223182.jpg,640x538,1,0.993023,1,1,TP,yolov8l_bsz4.ms,109.50,118.25,227.75,0.500,Light (Music + Nav),5.40,10.51,367.41,2771.00,11499.37,560.23,,0,72,36.00,599,4092228,2451244.57,3,fused
142472,000000142472.jpg,640x480,1,0.993016,1,1,TP,yolov8l_bsz4.ms,109.50,118.25,227.75,0.500,Light (Music + Nav),5.40,10.51,367.41,2771.00,11499.37,560.23,,0,72,36.00,599,4092228,2451244.57,3,fused
119516,000000119516.jpg,640x427,1,0.993014,1,1,TP,yolov8l_bsz4.ms,109.50,118.25,227.75,0.500,Light (Music + Nav),5.40,10.51,367.41,2771.00,11499.37,560.23,,0,72,36.00,599,4092228,2451244.57,3,fused
251572,000000251572.jpg,640x426,1,0.993012,1,1,TP,yolov8l_bsz4.ms,108.00,116.25,224.25,0.500,Light (Music + Nav),5.46,10.61,344.38,2800.00,11499.37,588.24,,0,72,36.00,733,4096488,3002725.70,3,fused
397279,000000397279.jpg,640x427,1,0.992990,1,1,TP,yolov8l_bsz4.ms,108.00,116.25,224.25,0.500,Light (Music + Nav),5.46,10.61,344.38,2800.00,11499.37,588.24,,0,72,36.00,733,4096488,3002725.70,3,fused
476119,000000476119.jpg,640x427,1,0.992980,1,1,TP,yolov8l_bsz4.ms,108.00,116.25,224.25,0.500,Light (Music + Nav),5.46,10.61,344.38,2800.00,11499.37,588.24,,0,72,36.00,733,4096488,3002725.70,3,fused
84270,000000084270.jpg,640x480,1,0.992971,1,1,TP,yolov8l_bsz4.ms,108.00,116.25,224.25,0.500,Light (Music + Nav),5.46,10.61,344.38,2800.00,11499.37,588.24,,0,72,36.00,733,4096488,3002725.70,3,fused
431693,000000431693.jpg,640x426,1,0.992918,1,1,TP,yolov8l_bsz4.ms,108.50,129.25,237.75,0.500,Light (Music + Nav),5.44,10.61,289.89,2849.00,11499.37,635.32,,0,72,36.00,602,4092265,2463543.53,3,fused
435081,000000435081.jpg,500x500,1,0.992903,0,0,FP,yolov8l_bsz4.ms,108.50,129.25,237.75,0.500,Light (Music + Nav),5.44,10.61,289.89,2849.00,11499.37,635.32,,0,72,36.00,602,4092265,2463543.53,3,fused
488710,000000488710.jpg,500x400,1,0.992868,1,1,TP,yolov8l_bsz4.ms,108.50,129.25,237.75,0.500,Light (Music + Nav),5.44,10.61,289.89,2849.00,11499.37,635.32,,0,72,36.00,602,4092265,2463543.53,3,fused
443426,000000443426.jpg,480x640,1,0.992811,1,1,TP,yolov8l_bsz4.ms,108.50,129.25,237.75,0.500,Light (Music + Nav),5.44,10.61,289.89,2849.00,11499.37,635.32,,0,72,36.00,602,4092265,2463543.53,3,fused
145020,000000145020.jpg,640x361,1,0.992740,1,1,TP,yolov8l_bsz4.ms,107.75,109.25,217.00,0.500,Light (Music + Nav),8.67,15.84,365.62,2778.00,11499.37,562.89,,0,72,36.00,561,4091076,2295093.64,3,fused
338304,000000338304.jpg,425x640,1,0.992647,1,1,TP,yolov8l_bsz4.ms,107.75,109.25,217.00,0.500,Light (Music + Nav),8.67,15.84,365.62,2778.00,11499.37,562.89,,0,72,36.00,561,4091076,2295093.64,3,fused
215259,000000215259.jpg,336x500,1,0.992594,1,1,TP,yolov8l_bsz4.ms,107.75,109.25,217.00,0.500,Light (Music + Nav),8.67,15.84,365.62,2778.00,11499.37,562.89,,0,72,36.00,561,4091076,2295093.64,3,fused
308394,000000308394.jpg,640x428,1,0.992587,1,1,TP,yolov8l_bsz4.ms,107.75,109.25,217.00,0.500,Light (Music + Nav),8.67,15.84,365.62,2778.00,11499.37,562.89,,0,72,36.00,561,4091076,2295093.64,3,fused
380711,000000380711.jpg,612x612,1,0.992585,1,1,TP,yolov8l_bsz4.ms,109.25,119.25,228.50,0.500,Light (Music + Nav),5.80,15.84,368.29,2765.00,11499.37,549.14,,0,72,36.00,644,4093578,2636264.23,3,fused
181666,000000181666.jpg,640x425,1,0.992541,1,1,TP,yolov8l_bsz4.ms,109.25,119.25,228.50,0.500,Light (Music + Nav),5.80,15.84,368.29,2765.00,11499.37,549.14,,0,72,36.00,644,4093578,2636264.23,3,fused
433103,000000433103.jpg,640x425,1,0.992524,1,1,TP,yolov8l_bsz4.ms,109.25,119.25,228.50,0.500,Light (Music + Nav),5.80,15.84,368.29,2765.00,11499.37,549.14,,0,72,36.00,644,4093578,2636264.23,3,fused
50638,000000050638.jpg,640x393,1,0.992442,1,1,TP,yolov8l_bsz4.ms,109.25,119.25,228.50,0.500,Light (Music + Nav),5.80,15.84,368.29,2765.00,11499.37,549.14,,0,72,36.00,644,4093578,2636264.23,3,fused
7511,000000007511.jpg,640x480,1,0.992346,1,1,TP,yolov8l_bsz4.ms,105.75,84.25,190.00,0.500,Light (Music + Nav),5.40,15.84,342.57,2798.00,11499.37,580.06,,0,72,36.00,158,4077153,644190.17,3,fused
259597,000000259597.jpg,640x312,1,0.992345,1,1,TP,yolov8l_bsz4.ms,105.75,84.25,190.00,0.500,Light (Music + Nav),5.40,15.84,342.57,2798.00,11499.37,580.06,,0,72,36.00,158,4077153,644190.17,3,fused
96427,000000096427.jpg,640x427,1,0.992330,1,1,TP,yolov8l_bsz4.ms,105.75,84.25,190.00,0.500,Light (Music + Nav),5.40,15.84,342.57,2798.00,11499.37,580.06,,0,72,36.00,158,4077153,644190.17,3,fused
511647,000000511647.jpg,640x480,1,0.992291,1,1,TP,yolov8l_bsz4.ms,105.75,84.25,190.00,0.500,Light (Music + Nav),5.40,15.84,342.57,2798.00,11499.37,580.06,,0,72,36.00,158,4077153,644190.17,3,fused
111609,000000111609.jpg,640x429,1,0.992290,1,1,TP,yolov8l_bsz4.ms,108.00,110.75,218.75,0.500,Light (Music + Nav),5.31,10.94,308.18,2826.00,11499.37,607.43,,0,72,36.00,341,4083495,1392471.79,3,fused
450303,000000450303.jpg,640x480,1,0.992160,1,1,TP,yolov8l_bsz4.ms,108.00,110.75,218.75,0.500,Light (Music + Nav),5.31,10.94,308.18,2826.00,11499.37,607.43,,0,72,36.00,341,4083495,1392471.79,3,fused
9891,000000009891.jpg,640x480,1,0.992124,1,1,TP,yolov8l_bsz4.ms,108.00,110.75,218.75,0.500,Light (Music + Nav),5.31,10.94,308.18,2826.00,11499.37,607.43,,0,72,36.00,341,4083495,1392471.79,3,fused
430073,000000430073.jpg,640x480,1,0.992102,1,1,TP,yolov8l_bsz4.ms,108.00,110.75,218.75,0.500,Light (Music + Nav),5.31,10.94,308.18,2826.00,11499.37,607.43,,0,72,36.00,341,4083495,1392471.79,3,fused
365745,000000365745.jpg,640x480,1,0.992054,1,1,TP,yolov8l_bsz4.ms,107.50,103.25,210.75,0.500,Light (Music + Nav),5.17,10.94,366.13,2774.00,11499.37,554.74,,0,72,36.00,458,4086551,1871640.36,3,fused
369037,000000369037.jpg,425x640,1,0.991990,1,1,TP,yolov8l_bsz4.ms,107.50,103.25,210.75,0.500,Light (Music + Nav),5.17,10.94,366.13,2774.00,11499.37,554.74,,0,72,36.00,458,4086551,1871640.36,3,fused
523100,000000523100.jpg,480x640,1,0.991932,1,1,TP,yolov8l_bsz4.ms,107.50,103.25,210.75,0.500,Light (Music + Nav),5.17,10.94,366.13,2774.00,11499.37,554.74,,0,72,36.00,458,4086551,1871640.36,3,fused
131556,000000131556.jpg,640x425,1,0.991751,1,1,TP,yolov8l_bsz4.ms,107.50,103.25,210.75,0.500,Light (Music + Nav),5.17,10.94,366.13,2774.00,11499.37,554.74,,0,72,36.00,458,4086551,1871640.36,3,fused
23034,000000023034.jpg,640x427,1,0.991670,1,1,TP,yolov8l_bsz4.ms,115.00,102.50,217.50,0.500,Light (Music + Nav),5.22,10.38,362.49,2782.00,11499.37,561.50,,0,72,36.00,610,4092234,2496262.74,3,fused
347265,000000347265.jpg,427x640,1,0.991644,1,1,TP,yolov8l_bsz4.ms,115.00,102.50,217.50,0.500,Light (Music + Nav),5.22,10.38,362.49,2782.00,11499.37,561.50,,0,72,36.00,610,4092234,2496262.74,3,fused
147729,000000147729.jpg,500x375,1,0.991623,1,1,TP,yolov8l_bsz4.ms,115.00,102.50,217.50,0.500,Light (Music + Nav),5.22,10.38,362.49,2782.00,11499.37,561.50,,0,72,36.00,610,4092234,2496262.74,3,fused
23359,000000023359.jpg,640x428,1,0.991562,1,1,TP,yolov8l_bsz4.ms,115.00,102.50,217.50,0.500,Light (Music + Nav),5.22,10.38,362.49,2782.00,11499.37,561.50,,0,72,36.00,610,4092234,2496262.74,3,fused
546823,000000546823.jpg,640x480,1,0.991559,1,1,TP,yolov8l_bsz4.ms,107.75,118.25,226.00,0.500,Light (Music + Nav),5.22,10.38,344.32,2793.00,11499.37,571.17,,0,72,36.00,670,4094284,2743170.28,3,fused
335328,000000335328.jpg,512x640,1,0.991486,1,1,TP,yolov8l_bsz4.ms,107.75,118.25,226.00,0.500,Light (Music + Nav),5.22,10.38,344.32,2793.00,11499.37,571.17,,0,72,36.00,670,4094284,2743170.28,3,fused
378244,000000378244.jpg,427x640,1,0.991297,1,1,TP,yolov8l_bsz4.ms,107.75,118.25,226.00,0.500,Light (Music + Nav),5.22,10.38,344.32,2793.00,11499.37,571.17,,0,72,36.00,670,4094284,2743170.28,3,fused
307172,000000307172.jpg,640x425,1,0.991198,1,1,TP,yolov8l_bsz4.ms,107.75,118.25,226.00,0.500,Light (Music + Nav),5.22,10.38,344.32,2793.00,11499.37,571.17,,0,72,36.00,670,4094284,2743170.28,3,fused
551820,000000551820.jpg,640x425,1,0.991185,1,1,TP,yolov8l_bsz4.ms,108.25,106.00,214.25,0.500,Light (Music + Nav),5.17,10.38,299.03,2832.00,11499.37,579.87,,0,72,36.00,287,4081010,1171249.87,3,fused
182441,000000182441.jpg,640x399,1,0.991178,1,1,TP,yolov8l_bsz4.ms,108.25,106.00,214.25,0.500,Light (Music + Nav),5.17,10.38,299.03,2832.00,11499.37,579.87,,0,72,36.00,287,4081010,1171249.87,3,fused
395388,000000395388.jpg,480x640,1,0.991129,1,1,TP,yolov8l_bsz4.ms,108.25,106.00,214.25,0.500,Light (Music + Nav),5.17,10.38,299.03,2832.00,11499.37,579.87,,0,72,36.00,287,4081010,1171249.87,3,fused
565563,000000565563.jpg,640x480,1,0.991126,1,1,TP,yolov8l_bsz4.ms,108.25,106.00,214.25,0.500,Light (Music + Nav),5.17,10.38,299.03,2832.00,11499.37,579.87,,0,72,36.00,287,4081010,1171249.87,3,fused
99182,000000099182.jpg,500x334,1,0.991111,1,1,TP,yolov8l_bsz4.ms,106.75,106.25,213.00,0.500,Light (Music + Nav),5.17,11.98,365.49,2731.00,11499.37,429.36,,0,72,36.00,338,4082401,1379851.54,3,fused
577864,000000577864.jpg,640x426,1,0.991078,1,1,TP,yolov8l_bsz4.ms,106.75,106.25,213.00,0.500,Light (Music + Nav),5.17,11.98,365.49,2731.00,11499.37,429.36,,0,72,36.00,338,4082401,1379851.54,3,fused
168974,000000168974.jpg,375x500,1,0.991065,1,1,TP,yolov8l_bsz4.ms,106.75,106.25,213.00,0.500,Light (Music + Nav),5.17,11.98,365.49,2731.00,11499.37,429.36,,0,72,36.00,338,4082401,1379851.54,3,fused
291619,000000291619.jpg,640x427,1,0.991060,1,1,TP,yolov8l_bsz4.ms,106.75,106.25,213.00,0.500,Light (Music + Nav),5.17,11.98,365.49,2731.00,11499.37,429.36,,0,72,36.00,338,4082401,1379851.54,3,fused
119365,000000119365.jpg,480x640,1,0.991013,1,1,TP,yolov8l_bsz4.ms,109.00,102.75,211.75,0.500,Light (Music + Nav),5.11,11.98,364.43,2646.00,11499.37,296.09,,0,72,36.00,-252,4061666,-1023539.83,3,fused
580294,000000580294.jpg,640x443,1,0.990798,1,1,TP,yolov8l_bsz4.ms,109.00,102.75,211.75,0.500,Light (Music + Nav),5.11,11.98,364.43,2646.00,11499.37,296.09,,0,72,36.00,-252,4061666,-1023539.83,3,fused
468505,000000468505.jpg,640x480,1,0.990734,1,1,TP,yolov8l_bsz4.ms,109.00,102.75,211.75,0.500,Light (Music + Nav),5.11,11.98,364.43,2646.00,11499.37,296.09,,0,72,36.00,-252,4061666,-1023539.83,3,fused
341719,000000341719.jpg,640x480,1,0.990706,1,1,TP,yolov8l_bsz4.ms,109.00,102.75,211.75,0.500,Light (Music + Nav),5.11,11.98,364.43,2646.00,11499.37,296.09,,0,72,36.00,-252,4061666,-1023539.83,3,fused
170116,000000170116.jpg,640x480,1,0.990695,1,1,TP,yolov8l_bsz4.ms,109.00,100.25,209.25,0.500,Light (Music + Nav),5.14,14.79,344.02,2669.00,11499.37,318.48,,0,72,36.00,456,4086019,1863224.66,3,fused
563470,000000563470.jpg,640x427,1,0.990688,1,1,TP,yolov8l_bsz4.ms,109.00,100.25,209.25,0.500,Light (Music + Nav),5.14,14.79,344.02,2669.00,11499.37,318.48,,0,72,36.00,456,4086019,1863224.66,3,fused
391375,000000391375.jpg,640x459,1,0.990632,1,1,TP,yolov8l_bsz4.ms,109.00,100.25,209.25,0.500,Light (Music + Nav),5.14,14.79,344.02,2669.00,11499.37,318.48,,0,72,36.00,456,4086019,1863224.66,3,fused
455624,000000455624.jpg,640x427,1,0.990605,1,1,TP,yolov8l_bsz4.ms,109.00,100.25,209.25,0.500,Light (Music + Nav),5.14,14.79,344.02,2669.00,11499.37,318.48,,0,72,36.00,456,4086019,1863224.66,3,fused
510095,000000510095.jpg,640x428,1,0.990563,1,1,TP,yolov8l_bsz4.ms,113.50,103.75,217.25,0.500,Light (Music + Nav),9.00,14.79,294.81,2718.00,11499.37,365.82,,0,72,36.00,551,4088945,2253008.69,3,fused
39484,000000039484.jpg,640x437,1,0.990534,1,1,TP,yolov8l_bsz4.ms,113.50,103.75,217.25,0.500,Light (Music + Nav),9.00,14.79,294.81,2718.00,11499.37,365.82,,0,72,36.00,551,4088945,2253008.69,3,fused
351530,000000351530.jpg,640x378,1,0.990438,1,1,TP,yolov8l_bsz4.ms,113.50,103.75,217.25,0.500,Light (Music + Nav),9.00,14.79,294.81,2718.00,11499.37,365.82,,0,72,36.00,551,4088945,2253008.69,3,fused
473869,000000473869.jpg,640x427,1,0.990363,1,1,TP,yolov8l_bsz4.ms,113.50,103.75,217.25,0.500,Light (Music + Nav),9.00,14.79,294.81,2718.00,11499.37,365.82,,0,72,36.00,551,4088945,2253008.69,3,fused
507667,000000507667.jpg,500x386,1,0.990354,1,1,TP,yolov8l_bsz4.ms,107.50,121.00,228.50,0.500,Light (Music + Nav),5.55,11.69,367.12,2647.00,11499.37,292.59,,0,72,36.00,523,4088274,2138167.30,3,fused
513283,000000513283.jpg,640x520,1,0.990317,1,1,TP,yolov8l_bsz4.ms,107.50,121.00,228.50,0.500,Light (Music + Nav),5.55,11.69,367.12,2647.00,11499.37,292.59,,0,72,36.00,523,4088274,2138167.30,3,fused
48564,000000048564.jpg,427x640,1,0.990166,1,1,TP,yolov8l_bsz4.ms,107.50,121.00,228.50,0.500,Light (Music + Nav),5.55,11.69,367.12,2647.00,11499.37,292.59,,0,72,36.00,523,4088274,2138167.30,3,fused
177015,000000177015.jpg,640x480,1,0.990120,1,1,TP,yolov8l_bsz4.ms,107.50,121.00,228.50,0.500,Light (Music + Nav),5.55,11.69,367.12,2647.00,11499.37,292.59,,0,72,36.00,523,4088274,2138167.30,3,fused
367680,000000367680.jpg,450x338,1,0.990023,1,1,TP,yolov8l_bsz4.ms,109.50,119.50,229.00,0.500,Light (Music + Nav),5.31,11.69,363.69,2650.00,11499.37,294.32,,0,72,36.00,580,4090310,2372379.80,3,fused
7278,000000007278.jpg,640x482,1,0.990007,1,1,TP,yolov8l_bsz4.ms,109.50,119.50,229.00,0.500,Light (Music + Nav),5.31,11.69,363.69,2650.00,11499.37,294.32,,0,72,36.00,580,4090310,2372379.80,3,fused
250137,000000250137.jpg,480x640,1,0.989892,1,1,TP,yolov8l_bsz4.ms,109.50,119.50,229.00,0.500,Light (Music + Nav),5.31,11.69,363.69,2650.00,11499.37,294.32,,0,72,36.00,580,4090310,2372379.80,3,fused
32817,000000032817.jpg,480x640,1,0.989837,1,1,TP,yolov8l_bsz4.ms,109.50,119.50,229.00,0.500,Light (Music + Nav),5.31,11.69,363.69,2650.00,11499.37,294.32,,0,72,36.00,580,4090310,2372379.80,3,fused
101068,000000101068.jpg,640x427,1,0.989745,1,1,TP,yolov8l_bsz4.ms,108.00,113.75,221.75,0.500,Light (Music + Nav),5.33,11.69,342.84,2669.00,11499.37,312.93,,0,72,36.00,498,4087998,2035823.00,3,fused
197388,000000197388.jpg,640x392,1,0.989670,1,1,TP,yolov8l_bsz4.ms,108.00,113.75,221.75,0.500,Light (Music + Nav),5.33,11.69,342.84,2669.00,11499.37,312.93,,0,72,36.00,498,4087998,2035823.00,3,fused
267169,000000267169.jpg,640x428,1,0.989587,1,1,TP,yolov8l_bsz4.ms,108.00,113.75,221.75,0.500,Light (Music + Nav),5.33,11.69,342.84,2669.00,11499.37,312.93,,0,72,36.00,498,4087998,2035823.00,3,fused
170739,000000170739.jpg,640x514,1,0.989578,0,0,FP,yolov8l_bsz4.ms,108.00,113.75,221.75,0.500,Light (Music + Nav),5.33,11.69,342.84,2669.00,11499.37,312.93,,0,72,36.00,498,4087998,2035823.00,3,fused
65455,000000065455.jpg,500x375,1,0.989562,1,1,TP,yolov8l_bsz4.ms,108.25,114.50,222.75,0.500,Light (Music + Nav),5.31,11.54,288.86,2721.00,11499.37,361.15,,0,72,36.00,381,4083870,1555954.47,3,fused
505789,000000505789.jpg,480x640,1,0.989538,1,1,TP,yolov8l_bsz4.ms,108.25,114.50,222.75,0.500,Light (Music + Nav),5.31,11.54,288.86,2721.00,11499.37,361.15,,0,72,36.00,381,4083870,1555954.47,3,fused
117197,000000117197.jpg,640x466,1,0.989511,1,1,TP,yolov8l_bsz4.ms,108.25,114.50,222.75,0.500,Light (Music + Nav),5.31,11.54,288.86,2721.00,11499.37,361.15,,0,72,36.00,381,4083870,1555954.47,3,fused
492968,000000492968.jpg,640x425,1,0.989422,1,1,TP,yolov8l_bsz4.ms,108.25,114.50,222.75,0.500,Light (Music + Nav),5.31,11.54,288.86,2721.00,11499.37,361.15,,0,72,36.00,381,4083870,1555954.47,3,fused
161978,000000161978.jpg,640x433,1,0.989357,1,1,TP,yolov8l_bsz4.ms,107.00,102.50,209.50,0.500,Light (Music + Nav),5.19,11.54,366.60,2642.00,11499.37,280.86,,0,72,36.00,316,4080872,1289555.55,3,fused
73946,000000073946.jpg,640x428,1,0.989320,1,1,TP,yolov8l_bsz4.ms,107.00,102.50,209.50,0.500,Light (Music + Nav),5.19,11.54,366.60,2642.00,11499.37,280.86,,0,72,36.00,316,4080872,1289555.55,3,fused
356428,000000356428.jpg,500x281,1,0.989275,1,1,TP,yolov8l_bsz4.ms,107.00,102.50,209.50,0.500,Light (Music + Nav),5.19,11.54,366.60,2642.00,11499.37,280.86,,0,72,36.00,316,4080872,1289555.55,3,fused
281032,000000281032.jpg,640x427,1,0.989176,1,1,TP,yolov8l_bsz4.ms,107.00,102.50,209.50,0.500,Light (Music + Nav),5.19,11.54,366.60,2642.00,11499.37,280.86,,0,72,36.00,316,4080872,1289555.55,3,fused
467511,000000467511.jpg,416x640,1,0.989067,1,1,TP,yolov8l_bsz4.ms,109.75,112.00,221.75,0.500,Light (Music + Nav),5.15,12.25,364.55,2643.00,11499.37,281.75,,0,72,36.00,567,4090127,2319102.01,3,fused
484893,000000484893.jpg,640x428,1,0.989039,1,1,TP,yolov8l_bsz4.ms,109.75,112.00,221.75,0.500,Light (Music + Nav),5.15,12.25,364.55,2643.00,11499.37,281.75,,0,72,36.00,567,4090127,2319102.01,3,fused
110042,000000110042.jpg,425x640,1,0.988972,1,1,TP,yolov8l_bsz4.ms,109.75,112.00,221.75,0.500,Light (Music + Nav),5.15,12.25,364.55,2643.00,11499.37,281.75,,0,72,36.00,567,4090127,2319102.01,3,fused
276024,000000276024.jpg,640x480,1,0.988951,1,1,TP,yolov8l_bsz4.ms,109.75,112.00,221.75,0.500,Light (Music + Nav),5.15,12.25,364.55,2643.00,11499.37,281.75,,0,72,36.00,567,4090127,2319102.01,3,fused
381971,000000381971.jpg,640x427,1,0.988898,1,1,TP,yolov8l_bsz4.ms,108.00,108.75,216.75,0.500,Light (Music + Nav),5.24,12.25,342.88,2665.00,11499.37,301.89,,0,72,36.00,607,4091493,2483536.25,3,fused
364102,000000364102.jpg,640x398,1,0.988894,1,1,TP,yolov8l_bsz4.ms,108.00,108.75,216.75,0.500,Light (Music + Nav),5.24,12.25,342.88,2665.00,11499.37,301.89,,0,72,36.00,607,4091493,2483536.25,3,fused
26204,000000026204.jpg,640x427,1,0.988877,1,1,TP,yolov8l_bsz4.ms,108.00,108.75,216.75,0.500,Light (Music + Nav),5.24,12.25,342.88,2665.00,11499.37,301.89,,0,72,36.00,607,4091493,2483536.25,3,fused
565624,000000565624.jpg,640x375,1,0.988814,0,0,FP,yolov8l_bsz4.ms,108.00,108.75,216.75,0.500,Light (Music + Nav),5.24,12.25,342.88,2665.00,11499.37,301.89,,0,72,36.00,607,4091493,2483536.25,3,fused
490936,000000490936.jpg,480x640,1,0.988756,1,1,TP,yolov8l_bsz4.ms,108.00,117.25,225.25,0.500,Light (Music + Nav),5.21,11.93,298.77,2709.00,11499.37,344.89,,0,72,36.00,524,4088839,2142551.64,3,fused
439426,000000439426.jpg,640x480,1,0.988643,1,1,TP,yolov8l_bsz4.ms,108.00,117.25,225.25,0.500,Light (Music + Nav),5.21,11.93,298.77,2709.00,11499.37,344.89,,0,72,36.00,524,4088839,2142551.64,3,fused
408696,000000408696.jpg,640x480,1,0.988620,1,1,TP,yolov8l_bsz4.ms,108.00,117.25,225.25,0.500,Light (Music + Nav),5.21,11.93,298.77,2709.00,11499.37,344.89,,0,72,36.00,524,4088839,2142551.64,3,fused
464824,000000464824.jpg,480x640,1,0.988575,1,1,TP,yolov8l_bsz4.ms,108.00,117.25,225.25,0.500,Light (Music + Nav),5.21,11.93,298.77,2709.00,11499.37,344.89,,0,72,36.00,524,4088839,2142551.64,3,fused
331817,000000331817.jpg,640x480,1,0.988531,1,1,TP,yolov8l_bsz4.ms,107.25,111.00,218.25,0.500,Light (Music + Nav),5.16,11.93,369.54,2654.00,11499.37,288.88,,0,72,36.00,439,4086028,1793766.29,3,fused
401446,000000401446.jpg,640x480,1,0.988501,1,1,TP,yolov8l_bsz4.ms,107.25,111.00,218.25,0.500,Light (Music + Nav),5.16,11.93,369.54,2654.00,11499.37,288.88,,0,72,36.00,439,4086028,1793766.29,3,fused
158744,000000158744.jpg,640x424,1,0.988379,1,1,TP,yolov8l_bsz4.ms,107.25,111.00,218.25,0.500,Light (Music + Nav),5.16,11.93,369.54,2654.00,11499.37,288.88,,0,72,36.00,439,4086028,1793766.29,3,fused
453040,000000453040.jpg,480x640,1,0.988363,0,0,FP,yolov8l_bsz4.ms,107.25,111.00,218.25,0.500,Light (Music + Nav),5.16,11.93,369.54,2654.00,11499.37,288.88,,0,72,36.00,439,4086028,1793766.29,3,fused
118367,000000118367.jpg,640x427,1,0.988273,1,1,TP,yolov8l_bsz4.ms,109.50,124.00,233.50,0.500,Light (Music + Nav),5.22,11.93,363.93,2656.00,11499.37,285.89,,0,72,36.00,544,4089399,2224633.06,3,fused
414510,000000414510.jpg,480x640,1,0.988258,1,1,TP,yolov8l_bsz4.ms,109.50,124.00,233.50,0.500,Light (Music + Nav),5.22,11.93,363.93,2656.00,11499.37,285.89,,0,72,36.00,544,4089399,2224633.06,3,fused
45070,000000045070.jpg,640x596,1,0.988199,1,1,TP,yolov8l_bsz4.ms,109.50,124.00,233.50,0.500,Light (Music + Nav),5.22,11.93,363.93,2656.00,11499.37,285.89,,0,72,36.00,544,4089399,2224633.06,3,fused
373705,000000373705.jpg,640x427,1,0.988179,1,1,TP,yolov8l_bsz4.ms,109.50,124.00,233.50,0.500,Light (Music + Nav),5.22,11.93,363.93,2656.00,11499.37,285.89,,0,72,36.00,544,4089399,2224633.06,3,fused
376264,000000376264.jpg,640x481,1,0.988139,0,0,FP,yolov8l_bsz4.ms,108.00,121.00,229.00,0.500,Light (Music + Nav),6.90,22.86,342.59,2677.00,11499.37,305.23,,0,72,36.00,599,4091345,2450715.65,3,fused
520659,000000520659.jpg,640x480,1,0.988105,1,1,TP,yolov8l_bsz4.ms,108.00,121.00,229.00,0.500,Light (Music + Nav),6.90,22.86,342.59,2677.00,11499.37,305.23,,0,72,36.00,599,4091345,2450715.65,3,fused
20333,000000020333.jpg,427x640,1,0.987982,1,1,TP,yolov8l_bsz4.ms,108.00,121.00,229.00,0.500,Light (Music + Nav),6.90,22.86,342.59,2677.00,11499.37,305.23,,0,72,36.00,599,4091345,2450715.65,3,fused
289415,000000289415.jpg,640x428,1,0.987933,1,1,TP,yolov8l_bsz4.ms,108.00,121.00,229.00,0.500,Light (Music + Nav),6.90,22.86,342.59,2677.00,11499.37,305.23,,0,72,36.00,599,4091345,2450715.65,3,fused
210388,000000210388.jpg,640x426,1,0.987881,1,1,TP,yolov8l_bsz4.ms,107.75,110.00,217.75,0.500,Light (Music + Nav),5.98,22.86,298.71,2721.00,11499.37,348.16,,0,72,36.00,582,4090641,2380753.06,3,fused
291634,000000291634.jpg,433x640,1,0.987826,1,1,TP,yolov8l_bsz4.ms,107.75,110.00,217.75,0.500,Light (Music + Nav),5.98,22.86,298.71,2721.00,11499.37,348.16,,0,72,36.00,582,4090641,2380753.06,3,fused
133418,000000133418.jpg,640x427,1,0.987801,1,1,TP,yolov8l_bsz4.ms,107.75,110.00,217.75,0.500,Light (Music + Nav),5.98,22.86,298.71,2721.00,11499.37,348.16,,0,72,36.00,582,4090641,2380753.06,3,fused
342367,000000342367.jpg,640x480,1,0.987798,1,1,TP,yolov8l_bsz4.ms,107.75,110.00,217.75,0.500,Light (Music + Nav),5.98,22.86,298.71,2721.00,11499.37,348.16,,0,72,36.00,582,4090641,2380753.06,3,fused
246968,000000246968.jpg,640x428,1,0.987531,1,1,TP,yolov8l_bsz4.ms,107.25,116.50,223.75,0.500,Light (Music + Nav),5.71,11.63,366.09,2654.00,11499.37,279.09,,0,72,36.00,584,4091122,2389215.25,3,fused
563702,000000563702.jpg,640x427,1,0.987454,1,1,TP,yolov8l_bsz4.ms,107.25,116.50,223.75,0.500,Light (Music + Nav),5.71,11.63,366.09,2654.00,11499.37,279.09,,0,72,36.00,584,4091122,2389215.25,3,fused
574297,000000574297.jpg,640x427,1,0.987428,1,1,TP,yolov8l_bsz4.ms,107.25,116.50,223.75,0.500,Light (Music + Nav),5.71,11.63,366.09,2654.00,11499.37,279.09,,0,72,36.00,584,4091122,2389215.25,3,fused
119641,000000119641.jpg,640x480,1,0.987336,1,1,TP,yolov8l_bsz4.ms,107.25,116.50,223.75,0.500,Light (Music + Nav),5.71,11.63,366.09,2654.00,11499.37,279.09,,0,72,36.00,584,4091122,2389215.25,3,fused
109992,000000109992.jpg,640x426,1,0.987217,1,1,TP,yolov8l_bsz4.ms,108.25,125.50,233.75,0.500,Light (Music + Nav),5.60,11.63,363.44,2656.00,11499.37,280.00,,0,72,36.00,635,4092714,2598873.39,3,fused
343149,000000343149.jpg,480x640,1,0.987054,1,1,TP,yolov8l_bsz4.ms,108.25,125.50,233.75,0.500,Light (Music + Nav),5.60,11.63,363.44,2656.00,11499.37,280.00,,0,72,36.00,635,4092714,2598873.39,3,fused
4395,000000004395.jpg,425x640,1,0.986986,1,1,TP,yolov8l_bsz4.ms,108.25,125.50,233.75,0.500,Light (Music + Nav),5.60,11.63,363.44,2656.00,11499.37,280.00,,0,72,36.00,635,4092714,2598873.39,3,fused
57232,000000057232.jpg,612x612,1,0.986960,0,0,FP,yolov8l_bsz4.ms,108.25,125.50,233.75,0.500,Light (Music + Nav),5.60,11.63,363.44,2656.00,11499.37,280.00,,0,72,36.00,635,4092714,2598873.39,3,fused
309484,000000309484.jpg,533x640,1,0.986949,1,1,TP,yolov8l_bsz4.ms,108.25,115.00,223.25,0.500,Light (Music + Nav),5.64,11.74,343.79,2676.00,11499.37,298.76,,0,72,36.00,634,4092688,2594764.19,3,fused
535858,000000535858.jpg,640x426,1,0.986947,1,1,TP,yolov8l_bsz4.ms,108.25,115.00,223.25,0.500,Light (Music + Nav),5.64,11.74,343.79,2676.00,11499.37,298.76,,0,72,36.00,634,4092688,2594764.19,3,fused
96825,000000096825.jpg,640x503,1,0.986937,1,1,TP,yolov8l_bsz4.ms,108.25,115.00,223.25,0.500,Light (Music + Nav),5.64,11.74,343.79,2676.00,11499.37,298.76,,0,72,36.00,634,4092688,2594764.19,3,fused
286182,000000286182.jpg,478x640,1,0.986931,1,1,TP,yolov8l_bsz4.ms,108.25,115.00,223.25,0.500,Light (Music + Nav),5.64,11.74,343.79,2676.00,11499.37,298.76,,0,72,36.00,634,4092688,2594764.19,3,fused
171788,000000171788.jpg,427x640,1,0.986825,1,1,TP,yolov8l_bsz4.ms,108.25,129.75,238.00,0.500,Light (Music + Nav),5.63,11.74,299.75,2720.00,11499.37,341.32,,0,72,36.00,614,4092134,2512570.28,3,fused
364884,000000364884.jpg,500x354,1,0.986738,1,1,TP,yolov8l_bsz4.ms,108.25,129.75,238.00,0.500,Light (Music + Nav),5.63,11.74,299.75,2720.00,11499.37,341.32,,0,72,36.00,614,4092134,2512570.28,3,fused
47571,000000047571.jpg,639x640,1,0.986717,1,1,TP,yolov8l_bsz4.ms,108.25,129.75,238.00,0.500,Light (Music + Nav),5.63,11.74,299.75,2720.00,11499.37,341.32,,0,72,36.00,614,4092134,2512570.28,3,fused
455937,000000455937.jpg,640x480,1,0.986712,1,1,TP,yolov8l_bsz4.ms,108.25,129.75,238.00,0.500,Light (Music + Nav),5.63,11.74,299.75,2720.00,11499.37,341.32,,0,72,36.00,614,4092134,2512570.28,3,fused
207844,000000207844.jpg,640x480,1,0.986625,1,1,TP,yolov8l_bsz4.ms,108.25,128.00,236.25,0.500,Light (Music + Nav),5.50,11.16,366.68,2653.00,11499.37,273.79,,0,72,36.00,593,4091757,2426411.90,3,fused
510329,000000510329.jpg,640x480,1,0.986476,1,1,TP,yolov8l_bsz4.ms,108.25,128.00,236.25,0.500,Light (Music + Nav),5.50,11.16,366.68,2653.00,11499.37,273.79,,0,72,36.00,593,4091757,2426411.90,3,fused
529939,000000529939.jpg,640x480,1,0.986379,1,1,TP,yolov8l_bsz4.ms,108.25,128.00,236.25,0.500,Light (Music + Nav),5.50,11.16,366.68,2653.00,11499.37,273.79,,0,72,36.00,593,4091757,2426411.90,3,fused
349594,000000349594.jpg,424x500,1,0.986364,1,1,TP,yolov8l_bsz4.ms,108.25,128.00,236.25,0.500,Light (Music + Nav),5.50,11.16,366.68,2653.00,11499.37,273.79,,0,72,36.00,593,4091757,2426411.90,3,fused
107094,000000107094.jpg,640x426,1,0.986339,1,1,TP,yolov8l_bsz4.ms,109.25,96.75,206.00,0.500,Light (Music + Nav),5.42,11.16,365.49,2654.00,11499.37,273.38,,0,72,36.00,570,4090211,2331420.27,3,fused
249786,000000249786.jpg,640x428,1,0.986282,1,1,TP,yolov8l_bsz4.ms,109.25,96.75,206.00,0.500,Light (Music + Nav),5.42,11.16,365.49,2654.00,11499.37,273.38,,0,72,36.00,570,4090211,2331420.27,3,fused
463690,000000463690.jpg,640x427,1,0.986266,1,1,TP,yolov8l_bsz4.ms,109.25,96.75,206.00,0.500,Light (Music + Nav),5.42,11.16,365.49,2654.00,11499.37,273.38,,0,72,36.00,570,4090211,2331420.27,3,fused
15660,000000015660.jpg,640x348,1,0.986139,1,1,TP,yolov8l_bsz4.ms,109.25,96.75,206.00,0.500,Light (Music + Nav),5.42,11.16,365.49,2654.00,11499.37,273.38,,0,72,36.00,570,4090211,2331420.27,3,fused
80932,000000080932.jpg,480x640,1,0.985956,1,1,TP,yolov8l_bsz4.ms,108.50,116.75,225.25,0.500,Light (Music + Nav),5.45,11.16,346.36,2682.00,11499.37,300.52,,0,72,36.00,620,4092502,2537351.24,3,fused
82715,000000082715.jpg,640x427,1,0.985938,1,1,TP,yolov8l_bsz4.ms,108.50,116.75,225.25,0.500,Light (Music + Nav),5.45,11.16,346.36,2682.00,11499.37,300.52,,0,72,36.00,620,4092502,2537351.24,3,fused
179141,000000179141.jpg,640x480,1,0.985915,1,1,TP,yolov8l_bsz4.ms,108.50,116.75,225.25,0.500,Light (Music + Nav),5.45,11.16,346.36,2682.00,11499.37,300.52,,0,72,36.00,620,4092502,2537351.24,3,fused
17905,000000017905.jpg,480x640,1,0.985853,1,1,TP,yolov8l_bsz4.ms,108.50,116.75,225.25,0.500,Light (Music + Nav),5.45,11.16,346.36,2682.00,11499.37,300.52,,0,72,36.00,620,4092502,2537351.24,3,fused
276804,000000276804.jpg,512x640,1,0.985652,1,1,TP,yolov8l_bsz4.ms,108.25,113.50,221.75,0.500,Light (Music + Nav),5.45,10.91,295.42,2735.00,11499.37,351.75,,0,72,36.00,565,4090963,2311394.10,3,fused
128476,000000128476.jpg,640x427,1,0.985447,1,1,TP,yolov8l_bsz4.ms,108.25,113.50,221.75,0.500,Light (Music + Nav),5.45,10.91,295.42,2735.00,11499.37,351.75,,0,72,36.00,565,4090963,2311394.10,3,fused
184978,000000184978.jpg,480x640,1,0.985432,1,1,TP,yolov8l_bsz4.ms,108.25,113.50,221.75,0.500,Light (Music + Nav),5.45,10.91,295.42,2735.00,11499.37,351.75,,0,72,36.00,565,4090963,2311394.10,3,fused
321333,000000321333.jpg,640x397,1,0.985321,1,1,TP,yolov8l_bsz4.ms,108.25,113.50,221.75,0.500,Light (Music + Nav),5.45,10.91,295.42,2735.00,11499.37,351.75,,0,72,36.00,565,4090963,2311394.10,3,fused
206411,000000206411.jpg,640x480,1,0.985280,1,1,TP,yolov8l_bsz4.ms,107.75,116.25,224.00,0.500,Light (Music + Nav),5.40,10.91,367.51,2663.00,11499.37,278.34,,0,72,36.00,607,4092226,2483981.18,3,fused
172571,000000172571.jpg,640x361,1,0.985216,1,1,TP,yolov8l_bsz4.ms,107.75,116.25,224.00,0.500,Light (Music + Nav),5.40,10.91,367.51,2663.00,11499.37,278.34,,0,72,36.00,607,4092226,2483981.18,3,fused
173830,000000173830.jpg,593x640,1,0.985183,1,1,TP,yolov8l_bsz4.ms,107.75,116.25,224.00,0.500,Light (Music + Nav),5.40,10.91,367.51,2663.00,11499.37,278.34,,0,72,36.00,607,4092226,2483981.18,3,fused
125129,000000125129.jpg,500x333,1,0.984941,1,1,TP,yolov8l_bsz4.ms,107.75,116.25,224.00,0.500,Light (Music + Nav),5.40,10.91,367.51,2663.00,11499.37,278.34,,0,72,36.00,607,4092226,2483981.18,3,fused
80273,000000080273.jpg,640x428,1,0.984777,1,1,TP,yolov8l_bsz4.ms,114.75,110.50,225.25,0.500,Light (Music + Nav),4.82,11.40,363.47,2666.00,11499.37,280.49,,0,72,36.00,653,4093948,2673348.04,3,fused
118209,000000118209.jpg,640x480,1,0.984635,0,0,FP,yolov8l_bsz4.ms,114.75,110.50,225.25,0.500,Light (Music + Nav),4.82,11.40,363.47,2666.00,11499.37,280.49,,0,72,36.00,653,4093948,2673348.04,3,fused
389316,000000389316.jpg,640x361,1,0.984323,1,1,TP,yolov8l_bsz4.ms,114.75,110.50,225.25,0.500,Light (Music + Nav),4.82,11.40,363.47,2666.00,11499.37,280.49,,0,72,36.00,653,4093948,2673348.04,3,fused
128372,000000128372.jpg,640x427,1,0.984295,1,1,TP,yolov8l_bsz4.ms,114.75,110.50,225.25,0.500,Light (Music + Nav),4.82,11.40,363.47,2666.00,11499.37,280.49,,0,72,36.00,653,4093948,2673348.04,3,fused
317999,000000317999.jpg,612x612,1,0.984285,1,1,TP,yolov8l_bsz4.ms,108.00,108.75,216.75,0.500,Light (Music + Nav),5.02,11.40,343.80,2685.00,11499.37,298.16,,0,72,36.00,523,4088983,2138538.11,3,fused
72281,000000072281.jpg,427x640,1,0.984253,1,1,TP,yolov8l_bsz4.ms,108.00,108.75,216.75,0.500,Light (Music + Nav),5.02,11.40,343.80,2685.00,11499.37,298.16,,0,72,36.00,523,4088983,2138538.11,3,fused
64898,000000064898.jpg,640x427,1,0.984199,1,1,TP,yolov8l_bsz4.ms,108.00,108.75,216.75,0.500,Light (Music + Nav),5.02,11.40,343.80,2685.00,11499.37,298.16,,0,72,36.00,523,4088983,2138538.11,3,fused
50943,000000050943.jpg,640x319,1,0.984168,1,1,TP,yolov8l_bsz4.ms,108.00,108.75,216.75,0.500,Light (Music + Nav),5.02,11.40,343.80,2685.00,11499.37,298.16,,0,72,36.00,523,4088983,2138538.11,3,fused
561256,000000561256.jpg,640x480,1,0.984103,1,1,TP,yolov8l_bsz4.ms,108.25,120.00,228.25,0.500,Light (Music + Nav),5.09,11.40,299.43,2730.00,11499.37,340.91,,0,72,36.00,666,4094269,2726783.15,3,fused
29984,000000029984.jpg,640x492,1,0.984080,1,1,TP,yolov8l_bsz4.ms,108.25,120.00,228.25,0.500,Light (Music + Nav),5.09,11.40,299.43,2730.00,11499.37,340.91,,0,72,36.00,666,4094269,2726783.15,3,fused
291791,000000291791.jpg,640x499,1,0.983986,1,1,TP,yolov8l_bsz4.ms,108.25,120.00,228.25,0.500,Light (Music + Nav),5.09,11.40,299.43,2730.00,11499.37,340.91,,0,72,36.00,666,4094269,2726783.15,3,fused
398028,000000398028.jpg,428x640,1,0.983826,1,1,TP,yolov8l_bsz4.ms,108.25,120.00,228.25,0.500,Light (Music + Nav),5.09,11.40,299.43,2730.00,11499.37,340.91,,0,72,36.00,666,4094269,2726783.15,3,fused
44195,000000044195.jpg,361x500,1,0.983815,1,1,TP,yolov8l_bsz4.ms,107.25,122.75,230.00,0.500,Light (Music + Nav),5.06,10.05,367.33,2661.00,11499.37,271.52,,0,72,36.00,624,4092902,2553970.85,3,fused
5037,000000005037.jpg,640x425,1,0.983663,1,1,TP,yolov8l_bsz4.ms,107.25,122.75,230.00,0.500,Light (Music + Nav),5.06,10.05,367.33,2661.00,11499.37,271.52,,0,72,36.00,624,4092902,2553970.85,3,fused
149568,000000149568.jpg,640x549,1,0.983635,1,1,TP,yolov8l_bsz4.ms,107.25,122.75,230.00,0.500,Light (Music + Nav),5.06,10.05,367.33,2661.00,11499.37,271.52,,0,72,36.00,624,4092902,2553970.85,3,fused
571857,000000571857.jpg,640x426,1,0.983615,1,1,TP,yolov8l_bsz4.ms,107.25,122.75,230.00,0.500,Light (Music + Nav),5.06,10.05,367.33,2661.00,11499.37,271.52,,0,72,36.00,624,4092902,2553970.85,3,fused
227399,000000227399.jpg,640x482,1,0.983536,1,1,TP,yolov8l_bsz4.ms,108.75,111.75,220.50,0.500,Light (Music + Nav),5.13,10.05,365.15,2664.00,11499.37,272.93,,0,72,36.00,673,4094700,2755733.10,3,fused
431876,000000431876.jpg,425x640,1,0.983512,1,1,TP,yolov8l_bsz4.ms,108.75,111.75,220.50,0.500,Light (Music + Nav),5.13,10.05,365.15,2664.00,11499.37,272.93,,0,72,36.00,673,4094700,2755733.10,3,fused
31817,000000031817.jpg,334x640,1,0.983435,1,1,TP,yolov8l_bsz4.ms,108.75,111.75,220.50,0.500,Light (Music + Nav),5.13,10.05,365.15,2664.00,11499.37,272.93,,0,72,36.00,673,4094700,2755733.10,3,fused
261535,000000261535.jpg,433x640,1,0.983223,1,1,TP,yolov8l_bsz4.ms,108.75,111.75,220.50,0.500,Light (Music + Nav),5.13,10.05,365.15,2664.00,11499.37,272.93,,0,72,36.00,673,4094700,2755733.10,3,fused
199681,000000199681.jpg,640x480,1,0.983069,0,0,FP,yolov8l_bsz4.ms,108.25,112.00,220.25,0.500,Light (Music + Nav),5.18,10.33,345.08,2684.00,11499.37,292.14,,0,72,36.00,640,4093534,2619861.76,3,fused
422998,000000422998.jpg,640x427,1,0.982964,1,1,TP,yolov8l_bsz4.ms,108.25,112.00,220.25,0.500,Light (Music + Nav),5.18,10.33,345.08,2684.00,11499.37,292.14,,0,72,36.00,640,4093534,2619861.76,3,fused
76417,000000076417.jpg,640x478,1,0.982942,0,0,FP,yolov8l_bsz4.ms,108.25,112.00,220.25,0.500,Light (Music + Nav),5.18,10.33,345.08,2684.00,11499.37,292.14,,0,72,36.00,640,4093534,2619861.76,3,fused
163640,000000163640.jpg,640x457,1,0.982891,1,1,TP,yolov8l_bsz4.ms,108.25,112.00,220.25,0.500,Light (Music + Nav),5.18,10.33,345.08,2684.00,11499.37,292.14,,0,72,36.00,640,4093534,2619861.76,3,fused
339870,000000339870.jpg,640x424,1,0.982605,0,0,FP,yolov8l_bsz4.ms,108.25,118.00,226.25,0.500,Light (Music + Nav),5.21,10.33,288.03,2741.00,11499.37,347.89,,0,72,36.00,591,4092012,2418379.09,3,fused
459272,000000459272.jpg,480x640,1,0.982482,1,1,TP,yolov8l_bsz4.ms,108.25,118.00,226.25,0.500,Light (Music + Nav),5.21,10.33,288.03,2741.00,11499.37,347.89,,0,72,36.00,591,4092012,2418379.09,3,fused
240023,000000240023.jpg,480x640,1,0.982468,1,1,TP,yolov8l_bsz4.ms,108.25,118.00,226.25,0.500,Light (Music + Nav),5.21,10.33,288.03,2741.00,11499.37,347.89,,0,72,36.00,591,4092012,2418379.09,3,fused
334719,000000334719.jpg,640x413,1,0.982447,1,1,TP,yolov8l_bsz4.ms,108.25,118.00,226.25,0.500,Light (Music + Nav),5.21,10.33,288.03,2741.00,11499.37,347.89,,0,72,36.00,591,4092012,2418379.09,3,fused
581062,000000581062.jpg,500x375,1,0.982228,1,1,TP,yolov8l_bsz4.ms,107.75,122.25,230.00,0.500,Light (Music + Nav),5.22,10.34,366.14,2662.00,11499.37,268.39,,0,72,36.00,629,4093519,2574823.45,3,fused
14226,000000014226.jpg,640x480,1,0.982225,1,1,TP,yolov8l_bsz4.ms,107.75,122.25,230.00,0.500,Light (Music + Nav),5.22,10.34,366.14,2662.00,11499.37,268.39,,0,72,36.00,629,4093519,2574823.45,3,fused
385029,000000385029.jpg,640x480,1,0.982221,1,1,TP,yolov8l_bsz4.ms,107.75,122.25,230.00,0.500,Light (Music + Nav),5.22,10.34,366.14,2662.00,11499.37,268.39,,0,72,36.00,629,4093519,2574823.45,3,fused
377670,000000377670.jpg,487x640,1,0.982120,0,0,FP,yolov8l_bsz4.ms,107.75,122.25,230.00,0.500,Light (Music + Nav),5.22,10.34,366.14,2662.00,11499.37,268.39,,0,72,36.00,629,4093519,2574823.45,3,fused
570688,000000570688.jpg,640x480,1,0.982030,1,1,TP,yolov8l_bsz4.ms,114.75,118.00,232.75,0.500,Light (Music + Nav),5.21,10.34,365.73,2663.00,11499.37,267.47,,0,72,36.00,658,4094323,2694064.53,3,fused
194875,000000194875.jpg,640x574,1,0.981916,1,1,TP,yolov8l_bsz4.ms,114.75,118.00,232.75,0.500,Light (Music + Nav),5.21,10.34,365.73,2663.00,11499.37,267.47,,0,72,36.00,658,4094323,2694064.53,3,fused
54931,000000054931.jpg,427x640,1,0.981833,1,1,TP,yolov8l_bsz4.ms,114.75,118.00,232.75,0.500,Light (Music + Nav),5.21,10.34,365.73,2663.00,11499.37,267.47,,0,72,36.00,658,4094323,2694064.53,3,fused
167159,000000167159.jpg,500x375,1,0.981663,0,0,FP,yolov8l_bsz4.ms,114.75,118.00,232.75,0.500,Light (Music + Nav),5.21,10.34,365.73,2663.00,11499.37,267.47,,0,72,36.00,658,4094323,2694064.53,3,fused
191288,000000191288.jpg,600x400,1,0.981637,1,1,TP,yolov8l_bsz4.ms,108.25,118.75,227.00,0.500,Light (Music + Nav),5.24,10.21,343.96,2684.00,11499.37,287.86,,0,72,36.00,691,4095458,2829961.48,3,fused
329447,000000329447.jpg,640x505,1,0.981566,0,0,FP,yolov8l_bsz4.ms,108.25,118.75,227.00,0.500,Light (Music + Nav),5.24,10.21,343.96,2684.00,11499.37,287.86,,0,72,36.00,691,4095458,2829961.48,3,fused
551794,000000551794.jpg,640x480,1,0.981534,1,1,TP,yolov8l_bsz4.ms,108.25,118.75,227.00,0.500,Light (Music + Nav),5.24,10.21,343.96,2684.00,11499.37,287.86,,0,72,36.00,691,4095458,2829961.48,3,fused
521509,000000521509.jpg,640x427,1,0.981520,1,1,TP,yolov8l_bsz4.ms,108.25,118.75,227.00,0.500,Light (Music + Nav),5.24,10.21,343.96,2684.00,11499.37,287.86,,0,72,36.00,691,4095458,2829961.48,3,fused
116439,000000116439.jpg,429x640,1,0.981456,1,1,TP,yolov8l_bsz4.ms,108.00,105.00,213.00,0.500,Light (Music + Nav),9.52,10.21,299.39,2729.00,11499.37,330.76,,0,72,36.00,559,4091267,2287018.25,3,fused
226883,000000226883.jpg,640x480,1,0.981443,0,0,FP,yolov8l_bsz4.ms,108.00,105.00,213.00,0.500,Light (Music + Nav),9.52,10.21,299.39,2729.00,11499.37,330.76,,0,72,36.00,559,4091267,2287018.25,3,fused
465806,000000465806.jpg,640x480,1,0.981180,1,1,TP,yolov8l_bsz4.ms,108.00,105.00,213.00,0.500,Light (Music + Nav),9.52,10.21,299.39,2729.00,11499.37,330.76,,0,72,36.00,559,4091267,2287018.25,3,fused
343496,000000343496.jpg,640x393,1,0.980968,1,1,TP,yolov8l_bsz4.ms,108.00,105.00,213.00,0.500,Light (Music + Nav),9.52,10.21,299.39,2729.00,11499.37,330.76,,0,72,36.00,559,4091267,2287018.25,3,fused
128654,000000128654.jpg,500x384,1,0.980685,1,1,TP,yolov8l_bsz4.ms,107.25,118.25,225.50,0.500,Light (Music + Nav),6.33,10.21,366.49,2661.00,11499.37,262.29,,0,72,36.00,554,4090955,2266389.07,3,fused
502336,000000502336.jpg,640x431,1,0.980618,1,1,TP,yolov8l_bsz4.ms,107.25,118.25,225.50,0.500,Light (Music + Nav),6.33,10.21,366.49,2661.00,11499.37,262.29,,0,72,36.00,554,4090955,2266389.07,3,fused
512776,000000512776.jpg,500x356,1,0.980472,1,1,TP,yolov8l_bsz4.ms,107.25,118.25,225.50,0.500,Light (Music + Nav),6.33,10.21,366.49,2661.00,11499.37,262.29,,0,72,36.00,554,4090955,2266389.07,3,fused
177861,000000177861.jpg,480x640,1,0.980432,1,1,TP,yolov8l_bsz4.ms,107.25,118.25,225.50,0.500,Light (Music + Nav),6.33,10.21,366.49,2661.00,11499.37,262.29,,0,72,36.00,554,4090955,2266389.07,3,fused
525247,000000525247.jpg,640x427,1,0.980405,0,0,FP,yolov8l_bsz4.ms,108.75,111.50,220.25,0.500,Light (Music + Nav),5.84,11.32,362.06,2625.00,11499.37,225.10,,0,72,36.00,557,4091201,2278798.96,3,fused
293858,000000293858.jpg,500x451,1,0.980312,0,0,FP,yolov8l_bsz4.ms,108.75,111.50,220.25,0.500,Light (Music + Nav),5.84,11.32,362.06,2625.00,11499.37,225.10,,0,72,36.00,557,4091201,2278798.96,3,fused
503855,000000503855.jpg,640x361,1,0.980281,1,1,TP,yolov8l_bsz4.ms,108.75,111.50,220.25,0.500,Light (Music + Nav),5.84,11.32,362.06,2625.00,11499.37,225.10,,0,72,36.00,557,4091201,2278798.96,3,fused
568814,000000568814.jpg,640x359,1,0.980216,1,1,TP,yolov8l_bsz4.ms,108.75,111.50,220.25,0.500,Light (Music + Nav),5.84,11.32,362.06,2625.00,11499.37,225.10,,0,72,36.00,557,4091201,2278798.96,3,fused
35279,000000035279.jpg,640x463,1,0.980076,1,1,TP,yolov8l_bsz4.ms,107.25,121.25,228.50,0.500,Light (Music + Nav),5.88,11.32,361.73,2619.00,11499.37,215.63,,0,72,36.00,544,4090879,2225438.18,3,fused
427256,000000427256.jpg,640x512,1,0.979814,1,1,TP,yolov8l_bsz4.ms,107.25,121.25,228.50,0.500,Light (Music + Nav),5.88,11.32,361.73,2619.00,11499.37,215.63,,0,72,36.00,544,4090879,2225438.18,3,fused
119445,000000119445.jpg,640x426,1,0.979627,1,1,TP,yolov8l_bsz4.ms,107.25,121.25,228.50,0.500,Light (Music + Nav),5.88,11.32,361.73,2619.00,11499.37,215.63,,0,72,36.00,544,4090879,2225438.18,3,fused
411774,000000411774.jpg,375x500,1,0.979605,1,1,TP,yolov8l_bsz4.ms,107.25,121.25,228.50,0.500,Light (Music + Nav),5.88,11.32,361.73,2619.00,11499.37,215.63,,0,72,36.00,544,4090879,2225438.18,3,fused
102820,000000102820.jpg,427x640,1,0.979500,1,1,TP,yolov8l_bsz4.ms,106.75,114.00,220.75,0.500,Light (Music + Nav),5.66,14.18,287.84,2711.00,11499.37,308.31,,0,72,36.00,318,4082574,1298258.53,3,fused
189213,000000189213.jpg,500x375,1,0.979486,0,0,FP,yolov8l_bsz4.ms,106.75,114.00,220.75,0.500,Light (Music + Nav),5.66,14.18,287.84,2711.00,11499.37,308.31,,0,72,36.00,318,4082574,1298258.53,3,fused
443844,000000443844.jpg,640x429,1,0.979428,1,1,TP,yolov8l_bsz4.ms,106.75,114.00,220.75,0.500,Light (Music + Nav),5.66,14.18,287.84,2711.00,11499.37,308.31,,0,72,36.00,318,4082574,1298258.53,3,fused
576654,000000576654.jpg,640x427,1,0.979381,1,1,TP,yolov8l_bsz4.ms,106.75,114.00,220.75,0.500,Light (Music + Nav),5.66,14.18,287.84,2711.00,11499.37,308.31,,0,72,36.00,318,4082574,1298258.53,3,fused
147740,000000147740.jpg,640x480,1,0.979352,1,1,TP,yolov8l_bsz4.ms,107.50,124.00,231.50,0.500,Light (Music + Nav),5.53,14.18,366.34,2655.00,11499.37,251.82,,0,72,36.00,444,4086786,1814532.98,3,fused
67616,000000067616.jpg,640x480,1,0.979319,1,1,TP,yolov8l_bsz4.ms,107.50,124.00,231.50,0.500,Light (Music + Nav),5.53,14.18,366.34,2655.00,11499.37,251.82,,0,72,36.00,444,4086786,1814532.98,3,fused
532855,000000532855.jpg,640x457,1,0.979276,1,1,TP,yolov8l_bsz4.ms,107.50,124.00,231.50,0.500,Light (Music + Nav),5.53,14.18,366.34,2655.00,11499.37,251.82,,0,72,36.00,444,4086786,1814532.98,3,fused
432553,000000432553.jpg,427x640,1,0.979230,1,1,TP,yolov8l_bsz4.ms,107.50,124.00,231.50,0.500,Light (Music + Nav),5.53,14.18,366.34,2655.00,11499.37,251.82,,0,72,36.00,444,4086786,1814532.98,3,fused
68628,000000068628.jpg,640x427,1,0.979122,1,1,TP,yolov8l_bsz4.ms,108.75,106.75,215.50,0.500,Light (Music + Nav),5.47,14.18,362.77,2658.00,11499.37,253.79,,0,72,36.00,638,4092766,2611184.71,3,fused
474293,000000474293.jpg,640x480,1,0.979071,1,1,TP,yolov8l_bsz4.ms,108.75,106.75,215.50,0.500,Light (Music + Nav),5.47,14.18,362.77,2658.00,11499.37,253.79,,0,72,36.00,638,4092766,2611184.71,3,fused
322724,000000322724.jpg,640x425,1,0.978950,1,1,TP,yolov8l_bsz4.ms,108.75,106.75,215.50,0.500,Light (Music + Nav),5.47,14.18,362.77,2658.00,11499.37,253.79,,0,72,36.00,638,4092766,2611184.71,3,fused
334530,000000334530.jpg,640x459,1,0.978944,1,1,TP,yolov8l_bsz4.ms,108.75,106.75,215.50,0.500,Light (Music + Nav),5.47,14.18,362.77,2658.00,11499.37,253.79,,0,72,36.00,638,4092766,2611184.71,3,fused
163118,000000163118.jpg,640x426,1,0.978900,1,1,TP,yolov8l_bsz4.ms,107.00,136.00,243.00,0.500,Light (Music + Nav),5.50,12.35,342.16,2679.00,11499.37,273.15,,0,72,36.00,629,4092954,2574468.07,3,fused
367082,000000367082.jpg,488x500,1,0.978649,0,0,FP,yolov8l_bsz4.ms,107.00,136.00,243.00,0.500,Light (Music + Nav),5.50,12.35,342.16,2679.00,11499.37,273.15,,0,72,36.00,629,4092954,2574468.07,3,fused
381587,000000381587.jpg,428x640,1,0.978590,1,1,TP,yolov8l_bsz4.ms,107.00,136.00,243.00,0.500,Light (Music + Nav),5.50,12.35,342.16,2679.00,11499.37,273.15,,0,72,36.00,629,4092954,2574468.07,3,fused
234607,000000234607.jpg,375x500,1,0.978559,1,1,TP,yolov8l_bsz4.ms,107.00,136.00,243.00,0.500,Light (Music + Nav),5.50,12.35,342.16,2679.00,11499.37,273.15,,0,72,36.00,629,4092954,2574468.07,3,fused
378673,000000378673.jpg,640x426,1,0.978460,1,1,TP,yolov8l_bsz4.ms,107.50,112.50,220.00,0.500,Light (Music + Nav),5.48,12.35,288.36,2731.00,11499.37,320.79,,0,72,36.00,533,4089813,2179870.33,3,fused
477805,000000477805.jpg,640x427,1,0.978424,1,1,TP,yolov8l_bsz4.ms,107.50,112.50,220.00,0.500,Light (Music + Nav),5.48,12.35,288.36,2731.00,11499.37,320.79,,0,72,36.00,533,4089813,2179870.33,3,fused
437331,000000437331.jpg,640x428,1,0.978333,1,1,TP,yolov8l_bsz4.ms,107.50,112.50,220.00,0.500,Light (Music + Nav),5.48,12.35,288.36,2731.00,11499.37,320.79,,0,72,36.00,533,4089813,2179870.33,3,fused
541773,000000541773.jpg,640x480,1,0.978287,1,1,TP,yolov8l_bsz4.ms,107.50,112.50,220.00,0.500,Light (Music + Nav),5.48,12.35,288.36,2731.00,11499.37,320.79,,0,72,36.00,533,4089813,2179870.33,3,fused
359833,000000359833.jpg,480x640,1,0.978127,1,1,TP,yolov8l_bsz4.ms,108.00,110.00,218.00,0.500,Light (Music + Nav),5.41,12.77,364.74,2651.00,11499.37,236.07,,0,72,36.00,451,4086969,1843223.02,3,fused
278973,000000278973.jpg,640x426,1,0.977994,1,1,TP,yolov8l_bsz4.ms,108.00,110.00,218.00,0.500,Light (Music + Nav),5.41,12.77,364.74,2651.00,11499.37,236.07,,0,72,36.00,451,4086969,1843223.02,3,fused
361730,000000361730.jpg,640x480,1,0.977946,1,1,TP,yolov8l_bsz4.ms,108.00,110.00,218.00,0.500,Light (Music + Nav),5.41,12.77,364.74,2651.00,11499.37,236.07,,0,72,36.00,451,4086969,1843223.02,3,fused
273715,000000273715.jpg,500x373,1,0.977898,1,1,TP,yolov8l_bsz4.ms,108.00,110.00,218.00,0.500,Light (Music + Nav),5.41,12.77,364.74,2651.00,11499.37,236.07,,0,72,36.00,451,4086969,1843223.02,3,fused
395903,000000395903.jpg,640x360,1,0.977730,1,1,TP,yolov8l_bsz4.ms,109.25,106.00,215.25,0.500,Light (Music + Nav),5.40,12.77,360.95,2653.00,11499.37,237.21,,0,72,36.00,623,4092036,2549338.43,3,fused
353180,000000353180.jpg,640x420,1,0.977702,1,1,TP,yolov8l_bsz4.ms,109.25,106.00,215.25,0.500,Light (Music + Nav),5.40,12.77,360.95,2653.00,11499.37,237.21,,0,72,36.00,623,4092036,2549338.43,3,fused
237517,000000237517.jpg,478x640,1,0.977644,0,0,FP,yolov8l_bsz4.ms,109.25,106.00,215.25,0.500,Light (Music + Nav),5.40,12.77,360.95,2653.00,11499.37,237.21,,0,72,36.00,623,4092036,2549338.43,3,fused
480985,000000480985.jpg,375x500,1,0.977491,1,1,TP,yolov8l_bsz4.ms,109.25,106.00,215.25,0.500,Light (Music + Nav),5.40,12.77,360.95,2653.00,11499.37,237.21,,0,72,36.00,623,4092036,2549338.43,3,fused
21465,000000021465.jpg,500x281,1,0.977475,0,0,FP,yolov8l_bsz4.ms,108.00,115.75,223.75,0.500,Light (Music + Nav),5.09,9.72,342.96,2671.00,11499.37,253.61,,0,72,36.00,681,4094501,2788355.18,3,fused
451150,000000451150.jpg,480x640,1,0.977390,0,0,FP,yolov8l_bsz4.ms,108.00,115.75,223.75,0.500,Light (Music + Nav),5.09,9.72,342.96,2671.00,11499.37,253.61,,0,72,36.00,681,4094501,2788355.18,3,fused
275058,000000275058.jpg,427x640,1,0.977261,1,1,TP,yolov8l_bsz4.ms,108.00,115.75,223.75,0.500,Light (Music + Nav),5.09,9.72,342.96,2671.00,11499.37,253.61,,0,72,36.00,681,4094501,2788355.18,3,fused
450075,000000450075.jpg,640x480,1,0.977233,1,1,TP,yolov8l_bsz4.ms,108.00,115.75,223.75,0.500,Light (Music + Nav),5.09,9.72,342.96,2671.00,11499.37,253.61,,0,72,36.00,681,4094501,2788355.18,3,fused
233771,000000233771.jpg,640x640,1,0.977137,1,1,TP,yolov8l_bsz4.ms,108.00,114.75,222.75,0.500,Light (Music + Nav),5.14,9.72,288.17,2726.00,11499.37,307.01,,0,72,36.00,563,4091320,2303413.16,3,fused
270122,000000270122.jpg,640x427,1,0.977038,1,1,TP,yolov8l_bsz4.ms,108.00,114.75,222.75,0.500,Light (Music + Nav),5.14,9.72,288.17,2726.00,11499.37,307.01,,0,72,36.00,563,4091320,2303413.16,3,fused
258388,000000258388.jpg,640x425,1,0.977036,1,1,TP,yolov8l_bsz4.ms,108.00,114.75,222.75,0.500,Light (Music + Nav),5.14,9.72,288.17,2726.00,11499.37,307.01,,0,72,36.00,563,4091320,2303413.16,3,fused
287291,000000287291.jpg,500x375,1,0.976942,1,1,TP,yolov8l_bsz4.ms,108.00,114.75,222.75,0.500,Light (Music + Nav),5.14,9.72,288.17,2726.00,11499.37,307.01,,0,72,36.00,563,4091320,2303413.16,3,fused
397681,000000397681.jpg,640x640,1,0.976858,1,1,TP,yolov8l_bsz4.ms,107.50,122.00,229.50,0.500,Light (Music + Nav),5.11,10.77,366.93,2646.00,11499.37,225.80,,0,72,36.00,315,4082515,1285992.23,3,fused
161397,000000161397.jpg,640x480,1,0.976773,1,1,TP,yolov8l_bsz4.ms,107.50,122.00,229.50,0.500,Light (Music + Nav),5.11,10.77,366.93,2646.00,11499.37,225.80,,0,72,36.00,315,4082515,1285992.23,3,fused
292024,000000292024.jpg,612x612,1,0.976415,1,1,TP,yolov8l_bsz4.ms,107.50,122.00,229.50,0.500,Light (Music + Nav),5.11,10.77,366.93,2646.00,11499.37,225.80,,0,72,36.00,315,4082515,1285992.23,3,fused
56350,000000056350.jpg,612x612,1,0.976360,1,1,TP,yolov8l_bsz4.ms,107.50,122.00,229.50,0.500,Light (Music + Nav),5.11,10.77,366.93,2646.00,11499.37,225.80,,0,72,36.00,315,4082515,1285992.23,3,fused
350122,000000350122.jpg,640x480,1,0.976340,1,1,TP,yolov8l_bsz4.ms,108.50,114.25,222.75,0.500,Light (Music + Nav),5.12,10.77,364.46,2649.00,11499.37,226.79,,0,72,36.00,324,4082797,1322826.23,3,fused
100624,000000100624.jpg,640x427,1,0.976158,1,1,TP,yolov8l_bsz4.ms,108.50,114.25,222.75,0.500,Light (Music + Nav),5.12,10.77,364.46,2649.00,11499.37,226.79,,0,72,36.00,324,4082797,1322826.23,3,fused
512929,000000512929.jpg,612x612,1,0.975884,1,1,TP,yolov8l_bsz4.ms,108.50,114.25,222.75,0.500,Light (Music + Nav),5.12,10.77,364.46,2649.00,11499.37,226.79,,0,72,36.00,324,4082797,1322826.23,3,fused
472375,000000472375.jpg,612x612,1,0.975880,0,0,FP,yolov8l_bsz4.ms,108.50,114.25,222.75,0.500,Light (Music + Nav),5.12,10.77,364.46,2649.00,11499.37,226.79,,0,72,36.00,324,4082797,1322826.23,3,fused
308165,000000308165.jpg,425x640,1,0.975523,1,1,TP,yolov8l_bsz4.ms,107.00,99.75,206.75,0.500,Light (Music + Nav),5.19,10.77,362.98,2650.00,11499.37,227.14,,0,72,36.00,478,4087274,1953716.97,3,fused
567740,000000567740.jpg,640x480,1,0.975362,1,1,TP,yolov8l_bsz4.ms,107.00,99.75,206.75,0.500,Light (Music + Nav),5.19,10.77,362.98,2650.00,11499.37,227.14,,0,72,36.00,478,4087274,1953716.97,3,fused
154004,000000154004.jpg,640x427,1,0.975157,1,1,TP,yolov8l_bsz4.ms,107.00,99.75,206.75,0.500,Light (Music + Nav),5.19,10.77,362.98,2650.00,11499.37,227.14,,0,72,36.00,478,4087274,1953716.97,3,fused
199551,000000199551.jpg,640x428,1,0.975051,1,1,TP,yolov8l_bsz4.ms,107.00,99.75,206.75,0.500,Light (Music + Nav),5.19,10.77,362.98,2650.00,11499.37,227.14,,0,72,36.00,478,4087274,1953716.97,3,fused
449603,000000449603.jpg,640x426,1,0.975041,1,1,TP,yolov8l_bsz4.ms,107.75,92.50,200.25,0.500,Light (Music + Nav),5.20,10.28,287.89,2725.00,11499.37,301.00,,0,72,36.00,245,4080770,999788.65,3,fused
84752,000000084752.jpg,640x427,1,0.974888,0,0,FP,yolov8l_bsz4.ms,107.75,92.50,200.25,0.500,Light (Music + Nav),5.20,10.28,287.89,2725.00,11499.37,301.00,,0,72,36.00,245,4080770,999788.65,3,fused
39405,000000039405.jpg,640x480,1,0.974632,1,1,TP,yolov8l_bsz4.ms,107.75,92.50,200.25,0.500,Light (Music + Nav),5.20,10.28,287.89,2725.00,11499.37,301.00,,0,72,36.00,245,4080770,999788.65,3,fused
277020,000000277020.jpg,640x360,1,0.974401,1,1,TP,yolov8l_bsz4.ms,107.75,92.50,200.25,0.500,Light (Music + Nav),5.20,10.28,287.89,2725.00,11499.37,301.00,,0,72,36.00,245,4080770,999788.65,3,fused
82180,000000082180.jpg,640x425,1,0.974204,0,0,FP,yolov8l_bsz4.ms,108.25,133.75,242.00,0.500,Light (Music + Nav),5.14,10.28,367.05,2645.00,11499.37,220.25,,0,72,36.00,733,4096210,3002521.93,3,fused
172617,000000172617.jpg,375x500,1,0.974023,1,1,TP,yolov8l_bsz4.ms,108.25,133.75,242.00,0.500,Light (Music + Nav),5.14,10.28,367.05,2645.00,11499.37,220.25,,0,72,36.00,733,4096210,3002521.93,3,fused
2532,000000002532.jpg,480x640,1,0.973948,1,1,TP,yolov8l_bsz4.ms,108.25,133.75,242.00,0.500,Light (Music + Nav),5.14,10.28,367.05,2645.00,11499.37,220.25,,0,72,36.00,733,4096210,3002521.93,3,fused
21903,000000021903.jpg,640x480,1,0.973607,1,1,TP,yolov8l_bsz4.ms,108.25,133.75,242.00,0.500,Light (Music + Nav),5.14,10.28,367.05,2645.00,11499.37,220.25,,0,72,36.00,733,4096210,3002521.93,3,fused
109118,000000109118.jpg,486x640,1,0.973593,1,1,TP,yolov8l_bsz4.ms,108.75,123.00,231.75,0.500,Light (Music + Nav),5.17,10.13,366.17,2646.00,11499.37,219.42,,0,72,37.00,720,4095975,2949102.00,3,fused
521717,000000521717.jpg,640x426,1,0.973419,1,1,TP,yolov8l_bsz4.ms,108.75,123.00,231.75,0.500,Light (Music + Nav),5.17,10.13,366.17,2646.00,11499.37,219.42,,0,72,37.00,720,4095975,2949102.00,3,fused
187144,000000187144.jpg,640x480,1,0.973351,1,1,TP,yolov8l_bsz4.ms,108.75,123.00,231.75,0.500,Light (Music + Nav),5.17,10.13,366.17,2646.00,11499.37,219.42,,0,72,37.00,720,4095975,2949102.00,3,fused
390246,000000390246.jpg,640x427,1,0.973235,1,1,TP,yolov8l_bsz4.ms,108.75,123.00,231.75,0.500,Light (Music + Nav),5.17,10.13,366.17,2646.00,11499.37,219.42,,0,72,37.00,720,4095975,2949102.00,3,fused
60347,000000060347.jpg,480x640,1,0.973107,1,1,TP,yolov8l_bsz4.ms,108.00,124.50,232.50,0.500,Light (Music + Nav),5.25,10.13,361.21,2650.00,11499.37,222.71,,0,72,37.00,655,4094101,2681636.15,3,fused
215072,000000215072.jpg,640x451,1,0.972996,1,1,TP,yolov8l_bsz4.ms,108.00,124.50,232.50,0.500,Light (Music + Nav),5.25,10.13,361.21,2650.00,11499.37,222.71,,0,72,37.00,655,4094101,2681636.15,3,fused
249219,000000249219.jpg,640x479,1,0.972865,0,0,FP,yolov8l_bsz4.ms,108.00,124.50,232.50,0.500,Light (Music + Nav),5.25,10.13,361.21,2650.00,11499.37,222.71,,0,72,37.00,655,4094101,2681636.15,3,fused
422836,000000422836.jpg,320x240,1,0.972830,1,1,TP,yolov8l_bsz4.ms,108.00,124.50,232.50,0.500,Light (Music + Nav),5.25,10.13,361.21,2650.00,11499.37,222.71,,0,72,37.00,655,4094101,2681636.15,3,fused
245311,000000245311.jpg,612x612,1,0.972703,1,1,TP,yolov8l_bsz4.ms,107.50,112.25,219.75,0.500,Light (Music + Nav),5.21,10.13,287.97,2723.00,11499.37,294.76,,0,72,37.00,555,4090736,2270358.48,3,fused
67534,000000067534.jpg,306x640,1,0.972561,1,1,TP,yolov8l_bsz4.ms,107.50,112.25,219.75,0.500,Light (Music + Nav),5.21,10.13,287.97,2723.00,11499.37,294.76,,0,72,37.00,555,4090736,2270358.48,3,fused
230983,000000230983.jpg,430x640,1,0.972531,1,1,TP,yolov8l_bsz4.ms,107.50,112.25,219.75,0.500,Light (Music + Nav),5.21,10.13,287.97,2723.00,11499.37,294.76,,0,72,37.00,555,4090736,2270358.48,3,fused
336628,000000336628.jpg,428x640,1,0.972507,1,1,TP,yolov8l_bsz4.ms,107.50,112.25,219.75,0.500,Light (Music + Nav),5.21,10.13,287.97,2723.00,11499.37,294.76,,0,72,37.00,555,4090736,2270358.48,3,fused
236308,000000236308.jpg,640x368,1,0.972496,1,1,TP,yolov8l_bsz4.ms,108.00,114.75,222.75,0.500,Light (Music + Nav),8.93,9.93,367.58,2643.00,11499.37,213.24,,0,72,37.00,614,4092185,2512601.59,3,fused
472298,000000472298.jpg,640x387,1,0.972476,1,1,TP,yolov8l_bsz4.ms,108.00,114.75,222.75,0.500,Light (Music + Nav),8.93,9.93,367.58,2643.00,11499.37,213.24,,0,72,37.00,614,4092185,2512601.59,3,fused
548339,000000548339.jpg,640x576,1,0.972332,1,1,TP,yolov8l_bsz4.ms,108.00,114.75,222.75,0.500,Light (Music + Nav),8.93,9.93,367.58,2643.00,11499.37,213.24,,0,72,37.00,614,4092185,2512601.59,3,fused
530975,000000530975.jpg,640x480,1,0.972277,1,1,TP,yolov8l_bsz4.ms,108.00,114.75,222.75,0.500,Light (Music + Nav),8.93,9.93,367.58,2643.00,11499.37,213.24,,0,72,37.00,614,4092185,2512601.59,3,fused
425906,000000425906.jpg,463x640,1,0.972228,1,1,TP,yolov8l_bsz4.ms,109.25,105.00,214.25,0.500,Light (Music + Nav),6.30,9.93,366.13,2644.00,11499.37,212.98,,0,72,37.00,607,4092638,2484231.27,3,fused
133087,000000133087.jpg,640x429,1,0.971775,0,0,FP,yolov8l_bsz4.ms,109.25,105.00,214.25,0.500,Light (Music + Nav),6.30,9.93,366.13,2644.00,11499.37,212.98,,0,72,37.00,607,4092638,2484231.27,3,fused
486438,000000486438.jpg,640x427,1,0.971693,1,1,TP,yolov8l_bsz4.ms,109.25,105.00,214.25,0.500,Light (Music + Nav),6.30,9.93,366.13,2644.00,11499.37,212.98,,0,72,37.00,607,4092638,2484231.27,3,fused
51712,000000051712.jpg,640x368,1,0.971292,1,1,TP,yolov8l_bsz4.ms,109.25,105.00,214.25,0.500,Light (Music + Nav),6.30,9.93,366.13,2644.00,11499.37,212.98,,0,72,37.00,607,4092638,2484231.27,3,fused
87038,000000087038.jpg,640x480,1,0.971250,1,1,TP,yolov8l_bsz4.ms,108.25,114.50,222.75,0.500,Light (Music + Nav),5.94,10.41,344.84,2666.00,11499.37,233.52,,0,72,37.00,608,4092819,2488433.95,3,fused
165039,000000165039.jpg,640x427,1,0.971192,1,1,TP,yolov8l_bsz4.ms,108.25,114.50,222.75,0.500,Light (Music + Nav),5.94,10.41,344.84,2666.00,11499.37,233.52,,0,72,37.00,608,4092819,2488433.95,3,fused
404839,000000404839.jpg,427x640,1,0.971178,1,1,TP,yolov8l_bsz4.ms,108.25,114.50,222.75,0.500,Light (Music + Nav),5.94,10.41,344.84,2666.00,11499.37,233.52,,0,72,37.00,608,4092819,2488433.95,3,fused
423617,000000423617.jpg,640x480,1,0.970972,1,1,TP,yolov8l_bsz4.ms,108.25,114.50,222.75,0.500,Light (Music + Nav),5.94,10.41,344.84,2666.00,11499.37,233.52,,0,72,37.00,608,4092819,2488433.95,3,fused
358195,000000358195.jpg,483x640,1,0.970912,1,1,TP,yolov8l_bsz4.ms,113.00,124.25,237.25,0.500,Light (Music + Nav),5.69,10.41,289.41,2721.00,11499.37,287.46,,0,72,37.00,632,4093547,2587121.70,3,fused
141821,000000141821.jpg,640x480,1,0.970904,1,1,TP,yolov8l_bsz4.ms,113.00,124.25,237.25,0.500,Light (Music + Nav),5.69,10.41,289.41,2721.00,11499.37,287.46,,0,72,37.00,632,4093547,2587121.70,3,fused
238013,000000238013.jpg,500x334,1,0.970670,1,1,TP,yolov8l_bsz4.ms,113.00,124.25,237.25,0.500,Light (Music + Nav),5.69,10.41,289.41,2721.00,11499.37,287.46,,0,72,37.00,632,4093547,2587121.70,3,fused
531135,000000531135.jpg,500x375,1,0.970638,1,1,TP,yolov8l_bsz4.ms,113.00,124.25,237.25,0.500,Light (Music + Nav),5.69,10.41,289.41,2721.00,11499.37,287.46,,0,72,37.00,632,4093547,2587121.70,3,fused
265816,000000265816.jpg,640x406,1,0.970523,1,1,TP,yolov8l_bsz4.ms,108.50,108.25,216.75,0.500,Light (Music + Nav),5.44,10.20,364.29,2646.00,11499.37,211.35,,0,72,37.00,606,4093002,2480359.21,3,fused
260470,000000260470.jpg,640x427,1,0.970340,1,1,TP,yolov8l_bsz4.ms,108.50,108.25,216.75,0.500,Light (Music + Nav),5.44,10.20,364.29,2646.00,11499.37,211.35,,0,72,37.00,606,4093002,2480359.21,3,fused
555050,000000555050.jpg,500x322,1,0.970326,1,1,TP,yolov8l_bsz4.ms,108.50,108.25,216.75,0.500,Light (Music + Nav),5.44,10.20,364.29,2646.00,11499.37,211.35,,0,72,37.00,606,4093002,2480359.21,3,fused
329827,000000329827.jpg,640x427,1,0.970132,1,1,TP,yolov8l_bsz4.ms,108.50,108.25,216.75,0.500,Light (Music + Nav),5.44,10.20,364.29,2646.00,11499.37,211.35,,0,72,37.00,606,4093002,2480359.21,3,fused
252559,000000252559.jpg,480x640,1,0.968798,1,1,TP,yolov8l_bsz4.ms,109.50,117.50,227.00,0.500,Light (Music + Nav),5.42,10.20,364.37,2646.00,11499.37,209.92,,0,72,37.00,607,4092894,2484386.66,3,fused
51314,000000051314.jpg,640x480,1,0.968686,1,1,TP,yolov8l_bsz4.ms,109.50,117.50,227.00,0.500,Light (Music + Nav),5.42,10.20,364.37,2646.00,11499.37,209.92,,0,72,37.00,607,4092894,2484386.66,3,fused
55950,000000055950.jpg,426x640,1,0.968652,1,1,TP,yolov8l_bsz4.ms,109.50,117.50,227.00,0.500,Light (Music + Nav),5.42,10.20,364.37,2646.00,11499.37,209.92,,0,72,37.00,607,4092894,2484386.66,3,fused
16598,000000016598.jpg,478x640,1,0.968506,1,1,TP,yolov8l_bsz4.ms,109.50,117.50,227.00,0.500,Light (Music + Nav),5.42,10.20,364.37,2646.00,11499.37,209.92,,0,72,37.00,607,4092894,2484386.66,3,fused
90284,000000090284.jpg,640x639,1,0.968452,1,1,TP,yolov8l_bsz4.ms,108.00,113.25,221.25,0.500,Light (Music + Nav),5.42,10.20,342.96,2667.00,11499.37,229.84,,0,72,37.00,602,4092807,2463869.81,3,fused
15956,000000015956.jpg,640x480,1,0.968399,1,1,TP,yolov8l_bsz4.ms,108.00,113.25,221.25,0.500,Light (Music + Nav),5.42,10.20,342.96,2667.00,11499.37,229.84,,0,72,37.00,602,4092807,2463869.81,3,fused
306893,000000306893.jpg,500x368,1,0.968225,1,1,TP,yolov8l_bsz4.ms,108.00,113.25,221.25,0.500,Light (Music + Nav),5.42,10.20,342.96,2667.00,11499.37,229.84,,0,72,37.00,602,4092807,2463869.81,3,fused
362682,000000362682.jpg,640x427,1,0.968017,1,1,TP,yolov8l_bsz4.ms,108.00,113.25,221.25,0.500,Light (Music + Nav),5.42,10.20,342.96,2667.00,11499.37,229.84,,0,72,37.00,602,4092807,2463869.81,3,fused
233370,000000233370.jpg,427x640,1,0.967911,1,1,TP,yolov8l_bsz4.ms,107.50,120.75,228.25,0.500,Light (Music + Nav),5.38,10.05,289.48,2727.00,11499.37,288.39,,0,72,37.00,561,4091633,2295406.11,3,fused
439593,000000439593.jpg,640x480,1,0.967750,1,1,TP,yolov8l_bsz4.ms,107.50,120.75,228.25,0.500,Light (Music + Nav),5.38,10.05,289.48,2727.00,11499.37,288.39,,0,72,37.00,561,4091633,2295406.11,3,fused
50326,000000050326.jpg,500x375,1,0.967714,1,1,TP,yolov8l_bsz4.ms,107.50,120.75,228.25,0.500,Light (Music + Nav),5.38,10.05,289.48,2727.00,11499.37,288.39,,0,72,37.00,561,4091633,2295406.11,3,fused
30504,000000030504.jpg,480x640,1,0.967660,1,1,TP,yolov8l_bsz4.ms,107.50,120.75,228.25,0.500,Light (Music + Nav),5.38,10.05,289.48,2727.00,11499.37,288.39,,0,72,37.00,561,4091633,2295406.11,3,fused
76625,000000076625.jpg,640x480,1,0.967194,1,1,TP,yolov8l_bsz4.ms,108.25,110.50,218.75,0.500,Light (Music + Nav),5.38,10.05,366.78,2665.00,11499.37,225.63,,0,72,37.00,534,4090561,2184359.57,3,fused
167486,000000167486.jpg,640x480,1,0.967137,1,1,TP,yolov8l_bsz4.ms,108.25,110.50,218.75,0.500,Light (Music + Nav),5.38,10.05,366.78,2665.00,11499.37,225.63,,0,72,37.00,534,4090561,2184359.57,3,fused
42528,000000042528.jpg,640x495,1,0.967066,1,1,TP,yolov8l_bsz4.ms,108.25,110.50,218.75,0.500,Light (Music + Nav),5.38,10.05,366.78,2665.00,11499.37,225.63,,0,72,37.00,534,4090561,2184359.57,3,fused
259830,000000259830.jpg,425x640,1,0.966848,1,1,TP,yolov8l_bsz4.ms,108.25,110.50,218.75,0.500,Light (Music + Nav),5.38,10.05,366.78,2665.00,11499.37,225.63,,0,72,37.00,534,4090561,2184359.57,3,fused
138979,000000138979.jpg,640x426,1,0.966833,1,1,TP,yolov8l_bsz4.ms,109.50,133.75,243.25,0.500,Light (Music + Nav),5.37,10.14,363.64,2668.00,11499.37,227.47,,0,72,37.00,658,4094934,2694466.57,3,fused
462371,000000462371.jpg,500x401,1,0.966806,1,1,TP,yolov8l_bsz4.ms,109.50,133.75,243.25,0.500,Light (Music + Nav),5.37,10.14,363.64,2668.00,11499.37,227.47,,0,72,37.00,658,4094934,2694466.57,3,fused
253433,000000253433.jpg,640x480,1,0.966669,0,0,FP,yolov8l_bsz4.ms,109.50,133.75,243.25,0.500,Light (Music + Nav),5.37,10.14,363.64,2668.00,11499.37,227.47,,0,72,37.00,658,4094934,2694466.57,3,fused
310072,000000310072.jpg,640x383,1,0.966554,0,0,FP,yolov8l_bsz4.ms,109.50,133.75,243.25,0.500,Light (Music + Nav),5.37,10.14,363.64,2668.00,11499.37,227.47,,0,72,37.00,658,4094934,2694466.57,3,fused
407868,000000407868.jpg,640x480,1,0.966370,1,1,TP,yolov8l_bsz4.ms,108.25,123.00,231.25,0.500,Light (Music + Nav),5.39,10.14,343.06,2688.00,11499.37,246.07,,0,72,37.00,663,4095161,2715091.74,3,fused
203639,000000203639.jpg,486x640,1,0.965850,1,1,TP,yolov8l_bsz4.ms,108.25,123.00,231.25,0.500,Light (Music + Nav),5.39,10.14,343.06,2688.00,11499.37,246.07,,0,72,37.00,663,4095161,2715091.74,3,fused
341469,000000341469.jpg,457x640,1,0.965636,1,1,TP,yolov8l_bsz4.ms,108.25,123.00,231.25,0.500,Light (Music + Nav),5.39,10.14,343.06,2688.00,11499.37,246.07,,0,72,37.00,663,4095161,2715091.74,3,fused
570756,000000570756.jpg,640x428,1,0.965573,1,1,TP,yolov8l_bsz4.ms,108.25,123.00,231.25,0.500,Light (Music + Nav),5.39,10.14,343.06,2688.00,11499.37,246.07,,0,72,37.00,663,4095161,2715091.74,3,fused
33854,000000033854.jpg,640x427,1,0.965562,1,1,TP,yolov8l_bsz4.ms,107.75,108.50,216.25,0.500,Light (Music + Nav),6.75,12.16,288.88,2742.00,11499.37,298.77,,0,72,37.00,529,4090852,2164060.71,3,fused
549055,000000549055.jpg,640x304,1,0.965517,1,1,TP,yolov8l_bsz4.ms,107.75,108.50,216.25,0.500,Light (Music + Nav),6.75,12.16,288.88,2742.00,11499.37,298.77,,0,72,37.00,529,4090852,2164060.71,3,fused
251140,000000251140.jpg,375x500,1,0.965187,1,1,TP,yolov8l_bsz4.ms,107.75,108.50,216.25,0.500,Light (Music + Nav),6.75,12.16,288.88,2742.00,11499.37,298.77,,0,72,37.00,529,4090852,2164060.71,3,fused
124798,000000124798.jpg,640x427,1,0.964963,1,1,TP,yolov8l_bsz4.ms,107.75,108.50,216.25,0.500,Light (Music + Nav),6.75,12.16,288.88,2742.00,11499.37,298.77,,0,72,37.00,529,4090852,2164060.71,3,fused
515579,000000515579.jpg,500x332,1,0.964691,1,1,TP,yolov8l_bsz4.ms,107.75,122.25,230.00,0.500,Light (Music + Nav),5.58,12.16,365.14,2669.00,11499.37,224.48,,0,72,37.00,704,4096381,2883852.22,3,fused
511999,000000511999.jpg,640x446,1,0.964372,1,1,TP,yolov8l_bsz4.ms,107.75,122.25,230.00,0.500,Light (Music + Nav),5.58,12.16,365.14,2669.00,11499.37,224.48,,0,72,37.00,704,4096381,2883852.22,3,fused
137576,000000137576.jpg,640x563,1,0.964287,0,0,FP,yolov8l_bsz4.ms,107.75,122.25,230.00,0.500,Light (Music + Nav),5.58,12.16,365.14,2669.00,11499.37,224.48,,0,72,37.00,704,4096381,2883852.22,3,fused
49259,000000049259.jpg,427x640,1,0.964221,1,1,TP,yolov8l_bsz4.ms,107.75,122.25,230.00,0.500,Light (Music + Nav),5.58,12.16,365.14,2669.00,11499.37,224.48,,0,72,37.00,704,4096381,2883852.22,3,fused
357742,000000357742.jpg,429x640,1,0.963879,1,1,TP,yolov8l_bsz4.ms,109.25,113.75,223.00,0.500,Light (Music + Nav),5.48,11.15,363.61,2669.00,11499.37,223.36,,0,72,37.00,656,4095056,2686356.74,3,fused
345385,000000345385.jpg,640x480,1,0.963770,1,1,TP,yolov8l_bsz4.ms,109.25,113.75,223.00,0.500,Light (Music + Nav),5.48,11.15,363.61,2669.00,11499.37,223.36,,0,72,37.00,656,4095056,2686356.74,3,fused
13546,000000013546.jpg,640x425,1,0.963354,1,1,TP,yolov8l_bsz4.ms,109.25,113.75,223.00,0.500,Light (Music + Nav),5.48,11.15,363.61,2669.00,11499.37,223.36,,0,72,37.00,656,4095056,2686356.74,3,fused
458255,000000458255.jpg,640x428,1,0.963281,1,1,TP,yolov8l_bsz4.ms,109.25,113.75,223.00,0.500,Light (Music + Nav),5.48,11.15,363.61,2669.00,11499.37,223.36,,0,72,37.00,656,4095056,2686356.74,3,fused
558114,000000558114.jpg,640x480,1,0.962980,1,1,TP,yolov8l_bsz4.ms,108.25,124.25,232.50,0.500,Light (Music + Nav),5.55,11.15,342.12,2691.00,11499.37,243.88,,0,72,37.00,704,4096612,2884014.85,3,fused
303499,000000303499.jpg,333x500,1,0.962928,1,1,TP,yolov8l_bsz4.ms,108.25,124.25,232.50,0.500,Light (Music + Nav),5.55,11.15,342.12,2691.00,11499.37,243.88,,0,72,37.00,704,4096612,2884014.85,3,fused
422670,000000422670.jpg,640x427,1,0.962863,1,1,TP,yolov8l_bsz4.ms,108.25,124.25,232.50,0.500,Light (Music + Nav),5.55,11.15,342.12,2691.00,11499.37,243.88,,0,72,37.00,704,4096612,2884014.85,3,fused
37689,000000037689.jpg,640x426,1,0.962839,1,1,TP,yolov8l_bsz4.ms,108.25,124.25,232.50,0.500,Light (Music + Nav),5.55,11.15,342.12,2691.00,11499.37,243.88,,0,72,37.00,704,4096612,2884014.85,3,fused
102356,000000102356.jpg,427x640,1,0.962754,1,1,TP,yolov8l_bsz4.ms,108.75,125.75,234.50,0.500,Light (Music + Nav),5.49,10.58,288.30,2744.00,11499.37,296.47,,0,72,37.00,612,4093707,2505348.68,3,fused
213255,000000213255.jpg,480x640,1,0.962730,1,1,TP,yolov8l_bsz4.ms,108.75,125.75,234.50,0.500,Light (Music + Nav),5.49,10.58,288.30,2744.00,11499.37,296.47,,0,72,37.00,612,4093707,2505348.68,3,fused
462728,000000462728.jpg,640x427,1,0.962366,1,1,TP,yolov8l_bsz4.ms,108.75,125.75,234.50,0.500,Light (Music + Nav),5.49,10.58,288.30,2744.00,11499.37,296.47,,0,72,37.00,612,4093707,2505348.68,3,fused
369541,000000369541.jpg,375x500,1,0.962106,1,1,TP,yolov8l_bsz4.ms,108.75,125.75,234.50,0.500,Light (Music + Nav),5.49,10.58,288.30,2744.00,11499.37,296.47,,0,72,37.00,612,4093707,2505348.68,3,fused
19221,000000019221.jpg,640x478,1,0.962000,1,1,TP,yolov8l_bsz4.ms,108.50,128.25,236.75,0.500,Light (Music + Nav),5.37,10.58,364.87,2668.00,11499.37,219.39,,0,72,37.00,640,4094635,2620566.40,3,fused
206025,000000206025.jpg,424x640,1,0.961926,1,1,TP,yolov8l_bsz4.ms,108.50,128.25,236.75,0.500,Light (Music + Nav),5.37,10.58,364.87,2668.00,11499.37,219.39,,0,72,37.00,640,4094635,2620566.40,3,fused
300039,000000300039.jpg,500x374,1,0.961920,1,1,TP,yolov8l_bsz4.ms,108.50,128.25,236.75,0.500,Light (Music + Nav),5.37,10.58,364.87,2668.00,11499.37,219.39,,0,72,37.00,640,4094635,2620566.40,3,fused
230819,000000230819.jpg,640x432,1,0.961792,1,1,TP,yolov8l_bsz4.ms,108.50,128.25,236.75,0.500,Light (Music + Nav),5.37,10.58,364.87,2668.00,11499.37,219.39,,0,72,37.00,640,4094635,2620566.40,3,fused
58655,000000058655.jpg,425x640,1,0.961485,0,0,FP,yolov8l_bsz4.ms,108.75,105.00,213.75,0.500,Light (Music + Nav),5.40,10.58,365.41,2667.00,11499.37,217.45,,0,72,37.00,572,4092219,2340749.27,3,fused
574702,000000574702.jpg,333x500,1,0.961415,1,1,TP,yolov8l_bsz4.ms,108.75,105.00,213.75,0.500,Light (Music + Nav),5.40,10.58,365.41,2667.00,11499.37,217.45,,0,72,37.00,572,4092219,2340749.27,3,fused
346707,000000346707.jpg,333x500,1,0.961168,0,0,FP,yolov8l_bsz4.ms,108.75,105.00,213.75,0.500,Light (Music + Nav),5.40,10.58,365.41,2667.00,11499.37,217.45,,0,72,37.00,572,4092219,2340749.27,3,fused
552842,000000552842.jpg,640x427,1,0.961128,1,1,TP,yolov8l_bsz4.ms,108.75,105.00,213.75,0.500,Light (Music + Nav),5.40,10.58,365.41,2667.00,11499.37,217.45,,0,72,37.00,572,4092219,2340749.27,3,fused
388927,000000388927.jpg,480x640,1,0.960642,1,1,TP,yolov8l_bsz4.ms,108.00,127.50,235.50,0.500,Light (Music + Nav),5.39,10.15,363.04,2670.00,11499.37,219.15,,0,72,37.00,645,4094516,2640962.82,3,fused
295478,000000295478.jpg,512x640,1,0.960545,1,1,TP,yolov8l_bsz4.ms,108.00,127.50,235.50,0.500,Light (Music + Nav),5.39,10.15,363.04,2670.00,11499.37,219.15,,0,72,37.00,645,4094516,2640962.82,3,fused
52507,000000052507.jpg,640x438,1,0.960233,1,1,TP,yolov8l_bsz4.ms,108.00,127.50,235.50,0.500,Light (Music + Nav),5.39,10.15,363.04,2670.00,11499.37,219.15,,0,72,37.00,645,4094516,2640962.82,3,fused
76547,000000076547.jpg,640x480,1,0.960140,1,1,TP,yolov8l_bsz4.ms,108.00,127.50,235.50,0.500,Light (Music + Nav),5.39,10.15,363.04,2670.00,11499.37,219.15,,0,72,37.00,645,4094516,2640962.82,3,fused
360960,000000360960.jpg,426x640,1,0.959915,1,1,TP,yolov8l_bsz4.ms,108.25,124.25,232.50,0.500,Light (Music + Nav),5.37,10.15,288.82,2743.00,11499.37,292.05,,0,72,37.00,555,4091761,2270927.35,3,fused
93353,000000093353.jpg,640x480,1,0.959753,1,1,TP,yolov8l_bsz4.ms,108.25,124.25,232.50,0.500,Light (Music + Nav),5.37,10.15,288.82,2743.00,11499.37,292.05,,0,72,37.00,555,4091761,2270927.35,3,fused
232684,000000232684.jpg,640x427,1,0.959520,1,1,TP,yolov8l_bsz4.ms,108.25,124.25,232.50,0.500,Light (Music + Nav),5.37,10.15,288.82,2743.00,11499.37,292.05,,0,72,37.00,555,4091761,2270927.35,3,fused
481573,000000481573.jpg,640x639,1,0.959374,1,1,TP,yolov8l_bsz4.ms,108.25,124.25,232.50,0.500,Light (Music + Nav),5.37,10.15,288.82,2743.00,11499.37,292.05,,0,72,37.00,555,4091761,2270927.35,3,fused
377113,000000377113.jpg,640x427,1,0.959294,1,1,TP,yolov8l_bsz4.ms,108.25,129.25,237.50,0.500,Light (Music + Nav),5.36,10.07,367.23,2666.00,11499.37,212.65,,0,72,37.00,516,4090744,2110823.90,3,fused
572462,000000572462.jpg,612x612,1,0.959117,1,1,TP,yolov8l_bsz4.ms,108.25,129.25,237.50,0.500,Light (Music + Nav),5.36,10.07,367.23,2666.00,11499.37,212.65,,0,72,37.00,516,4090744,2110823.90,3,fused
180135,000000180135.jpg,333x500,1,0.959106,1,1,TP,yolov8l_bsz4.ms,108.25,129.25,237.50,0.500,Light (Music + Nav),5.36,10.07,367.23,2666.00,11499.37,212.65,,0,72,37.00,516,4090744,2110823.90,3,fused
81738,000000081738.jpg,640x480,1,0.959072,1,1,TP,yolov8l_bsz4.ms,108.25,129.25,237.50,0.500,Light (Music + Nav),5.36,10.07,367.23,2666.00,11499.37,212.65,,0,72,37.00,516,4090744,2110823.90,3,fused
228436,000000228436.jpg,640x485,1,0.959035,0,0,FP,yolov8l_bsz4.ms,109.25,119.75,229.00,0.500,Light (Music + Nav),9.06,10.07,366.12,2665.00,11499.37,210.73,,0,72,37.00,532,4091125,2176478.50,3,fused
25986,000000025986.jpg,640x480,1,0.958950,0,0,FP,yolov8l_bsz4.ms,109.25,119.75,229.00,0.500,Light (Music + Nav),9.06,10.07,366.12,2665.00,11499.37,210.73,,0,72,37.00,532,4091125,2176478.50,3,fused
419379,000000419379.jpg,427x640,1,0.958563,1,1,TP,yolov8l_bsz4.ms,109.25,119.75,229.00,0.500,Light (Music + Nav),9.06,10.07,366.12,2665.00,11499.37,210.73,,0,72,37.00,532,4091125,2176478.50,3,fused
195045,000000195045.jpg,640x480,1,0.958529,0,0,FP,yolov8l_bsz4.ms,109.25,119.75,229.00,0.500,Light (Music + Nav),9.06,10.07,366.12,2665.00,11499.37,210.73,,0,72,37.00,532,4091125,2176478.50,3,fused
438304,000000438304.jpg,464x640,1,0.958462,1,1,TP,yolov8l_bsz4.ms,108.00,122.50,230.50,0.500,Light (Music + Nav),6.24,10.81,346.98,2685.00,11499.37,229.21,,0,72,37.00,636,4094485,2604092.46,3,fused
31050,000000031050.jpg,427x640,1,0.958320,0,0,FP,yolov8l_bsz4.ms,108.00,122.50,230.50,0.500,Light (Music + Nav),6.24,10.81,346.98,2685.00,11499.37,229.21,,0,72,37.00,636,4094485,2604092.46,3,fused
421834,000000421834.jpg,640x457,1,0.958294,0,0,FP,yolov8l_bsz4.ms,108.00,122.50,230.50,0.500,Light (Music + Nav),6.24,10.81,346.98,2685.00,11499.37,229.21,,0,72,37.00,636,4094485,2604092.46,3,fused
331280,000000331280.jpg,500x366,1,0.958088,1,1,TP,yolov8l_bsz4.ms,108.00,122.50,230.50,0.500,Light (Music + Nav),6.24,10.81,346.98,2685.00,11499.37,229.21,,0,72,37.00,636,4094485,2604092.46,3,fused
220584,000000220584.jpg,640x427,1,0.957667,1,1,TP,yolov8l_bsz4.ms,107.25,123.25,230.50,0.500,Light (Music + Nav),5.95,10.81,289.64,2742.00,11499.37,284.96,,0,72,37.00,547,4091773,2238199.83,3,fused
540932,000000540932.jpg,640x480,1,0.957340,1,1,TP,yolov8l_bsz4.ms,107.25,123.25,230.50,0.500,Light (Music + Nav),5.95,10.81,289.64,2742.00,11499.37,284.96,,0,72,37.00,547,4091773,2238199.83,3,fused
579321,000000579321.jpg,640x498,1,0.957236,1,1,TP,yolov8l_bsz4.ms,107.25,123.25,230.50,0.500,Light (Music + Nav),5.95,10.81,289.64,2742.00,11499.37,284.96,,0,72,37.00,547,4091773,2238199.83,3,fused
249180,000000249180.jpg,640x427,1,0.956943,1,1,TP,yolov8l_bsz4.ms,107.25,123.25,230.50,0.500,Light (Music + Nav),5.95,10.81,289.64,2742.00,11499.37,284.96,,0,72,37.00,547,4091773,2238199.83,3,fused
85089,000000085089.jpg,640x428,1,0.956921,1,1,TP,yolov8l_bsz4.ms,106.50,114.00,220.50,0.500,Light (Music + Nav),5.59,10.66,366.96,2664.00,11499.37,206.26,,0,72,37.00,601,4093754,2460346.15,3,fused
425227,000000425227.jpg,428x640,1,0.956556,1,1,TP,yolov8l_bsz4.ms,106.50,114.00,220.50,0.500,Light (Music + Nav),5.59,10.66,366.96,2664.00,11499.37,206.26,,0,72,37.00,601,4093754,2460346.15,3,fused
214703,000000214703.jpg,427x640,1,0.956464,1,1,TP,yolov8l_bsz4.ms,106.50,114.00,220.50,0.500,Light (Music + Nav),5.59,10.66,366.96,2664.00,11499.37,206.26,,0,72,37.00,601,4093754,2460346.15,3,fused
515350,000000515350.jpg,640x427,1,0.956314,1,1,TP,yolov8l_bsz4.ms,106.50,114.00,220.50,0.500,Light (Music + Nav),5.59,10.66,366.96,2664.00,11499.37,206.26,,0,72,37.00,601,4093754,2460346.15,3,fused
458325,000000458325.jpg,640x427,1,0.955999,1,1,TP,yolov8l_bsz4.ms,110.75,106.50,217.25,0.500,Light (Music + Nav),5.46,10.66,364.50,2667.00,11499.37,207.41,,0,72,37.00,719,4097046,2945776.07,3,fused
360661,000000360661.jpg,640x480,1,0.955911,1,1,TP,yolov8l_bsz4.ms,110.75,106.50,217.25,0.500,Light (Music + Nav),5.46,10.66,364.50,2667.00,11499.37,207.41,,0,72,37.00,719,4097046,2945776.07,3,fused
329614,000000329614.jpg,500x208,1,0.955868,1,1,TP,yolov8l_bsz4.ms,110.75,106.50,217.25,0.500,Light (Music + Nav),5.46,10.66,364.50,2667.00,11499.37,207.41,,0,72,37.00,719,4097046,2945776.07,3,fused
488592,000000488592.jpg,480x640,1,0.955805,1,1,TP,yolov8l_bsz4.ms,110.75,106.50,217.25,0.500,Light (Music + Nav),5.46,10.66,364.50,2667.00,11499.37,207.41,,0,72,37.00,719,4097046,2945776.07,3,fused
340697,000000340697.jpg,500x333,1,0.955467,0,0,FP,yolov8l_bsz4.ms,107.75,120.50,228.25,0.500,Light (Music + Nav),5.57,10.66,342.28,2688.00,11499.37,228.03,,0,72,37.00,649,4095039,2657680.31,3,fused
361586,000000361586.jpg,640x360,1,0.955308,1,1,TP,yolov8l_bsz4.ms,107.75,120.50,228.25,0.500,Light (Music + Nav),5.57,10.66,342.28,2688.00,11499.37,228.03,,0,72,37.00,649,4095039,2657680.31,3,fused
538364,000000538364.jpg,640x480,1,0.955255,1,1,TP,yolov8l_bsz4.ms,107.75,120.50,228.25,0.500,Light (Music + Nav),5.57,10.66,342.28,2688.00,11499.37,228.03,,0,72,37.00,649,4095039,2657680.31,3,fused
357816,000000357816.jpg,500x455,1,0.955140,1,1,TP,yolov8l_bsz4.ms,107.75,120.50,228.25,0.500,Light (Music + Nav),5.57,10.66,342.28,2688.00,11499.37,228.03,,0,72,37.00,649,4095039,2657680.31,3,fused
513580,000000513580.jpg,640x484,1,0.955078,1,1,TP,yolov8l_bsz4.ms,108.50,122.00,230.50,0.500,Light (Music + Nav),5.51,9.92,288.14,2742.00,11499.37,280.35,,0,72,37.00,628,4094430,2571302.04,3,fused
199395,000000199395.jpg,427x640,1,0.955068,1,1,TP,yolov8l_bsz4.ms,108.50,122.00,230.50,0.500,Light (Music + Nav),5.51,9.92,288.14,2742.00,11499.37,280.35,,0,72,37.00,628,4094430,2571302.04,3,fused
119911,000000119911.jpg,640x425,1,0.954866,1,1,TP,yolov8l_bsz4.ms,108.50,122.00,230.50,0.500,Light (Music + Nav),5.51,9.92,288.14,2742.00,11499.37,280.35,,0,72,37.00,628,4094430,2571302.04,3,fused
542856,000000542856.jpg,640x427,1,0.954777,1,1,TP,yolov8l_bsz4.ms,108.50,122.00,230.50,0.500,Light (Music + Nav),5.51,9.92,288.14,2742.00,11499.37,280.35,,0,72,37.00,628,4094430,2571302.04,3,fused
365521,000000365521.jpg,428x640,1,0.954294,1,1,TP,yolov8l_bsz4.ms,107.75,109.00,216.75,0.500,Light (Music + Nav),5.42,9.92,365.76,2664.00,11499.37,201.71,,0,72,37.00,573,4092485,2344993.90,3,fused
108495,000000108495.jpg,333x500,1,0.954240,1,1,TP,yolov8l_bsz4.ms,107.75,109.00,216.75,0.500,Light (Music + Nav),5.42,9.92,365.76,2664.00,11499.37,201.71,,0,72,37.00,573,4092485,2344993.90,3,fused
214539,000000214539.jpg,640x427,1,0.953974,1,1,TP,yolov8l_bsz4.ms,107.75,109.00,216.75,0.500,Light (Music + Nav),5.42,9.92,365.76,2664.00,11499.37,201.71,,0,72,37.00,573,4092485,2344993.90,3,fused
27972,000000027972.jpg,640x426,1,0.953724,1,1,TP,yolov8l_bsz4.ms,107.75,109.00,216.75,0.500,Light (Music + Nav),5.42,9.92,365.76,2664.00,11499.37,201.71,,0,72,37.00,573,4092485,2344993.90,3,fused
47819,000000047819.jpg,500x375,1,0.953648,1,1,TP,yolov8l_bsz4.ms,110.00,119.50,229.50,0.500,Light (Music + Nav),5.43,9.88,363.46,2666.00,11499.37,202.30,,0,72,37.00,596,4093606,2439789.18,3,fused
201646,000000201646.jpg,640x427,1,0.953562,1,1,TP,yolov8l_bsz4.ms,110.00,119.50,229.50,0.500,Light (Music + Nav),5.43,9.88,363.46,2666.00,11499.37,202.30,,0,72,37.00,596,4093606,2439789.18,3,fused
511599,000000511599.jpg,640x480,1,0.953524,1,1,TP,yolov8l_bsz4.ms,110.00,119.50,229.50,0.500,Light (Music + Nav),5.43,9.88,363.46,2666.00,11499.37,202.30,,0,72,37.00,596,4093606,2439789.18,3,fused
508101,000000508101.jpg,640x480,1,0.953382,1,1,TP,yolov8l_bsz4.ms,110.00,119.50,229.50,0.500,Light (Music + Nav),5.43,9.88,363.46,2666.00,11499.37,202.30,,0,72,37.00,596,4093606,2439789.18,3,fused
309391,000000309391.jpg,640x384,1,0.952971,1,1,TP,yolov8l_bsz4.ms,108.00,111.00,219.00,0.500,Light (Music + Nav),5.44,9.88,343.75,2685.00,11499.37,219.73,,0,72,37.00,734,4097429,3007512.89,3,fused
560911,000000560911.jpg,481x640,1,0.952537,1,1,TP,yolov8l_bsz4.ms,108.00,111.00,219.00,0.500,Light (Music + Nav),5.44,9.88,343.75,2685.00,11499.37,219.73,,0,72,37.00,734,4097429,3007512.89,3,fused
71226,000000071226.jpg,640x426,1,0.952245,0,0,FP,yolov8l_bsz4.ms,108.00,111.00,219.00,0.500,Light (Music + Nav),5.44,9.88,343.75,2685.00,11499.37,219.73,,0,72,37.00,734,4097429,3007512.89,3,fused
426203,000000426203.jpg,426x640,1,0.951534,1,1,TP,yolov8l_bsz4.ms,108.00,111.00,219.00,0.500,Light (Music + Nav),5.44,9.88,343.75,2685.00,11499.37,219.73,,0,72,37.00,734,4097429,3007512.89,3,fused
427338,000000427338.jpg,640x396,1,0.951186,1,1,TP,yolov8l_bsz4.ms,107.50,110.50,218.00,0.500,Light (Music + Nav),5.41,9.92,288.16,2741.00,11499.37,274.03,,0,72,37.00,592,4093128,2423131.78,3,fused
448263,000000448263.jpg,320x240,1,0.951045,1,1,TP,yolov8l_bsz4.ms,107.50,110.50,218.00,0.500,Light (Music + Nav),5.41,9.92,288.16,2741.00,11499.37,274.03,,0,72,37.00,592,4093128,2423131.78,3,fused
172648,000000172648.jpg,640x480,1,0.950984,1,1,TP,yolov8l_bsz4.ms,107.50,110.50,218.00,0.500,Light (Music + Nav),5.41,9.92,288.16,2741.00,11499.37,274.03,,0,72,37.00,592,4093128,2423131.78,3,fused
427034,000000427034.jpg,640x480,1,0.950915,1,1,TP,yolov8l_bsz4.ms,107.50,110.50,218.00,0.500,Light (Music + Nav),5.41,9.92,288.16,2741.00,11499.37,274.03,,0,72,37.00,592,4093128,2423131.78,3,fused
389109,000000389109.jpg,427x640,1,0.950813,1,1,TP,yolov8l_bsz4.ms,110.00,106.75,216.75,0.500,Light (Music + Nav),5.69,9.92,364.43,2664.00,11499.37,195.81,,0,72,37.00,526,4091115,2151926.49,3,fused
94944,000000094944.jpg,640x427,1,0.950765,1,1,TP,yolov8l_bsz4.ms,110.00,106.75,216.75,0.500,Light (Music + Nav),5.69,9.92,364.43,2664.00,11499.37,195.81,,0,72,37.00,526,4091115,2151926.49,3,fused
161861,000000161861.jpg,500x375,1,0.950748,1,1,TP,yolov8l_bsz4.ms,110.00,106.75,216.75,0.500,Light (Music + Nav),5.69,9.92,364.43,2664.00,11499.37,195.81,,0,72,37.00,526,4091115,2151926.49,3,fused
209222,000000209222.jpg,640x427,1,0.950691,1,1,TP,yolov8l_bsz4.ms,110.00,106.75,216.75,0.500,Light (Music + Nav),5.69,9.92,364.43,2664.00,11499.37,195.81,,0,72,37.00,526,4091115,2151926.49,3,fused
332351,000000332351.jpg,640x426,1,0.950653,1,1,TP,yolov8l_bsz4.ms,108.75,111.50,220.25,0.500,Light (Music + Nav),5.67,9.92,363.79,2718.00,11499.37,271.90,,0,72,37.00,590,4093200,2414988.00,3,fused
179392,000000179392.jpg,480x640,1,0.950603,0,0,FP,yolov8l_bsz4.ms,108.75,111.50,220.25,0.500,Light (Music + Nav),5.67,9.92,363.79,2718.00,11499.37,271.90,,0,72,37.00,590,4093200,2414988.00,3,fused
192607,000000192607.jpg,640x425,1,0.950572,1,1,TP,yolov8l_bsz4.ms,108.75,111.50,220.25,0.500,Light (Music + Nav),5.67,9.92,363.79,2718.00,11499.37,271.90,,0,72,37.00,590,4093200,2414988.00,3,fused
2299,000000002299.jpg,500x302,1,0.950200,1,1,TP,yolov8l_bsz4.ms,108.75,111.50,220.25,0.500,Light (Music + Nav),5.67,9.92,363.79,2718.00,11499.37,271.90,,0,72,37.00,590,4093200,2414988.00,3,fused
535094,000000535094.jpg,640x427,1,0.950168,1,1,TP,yolov8l_bsz4.ms,107.50,114.75,222.25,0.500,Light (Music + Nav),5.60,11.83,344.25,2737.00,11499.37,290.70,,0,72,37.00,640,4094377,2620401.28,3,fused
172649,000000172649.jpg,640x427,1,0.949862,1,1,TP,yolov8l_bsz4.ms,107.50,114.75,222.25,0.500,Light (Music + Nav),5.60,11.83,344.25,2737.00,11499.37,290.70,,0,72,37.00,640,4094377,2620401.28,3,fused
190841,000000190841.jpg,640x427,1,0.949821,1,1,TP,yolov8l_bsz4.ms,107.50,114.75,222.25,0.500,Light (Music + Nav),5.60,11.83,344.25,2737.00,11499.37,290.70,,0,72,37.00,640,4094377,2620401.28,3,fused
443969,000000443969.jpg,612x612,1,0.949749,1,1,TP,yolov8l_bsz4.ms,107.50,114.75,222.25,0.500,Light (Music + Nav),5.60,11.83,344.25,2737.00,11499.37,290.70,,0,72,37.00,640,4094377,2620401.28,3,fused
214192,000000214192.jpg,640x436,1,0.949717,1,1,TP,yolov8l_bsz4.ms,108.00,119.75,227.75,0.500,Light (Music + Nav),5.52,11.83,288.95,2792.00,11499.37,344.06,,0,72,37.00,539,4091489,2205312.57,3,fused
212573,000000212573.jpg,640x559,1,0.949638,1,1,TP,yolov8l_bsz4.ms,108.00,119.75,227.75,0.500,Light (Music + Nav),5.52,11.83,288.95,2792.00,11499.37,344.06,,0,72,37.00,539,4091489,2205312.57,3,fused
399560,000000399560.jpg,640x478,1,0.949596,0,0,FP,yolov8l_bsz4.ms,108.00,119.75,227.75,0.500,Light (Music + Nav),5.52,11.83,288.95,2792.00,11499.37,344.06,,0,72,37.00,539,4091489,2205312.57,3,fused
376307,000000376307.jpg,375x500,1,0.949397,1,1,TP,yolov8l_bsz4.ms,108.00,119.75,227.75,0.500,Light (Music + Nav),5.52,11.83,288.95,2792.00,11499.37,344.06,,0,72,37.00,539,4091489,2205312.57,3,fused
232563,000000232563.jpg,480x640,1,0.948705,1,1,TP,yolov8l_bsz4.ms,109.00,131.50,240.50,0.500,Light (Music + Nav),5.45,10.76,364.84,2716.00,11499.37,266.70,,0,72,37.00,656,4095146,2686415.78,3,fused
475191,000000475191.jpg,640x480,1,0.948579,1,1,TP,yolov8l_bsz4.ms,109.00,131.50,240.50,0.500,Light (Music + Nav),5.45,10.76,364.84,2716.00,11499.37,266.70,,0,72,37.00,656,4095146,2686415.78,3,fused
62353,000000062353.jpg,640x480,1,0.948468,1,1,TP,yolov8l_bsz4.ms,109.00,131.50,240.50,0.500,Light (Music + Nav),5.45,10.76,364.84,2716.00,11499.37,266.70,,0,72,37.00,656,4095146,2686415.78,3,fused
5586,000000005586.jpg,320x240,1,0.948314,1,1,TP,yolov8l_bsz4.ms,109.00,131.50,240.50,0.500,Light (Music + Nav),5.45,10.76,364.84,2716.00,11499.37,266.70,,0,72,37.00,656,4095146,2686415.78,3,fused
286503,000000286503.jpg,640x427,1,0.948022,1,1,TP,yolov8l_bsz4.ms,114.75,118.00,232.75,0.500,Light (Music + Nav),5.42,10.76,363.26,2726.00,11499.37,273.98,,0,72,37.00,614,4094248,2513868.27,3,fused
108253,000000108253.jpg,480x640,1,0.947982,1,1,TP,yolov8l_bsz4.ms,114.75,118.00,232.75,0.500,Light (Music + Nav),5.42,10.76,363.26,2726.00,11499.37,273.98,,0,72,37.00,614,4094248,2513868.27,3,fused
292236,000000292236.jpg,332x500,1,0.947753,1,1,TP,yolov8l_bsz4.ms,114.75,118.00,232.75,0.500,Light (Music + Nav),5.42,10.76,363.26,2726.00,11499.37,273.98,,0,72,37.00,614,4094248,2513868.27,3,fused
377239,000000377239.jpg,640x427,1,0.947546,1,1,TP,yolov8l_bsz4.ms,114.75,118.00,232.75,0.500,Light (Music + Nav),5.42,10.76,363.26,2726.00,11499.37,273.98,,0,72,37.00,614,4094248,2513868.27,3,fused
224337,000000224337.jpg,640x427,1,0.946746,1,1,TP,yolov8l_bsz4.ms,113.75,118.75,232.50,0.500,Light (Music + Nav),5.42,10.53,342.87,2747.00,11499.37,292.80,,0,72,37.00,678,4096168,2777201.90,3,fused
59635,000000059635.jpg,486x640,1,0.946626,1,1,TP,yolov8l_bsz4.ms,113.75,118.75,232.50,0.500,Light (Music + Nav),5.42,10.53,342.87,2747.00,11499.37,292.80,,0,72,37.00,678,4096168,2777201.90,3,fused
193717,000000193717.jpg,521x640,1,0.946509,1,1,TP,yolov8l_bsz4.ms,113.75,118.75,232.50,0.500,Light (Music + Nav),5.42,10.53,342.87,2747.00,11499.37,292.80,,0,72,37.00,678,4096168,2777201.90,3,fused
273420,000000273420.jpg,500x400,1,0.946110,1,1,TP,yolov8l_bsz4.ms,113.75,118.75,232.50,0.500,Light (Music + Nav),5.42,10.53,342.87,2747.00,11499.37,292.80,,0,72,37.00,678,4096168,2777201.90,3,fused
191845,000000191845.jpg,640x361,1,0.946075,1,1,TP,yolov8l_bsz4.ms,108.25,112.25,220.50,0.500,Light (Music + Nav),5.43,10.53,289.05,2800.00,11499.37,344.04,,0,72,37.00,611,4094191,2501550.70,3,fused
393226,000000393226.jpg,640x480,1,0.945844,1,1,TP,yolov8l_bsz4.ms,108.25,112.25,220.50,0.500,Light (Music + Nav),5.43,10.53,289.05,2800.00,11499.37,344.04,,0,72,37.00,611,4094191,2501550.70,3,fused
421757,000000421757.jpg,640x480,1,0.945825,1,1,TP,yolov8l_bsz4.ms,108.25,112.25,220.50,0.500,Light (Music + Nav),5.43,10.53,289.05,2800.00,11499.37,344.04,,0,72,37.00,611,4094191,2501550.70,3,fused
80949,000000080949.jpg,640x438,1,0.945755,0,0,FP,yolov8l_bsz4.ms,108.25,112.25,220.50,0.500,Light (Music + Nav),5.43,10.53,289.05,2800.00,11499.37,344.04,,0,72,37.00,611,4094191,2501550.70,3,fused
309467,000000309467.jpg,640x326,1,0.945725,1,1,TP,yolov8l_bsz4.ms,108.50,104.50,213.00,0.500,Light (Music + Nav),5.34,10.53,365.30,2723.00,11499.37,266.79,,0,72,37.00,557,4092048,2279270.74,3,fused
166747,000000166747.jpg,375x500,1,0.945591,1,1,TP,yolov8l_bsz4.ms,108.50,104.50,213.00,0.500,Light (Music + Nav),5.34,10.53,365.30,2723.00,11499.37,266.79,,0,72,37.00,557,4092048,2279270.74,3,fused
223747,000000223747.jpg,500x370,1,0.944940,1,1,TP,yolov8l_bsz4.ms,108.50,104.50,213.00,0.500,Light (Music + Nav),5.34,10.53,365.30,2723.00,11499.37,266.79,,0,72,37.00,557,4092048,2279270.74,3,fused
403565,000000403565.jpg,447x640,1,0.944914,1,1,TP,yolov8l_bsz4.ms,108.50,104.50,213.00,0.500,Light (Music + Nav),5.34,10.53,365.30,2723.00,11499.37,266.79,,0,72,37.00,557,4092048,2279270.74,3,fused
132408,000000132408.jpg,429x640,1,0.944909,1,1,TP,yolov8l_bsz4.ms,109.75,108.50,218.25,0.500,Light (Music + Nav),5.34,10.15,364.80,2725.00,11499.37,265.93,,0,72,37.00,558,4092449,2283586.54,3,fused
422706,000000422706.jpg,640x427,1,0.944771,1,1,TP,yolov8l_bsz4.ms,109.75,108.50,218.25,0.500,Light (Music + Nav),5.34,10.15,364.80,2725.00,11499.37,265.93,,0,72,37.00,558,4092449,2283586.54,3,fused
90956,000000090956.jpg,640x427,1,0.944734,1,1,TP,yolov8l_bsz4.ms,109.75,108.50,218.25,0.500,Light (Music + Nav),5.34,10.15,364.80,2725.00,11499.37,265.93,,0,72,37.00,558,4092449,2283586.54,3,fused
289960,000000289960.jpg,640x480,1,0.944663,1,1,TP,yolov8l_bsz4.ms,109.75,108.50,218.25,0.500,Light (Music + Nav),5.34,10.15,364.80,2725.00,11499.37,265.93,,0,72,37.00,558,4092449,2283586.54,3,fused
545100,000000545100.jpg,640x426,1,0.944531,1,1,TP,yolov8l_bsz4.ms,108.25,119.00,227.25,0.500,Light (Music + Nav),8.58,10.15,343.43,2747.00,11499.37,285.45,,0,72,37.00,759,4098585,3110826.02,3,fused
451144,000000451144.jpg,640x480,1,0.944099,1,1,TP,yolov8l_bsz4.ms,108.25,119.00,227.25,0.500,Light (Music + Nav),8.58,10.15,343.43,2747.00,11499.37,285.45,,0,72,37.00,759,4098585,3110826.02,3,fused
128748,000000128748.jpg,491x640,1,0.944050,1,1,TP,yolov8l_bsz4.ms,108.25,119.00,227.25,0.500,Light (Music + Nav),8.58,10.15,343.43,2747.00,11499.37,285.45,,0,72,37.00,759,4098585,3110826.02,3,fused
570539,000000570539.jpg,372x500,1,0.943734,1,1,TP,yolov8l_bsz4.ms,108.25,119.00,227.25,0.500,Light (Music + Nav),8.58,10.15,343.43,2747.00,11499.37,285.45,,0,72,37.00,759,4098585,3110826.02,3,fused
388846,000000388846.jpg,640x427,1,0.943467,1,1,TP,yolov8l_bsz4.ms,107.25,115.25,222.50,0.500,Light (Music + Nav),5.76,11.22,289.91,2791.00,11499.37,327.52,,0,72,37.00,646,4095156,2645470.78,3,fused
370711,000000370711.jpg,640x480,1,0.943124,1,1,TP,yolov8l_bsz4.ms,107.25,115.25,222.50,0.500,Light (Music + Nav),5.76,11.22,289.91,2791.00,11499.37,327.52,,0,72,37.00,646,4095156,2645470.78,3,fused
527528,000000527528.jpg,640x480,1,0.942861,1,1,TP,yolov8l_bsz4.ms,107.25,115.25,222.50,0.500,Light (Music + Nav),5.76,11.22,289.91,2791.00,11499.37,327.52,,0,72,37.00,646,4095156,2645470.78,3,fused
434548,000000434548.jpg,640x480,1,0.942773,1,1,TP,yolov8l_bsz4.ms,107.25,115.25,222.50,0.500,Light (Music + Nav),5.76,11.22,289.91,2791.00,11499.37,327.52,,0,72,37.00,646,4095156,2645470.78,3,fused
52591,000000052591.jpg,359x640,1,0.942717,1,1,TP,yolov8l_bsz4.ms,107.00,111.00,218.00,0.500,Light (Music + Nav),5.21,11.22,366.46,2695.00,11499.37,229.56,,0,72,37.00,649,4095376,2657899.02,3,fused
486112,000000486112.jpg,640x427,1,0.942573,1,1,TP,yolov8l_bsz4.ms,107.00,111.00,218.00,0.500,Light (Music + Nav),5.21,11.22,366.46,2695.00,11499.37,229.56,,0,72,37.00,649,4095376,2657899.02,3,fused
141671,000000141671.jpg,640x335,1,0.942099,1,1,TP,yolov8l_bsz4.ms,107.00,111.00,218.00,0.500,Light (Music + Nav),5.21,11.22,366.46,2695.00,11499.37,229.56,,0,72,37.00,649,4095376,2657899.02,3,fused
558213,000000558213.jpg,640x432,1,0.942031,1,1,TP,yolov8l_bsz4.ms,107.00,111.00,218.00,0.500,Light (Music + Nav),5.21,11.22,366.46,2695.00,11499.37,229.56,,0,72,37.00,649,4095376,2657899.02,3,fused
349184,000000349184.jpg,428x640,1,0.941579,1,1,TP,yolov8l_bsz4.ms,108.50,102.25,210.75,0.500,Light (Music + Nav),5.27,11.22,364.46,2685.00,11499.37,218.02,,0,72,37.00,599,4093616,2452075.98,3,fused
450100,000000450100.jpg,480x640,1,0.941434,0,0,FP,yolov8l_bsz4.ms,108.50,102.25,210.75,0.500,Light (Music + Nav),5.27,11.22,364.46,2685.00,11499.37,218.02,,0,72,37.00,599,4093616,2452075.98,3,fused
458223,000000458223.jpg,640x338,1,0.941123,1,1,TP,yolov8l_bsz4.ms,108.50,102.25,210.75,0.500,Light (Music + Nav),5.27,11.22,364.46,2685.00,11499.37,218.02,,0,72,37.00,599,4093616,2452075.98,3,fused
233238,000000233238.jpg,480x640,1,0.941075,1,1,TP,yolov8l_bsz4.ms,108.50,102.25,210.75,0.500,Light (Music + Nav),5.27,11.22,364.46,2685.00,11499.37,218.02,,0,72,37.00,599,4093616,2452075.98,3,fused
343706,000000343706.jpg,640x496,1,0.940900,1,1,TP,yolov8l_bsz4.ms,107.50,120.25,227.75,0.500,Light (Music + Nav),5.30,16.11,343.21,2724.00,11499.37,255.30,,0,72,37.00,581,4093124,2378105.04,3,fused
122046,000000122046.jpg,427x640,1,0.940511,1,1,TP,yolov8l_bsz4.ms,107.50,120.25,227.75,0.500,Light (Music + Nav),5.30,16.11,343.21,2724.00,11499.37,255.30,,0,72,37.00,581,4093124,2378105.04,3,fused
313588,000000313588.jpg,480x640,1,0.939604,1,1,TP,yolov8l_bsz4.ms,107.50,120.25,227.75,0.500,Light (Music + Nav),5.30,16.11,343.21,2724.00,11499.37,255.30,,0,72,37.00,581,4093124,2378105.04,3,fused
292456,000000292456.jpg,500x375,1,0.939545,1,1,TP,yolov8l_bsz4.ms,107.50,120.25,227.75,0.500,Light (Music + Nav),5.30,16.11,343.21,2724.00,11499.37,255.30,,0,72,37.00,581,4093124,2378105.04,3,fused
359135,000000359135.jpg,640x427,1,0.939452,0,0,FP,yolov8l_bsz4.ms,107.00,119.75,226.75,0.500,Light (Music + Nav),5.29,16.11,286.82,2800.00,11499.37,329.57,,0,72,37.00,646,4095038,2645394.55,3,fused
566282,000000566282.jpg,640x426,1,0.939110,1,1,TP,yolov8l_bsz4.ms,107.00,119.75,226.75,0.500,Light (Music + Nav),5.29,16.11,286.82,2800.00,11499.37,329.57,,0,72,37.00,646,4095038,2645394.55,3,fused
492758,000000492758.jpg,640x427,1,0.938940,1,1,TP,yolov8l_bsz4.ms,107.00,119.75,226.75,0.500,Light (Music + Nav),5.29,16.11,286.82,2800.00,11499.37,329.57,,0,72,37.00,646,4095038,2645394.55,3,fused
572956,000000572956.jpg,500x333,1,0.938930,0,0,FP,yolov8l_bsz4.ms,107.00,119.75,226.75,0.500,Light (Music + Nav),5.29,16.11,286.82,2800.00,11499.37,329.57,,0,72,37.00,646,4095038,2645394.55,3,fused
261061,000000261061.jpg,500x334,1,0.938928,1,1,TP,yolov8l_bsz4.ms,106.75,131.75,238.50,0.500,Light (Music + Nav),5.26,14.00,365.95,2721.00,11499.37,248.54,,0,72,37.00,725,4097917,2970989.83,3,fused
442306,000000442306.jpg,640x640,1,0.938877,1,1,TP,yolov8l_bsz4.ms,106.75,131.75,238.50,0.500,Light (Music + Nav),5.26,14.00,365.95,2721.00,11499.37,248.54,,0,72,37.00,725,4097917,2970989.83,3,fused
499768,000000499768.jpg,640x428,1,0.938666,0,0,FP,yolov8l_bsz4.ms,106.75,131.75,238.50,0.500,Light (Music + Nav),5.26,14.00,365.95,2721.00,11499.37,248.54,,0,72,37.00,725,4097917,2970989.83,3,fused
313182,000000313182.jpg,640x424,1,0.938629,1,1,TP,yolov8l_bsz4.ms,106.75,131.75,238.50,0.500,Light (Music + Nav),5.26,14.00,365.95,2721.00,11499.37,248.54,,0,72,37.00,725,4097917,2970989.83,3,fused
70254,000000070254.jpg,640x384,1,0.938440,1,1,TP,yolov8l_bsz4.ms,110.00,120.75,230.75,0.500,Light (Music + Nav),5.34,14.00,363.46,2723.00,11499.37,249.43,,0,72,37.00,730,4098027,2991559.71,3,fused
38678,000000038678.jpg,480x640,1,0.938370,1,1,TP,yolov8l_bsz4.ms,110.00,120.75,230.75,0.500,Light (Music + Nav),5.34,14.00,363.46,2723.00,11499.37,249.43,,0,72,37.00,730,4098027,2991559.71,3,fused
404484,000000404484.jpg,320x240,1,0.937983,1,1,TP,yolov8l_bsz4.ms,110.00,120.75,230.75,0.500,Light (Music + Nav),5.34,14.00,363.46,2723.00,11499.37,249.43,,0,72,37.00,730,4098027,2991559.71,3,fused
47112,000000047112.jpg,640x480,1,0.937465,1,1,TP,yolov8l_bsz4.ms,110.00,120.75,230.75,0.500,Light (Music + Nav),5.34,14.00,363.46,2723.00,11499.37,249.43,,0,72,37.00,730,4098027,2991559.71,3,fused
463730,000000463730.jpg,640x427,1,0.936980,1,1,TP,yolov8l_bsz4.ms,107.50,113.50,221.00,0.500,Light (Music + Nav),5.33,12.90,343.65,2744.00,11499.37,268.10,,0,72,37.00,709,4097461,2905099.85,3,fused
39914,000000039914.jpg,487x640,1,0.936579,1,1,TP,yolov8l_bsz4.ms,107.50,113.50,221.00,0.500,Light (Music + Nav),5.33,12.90,343.65,2744.00,11499.37,268.10,,0,72,37.00,709,4097461,2905099.85,3,fused
300276,000000300276.jpg,640x359,1,0.936452,1,1,TP,yolov8l_bsz4.ms,107.50,113.50,221.00,0.500,Light (Music + Nav),5.33,12.90,343.65,2744.00,11499.37,268.10,,0,72,37.00,709,4097461,2905099.85,3,fused
451090,000000451090.jpg,640x435,1,0.936449,0,0,FP,yolov8l_bsz4.ms,107.50,113.50,221.00,0.500,Light (Music + Nav),5.33,12.90,343.65,2744.00,11499.37,268.10,,0,72,37.00,709,4097461,2905099.85,3,fused
53529,000000053529.jpg,500x333,1,0.935862,1,1,TP,yolov8l_bsz4.ms,108.25,123.50,231.75,0.500,Light (Music + Nav),5.32,12.90,289.49,2797.00,11499.37,320.06,,0,72,37.00,691,4096804,2830891.56,3,fused
357748,000000357748.jpg,640x480,1,0.935801,1,1,TP,yolov8l_bsz4.ms,108.25,123.50,231.75,0.500,Light (Music + Nav),5.32,12.90,289.49,2797.00,11499.37,320.06,,0,72,37.00,691,4096804,2830891.56,3,fused
575500,000000575500.jpg,426x640,1,0.935635,0,0,FP,yolov8l_bsz4.ms,108.25,123.50,231.75,0.500,Light (Music + Nav),5.32,12.90,289.49,2797.00,11499.37,320.06,,0,72,37.00,691,4096804,2830891.56,3,fused
344029,000000344029.jpg,640x480,1,0.935530,1,1,TP,yolov8l_bsz4.ms,108.25,123.50,231.75,0.500,Light (Music + Nav),5.32,12.90,289.49,2797.00,11499.37,320.06,,0,72,37.00,691,4096804,2830891.56,3,fused
30828,000000030828.jpg,640x427,1,0.935250,1,1,TP,yolov8l_bsz4.ms,107.25,108.50,215.75,0.500,Light (Music + Nav),5.30,12.90,367.08,2719.00,11499.37,241.27,,0,72,37.00,669,4096368,2740470.19,3,fused
283318,000000283318.jpg,640x427,1,0.935105,1,1,TP,yolov8l_bsz4.ms,107.25,108.50,215.75,0.500,Light (Music + Nav),5.30,12.90,367.08,2719.00,11499.37,241.27,,0,72,37.00,669,4096368,2740470.19,3,fused
147223,000000147223.jpg,640x360,1,0.935075,0,0,FP,yolov8l_bsz4.ms,107.25,108.50,215.75,0.500,Light (Music + Nav),5.30,12.90,367.08,2719.00,11499.37,241.27,,0,72,37.00,669,4096368,2740470.19,3,fused
574520,000000574520.jpg,640x399,1,0.934755,1,1,TP,yolov8l_bsz4.ms,107.25,108.50,215.75,0.500,Light (Music + Nav),5.30,12.90,367.08,2719.00,11499.37,241.27,,0,72,37.00,669,4096368,2740470.19,3,fused
95862,000000095862.jpg,500x375,1,0.934480,1,1,TP,yolov8l_bsz4.ms,110.00,107.75,217.75,0.500,Light (Music + Nav),6.30,14.52,365.41,2721.00,11499.37,241.04,,0,72,37.00,612,4094256,2505684.67,3,fused
99039,000000099039.jpg,640x480,1,0.934445,1,1,TP,yolov8l_bsz4.ms,110.00,107.75,217.75,0.500,Light (Music + Nav),6.30,14.52,365.41,2721.00,11499.37,241.04,,0,72,37.00,612,4094256,2505684.67,3,fused
370042,000000370042.jpg,640x356,1,0.934441,0,0,FP,yolov8l_bsz4.ms,110.00,107.75,217.75,0.500,Light (Music + Nav),6.30,14.52,365.41,2721.00,11499.37,241.04,,0,72,37.00,612,4094256,2505684.67,3,fused
58384,000000058384.jpg,640x466,1,0.934303,0,0,FP,yolov8l_bsz4.ms,110.00,107.75,217.75,0.500,Light (Music + Nav),6.30,14.52,365.41,2721.00,11499.37,241.04,,0,72,37.00,612,4094256,2505684.67,3,fused
66841,000000066841.jpg,336x500,1,0.934091,0,0,FP,yolov8l_bsz4.ms,108.50,126.00,234.50,0.500,Light (Music + Nav),5.95,14.52,343.30,2743.00,11499.37,261.75,,0,72,37.00,523,4091541,2139875.94,3,fused
184791,000000184791.jpg,640x500,1,0.934023,0,0,FP,yolov8l_bsz4.ms,108.50,126.00,234.50,0.500,Light (Music + Nav),5.95,14.52,343.30,2743.00,11499.37,261.75,,0,72,37.00,523,4091541,2139875.94,3,fused
432898,000000432898.jpg,500x500,1,0.933811,1,1,TP,yolov8l_bsz4.ms,108.50,126.00,234.50,0.500,Light (Music + Nav),5.95,14.52,343.30,2743.00,11499.37,261.75,,0,72,37.00,523,4091541,2139875.94,3,fused
73153,000000073153.jpg,427x640,1,0.933466,1,1,TP,yolov8l_bsz4.ms,108.50,126.00,234.50,0.500,Light (Music + Nav),5.95,14.52,343.30,2743.00,11499.37,261.75,,0,72,37.00,523,4091541,2139875.94,3,fused
455301,000000455301.jpg,640x481,1,0.933336,1,1,TP,yolov8l_bsz4.ms,108.00,151.75,259.75,0.500,Light (Music + Nav),5.87,11.70,289.31,2795.00,11499.37,309.27,,0,72,37.00,575,4093502,2353763.65,3,fused
264535,000000264535.jpg,612x612,1,0.933035,1,1,TP,yolov8l_bsz4.ms,108.00,151.75,259.75,0.500,Light (Music + Nav),5.87,11.70,289.31,2795.00,11499.37,309.27,,0,72,37.00,575,4093502,2353763.65,3,fused
441553,000000441553.jpg,640x480,1,0.932912,1,1,TP,yolov8l_bsz4.ms,108.00,151.75,259.75,0.500,Light (Music + Nav),5.87,11.70,289.31,2795.00,11499.37,309.27,,0,72,37.00,575,4093502,2353763.65,3,fused
366711,000000366711.jpg,427x640,1,0.932774,1,1,TP,yolov8l_bsz4.ms,108.00,151.75,259.75,0.500,Light (Music + Nav),5.87,11.70,289.31,2795.00,11499.37,309.27,,0,72,37.00,575,4093502,2353763.65,3,fused
518326,000000518326.jpg,640x480,1,0.932444,1,1,TP,yolov8l_bsz4.ms,107.75,116.75,224.50,0.500,Light (Music + Nav),5.60,11.70,366.73,2717.00,11499.37,230.16,,0,72,37.00,526,4091830,2152302.58,3,fused
535523,000000535523.jpg,640x428,1,0.932436,1,1,TP,yolov8l_bsz4.ms,107.75,116.75,224.50,0.500,Light (Music + Nav),5.60,11.70,366.73,2717.00,11499.37,230.16,,0,72,37.00,526,4091830,2152302.58,3,fused
53909,000000053909.jpg,480x640,1,0.932410,1,1,TP,yolov8l_bsz4.ms,107.75,116.75,224.50,0.500,Light (Music + Nav),5.60,11.70,366.73,2717.00,11499.37,230.16,,0,72,37.00,526,4091830,2152302.58,3,fused
187236,000000187236.jpg,640x480,1,0.932244,0,0,FP,yolov8l_bsz4.ms,107.75,116.75,224.50,0.500,Light (Music + Nav),5.60,11.70,366.73,2717.00,11499.37,230.16,,0,72,37.00,526,4091830,2152302.58,3,fused
67406,000000067406.jpg,500x375,1,0.932213,1,1,TP,yolov8l_bsz4.ms,109.75,115.00,224.75,0.500,Light (Music + Nav),5.55,10.89,362.68,2720.00,11499.37,232.74,,0,72,37.00,623,4095083,2551236.71,3,fused
44590,000000044590.jpg,640x246,1,0.932124,1,1,TP,yolov8l_bsz4.ms,109.75,115.00,224.75,0.500,Light (Music + Nav),5.55,10.89,362.68,2720.00,11499.37,232.74,,0,72,37.00,623,4095083,2551236.71,3,fused
452321,000000452321.jpg,640x480,1,0.932069,0,0,FP,yolov8l_bsz4.ms,109.75,115.00,224.75,0.500,Light (Music + Nav),5.55,10.89,362.68,2720.00,11499.37,232.74,,0,72,37.00,623,4095083,2551236.71,3,fused
338219,000000338219.jpg,640x566,1,0.931744,1,1,TP,yolov8l_bsz4.ms,109.75,115.00,224.75,0.500,Light (Music + Nav),5.55,10.89,362.68,2720.00,11499.37,232.74,,0,72,37.00,623,4095083,2551236.71,3,fused
154644,000000154644.jpg,500x500,1,0.931721,1,1,TP,yolov8l_bsz4.ms,108.00,130.50,238.50,0.500,Light (Music + Nav),5.64,10.89,344.91,2737.00,11499.37,247.14,,0,72,37.00,481,4090565,1967561.76,3,fused
497344,000000497344.jpg,500x333,1,0.931674,1,1,TP,yolov8l_bsz4.ms,108.00,130.50,238.50,0.500,Light (Music + Nav),5.64,10.89,344.91,2737.00,11499.37,247.14,,0,72,37.00,481,4090565,1967561.76,3,fused
476704,000000476704.jpg,640x428,1,0.931363,0,0,FP,yolov8l_bsz4.ms,108.00,130.50,238.50,0.500,Light (Music + Nav),5.64,10.89,344.91,2737.00,11499.37,247.14,,0,72,37.00,481,4090565,1967561.76,3,fused
461009,000000461009.jpg,612x612,1,0.931229,1,1,TP,yolov8l_bsz4.ms,108.00,130.50,238.50,0.500,Light (Music + Nav),5.64,10.89,344.91,2737.00,11499.37,247.14,,0,72,37.00,481,4090565,1967561.76,3,fused
6894,000000006894.jpg,640x480,1,0.930949,1,1,TP,yolov8l_bsz4.ms,108.50,120.25,228.75,0.500,Light (Music + Nav),5.58,10.73,289.78,2792.00,11499.37,300.80,,0,72,37.00,558,4092977,2283881.17,3,fused
125778,000000125778.jpg,640x480,1,0.930931,0,0,FP,yolov8l_bsz4.ms,108.50,120.25,228.75,0.500,Light (Music + Nav),5.58,10.73,289.78,2792.00,11499.37,300.80,,0,72,37.00,558,4092977,2283881.17,3,fused
140203,000000140203.jpg,640x480,1,0.930614,1,1,TP,yolov8l_bsz4.ms,108.50,120.25,228.75,0.500,Light (Music + Nav),5.58,10.73,289.78,2792.00,11499.37,300.80,,0,72,37.00,558,4092977,2283881.17,3,fused
116208,000000116208.jpg,640x480,1,0.930584,1,1,TP,yolov8l_bsz4.ms,108.50,120.25,228.75,0.500,Light (Music + Nav),5.58,10.73,289.78,2792.00,11499.37,300.80,,0,72,37.00,558,4092977,2283881.17,3,fused
83540,000000083540.jpg,640x443,1,0.930315,1,1,TP,yolov8l_bsz4.ms,108.00,119.50,227.50,0.500,Light (Music + Nav),5.49,10.73,368.43,2713.00,11499.37,220.96,,0,72,37.00,740,4098167,3032643.58,3,fused
126226,000000126226.jpg,640x480,1,0.930194,1,1,TP,yolov8l_bsz4.ms,108.00,119.50,227.50,0.500,Light (Music + Nav),5.49,10.73,368.43,2713.00,11499.37,220.96,,0,72,37.00,740,4098167,3032643.58,3,fused
193162,000000193162.jpg,640x428,1,0.929658,1,1,TP,yolov8l_bsz4.ms,108.00,119.50,227.50,0.500,Light (Music + Nav),5.49,10.73,368.43,2713.00,11499.37,220.96,,0,72,37.00,740,4098167,3032643.58,3,fused
80022,000000080022.jpg,640x426,1,0.929573,1,1,TP,yolov8l_bsz4.ms,108.00,119.50,227.50,0.500,Light (Music + Nav),5.49,10.73,368.43,2713.00,11499.37,220.96,,0,72,37.00,740,4098167,3032643.58,3,fused
320232,000000320232.jpg,375x500,1,0.929304,1,1,TP,yolov8l_bsz4.ms,108.75,105.25,214.00,0.500,Light (Music + Nav),5.47,10.46,364.09,2717.00,11499.37,224.23,,0,72,37.00,547,4092249,2238460.20,3,fused
346232,000000346232.jpg,427x640,1,0.929301,1,1,TP,yolov8l_bsz4.ms,108.75,105.25,214.00,0.500,Light (Music + Nav),5.47,10.46,364.09,2717.00,11499.37,224.23,,0,72,37.00,547,4092249,2238460.20,3,fused
465675,000000465675.jpg,640x403,1,0.929156,0,0,FP,yolov8l_bsz4.ms,108.75,105.25,214.00,0.500,Light (Music + Nav),5.47,10.46,364.09,2717.00,11499.37,224.23,,0,72,37.00,547,4092249,2238460.20,3,fused
557672,000000557672.jpg,640x433,1,0.928841,1,1,TP,yolov8l_bsz4.ms,108.75,105.25,214.00,0.500,Light (Music + Nav),5.47,10.46,364.09,2717.00,11499.37,224.23,,0,72,37.00,547,4092249,2238460.20,3,fused
137106,000000137106.jpg,640x427,1,0.927990,1,1,TP,yolov8l_bsz4.ms,108.00,108.25,216.25,0.500,Light (Music + Nav),5.46,10.46,342.45,2738.00,11499.37,244.30,,0,72,37.00,543,4092373,2222158.54,3,fused
569565,000000569565.jpg,640x427,1,0.927443,0,0,FP,yolov8l_bsz4.ms,108.00,108.25,216.25,0.500,Light (Music + Nav),5.46,10.46,342.45,2738.00,11499.37,244.30,,0,72,37.00,543,4092373,2222158.54,3,fused
179112,000000179112.jpg,500x375,1,0.927437,1,1,TP,yolov8l_bsz4.ms,108.00,108.25,216.25,0.500,Light (Music + Nav),5.46,10.46,342.45,2738.00,11499.37,244.30,,0,72,37.00,543,4092373,2222158.54,3,fused
407960,000000407960.jpg,640x426,1,0.927390,0,0,FP,yolov8l_bsz4.ms,108.00,108.25,216.25,0.500,Light (Music + Nav),5.46,10.46,342.45,2738.00,11499.37,244.30,,0,72,37.00,543,4092373,2222158.54,3,fused
293071,000000293071.jpg,335x500,1,0.927383,0,0,FP,yolov8l_bsz4.ms,107.25,118.00,225.25,0.500,Light (Music + Nav),8.29,10.46,288.40,2792.00,11499.37,296.69,,0,72,37.00,498,4090956,2037296.09,3,fused
302882,000000302882.jpg,500x400,1,0.926930,1,1,TP,yolov8l_bsz4.ms,107.25,118.00,225.25,0.500,Light (Music + Nav),8.29,10.46,288.40,2792.00,11499.37,296.69,,0,72,37.00,498,4090956,2037296.09,3,fused
331604,000000331604.jpg,640x427,1,0.926420,1,1,TP,yolov8l_bsz4.ms,107.25,118.00,225.25,0.500,Light (Music + Nav),8.29,10.46,288.40,2792.00,11499.37,296.69,,0,72,37.00,498,4090956,2037296.09,3,fused
373353,000000373353.jpg,640x428,1,0.926394,1,1,TP,yolov8l_bsz4.ms,107.25,118.00,225.25,0.500,Light (Music + Nav),8.29,10.46,288.40,2792.00,11499.37,296.69,,0,72,37.00,498,4090956,2037296.09,3,fused
436883,000000436883.jpg,640x421,1,0.926272,1,1,TP,yolov8l_bsz4.ms,107.50,116.25,223.75,0.500,Light (Music + Nav),5.96,10.04,367.61,2712.00,11499.37,215.88,,0,72,37.00,552,4092719,2259180.89,3,fused
256916,000000256916.jpg,640x480,1,0.926172,0,0,FP,yolov8l_bsz4.ms,107.50,116.25,223.75,0.500,Light (Music + Nav),5.96,10.04,367.61,2712.00,11499.37,215.88,,0,72,37.00,552,4092719,2259180.89,3,fused
162581,000000162581.jpg,480x640,1,0.925948,1,1,TP,yolov8l_bsz4.ms,107.50,116.25,223.75,0.500,Light (Music + Nav),5.96,10.04,367.61,2712.00,11499.37,215.88,,0,72,37.00,552,4092719,2259180.89,3,fused
369442,000000369442.jpg,640x480,1,0.925674,1,1,TP,yolov8l_bsz4.ms,107.50,116.25,223.75,0.500,Light (Music + Nav),5.96,10.04,367.61,2712.00,11499.37,215.88,,0,72,37.00,552,4092719,2259180.89,3,fused
430377,000000430377.jpg,439x640,1,0.925434,1,1,TP,yolov8l_bsz4.ms,115.00,107.00,222.00,0.500,Light (Music + Nav),5.52,10.04,366.60,2713.00,11499.37,215.46,,0,72,37.00,667,4095993,2732027.33,3,fused
51610,000000051610.jpg,640x427,1,0.925409,1,1,TP,yolov8l_bsz4.ms,115.00,107.00,222.00,0.500,Light (Music + Nav),5.52,10.04,366.60,2713.00,11499.37,215.46,,0,72,37.00,667,4095993,2732027.33,3,fused
550714,000000550714.jpg,640x480,1,0.925318,1,1,TP,yolov8l_bsz4.ms,115.00,107.00,222.00,0.500,Light (Music + Nav),5.52,10.04,366.60,2713.00,11499.37,215.46,,0,72,37.00,667,4095993,2732027.33,3,fused
435205,000000435205.jpg,500x333,1,0.925008,1,1,TP,yolov8l_bsz4.ms,115.00,107.00,222.00,0.500,Light (Music + Nav),5.52,10.04,366.60,2713.00,11499.37,215.46,,0,72,37.00,667,4095993,2732027.33,3,fused
289741,000000289741.jpg,640x480,1,0.924805,1,1,TP,yolov8l_bsz4.ms,107.75,105.25,213.00,0.500,Light (Music + Nav),5.45,10.04,345.17,2735.00,11499.37,235.96,,0,72,37.00,547,4092440,2238564.68,3,fused
473118,000000473118.jpg,346x500,1,0.924650,1,1,TP,yolov8l_bsz4.ms,107.75,105.25,213.00,0.500,Light (Music + Nav),5.45,10.04,345.17,2735.00,11499.37,235.96,,0,72,37.00,547,4092440,2238564.68,3,fused
278848,000000278848.jpg,480x640,1,0.924122,1,1,TP,yolov8l_bsz4.ms,107.75,105.25,213.00,0.500,Light (Music + Nav),5.45,10.04,345.17,2735.00,11499.37,235.96,,0,72,37.00,547,4092440,2238564.68,3,fused
355325,000000355325.jpg,478x640,1,0.923900,1,1,TP,yolov8l_bsz4.ms,107.75,105.25,213.00,0.500,Light (Music + Nav),5.45,10.04,345.17,2735.00,11499.37,235.96,,0,72,37.00,547,4092440,2238564.68,3,fused
171757,000000171757.jpg,640x480,1,0.923761,1,1,TP,yolov8l_bsz4.ms,108.00,97.00,205.00,0.500,Light (Music + Nav),5.38,9.64,290.45,2789.00,11499.37,289.39,,0,72,37.00,564,4092817,2308348.79,3,fused
460682,000000460682.jpg,640x189,1,0.923754,0,0,FP,yolov8l_bsz4.ms,108.00,97.00,205.00,0.500,Light (Music + Nav),5.38,9.64,290.45,2789.00,11499.37,289.39,,0,72,37.00,564,4092817,2308348.79,3,fused
345361,000000345361.jpg,500x358,1,0.923034,1,1,TP,yolov8l_bsz4.ms,108.00,97.00,205.00,0.500,Light (Music + Nav),5.38,9.64,290.45,2789.00,11499.37,289.39,,0,72,37.00,564,4092817,2308348.79,3,fused
374052,000000374052.jpg,640x427,1,0.922948,1,1,TP,yolov8l_bsz4.ms,108.00,97.00,205.00,0.500,Light (Music + Nav),5.38,9.64,290.45,2789.00,11499.37,289.39,,0,72,37.00,564,4092817,2308348.79,3,fused
512476,000000512476.jpg,640x426,1,0.922677,0,0,FP,yolov8l_bsz4.ms,108.25,120.00,228.25,0.500,Light (Music + Nav),5.33,9.64,366.54,2713.00,11499.37,212.16,,0,72,37.00,616,4094394,2522146.70,3,fused
577539,000000577539.jpg,500x334,1,0.922599,1,1,TP,yolov8l_bsz4.ms,108.25,120.00,228.25,0.500,Light (Music + Nav),5.33,9.64,366.54,2713.00,11499.37,212.16,,0,72,37.00,616,4094394,2522146.70,3,fused
255917,000000255917.jpg,640x427,1,0.921940,1,1,TP,yolov8l_bsz4.ms,108.25,120.00,228.25,0.500,Light (Music + Nav),5.33,9.64,366.54,2713.00,11499.37,212.16,,0,72,37.00,616,4094394,2522146.70,3,fused
446651,000000446651.jpg,640x426,1,0.921675,1,1,TP,yolov8l_bsz4.ms,108.25,120.00,228.25,0.500,Light (Music + Nav),5.33,9.64,366.54,2713.00,11499.37,212.16,,0,72,37.00,616,4094394,2522146.70,3,fused
269632,000000269632.jpg,640x427,1,0.921508,1,1,TP,yolov8l_bsz4.ms,109.00,111.50,220.50,0.500,Light (Music + Nav),5.35,10.05,365.76,2713.00,11499.37,211.20,,0,72,37.00,641,4095632,2625300.11,3,fused
378284,000000378284.jpg,640x427,1,0.921453,1,1,TP,yolov8l_bsz4.ms,109.00,111.50,220.50,0.500,Light (Music + Nav),5.35,10.05,365.76,2713.00,11499.37,211.20,,0,72,37.00,641,4095632,2625300.11,3,fused
377635,000000377635.jpg,640x427,1,0.921249,1,1,TP,yolov8l_bsz4.ms,109.00,111.50,220.50,0.500,Light (Music + Nav),5.35,10.05,365.76,2713.00,11499.37,211.20,,0,72,37.00,641,4095632,2625300.11,3,fused
397303,000000397303.jpg,640x480,1,0.921226,1,1,TP,yolov8l_bsz4.ms,109.00,111.50,220.50,0.500,Light (Music + Nav),5.35,10.05,365.76,2713.00,11499.37,211.20,,0,72,37.00,641,4095632,2625300.11,3,fused
322610,000000322610.jpg,640x480,1,0.921171,1,1,TP,yolov8l_bsz4.ms,108.25,117.50,225.75,0.500,Light (Music + Nav),5.38,10.05,346.10,2732.00,11499.37,228.89,,0,72,37.00,583,4093758,2386660.91,3,fused
24021,000000024021.jpg,640x390,1,0.921165,1,1,TP,yolov8l_bsz4.ms,108.25,117.50,225.75,0.500,Light (Music + Nav),5.38,10.05,346.10,2732.00,11499.37,228.89,,0,72,37.00,583,4093758,2386660.91,3,fused
522393,000000522393.jpg,640x640,1,0.921091,1,1,TP,yolov8l_bsz4.ms,108.25,117.50,225.75,0.500,Light (Music + Nav),5.38,10.05,346.10,2732.00,11499.37,228.89,,0,72,37.00,583,4093758,2386660.91,3,fused
168337,000000168337.jpg,640x480,1,0.921056,1,1,TP,yolov8l_bsz4.ms,108.25,117.50,225.75,0.500,Light (Music + Nav),5.38,10.05,346.10,2732.00,11499.37,228.89,,0,72,37.00,583,4093758,2386660.91,3,fused
301376,000000301376.jpg,333x500,1,0.920984,1,1,TP,yolov8l_bsz4.ms,107.25,110.75,218.00,0.500,Light (Music + Nav),5.34,10.07,290.68,2787.00,11499.37,283.15,,0,72,37.00,632,4095228,2588184.10,3,fused
327605,000000327605.jpg,640x480,1,0.920505,1,1,TP,yolov8l_bsz4.ms,107.25,110.75,218.00,0.500,Light (Music + Nav),5.34,10.07,290.68,2787.00,11499.37,283.15,,0,72,37.00,632,4095228,2588184.10,3,fused
532129,000000532129.jpg,640x427,1,0.920216,0,0,FP,yolov8l_bsz4.ms,107.25,110.75,218.00,0.500,Light (Music + Nav),5.34,10.07,290.68,2787.00,11499.37,283.15,,0,72,37.00,632,4095228,2588184.10,3,fused
459809,000000459809.jpg,640x428,1,0.919816,1,1,TP,yolov8l_bsz4.ms,107.25,110.75,218.00,0.500,Light (Music + Nav),5.34,10.07,290.68,2787.00,11499.37,283.15,,0,72,37.00,632,4095228,2588184.10,3,fused
257566,000000257566.jpg,640x480,1,0.919756,1,1,TP,yolov8l_bsz4.ms,107.25,111.50,218.75,0.500,Light (Music + Nav),5.28,10.07,365.66,2713.00,11499.37,207.19,,0,72,37.00,593,4094029,2427759.20,3,fused
245320,000000245320.jpg,424x640,1,0.919675,1,1,TP,yolov8l_bsz4.ms,107.25,111.50,218.75,0.500,Light (Music + Nav),5.28,10.07,365.66,2713.00,11499.37,207.19,,0,72,37.00,593,4094029,2427759.20,3,fused
351096,000000351096.jpg,500x375,1,0.919572,1,1,TP,yolov8l_bsz4.ms,107.25,111.50,218.75,0.500,Light (Music + Nav),5.28,10.07,365.66,2713.00,11499.37,207.19,,0,72,37.00,593,4094029,2427759.20,3,fused
180296,000000180296.jpg,640x360,1,0.919503,0,0,FP,yolov8l_bsz4.ms,107.25,111.50,218.75,0.500,Light (Music + Nav),5.28,10.07,365.66,2713.00,11499.37,207.19,,0,72,37.00,593,4094029,2427759.20,3,fused
359677,000000359677.jpg,427x640,1,0.919376,1,1,TP,yolov8l_bsz4.ms,108.50,109.75,218.25,0.500,Light (Music + Nav),5.29,10.07,365.84,2712.00,11499.37,205.90,,0,72,37.00,566,4092676,2316454.62,3,fused
187055,000000187055.jpg,425x640,1,0.919121,1,1,TP,yolov8l_bsz4.ms,108.50,109.75,218.25,0.500,Light (Music + Nav),5.29,10.07,365.84,2712.00,11499.37,205.90,,0,72,37.00,566,4092676,2316454.62,3,fused
378873,000000378873.jpg,640x426,1,0.918911,1,1,TP,yolov8l_bsz4.ms,108.50,109.75,218.25,0.500,Light (Music + Nav),5.29,10.07,365.84,2712.00,11499.37,205.90,,0,72,37.00,566,4092676,2316454.62,3,fused
415748,000000415748.jpg,426x640,1,0.918806,1,1,TP,yolov8l_bsz4.ms,108.50,109.75,218.25,0.500,Light (Music + Nav),5.29,10.07,365.84,2712.00,11499.37,205.90,,0,72,37.00,566,4092676,2316454.62,3,fused
417779,000000417779.jpg,640x480,1,0.918733,1,1,TP,yolov8l_bsz4.ms,108.50,110.25,218.75,0.500,Light (Music + Nav),8.62,16.56,363.50,2714.00,11499.37,206.11,,0,72,37.00,535,4092325,2189393.88,3,fused
394199,000000394199.jpg,640x480,1,0.917365,1,1,TP,yolov8l_bsz4.ms,108.50,110.25,218.75,0.500,Light (Music + Nav),8.62,16.56,363.50,2714.00,11499.37,206.11,,0,72,37.00,535,4092325,2189393.88,3,fused
55167,000000055167.jpg,640x360,1,0.917080,1,1,TP,yolov8l_bsz4.ms,108.50,110.25,218.75,0.500,Light (Music + Nav),8.62,16.56,363.50,2714.00,11499.37,206.11,,0,72,37.00,535,4092325,2189393.88,3,fused
374369,000000374369.jpg,640x480,1,0.916947,1,1,TP,yolov8l_bsz4.ms,108.50,110.25,218.75,0.500,Light (Music + Nav),8.62,16.56,363.50,2714.00,11499.37,206.11,,0,72,37.00,535,4092325,2189393.88,3,fused
233727,000000233727.jpg,640x427,1,0.916697,1,1,TP,yolov8l_bsz4.ms,107.00,114.50,221.50,0.500,Light (Music + Nav),6.21,16.56,289.41,2787.00,11499.37,278.41,,0,72,37.00,534,4092083,2185172.32,3,fused
445999,000000445999.jpg,411x640,1,0.916683,1,1,TP,yolov8l_bsz4.ms,107.00,114.50,221.50,0.500,Light (Music + Nav),6.21,16.56,289.41,2787.00,11499.37,278.41,,0,72,37.00,534,4092083,2185172.32,3,fused
147745,000000147745.jpg,640x480,1,0.916649,0,0,FP,yolov8l_bsz4.ms,107.00,114.50,221.50,0.500,Light (Music + Nav),6.21,16.56,289.41,2787.00,11499.37,278.41,,0,72,37.00,534,4092083,2185172.32,3,fused
453001,000000453001.jpg,640x480,1,0.916503,1,1,TP,yolov8l_bsz4.ms,107.00,114.50,221.50,0.500,Light (Music + Nav),6.21,16.56,289.41,2787.00,11499.37,278.41,,0,72,37.00,534,4092083,2185172.32,3,fused
527215,000000527215.jpg,640x426,1,0.916043,1,1,TP,yolov8l_bsz4.ms,107.50,114.75,222.25,0.500,Light (Music + Nav),5.57,11.25,367.59,2708.00,11499.37,198.61,,0,72,37.00,594,4094061,2431872.23,3,fused
581206,000000581206.jpg,479x640,1,0.916000,1,1,TP,yolov8l_bsz4.ms,107.50,114.75,222.25,0.500,Light (Music + Nav),5.57,11.25,367.59,2708.00,11499.37,198.61,,0,72,37.00,594,4094061,2431872.23,3,fused
299553,000000299553.jpg,375x500,1,0.915306,1,1,TP,yolov8l_bsz4.ms,107.50,114.75,222.25,0.500,Light (Music + Nav),5.57,11.25,367.59,2708.00,11499.37,198.61,,0,72,37.00,594,4094061,2431872.23,3,fused
308631,000000308631.jpg,640x426,1,0.914750,1,1,TP,yolov8l_bsz4.ms,107.50,114.75,222.25,0.500,Light (Music + Nav),5.57,11.25,367.59,2708.00,11499.37,198.61,,0,72,37.00,594,4094061,2431872.23,3,fused
550691,000000550691.jpg,640x480,1,0.914461,1,1,TP,yolov8l_bsz4.ms,108.75,118.25,227.00,0.500,Light (Music + Nav),5.55,11.25,367.66,2708.00,11499.37,197.02,,0,72,37.00,568,4093377,2325038.14,3,fused
63154,000000063154.jpg,640x426,1,0.914062,1,1,TP,yolov8l_bsz4.ms,108.75,118.25,227.00,0.500,Light (Music + Nav),5.55,11.25,367.66,2708.00,11499.37,197.02,,0,72,37.00,568,4093377,2325038.14,3,fused
255483,000000255483.jpg,452x500,1,0.913939,1,1,TP,yolov8l_bsz4.ms,108.75,118.25,227.00,0.500,Light (Music + Nav),5.55,11.25,367.66,2708.00,11499.37,197.02,,0,72,37.00,568,4093377,2325038.14,3,fused
511076,000000511076.jpg,640x427,1,0.913776,1,1,TP,yolov8l_bsz4.ms,108.75,118.25,227.00,0.500,Light (Music + Nav),5.55,11.25,367.66,2708.00,11499.37,197.02,,0,72,37.00,568,4093377,2325038.14,3,fused
482436,000000482436.jpg,640x401,1,0.913742,1,1,TP,yolov8l_bsz4.ms,107.50,116.75,224.25,0.500,Light (Music + Nav),5.52,11.25,343.90,2732.00,11499.37,219.62,,0,72,37.00,297,4084485,1213092.04,3,fused
520871,000000520871.jpg,640x425,1,0.913180,0,0,FP,yolov8l_bsz4.ms,107.50,116.75,224.25,0.500,Light (Music + Nav),5.52,11.25,343.90,2732.00,11499.37,219.62,,0,72,37.00,297,4084485,1213092.04,3,fused
194724,000000194724.jpg,640x480,1,0.913172,0,0,FP,yolov8l_bsz4.ms,107.50,116.75,224.25,0.500,Light (Music + Nav),5.52,11.25,343.90,2732.00,11499.37,219.62,,0,72,37.00,297,4084485,1213092.04,3,fused
579158,000000579158.jpg,640x480,1,0.912864,0,0,FP,yolov8l_bsz4.ms,107.50,116.75,224.25,0.500,Light (Music + Nav),5.52,11.25,343.90,2732.00,11499.37,219.62,,0,72,37.00,297,4084485,1213092.04,3,fused
236690,000000236690.jpg,640x399,1,0.912782,0,0,FP,yolov8l_bsz4.ms,108.75,100.75,209.50,0.500,Light (Music + Nav),5.43,10.03,289.63,2786.00,11499.37,272.61,,0,72,37.00,216,4081285,881557.56,3,fused
24567,000000024567.jpg,480x640,1,0.912729,1,1,TP,yolov8l_bsz4.ms,108.75,100.75,209.50,0.500,Light (Music + Nav),5.43,10.03,289.63,2786.00,11499.37,272.61,,0,72,37.00,216,4081285,881557.56,3,fused
185473,000000185473.jpg,640x194,1,0.912266,1,1,TP,yolov8l_bsz4.ms,108.75,100.75,209.50,0.500,Light (Music + Nav),5.43,10.03,289.63,2786.00,11499.37,272.61,,0,72,37.00,216,4081285,881557.56,3,fused
301061,000000301061.jpg,480x640,1,0.911964,1,1,TP,yolov8l_bsz4.ms,108.75,100.75,209.50,0.500,Light (Music + Nav),5.43,10.03,289.63,2786.00,11499.37,272.61,,0,72,37.00,216,4081285,881557.56,3,fused
26690,000000026690.jpg,427x640,1,0.911891,1,1,TP,yolov8l_bsz4.ms,109.00,121.75,230.75,0.500,Light (Music + Nav),5.42,10.03,366.26,2709.00,11499.37,194.87,,0,72,37.00,174,4079683,709864.84,3,fused
419408,000000419408.jpg,640x429,1,0.911837,1,1,TP,yolov8l_bsz4.ms,109.00,121.75,230.75,0.500,Light (Music + Nav),5.42,10.03,366.26,2709.00,11499.37,194.87,,0,72,37.00,174,4079683,709864.84,3,fused
374545,000000374545.jpg,549x640,1,0.911786,1,1,TP,yolov8l_bsz4.ms,109.00,121.75,230.75,0.500,Light (Music + Nav),5.42,10.03,366.26,2709.00,11499.37,194.87,,0,72,37.00,174,4079683,709864.84,3,fused
119828,000000119828.jpg,500x375,1,0.911532,0,0,FP,yolov8l_bsz4.ms,109.00,121.75,230.75,0.500,Light (Music + Nav),5.42,10.03,366.26,2709.00,11499.37,194.87,,0,72,37.00,174,4079683,709864.84,3,fused
577976,000000577976.jpg,640x428,1,0.909937,0,0,FP,yolov8l_bsz4.ms,109.25,113.50,222.75,0.500,Light (Music + Nav),5.39,10.22,362.41,2718.00,11499.37,222.06,,0,72,37.00,173,4079456,705745.89,3,fused
322844,000000322844.jpg,480x640,1,0.909281,0,0,FP,yolov8l_bsz4.ms,109.25,113.50,222.75,0.500,Light (Music + Nav),5.39,10.22,362.41,2718.00,11499.37,222.06,,0,72,37.00,173,4079456,705745.89,3,fused
127987,000000127987.jpg,640x426,1,0.908811,0,0,FP,yolov8l_bsz4.ms,109.25,113.50,222.75,0.500,Light (Music + Nav),5.39,10.22,362.41,2718.00,11499.37,222.06,,0,72,37.00,173,4079456,705745.89,3,fused
135410,000000135410.jpg,480x640,1,0.908474,1,1,TP,yolov8l_bsz4.ms,109.25,113.50,222.75,0.500,Light (Music + Nav),5.39,10.22,362.41,2718.00,11499.37,222.06,,0,72,37.00,173,4079456,705745.89,3,fused
180011,000000180011.jpg,480x640,1,0.908288,1,1,TP,yolov8l_bsz4.ms,114.25,120.25,234.50,0.500,Light (Music + Nav),5.39,10.22,343.32,2737.00,11499.37,239.16,,0,72,37.00,272,4082127,1110338.54,3,fused
112997,000000112997.jpg,480x640,1,0.908248,1,1,TP,yolov8l_bsz4.ms,114.25,120.25,234.50,0.500,Light (Music + Nav),5.39,10.22,343.32,2737.00,11499.37,239.16,,0,72,37.00,272,4082127,1110338.54,3,fused
514979,000000514979.jpg,640x427,1,0.907966,0,0,FP,yolov8l_bsz4.ms,114.25,120.25,234.50,0.500,Light (Music + Nav),5.39,10.22,343.32,2737.00,11499.37,239.16,,0,72,37.00,272,4082127,1110338.54,3,fused
254814,000000254814.jpg,640x480,1,0.907806,1,1,TP,yolov8l_bsz4.ms,114.25,120.25,234.50,0.500,Light (Music + Nav),5.39,10.22,343.32,2737.00,11499.37,239.16,,0,72,37.00,272,4082127,1110338.54,3,fused
454978,000000454978.jpg,640x400,1,0.907785,0,0,FP,yolov8l_bsz4.ms,108.50,101.75,210.25,0.500,Light (Music + Nav),5.35,10.19,289.08,2791.00,11499.37,292.16,,0,72,37.00,226,4080003,922080.68,3,fused
273493,000000273493.jpg,500x333,1,0.907741,1,1,TP,yolov8l_bsz4.ms,108.50,101.75,210.25,0.500,Light (Music + Nav),5.35,10.19,289.08,2791.00,11499.37,292.16,,0,72,37.00,226,4080003,922080.68,3,fused
205324,000000205324.jpg,640x425,1,0.907375,1,1,TP,yolov8l_bsz4.ms,108.50,101.75,210.25,0.500,Light (Music + Nav),5.35,10.19,289.08,2791.00,11499.37,292.16,,0,72,37.00,226,4080003,922080.68,3,fused
170545,000000170545.jpg,640x480,1,0.907031,0,0,FP,yolov8l_bsz4.ms,108.50,101.75,210.25,0.500,Light (Music + Nav),5.35,10.19,289.08,2791.00,11499.37,292.16,,0,72,37.00,226,4080003,922080.68,3,fused
521141,000000521141.jpg,375x500,1,0.906977,1,1,TP,yolov8l_bsz4.ms,108.00,118.25,226.25,0.500,Light (Music + Nav),5.32,10.19,365.45,2716.00,11499.37,214.78,,0,72,37.00,227,4080224,926210.85,3,fused
504389,000000504389.jpg,500x320,1,0.906962,1,1,TP,yolov8l_bsz4.ms,108.00,118.25,226.25,0.500,Light (Music + Nav),5.32,10.19,365.45,2716.00,11499.37,214.78,,0,72,37.00,227,4080224,926210.85,3,fused
157928,000000157928.jpg,640x480,1,0.906321,1,1,TP,yolov8l_bsz4.ms,108.00,118.25,226.25,0.500,Light (Music + Nav),5.32,10.19,365.45,2716.00,11499.37,214.78,,0,72,37.00,227,4080224,926210.85,3,fused
560880,000000560880.jpg,640x508,1,0.905989,1,1,TP,yolov8l_bsz4.ms,108.00,118.25,226.25,0.500,Light (Music + Nav),5.32,10.19,365.45,2716.00,11499.37,214.78,,0,72,37.00,227,4080224,926210.85,3,fused
89296,000000089296.jpg,640x426,1,0.905726,1,1,TP,yolov8l_bsz4.ms,109.50,116.75,226.25,0.500,Light (Music + Nav),5.70,10.19,362.58,2718.00,11499.37,215.16,,0,72,37.00,260,4081068,1061077.68,3,fused
481386,000000481386.jpg,427x640,1,0.905650,1,1,TP,yolov8l_bsz4.ms,109.50,116.75,226.25,0.500,Light (Music + Nav),5.70,10.19,362.58,2718.00,11499.37,215.16,,0,72,37.00,260,4081068,1061077.68,3,fused
121591,000000121591.jpg,500x400,1,0.905012,1,1,TP,yolov8l_bsz4.ms,109.50,116.75,226.25,0.500,Light (Music + Nav),5.70,10.19,362.58,2718.00,11499.37,215.16,,0,72,37.00,260,4081068,1061077.68,3,fused
235836,000000235836.jpg,427x640,1,0.904961,1,1,TP,yolov8l_bsz4.ms,109.50,116.75,226.25,0.500,Light (Music + Nav),5.70,10.19,362.58,2718.00,11499.37,215.16,,0,72,37.00,260,4081068,1061077.68,3,fused
61418,000000061418.jpg,640x458,1,0.904840,1,1,TP,yolov8l_bsz4.ms,107.75,106.00,213.75,0.500,Light (Music + Nav),5.48,9.14,342.63,2737.00,11499.37,233.20,,0,72,37.00,231,4079775,942428.03,3,fused
425702,000000425702.jpg,640x316,1,0.904502,1,1,TP,yolov8l_bsz4.ms,107.75,106.00,213.75,0.500,Light (Music + Nav),5.48,9.14,342.63,2737.00,11499.37,233.20,,0,72,37.00,231,4079775,942428.03,3,fused
324158,000000324158.jpg,500x334,1,0.904414,1,1,TP,yolov8l_bsz4.ms,107.75,106.00,213.75,0.500,Light (Music + Nav),5.48,9.14,342.63,2737.00,11499.37,233.20,,0,72,37.00,231,4079775,942428.03,3,fused
213086,000000213086.jpg,375x500,1,0.904268,1,1,TP,yolov8l_bsz4.ms,107.75,106.00,213.75,0.500,Light (Music + Nav),5.48,9.14,342.63,2737.00,11499.37,233.20,,0,72,37.00,231,4079775,942428.03,3,fused
155451,000000155451.jpg,640x480,1,0.904186,0,0,FP,yolov8l_bsz4.ms,108.00,117.00,225.00,0.500,Light (Music + Nav),5.55,9.14,288.37,2794.00,11499.37,286.52,,0,72,37.00,165,4077478,672783.87,3,fused
137727,000000137727.jpg,640x359,1,0.904037,1,1,TP,yolov8l_bsz4.ms,108.00,117.00,225.00,0.500,Light (Music + Nav),5.55,9.14,288.37,2794.00,11499.37,286.52,,0,72,37.00,165,4077478,672783.87,3,fused
433515,000000433515.jpg,640x480,1,0.903670,1,1,TP,yolov8l_bsz4.ms,108.00,117.00,225.00,0.500,Light (Music + Nav),5.55,9.14,288.37,2794.00,11499.37,286.52,,0,72,37.00,165,4077478,672783.87,3,fused
262587,000000262587.jpg,640x480,1,0.903136,1,1,TP,yolov8l_bsz4.ms,108.00,117.00,225.00,0.500,Light (Music + Nav),5.55,9.14,288.37,2794.00,11499.37,286.52,,0,72,37.00,165,4077478,672783.87,3,fused
17899,000000017899.jpg,480x640,1,0.902843,1,1,TP,yolov8l_bsz4.ms,107.75,128.25,236.00,0.500,Light (Music + Nav),5.35,9.92,365.99,2716.00,11499.37,207.50,,0,72,37.00,244,4079907,995497.31,3,fused
511384,000000511384.jpg,428x640,1,0.902662,1,1,TP,yolov8l_bsz4.ms,107.75,128.25,236.00,0.500,Light (Music + Nav),5.35,9.92,365.99,2716.00,11499.37,207.50,,0,72,37.00,244,4079907,995497.31,3,fused
430961,000000430961.jpg,450x319,1,0.902209,1,1,TP,yolov8l_bsz4.ms,107.75,128.25,236.00,0.500,Light (Music + Nav),5.35,9.92,365.99,2716.00,11499.37,207.50,,0,72,37.00,244,4079907,995497.31,3,fused
372317,000000372317.jpg,640x428,1,0.902194,0,0,FP,yolov8l_bsz4.ms,107.75,128.25,236.00,0.500,Light (Music + Nav),5.35,9.92,365.99,2716.00,11499.37,207.50,,0,72,37.00,244,4079907,995497.31,3,fused
167902,000000167902.jpg,500x375,1,0.902156,0,0,FP,yolov8l_bsz4.ms,109.25,118.50,227.75,0.500,Light (Music + Nav),5.36,9.92,363.84,2719.00,11499.37,208.45,,0,72,37.00,130,4076360,529926.80,3,fused
441468,000000441468.jpg,426x640,1,0.902152,1,1,TP,yolov8l_bsz4.ms,109.25,118.50,227.75,0.500,Light (Music + Nav),5.36,9.92,363.84,2719.00,11499.37,208.45,,0,72,37.00,130,4076360,529926.80,3,fused
222735,000000222735.jpg,474x640,1,0.901823,1,1,TP,yolov8l_bsz4.ms,109.25,118.50,227.75,0.500,Light (Music + Nav),5.36,9.92,363.84,2719.00,11499.37,208.45,,0,72,37.00,130,4076360,529926.80,3,fused
484415,000000484415.jpg,320x240,1,0.901397,1,1,TP,yolov8l_bsz4.ms,109.25,118.50,227.75,0.500,Light (Music + Nav),5.36,9.92,363.84,2719.00,11499.37,208.45,,0,72,37.00,130,4076360,529926.80,3,fused
265777,000000265777.jpg,612x612,1,0.901179,1,1,TP,yolov8l_bsz4.ms,108.00,125.50,233.50,0.500,Light (Music + Nav),5.51,10.01,343.23,2739.00,11499.37,227.19,,0,72,37.00,171,4077511,697254.38,3,fused
171190,000000171190.jpg,640x480,1,0.900745,1,1,TP,yolov8l_bsz4.ms,108.00,125.50,233.50,0.500,Light (Music + Nav),5.51,10.01,343.23,2739.00,11499.37,227.19,,0,72,37.00,171,4077511,697254.38,3,fused
565778,000000565778.jpg,640x400,1,0.900420,1,1,TP,yolov8l_bsz4.ms,108.00,125.50,233.50,0.500,Light (Music + Nav),5.51,10.01,343.23,2739.00,11499.37,227.19,,0,72,37.00,171,4077511,697254.38,3,fused
375015,000000375015.jpg,640x404,1,0.900082,0,0,FP,yolov8l_bsz4.ms,108.00,125.50,233.50,0.500,Light (Music + Nav),5.51,10.01,343.23,2739.00,11499.37,227.19,,0,72,37.00,171,4077511,697254.38,3,fused
504415,000000504415.jpg,640x427,1,0.899703,1,1,TP,yolov8l_bsz4.ms,108.25,122.25,230.50,0.500,Light (Music + Nav),5.48,10.01,289.14,2792.00,11499.37,279.40,,0,72,37.00,273,4080449,1113962.58,3,fused
334555,000000334555.jpg,640x426,1,0.899702,1,1,TP,yolov8l_bsz4.ms,108.25,122.25,230.50,0.500,Light (Music + Nav),5.48,10.01,289.14,2792.00,11499.37,279.40,,0,72,37.00,273,4080449,1113962.58,3,fused
341828,000000341828.jpg,612x612,1,0.899686,1,1,TP,yolov8l_bsz4.ms,108.25,122.25,230.50,0.500,Light (Music + Nav),5.48,10.01,289.14,2792.00,11499.37,279.40,,0,72,37.00,273,4080449,1113962.58,3,fused
286849,000000286849.jpg,333x500,1,0.899620,0,0,FP,yolov8l_bsz4.ms,108.25,122.25,230.50,0.500,Light (Music + Nav),5.48,10.01,289.14,2792.00,11499.37,279.40,,0,72,37.00,273,4080449,1113962.58,3,fused
169169,000000169169.jpg,640x480,1,0.899350,1,1,TP,yolov8l_bsz4.ms,107.75,132.00,239.75,0.500,Light (Music + Nav),5.43,9.92,368.19,2713.00,11499.37,198.99,,0,72,37.00,295,4081086,1203920.37,3,fused
17959,000000017959.jpg,640x427,1,0.898992,1,1,TP,yolov8l_bsz4.ms,107.75,132.00,239.75,0.500,Light (Music + Nav),5.43,9.92,368.19,2713.00,11499.37,198.99,,0,72,37.00,295,4081086,1203920.37,3,fused
455157,000000455157.jpg,640x640,1,0.898965,1,1,TP,yolov8l_bsz4.ms,107.75,132.00,239.75,0.500,Light (Music + Nav),5.43,9.92,368.19,2713.00,11499.37,198.99,,0,72,37.00,295,4081086,1203920.37,3,fused
439623,000000439623.jpg,480x640,1,0.898682,0,0,FP,yolov8l_bsz4.ms,107.75,132.00,239.75,0.500,Light (Music + Nav),5.43,9.92,368.19,2713.00,11499.37,198.99,,0,72,37.00,295,4081086,1203920.37,3,fused
256195,000000256195.jpg,640x427,1,0.898605,0,0,FP,yolov8l_bsz4.ms,109.25,124.75,234.00,0.500,Light (Music + Nav),5.44,9.92,365.06,2717.00,11499.37,200.18,,0,72,37.00,248,4079362,1011681.78,3,fused
108244,000000108244.jpg,640x480,1,0.898514,0,0,FP,yolov8l_bsz4.ms,109.25,124.75,234.00,0.500,Light (Music + Nav),5.44,9.92,365.06,2717.00,11499.37,200.18,,0,72,37.00,248,4079362,1011681.78,3,fused
246454,000000246454.jpg,640x640,1,0.898505,1,1,TP,yolov8l_bsz4.ms,109.25,124.75,234.00,0.500,Light (Music + Nav),5.44,9.92,365.06,2717.00,11499.37,200.18,,0,72,37.00,248,4079362,1011681.78,3,fused
76416,000000076416.jpg,640x480,1,0.898218,1,1,TP,yolov8l_bsz4.ms,109.25,124.75,234.00,0.500,Light (Music + Nav),5.44,9.92,365.06,2717.00,11499.37,200.18,,0,72,37.00,248,4079362,1011681.78,3,fused
390826,000000390826.jpg,640x480,1,0.897907,1,1,TP,yolov8l_bsz4.ms,108.00,122.75,230.75,0.500,Light (Music + Nav),5.46,10.11,346.29,2735.00,11499.37,217.66,,0,72,37.00,295,4080876,1203858.42,3,fused
506004,000000506004.jpg,640x439,1,0.897858,0,0,FP,yolov8l_bsz4.ms,108.00,122.75,230.75,0.500,Light (Music + Nav),5.46,10.11,346.29,2735.00,11499.37,217.66,,0,72,37.00,295,4080876,1203858.42,3,fused
403584,000000403584.jpg,640x640,1,0.897549,1,1,TP,yolov8l_bsz4.ms,108.00,122.75,230.75,0.500,Light (Music + Nav),5.46,10.11,346.29,2735.00,11499.37,217.66,,0,72,37.00,295,4080876,1203858.42,3,fused
361142,000000361142.jpg,463x640,1,0.897268,1,1,TP,yolov8l_bsz4.ms,108.00,122.75,230.75,0.500,Light (Music + Nav),5.46,10.11,346.29,2735.00,11499.37,217.66,,0,72,37.00,295,4080876,1203858.42,3,fused
410221,000000410221.jpg,622x640,1,0.896980,0,0,FP,yolov8l_bsz4.ms,112.25,123.50,235.75,0.500,Light (Music + Nav),9.25,10.11,290.81,2790.00,11499.37,269.24,,0,72,37.00,155,4076287,631824.48,3,fused
49060,000000049060.jpg,640x411,1,0.896374,1,1,TP,yolov8l_bsz4.ms,112.25,123.50,235.75,0.500,Light (Music + Nav),9.25,10.11,290.81,2790.00,11499.37,269.24,,0,72,37.00,155,4076287,631824.48,3,fused
31620,000000031620.jpg,480x640,1,0.895868,1,1,TP,yolov8l_bsz4.ms,112.25,123.50,235.75,0.500,Light (Music + Nav),9.25,10.11,290.81,2790.00,11499.37,269.24,,0,72,37.00,155,4076287,631824.48,3,fused
285349,000000285349.jpg,500x375,1,0.895837,0,0,FP,yolov8l_bsz4.ms,112.25,123.50,235.75,0.500,Light (Music + Nav),9.25,10.11,290.81,2790.00,11499.37,269.24,,0,72,37.00,155,4076287,631824.48,3,fused
410878,000000410878.jpg,640x427,1,0.895654,0,0,FP,yolov8l_bsz4.ms,107.75,114.75,222.50,0.500,Light (Music + Nav),6.38,10.11,366.08,2714.00,11499.37,192.45,,0,72,37.00,188,4077155,766505.14,3,fused
428454,000000428454.jpg,500x333,1,0.895119,1,1,TP,yolov8l_bsz4.ms,107.75,114.75,222.50,0.500,Light (Music + Nav),6.38,10.11,366.08,2714.00,11499.37,192.45,,0,72,37.00,188,4077155,766505.14,3,fused
484978,000000484978.jpg,640x491,1,0.894994,1,1,TP,yolov8l_bsz4.ms,107.75,114.75,222.50,0.500,Light (Music + Nav),6.38,10.11,366.08,2714.00,11499.37,192.45,,0,72,37.00,188,4077155,766505.14,3,fused
297830,000000297830.jpg,512x640,1,0.894381,0,0,FP,yolov8l_bsz4.ms,107.75,114.75,222.50,0.500,Light (Music + Nav),6.38,10.11,366.08,2714.00,11499.37,192.45,,0,72,37.00,188,4077155,766505.14,3,fused
174123,000000174123.jpg,500x399,1,0.894000,1,1,TP,yolov8l_bsz4.ms,108.75,116.00,224.75,0.500,Light (Music + Nav),5.83,11.35,364.76,2727.00,11499.37,217.31,,0,72,37.00,197,4077340,803235.98,3,fused
426268,000000426268.jpg,640x427,1,0.893870,1,1,TP,yolov8l_bsz4.ms,108.75,116.00,224.75,0.500,Light (Music + Nav),5.83,11.35,364.76,2727.00,11499.37,217.31,,0,72,37.00,197,4077340,803235.98,3,fused
341196,000000341196.jpg,640x451,1,0.893830,1,1,TP,yolov8l_bsz4.ms,108.75,116.00,224.75,0.500,Light (Music + Nav),5.83,11.35,364.76,2727.00,11499.37,217.31,,0,72,37.00,197,4077340,803235.98,3,fused
113235,000000113235.jpg,640x480,1,0.893746,1,1,TP,yolov8l_bsz4.ms,108.75,116.00,224.75,0.500,Light (Music + Nav),5.83,11.35,364.76,2727.00,11499.37,217.31,,0,72,37.00,197,4077340,803235.98,3,fused
442480,000000442480.jpg,640x425,1,0.893736,1,1,TP,yolov8l_bsz4.ms,108.75,110.25,219.00,0.500,Light (Music + Nav),5.73,11.35,344.25,2712.00,11499.37,229.05,,0,72,37.00,-157,4065007,-638206.10,3,fused
213224,000000213224.jpg,427x640,1,0.893733,0,0,FP,yolov8l_bsz4.ms,108.75,110.25,219.00,0.500,Light (Music + Nav),5.73,11.35,344.25,2712.00,11499.37,229.05,,0,72,37.00,-157,4065007,-638206.10,3,fused
284279,000000284279.jpg,640x512,1,0.893631,0,0,FP,yolov8l_bsz4.ms,108.75,110.25,219.00,0.500,Light (Music + Nav),5.73,11.35,344.25,2712.00,11499.37,229.05,,0,72,37.00,-157,4065007,-638206.10,3,fused
389451,000000389451.jpg,640x479,1,0.893407,1,1,TP,yolov8l_bsz4.ms,108.75,110.25,219.00,0.500,Light (Music + Nav),5.73,11.35,344.25,2712.00,11499.37,229.05,,0,72,37.00,-157,4065007,-638206.10,3,fused
462643,000000462643.jpg,425x640,1,0.893280,1,1,TP,yolov8l_bsz4.ms,109.50,99.75,209.25,0.500,Light (Music + Nav),5.65,20.36,290.07,2756.00,11499.37,279.38,,0,72,37.00,-125,4064976,-508122.00,3,fused
51938,000000051938.jpg,640x480,1,0.893186,1,1,TP,yolov8l_bsz4.ms,109.50,99.75,209.25,0.500,Light (Music + Nav),5.65,20.36,290.07,2756.00,11499.37,279.38,,0,72,37.00,-125,4064976,-508122.00,3,fused
288042,000000288042.jpg,640x480,1,0.893177,1,1,TP,yolov8l_bsz4.ms,109.50,99.75,209.25,0.500,Light (Music + Nav),5.65,20.36,290.07,2756.00,11499.37,279.38,,0,72,37.00,-125,4064976,-508122.00,3,fused
176901,000000176901.jpg,640x359,1,0.891901,1,1,TP,yolov8l_bsz4.ms,109.50,99.75,209.25,0.500,Light (Music + Nav),5.65,20.36,290.07,2756.00,11499.37,279.38,,0,72,37.00,-125,4064976,-508122.00,3,fused
365095,000000365095.jpg,640x427,1,0.891792,1,1,TP,yolov8l_bsz4.ms,109.50,125.25,234.75,0.500,Light (Music + Nav),5.51,20.36,366.39,2676.00,11499.37,196.89,,0,72,37.00,113,4073555,460311.72,3,fused
503755,000000503755.jpg,480x640,1,0.891480,1,1,TP,yolov8l_bsz4.ms,109.50,125.25,234.75,0.500,Light (Music + Nav),5.51,20.36,366.39,2676.00,11499.37,196.89,,0,72,37.00,113,4073555,460311.72,3,fused
54605,000000054605.jpg,612x612,1,0.891335,1,1,TP,yolov8l_bsz4.ms,109.50,125.25,234.75,0.500,Light (Music + Nav),5.51,20.36,366.39,2676.00,11499.37,196.89,,0,72,37.00,113,4073555,460311.72,3,fused
261161,000000261161.jpg,640x426,1,0.890096,0,0,FP,yolov8l_bsz4.ms,109.50,125.25,234.75,0.500,Light (Music + Nav),5.51,20.36,366.39,2676.00,11499.37,196.89,,0,72,37.00,113,4073555,460311.72,3,fused
505942,000000505942.jpg,500x375,1,0.889987,1,1,TP,yolov8l_bsz4.ms,107.50,122.75,230.25,0.500,Light (Music + Nav),5.49,19.86,363.51,2689.00,11499.37,222.30,,0,72,37.00,107,4073380,435851.66,3,fused
344268,000000344268.jpg,640x512,1,0.889794,1,1,TP,yolov8l_bsz4.ms,107.50,122.75,230.25,0.500,Light (Music + Nav),5.49,19.86,363.51,2689.00,11499.37,222.30,,0,72,37.00,107,4073380,435851.66,3,fused
360097,000000360097.jpg,500x333,1,0.889713,1,1,TP,yolov8l_bsz4.ms,107.50,122.75,230.25,0.500,Light (Music + Nav),5.49,19.86,363.51,2689.00,11499.37,222.30,,0,72,37.00,107,4073380,435851.66,3,fused
445602,000000445602.jpg,640x480,1,0.889563,1,1,TP,yolov8l_bsz4.ms,107.50,122.75,230.25,0.500,Light (Music + Nav),5.49,19.86,363.51,2689.00,11499.37,222.30,,0,72,37.00,107,4073380,435851.66,3,fused
338625,000000338625.jpg,640x480,1,0.889511,1,1,TP,yolov8l_bsz4.ms,108.50,103.25,211.75,0.500,Light (Music + Nav),5.51,19.86,344.68,2709.00,11499.37,239.49,,0,72,37.00,-165,4064171,-670588.21,3,fused
171298,000000171298.jpg,640x480,1,0.889085,0,0,FP,yolov8l_bsz4.ms,108.50,103.25,211.75,0.500,Light (Music + Nav),5.51,19.86,344.68,2709.00,11499.37,239.49,,0,72,37.00,-165,4064171,-670588.21,3,fused
9378,000000009378.jpg,600x400,1,0.889046,1,1,TP,yolov8l_bsz4.ms,108.50,103.25,211.75,0.500,Light (Music + Nav),5.51,19.86,344.68,2709.00,11499.37,239.49,,0,72,37.00,-165,4064171,-670588.21,3,fused
454661,000000454661.jpg,640x427,1,0.888877,0,0,FP,yolov8l_bsz4.ms,108.50,103.25,211.75,0.500,Light (Music + Nav),5.51,19.86,344.68,2709.00,11499.37,239.49,,0,72,37.00,-165,4064171,-670588.21,3,fused
49810,000000049810.jpg,640x424,1,0.888510,0,0,FP,yolov8l_bsz4.ms,108.50,113.50,222.00,0.500,Light (Music + Nav),5.44,19.41,289.82,2763.00,11499.37,292.07,,0,72,37.00,94,4072686,382832.48,3,fused
472623,000000472623.jpg,425x640,1,0.888320,1,1,TP,yolov8l_bsz4.ms,108.50,113.50,222.00,0.500,Light (Music + Nav),5.44,19.41,289.82,2763.00,11499.37,292.07,,0,72,37.00,94,4072686,382832.48,3,fused
574315,000000574315.jpg,640x480,1,0.887931,1,1,TP,yolov8l_bsz4.ms,108.50,113.50,222.00,0.500,Light (Music + Nav),5.44,19.41,289.82,2763.00,11499.37,292.07,,0,72,37.00,94,4072686,382832.48,3,fused
377588,000000377588.jpg,640x427,1,0.887894,1,1,TP,yolov8l_bsz4.ms,108.50,113.50,222.00,0.500,Light (Music + Nav),5.44,19.41,289.82,2763.00,11499.37,292.07,,0,72,37.00,94,4072686,382832.48,3,fused
29393,000000029393.jpg,500x375,1,0.887777,0,0,FP,yolov8l_bsz4.ms,107.25,119.50,226.75,0.500,Light (Music + Nav),5.37,19.41,366.18,2687.00,11499.37,215.21,,0,72,37.00,320,4079595,1305470.40,3,fused
312237,000000312237.jpg,500x334,1,0.887744,1,1,TP,yolov8l_bsz4.ms,107.25,119.50,226.75,0.500,Light (Music + Nav),5.37,19.41,366.18,2687.00,11499.37,215.21,,0,72,37.00,320,4079595,1305470.40,3,fused
392722,000000392722.jpg,640x423,1,0.887708,1,1,TP,yolov8l_bsz4.ms,107.25,119.50,226.75,0.500,Light (Music + Nav),5.37,19.41,366.18,2687.00,11499.37,215.21,,0,72,37.00,320,4079595,1305470.40,3,fused
249129,000000249129.jpg,640x427,1,0.887341,0,0,FP,yolov8l_bsz4.ms,107.25,119.50,226.75,0.500,Light (Music + Nav),5.37,19.41,366.18,2687.00,11499.37,215.21,,0,72,37.00,320,4079595,1305470.40,3,fused
66135,000000066135.jpg,500x380,1,0.887339,0,0,FP,yolov8l_bsz4.ms,109.00,119.00,228.00,0.500,Light (Music + Nav),5.36,19.41,363.62,2647.00,11499.37,191.82,,0,72,37.00,79,4071741,321667.54,3,fused
117525,000000117525.jpg,500x500,1,0.886931,1,1,TP,yolov8l_bsz4.ms,109.00,119.00,228.00,0.500,Light (Music + Nav),5.36,19.41,363.62,2647.00,11499.37,191.82,,0,72,37.00,79,4071741,321667.54,3,fused
144333,000000144333.jpg,426x640,1,0.886767,1,1,TP,yolov8l_bsz4.ms,109.00,119.00,228.00,0.500,Light (Music + Nav),5.36,19.41,363.62,2647.00,11499.37,191.82,,0,72,37.00,79,4071741,321667.54,3,fused
387916,000000387916.jpg,640x423,1,0.886360,1,1,TP,yolov8l_bsz4.ms,109.00,119.00,228.00,0.500,Light (Music + Nav),5.36,19.41,363.62,2647.00,11499.37,191.82,,0,72,37.00,79,4071741,321667.54,3,fused
212166,000000212166.jpg,612x612,1,0.885927,1,1,TP,yolov8l_bsz4.ms,117.50,114.75,232.25,0.500,Light (Music + Nav),5.03,34.41,344.04,2574.00,11499.37,153.34,,0,72,37.00,-482,4053561,-1953816.40,3,fused
50145,000000050145.jpg,480x320,1,0.885380,1,1,TP,yolov8l_bsz4.ms,117.50,114.75,232.25,0.500,Light (Music + Nav),5.03,34.41,344.04,2574.00,11499.37,153.34,,0,72,37.00,-482,4053561,-1953816.40,3,fused
167067,000000167067.jpg,375x500,1,0.885143,1,1,TP,yolov8l_bsz4.ms,117.50,114.75,232.25,0.500,Light (Music + Nav),5.03,34.41,344.04,2574.00,11499.37,153.34,,0,72,37.00,-482,4053561,-1953816.40,3,fused
427997,000000427997.jpg,640x428,1,0.885139,1,1,TP,yolov8l_bsz4.ms,117.50,114.75,232.25,0.500,Light (Music + Nav),5.03,34.41,344.04,2574.00,11499.37,153.34,,0,72,37.00,-482,4053561,-1953816.40,3,fused
439525,000000439525.jpg,453x640,1,0.884982,1,1,TP,yolov8l_bsz4.ms,119.00,107.00,226.00,0.500,Light (Music + Nav),4.84,34.41,288.72,2630.00,11499.37,586.86,,0,72,37.00,-649,4046076,-2625903.32,3,fused
450202,000000450202.jpg,375x500,1,0.884839,1,1,TP,yolov8l_bsz4.ms,119.00,107.00,226.00,0.500,Light (Music + Nav),4.84,34.41,288.72,2630.00,11499.37,586.86,,0,72,37.00,-649,4046076,-2625903.32,3,fused
199310,000000199310.jpg,427x640,1,0.884548,1,1,TP,yolov8l_bsz4.ms,119.00,107.00,226.00,0.500,Light (Music + Nav),4.84,34.41,288.72,2630.00,11499.37,586.86,,0,72,37.00,-649,4046076,-2625903.32,3,fused
284991,000000284991.jpg,640x428,1,0.884145,1,1,TP,yolov8l_bsz4.ms,119.00,107.00,226.00,0.500,Light (Music + Nav),4.84,34.41,288.72,2630.00,11499.37,586.86,,0,72,37.00,-649,4046076,-2625903.32,3,fused
281929,000000281929.jpg,640x504,1,0.884079,1,1,TP,yolov8l_bsz4.ms,120.50,95.00,215.50,0.500,Light (Music + Nav),4.66,41.49,366.29,2531.00,11499.37,486.01,,0,72,37.00,-506,4050214,-2049408.28,3,fused
181421,000000181421.jpg,640x446,1,0.883998,1,1,TP,yolov8l_bsz4.ms,120.50,95.00,215.50,0.500,Light (Music + Nav),4.66,41.49,366.29,2531.00,11499.37,486.01,,0,72,37.00,-506,4050214,-2049408.28,3,fused
493566,000000493566.jpg,640x264,1,0.883644,0,0,FP,yolov8l_bsz4.ms,120.50,95.00,215.50,0.500,Light (Music + Nav),4.66,41.49,366.29,2531.00,11499.37,486.01,,0,72,37.00,-506,4050214,-2049408.28,3,fused
192964,000000192964.jpg,428x640,1,0.883586,1,1,TP,yolov8l_bsz4.ms,120.50,95.00,215.50,0.500,Light (Music + Nav),4.66,41.49,366.29,2531.00,11499.37,486.01,,0,72,37.00,-506,4050214,-2049408.28,3,fused
516173,000000516173.jpg,408x640,1,0.883445,1,1,TP,yolov8l_bsz4.ms,120.25,94.75,215.00,0.500,Light (Music + Nav),4.64,41.49,363.92,2520.00,11499.37,470.29,,0,72,37.00,-653,4044941,-2641346.47,3,fused
311303,000000311303.jpg,640x427,1,0.883340,1,1,TP,yolov8l_bsz4.ms,120.25,94.75,215.00,0.500,Light (Music + Nav),4.64,41.49,363.92,2520.00,11499.37,470.29,,0,72,37.00,-653,4044941,-2641346.47,3,fused
508917,000000508917.jpg,640x370,1,0.883182,1,1,TP,yolov8l_bsz4.ms,120.25,94.75,215.00,0.500,Light (Music + Nav),4.64,41.49,363.92,2520.00,11499.37,470.29,,0,72,37.00,-653,4044941,-2641346.47,3,fused
396338,000000396338.jpg,640x427,1,0.883128,1,1,TP,yolov8l_bsz4.ms,120.25,94.75,215.00,0.500,Light (Music + Nav),4.64,41.49,363.92,2520.00,11499.37,470.29,,0,72,37.00,-653,4044941,-2641346.47,3,fused
497867,000000497867.jpg,640x408,1,0.882404,1,1,TP,yolov8l_bsz4.ms,118.00,108.25,226.25,0.500,Light (Music + Nav),4.69,36.20,343.68,2542.00,11499.37,489.51,,0,72,37.00,-358,4054211,-1451407.54,3,fused
149375,000000149375.jpg,640x485,1,0.882307,1,1,TP,yolov8l_bsz4.ms,118.00,108.25,226.25,0.500,Light (Music + Nav),4.69,36.20,343.68,2542.00,11499.37,489.51,,0,72,37.00,-358,4054211,-1451407.54,3,fused
309655,000000309655.jpg,640x480,1,0.882266,1,1,TP,yolov8l_bsz4.ms,118.00,108.25,226.25,0.500,Light (Music + Nav),4.69,36.20,343.68,2542.00,11499.37,489.51,,0,72,37.00,-358,4054211,-1451407.54,3,fused
266400,000000266400.jpg,640x396,1,0.881668,1,1,TP,yolov8l_bsz4.ms,118.00,108.25,226.25,0.500,Light (Music + Nav),4.69,36.20,343.68,2542.00,11499.37,489.51,,0,72,37.00,-358,4054211,-1451407.54,3,fused
20571,000000020571.jpg,539x640,1,0.881429,1,1,TP,yolov8l_bsz4.ms,119.25,118.00,237.25,0.500,Light (Music + Nav),4.75,36.20,289.04,2604.00,11499.37,548.18,,0,72,37.00,-382,4053415,-1548404.53,3,fused
200961,000000200961.jpg,640x427,1,0.881340,1,1,TP,yolov8l_bsz4.ms,119.25,118.00,237.25,0.500,Light (Music + Nav),4.75,36.20,289.04,2604.00,11499.37,548.18,,0,72,37.00,-382,4053415,-1548404.53,3,fused
500716,000000500716.jpg,445x500,1,0.881201,1,1,TP,yolov8l_bsz4.ms,119.25,118.00,237.25,0.500,Light (Music + Nav),4.75,36.20,289.04,2604.00,11499.37,548.18,,0,72,37.00,-382,4053415,-1548404.53,3,fused
257865,000000257865.jpg,640x426,1,0.881197,1,1,TP,yolov8l_bsz4.ms,119.25,118.00,237.25,0.500,Light (Music + Nav),4.75,36.20,289.04,2604.00,11499.37,548.18,,0,72,37.00,-382,4053415,-1548404.53,3,fused
3156,000000003156.jpg,443x640,1,0.881112,1,1,TP,yolov8l_bsz4.ms,120.00,110.50,230.50,0.500,Light (Music + Nav),4.74,33.41,365.40,2516.00,11499.37,457.32,,0,72,37.00,-437,4051040,-1770304.48,3,fused
477689,000000477689.jpg,459x640,1,0.880966,1,1,TP,yolov8l_bsz4.ms,120.00,110.50,230.50,0.500,Light (Music + Nav),4.74,33.41,365.40,2516.00,11499.37,457.32,,0,72,37.00,-437,4051040,-1770304.48,3,fused
9769,000000009769.jpg,640x480,1,0.880367,1,1,TP,yolov8l_bsz4.ms,120.00,110.50,230.50,0.500,Light (Music + Nav),4.74,33.41,365.40,2516.00,11499.37,457.32,,0,72,37.00,-437,4051040,-1770304.48,3,fused
389532,000000389532.jpg,640x421,1,0.880350,1,1,TP,yolov8l_bsz4.ms,120.00,110.50,230.50,0.500,Light (Music + Nav),4.74,33.41,365.40,2516.00,11499.37,457.32,,0,72,37.00,-437,4051040,-1770304.48,3,fused
427077,000000427077.jpg,344x500,1,0.880014,1,1,TP,yolov8l_bsz4.ms,120.25,106.00,226.25,0.500,Light (Music + Nav),4.74,33.41,365.11,2512.00,11499.37,449.68,,0,72,37.00,-446,4050498,-1806522.11,3,fused
213033,000000213033.jpg,480x640,1,0.879918,1,1,TP,yolov8l_bsz4.ms,120.25,106.00,226.25,0.500,Light (Music + Nav),4.74,33.41,365.11,2512.00,11499.37,449.68,,0,72,37.00,-446,4050498,-1806522.11,3,fused
462904,000000462904.jpg,640x480,1,0.879905,1,1,TP,yolov8l_bsz4.ms,120.25,106.00,226.25,0.500,Light (Music + Nav),4.74,33.41,365.11,2512.00,11499.37,449.68,,0,72,37.00,-446,4050498,-1806522.11,3,fused
51976,000000051976.jpg,640x428,1,0.879657,1,1,TP,yolov8l_bsz4.ms,120.25,106.00,226.25,0.500,Light (Music + Nav),4.74,33.41,365.11,2512.00,11499.37,449.68,,0,72,37.00,-446,4050498,-1806522.11,3,fused
88250,000000088250.jpg,640x426,1,0.878813,0,0,FP,yolov8l_bsz4.ms,193.25,123.25,316.50,0.500,Light (Music + Nav),4.79,31.09,343.84,2539.00,11499.37,472.98,,0,72,38.00,-104,4061878,-422435.31,3,fused
376625,000000376625.jpg,640x427,1,0.878753,1,1,TP,yolov8l_bsz4.ms,193.25,123.25,316.50,0.500,Light (Music + Nav),4.79,31.09,343.84,2539.00,11499.37,472.98,,0,72,38.00,-104,4061878,-422435.31,3,fused
131444,000000131444.jpg,480x640,1,0.878702,1,1,TP,yolov8l_bsz4.ms,193.25,123.25,316.50,0.500,Light (Music + Nav),4.79,31.09,343.84,2539.00,11499.37,472.98,,0,72,38.00,-104,4061878,-422435.31,3,fused
202001,000000202001.jpg,500x461,1,0.878366,1,1,TP,yolov8l_bsz4.ms,193.25,123.25,316.50,0.500,Light (Music + Nav),4.79,31.09,343.84,2539.00,11499.37,472.98,,0,72,38.00,-104,4061878,-422435.31,3,fused
133645,000000133645.jpg,640x427,1,0.877934,0,0,FP,yolov8l_bsz4.ms,193.00,121.50,314.50,0.500,Light (Music + Nav),4.69,31.09,290.84,2566.00,11499.37,494.05,,0,72,38.00,-233,4058238,-945569.45,4,fused
357888,000000357888.jpg,640x480,1,0.877666,1,1,TP,yolov8l_bsz4.ms,193.00,121.50,314.50,0.500,Light (Music + Nav),4.69,31.09,290.84,2566.00,11499.37,494.05,,0,72,38.00,-233,4058238,-945569.45,4,fused
79588,000000079588.jpg,640x480,1,0.877429,1,1,TP,yolov8l_bsz4.ms,193.00,121.50,314.50,0.500,Light (Music + Nav),4.69,31.09,290.84,2566.00,11499.37,494.05,,0,72,38.00,-233,4058238,-945569.45,4,fused
213605,000000213605.jpg,480x640,1,0.877235,1,1,TP,yolov8l_bsz4.ms,193.00,121.50,314.50,0.500,Light (Music + Nav),4.69,31.09,290.84,2566.00,11499.37,494.05,,0,72,38.00,-233,4058238,-945569.45,4,fused
554266,000000554266.jpg,640x253,1,0.877015,1,1,TP,yolov8l_bsz4.ms,170.00,95.25,265.25,0.500,Light (Music + Nav),3.51,20.30,365.45,2473.00,11499.37,395.55,,0,72,38.00,134,4070240,545412.16,4,fused
84492,000000084492.jpg,426x640,1,0.876756,1,1,TP,yolov8l_bsz4.ms,170.00,95.25,265.25,0.500,Light (Music + Nav),3.51,20.30,365.45,2473.00,11499.37,395.55,,0,72,38.00,134,4070240,545412.16,4,fused
8844,000000008844.jpg,640x426,1,0.876680,1,1,TP,yolov8l_bsz4.ms,170.00,95.25,265.25,0.500,Light (Music + Nav),3.51,20.30,365.45,2473.00,11499.37,395.55,,0,72,38.00,134,4070240,545412.16,4,fused
378454,000000378454.jpg,427x640,1,0.876611,1,1,TP,yolov8l_bsz4.ms,170.00,95.25,265.25,0.500,Light (Music + Nav),3.51,20.30,365.45,2473.00,11499.37,395.55,,0,72,38.00,134,4070240,545412.16,4,fused
515077,000000515077.jpg,640x479,1,0.876334,1,1,TP,yolov8l_bsz4.ms,170.75,111.25,282.00,0.500,Light (Music + Nav),3.93,20.30,365.24,2472.00,11499.37,391.11,,0,72,38.00,187,4072371,761533.38,4,fused
335177,000000335177.jpg,640x479,1,0.875864,0,0,FP,yolov8l_bsz4.ms,170.75,111.25,282.00,0.500,Light (Music + Nav),3.93,20.30,365.24,2472.00,11499.37,391.11,,0,72,38.00,187,4072371,761533.38,4,fused
559513,000000559513.jpg,640x421,1,0.875495,0,0,FP,yolov8l_bsz4.ms,170.75,111.25,282.00,0.500,Light (Music + Nav),3.93,20.30,365.24,2472.00,11499.37,391.11,,0,72,38.00,187,4072371,761533.38,4,fused
475484,000000475484.jpg,426x640,1,0.875043,1,1,TP,yolov8l_bsz4.ms,170.75,111.25,282.00,0.500,Light (Music + Nav),3.93,20.30,365.24,2472.00,11499.37,391.11,,0,72,38.00,187,4072371,761533.38,4,fused
225670,000000225670.jpg,640x427,1,0.874260,0,0,FP,yolov8l_bsz4.ms,170.00,110.75,280.75,0.500,Light (Music + Nav),3.98,18.36,341.86,2492.00,11499.37,407.59,,0,72,38.00,-80,4064441,-325155.28,4,fused
222094,000000222094.jpg,500x375,1,0.874219,0,0,FP,yolov8l_bsz4.ms,170.00,110.75,280.75,0.500,Light (Music + Nav),3.98,18.36,341.86,2492.00,11499.37,407.59,,0,72,38.00,-80,4064441,-325155.28,4,fused
553511,000000553511.jpg,500x333,1,0.873907,1,1,TP,yolov8l_bsz4.ms,170.00,110.75,280.75,0.500,Light (Music + Nav),3.98,18.36,341.86,2492.00,11499.37,407.59,,0,72,38.00,-80,4064441,-325155.28,4,fused
186624,000000186624.jpg,640x553,1,0.873626,1,1,TP,yolov8l_bsz4.ms,170.00,110.75,280.75,0.500,Light (Music + Nav),3.98,18.36,341.86,2492.00,11499.37,407.59,,0,72,38.00,-80,4064441,-325155.28,4,fused
90208,000000090208.jpg,640x429,1,0.873604,0,0,FP,yolov8l_bsz4.ms,170.50,105.25,275.75,0.500,Light (Music + Nav),4.00,18.36,289.19,2541.00,11499.37,451.23,,0,72,38.00,-202,4060412,-820203.22,4,fused
63965,000000063965.jpg,640x427,1,0.873409,1,1,TP,yolov8l_bsz4.ms,170.50,105.25,275.75,0.500,Light (Music + Nav),4.00,18.36,289.19,2541.00,11499.37,451.23,,0,72,38.00,-202,4060412,-820203.22,4,fused
169356,000000169356.jpg,640x480,1,0.872718,1,1,TP,yolov8l_bsz4.ms,170.50,105.25,275.75,0.500,Light (Music + Nav),4.00,18.36,289.19,2541.00,11499.37,451.23,,0,72,38.00,-202,4060412,-820203.22,4,fused
372349,000000372349.jpg,640x437,1,0.872710,1,1,TP,yolov8l_bsz4.ms,170.50,105.25,275.75,0.500,Light (Music + Nav),4.00,18.36,289.19,2541.00,11499.37,451.23,,0,72,38.00,-202,4060412,-820203.22,4,fused
424521,000000424521.jpg,314x500,1,0.872155,1,1,TP,yolov8l_bsz4.ms,169.75,111.00,280.75,0.500,Light (Music + Nav),3.99,18.15,365.73,2472.00,11499.37,379.75,,0,72,38.00,82,4070046,333743.77,4,fused
429109,000000429109.jpg,640x427,1,0.871892,1,1,TP,yolov8l_bsz4.ms,169.75,111.00,280.75,0.500,Light (Music + Nav),3.99,18.15,365.73,2472.00,11499.37,379.75,,0,72,38.00,82,4070046,333743.77,4,fused
33368,000000033368.jpg,427x640,1,0.871873,1,1,TP,yolov8l_bsz4.ms,169.75,111.00,280.75,0.500,Light (Music + Nav),3.99,18.15,365.73,2472.00,11499.37,379.75,,0,72,38.00,82,4070046,333743.77,4,fused
308587,000000308587.jpg,480x640,1,0.871844,1,1,TP,yolov8l_bsz4.ms,169.75,111.00,280.75,0.500,Light (Music + Nav),3.99,18.15,365.73,2472.00,11499.37,379.75,,0,72,38.00,82,4070046,333743.77,4,fused
284762,000000284762.jpg,640x426,1,0.871828,0,0,FP,yolov8l_bsz4.ms,171.00,121.25,292.25,0.500,Light (Music + Nav),4.04,18.15,365.45,2471.00,11499.37,375.32,,0,72,38.00,161,4072636,655694.40,4,fused
523175,000000523175.jpg,500x375,1,0.870712,0,0,FP,yolov8l_bsz4.ms,171.00,121.25,292.25,0.500,Light (Music + Nav),4.04,18.15,365.45,2471.00,11499.37,375.32,,0,72,38.00,161,4072636,655694.40,4,fused
21503,000000021503.jpg,640x480,1,0.870279,0,0,FP,yolov8l_bsz4.ms,171.00,121.25,292.25,0.500,Light (Music + Nav),4.04,18.15,365.45,2471.00,11499.37,375.32,,0,72,38.00,161,4072636,655694.40,4,fused
248112,000000248112.jpg,640x480,1,0.870163,1,1,TP,yolov8l_bsz4.ms,171.00,121.25,292.25,0.500,Light (Music + Nav),4.04,18.15,365.45,2471.00,11499.37,375.32,,0,72,38.00,161,4072636,655694.40,4,fused
463647,000000463647.jpg,640x480,1,0.869979,0,0,FP,yolov8l_bsz4.ms,167.00,122.25,289.25,0.500,Light (Music + Nav),4.10,17.95,343.06,2497.00,11499.37,404.26,,0,72,38.00,157,4073272,639503.70,4,fused
190676,000000190676.jpg,640x264,1,0.869886,1,1,TP,yolov8l_bsz4.ms,167.00,122.25,289.25,0.500,Light (Music + Nav),4.10,17.95,343.06,2497.00,11499.37,404.26,,0,72,38.00,157,4073272,639503.70,4,fused
514586,000000514586.jpg,354x500,1,0.869857,1,1,TP,yolov8l_bsz4.ms,167.00,122.25,289.25,0.500,Light (Music + Nav),4.10,17.95,343.06,2497.00,11499.37,404.26,,0,72,38.00,157,4073272,639503.70,4,fused
210520,000000210520.jpg,612x612,1,0.869829,0,0,FP,yolov8l_bsz4.ms,167.00,122.25,289.25,0.500,Light (Music + Nav),4.10,17.95,343.06,2497.00,11499.37,404.26,,0,72,38.00,157,4073272,639503.70,4,fused
155145,000000155145.jpg,500x375,1,0.869745,1,1,TP,yolov8l_bsz4.ms,170.00,114.50,284.50,0.500,Light (Music + Nav),4.12,17.95,288.40,2551.00,11499.37,455.98,,0,72,38.00,157,4073272,639503.70,4,fused
74646,000000074646.jpg,480x640,1,0.869682,1,1,TP,yolov8l_bsz4.ms,170.00,114.50,284.50,0.500,Light (Music + Nav),4.12,17.95,288.40,2551.00,11499.37,455.98,,0,72,38.00,157,4073272,639503.70,4,fused
312421,000000312421.jpg,640x427,1,0.869052,1,1,TP,yolov8l_bsz4.ms,170.00,114.50,284.50,0.500,Light (Music + Nav),4.12,17.95,288.40,2551.00,11499.37,455.98,,0,72,38.00,157,4073272,639503.70,4,fused
139077,000000139077.jpg,500x375,1,0.868332,1,1,TP,yolov8l_bsz4.ms,170.00,114.50,284.50,0.500,Light (Music + Nav),4.12,17.95,288.40,2551.00,11499.37,455.98,,0,72,38.00,157,4073272,639503.70,4,fused
120853,000000120853.jpg,640x428,1,0.868240,0,0,FP,yolov8l_bsz4.ms,163.50,109.25,272.75,0.500,Light (Music + Nav),5.87,16.38,365.44,2475.00,11499.37,375.80,,0,72,38.00,157,4073272,639503.70,4,fused
439522,000000439522.jpg,428x640,1,0.867372,1,1,TP,yolov8l_bsz4.ms,163.50,109.25,272.75,0.500,Light (Music + Nav),5.87,16.38,365.44,2475.00,11499.37,375.80,,0,72,38.00,157,4073272,639503.70,4,fused
416885,000000416885.jpg,500x375,1,0.867154,0,0,FP,yolov8l_bsz4.ms,163.50,109.25,272.75,0.500,Light (Music + Nav),5.87,16.38,365.44,2475.00,11499.37,375.80,,0,72,38.00,157,4073272,639503.70,4,fused
520707,000000520707.jpg,640x480,1,0.866818,1,1,TP,yolov8l_bsz4.ms,163.50,109.25,272.75,0.500,Light (Music + Nav),5.87,16.38,365.44,2475.00,11499.37,375.80,,0,72,38.00,157,4073272,639503.70,4,fused
289393,000000289393.jpg,640x480,1,0.866469,0,0,FP,yolov8l_bsz4.ms,164.00,101.00,265.00,0.500,Light (Music + Nav),4.93,16.38,363.80,2479.00,11499.37,351.02,,0,72,38.00,140,4072839,570197.46,4,fused
61584,000000061584.jpg,500x375,1,0.866252,1,1,TP,yolov8l_bsz4.ms,164.00,101.00,265.00,0.500,Light (Music + Nav),4.93,16.38,363.80,2479.00,11499.37,351.02,,0,72,38.00,140,4072839,570197.46,4,fused
226903,000000226903.jpg,640x480,1,0.865812,1,1,TP,yolov8l_bsz4.ms,164.00,101.00,265.00,0.500,Light (Music + Nav),4.93,16.38,363.80,2479.00,11499.37,351.02,,0,72,38.00,140,4072839,570197.46,4,fused
564336,000000564336.jpg,640x360,1,0.865648,1,1,TP,yolov8l_bsz4.ms,164.00,101.00,265.00,0.500,Light (Music + Nav),4.93,16.38,363.80,2479.00,11499.37,351.02,,0,72,38.00,140,4072839,570197.46,4,fused
334006,000000334006.jpg,640x426,1,0.865277,1,1,TP,yolov8l_bsz4.ms,163.00,120.00,283.00,0.500,Light (Music + Nav),4.69,17.41,345.38,2499.00,11499.37,367.38,,0,72,38.00,198,4075166,806882.87,4,fused
78565,000000078565.jpg,640x499,1,0.865161,1,1,TP,yolov8l_bsz4.ms,163.00,120.00,283.00,0.500,Light (Music + Nav),4.69,17.41,345.38,2499.00,11499.37,367.38,,0,72,38.00,198,4075166,806882.87,4,fused
407574,000000407574.jpg,478x640,1,0.865144,0,0,FP,yolov8l_bsz4.ms,163.00,120.00,283.00,0.500,Light (Music + Nav),4.69,17.41,345.38,2499.00,11499.37,367.38,,0,72,38.00,198,4075166,806882.87,4,fused
551822,000000551822.jpg,640x453,1,0.864273,0,0,FP,yolov8l_bsz4.ms,163.00,120.00,283.00,0.500,Light (Music + Nav),4.69,17.41,345.38,2499.00,11499.37,367.38,,0,72,38.00,198,4075166,806882.87,4,fused
16228,000000016228.jpg,640x440,1,0.864121,1,1,TP,yolov8l_bsz4.ms,163.50,108.00,271.50,0.500,Light (Music + Nav),4.58,17.41,290.90,2553.00,11499.37,419.10,,0,72,38.00,256,4077243,1043774.21,4,fused
171740,000000171740.jpg,640x480,1,0.864049,0,0,FP,yolov8l_bsz4.ms,163.50,108.00,271.50,0.500,Light (Music + Nav),4.58,17.41,290.90,2553.00,11499.37,419.10,,0,72,38.00,256,4077243,1043774.21,4,fused
122927,000000122927.jpg,640x361,1,0.864037,0,0,FP,yolov8l_bsz4.ms,163.50,108.00,271.50,0.500,Light (Music + Nav),4.58,17.41,290.90,2553.00,11499.37,419.10,,0,72,38.00,256,4077243,1043774.21,4,fused
253386,000000253386.jpg,500x333,1,0.863889,1,1,TP,yolov8l_bsz4.ms,163.50,108.00,271.50,0.500,Light (Music + Nav),4.58,17.41,290.90,2553.00,11499.37,419.10,,0,72,38.00,256,4077243,1043774.21,4,fused
329219,000000329219.jpg,640x427,1,0.863854,1,1,TP,yolov8l_bsz4.ms,164.50,111.00,275.50,0.500,Light (Music + Nav),4.45,16.91,367.16,2479.00,11499.37,340.47,,0,72,38.00,237,4076550,966142.35,4,fused
399296,000000399296.jpg,640x480,1,0.863383,1,1,TP,yolov8l_bsz4.ms,164.50,111.00,275.50,0.500,Light (Music + Nav),4.45,16.91,367.16,2479.00,11499.37,340.47,,0,72,38.00,237,4076550,966142.35,4,fused
272566,000000272566.jpg,640x451,1,0.863307,1,1,TP,yolov8l_bsz4.ms,164.50,111.00,275.50,0.500,Light (Music + Nav),4.45,16.91,367.16,2479.00,11499.37,340.47,,0,72,38.00,237,4076550,966142.35,4,fused
423944,000000423944.jpg,448x640,1,0.863159,0,0,FP,yolov8l_bsz4.ms,164.50,111.00,275.50,0.500,Light (Music + Nav),4.45,16.91,367.16,2479.00,11499.37,340.47,,0,72,38.00,237,4076550,966142.35,4,fused
181542,000000181542.jpg,640x600,1,0.862898,1,1,TP,yolov8l_bsz4.ms,161.00,103.75,264.75,0.500,Light (Music + Nav),4.35,16.91,370.06,2481.00,11499.37,341.15,,0,72,38.00,-139,4064234,-564928.53,4,fused
179174,000000179174.jpg,428x640,1,0.862565,1,1,TP,yolov8l_bsz4.ms,161.00,103.75,264.75,0.500,Light (Music + Nav),4.35,16.91,370.06,2481.00,11499.37,341.15,,0,72,38.00,-139,4064234,-564928.53,4,fused
453341,000000453341.jpg,640x480,1,0.861987,0,0,FP,yolov8l_bsz4.ms,161.00,103.75,264.75,0.500,Light (Music + Nav),4.35,16.91,370.06,2481.00,11499.37,341.15,,0,72,38.00,-139,4064234,-564928.53,4,fused
219578,000000219578.jpg,640x427,1,0.861835,0,0,FP,yolov8l_bsz4.ms,161.00,103.75,264.75,0.500,Light (Music + Nav),4.35,16.91,370.06,2481.00,11499.37,341.15,,0,72,38.00,-139,4064234,-564928.53,4,fused
114770,000000114770.jpg,640x403,1,0.861400,0,0,FP,yolov8l_bsz4.ms,164.00,90.75,254.75,0.500,Light (Music + Nav),4.34,16.80,364.53,2488.00,11499.37,345.27,,0,72,38.00,-227,4061970,-922067.19,4,fused
519039,000000519039.jpg,640x299,1,0.861300,0,0,FP,yolov8l_bsz4.ms,164.00,90.75,254.75,0.500,Light (Music + Nav),4.34,16.80,364.53,2488.00,11499.37,345.27,,0,72,38.00,-227,4061970,-922067.19,4,fused
18737,000000018737.jpg,640x427,1,0.860846,0,0,FP,yolov8l_bsz4.ms,164.00,90.75,254.75,0.500,Light (Music + Nav),4.34,16.80,364.53,2488.00,11499.37,345.27,,0,72,38.00,-227,4061970,-922067.19,4,fused
428562,000000428562.jpg,640x480,1,0.859934,1,1,TP,yolov8l_bsz4.ms,164.00,90.75,254.75,0.500,Light (Music + Nav),4.34,16.80,364.53,2488.00,11499.37,345.27,,0,72,38.00,-227,4061970,-922067.19,4,fused
52412,000000052412.jpg,640x426,1,0.859262,0,0,FP,yolov8l_bsz4.ms,108.25,107.50,215.75,0.500,Light (Music + Nav),4.30,16.80,289.01,2561.00,11499.37,417.10,,0,72,38.00,93,4071506,378650.06,4,fused
82085,000000082085.jpg,640x428,1,0.859054,1,1,TP,yolov8l_bsz4.ms,108.25,107.50,215.75,0.500,Light (Music + Nav),4.30,16.80,289.01,2561.00,11499.37,417.10,,0,72,38.00,93,4071506,378650.06,4,fused
78404,000000078404.jpg,500x350,1,0.858917,1,1,TP,yolov8l_bsz4.ms,108.25,107.50,215.75,0.500,Light (Music + Nav),4.30,16.80,289.01,2561.00,11499.37,417.10,,0,72,38.00,93,4071506,378650.06,4,fused
500477,000000500477.jpg,640x480,1,0.858846,1,1,TP,yolov8l_bsz4.ms,108.25,107.50,215.75,0.500,Light (Music + Nav),4.30,16.80,289.01,2561.00,11499.37,417.10,,0,72,38.00,93,4071506,378650.06,4,fused
66231,000000066231.jpg,640x427,1,0.858759,1,1,TP,yolov8l_bsz4.ms,108.00,125.75,233.75,0.500,Light (Music + Nav),4.36,17.04,367.49,2484.00,11499.37,338.35,,0,72,38.00,260,4076667,1059933.42,4,fused
540962,000000540962.jpg,500x400,1,0.858163,0,0,FP,yolov8l_bsz4.ms,108.00,125.75,233.75,0.500,Light (Music + Nav),4.36,17.04,367.49,2484.00,11499.37,338.35,,0,72,38.00,260,4076667,1059933.42,4,fused
98716,000000098716.jpg,640x359,1,0.857079,1,1,TP,yolov8l_bsz4.ms,108.00,125.75,233.75,0.500,Light (Music + Nav),4.36,17.04,367.49,2484.00,11499.37,338.35,,0,72,38.00,260,4076667,1059933.42,4,fused
257896,000000257896.jpg,480x640,1,0.856991,1,1,TP,yolov8l_bsz4.ms,108.00,125.75,233.75,0.500,Light (Music + Nav),4.36,17.04,367.49,2484.00,11499.37,338.35,,0,72,38.00,260,4076667,1059933.42,4,fused
228942,000000228942.jpg,640x319,1,0.856990,1,1,TP,yolov8l_bsz4.ms,110.75,106.50,217.25,0.500,Light (Music + Nav),7.08,17.04,365.95,2522.00,11499.37,373.89,,0,72,38.00,-10,4067693,-40676.93,4,fused
246308,000000246308.jpg,480x640,1,0.856908,0,0,FP,yolov8l_bsz4.ms,110.75,106.50,217.25,0.500,Light (Music + Nav),7.08,17.04,365.95,2522.00,11499.37,373.89,,0,72,38.00,-10,4067693,-40676.93,4,fused
402615,000000402615.jpg,640x427,1,0.856446,1,1,TP,yolov8l_bsz4.ms,110.75,106.50,217.25,0.500,Light (Music + Nav),7.08,17.04,365.95,2522.00,11499.37,373.89,,0,72,38.00,-10,4067693,-40676.93,4,fused
506178,000000506178.jpg,375x500,1,0.855751,1,1,TP,yolov8l_bsz4.ms,110.75,106.50,217.25,0.500,Light (Music + Nav),7.08,17.04,365.95,2522.00,11499.37,373.89,,0,72,38.00,-10,4067693,-40676.93,4,fused
571943,000000571943.jpg,640x480,1,0.855701,0,0,FP,yolov8l_bsz4.ms,108.00,107.75,215.75,0.500,Light (Music + Nav),5.95,20.31,343.07,2544.00,11499.37,394.21,,0,72,38.00,44,4070005,179080.22,4,fused
224093,000000224093.jpg,640x316,1,0.855686,0,0,FP,yolov8l_bsz4.ms,108.00,107.75,215.75,0.500,Light (Music + Nav),5.95,20.31,343.07,2544.00,11499.37,394.21,,0,72,38.00,44,4070005,179080.22,4,fused
350003,000000350003.jpg,640x480,1,0.855413,1,1,TP,yolov8l_bsz4.ms,108.00,107.75,215.75,0.500,Light (Music + Nav),5.95,20.31,343.07,2544.00,11499.37,394.21,,0,72,38.00,44,4070005,179080.22,4,fused
443303,000000443303.jpg,500x375,1,0.854315,0,0,FP,yolov8l_bsz4.ms,108.00,107.75,215.75,0.500,Light (Music + Nav),5.95,20.31,343.07,2544.00,11499.37,394.21,,0,72,38.00,44,4070005,179080.22,4,fused
473121,000000473121.jpg,500x332,1,0.853638,1,1,TP,yolov8l_bsz4.ms,107.50,112.75,220.25,0.500,Light (Music + Nav),5.62,20.31,288.84,2594.00,11499.37,442.84,,0,72,38.00,43,4069806,175001.66,4,fused
99428,000000099428.jpg,640x480,1,0.853229,0,0,FP,yolov8l_bsz4.ms,107.50,112.75,220.25,0.500,Light (Music + Nav),5.62,20.31,288.84,2594.00,11499.37,442.84,,0,72,38.00,43,4069806,175001.66,4,fused
493286,000000493286.jpg,640x359,1,0.852940,1,1,TP,yolov8l_bsz4.ms,107.50,112.75,220.25,0.500,Light (Music + Nav),5.62,20.31,288.84,2594.00,11499.37,442.84,,0,72,38.00,43,4069806,175001.66,4,fused
71711,000000071711.jpg,640x427,1,0.852595,1,1,TP,yolov8l_bsz4.ms,107.50,112.75,220.25,0.500,Light (Music + Nav),5.62,20.31,288.84,2594.00,11499.37,442.84,,0,72,38.00,43,4069806,175001.66,4,fused
460147,000000460147.jpg,640x424,1,0.852278,1,1,TP,yolov8l_bsz4.ms,108.75,101.25,210.00,0.500,Light (Music + Nav),5.39,20.31,366.10,2520.00,11499.37,367.13,,0,72,38.00,-6,4067951,-24407.71,4,fused
236166,000000236166.jpg,426x640,1,0.851332,1,1,TP,yolov8l_bsz4.ms,108.75,101.25,210.00,0.500,Light (Music + Nav),5.39,20.31,366.10,2520.00,11499.37,367.13,,0,72,38.00,-6,4067951,-24407.71,4,fused
151938,000000151938.jpg,470x640,1,0.851309,1,1,TP,yolov8l_bsz4.ms,108.75,101.25,210.00,0.500,Light (Music + Nav),5.39,20.31,366.10,2520.00,11499.37,367.13,,0,72,38.00,-6,4067951,-24407.71,4,fused
462031,000000462031.jpg,449x640,1,0.851140,1,1,TP,yolov8l_bsz4.ms,108.75,101.25,210.00,0.500,Light (Music + Nav),5.39,20.31,366.10,2520.00,11499.37,367.13,,0,72,38.00,-6,4067951,-24407.71,4,fused
312720,000000312720.jpg,640x427,1,0.850759,1,1,TP,yolov8l_bsz4.ms,109.75,115.25,225.00,0.500,Light (Music + Nav),5.36,17.89,364.84,2520.00,11499.37,365.66,,0,72,38.00,96,4071092,390824.83,4,fused
160012,000000160012.jpg,640x461,1,0.850594,1,1,TP,yolov8l_bsz4.ms,109.75,115.25,225.00,0.500,Light (Music + Nav),5.36,17.89,364.84,2520.00,11499.37,365.66,,0,72,38.00,96,4071092,390824.83,4,fused
317433,000000317433.jpg,640x427,1,0.850203,1,1,TP,yolov8l_bsz4.ms,109.75,115.25,225.00,0.500,Light (Music + Nav),5.36,17.89,364.84,2520.00,11499.37,365.66,,0,72,38.00,96,4071092,390824.83,4,fused
273642,000000273642.jpg,375x500,1,0.849984,0,0,FP,yolov8l_bsz4.ms,109.75,115.25,225.00,0.500,Light (Music + Nav),5.36,17.89,364.84,2520.00,11499.37,365.66,,0,72,38.00,96,4071092,390824.83,4,fused
324614,000000324614.jpg,640x427,1,0.848853,1,1,TP,yolov8l_bsz4.ms,108.50,109.25,217.75,0.500,Light (Music + Nav),5.38,17.89,343.69,2539.00,11499.37,383.54,,0,72,38.00,154,4073073,627253.24,4,fused
229553,000000229553.jpg,640x488,1,0.848526,1,1,TP,yolov8l_bsz4.ms,108.50,109.25,217.75,0.500,Light (Music + Nav),5.38,17.89,343.69,2539.00,11499.37,383.54,,0,72,38.00,154,4073073,627253.24,4,fused
531036,000000531036.jpg,480x640,1,0.848410,1,1,TP,yolov8l_bsz4.ms,108.50,109.25,217.75,0.500,Light (Music + Nav),5.38,17.89,343.69,2539.00,11499.37,383.54,,0,72,38.00,154,4073073,627253.24,4,fused
364557,000000364557.jpg,640x427,1,0.848067,1,1,TP,yolov8l_bsz4.ms,108.50,109.25,217.75,0.500,Light (Music + Nav),5.38,17.89,343.69,2539.00,11499.37,383.54,,0,72,38.00,154,4073073,627253.24,4,fused
142092,000000142092.jpg,640x480,1,0.847995,0,0,FP,yolov8l_bsz4.ms,108.75,109.25,218.00,0.500,Light (Music + Nav),5.41,17.77,288.34,2594.00,11499.37,437.57,,0,72,38.00,132,4072361,537551.65,4,fused
211120,000000211120.jpg,640x379,1,0.847977,0,0,FP,yolov8l_bsz4.ms,108.75,109.25,218.00,0.500,Light (Music + Nav),5.41,17.77,288.34,2594.00,11499.37,437.57,,0,72,38.00,132,4072361,537551.65,4,fused
74457,000000074457.jpg,640x364,1,0.847587,1,1,TP,yolov8l_bsz4.ms,108.75,109.25,218.00,0.500,Light (Music + Nav),5.41,17.77,288.34,2594.00,11499.37,437.57,,0,72,38.00,132,4072361,537551.65,4,fused
355817,000000355817.jpg,640x480,1,0.847260,1,1,TP,yolov8l_bsz4.ms,108.75,109.25,218.00,0.500,Light (Music + Nav),5.41,17.77,288.34,2594.00,11499.37,437.57,,0,72,38.00,132,4072361,537551.65,4,fused
513041,000000513041.jpg,640x480,1,0.847190,1,1,TP,yolov8l_bsz4.ms,108.00,111.25,219.25,0.500,Light (Music + Nav),5.31,17.77,366.04,2514.00,11499.37,356.40,,0,72,38.00,176,4073388,716916.29,4,fused
186042,000000186042.jpg,640x360,1,0.846924,1,1,TP,yolov8l_bsz4.ms,108.00,111.25,219.25,0.500,Light (Music + Nav),5.31,17.77,366.04,2514.00,11499.37,356.40,,0,72,38.00,176,4073388,716916.29,4,fused
458109,000000458109.jpg,640x480,1,0.846592,1,1,TP,yolov8l_bsz4.ms,108.00,111.25,219.25,0.500,Light (Music + Nav),5.31,17.77,366.04,2514.00,11499.37,356.40,,0,72,38.00,176,4073388,716916.29,4,fused
139871,000000139871.jpg,640x427,1,0.845465,0,0,FP,yolov8l_bsz4.ms,108.00,111.25,219.25,0.500,Light (Music + Nav),5.31,17.77,366.04,2514.00,11499.37,356.40,,0,72,38.00,176,4073388,716916.29,4,fused
127092,000000127092.jpg,640x480,1,0.844594,1,1,TP,yolov8l_bsz4.ms,109.25,117.75,227.00,0.500,Light (Music + Nav),5.31,17.05,366.54,2513.00,11499.37,354.26,,0,72,38.00,191,4074007,778135.34,4,fused
273132,000000273132.jpg,640x633,1,0.844419,1,1,TP,yolov8l_bsz4.ms,109.25,117.75,227.00,0.500,Light (Music + Nav),5.31,17.05,366.54,2513.00,11499.37,354.26,,0,72,38.00,191,4074007,778135.34,4,fused
334371,000000334371.jpg,640x419,1,0.844260,1,1,TP,yolov8l_bsz4.ms,109.25,117.75,227.00,0.500,Light (Music + Nav),5.31,17.05,366.54,2513.00,11499.37,354.26,,0,72,38.00,191,4074007,778135.34,4,fused
345027,000000345027.jpg,640x403,1,0.844222,1,1,TP,yolov8l_bsz4.ms,109.25,117.75,227.00,0.500,Light (Music + Nav),5.31,17.05,366.54,2513.00,11499.37,354.26,,0,72,38.00,191,4074007,778135.34,4,fused
376310,000000376310.jpg,640x480,1,0.844105,0,0,FP,yolov8l_bsz4.ms,108.75,118.25,227.00,0.500,Light (Music + Nav),5.35,17.05,343.77,2536.00,11499.37,375.76,,0,72,38.00,247,4075887,1006744.09,4,fused
335081,000000335081.jpg,640x427,1,0.843268,0,0,FP,yolov8l_bsz4.ms,108.75,118.25,227.00,0.500,Light (Music + Nav),5.35,17.05,343.77,2536.00,11499.37,375.76,,0,72,38.00,247,4075887,1006744.09,4,fused
73326,000000073326.jpg,640x480,1,0.842628,0,0,FP,yolov8l_bsz4.ms,108.75,118.25,227.00,0.500,Light (Music + Nav),5.35,17.05,343.77,2536.00,11499.37,375.76,,0,72,38.00,247,4075887,1006744.09,4,fused
539962,000000539962.jpg,640x480,1,0.842505,1,1,TP,yolov8l_bsz4.ms,108.75,118.25,227.00,0.500,Light (Music + Nav),5.35,17.05,343.77,2536.00,11499.37,375.76,,0,72,38.00,247,4075887,1006744.09,4,fused
230008,000000230008.jpg,640x360,1,0.842038,1,1,TP,yolov8l_bsz4.ms,108.25,117.75,226.00,0.500,Light (Music + Nav),5.32,15.84,290.00,2589.00,11499.37,427.57,,0,72,38.00,168,4073492,684346.66,4,fused
369812,000000369812.jpg,640x637,1,0.841642,1,1,TP,yolov8l_bsz4.ms,108.25,117.75,226.00,0.500,Light (Music + Nav),5.32,15.84,290.00,2589.00,11499.37,427.57,,0,72,38.00,168,4073492,684346.66,4,fused
46048,000000046048.jpg,640x480,1,0.841619,1,1,TP,yolov8l_bsz4.ms,108.25,117.75,226.00,0.500,Light (Music + Nav),5.32,15.84,290.00,2589.00,11499.37,427.57,,0,72,38.00,168,4073492,684346.66,4,fused
102331,000000102331.jpg,500x357,1,0.841273,1,1,TP,yolov8l_bsz4.ms,108.25,117.75,226.00,0.500,Light (Music + Nav),5.32,15.84,290.00,2589.00,11499.37,427.57,,0,72,38.00,168,4073492,684346.66,4,fused
31322,000000031322.jpg,640x427,1,0.841046,1,1,TP,yolov8l_bsz4.ms,108.75,119.00,227.75,0.500,Light (Music + Nav),4.98,15.84,366.30,2513.00,11499.37,349.54,,0,72,38.00,265,4076496,1080271.44,4,fused
375278,000000375278.jpg,333x500,1,0.840866,1,1,TP,yolov8l_bsz4.ms,108.75,119.00,227.75,0.500,Light (Music + Nav),4.98,15.84,366.30,2513.00,11499.37,349.54,,0,72,38.00,265,4076496,1080271.44,4,fused
377814,000000377814.jpg,640x480,1,0.840429,0,0,FP,yolov8l_bsz4.ms,108.75,119.00,227.75,0.500,Light (Music + Nav),4.98,15.84,366.30,2513.00,11499.37,349.54,,0,72,38.00,265,4076496,1080271.44,4,fused
303908,000000303908.jpg,640x427,1,0.839609,0,0,FP,yolov8l_bsz4.ms,108.75,119.00,227.75,0.500,Light (Music + Nav),4.98,15.84,366.30,2513.00,11499.37,349.54,,0,72,38.00,265,4076496,1080271.44,4,fused
35682,000000035682.jpg,480x640,1,0.839436,1,1,TP,yolov8l_bsz4.ms,109.25,125.00,234.25,0.500,Light (Music + Nav),5.46,15.84,365.59,2561.00,11499.37,395.91,,0,72,38.00,115,4071794,468256.31,4,fused
271728,000000271728.jpg,640x427,1,0.839367,0,0,FP,yolov8l_bsz4.ms,109.25,125.00,234.25,0.500,Light (Music + Nav),5.46,15.84,365.59,2561.00,11499.37,395.91,,0,72,38.00,115,4071794,468256.31,4,fused
442463,000000442463.jpg,480x640,1,0.839170,1,1,TP,yolov8l_bsz4.ms,109.25,125.00,234.25,0.500,Light (Music + Nav),5.46,15.84,365.59,2561.00,11499.37,395.91,,0,72,38.00,115,4071794,468256.31,4,fused
468577,000000468577.jpg,612x612,1,0.839068,1,1,TP,yolov8l_bsz4.ms,109.25,125.00,234.25,0.500,Light (Music + Nav),5.46,15.84,365.59,2561.00,11499.37,395.91,,0,72,38.00,115,4071794,468256.31,4,fused
436551,000000436551.jpg,640x438,1,0.838867,0,0,FP,yolov8l_bsz4.ms,108.25,120.50,228.75,0.500,Light (Music + Nav),5.45,13.19,343.89,2583.00,11499.37,416.41,,0,72,38.00,280,4077001,1141560.28,4,fused
286708,000000286708.jpg,640x481,1,0.838611,0,0,FP,yolov8l_bsz4.ms,108.25,120.50,228.75,0.500,Light (Music + Nav),5.45,13.19,343.89,2583.00,11499.37,416.41,,0,72,38.00,280,4077001,1141560.28,4,fused
158956,000000158956.jpg,640x425,1,0.838272,1,1,TP,yolov8l_bsz4.ms,108.25,120.50,228.75,0.500,Light (Music + Nav),5.45,13.19,343.89,2583.00,11499.37,416.41,,0,72,38.00,280,4077001,1141560.28,4,fused
476215,000000476215.jpg,640x409,1,0.838244,1,1,TP,yolov8l_bsz4.ms,108.25,120.50,228.75,0.500,Light (Music + Nav),5.45,13.19,343.89,2583.00,11499.37,416.41,,0,72,38.00,280,4077001,1141560.28,4,fused
39785,000000039785.jpg,500x375,1,0.837965,1,1,TP,yolov8l_bsz4.ms,108.00,124.00,232.00,0.500,Light (Music + Nav),5.43,13.19,289.54,2637.00,11499.37,469.27,,0,72,38.00,176,4073610,716955.36,4,fused
158548,000000158548.jpg,640x482,1,0.836709,1,1,TP,yolov8l_bsz4.ms,108.00,124.00,232.00,0.500,Light (Music + Nav),5.43,13.19,289.54,2637.00,11499.37,469.27,,0,72,38.00,176,4073610,716955.36,4,fused
484404,000000484404.jpg,640x480,1,0.836595,1,1,TP,yolov8l_bsz4.ms,108.00,124.00,232.00,0.500,Light (Music + Nav),5.43,13.19,289.54,2637.00,11499.37,469.27,,0,72,38.00,176,4073610,716955.36,4,fused
336658,000000336658.jpg,640x428,1,0.836552,1,1,TP,yolov8l_bsz4.ms,108.00,124.00,232.00,0.500,Light (Music + Nav),5.43,13.19,289.54,2637.00,11499.37,469.27,,0,72,38.00,176,4073610,716955.36,4,fused
570448,000000570448.jpg,640x484,1,0.835520,1,1,TP,yolov8l_bsz4.ms,108.25,117.50,225.75,0.500,Light (Music + Nav),5.39,12.40,366.76,2578.00,11499.37,409.60,,0,72,38.00,170,4073147,692434.99,4,fused
5529,000000005529.jpg,444x640,1,0.835324,1,1,TP,yolov8l_bsz4.ms,108.25,117.50,225.75,0.500,Light (Music + Nav),5.39,12.40,366.76,2578.00,11499.37,409.60,,0,72,38.00,170,4073147,692434.99,4,fused
92053,000000092053.jpg,640x427,1,0.834018,1,1,TP,yolov8l_bsz4.ms,108.25,117.50,225.75,0.500,Light (Music + Nav),5.39,12.40,366.76,2578.00,11499.37,409.60,,0,72,38.00,170,4073147,692434.99,4,fused
576052,000000576052.jpg,640x427,1,0.833617,1,1,TP,yolov8l_bsz4.ms,108.25,117.50,225.75,0.500,Light (Music + Nav),5.39,12.40,366.76,2578.00,11499.37,409.60,,0,72,38.00,170,4073147,692434.99,4,fused
459153,000000459153.jpg,427x640,1,0.832476,1,1,TP,yolov8l_bsz4.ms,109.75,110.00,219.75,0.500,Light (Music + Nav),5.38,12.40,365.28,2580.00,11499.37,409.75,,0,72,38.00,238,4075818,970044.68,4,fused
250282,000000250282.jpg,640x426,1,0.832430,1,1,TP,yolov8l_bsz4.ms,109.75,110.00,219.75,0.500,Light (Music + Nav),5.38,12.40,365.28,2580.00,11499.37,409.75,,0,72,38.00,238,4075818,970044.68,4,fused
94157,000000094157.jpg,372x640,1,0.832191,1,1,TP,yolov8l_bsz4.ms,109.75,110.00,219.75,0.500,Light (Music + Nav),5.38,12.40,365.28,2580.00,11499.37,409.75,,0,72,38.00,238,4075818,970044.68,4,fused
558558,000000558558.jpg,640x480,1,0.831830,0,0,FP,yolov8l_bsz4.ms,109.75,110.00,219.75,0.500,Light (Music + Nav),5.38,12.40,365.28,2580.00,11499.37,409.75,,0,72,38.00,238,4075818,970044.68,4,fused
22892,000000022892.jpg,500x334,1,0.831825,0,0,FP,yolov8l_bsz4.ms,108.50,120.75,229.25,0.500,Light (Music + Nav),5.42,11.80,361.38,2588.00,11499.37,417.09,,0,72,38.00,201,4074341,818942.54,4,fused
341094,000000341094.jpg,500x375,1,0.831549,1,1,TP,yolov8l_bsz4.ms,108.50,120.75,229.25,0.500,Light (Music + Nav),5.42,11.80,361.38,2588.00,11499.37,417.09,,0,72,38.00,201,4074341,818942.54,4,fused
130386,000000130386.jpg,375x500,1,0.831287,1,1,TP,yolov8l_bsz4.ms,108.50,120.75,229.25,0.500,Light (Music + Nav),5.42,11.80,361.38,2588.00,11499.37,417.09,,0,72,38.00,201,4074341,818942.54,4,fused
575243,000000575243.jpg,640x427,1,0.831233,1,1,TP,yolov8l_bsz4.ms,108.50,120.75,229.25,0.500,Light (Music + Nav),5.42,11.80,361.38,2588.00,11499.37,417.09,,0,72,38.00,201,4074341,818942.54,4,fused
172935,000000172935.jpg,488x364,1,0.831065,1,1,TP,yolov8l_bsz4.ms,108.00,123.50,231.50,0.500,Light (Music + Nav),5.46,11.80,289.34,2660.00,11499.37,487.41,,0,72,38.00,207,4074497,843420.88,4,fused
388215,000000388215.jpg,640x425,1,0.830926,1,1,TP,yolov8l_bsz4.ms,108.00,123.50,231.50,0.500,Light (Music + Nav),5.46,11.80,289.34,2660.00,11499.37,487.41,,0,72,38.00,207,4074497,843420.88,4,fused
164885,000000164885.jpg,640x427,1,0.830600,1,1,TP,yolov8l_bsz4.ms,108.00,123.50,231.50,0.500,Light (Music + Nav),5.46,11.80,289.34,2660.00,11499.37,487.41,,0,72,38.00,207,4074497,843420.88,4,fused
512403,000000512403.jpg,529x640,1,0.829350,0,0,FP,yolov8l_bsz4.ms,108.00,123.50,231.50,0.500,Light (Music + Nav),5.46,11.80,289.34,2660.00,11499.37,487.41,,0,72,38.00,207,4074497,843420.88,4,fused
263403,000000263403.jpg,638x394,1,0.829139,1,1,TP,yolov8l_bsz4.ms,108.50,110.75,219.25,0.500,Light (Music + Nav),5.36,11.57,366.60,2582.00,11499.37,408.68,,0,72,38.00,201,4074489,818972.29,4,fused
231747,000000231747.jpg,640x400,1,0.828867,1,1,TP,yolov8l_bsz4.ms,108.50,110.75,219.25,0.500,Light (Music + Nav),5.36,11.57,366.60,2582.00,11499.37,408.68,,0,72,38.00,201,4074489,818972.29,4,fused
492077,000000492077.jpg,640x480,1,0.828820,1,1,TP,yolov8l_bsz4.ms,108.50,110.75,219.25,0.500,Light (Music + Nav),5.36,11.57,366.60,2582.00,11499.37,408.68,,0,72,38.00,201,4074489,818972.29,4,fused
434204,000000434204.jpg,500x333,1,0.828556,1,1,TP,yolov8l_bsz4.ms,108.50,110.75,219.25,0.500,Light (Music + Nav),5.36,11.57,366.60,2582.00,11499.37,408.68,,0,72,38.00,201,4074489,818972.29,4,fused
396568,000000396568.jpg,640x424,1,0.825009,0,0,FP,yolov8l_bsz4.ms,110.25,127.00,237.25,0.500,Light (Music + Nav),5.35,11.57,365.58,2583.00,11499.37,408.22,,0,72,38.00,319,4078220,1300952.18,4,fused
438774,000000438774.jpg,640x425,1,0.823714,1,1,TP,yolov8l_bsz4.ms,110.25,127.00,237.25,0.500,Light (Music + Nav),5.35,11.57,365.58,2583.00,11499.37,408.22,,0,72,38.00,319,4078220,1300952.18,4,fused
240754,000000240754.jpg,640x427,1,0.823521,0,0,FP,yolov8l_bsz4.ms,110.25,127.00,237.25,0.500,Light (Music + Nav),5.35,11.57,365.58,2583.00,11499.37,408.22,,0,72,38.00,319,4078220,1300952.18,4,fused
373315,000000373315.jpg,477x640,1,0.823458,1,1,TP,yolov8l_bsz4.ms,110.25,127.00,237.25,0.500,Light (Music + Nav),5.35,11.57,365.58,2583.00,11499.37,408.22,,0,72,38.00,319,4078220,1300952.18,4,fused
395180,000000395180.jpg,640x481,1,0.823443,1,1,TP,yolov8l_bsz4.ms,108.25,112.00,220.25,0.500,Light (Music + Nav),7.72,15.40,343.28,2605.00,11499.37,428.71,,0,72,38.00,239,4075702,974092.78,4,fused
87470,000000087470.jpg,640x470,1,0.823140,1,1,TP,yolov8l_bsz4.ms,108.25,112.00,220.25,0.500,Light (Music + Nav),7.72,15.40,343.28,2605.00,11499.37,428.71,,0,72,38.00,239,4075702,974092.78,4,fused
342006,000000342006.jpg,480x640,1,0.823111,0,0,FP,yolov8l_bsz4.ms,108.25,112.00,220.25,0.500,Light (Music + Nav),7.72,15.40,343.28,2605.00,11499.37,428.71,,0,72,38.00,239,4075702,974092.78,4,fused
68409,000000068409.jpg,640x263,1,0.822808,1,1,TP,yolov8l_bsz4.ms,108.25,112.00,220.25,0.500,Light (Music + Nav),7.72,15.40,343.28,2605.00,11499.37,428.71,,0,72,38.00,239,4075702,974092.78,4,fused
365642,000000365642.jpg,426x640,1,0.822344,1,1,TP,yolov8l_bsz4.ms,108.25,124.25,232.50,0.500,Light (Music + Nav),6.32,15.40,290.03,2658.00,11499.37,480.54,,0,72,38.00,109,4071472,443790.45,4,fused
43435,000000043435.jpg,638x640,1,0.822278,1,1,TP,yolov8l_bsz4.ms,108.25,124.25,232.50,0.500,Light (Music + Nav),6.32,15.40,290.03,2658.00,11499.37,480.54,,0,72,38.00,109,4071472,443790.45,4,fused
248334,000000248334.jpg,500x375,1,0.821556,1,1,TP,yolov8l_bsz4.ms,108.25,124.25,232.50,0.500,Light (Music + Nav),6.32,15.40,290.03,2658.00,11499.37,480.54,,0,72,38.00,109,4071472,443790.45,4,fused
17178,000000017178.jpg,640x427,1,0.821067,0,0,FP,yolov8l_bsz4.ms,108.25,124.25,232.50,0.500,Light (Music + Nav),6.32,15.40,290.03,2658.00,11499.37,480.54,,0,72,38.00,109,4071472,443790.45,4,fused
207306,000000207306.jpg,375x500,1,0.820973,1,1,TP,yolov8l_bsz4.ms,108.50,118.50,227.00,0.500,Light (Music + Nav),5.85,15.40,367.65,2580.00,11499.37,401.37,,0,72,38.00,183,4073986,745539.44,4,fused
234366,000000234366.jpg,480x640,1,0.820493,0,0,FP,yolov8l_bsz4.ms,108.50,118.50,227.00,0.500,Light (Music + Nav),5.85,15.40,367.65,2580.00,11499.37,401.37,,0,72,38.00,183,4073986,745539.44,4,fused
160728,000000160728.jpg,640x426,1,0.820277,1,1,TP,yolov8l_bsz4.ms,108.50,118.50,227.00,0.500,Light (Music + Nav),5.85,15.40,367.65,2580.00,11499.37,401.37,,0,72,38.00,183,4073986,745539.44,4,fused
67213,000000067213.jpg,640x485,1,0.820150,1,1,TP,yolov8l_bsz4.ms,108.50,118.50,227.00,0.500,Light (Music + Nav),5.85,15.40,367.65,2580.00,11499.37,401.37,,0,72,38.00,183,4073986,745539.44,4,fused
488166,000000488166.jpg,361x640,1,0.820116,1,1,TP,yolov8l_bsz4.ms,109.50,109.75,219.25,0.500,Light (Music + Nav),5.65,10.53,365.00,2586.00,11499.37,406.03,,0,72,38.00,283,4076733,1153715.44,4,fused
378515,000000378515.jpg,425x640,1,0.820097,1,1,TP,yolov8l_bsz4.ms,109.50,109.75,219.25,0.500,Light (Music + Nav),5.65,10.53,365.00,2586.00,11499.37,406.03,,0,72,38.00,283,4076733,1153715.44,4,fused
579655,000000579655.jpg,640x399,1,0.819778,1,1,TP,yolov8l_bsz4.ms,109.50,109.75,219.25,0.500,Light (Music + Nav),5.65,10.53,365.00,2586.00,11499.37,406.03,,0,72,38.00,283,4076733,1153715.44,4,fused
542625,000000542625.jpg,640x480,1,0.819726,0,0,FP,yolov8l_bsz4.ms,109.50,109.75,219.25,0.500,Light (Music + Nav),5.65,10.53,365.00,2586.00,11499.37,406.03,,0,72,38.00,283,4076733,1153715.44,4,fused
58393,000000058393.jpg,640x486,1,0.819389,1,1,TP,yolov8l_bsz4.ms,108.00,127.00,235.00,0.500,Light (Music + Nav),5.70,10.53,343.81,2607.00,11499.37,425.68,,0,72,38.00,174,4073886,708856.16,4,fused
148719,000000148719.jpg,640x480,1,0.819277,1,1,TP,yolov8l_bsz4.ms,108.00,127.00,235.00,0.500,Light (Music + Nav),5.70,10.53,343.81,2607.00,11499.37,425.68,,0,72,38.00,174,4073886,708856.16,4,fused
184611,000000184611.jpg,640x480,1,0.818864,1,1,TP,yolov8l_bsz4.ms,108.00,127.00,235.00,0.500,Light (Music + Nav),5.70,10.53,343.81,2607.00,11499.37,425.68,,0,72,38.00,174,4073886,708856.16,4,fused
414795,000000414795.jpg,640x480,1,0.818064,1,1,TP,yolov8l_bsz4.ms,108.00,127.00,235.00,0.500,Light (Music + Nav),5.70,10.53,343.81,2607.00,11499.37,425.68,,0,72,38.00,174,4073886,708856.16,4,fused
463802,000000463802.jpg,640x480,1,0.817701,1,1,TP,yolov8l_bsz4.ms,108.25,120.50,228.75,0.500,Light (Music + Nav),5.63,10.38,289.68,2661.00,11499.37,478.35,,0,72,38.00,195,4074389,794505.85,4,fused
88951,000000088951.jpg,500x374,1,0.817568,1,1,TP,yolov8l_bsz4.ms,108.25,120.50,228.75,0.500,Light (Music + Nav),5.63,10.38,289.68,2661.00,11499.37,478.35,,0,72,38.00,195,4074389,794505.85,4,fused
276285,000000276285.jpg,427x640,1,0.817083,1,1,TP,yolov8l_bsz4.ms,108.25,120.50,228.75,0.500,Light (Music + Nav),5.63,10.38,289.68,2661.00,11499.37,478.35,,0,72,38.00,195,4074389,794505.85,4,fused
368335,000000368335.jpg,411x640,1,0.816955,0,0,FP,yolov8l_bsz4.ms,108.25,120.50,228.75,0.500,Light (Music + Nav),5.63,10.38,289.68,2661.00,11499.37,478.35,,0,72,38.00,195,4074389,794505.85,4,fused
152771,000000152771.jpg,640x479,1,0.816641,0,0,FP,yolov8l_bsz4.ms,108.00,110.50,218.50,0.500,Light (Music + Nav),5.50,10.38,365.83,2584.00,11499.37,400.83,,0,72,38.00,242,4075885,986364.17,4,fused
467315,000000467315.jpg,640x426,1,0.816323,1,1,TP,yolov8l_bsz4.ms,108.00,110.50,218.50,0.500,Light (Music + Nav),5.50,10.38,365.83,2584.00,11499.37,400.83,,0,72,38.00,242,4075885,986364.17,4,fused
60090,000000060090.jpg,640x423,1,0.816065,1,1,TP,yolov8l_bsz4.ms,108.00,110.50,218.50,0.500,Light (Music + Nav),5.50,10.38,365.83,2584.00,11499.37,400.83,,0,72,38.00,242,4075885,986364.17,4,fused
98018,000000098018.jpg,640x427,1,0.815700,0,0,FP,yolov8l_bsz4.ms,108.00,110.50,218.50,0.500,Light (Music + Nav),5.50,10.38,365.83,2584.00,11499.37,400.83,,0,72,38.00,242,4075885,986364.17,4,fused
553669,000000553669.jpg,640x480,1,0.815452,1,1,TP,yolov8l_bsz4.ms,109.50,126.50,236.00,0.500,Light (Music + Nav),5.52,10.12,365.88,2584.00,11499.37,399.25,,0,72,38.00,205,4074758,835325.39,4,fused
279774,000000279774.jpg,415x500,1,0.815439,1,1,TP,yolov8l_bsz4.ms,109.50,126.50,236.00,0.500,Light (Music + Nav),5.52,10.12,365.88,2584.00,11499.37,399.25,,0,72,38.00,205,4074758,835325.39,4,fused
330790,000000330790.jpg,640x426,1,0.815430,0,0,FP,yolov8l_bsz4.ms,109.50,126.50,236.00,0.500,Light (Music + Nav),5.52,10.12,365.88,2584.00,11499.37,399.25,,0,72,38.00,205,4074758,835325.39,4,fused
221754,000000221754.jpg,640x427,1,0.815347,1,1,TP,yolov8l_bsz4.ms,109.50,126.50,236.00,0.500,Light (Music + Nav),5.52,10.12,365.88,2584.00,11499.37,399.25,,0,72,38.00,205,4074758,835325.39,4,fused
43314,000000043314.jpg,500x376,1,0.814941,1,1,TP,yolov8l_bsz4.ms,108.50,120.75,229.25,0.500,Light (Music + Nav),5.53,10.12,343.53,2606.00,11499.37,420.30,,0,72,38.00,259,4076559,1055828.78,4,fused
447465,000000447465.jpg,640x426,1,0.812979,1,1,TP,yolov8l_bsz4.ms,108.50,120.75,229.25,0.500,Light (Music + Nav),5.53,10.12,343.53,2606.00,11499.37,420.30,,0,72,38.00,259,4076559,1055828.78,4,fused
508730,000000508730.jpg,640x478,1,0.812909,1,1,TP,yolov8l_bsz4.ms,108.50,120.75,229.25,0.500,Light (Music + Nav),5.53,10.12,343.53,2606.00,11499.37,420.30,,0,72,38.00,259,4076559,1055828.78,4,fused
78823,000000078823.jpg,640x480,1,0.812756,0,0,FP,yolov8l_bsz4.ms,108.50,120.75,229.25,0.500,Light (Music + Nav),5.53,10.12,343.53,2606.00,11499.37,420.30,,0,72,38.00,259,4076559,1055828.78,4,fused
143068,000000143068.jpg,640x213,1,0.812600,1,1,TP,yolov8l_bsz4.ms,108.00,92.50,200.50,0.500,Light (Music + Nav),5.46,10.12,288.92,2660.00,11499.37,473.46,,0,72,38.00,99,4071555,403083.95,4,fused
580757,000000580757.jpg,640x425,1,0.812593,0,0,FP,yolov8l_bsz4.ms,108.00,92.50,200.50,0.500,Light (Music + Nav),5.46,10.12,288.92,2660.00,11499.37,473.46,,0,72,38.00,99,4071555,403083.95,4,fused
25228,000000025228.jpg,640x436,1,0.812426,1,1,TP,yolov8l_bsz4.ms,108.00,92.50,200.50,0.500,Light (Music + Nav),5.46,10.12,288.92,2660.00,11499.37,473.46,,0,72,38.00,99,4071555,403083.95,4,fused
473237,000000473237.jpg,640x426,1,0.812179,1,1,TP,yolov8l_bsz4.ms,108.00,92.50,200.50,0.500,Light (Music + Nav),5.46,10.12,288.92,2660.00,11499.37,473.46,,0,72,38.00,99,4071555,403083.95,4,fused
206487,000000206487.jpg,640x480,1,0.812053,1,1,TP,yolov8l_bsz4.ms,107.50,118.50,226.00,0.500,Light (Music + Nav),9.03,10.72,367.17,2549.00,11499.37,361.75,,0,72,38.00,174,4073743,708831.28,4,fused
545594,000000545594.jpg,640x512,1,0.811973,1,1,TP,yolov8l_bsz4.ms,107.50,118.50,226.00,0.500,Light (Music + Nav),9.03,10.72,367.17,2549.00,11499.37,361.75,,0,72,38.00,174,4073743,708831.28,4,fused
191013,000000191013.jpg,474x640,1,0.811354,1,1,TP,yolov8l_bsz4.ms,107.50,118.50,226.00,0.500,Light (Music + Nav),9.03,10.72,367.17,2549.00,11499.37,361.75,,0,72,38.00,174,4073743,708831.28,4,fused
134322,000000134322.jpg,640x480,1,0.811254,1,1,TP,yolov8l_bsz4.ms,107.50,118.50,226.00,0.500,Light (Music + Nav),9.03,10.72,367.17,2549.00,11499.37,361.75,,0,72,38.00,174,4073743,708831.28,4,fused
191761,000000191761.jpg,500x375,1,0.811028,0,0,FP,yolov8l_bsz4.ms,109.00,119.25,228.25,0.500,Light (Music + Nav),5.31,10.72,365.55,2512.00,11499.37,321.12,,0,72,38.00,157,4073356,639516.89,4,fused
81766,000000081766.jpg,640x480,1,0.810666,0,0,FP,yolov8l_bsz4.ms,109.00,119.25,228.25,0.500,Light (Music + Nav),5.31,10.72,365.55,2512.00,11499.37,321.12,,0,72,38.00,157,4073356,639516.89,4,fused
154087,000000154087.jpg,640x480,1,0.810638,1,1,TP,yolov8l_bsz4.ms,109.00,119.25,228.25,0.500,Light (Music + Nav),5.31,10.72,365.55,2512.00,11499.37,321.12,,0,72,38.00,157,4073356,639516.89,4,fused
272364,000000272364.jpg,428x640,1,0.810419,0,0,FP,yolov8l_bsz4.ms,109.00,119.25,228.25,0.500,Light (Music + Nav),5.31,10.72,365.55,2512.00,11499.37,321.12,,0,72,38.00,157,4073356,639516.89,4,fused
308793,000000308793.jpg,640x480,1,0.809626,1,1,TP,yolov8l_bsz4.ms,108.00,112.50,220.50,0.500,Light (Music + Nav),5.32,16.72,343.25,2557.00,11499.37,368.02,,0,72,38.00,144,4072783,586480.75,4,fused
457078,000000457078.jpg,640x480,1,0.809626,1,1,TP,yolov8l_bsz4.ms,108.00,112.50,220.50,0.500,Light (Music + Nav),5.32,16.72,343.25,2557.00,11499.37,368.02,,0,72,38.00,144,4072783,586480.75,4,fused
558854,000000558854.jpg,500x375,1,0.809358,1,1,TP,yolov8l_bsz4.ms,108.00,112.50,220.50,0.500,Light (Music + Nav),5.32,16.72,343.25,2557.00,11499.37,368.02,,0,72,38.00,144,4072783,586480.75,4,fused
176799,000000176799.jpg,640x426,1,0.809224,1,1,TP,yolov8l_bsz4.ms,108.00,112.50,220.50,0.500,Light (Music + Nav),5.32,16.72,343.25,2557.00,11499.37,368.02,,0,72,38.00,144,4072783,586480.75,4,fused
434230,000000434230.jpg,500x313,1,0.808134,1,1,TP,yolov8l_bsz4.ms,108.25,120.25,228.50,0.500,Light (Music + Nav),5.45,16.72,289.14,2624.00,11499.37,435.39,,0,72,38.00,294,4077337,1198737.08,4,fused
62355,000000062355.jpg,640x428,1,0.807934,1,1,TP,yolov8l_bsz4.ms,108.25,120.25,228.50,0.500,Light (Music + Nav),5.45,16.72,289.14,2624.00,11499.37,435.39,,0,72,38.00,294,4077337,1198737.08,4,fused
475387,000000475387.jpg,640x431,1,0.807710,1,1,TP,yolov8l_bsz4.ms,108.25,120.25,228.50,0.500,Light (Music + Nav),5.45,16.72,289.14,2624.00,11499.37,435.39,,0,72,38.00,294,4077337,1198737.08,4,fused
420230,000000420230.jpg,427x640,1,0.807412,0,0,FP,yolov8l_bsz4.ms,108.25,120.25,228.50,0.500,Light (Music + Nav),5.45,16.72,289.14,2624.00,11499.37,435.39,,0,72,38.00,294,4077337,1198737.08,4,fused
297085,000000297085.jpg,500x375,1,0.807187,0,0,FP,yolov8l_bsz4.ms,108.25,128.50,236.75,0.500,Light (Music + Nav),5.28,12.84,366.47,2547.00,11499.37,356.56,,0,72,38.00,186,4073961,757756.75,4,fused
263594,000000263594.jpg,500x381,1,0.807044,0,0,FP,yolov8l_bsz4.ms,108.25,128.50,236.75,0.500,Light (Music + Nav),5.28,12.84,366.47,2547.00,11499.37,356.56,,0,72,38.00,186,4073961,757756.75,4,fused
210394,000000210394.jpg,640x480,1,0.806113,1,1,TP,yolov8l_bsz4.ms,108.25,128.50,236.75,0.500,Light (Music + Nav),5.28,12.84,366.47,2547.00,11499.37,356.56,,0,72,38.00,186,4073961,757756.75,4,fused
229948,000000229948.jpg,640x428,1,0.805850,1,1,TP,yolov8l_bsz4.ms,108.25,128.50,236.75,0.500,Light (Music + Nav),5.28,12.84,366.47,2547.00,11499.37,356.56,,0,72,38.00,186,4073961,757756.75,4,fused
182805,000000182805.jpg,640x360,1,0.805768,1,1,TP,yolov8l_bsz4.ms,109.25,100.25,209.50,0.500,Light (Music + Nav),5.29,12.84,362.75,2578.00,11499.37,386.09,,0,72,38.00,249,4076101,1014949.15,4,fused
452784,000000452784.jpg,480x640,1,0.805760,1,1,TP,yolov8l_bsz4.ms,109.25,100.25,209.50,0.500,Light (Music + Nav),5.29,12.84,362.75,2578.00,11499.37,386.09,,0,72,38.00,249,4076101,1014949.15,4,fused
491130,000000491130.jpg,443x640,1,0.805750,1,1,TP,yolov8l_bsz4.ms,109.25,100.25,209.50,0.500,Light (Music + Nav),5.29,12.84,362.75,2578.00,11499.37,386.09,,0,72,38.00,249,4076101,1014949.15,4,fused
485237,000000485237.jpg,640x174,1,0.805155,0,0,FP,yolov8l_bsz4.ms,109.25,100.25,209.50,0.500,Light (Music + Nav),5.29,12.84,362.75,2578.00,11499.37,386.09,,0,72,38.00,249,4076101,1014949.15,4,fused
570834,000000570834.jpg,640x480,1,0.804731,1,1,TP,yolov8l_bsz4.ms,108.50,113.50,222.00,0.500,Light (Music + Nav),5.41,11.92,343.66,2597.00,11499.37,404.13,,0,72,38.00,172,4073745,700684.14,4,fused
17627,000000017627.jpg,640x480,1,0.804682,1,1,TP,yolov8l_bsz4.ms,108.50,113.50,222.00,0.500,Light (Music + Nav),5.41,11.92,343.66,2597.00,11499.37,404.13,,0,72,38.00,172,4073745,700684.14,4,fused
69138,000000069138.jpg,371x640,1,0.804341,0,0,FP,yolov8l_bsz4.ms,108.50,113.50,222.00,0.500,Light (Music + Nav),5.41,11.92,343.66,2597.00,11499.37,404.13,,0,72,38.00,172,4073745,700684.14,4,fused
274219,000000274219.jpg,464x640,1,0.804273,1,1,TP,yolov8l_bsz4.ms,108.50,113.50,222.00,0.500,Light (Music + Nav),5.41,11.92,343.66,2597.00,11499.37,404.13,,0,72,38.00,172,4073745,700684.14,4,fused
259571,000000259571.jpg,500x281,1,0.803993,1,1,TP,yolov8l_bsz4.ms,108.50,110.00,218.50,0.500,Light (Music + Nav),5.35,11.92,289.14,2651.00,11499.37,456.86,,0,72,38.00,97,4071170,394903.49,4,fused
435299,000000435299.jpg,640x480,1,0.803979,0,0,FP,yolov8l_bsz4.ms,108.50,110.00,218.50,0.500,Light (Music + Nav),5.35,11.92,289.14,2651.00,11499.37,456.86,,0,72,38.00,97,4071170,394903.49,4,fused
311190,000000311190.jpg,375x500,1,0.803827,1,1,TP,yolov8l_bsz4.ms,108.50,110.00,218.50,0.500,Light (Music + Nav),5.35,11.92,289.14,2651.00,11499.37,456.86,,0,72,38.00,97,4071170,394903.49,4,fused
71877,000000071877.jpg,428x640,1,0.803076,1,1,TP,yolov8l_bsz4.ms,108.50,110.00,218.50,0.500,Light (Music + Nav),5.35,11.92,289.14,2651.00,11499.37,456.86,,0,72,38.00,97,4071170,394903.49,4,fused
159791,000000159791.jpg,500x375,1,0.802917,1,1,TP,yolov8l_bsz4.ms,107.75,103.75,211.50,0.500,Light (Music + Nav),5.27,12.10,366.29,2575.00,11499.37,378.17,,0,72,38.00,226,4074851,920916.33,4,fused
74058,000000074058.jpg,640x427,1,0.802851,1,1,TP,yolov8l_bsz4.ms,107.75,103.75,211.50,0.500,Light (Music + Nav),5.27,12.10,366.29,2575.00,11499.37,378.17,,0,72,38.00,226,4074851,920916.33,4,fused
292488,000000292488.jpg,640x426,1,0.802655,1,1,TP,yolov8l_bsz4.ms,107.75,103.75,211.50,0.500,Light (Music + Nav),5.27,12.10,366.29,2575.00,11499.37,378.17,,0,72,38.00,226,4074851,920916.33,4,fused
148508,000000148508.jpg,640x425,1,0.802511,1,1,TP,yolov8l_bsz4.ms,107.75,103.75,211.50,0.500,Light (Music + Nav),5.27,12.10,366.29,2575.00,11499.37,378.17,,0,72,38.00,226,4074851,920916.33,4,fused
563653,000000563653.jpg,640x431,1,0.802508,1,1,TP,yolov8l_bsz4.ms,110.50,115.50,226.00,0.500,Light (Music + Nav),5.28,12.10,362.31,2578.00,11499.37,380.55,,0,72,38.00,244,4075851,994507.64,4,fused
446206,000000446206.jpg,640x385,1,0.802492,1,1,TP,yolov8l_bsz4.ms,110.50,115.50,226.00,0.500,Light (Music + Nav),5.28,12.10,362.31,2578.00,11499.37,380.55,,0,72,38.00,244,4075851,994507.64,4,fused
100274,000000100274.jpg,640x427,1,0.801749,0,0,FP,yolov8l_bsz4.ms,110.50,115.50,226.00,0.500,Light (Music + Nav),5.28,12.10,362.31,2578.00,11499.37,380.55,,0,72,38.00,244,4075851,994507.64,4,fused
142585,000000142585.jpg,375x500,1,0.801630,1,1,TP,yolov8l_bsz4.ms,110.50,115.50,226.00,0.500,Light (Music + Nav),5.28,12.10,362.31,2578.00,11499.37,380.55,,0,72,38.00,244,4075851,994507.64,4,fused
111179,000000111179.jpg,480x640,1,0.801414,0,0,FP,yolov8l_bsz4.ms,108.25,124.75,233.00,0.500,Light (Music + Nav),5.29,11.54,343.43,2597.00,11499.37,398.07,,0,72,38.00,285,4077315,1162034.77,4,fused
2006,000000002006.jpg,640x480,1,0.801300,1,1,TP,yolov8l_bsz4.ms,108.25,124.75,233.00,0.500,Light (Music + Nav),5.29,11.54,343.43,2597.00,11499.37,398.07,,0,72,38.00,285,4077315,1162034.77,4,fused
67896,000000067896.jpg,640x480,1,0.800006,0,0,FP,yolov8l_bsz4.ms,108.25,124.75,233.00,0.500,Light (Music + Nav),5.29,11.54,343.43,2597.00,11499.37,398.07,,0,72,38.00,285,4077315,1162034.77,4,fused
196442,000000196442.jpg,640x427,1,0.799903,1,1,TP,yolov8l_bsz4.ms,108.25,124.75,233.00,0.500,Light (Music + Nav),5.29,11.54,343.43,2597.00,11499.37,398.07,,0,72,38.00,285,4077315,1162034.77,4,fused
274708,000000274708.jpg,612x612,1,0.799548,1,1,TP,yolov8l_bsz4.ms,108.00,124.25,232.25,0.500,Light (Music + Nav),8.90,11.54,289.68,2651.00,11499.37,450.11,,0,72,38.00,153,4072984,623166.55,4,fused
278749,000000278749.jpg,500x333,1,0.798953,1,1,TP,yolov8l_bsz4.ms,108.00,124.25,232.25,0.500,Light (Music + Nav),8.90,11.54,289.68,2651.00,11499.37,450.11,,0,72,38.00,153,4072984,623166.55,4,fused
316054,000000316054.jpg,640x438,1,0.798907,1,1,TP,yolov8l_bsz4.ms,108.00,124.25,232.25,0.500,Light (Music + Nav),8.90,11.54,289.68,2651.00,11499.37,450.11,,0,72,38.00,153,4072984,623166.55,4,fused
466602,000000466602.jpg,480x640,1,0.798696,1,1,TP,yolov8l_bsz4.ms,108.00,124.25,232.25,0.500,Light (Music + Nav),8.90,11.54,289.68,2651.00,11499.37,450.11,,0,72,38.00,153,4072984,623166.55,4,fused
174018,000000174018.jpg,500x351,1,0.798571,0,0,FP,yolov8l_bsz4.ms,107.50,116.00,223.50,0.500,Light (Music + Nav),6.47,11.54,365.15,2575.00,11499.37,373.33,,0,72,38.00,258,4076259,1051674.82,4,fused
15597,000000015597.jpg,433x640,1,0.798570,1,1,TP,yolov8l_bsz4.ms,107.50,116.00,223.50,0.500,Light (Music + Nav),6.47,11.54,365.15,2575.00,11499.37,373.33,,0,72,38.00,258,4076259,1051674.82,4,fused
336053,000000336053.jpg,640x480,1,0.797857,1,1,TP,yolov8l_bsz4.ms,107.50,116.00,223.50,0.500,Light (Music + Nav),6.47,11.54,365.15,2575.00,11499.37,373.33,,0,72,38.00,258,4076259,1051674.82,4,fused
456143,000000456143.jpg,640x361,1,0.797766,0,0,FP,yolov8l_bsz4.ms,107.50,116.00,223.50,0.500,Light (Music + Nav),6.47,11.54,365.15,2575.00,11499.37,373.33,,0,72,38.00,258,4076259,1051674.82,4,fused
411817,000000411817.jpg,640x480,1,0.797675,1,1,TP,yolov8l_bsz4.ms,109.00,108.25,217.25,0.500,Light (Music + Nav),6.08,10.95,362.90,2577.00,11499.37,374.14,,0,72,38.00,233,4075354,949557.48,4,fused
36494,000000036494.jpg,640x434,1,0.797388,1,1,TP,yolov8l_bsz4.ms,109.00,108.25,217.25,0.500,Light (Music + Nav),6.08,10.95,362.90,2577.00,11499.37,374.14,,0,72,38.00,233,4075354,949557.48,4,fused
291490,000000291490.jpg,640x393,1,0.797108,0,0,FP,yolov8l_bsz4.ms,109.00,108.25,217.25,0.500,Light (Music + Nav),6.08,10.95,362.90,2577.00,11499.37,374.14,,0,72,38.00,233,4075354,949557.48,4,fused
549136,000000549136.jpg,640x434,1,0.796841,0,0,FP,yolov8l_bsz4.ms,109.00,108.25,217.25,0.500,Light (Music + Nav),6.08,10.95,362.90,2577.00,11499.37,374.14,,0,72,38.00,233,4075354,949557.48,4,fused
482735,000000482735.jpg,640x427,1,0.795952,1,1,TP,yolov8l_bsz4.ms,108.25,112.50,220.75,0.500,Light (Music + Nav),5.93,10.95,344.74,2595.00,11499.37,390.79,,0,72,38.00,183,4073998,745541.63,4,fused
357501,000000357501.jpg,640x480,1,0.795891,0,0,FP,yolov8l_bsz4.ms,108.25,112.50,220.75,0.500,Light (Music + Nav),5.93,10.95,344.74,2595.00,11499.37,390.79,,0,72,38.00,183,4073998,745541.63,4,fused
383337,000000383337.jpg,640x480,1,0.795799,1,1,TP,yolov8l_bsz4.ms,108.25,112.50,220.75,0.500,Light (Music + Nav),5.93,10.95,344.74,2595.00,11499.37,390.79,,0,72,38.00,183,4073998,745541.63,4,fused
64523,000000064523.jpg,640x444,1,0.795625,1,1,TP,yolov8l_bsz4.ms,108.25,112.50,220.75,0.500,Light (Music + Nav),5.93,10.95,344.74,2595.00,11499.37,390.79,,0,72,38.00,183,4073998,745541.63,4,fused
555597,000000555597.jpg,640x517,1,0.795358,1,1,TP,yolov8l_bsz4.ms,108.25,120.75,229.00,0.500,Light (Music + Nav),5.80,10.84,291.49,2648.00,11499.37,442.41,,0,72,38.00,179,4073771,729205.01,4,fused
155443,000000155443.jpg,640x423,1,0.795315,0,0,FP,yolov8l_bsz4.ms,108.25,120.75,229.00,0.500,Light (Music + Nav),5.80,10.84,291.49,2648.00,11499.37,442.41,,0,72,38.00,179,4073771,729205.01,4,fused
377393,000000377393.jpg,640x480,1,0.795303,1,1,TP,yolov8l_bsz4.ms,108.25,120.75,229.00,0.500,Light (Music + Nav),5.80,10.84,291.49,2648.00,11499.37,442.41,,0,72,38.00,179,4073771,729205.01,4,fused
85682,000000085682.jpg,640x427,1,0.793447,1,1,TP,yolov8l_bsz4.ms,108.25,120.75,229.00,0.500,Light (Music + Nav),5.80,10.84,291.49,2648.00,11499.37,442.41,,0,72,38.00,179,4073771,729205.01,4,fused
481480,000000481480.jpg,640x444,1,0.793376,1,1,TP,yolov8l_bsz4.ms,108.00,130.75,238.75,0.500,Light (Music + Nav),5.70,10.84,367.86,2571.00,11499.37,364.51,,0,72,38.00,158,4073390,643595.62,4,fused
81394,000000081394.jpg,640x480,1,0.793349,1,1,TP,yolov8l_bsz4.ms,108.00,130.75,238.75,0.500,Light (Music + Nav),5.70,10.84,367.86,2571.00,11499.37,364.51,,0,72,38.00,158,4073390,643595.62,4,fused
28993,000000028993.jpg,612x612,1,0.792637,1,1,TP,yolov8l_bsz4.ms,108.00,130.75,238.75,0.500,Light (Music + Nav),5.70,10.84,367.86,2571.00,11499.37,364.51,,0,72,38.00,158,4073390,643595.62,4,fused
258883,000000258883.jpg,426x640,1,0.792577,1,1,TP,yolov8l_bsz4.ms,108.00,130.75,238.75,0.500,Light (Music + Nav),5.70,10.84,367.86,2571.00,11499.37,364.51,,0,72,38.00,158,4073390,643595.62,4,fused
133233,000000133233.jpg,640x361,1,0.792108,0,0,FP,yolov8l_bsz4.ms,110.00,101.75,211.75,0.500,Light (Music + Nav),5.63,10.48,366.19,2572.00,11499.37,364.68,,0,72,38.00,104,4070856,423369.02,4,fused
185950,000000185950.jpg,337x500,1,0.791824,1,1,TP,yolov8l_bsz4.ms,110.00,101.75,211.75,0.500,Light (Music + Nav),5.63,10.48,366.19,2572.00,11499.37,364.68,,0,72,38.00,104,4070856,423369.02,4,fused
98287,000000098287.jpg,415x640,1,0.791636,1,1,TP,yolov8l_bsz4.ms,110.00,101.75,211.75,0.500,Light (Music + Nav),5.63,10.48,366.19,2572.00,11499.37,364.68,,0,72,38.00,104,4070856,423369.02,4,fused
10707,000000010707.jpg,640x480,1,0.791610,1,1,TP,yolov8l_bsz4.ms,110.00,101.75,211.75,0.500,Light (Music + Nav),5.63,10.48,366.19,2572.00,11499.37,364.68,,0,72,38.00,104,4070856,423369.02,4,fused
349152,000000349152.jpg,480x640,1,0.791513,0,0,FP,yolov8l_bsz4.ms,108.25,123.50,231.75,0.500,Light (Music + Nav),5.63,10.48,343.77,2594.00,11499.37,385.23,,0,72,38.00,58,4070087,236065.05,4,fused
66706,000000066706.jpg,612x612,1,0.791450,1,1,TP,yolov8l_bsz4.ms,108.25,123.50,231.75,0.500,Light (Music + Nav),5.63,10.48,343.77,2594.00,11499.37,385.23,,0,72,38.00,58,4070087,236065.05,4,fused
393093,000000393093.jpg,640x424,1,0.791346,1,1,TP,yolov8l_bsz4.ms,108.25,123.50,231.75,0.500,Light (Music + Nav),5.63,10.48,343.77,2594.00,11499.37,385.23,,0,72,38.00,58,4070087,236065.05,4,fused
157124,000000157124.jpg,640x424,1,0.791227,0,0,FP,yolov8l_bsz4.ms,108.25,123.50,231.75,0.500,Light (Music + Nav),5.63,10.48,343.77,2594.00,11499.37,385.23,,0,72,38.00,58,4070087,236065.05,4,fused
256941,000000256941.jpg,332x500,1,0.790495,0,0,FP,yolov8l_bsz4.ms,108.00,113.50,221.50,0.500,Light (Music + Nav),5.57,11.06,289.97,2671.00,11499.37,459.18,,0,72,38.00,131,4072158,533452.70,4,fused
100489,000000100489.jpg,479x640,1,0.790409,0,0,FP,yolov8l_bsz4.ms,108.00,113.50,221.50,0.500,Light (Music + Nav),5.57,11.06,289.97,2671.00,11499.37,459.18,,0,72,38.00,131,4072158,533452.70,4,fused
442822,000000442822.jpg,640x427,1,0.790181,0,0,FP,yolov8l_bsz4.ms,108.00,113.50,221.50,0.500,Light (Music + Nav),5.57,11.06,289.97,2671.00,11499.37,459.18,,0,72,38.00,131,4072158,533452.70,4,fused
433915,000000433915.jpg,640x480,1,0.790104,1,1,TP,yolov8l_bsz4.ms,108.00,113.50,221.50,0.500,Light (Music + Nav),5.57,11.06,289.97,2671.00,11499.37,459.18,,0,72,38.00,131,4072158,533452.70,4,fused
425226,000000425226.jpg,480x640,1,0.790063,1,1,TP,yolov8l_bsz4.ms,108.00,125.50,233.50,0.500,Light (Music + Nav),5.51,11.06,365.90,2626.00,11499.37,380.80,,0,72,38.00,248,4075808,1010800.38,4,fused
158945,000000158945.jpg,478x640,1,0.788170,1,1,TP,yolov8l_bsz4.ms,108.00,125.50,233.50,0.500,Light (Music + Nav),5.51,11.06,365.90,2626.00,11499.37,380.80,,0,72,38.00,248,4075808,1010800.38,4,fused
175443,000000175443.jpg,480x640,1,0.788045,0,0,FP,yolov8l_bsz4.ms,108.00,125.50,233.50,0.500,Light (Music + Nav),5.51,11.06,365.90,2626.00,11499.37,380.80,,0,72,38.00,248,4075808,1010800.38,4,fused
396518,000000396518.jpg,500x375,1,0.787889,1,1,TP,yolov8l_bsz4.ms,108.00,125.50,233.50,0.500,Light (Music + Nav),5.51,11.06,365.90,2626.00,11499.37,380.80,,0,72,38.00,248,4075808,1010800.38,4,fused
48504,000000048504.jpg,640x427,1,0.787624,1,1,TP,yolov8l_bsz4.ms,110.25,113.25,223.50,0.500,Light (Music + Nav),8.22,18.10,366.12,2625.00,11499.37,378.59,,0,72,38.00,270,4076541,1100666.07,4,fused
543043,000000543043.jpg,640x480,1,0.787419,0,0,FP,yolov8l_bsz4.ms,110.25,113.25,223.50,0.500,Light (Music + Nav),8.22,18.10,366.12,2625.00,11499.37,378.59,,0,72,38.00,270,4076541,1100666.07,4,fused
176037,000000176037.jpg,640x431,1,0.787307,1,1,TP,yolov8l_bsz4.ms,110.25,113.25,223.50,0.500,Light (Music + Nav),8.22,18.10,366.12,2625.00,11499.37,378.59,,0,72,38.00,270,4076541,1100666.07,4,fused
175438,000000175438.jpg,640x468,1,0.787167,0,0,FP,yolov8l_bsz4.ms,110.25,113.25,223.50,0.500,Light (Music + Nav),8.22,18.10,366.12,2625.00,11499.37,378.59,,0,72,38.00,270,4076541,1100666.07,4,fused
201148,000000201148.jpg,640x359,1,0.786834,1,1,TP,yolov8l_bsz4.ms,108.25,108.00,216.25,0.500,Light (Music + Nav),6.06,18.10,343.66,2647.00,11499.37,399.43,,0,72,38.00,290,4077091,1182356.39,4,fused
85376,000000085376.jpg,480x640,1,0.786339,1,1,TP,yolov8l_bsz4.ms,108.25,108.00,216.25,0.500,Light (Music + Nav),6.06,18.10,343.66,2647.00,11499.37,399.43,,0,72,38.00,290,4077091,1182356.39,4,fused
377368,000000377368.jpg,640x481,1,0.786166,1,1,TP,yolov8l_bsz4.ms,108.25,108.00,216.25,0.500,Light (Music + Nav),6.06,18.10,343.66,2647.00,11499.37,399.43,,0,72,38.00,290,4077091,1182356.39,4,fused
17031,000000017031.jpg,500x334,1,0.785204,0,0,FP,yolov8l_bsz4.ms,108.25,108.00,216.25,0.500,Light (Music + Nav),6.06,18.10,343.66,2647.00,11499.37,399.43,,0,72,38.00,290,4077091,1182356.39,4,fused
455555,000000455555.jpg,640x550,1,0.783395,1,1,TP,yolov8l_bsz4.ms,108.75,116.00,224.75,0.500,Light (Music + Nav),5.69,18.10,289.83,2708.00,11499.37,459.96,,0,72,38.00,110,4071625,447878.75,4,fused
469828,000000469828.jpg,640x480,1,0.783136,1,1,TP,yolov8l_bsz4.ms,108.75,116.00,224.75,0.500,Light (Music + Nav),5.69,18.10,289.83,2708.00,11499.37,459.96,,0,72,38.00,110,4071625,447878.75,4,fused
220764,000000220764.jpg,640x427,1,0.782399,1,1,TP,yolov8l_bsz4.ms,108.75,116.00,224.75,0.500,Light (Music + Nav),5.69,18.10,289.83,2708.00,11499.37,459.96,,0,72,38.00,110,4071625,447878.75,4,fused
67315,000000067315.jpg,640x427,1,0.782191,1,1,TP,yolov8l_bsz4.ms,108.75,116.00,224.75,0.500,Light (Music + Nav),5.69,18.10,289.83,2708.00,11499.37,459.96,,0,72,38.00,110,4071625,447878.75,4,fused
242287,000000242287.jpg,426x640,1,0.782162,0,0,FP,yolov8l_bsz4.ms,107.50,92.75,200.25,0.500,Light (Music + Nav),5.38,11.60,368.01,2663.00,11499.37,414.25,,0,72,38.00,-284,4058358,-1152573.67,4,fused
512564,000000512564.jpg,640x424,1,0.782093,1,1,TP,yolov8l_bsz4.ms,107.50,92.75,200.25,0.500,Light (Music + Nav),5.38,11.60,368.01,2663.00,11499.37,414.25,,0,72,38.00,-284,4058358,-1152573.67,4,fused
292997,000000292997.jpg,640x480,1,0.782088,1,1,TP,yolov8l_bsz4.ms,107.50,92.75,200.25,0.500,Light (Music + Nav),5.38,11.60,368.01,2663.00,11499.37,414.25,,0,72,38.00,-284,4058358,-1152573.67,4,fused
377723,000000377723.jpg,640x427,1,0.781836,1,1,TP,yolov8l_bsz4.ms,107.50,92.75,200.25,0.500,Light (Music + Nav),5.38,11.60,368.01,2663.00,11499.37,414.25,,0,72,38.00,-284,4058358,-1152573.67,4,fused
226802,000000226802.jpg,640x360,1,0.780360,1,1,TP,yolov8l_bsz4.ms,113.50,90.50,204.00,0.500,Light (Music + Nav),5.34,11.60,368.37,2663.00,11499.37,413.14,,0,72,38.00,-71,4065312,-288637.15,4,fused
570169,000000570169.jpg,423x640,1,0.779971,0,0,FP,yolov8l_bsz4.ms,113.50,90.50,204.00,0.500,Light (Music + Nav),5.34,11.60,368.37,2663.00,11499.37,413.14,,0,72,38.00,-71,4065312,-288637.15,4,fused
410735,000000410735.jpg,640x512,1,0.779355,1,1,TP,yolov8l_bsz4.ms,113.50,90.50,204.00,0.500,Light (Music + Nav),5.34,11.60,368.37,2663.00,11499.37,413.14,,0,72,38.00,-71,4065312,-288637.15,4,fused
161032,000000161032.jpg,640x480,1,0.778836,1,1,TP,yolov8l_bsz4.ms,113.50,90.50,204.00,0.500,Light (Music + Nav),5.34,11.60,368.37,2663.00,11499.37,413.14,,0,72,38.00,-71,4065312,-288637.15,4,fused
489842,000000489842.jpg,640x566,1,0.777878,1,1,TP,yolov8l_bsz4.ms,108.75,104.25,213.00,0.500,Light (Music + Nav),5.28,11.60,345.33,2685.00,11499.37,434.62,,0,72,38.00,36,4068586,146469.10,4,fused
42070,000000042070.jpg,640x512,1,0.777733,1,1,TP,yolov8l_bsz4.ms,108.75,104.25,213.00,0.500,Light (Music + Nav),5.28,11.60,345.33,2685.00,11499.37,434.62,,0,72,38.00,36,4068586,146469.10,4,fused
476787,000000476787.jpg,640x480,1,0.777502,0,0,FP,yolov8l_bsz4.ms,108.75,104.25,213.00,0.500,Light (Music + Nav),5.28,11.60,345.33,2685.00,11499.37,434.62,,0,72,38.00,36,4068586,146469.10,4,fused
265108,000000265108.jpg,427x640,1,0.777377,0,0,FP,yolov8l_bsz4.ms,108.75,104.25,213.00,0.500,Light (Music + Nav),5.28,11.60,345.33,2685.00,11499.37,434.62,,0,72,38.00,36,4068586,146469.10,4,fused
72852,000000072852.jpg,424x640,1,0.776838,1,1,TP,yolov8l_bsz4.ms,108.50,114.25,222.75,0.500,Light (Music + Nav),5.27,10.38,289.95,2741.00,11499.37,488.45,,0,72,38.00,255,4075623,1039283.86,4,fused
315187,000000315187.jpg,640x448,1,0.776264,1,1,TP,yolov8l_bsz4.ms,108.50,114.25,222.75,0.500,Light (Music + Nav),5.27,10.38,289.95,2741.00,11499.37,488.45,,0,72,38.00,255,4075623,1039283.86,4,fused
255718,000000255718.jpg,480x640,1,0.775905,0,0,FP,yolov8l_bsz4.ms,108.50,114.25,222.75,0.500,Light (Music + Nav),5.27,10.38,289.95,2741.00,11499.37,488.45,,0,72,38.00,255,4075623,1039283.86,4,fused
85576,000000085576.jpg,500x400,1,0.775797,0,0,FP,yolov8l_bsz4.ms,108.50,114.25,222.75,0.500,Light (Music + Nav),5.27,10.38,289.95,2741.00,11499.37,488.45,,0,72,38.00,255,4075623,1039283.86,4,fused
415194,000000415194.jpg,640x480,1,0.774704,0,0,FP,yolov8l_bsz4.ms,107.75,120.50,228.25,0.500,Light (Music + Nav),5.24,10.38,367.63,2663.00,11499.37,409.43,,0,72,38.00,271,4076047,1104608.74,4,fused
579902,000000579902.jpg,556x640,1,0.774694,1,1,TP,yolov8l_bsz4.ms,107.75,120.50,228.25,0.500,Light (Music + Nav),5.24,10.38,367.63,2663.00,11499.37,409.43,,0,72,38.00,271,4076047,1104608.74,4,fused
23899,000000023899.jpg,640x425,1,0.774451,1,1,TP,yolov8l_bsz4.ms,107.75,120.50,228.25,0.500,Light (Music + Nav),5.24,10.38,367.63,2663.00,11499.37,409.43,,0,72,38.00,271,4076047,1104608.74,4,fused
293324,000000293324.jpg,640x406,1,0.774060,0,0,FP,yolov8l_bsz4.ms,107.75,120.50,228.25,0.500,Light (Music + Nav),5.24,10.38,367.63,2663.00,11499.37,409.43,,0,72,38.00,271,4076047,1104608.74,4,fused
1584,000000001584.jpg,612x612,1,0.773194,1,1,TP,yolov8l_bsz4.ms,109.00,139.25,248.25,0.500,Light (Music + Nav),5.28,10.17,366.07,2665.00,11499.37,409.89,,0,72,38.00,247,4075700,1006697.90,4,fused
214205,000000214205.jpg,640x439,1,0.772961,0,0,FP,yolov8l_bsz4.ms,109.00,139.25,248.25,0.500,Light (Music + Nav),5.28,10.17,366.07,2665.00,11499.37,409.89,,0,72,38.00,247,4075700,1006697.90,4,fused
455448,000000455448.jpg,478x640,1,0.772909,1,1,TP,yolov8l_bsz4.ms,109.00,139.25,248.25,0.500,Light (Music + Nav),5.28,10.17,366.07,2665.00,11499.37,409.89,,0,72,38.00,247,4075700,1006697.90,4,fused
44068,000000044068.jpg,480x640,1,0.772742,0,0,FP,yolov8l_bsz4.ms,109.00,139.25,248.25,0.500,Light (Music + Nav),5.28,10.17,366.07,2665.00,11499.37,409.89,,0,72,38.00,247,4075700,1006697.90,4,fused
219283,000000219283.jpg,500x500,1,0.771342,0,0,FP,yolov8l_bsz4.ms,108.25,138.25,246.50,0.500,Light (Music + Nav),5.33,10.17,344.56,2687.00,11499.37,429.60,,0,72,38.00,260,4076113,1059789.38,4,fused
524108,000000524108.jpg,640x400,1,0.770797,0,0,FP,yolov8l_bsz4.ms,108.25,138.25,246.50,0.500,Light (Music + Nav),5.33,10.17,344.56,2687.00,11499.37,429.60,,0,72,38.00,260,4076113,1059789.38,4,fused
149406,000000149406.jpg,640x638,1,0.770111,0,0,FP,yolov8l_bsz4.ms,108.25,138.25,246.50,0.500,Light (Music + Nav),5.33,10.17,344.56,2687.00,11499.37,429.60,,0,72,38.00,260,4076113,1059789.38,4,fused
575187,000000575187.jpg,500x375,1,0.768879,1,1,TP,yolov8l_bsz4.ms,108.25,138.25,246.50,0.500,Light (Music + Nav),5.33,10.17,344.56,2687.00,11499.37,429.60,,0,72,38.00,260,4076113,1059789.38,4,fused
218362,000000218362.jpg,640x426,1,0.768438,0,0,FP,yolov8l_bsz4.ms,108.50,109.75,218.25,0.500,Light (Music + Nav),5.36,10.38,289.24,2745.00,11499.37,486.14,,0,72,38.00,174,4073018,708705.13,4,fused
361571,000000361571.jpg,640x425,1,0.768163,0,0,FP,yolov8l_bsz4.ms,108.50,109.75,218.25,0.500,Light (Music + Nav),5.36,10.38,289.24,2745.00,11499.37,486.14,,0,72,38.00,174,4073018,708705.13,4,fused
514376,000000514376.jpg,640x480,1,0.768125,0,0,FP,yolov8l_bsz4.ms,108.50,109.75,218.25,0.500,Light (Music + Nav),5.36,10.38,289.24,2745.00,11499.37,486.14,,0,72,38.00,174,4073018,708705.13,4,fused
220858,000000220858.jpg,500x367,1,0.767426,1,1,TP,yolov8l_bsz4.ms,108.50,109.75,218.25,0.500,Light (Music + Nav),5.36,10.38,289.24,2745.00,11499.37,486.14,,0,72,38.00,174,4073018,708705.13,4,fused
474854,000000474854.jpg,424x640,1,0.766499,1,1,TP,yolov8l_bsz4.ms,109.25,109.00,218.25,0.500,Light (Music + Nav),6.97,10.38,367.84,2666.00,11499.37,406.21,,0,72,38.00,160,4072797,651647.52,4,fused
2431,000000002431.jpg,457x640,1,0.766166,1,1,TP,yolov8l_bsz4.ms,109.25,109.00,218.25,0.500,Light (Music + Nav),6.97,10.38,367.84,2666.00,11499.37,406.21,,0,72,38.00,160,4072797,651647.52,4,fused
182162,000000182162.jpg,640x425,1,0.766092,0,0,FP,yolov8l_bsz4.ms,109.25,109.00,218.25,0.500,Light (Music + Nav),6.97,10.38,367.84,2666.00,11499.37,406.21,,0,72,38.00,160,4072797,651647.52,4,fused
410510,000000410510.jpg,640x445,1,0.765810,1,1,TP,yolov8l_bsz4.ms,109.25,109.00,218.25,0.500,Light (Music + Nav),6.97,10.38,367.84,2666.00,11499.37,406.21,,0,72,38.00,160,4072797,651647.52,4,fused
17029,000000017029.jpg,640x640,1,0.765590,0,0,FP,yolov8l_bsz4.ms,109.75,116.00,225.75,0.500,Light (Music + Nav),5.97,10.90,366.87,2667.00,11499.37,405.73,,0,72,38.00,212,4074308,863753.30,4,fused
554291,000000554291.jpg,640x428,1,0.765544,0,0,FP,yolov8l_bsz4.ms,109.75,116.00,225.75,0.500,Light (Music + Nav),5.97,10.90,366.87,2667.00,11499.37,405.73,,0,72,38.00,212,4074308,863753.30,4,fused
420472,000000420472.jpg,640x373,1,0.763796,0,0,FP,yolov8l_bsz4.ms,109.75,116.00,225.75,0.500,Light (Music + Nav),5.97,10.90,366.87,2667.00,11499.37,405.73,,0,72,38.00,212,4074308,863753.30,4,fused
153527,000000153527.jpg,500x375,1,0.763467,1,1,TP,yolov8l_bsz4.ms,109.75,116.00,225.75,0.500,Light (Music + Nav),5.97,10.90,366.87,2667.00,11499.37,405.73,,0,72,38.00,212,4074308,863753.30,4,fused
562818,000000562818.jpg,640x480,1,0.763038,1,1,TP,yolov8l_bsz4.ms,108.25,125.00,233.25,0.500,Light (Music + Nav),5.96,10.90,344.20,2689.00,11499.37,427.04,,0,72,38.00,295,4077099,1202744.21,4,fused
548555,000000548555.jpg,640x426,1,0.762951,1,1,TP,yolov8l_bsz4.ms,108.25,125.00,233.25,0.500,Light (Music + Nav),5.96,10.90,344.20,2689.00,11499.37,427.04,,0,72,38.00,295,4077099,1202744.21,4,fused
192871,000000192871.jpg,640x427,1,0.761289,0,0,FP,yolov8l_bsz4.ms,108.25,125.00,233.25,0.500,Light (Music + Nav),5.96,10.90,344.20,2689.00,11499.37,427.04,,0,72,38.00,295,4077099,1202744.21,4,fused
204329,000000204329.jpg,425x640,1,0.761272,1,1,TP,yolov8l_bsz4.ms,108.25,125.00,233.25,0.500,Light (Music + Nav),5.96,10.90,344.20,2689.00,11499.37,427.04,,0,72,38.00,295,4077099,1202744.21,4,fused
369757,000000369757.jpg,640x480,1,0.760968,0,0,FP,yolov8l_bsz4.ms,108.75,113.00,221.75,0.500,Light (Music + Nav),5.72,10.52,289.25,2744.00,11499.37,480.64,,0,72,38.00,261,4075993,1063834.17,4,fused
355240,000000355240.jpg,640x360,1,0.760089,0,0,FP,yolov8l_bsz4.ms,108.75,113.00,221.75,0.500,Light (Music + Nav),5.72,10.52,289.25,2744.00,11499.37,480.64,,0,72,38.00,261,4075993,1063834.17,4,fused
580418,000000580418.jpg,640x428,1,0.759111,1,1,TP,yolov8l_bsz4.ms,108.75,113.00,221.75,0.500,Light (Music + Nav),5.72,10.52,289.25,2744.00,11499.37,480.64,,0,72,38.00,261,4075993,1063834.17,4,fused
279730,000000279730.jpg,500x333,1,0.759094,1,1,TP,yolov8l_bsz4.ms,108.75,113.00,221.75,0.500,Light (Music + Nav),5.72,10.52,289.25,2744.00,11499.37,480.64,,0,72,38.00,261,4075993,1063834.17,4,fused
101884,000000101884.jpg,640x426,1,0.758831,0,0,FP,yolov8l_bsz4.ms,107.25,127.25,234.50,0.500,Light (Music + Nav),5.53,10.52,365.83,2669.00,11499.37,404.30,,0,72,38.00,298,4077082,1214970.44,4,fused
262631,000000262631.jpg,480x640,1,0.758630,1,1,TP,yolov8l_bsz4.ms,107.25,127.25,234.50,0.500,Light (Music + Nav),5.53,10.52,365.83,2669.00,11499.37,404.30,,0,72,38.00,298,4077082,1214970.44,4,fused
181816,000000181816.jpg,640x480,1,0.758526,1,1,TP,yolov8l_bsz4.ms,107.25,127.25,234.50,0.500,Light (Music + Nav),5.53,10.52,365.83,2669.00,11499.37,404.30,,0,72,38.00,298,4077082,1214970.44,4,fused
106757,000000106757.jpg,426x640,1,0.757957,1,1,TP,yolov8l_bsz4.ms,107.25,127.25,234.50,0.500,Light (Music + Nav),5.53,10.52,365.83,2669.00,11499.37,404.30,,0,72,38.00,298,4077082,1214970.44,4,fused
535608,000000535608.jpg,500x376,1,0.757496,1,1,TP,yolov8l_bsz4.ms,115.50,112.25,227.75,0.500,Light (Music + Nav),5.53,10.86,365.02,2667.00,11499.37,398.79,,0,72,38.00,125,4071930,508991.25,4,fused
108503,000000108503.jpg,640x427,1,0.756737,1,1,TP,yolov8l_bsz4.ms,115.50,112.25,227.75,0.500,Light (Music + Nav),5.53,10.86,365.02,2667.00,11499.37,398.79,,0,72,38.00,125,4071930,508991.25,4,fused
379476,000000379476.jpg,485x640,1,0.756217,0,0,FP,yolov8l_bsz4.ms,115.50,112.25,227.75,0.500,Light (Music + Nav),5.53,10.86,365.02,2667.00,11499.37,398.79,,0,72,38.00,125,4071930,508991.25,4,fused
293794,000000293794.jpg,428x640,1,0.756137,1,1,TP,yolov8l_bsz4.ms,115.50,112.25,227.75,0.500,Light (Music + Nav),5.53,10.86,365.02,2667.00,11499.37,398.79,,0,72,38.00,125,4071930,508991.25,4,fused
89697,000000089697.jpg,640x429,1,0.755845,1,1,TP,yolov8l_bsz4.ms,109.75,103.25,213.00,0.500,Light (Music + Nav),5.45,10.86,362.22,2668.00,11499.37,398.90,,0,72,38.00,110,4071054,447815.94,4,fused
125472,000000125472.jpg,427x640,1,0.755171,1,1,TP,yolov8l_bsz4.ms,109.75,103.25,213.00,0.500,Light (Music + Nav),5.45,10.86,362.22,2668.00,11499.37,398.90,,0,72,38.00,110,4071054,447815.94,4,fused
279927,000000279927.jpg,640x442,1,0.754838,1,1,TP,yolov8l_bsz4.ms,109.75,103.25,213.00,0.500,Light (Music + Nav),5.45,10.86,362.22,2668.00,11499.37,398.90,,0,72,38.00,110,4071054,447815.94,4,fused
33638,000000033638.jpg,425x640,1,0.754675,1,1,TP,yolov8l_bsz4.ms,109.75,103.25,213.00,0.500,Light (Music + Nav),5.45,10.86,362.22,2668.00,11499.37,398.90,,0,72,38.00,110,4071054,447815.94,4,fused
254016,000000254016.jpg,480x640,1,0.754506,1,1,TP,yolov8l_bsz4.ms,108.25,111.25,219.50,0.500,Light (Music + Nav),5.43,10.86,293.45,2737.00,11499.37,467.06,,0,72,38.00,109,4071085,443748.27,4,fused
192904,000000192904.jpg,640x436,1,0.753788,0,0,FP,yolov8l_bsz4.ms,108.25,111.25,219.50,0.500,Light (Music + Nav),5.43,10.86,293.45,2737.00,11499.37,467.06,,0,72,38.00,109,4071085,443748.27,4,fused
343934,000000343934.jpg,640x480,1,0.753715,0,0,FP,yolov8l_bsz4.ms,108.25,111.25,219.50,0.500,Light (Music + Nav),5.43,10.86,293.45,2737.00,11499.37,467.06,,0,72,38.00,109,4071085,443748.27,4,fused
455597,000000455597.jpg,640x446,1,0.753356,1,1,TP,yolov8l_bsz4.ms,108.25,111.25,219.50,0.500,Light (Music + Nav),5.43,10.86,293.45,2737.00,11499.37,467.06,,0,72,38.00,109,4071085,443748.27,4,fused
215778,000000215778.jpg,640x427,1,0.752651,0,0,FP,yolov8l_bsz4.ms,108.25,114.25,222.50,0.500,Light (Music + Nav),5.37,10.74,367.99,2663.00,11499.37,391.22,,0,72,38.00,201,4073392,818751.79,4,fused
531495,000000531495.jpg,640x438,1,0.752479,0,0,FP,yolov8l_bsz4.ms,108.25,114.25,222.50,0.500,Light (Music + Nav),5.37,10.74,367.99,2663.00,11499.37,391.22,,0,72,38.00,201,4073392,818751.79,4,fused
136334,000000136334.jpg,640x480,1,0.752109,1,1,TP,yolov8l_bsz4.ms,108.25,114.25,222.50,0.500,Light (Music + Nav),5.37,10.74,367.99,2663.00,11499.37,391.22,,0,72,38.00,201,4073392,818751.79,4,fused
135902,000000135902.jpg,640x425,1,0.751995,1,1,TP,yolov8l_bsz4.ms,108.25,114.25,222.50,0.500,Light (Music + Nav),5.37,10.74,367.99,2663.00,11499.37,391.22,,0,72,38.00,201,4073392,818751.79,4,fused
82846,000000082846.jpg,640x454,1,0.751953,0,0,FP,yolov8l_bsz4.ms,109.25,115.25,224.50,0.500,Light (Music + Nav),5.40,10.74,367.30,2663.00,11499.37,390.37,,0,72,38.00,220,4074517,896393.74,4,fused
40083,000000040083.jpg,500x333,1,0.751927,1,1,TP,yolov8l_bsz4.ms,109.25,115.25,224.50,0.500,Light (Music + Nav),5.40,10.74,367.30,2663.00,11499.37,390.37,,0,72,38.00,220,4074517,896393.74,4,fused
330396,000000330396.jpg,500x375,1,0.751810,1,1,TP,yolov8l_bsz4.ms,109.25,115.25,224.50,0.500,Light (Music + Nav),5.40,10.74,367.30,2663.00,11499.37,390.37,,0,72,38.00,220,4074517,896393.74,4,fused
166768,000000166768.jpg,426x640,1,0.751805,1,1,TP,yolov8l_bsz4.ms,109.25,115.25,224.50,0.500,Light (Music + Nav),5.40,10.74,367.30,2663.00,11499.37,390.37,,0,72,38.00,220,4074517,896393.74,4,fused
329319,000000329319.jpg,428x640,1,0.751784,0,0,FP,yolov8l_bsz4.ms,108.50,110.00,218.50,0.500,Light (Music + Nav),5.40,10.81,341.86,2688.00,11499.37,414.27,,0,72,38.00,244,4075267,994365.15,4,fused
419601,000000419601.jpg,500x329,1,0.751556,0,0,FP,yolov8l_bsz4.ms,108.50,110.00,218.50,0.500,Light (Music + Nav),5.40,10.81,341.86,2688.00,11499.37,414.27,,0,72,38.00,244,4075267,994365.15,4,fused
460841,000000460841.jpg,500x375,1,0.750750,1,1,TP,yolov8l_bsz4.ms,108.50,110.00,218.50,0.500,Light (Music + Nav),5.40,10.81,341.86,2688.00,11499.37,414.27,,0,72,38.00,244,4075267,994365.15,4,fused
431848,000000431848.jpg,378x640,1,0.750433,1,1,TP,yolov8l_bsz4.ms,108.50,110.00,218.50,0.500,Light (Music + Nav),5.40,10.81,341.86,2688.00,11499.37,414.27,,0,72,38.00,244,4075267,994365.15,4,fused
107339,000000107339.jpg,240x180,1,0.749358,1,1,TP,yolov8l_bsz4.ms,108.25,121.50,229.75,0.500,Light (Music + Nav),5.47,10.81,287.22,2742.00,11499.37,467.28,,0,72,38.00,212,4074109,863711.11,4,fused
520910,000000520910.jpg,427x640,1,0.749282,1,1,TP,yolov8l_bsz4.ms,108.25,121.50,229.75,0.500,Light (Music + Nav),5.47,10.81,287.22,2742.00,11499.37,467.28,,0,72,38.00,212,4074109,863711.11,4,fused
196754,000000196754.jpg,375x500,1,0.749270,0,0,FP,yolov8l_bsz4.ms,108.25,121.50,229.75,0.500,Light (Music + Nav),5.47,10.81,287.22,2742.00,11499.37,467.28,,0,72,38.00,212,4074109,863711.11,4,fused
85823,000000085823.jpg,640x427,1,0.748919,0,0,FP,yolov8l_bsz4.ms,108.25,121.50,229.75,0.500,Light (Music + Nav),5.47,10.81,287.22,2742.00,11499.37,467.28,,0,72,38.00,212,4074109,863711.11,4,fused
490125,000000490125.jpg,500x335,1,0.748896,0,0,FP,yolov8l_bsz4.ms,109.25,107.75,217.00,0.500,Light (Music + Nav),5.19,11.18,364.85,2665.00,11499.37,388.53,,0,72,38.00,216,4074226,880032.82,4,fused
185292,000000185292.jpg,421x640,1,0.748790,1,1,TP,yolov8l_bsz4.ms,109.25,107.75,217.00,0.500,Light (Music + Nav),5.19,11.18,364.85,2665.00,11499.37,388.53,,0,72,38.00,216,4074226,880032.82,4,fused
412531,000000412531.jpg,640x480,1,0.748772,0,0,FP,yolov8l_bsz4.ms,109.25,107.75,217.00,0.500,Light (Music + Nav),5.19,11.18,364.85,2665.00,11499.37,388.53,,0,72,38.00,216,4074226,880032.82,4,fused
294855,000000294855.jpg,500x375,1,0.747829,0,0,FP,yolov8l_bsz4.ms,109.25,107.75,217.00,0.500,Light (Music + Nav),5.19,11.18,364.85,2665.00,11499.37,388.53,,0,72,38.00,216,4074226,880032.82,4,fused
35197,000000035197.jpg,429x640,1,0.747759,1,1,TP,yolov8l_bsz4.ms,110.50,121.00,231.50,0.500,Light (Music + Nav),5.14,11.18,365.45,2664.00,11499.37,386.51,,0,72,38.00,243,4075355,990311.27,4,fused
206027,000000206027.jpg,640x480,1,0.747723,0,0,FP,yolov8l_bsz4.ms,110.50,121.00,231.50,0.500,Light (Music + Nav),5.14,11.18,365.45,2664.00,11499.37,386.51,,0,72,38.00,243,4075355,990311.27,4,fused
268375,000000268375.jpg,640x424,1,0.747619,0,0,FP,yolov8l_bsz4.ms,110.50,121.00,231.50,0.500,Light (Music + Nav),5.14,11.18,365.45,2664.00,11499.37,386.51,,0,72,38.00,243,4075355,990311.27,4,fused
549220,000000549220.jpg,480x640,1,0.747364,1,1,TP,yolov8l_bsz4.ms,110.50,121.00,231.50,0.500,Light (Music + Nav),5.14,11.18,365.45,2664.00,11499.37,386.51,,0,72,38.00,243,4075355,990311.27,4,fused
344909,000000344909.jpg,480x640,1,0.747244,0,0,FP,yolov8l_bsz4.ms,108.50,119.25,227.75,0.500,Light (Music + Nav),5.25,11.18,344.06,2685.00,11499.37,406.92,,0,72,38.00,245,4075250,998436.25,4,fused
151051,000000151051.jpg,640x478,1,0.746130,1,1,TP,yolov8l_bsz4.ms,108.50,119.25,227.75,0.500,Light (Music + Nav),5.25,11.18,344.06,2685.00,11499.37,406.92,,0,72,38.00,245,4075250,998436.25,4,fused
223959,000000223959.jpg,480x640,1,0.746116,1,1,TP,yolov8l_bsz4.ms,108.50,119.25,227.75,0.500,Light (Music + Nav),5.25,11.18,344.06,2685.00,11499.37,406.92,,0,72,38.00,245,4075250,998436.25,4,fused
500270,000000500270.jpg,640x425,1,0.745878,1,1,TP,yolov8l_bsz4.ms,108.50,119.25,227.75,0.500,Light (Music + Nav),5.25,11.18,344.06,2685.00,11499.37,406.92,,0,72,38.00,245,4075250,998436.25,4,fused
240049,000000240049.jpg,426x640,1,0.745367,1,1,TP,yolov8l_bsz4.ms,108.00,119.25,227.25,0.500,Light (Music + Nav),5.30,9.99,290.00,2739.00,11499.37,460.28,,0,72,38.00,170,4072942,692400.14,4,fused
289594,000000289594.jpg,519x640,1,0.745355,1,1,TP,yolov8l_bsz4.ms,108.00,119.25,227.25,0.500,Light (Music + Nav),5.30,9.99,290.00,2739.00,11499.37,460.28,,0,72,38.00,170,4072942,692400.14,4,fused
243034,000000243034.jpg,427x640,1,0.744818,1,1,TP,yolov8l_bsz4.ms,108.00,119.25,227.25,0.500,Light (Music + Nav),5.30,9.99,290.00,2739.00,11499.37,460.28,,0,72,38.00,170,4072942,692400.14,4,fused
272136,000000272136.jpg,640x428,1,0.744680,1,1,TP,yolov8l_bsz4.ms,108.00,119.25,227.25,0.500,Light (Music + Nav),5.30,9.99,290.00,2739.00,11499.37,460.28,,0,72,38.00,170,4072942,692400.14,4,fused
511453,000000511453.jpg,612x612,1,0.744501,0,0,FP,yolov8l_bsz4.ms,107.50,140.75,248.25,0.500,Light (Music + Nav),5.27,9.99,368.27,2660.00,11499.37,379.77,,0,72,38.00,215,4074256,875965.04,4,fused
480122,000000480122.jpg,640x640,1,0.744460,0,0,FP,yolov8l_bsz4.ms,107.50,140.75,248.25,0.500,Light (Music + Nav),5.27,9.99,368.27,2660.00,11499.37,379.77,,0,72,38.00,215,4074256,875965.04,4,fused
219271,000000219271.jpg,350x500,1,0.744354,1,1,TP,yolov8l_bsz4.ms,107.50,140.75,248.25,0.500,Light (Music + Nav),5.27,9.99,368.27,2660.00,11499.37,379.77,,0,72,38.00,215,4074256,875965.04,4,fused
491213,000000491213.jpg,640x480,1,0.743445,1,1,TP,yolov8l_bsz4.ms,107.50,140.75,248.25,0.500,Light (Music + Nav),5.27,9.99,368.27,2660.00,11499.37,379.77,,0,72,38.00,215,4074256,875965.04,4,fused
402473,000000402473.jpg,640x480,1,0.743359,0,0,FP,yolov8l_bsz4.ms,109.00,109.75,218.75,0.500,Light (Music + Nav),5.32,9.99,364.24,2664.00,11499.37,382.99,,0,72,38.00,134,4071805,545621.87,4,fused
542423,000000542423.jpg,640x425,1,0.743314,1,1,TP,yolov8l_bsz4.ms,109.00,109.75,218.75,0.500,Light (Music + Nav),5.32,9.99,364.24,2664.00,11499.37,382.99,,0,72,38.00,134,4071805,545621.87,4,fused
273551,000000273551.jpg,640x457,1,0.742822,0,0,FP,yolov8l_bsz4.ms,109.00,109.75,218.75,0.500,Light (Music + Nav),5.32,9.99,364.24,2664.00,11499.37,382.99,,0,72,38.00,134,4071805,545621.87,4,fused
559547,000000559547.jpg,640x491,1,0.742678,1,1,TP,yolov8l_bsz4.ms,109.00,109.75,218.75,0.500,Light (Music + Nav),5.32,9.99,364.24,2664.00,11499.37,382.99,,0,72,38.00,134,4071805,545621.87,4,fused
238866,000000238866.jpg,640x439,1,0.742147,0,0,FP,yolov8l_bsz4.ms,108.50,111.50,220.00,0.500,Light (Music + Nav),5.32,9.99,344.31,2684.00,11499.37,401.79,,0,72,38.00,258,4075295,1051426.11,4,fused
254368,000000254368.jpg,392x640,1,0.742090,1,1,TP,yolov8l_bsz4.ms,108.50,111.50,220.00,0.500,Light (Music + Nav),5.32,9.99,344.31,2684.00,11499.37,401.79,,0,72,38.00,258,4075295,1051426.11,4,fused
427055,000000427055.jpg,640x480,1,0.740646,0,0,FP,yolov8l_bsz4.ms,108.50,111.50,220.00,0.500,Light (Music + Nav),5.32,9.99,344.31,2684.00,11499.37,401.79,,0,72,38.00,258,4075295,1051426.11,4,fused
429281,000000429281.jpg,480x640,1,0.740271,0,0,FP,yolov8l_bsz4.ms,108.50,111.50,220.00,0.500,Light (Music + Nav),5.32,9.99,344.31,2684.00,11499.37,401.79,,0,72,38.00,258,4075295,1051426.11,4,fused
398810,000000398810.jpg,500x500,1,0.740176,0,0,FP,yolov8l_bsz4.ms,108.25,133.50,241.75,0.500,Light (Music + Nav),5.32,10.29,290.43,2738.00,11499.37,454.67,,0,72,38.00,208,4074225,847438.80,4,fused
117645,000000117645.jpg,640x480,1,0.738905,1,1,TP,yolov8l_bsz4.ms,108.25,133.50,241.75,0.500,Light (Music + Nav),5.32,10.29,290.43,2738.00,11499.37,454.67,,0,72,38.00,208,4074225,847438.80,4,fused
146825,000000146825.jpg,640x309,1,0.737335,1,1,TP,yolov8l_bsz4.ms,108.25,133.50,241.75,0.500,Light (Music + Nav),5.32,10.29,290.43,2738.00,11499.37,454.67,,0,72,38.00,208,4074225,847438.80,4,fused
552775,000000552775.jpg,375x500,1,0.737312,1,1,TP,yolov8l_bsz4.ms,108.25,133.50,241.75,0.500,Light (Music + Nav),5.32,10.29,290.43,2738.00,11499.37,454.67,,0,72,38.00,208,4074225,847438.80,4,fused
17436,000000017436.jpg,481x640,1,0.736799,1,1,TP,yolov8l_bsz4.ms,107.50,139.75,247.25,0.500,Light (Music + Nav),5.30,10.29,367.39,2661.00,11499.37,376.03,,0,72,38.00,260,4075878,1059728.28,4,fused
124636,000000124636.jpg,640x480,1,0.736615,0,0,FP,yolov8l_bsz4.ms,107.50,139.75,247.25,0.500,Light (Music + Nav),5.30,10.29,367.39,2661.00,11499.37,376.03,,0,72,38.00,260,4075878,1059728.28,4,fused
161879,000000161879.jpg,640x569,1,0.736400,1,1,TP,yolov8l_bsz4.ms,107.50,139.75,247.25,0.500,Light (Music + Nav),5.30,10.29,367.39,2661.00,11499.37,376.03,,0,72,38.00,260,4075878,1059728.28,4,fused
563604,000000563604.jpg,640x479,1,0.735895,1,1,TP,yolov8l_bsz4.ms,107.50,139.75,247.25,0.500,Light (Music + Nav),5.30,10.29,367.39,2661.00,11499.37,376.03,,0,72,38.00,260,4075878,1059728.28,4,fused
144706,000000144706.jpg,640x480,1,0.735521,0,0,FP,yolov8l_bsz4.ms,110.00,114.50,224.50,0.500,Light (Music + Nav),6.66,12.09,365.60,2662.00,11499.37,376.32,,0,72,38.00,135,4071898,549706.23,4,fused
339442,000000339442.jpg,523x640,1,0.735476,0,0,FP,yolov8l_bsz4.ms,110.00,114.50,224.50,0.500,Light (Music + Nav),6.66,12.09,365.60,2662.00,11499.37,376.32,,0,72,38.00,135,4071898,549706.23,4,fused
365208,000000365208.jpg,603x640,1,0.735017,1,1,TP,yolov8l_bsz4.ms,110.00,114.50,224.50,0.500,Light (Music + Nav),6.66,12.09,365.60,2662.00,11499.37,376.32,,0,72,38.00,135,4071898,549706.23,4,fused
557916,000000557916.jpg,640x426,1,0.734199,1,1,TP,yolov8l_bsz4.ms,110.00,114.50,224.50,0.500,Light (Music + Nav),6.66,12.09,365.60,2662.00,11499.37,376.32,,0,72,38.00,135,4071898,549706.23,4,fused
163951,000000163951.jpg,427x640,1,0.733187,0,0,FP,yolov8l_bsz4.ms,108.50,118.00,226.50,0.500,Light (Music + Nav),5.90,12.09,343.39,2719.00,11499.37,433.05,,0,72,38.00,169,4073182,688367.76,4,fused
94614,000000094614.jpg,640x427,1,0.732866,1,1,TP,yolov8l_bsz4.ms,108.50,118.00,226.50,0.500,Light (Music + Nav),5.90,12.09,343.39,2719.00,11499.37,433.05,,0,72,38.00,169,4073182,688367.76,4,fused
161875,000000161875.jpg,640x422,1,0.730922,1,1,TP,yolov8l_bsz4.ms,108.50,118.00,226.50,0.500,Light (Music + Nav),5.90,12.09,343.39,2719.00,11499.37,433.05,,0,72,38.00,169,4073182,688367.76,4,fused
306437,000000306437.jpg,426x640,1,0.730418,1,1,TP,yolov8l_bsz4.ms,108.50,118.00,226.50,0.500,Light (Music + Nav),5.90,12.09,343.39,2719.00,11499.37,433.05,,0,72,38.00,169,4073182,688367.76,4,fused
148730,000000148730.jpg,640x427,1,0.730170,0,0,FP,yolov8l_bsz4.ms,108.50,117.25,225.75,0.500,Light (Music + Nav),5.77,11.71,290.05,2772.00,11499.37,484.79,,0,72,38.00,246,4075413,1002551.60,4,fused
236721,000000236721.jpg,640x480,1,0.730151,0,0,FP,yolov8l_bsz4.ms,108.50,117.25,225.75,0.500,Light (Music + Nav),5.77,11.71,290.05,2772.00,11499.37,484.79,,0,72,38.00,246,4075413,1002551.60,4,fused
413404,000000413404.jpg,640x427,1,0.728976,1,1,TP,yolov8l_bsz4.ms,108.50,117.25,225.75,0.500,Light (Music + Nav),5.77,11.71,290.05,2772.00,11499.37,484.79,,0,72,38.00,246,4075413,1002551.60,4,fused
322968,000000322968.jpg,480x640,1,0.728847,0,0,FP,yolov8l_bsz4.ms,108.50,117.25,225.75,0.500,Light (Music + Nav),5.77,11.71,290.05,2772.00,11499.37,484.79,,0,72,38.00,246,4075413,1002551.60,4,fused
295420,000000295420.jpg,640x480,1,0.728726,1,1,TP,yolov8l_bsz4.ms,108.25,129.50,237.75,0.500,Light (Music + Nav),5.64,11.71,366.25,2696.00,11499.37,406.86,,0,72,38.00,289,4076719,1178171.79,4,fused
80153,000000080153.jpg,428x640,1,0.728418,1,1,TP,yolov8l_bsz4.ms,108.25,129.50,237.75,0.500,Light (Music + Nav),5.64,11.71,366.25,2696.00,11499.37,406.86,,0,72,38.00,289,4076719,1178171.79,4,fused
410612,000000410612.jpg,500x334,1,0.727430,0,0,FP,yolov8l_bsz4.ms,108.25,129.50,237.75,0.500,Light (Music + Nav),5.64,11.71,366.25,2696.00,11499.37,406.86,,0,72,38.00,289,4076719,1178171.79,4,fused
306582,000000306582.jpg,640x480,1,0.727166,0,0,FP,yolov8l_bsz4.ms,108.25,129.50,237.75,0.500,Light (Music + Nav),5.64,11.71,366.25,2696.00,11499.37,406.86,,0,72,38.00,289,4076719,1178171.79,4,fused
186345,000000186345.jpg,640x431,1,0.727108,0,0,FP,yolov8l_bsz4.ms,115.75,113.75,229.50,0.500,Light (Music + Nav),5.52,10.77,365.87,2696.00,11499.37,406.15,,0,72,38.00,282,4076624,1149607.97,4,fused
294831,000000294831.jpg,640x361,1,0.726668,1,1,TP,yolov8l_bsz4.ms,115.75,113.75,229.50,0.500,Light (Music + Nav),5.52,10.77,365.87,2696.00,11499.37,406.15,,0,72,38.00,282,4076624,1149607.97,4,fused
39769,000000039769.jpg,640x480,1,0.726531,0,0,FP,yolov8l_bsz4.ms,115.75,113.75,229.50,0.500,Light (Music + Nav),5.52,10.77,365.87,2696.00,11499.37,406.15,,0,72,38.00,282,4076624,1149607.97,4,fused
154718,000000154718.jpg,375x500,1,0.725991,1,1,TP,yolov8l_bsz4.ms,115.75,113.75,229.50,0.500,Light (Music + Nav),5.52,10.77,365.87,2696.00,11499.37,406.15,,0,72,38.00,282,4076624,1149607.97,4,fused
286507,000000286507.jpg,640x434,1,0.725825,0,0,FP,yolov8l_bsz4.ms,108.25,117.75,226.00,0.500,Light (Music + Nav),5.48,10.77,345.58,2717.00,11499.37,425.10,,0,72,38.00,297,4077146,1210912.36,4,fused
248284,000000248284.jpg,427x640,1,0.725219,1,1,TP,yolov8l_bsz4.ms,108.25,117.75,226.00,0.500,Light (Music + Nav),5.48,10.77,345.58,2717.00,11499.37,425.10,,0,72,38.00,297,4077146,1210912.36,4,fused
166521,000000166521.jpg,640x426,1,0.724911,0,0,FP,yolov8l_bsz4.ms,108.25,117.75,226.00,0.500,Light (Music + Nav),5.48,10.77,345.58,2717.00,11499.37,425.10,,0,72,38.00,297,4077146,1210912.36,4,fused
546964,000000546964.jpg,640x478,1,0.724897,1,1,TP,yolov8l_bsz4.ms,108.25,117.75,226.00,0.500,Light (Music + Nav),5.48,10.77,345.58,2717.00,11499.37,425.10,,0,72,38.00,297,4077146,1210912.36,4,fused
463522,000000463522.jpg,640x480,1,0.724656,1,1,TP,yolov8l_bsz4.ms,108.50,112.50,221.00,0.500,Light (Music + Nav),5.48,10.77,290.32,2772.00,11499.37,479.36,,0,72,38.00,209,4074397,851548.97,4,fused
37751,000000037751.jpg,640x480,1,0.724581,1,1,TP,yolov8l_bsz4.ms,108.50,112.50,221.00,0.500,Light (Music + Nav),5.48,10.77,290.32,2772.00,11499.37,479.36,,0,72,38.00,209,4074397,851548.97,4,fused
474167,000000474167.jpg,427x640,1,0.724520,1,1,TP,yolov8l_bsz4.ms,108.50,112.50,221.00,0.500,Light (Music + Nav),5.48,10.77,290.32,2772.00,11499.37,479.36,,0,72,38.00,209,4074397,851548.97,4,fused
417911,000000417911.jpg,640x429,1,0.724485,1,1,TP,yolov8l_bsz4.ms,108.50,112.50,221.00,0.500,Light (Music + Nav),5.48,10.77,290.32,2772.00,11499.37,479.36,,0,72,38.00,209,4074397,851548.97,4,fused
456496,000000456496.jpg,640x426,1,0.724195,1,1,TP,yolov8l_bsz4.ms,108.50,133.25,241.75,0.500,Light (Music + Nav),5.39,10.18,366.82,2696.00,11499.37,401.74,,0,72,38.00,328,4078085,1337611.88,4,fused
150224,000000150224.jpg,640x427,1,0.723886,1,1,TP,yolov8l_bsz4.ms,108.50,133.25,241.75,0.500,Light (Music + Nav),5.39,10.18,366.82,2696.00,11499.37,401.74,,0,72,38.00,328,4078085,1337611.88,4,fused
312263,000000312263.jpg,527x640,1,0.723884,0,0,FP,yolov8l_bsz4.ms,108.50,133.25,241.75,0.500,Light (Music + Nav),5.39,10.18,366.82,2696.00,11499.37,401.74,,0,72,38.00,328,4078085,1337611.88,4,fused
250901,000000250901.jpg,640x426,1,0.723465,1,1,TP,yolov8l_bsz4.ms,108.50,133.25,241.75,0.500,Light (Music + Nav),5.39,10.18,366.82,2696.00,11499.37,401.74,,0,72,38.00,328,4078085,1337611.88,4,fused
102707,000000102707.jpg,612x612,1,0.723463,0,0,FP,yolov8l_bsz4.ms,108.25,114.00,222.25,0.500,Light (Music + Nav),5.39,10.18,366.84,2668.00,11499.37,373.02,,0,72,38.00,127,4071764,517114.03,4,fused
534601,000000534601.jpg,500x332,1,0.723413,0,0,FP,yolov8l_bsz4.ms,108.25,114.00,222.25,0.500,Light (Music + Nav),5.39,10.18,366.84,2668.00,11499.37,373.02,,0,72,38.00,127,4071764,517114.03,4,fused
253819,000000253819.jpg,640x427,1,0.723194,1,1,TP,yolov8l_bsz4.ms,108.25,114.00,222.25,0.500,Light (Music + Nav),5.39,10.18,366.84,2668.00,11499.37,373.02,,0,72,38.00,127,4071764,517114.03,4,fused
544811,000000544811.jpg,640x429,1,0.722992,0,0,FP,yolov8l_bsz4.ms,108.25,114.00,222.25,0.500,Light (Music + Nav),5.39,10.18,366.84,2668.00,11499.37,373.02,,0,72,38.00,127,4071764,517114.03,4,fused
104803,000000104803.jpg,375x500,1,0.722035,0,0,FP,yolov8l_bsz4.ms,108.50,130.25,238.75,0.500,Light (Music + Nav),5.44,10.97,344.11,2701.00,11499.37,404.76,,0,72,38.00,178,4073330,725052.74,4,fused
236592,000000236592.jpg,640x480,1,0.721770,0,0,FP,yolov8l_bsz4.ms,108.50,130.25,238.75,0.500,Light (Music + Nav),5.44,10.97,344.11,2701.00,11499.37,404.76,,0,72,38.00,178,4073330,725052.74,4,fused
293804,000000293804.jpg,500x333,1,0.720309,0,0,FP,yolov8l_bsz4.ms,108.50,130.25,238.75,0.500,Light (Music + Nav),5.44,10.97,344.11,2701.00,11499.37,404.76,,0,72,38.00,178,4073330,725052.74,4,fused
523807,000000523807.jpg,500x375,1,0.719730,1,1,TP,yolov8l_bsz4.ms,108.50,130.25,238.75,0.500,Light (Music + Nav),5.44,10.97,344.11,2701.00,11499.37,404.76,,0,72,38.00,178,4073330,725052.74,4,fused
516143,000000516143.jpg,640x480,1,0.718421,1,1,TP,yolov8l_bsz4.ms,108.00,123.50,231.50,0.500,Light (Music + Nav),8.99,10.97,288.94,2717.00,11499.37,419.31,,0,72,38.00,64,4069571,260452.54,4,fused
329542,000000329542.jpg,612x612,1,0.717325,1,1,TP,yolov8l_bsz4.ms,108.00,123.50,231.50,0.500,Light (Music + Nav),8.99,10.97,288.94,2717.00,11499.37,419.31,,0,72,38.00,64,4069571,260452.54,4,fused
196843,000000196843.jpg,640x480,1,0.717189,0,0,FP,yolov8l_bsz4.ms,108.00,123.50,231.50,0.500,Light (Music + Nav),8.99,10.97,288.94,2717.00,11499.37,419.31,,0,72,38.00,64,4069571,260452.54,4,fused
49269,000000049269.jpg,431x640,1,0.716380,0,0,FP,yolov8l_bsz4.ms,108.00,123.50,231.50,0.500,Light (Music + Nav),8.99,10.97,288.94,2717.00,11499.37,419.31,,0,72,38.00,64,4069571,260452.54,4,fused
230362,000000230362.jpg,640x478,1,0.716148,0,0,FP,yolov8l_bsz4.ms,107.00,111.50,218.50,0.500,Light (Music + Nav),6.21,15.06,368.28,2661.00,11499.37,362.02,,0,72,38.00,171,4073039,696489.67,4,fused
26941,000000026941.jpg,640x427,1,0.715903,1,1,TP,yolov8l_bsz4.ms,107.00,111.50,218.50,0.500,Light (Music + Nav),6.21,15.06,368.28,2661.00,11499.37,362.02,,0,72,38.00,171,4073039,696489.67,4,fused
494869,000000494869.jpg,427x640,1,0.715824,1,1,TP,yolov8l_bsz4.ms,107.00,111.50,218.50,0.500,Light (Music + Nav),6.21,15.06,368.28,2661.00,11499.37,362.02,,0,72,38.00,171,4073039,696489.67,4,fused
279714,000000279714.jpg,425x640,1,0.715543,0,0,FP,yolov8l_bsz4.ms,107.00,111.50,218.50,0.500,Light (Music + Nav),6.21,15.06,368.28,2661.00,11499.37,362.02,,0,72,38.00,171,4073039,696489.67,4,fused
250127,000000250127.jpg,640x640,1,0.715496,1,1,TP,yolov8l_bsz4.ms,109.00,121.00,230.00,0.500,Light (Music + Nav),6.06,15.06,366.30,2670.00,11499.37,369.67,,0,72,38.00,163,4072670,663845.21,4,fused
120777,000000120777.jpg,500x375,1,0.715369,0,0,FP,yolov8l_bsz4.ms,109.00,121.00,230.00,0.500,Light (Music + Nav),6.06,15.06,366.30,2670.00,11499.37,369.67,,0,72,38.00,163,4072670,663845.21,4,fused
88265,000000088265.jpg,427x640,1,0.715367,0,0,FP,yolov8l_bsz4.ms,109.00,121.00,230.00,0.500,Light (Music + Nav),6.06,15.06,366.30,2670.00,11499.37,369.67,,0,72,38.00,163,4072670,663845.21,4,fused
499266,000000499266.jpg,640x480,1,0.715342,1,1,TP,yolov8l_bsz4.ms,109.00,121.00,230.00,0.500,Light (Music + Nav),6.06,15.06,366.30,2670.00,11499.37,369.67,,0,72,38.00,163,4072670,663845.21,4,fused
119233,000000119233.jpg,500x334,1,0.714810,0,0,FP,yolov8l_bsz4.ms,107.75,124.00,231.75,0.500,Light (Music + Nav),5.92,12.02,346.21,2709.00,11499.37,407.82,,0,72,38.00,161,4072619,655691.66,4,fused
393282,000000393282.jpg,640x640,1,0.714806,0,0,FP,yolov8l_bsz4.ms,107.75,124.00,231.75,0.500,Light (Music + Nav),5.92,12.02,346.21,2709.00,11499.37,407.82,,0,72,38.00,161,4072619,655691.66,4,fused
109900,000000109900.jpg,640x478,1,0.713617,1,1,TP,yolov8l_bsz4.ms,107.75,124.00,231.75,0.500,Light (Music + Nav),5.92,12.02,346.21,2709.00,11499.37,407.82,,0,72,38.00,161,4072619,655691.66,4,fused
568290,000000568290.jpg,640x427,1,0.711884,1,1,TP,yolov8l_bsz4.ms,107.75,124.00,231.75,0.500,Light (Music + Nav),5.92,12.02,346.21,2709.00,11499.37,407.82,,0,72,38.00,161,4072619,655691.66,4,fused
36660,000000036660.jpg,500x323,1,0.711658,1,1,TP,yolov8l_bsz4.ms,108.25,121.25,229.50,0.500,Light (Music + Nav),5.82,12.02,290.02,2765.00,11499.37,462.61,,0,72,38.00,200,4074145,814829.00,4,fused
499775,000000499775.jpg,640x480,1,0.710953,0,0,FP,yolov8l_bsz4.ms,108.25,121.25,229.50,0.500,Light (Music + Nav),5.82,12.02,290.02,2765.00,11499.37,462.61,,0,72,38.00,200,4074145,814829.00,4,fused
79031,000000079031.jpg,640x427,1,0.710635,1,1,TP,yolov8l_bsz4.ms,108.25,121.25,229.50,0.500,Light (Music + Nav),5.82,12.02,290.02,2765.00,11499.37,462.61,,0,72,38.00,200,4074145,814829.00,4,fused
421060,000000421060.jpg,640x418,1,0.710313,1,1,TP,yolov8l_bsz4.ms,108.25,121.25,229.50,0.500,Light (Music + Nav),5.82,12.02,290.02,2765.00,11499.37,462.61,,0,72,38.00,200,4074145,814829.00,4,fused
138550,000000138550.jpg,640x428,1,0.710249,0,0,FP,yolov8l_bsz4.ms,107.25,117.00,224.25,0.500,Light (Music + Nav),5.69,10.98,364.93,2690.00,11499.37,386.56,,0,72,38.00,147,4072377,598639.42,4,fused
168330,000000168330.jpg,640x390,1,0.710139,0,0,FP,yolov8l_bsz4.ms,107.25,117.00,224.25,0.500,Light (Music + Nav),5.69,10.98,364.93,2690.00,11499.37,386.56,,0,72,38.00,147,4072377,598639.42,4,fused
54628,000000054628.jpg,375x500,1,0.708908,1,1,TP,yolov8l_bsz4.ms,107.25,117.00,224.25,0.500,Light (Music + Nav),5.69,10.98,364.93,2690.00,11499.37,386.56,,0,72,38.00,147,4072377,598639.42,4,fused
319696,000000319696.jpg,500x333,1,0.707900,0,0,FP,yolov8l_bsz4.ms,107.25,117.00,224.25,0.500,Light (Music + Nav),5.69,10.98,364.93,2690.00,11499.37,386.56,,0,72,38.00,147,4072377,598639.42,4,fused
286908,000000286908.jpg,640x640,1,0.707765,0,0,FP,yolov8l_bsz4.ms,110.50,121.50,232.00,0.500,Light (Music + Nav),5.62,10.98,370.07,2685.00,11499.37,379.93,,0,72,38.00,175,4073178,712806.15,4,fused
42628,000000042628.jpg,640x426,1,0.707729,1,1,TP,yolov8l_bsz4.ms,110.50,121.50,232.00,0.500,Light (Music + Nav),5.62,10.98,370.07,2685.00,11499.37,379.93,,0,72,38.00,175,4073178,712806.15,4,fused
468124,000000468124.jpg,640x459,1,0.706879,1,1,TP,yolov8l_bsz4.ms,110.50,121.50,232.00,0.500,Light (Music + Nav),5.62,10.98,370.07,2685.00,11499.37,379.93,,0,72,38.00,175,4073178,712806.15,4,fused
311789,000000311789.jpg,640x427,1,0.706390,0,0,FP,yolov8l_bsz4.ms,110.50,121.50,232.00,0.500,Light (Music + Nav),5.62,10.98,370.07,2685.00,11499.37,379.93,,0,72,38.00,175,4073178,712806.15,4,fused
22192,000000022192.jpg,640x426,1,0.705606,0,0,FP,yolov8l_bsz4.ms,108.50,100.50,209.00,0.500,Light (Music + Nav),5.58,10.98,342.55,2712.00,11499.37,406.22,,0,72,38.00,264,4075892,1076035.49,4,fused
235784,000000235784.jpg,640x459,1,0.704172,1,1,TP,yolov8l_bsz4.ms,108.50,100.50,209.00,0.500,Light (Music + Nav),5.58,10.98,342.55,2712.00,11499.37,406.22,,0,72,38.00,264,4075892,1076035.49,4,fused
347163,000000347163.jpg,640x427,1,0.703822,0,0,FP,yolov8l_bsz4.ms,108.50,100.50,209.00,0.500,Light (Music + Nav),5.58,10.98,342.55,2712.00,11499.37,406.22,,0,72,38.00,264,4075892,1076035.49,4,fused
423798,000000423798.jpg,640x320,1,0.702686,0,0,FP,yolov8l_bsz4.ms,108.50,100.50,209.00,0.500,Light (Music + Nav),5.58,10.98,342.55,2712.00,11499.37,406.22,,0,72,38.00,264,4075892,1076035.49,4,fused
504074,000000504074.jpg,640x427,1,0.702664,1,1,TP,yolov8l_bsz4.ms,108.25,120.50,228.75,0.500,Light (Music + Nav),5.54,10.98,289.41,2765.00,11499.37,457.62,,0,72,38.00,293,4076929,1194540.20,4,fused
295809,000000295809.jpg,640x512,1,0.702389,1,1,TP,yolov8l_bsz4.ms,108.25,120.50,228.75,0.500,Light (Music + Nav),5.54,10.98,289.41,2765.00,11499.37,457.62,,0,72,38.00,293,4076929,1194540.20,4,fused
165681,000000165681.jpg,640x444,1,0.702195,1,1,TP,yolov8l_bsz4.ms,108.25,120.50,228.75,0.500,Light (Music + Nav),5.54,10.98,289.41,2765.00,11499.37,457.62,,0,72,38.00,293,4076929,1194540.20,4,fused
186449,000000186449.jpg,436x640,1,0.702033,1,1,TP,yolov8l_bsz4.ms,108.25,120.50,228.75,0.500,Light (Music + Nav),5.54,10.98,289.41,2765.00,11499.37,457.62,,0,72,38.00,293,4076929,1194540.20,4,fused
32941,000000032941.jpg,458x640,1,0.701639,1,1,TP,yolov8l_bsz4.ms,106.50,117.75,224.25,0.500,Light (Music + Nav),5.51,10.98,366.47,2687.00,11499.37,379.12,,0,72,38.00,266,4076011,1084218.93,4,fused
435208,000000435208.jpg,480x640,1,0.701142,1,1,TP,yolov8l_bsz4.ms,106.50,117.75,224.25,0.500,Light (Music + Nav),5.51,10.98,366.47,2687.00,11499.37,379.12,,0,72,38.00,266,4076011,1084218.93,4,fused
6723,000000006723.jpg,640x361,1,0.700983,0,0,FP,yolov8l_bsz4.ms,106.50,117.75,224.25,0.500,Light (Music + Nav),5.51,10.98,366.47,2687.00,11499.37,379.12,,0,72,38.00,266,4076011,1084218.93,4,fused
347174,000000347174.jpg,427x640,1,0.700828,1,1,TP,yolov8l_bsz4.ms,106.50,117.75,224.25,0.500,Light (Music + Nav),5.51,10.98,366.47,2687.00,11499.37,379.12,,0,72,38.00,266,4076011,1084218.93,4,fused
144932,000000144932.jpg,640x425,1,0.699336,1,1,TP,yolov8l_bsz4.ms,109.00,113.00,222.00,0.500,Light (Music + Nav),8.05,10.49,366.75,2687.00,11499.37,377.32,,0,72,38.00,228,4074967,929092.48,4,fused
5600,000000005600.jpg,640x361,1,0.698713,0,0,FP,yolov8l_bsz4.ms,109.00,113.00,222.00,0.500,Light (Music + Nav),8.05,10.49,366.75,2687.00,11499.37,377.32,,0,72,38.00,228,4074967,929092.48,4,fused
42276,000000042276.jpg,375x500,1,0.698574,0,0,FP,yolov8l_bsz4.ms,109.00,113.00,222.00,0.500,Light (Music + Nav),8.05,10.49,366.75,2687.00,11499.37,377.32,,0,72,38.00,228,4074967,929092.48,4,fused
303305,000000303305.jpg,640x480,1,0.698030,1,1,TP,yolov8l_bsz4.ms,109.00,113.00,222.00,0.500,Light (Music + Nav),8.05,10.49,366.75,2687.00,11499.37,377.32,,0,72,38.00,228,4074967,929092.48,4,fused
248810,000000248810.jpg,375x500,1,0.697234,1,1,TP,yolov8l_bsz4.ms,108.25,124.50,232.75,0.500,Light (Music + Nav),5.37,10.49,343.69,2709.00,11499.37,398.25,,0,72,38.00,242,4075248,986210.02,4,fused
220732,000000220732.jpg,640x480,1,0.697104,1,1,TP,yolov8l_bsz4.ms,108.25,124.50,232.75,0.500,Light (Music + Nav),5.37,10.49,343.69,2709.00,11499.37,398.25,,0,72,38.00,242,4075248,986210.02,4,fused
416330,000000416330.jpg,640x480,1,0.696846,0,0,FP,yolov8l_bsz4.ms,108.25,124.50,232.75,0.500,Light (Music + Nav),5.37,10.49,343.69,2709.00,11499.37,398.25,,0,72,38.00,242,4075248,986210.02,4,fused
289343,000000289343.jpg,529x640,1,0.695900,1,1,TP,yolov8l_bsz4.ms,108.25,124.50,232.75,0.500,Light (Music + Nav),5.37,10.49,343.69,2709.00,11499.37,398.25,,0,72,38.00,242,4075248,986210.02,4,fused
493334,000000493334.jpg,500x311,1,0.694910,0,0,FP,yolov8l_bsz4.ms,108.50,118.75,227.25,0.500,Light (Music + Nav),5.47,10.24,288.37,2764.00,11499.37,452.39,,0,72,38.00,154,4072609,627181.79,4,fused
257084,000000257084.jpg,500x333,1,0.694564,1,1,TP,yolov8l_bsz4.ms,108.50,118.75,227.25,0.500,Light (Music + Nav),5.47,10.24,288.37,2764.00,11499.37,452.39,,0,72,38.00,154,4072609,627181.79,4,fused
215114,000000215114.jpg,548x640,1,0.694434,1,1,TP,yolov8l_bsz4.ms,108.50,118.75,227.25,0.500,Light (Music + Nav),5.47,10.24,288.37,2764.00,11499.37,452.39,,0,72,38.00,154,4072609,627181.79,4,fused
505451,000000505451.jpg,444x265,1,0.694343,1,1,TP,yolov8l_bsz4.ms,108.50,118.75,227.25,0.500,Light (Music + Nav),5.47,10.24,288.37,2764.00,11499.37,452.39,,0,72,38.00,154,4072609,627181.79,4,fused
396903,000000396903.jpg,640x427,1,0.693979,1,1,TP,yolov8l_bsz4.ms,108.25,125.25,233.50,0.500,Light (Music + Nav),5.28,10.24,367.44,2685.00,11499.37,371.88,,0,72,38.00,254,4075522,1035182.59,4,fused
346638,000000346638.jpg,640x480,1,0.693377,0,0,FP,yolov8l_bsz4.ms,108.25,125.25,233.50,0.500,Light (Music + Nav),5.28,10.24,367.44,2685.00,11499.37,371.88,,0,72,38.00,254,4075522,1035182.59,4,fused
414385,000000414385.jpg,640x480,1,0.692229,1,1,TP,yolov8l_bsz4.ms,108.25,125.25,233.50,0.500,Light (Music + Nav),5.28,10.24,367.44,2685.00,11499.37,371.88,,0,72,38.00,254,4075522,1035182.59,4,fused
213593,000000213593.jpg,640x426,1,0.692165,1,1,TP,yolov8l_bsz4.ms,108.25,125.25,233.50,0.500,Light (Music + Nav),5.28,10.24,367.44,2685.00,11499.37,371.88,,0,72,38.00,254,4075522,1035182.59,4,fused
40036,000000040036.jpg,640x427,1,0.691947,1,1,TP,yolov8l_bsz4.ms,108.00,117.75,225.75,0.500,Light (Music + Nav),5.31,10.24,364.41,2688.00,11499.37,373.10,,0,72,38.00,226,4074709,920884.23,4,fused
229997,000000229997.jpg,640x427,1,0.691879,0,0,FP,yolov8l_bsz4.ms,108.00,117.75,225.75,0.500,Light (Music + Nav),5.31,10.24,364.41,2688.00,11499.37,373.10,,0,72,38.00,226,4074709,920884.23,4,fused
453584,000000453584.jpg,640x480,1,0.691415,0,0,FP,yolov8l_bsz4.ms,108.00,117.75,225.75,0.500,Light (Music + Nav),5.31,10.24,364.41,2688.00,11499.37,373.10,,0,72,38.00,226,4074709,920884.23,4,fused
572303,000000572303.jpg,640x480,1,0.691008,0,0,FP,yolov8l_bsz4.ms,108.00,117.75,225.75,0.500,Light (Music + Nav),5.31,10.24,364.41,2688.00,11499.37,373.10,,0,72,38.00,226,4074709,920884.23,4,fused
321887,000000321887.jpg,640x424,1,0.690963,0,0,FP,yolov8l_bsz4.ms,108.50,124.00,232.50,0.500,Light (Music + Nav),5.46,9.84,345.99,2706.00,11499.37,389.97,,0,72,38.00,240,4075381,978091.44,4,fused
123131,000000123131.jpg,640x427,1,0.690571,0,0,FP,yolov8l_bsz4.ms,108.50,124.00,232.50,0.500,Light (Music + Nav),5.46,9.84,345.99,2706.00,11499.37,389.97,,0,72,38.00,240,4075381,978091.44,4,fused
7386,000000007386.jpg,600x400,1,0.689710,0,0,FP,yolov8l_bsz4.ms,108.50,124.00,232.50,0.500,Light (Music + Nav),5.46,9.84,345.99,2706.00,11499.37,389.97,,0,72,38.00,240,4075381,978091.44,4,fused
359855,000000359855.jpg,640x510,1,0.689478,0,0,FP,yolov8l_bsz4.ms,108.50,124.00,232.50,0.500,Light (Music + Nav),5.46,9.84,345.99,2706.00,11499.37,389.97,,0,72,38.00,240,4075381,978091.44,4,fused
80659,000000080659.jpg,640x427,1,0.689298,1,1,TP,yolov8l_bsz4.ms,107.75,111.25,219.00,0.500,Light (Music + Nav),5.41,9.84,290.23,2762.00,11499.37,444.61,,0,72,38.00,232,4074322,945242.70,4,fused
128051,000000128051.jpg,640x360,1,0.689268,0,0,FP,yolov8l_bsz4.ms,107.75,111.25,219.00,0.500,Light (Music + Nav),5.41,9.84,290.23,2762.00,11499.37,444.61,,0,72,38.00,232,4074322,945242.70,4,fused
134856,000000134856.jpg,640x480,1,0.688319,1,1,TP,yolov8l_bsz4.ms,107.75,111.25,219.00,0.500,Light (Music + Nav),5.41,9.84,290.23,2762.00,11499.37,444.61,,0,72,38.00,232,4074322,945242.70,4,fused
161609,000000161609.jpg,640x480,1,0.686814,1,1,TP,yolov8l_bsz4.ms,107.75,111.25,219.00,0.500,Light (Music + Nav),5.41,9.84,290.23,2762.00,11499.37,444.61,,0,72,38.00,232,4074322,945242.70,4,fused
161799,000000161799.jpg,640x427,1,0.686365,1,1,TP,yolov8l_bsz4.ms,106.75,133.00,239.75,0.500,Light (Music + Nav),5.39,10.21,366.62,2684.00,11499.37,365.92,,0,72,38.00,195,4073830,794396.85,4,fused
315492,000000315492.jpg,612x612,1,0.686062,1,1,TP,yolov8l_bsz4.ms,106.75,133.00,239.75,0.500,Light (Music + Nav),5.39,10.21,366.62,2684.00,11499.37,365.92,,0,72,38.00,195,4073830,794396.85,4,fused
280325,000000280325.jpg,500x377,1,0.685916,0,0,FP,yolov8l_bsz4.ms,106.75,133.00,239.75,0.500,Light (Music + Nav),5.39,10.21,366.62,2684.00,11499.37,365.92,,0,72,38.00,195,4073830,794396.85,4,fused
173057,000000173057.jpg,480x640,1,0.685711,1,1,TP,yolov8l_bsz4.ms,106.75,133.00,239.75,0.500,Light (Music + Nav),5.39,10.21,366.62,2684.00,11499.37,365.92,,0,72,38.00,195,4073830,794396.85,4,fused
27982,000000027982.jpg,500x334,1,0.684686,0,0,FP,yolov8l_bsz4.ms,109.00,106.75,215.75,0.500,Light (Music + Nav),5.39,10.21,364.81,2686.00,11499.37,366.44,,0,72,38.00,227,4074429,924895.38,4,fused
369675,000000369675.jpg,640x429,1,0.684208,1,1,TP,yolov8l_bsz4.ms,109.00,106.75,215.75,0.500,Light (Music + Nav),5.39,10.21,364.81,2686.00,11499.37,366.44,,0,72,38.00,227,4074429,924895.38,4,fused
398237,000000398237.jpg,640x480,1,0.683766,1,1,TP,yolov8l_bsz4.ms,109.00,106.75,215.75,0.500,Light (Music + Nav),5.39,10.21,364.81,2686.00,11499.37,366.44,,0,72,38.00,227,4074429,924895.38,4,fused
392481,000000392481.jpg,640x427,1,0.683625,0,0,FP,yolov8l_bsz4.ms,109.00,106.75,215.75,0.500,Light (Music + Nav),5.39,10.21,364.81,2686.00,11499.37,366.44,,0,72,38.00,227,4074429,924895.38,4,fused
400161,000000400161.jpg,640x480,1,0.683602,1,1,TP,yolov8l_bsz4.ms,107.00,113.50,220.50,0.500,Light (Music + Nav),5.39,10.22,363.28,2687.00,11499.37,367.13,,0,72,38.00,192,4073674,782145.41,4,fused
243344,000000243344.jpg,480x640,1,0.683284,0,0,FP,yolov8l_bsz4.ms,107.00,113.50,220.50,0.500,Light (Music + Nav),5.39,10.22,363.28,2687.00,11499.37,367.13,,0,72,38.00,192,4073674,782145.41,4,fused
576566,000000576566.jpg,469x640,1,0.683233,1,1,TP,yolov8l_bsz4.ms,107.00,113.50,220.50,0.500,Light (Music + Nav),5.39,10.22,363.28,2687.00,11499.37,367.13,,0,72,38.00,192,4073674,782145.41,4,fused
333237,000000333237.jpg,640x409,1,0.683202,0,0,FP,yolov8l_bsz4.ms,107.00,113.50,220.50,0.500,Light (Music + Nav),5.39,10.22,363.28,2687.00,11499.37,367.13,,0,72,38.00,192,4073674,782145.41,4,fused
485844,000000485844.jpg,576x396,1,0.682215,1,1,TP,yolov8l_bsz4.ms,108.00,132.00,240.00,0.500,Light (Music + Nav),5.39,10.22,288.76,2761.00,11499.37,440.38,,0,72,38.00,231,4074748,941266.79,4,fused
408774,000000408774.jpg,500x333,1,0.682209,1,1,TP,yolov8l_bsz4.ms,108.00,132.00,240.00,0.500,Light (Music + Nav),5.39,10.22,288.76,2761.00,11499.37,440.38,,0,72,38.00,231,4074748,941266.79,4,fused
442661,000000442661.jpg,640x480,1,0.681732,0,0,FP,yolov8l_bsz4.ms,108.00,132.00,240.00,0.500,Light (Music + Nav),5.39,10.22,288.76,2761.00,11499.37,440.38,,0,72,38.00,231,4074748,941266.79,4,fused
293245,000000293245.jpg,640x480,1,0.681567,0,0,FP,yolov8l_bsz4.ms,108.00,132.00,240.00,0.500,Light (Music + Nav),5.39,10.22,288.76,2761.00,11499.37,440.38,,0,72,38.00,231,4074748,941266.79,4,fused
520832,000000520832.jpg,640x480,1,0.680613,1,1,TP,yolov8l_bsz4.ms,107.00,128.00,235.00,0.500,Light (Music + Nav),7.94,14.26,367.59,2682.00,11499.37,359.79,,0,72,38.00,231,4074576,941227.06,4,fused
276434,000000276434.jpg,640x427,1,0.680497,1,1,TP,yolov8l_bsz4.ms,107.00,128.00,235.00,0.500,Light (Music + Nav),7.94,14.26,367.59,2682.00,11499.37,359.79,,0,72,38.00,231,4074576,941227.06,4,fused
37670,000000037670.jpg,640x480,1,0.680348,1,1,TP,yolov8l_bsz4.ms,107.00,128.00,235.00,0.500,Light (Music + Nav),7.94,14.26,367.59,2682.00,11499.37,359.79,,0,72,38.00,231,4074576,941227.06,4,fused
315001,000000315001.jpg,640x639,1,0.680218,0,0,FP,yolov8l_bsz4.ms,107.00,128.00,235.00,0.500,Light (Music + Nav),7.94,14.26,367.59,2682.00,11499.37,359.79,,0,72,38.00,231,4074576,941227.06,4,fused
204871,000000204871.jpg,612x612,1,0.679776,1,1,TP,yolov8l_bsz4.ms,108.50,117.50,226.00,0.500,Light (Music + Nav),6.11,14.26,367.32,2751.00,11499.37,426.77,,0,72,38.00,77,4069916,313383.53,4,fused
495054,000000495054.jpg,640x433,1,0.679425,0,0,FP,yolov8l_bsz4.ms,108.50,117.50,226.00,0.500,Light (Music + Nav),6.11,14.26,367.32,2751.00,11499.37,426.77,,0,72,38.00,77,4069916,313383.53,4,fused
505565,000000505565.jpg,640x424,1,0.679313,0,0,FP,yolov8l_bsz4.ms,108.50,117.50,226.00,0.500,Light (Music + Nav),6.11,14.26,367.32,2751.00,11499.37,426.77,,0,72,38.00,77,4069916,313383.53,4,fused
318238,000000318238.jpg,478x640,1,0.679085,0,0,FP,yolov8l_bsz4.ms,108.50,117.50,226.00,0.500,Light (Music + Nav),6.11,14.26,367.32,2751.00,11499.37,426.77,,0,72,38.00,77,4069916,313383.53,4,fused
435880,000000435880.jpg,640x480,1,0.678744,0,0,FP,yolov8l_bsz4.ms,108.50,109.50,218.00,0.500,Light (Music + Nav),5.92,14.26,343.81,2775.00,11499.37,449.02,,0,72,38.00,217,4074153,884091.20,4,fused
332455,000000332455.jpg,425x640,1,0.678532,0,0,FP,yolov8l_bsz4.ms,108.50,109.50,218.00,0.500,Light (Music + Nav),5.92,14.26,343.81,2775.00,11499.37,449.02,,0,72,38.00,217,4074153,884091.20,4,fused
555705,000000555705.jpg,640x371,1,0.678038,0,0,FP,yolov8l_bsz4.ms,108.50,109.50,218.00,0.500,Light (Music + Nav),5.92,14.26,343.81,2775.00,11499.37,449.02,,0,72,38.00,217,4074153,884091.20,4,fused
132587,000000132587.jpg,640x425,1,0.677424,1,1,TP,yolov8l_bsz4.ms,108.50,109.50,218.00,0.500,Light (Music + Nav),5.92,14.26,343.81,2775.00,11499.37,449.02,,0,72,38.00,217,4074153,884091.20,4,fused
476258,000000476258.jpg,640x367,1,0.677356,1,1,TP,yolov8l_bsz4.ms,108.25,114.25,222.50,0.500,Light (Music + Nav),5.85,11.32,289.34,2829.00,11499.37,501.92,,0,72,38.00,181,4073126,737235.81,4,fused
50844,000000050844.jpg,334x500,1,0.677241,0,0,FP,yolov8l_bsz4.ms,108.25,114.25,222.50,0.500,Light (Music + Nav),5.85,11.32,289.34,2829.00,11499.37,501.92,,0,72,38.00,181,4073126,737235.81,4,fused
393838,000000393838.jpg,640x427,1,0.676786,0,0,FP,yolov8l_bsz4.ms,108.25,114.25,222.50,0.500,Light (Music + Nav),5.85,11.32,289.34,2829.00,11499.37,501.92,,0,72,38.00,181,4073126,737235.81,4,fused
287874,000000287874.jpg,640x434,1,0.676694,1,1,TP,yolov8l_bsz4.ms,108.25,114.25,222.50,0.500,Light (Music + Nav),5.85,11.32,289.34,2829.00,11499.37,501.92,,0,72,38.00,181,4073126,737235.81,4,fused
43737,000000043737.jpg,480x640,1,0.675861,0,0,FP,yolov8l_bsz4.ms,107.75,125.50,233.25,0.500,Light (Music + Nav),5.67,11.32,366.70,2751.00,11499.37,423.31,,0,72,38.00,182,4073230,741327.86,4,fused
31735,000000031735.jpg,640x480,1,0.674541,0,0,FP,yolov8l_bsz4.ms,107.75,125.50,233.25,0.500,Light (Music + Nav),5.67,11.32,366.70,2751.00,11499.37,423.31,,0,72,38.00,182,4073230,741327.86,4,fused
488673,000000488673.jpg,480x640,1,0.674462,1,1,TP,yolov8l_bsz4.ms,107.75,125.50,233.25,0.500,Light (Music + Nav),5.67,11.32,366.70,2751.00,11499.37,423.31,,0,72,38.00,182,4073230,741327.86,4,fused
22396,000000022396.jpg,640x495,1,0.674375,0,0,FP,yolov8l_bsz4.ms,107.75,125.50,233.25,0.500,Light (Music + Nav),5.67,11.32,366.70,2751.00,11499.37,423.31,,0,72,38.00,182,4073230,741327.86,4,fused
471789,000000471789.jpg,640x480,1,0.674121,1,1,TP,yolov8l_bsz4.ms,108.25,127.00,235.25,0.500,Light (Music + Nav),5.67,10.69,367.01,2750.00,11499.37,421.48,,0,72,38.00,146,4072017,594514.48,4,fused
331075,000000331075.jpg,640x606,1,0.674024,0,0,FP,yolov8l_bsz4.ms,108.25,127.00,235.25,0.500,Light (Music + Nav),5.67,10.69,367.01,2750.00,11499.37,421.48,,0,72,38.00,146,4072017,594514.48,4,fused
304180,000000304180.jpg,640x418,1,0.673842,1,1,TP,yolov8l_bsz4.ms,108.25,127.00,235.25,0.500,Light (Music + Nav),5.67,10.69,367.01,2750.00,11499.37,421.48,,0,72,38.00,146,4072017,594514.48,4,fused
507081,000000507081.jpg,640x640,1,0.673153,0,0,FP,yolov8l_bsz4.ms,108.25,127.00,235.25,0.500,Light (Music + Nav),5.67,10.69,367.01,2750.00,11499.37,421.48,,0,72,38.00,146,4072017,594514.48,4,fused
325031,000000325031.jpg,640x608,1,0.673084,1,1,TP,yolov8l_bsz4.ms,108.00,129.00,237.00,0.500,Light (Music + Nav),5.72,10.69,363.64,2754.00,11499.37,423.63,,0,72,38.00,100,4070635,407063.50,4,fused
525600,000000525600.jpg,640x326,1,0.672794,0,0,FP,yolov8l_bsz4.ms,108.00,129.00,237.00,0.500,Light (Music + Nav),5.72,10.69,363.64,2754.00,11499.37,423.63,,0,72,38.00,100,4070635,407063.50,4,fused
310862,000000310862.jpg,612x612,1,0.672781,1,1,TP,yolov8l_bsz4.ms,108.00,129.00,237.00,0.500,Light (Music + Nav),5.72,10.69,363.64,2754.00,11499.37,423.63,,0,72,38.00,100,4070635,407063.50,4,fused
524456,000000524456.jpg,640x480,1,0.672750,1,1,TP,yolov8l_bsz4.ms,108.00,129.00,237.00,0.500,Light (Music + Nav),5.72,10.69,363.64,2754.00,11499.37,423.63,,0,72,38.00,100,4070635,407063.50,4,fused
52007,000000052007.jpg,480x640,1,0.672520,1,1,TP,yolov8l_bsz4.ms,108.25,118.50,226.75,0.500,Light (Music + Nav),5.68,10.63,364.90,2752.00,11499.37,420.26,,0,72,38.00,45,4068955,183102.98,4,fused
80413,000000080413.jpg,640x480,1,0.671518,0,0,FP,yolov8l_bsz4.ms,108.25,118.50,226.75,0.500,Light (Music + Nav),5.68,10.63,364.90,2752.00,11499.37,420.26,,0,72,38.00,45,4068955,183102.98,4,fused
465129,000000465129.jpg,640x480,1,0.671144,1,1,TP,yolov8l_bsz4.ms,108.25,118.50,226.75,0.500,Light (Music + Nav),5.68,10.63,364.90,2752.00,11499.37,420.26,,0,72,38.00,45,4068955,183102.98,4,fused
33109,000000033109.jpg,640x480,1,0.670871,0,0,FP,yolov8l_bsz4.ms,108.25,118.50,226.75,0.500,Light (Music + Nav),5.68,10.63,364.90,2752.00,11499.37,420.26,,0,72,38.00,45,4068955,183102.98,4,fused
478393,000000478393.jpg,480x640,1,0.668623,0,0,FP,yolov8l_bsz4.ms,110.00,108.75,218.75,0.500,Light (Music + Nav),5.64,10.63,364.72,2751.00,11499.37,418.36,,0,72,38.00,255,4075082,1039145.91,4,fused
282046,000000282046.jpg,500x298,1,0.668171,0,0,FP,yolov8l_bsz4.ms,110.00,108.75,218.75,0.500,Light (Music + Nav),5.64,10.63,364.72,2751.00,11499.37,418.36,,0,72,38.00,255,4075082,1039145.91,4,fused
350023,000000350023.jpg,640x480,1,0.667472,1,1,TP,yolov8l_bsz4.ms,110.00,108.75,218.75,0.500,Light (Music + Nav),5.64,10.63,364.72,2751.00,11499.37,418.36,,0,72,38.00,255,4075082,1039145.91,4,fused
166563,000000166563.jpg,640x408,1,0.667378,0,0,FP,yolov8l_bsz4.ms,110.00,108.75,218.75,0.500,Light (Music + Nav),5.64,10.63,364.72,2751.00,11499.37,418.36,,0,72,38.00,255,4075082,1039145.91,4,fused
296231,000000296231.jpg,640x480,1,0.666761,1,1,TP,yolov8l_bsz4.ms,108.25,125.25,233.50,0.500,Light (Music + Nav),5.68,10.82,344.93,2771.00,11499.37,436.39,,0,72,38.00,263,4075511,1071859.39,4,fused
393469,000000393469.jpg,480x640,1,0.666225,1,1,TP,yolov8l_bsz4.ms,108.25,125.25,233.50,0.500,Light (Music + Nav),5.68,10.82,344.93,2771.00,11499.37,436.39,,0,72,38.00,263,4075511,1071859.39,4,fused
460967,000000460967.jpg,604x640,1,0.666096,1,1,TP,yolov8l_bsz4.ms,108.25,125.25,233.50,0.500,Light (Music + Nav),5.68,10.82,344.93,2771.00,11499.37,436.39,,0,72,38.00,263,4075511,1071859.39,4,fused
216636,000000216636.jpg,640x427,1,0.665532,0,0,FP,yolov8l_bsz4.ms,108.25,125.25,233.50,0.500,Light (Music + Nav),5.68,10.82,344.93,2771.00,11499.37,436.39,,0,72,38.00,263,4075511,1071859.39,4,fused
335529,000000335529.jpg,640x480,1,0.664769,0,0,FP,yolov8l_bsz4.ms,107.50,115.00,222.50,0.500,Light (Music + Nav),8.02,10.82,291.03,2824.00,11499.37,488.73,,0,72,38.00,257,4075421,1047383.20,4,fused
91495,000000091495.jpg,640x447,1,0.663029,1,1,TP,yolov8l_bsz4.ms,107.50,115.00,222.50,0.500,Light (Music + Nav),8.02,10.82,291.03,2824.00,11499.37,488.73,,0,72,38.00,257,4075421,1047383.20,4,fused
227511,000000227511.jpg,500x375,1,0.662505,0,0,FP,yolov8l_bsz4.ms,107.50,115.00,222.50,0.500,Light (Music + Nav),8.02,10.82,291.03,2824.00,11499.37,488.73,,0,72,38.00,257,4075421,1047383.20,4,fused
110282,000000110282.jpg,640x418,1,0.662001,0,0,FP,yolov8l_bsz4.ms,107.50,115.00,222.50,0.500,Light (Music + Nav),8.02,10.82,291.03,2824.00,11499.37,488.73,,0,72,38.00,257,4075421,1047383.20,4,fused
357238,000000357238.jpg,427x640,1,0.661874,1,1,TP,yolov8l_bsz4.ms,107.75,120.50,228.25,0.500,Light (Music + Nav),5.41,9.74,367.44,2748.00,11499.37,410.93,,0,72,38.00,286,4076158,1165781.19,4,fused
48924,000000048924.jpg,640x425,1,0.660460,0,0,FP,yolov8l_bsz4.ms,107.75,120.50,228.25,0.500,Light (Music + Nav),5.41,9.74,367.44,2748.00,11499.37,410.93,,0,72,38.00,286,4076158,1165781.19,4,fused
185472,000000185472.jpg,640x480,1,0.660267,1,1,TP,yolov8l_bsz4.ms,107.75,120.50,228.25,0.500,Light (Music + Nav),5.41,9.74,367.44,2748.00,11499.37,410.93,,0,72,38.00,286,4076158,1165781.19,4,fused
274687,000000274687.jpg,640x480,1,0.659808,0,0,FP,yolov8l_bsz4.ms,107.75,120.50,228.25,0.500,Light (Music + Nav),5.41,9.74,367.44,2748.00,11499.37,410.93,,0,72,38.00,286,4076158,1165781.19,4,fused
161044,000000161044.jpg,640x229,1,0.659803,0,0,FP,yolov8l_bsz4.ms,109.25,114.00,223.25,0.500,Light (Music + Nav),5.35,9.74,366.81,2748.00,11499.37,410.72,,0,72,38.00,274,4075975,1116817.15,4,fused
366884,000000366884.jpg,640x480,1,0.658472,1,1,TP,yolov8l_bsz4.ms,109.25,114.00,223.25,0.500,Light (Music + Nav),5.35,9.74,366.81,2748.00,11499.37,410.72,,0,72,38.00,274,4075975,1116817.15,4,fused
156372,000000156372.jpg,335x500,1,0.658358,0,0,FP,yolov8l_bsz4.ms,109.25,114.00,223.25,0.500,Light (Music + Nav),5.35,9.74,366.81,2748.00,11499.37,410.72,,0,72,38.00,274,4075975,1116817.15,4,fused
581357,000000581357.jpg,612x612,1,0.658239,1,1,TP,yolov8l_bsz4.ms,109.25,114.00,223.25,0.500,Light (Music + Nav),5.35,9.74,366.81,2748.00,11499.37,410.72,,0,72,38.00,274,4075975,1116817.15,4,fused
16451,000000016451.jpg,612x612,1,0.658122,1,1,TP,yolov8l_bsz4.ms,108.75,138.25,247.00,0.500,Light (Music + Nav),5.47,9.78,346.21,2769.00,11499.37,430.00,,0,72,38.00,255,4075622,1039283.61,4,fused
166426,000000166426.jpg,587x640,1,0.657989,0,0,FP,yolov8l_bsz4.ms,108.75,138.25,247.00,0.500,Light (Music + Nav),5.47,9.78,346.21,2769.00,11499.37,430.00,,0,72,38.00,255,4075622,1039283.61,4,fused
263966,000000263966.jpg,640x424,1,0.657365,1,1,TP,yolov8l_bsz4.ms,108.75,138.25,247.00,0.500,Light (Music + Nav),5.47,9.78,346.21,2769.00,11499.37,430.00,,0,72,38.00,255,4075622,1039283.61,4,fused
279145,000000279145.jpg,640x480,1,0.657173,0,0,FP,yolov8l_bsz4.ms,108.75,138.25,247.00,0.500,Light (Music + Nav),5.47,9.78,346.21,2769.00,11499.37,430.00,,0,72,38.00,255,4075622,1039283.61,4,fused
230993,000000230993.jpg,640x408,1,0.656926,1,1,TP,yolov8l_bsz4.ms,108.25,111.50,219.75,0.500,Light (Music + Nav),5.37,9.78,291.20,2824.00,11499.37,483.56,,0,72,38.00,260,4075515,1059633.90,4,fused
183709,000000183709.jpg,480x640,1,0.656836,1,1,TP,yolov8l_bsz4.ms,108.25,111.50,219.75,0.500,Light (Music + Nav),5.37,9.78,291.20,2824.00,11499.37,483.56,,0,72,38.00,260,4075515,1059633.90,4,fused
324818,000000324818.jpg,640x426,1,0.655929,0,0,FP,yolov8l_bsz4.ms,108.25,111.50,219.75,0.500,Light (Music + Nav),5.37,9.78,291.20,2824.00,11499.37,483.56,,0,72,38.00,260,4075515,1059633.90,4,fused
295231,000000295231.jpg,480x640,1,0.655749,0,0,FP,yolov8l_bsz4.ms,108.25,111.50,219.75,0.500,Light (Music + Nav),5.37,9.78,291.20,2824.00,11499.37,483.56,,0,72,38.00,260,4075515,1059633.90,4,fused
377946,000000377946.jpg,640x426,1,0.654857,1,1,TP,yolov8l_bsz4.ms,108.00,114.00,222.00,0.500,Light (Music + Nav),5.34,9.78,367.55,2747.00,11499.37,405.46,,0,72,38.00,200,4073625,814725.00,4,fused
384513,000000384513.jpg,640x480,1,0.654663,0,0,FP,yolov8l_bsz4.ms,108.00,114.00,222.00,0.500,Light (Music + Nav),5.34,9.78,367.55,2747.00,11499.37,405.46,,0,72,38.00,200,4073625,814725.00,4,fused
137950,000000137950.jpg,640x415,1,0.654642,0,0,FP,yolov8l_bsz4.ms,108.00,114.00,222.00,0.500,Light (Music + Nav),5.34,9.78,367.55,2747.00,11499.37,405.46,,0,72,38.00,200,4073625,814725.00,4,fused
379800,000000379800.jpg,640x493,1,0.654369,0,0,FP,yolov8l_bsz4.ms,108.00,114.00,222.00,0.500,Light (Music + Nav),5.34,9.78,367.55,2747.00,11499.37,405.46,,0,72,38.00,200,4073625,814725.00,4,fused
361268,000000361268.jpg,640x480,1,0.654190,0,0,FP,yolov8l_bsz4.ms,109.50,113.00,222.50,0.500,Light (Music + Nav),5.35,9.90,364.06,2749.00,11499.37,406.71,,0,72,38.00,133,4071691,541534.90,4,fused
356387,000000356387.jpg,500x335,1,0.653958,1,1,TP,yolov8l_bsz4.ms,109.50,113.00,222.50,0.500,Light (Music + Nav),5.35,9.90,364.06,2749.00,11499.37,406.71,,0,72,38.00,133,4071691,541534.90,4,fused
117719,000000117719.jpg,640x425,1,0.653814,1,1,TP,yolov8l_bsz4.ms,109.50,113.00,222.50,0.500,Light (Music + Nav),5.35,9.90,364.06,2749.00,11499.37,406.71,,0,72,38.00,133,4071691,541534.90,4,fused
171611,000000171611.jpg,640x443,1,0.653439,1,1,TP,yolov8l_bsz4.ms,109.50,113.00,222.50,0.500,Light (Music + Nav),5.35,9.90,364.06,2749.00,11499.37,406.71,,0,72,38.00,133,4071691,541534.90,4,fused
163314,000000163314.jpg,500x331,1,0.653338,1,1,TP,yolov8l_bsz4.ms,108.00,108.50,216.50,0.500,Light (Music + Nav),5.39,9.90,343.39,2770.00,11499.37,426.30,,0,72,38.00,130,4071345,529274.85,4,fused
140286,000000140286.jpg,640x521,1,0.652846,1,1,TP,yolov8l_bsz4.ms,108.00,108.50,216.50,0.500,Light (Music + Nav),5.39,9.90,343.39,2770.00,11499.37,426.30,,0,72,38.00,130,4071345,529274.85,4,fused
163117,000000163117.jpg,376x500,1,0.652139,1,1,TP,yolov8l_bsz4.ms,108.00,108.50,216.50,0.500,Light (Music + Nav),5.39,9.90,343.39,2770.00,11499.37,426.30,,0,72,38.00,130,4071345,529274.85,4,fused
402774,000000402774.jpg,425x640,1,0.651007,1,1,TP,yolov8l_bsz4.ms,108.00,108.50,216.50,0.500,Light (Music + Nav),5.39,9.90,343.39,2770.00,11499.37,426.30,,0,72,38.00,130,4071345,529274.85,4,fused
38048,000000038048.jpg,299x500,1,0.650883,1,1,TP,yolov8l_bsz4.ms,108.25,141.75,250.00,0.500,Light (Music + Nav),5.45,10.35,293.80,2820.00,11499.37,474.49,,0,72,38.00,207,4073828,843282.40,4,fused
41633,000000041633.jpg,640x429,1,0.650398,0,0,FP,yolov8l_bsz4.ms,108.25,141.75,250.00,0.500,Light (Music + Nav),5.45,10.35,293.80,2820.00,11499.37,474.49,,0,72,38.00,207,4073828,843282.40,4,fused
539445,000000539445.jpg,612x612,1,0.650168,0,0,FP,yolov8l_bsz4.ms,108.25,141.75,250.00,0.500,Light (Music + Nav),5.45,10.35,293.80,2820.00,11499.37,474.49,,0,72,38.00,207,4073828,843282.40,4,fused
74733,000000074733.jpg,612x612,1,0.650118,1,1,TP,yolov8l_bsz4.ms,108.25,141.75,250.00,0.500,Light (Music + Nav),5.45,10.35,293.80,2820.00,11499.37,474.49,,0,72,38.00,207,4073828,843282.40,4,fused
297022,000000297022.jpg,640x504,1,0.649935,1,1,TP,yolov8l_bsz4.ms,108.00,118.25,226.25,0.500,Light (Music + Nav),5.38,10.35,367.49,2746.00,11499.37,399.43,,0,72,38.00,168,4072398,684162.86,4,fused
267191,000000267191.jpg,640x480,1,0.649544,1,1,TP,yolov8l_bsz4.ms,108.00,118.25,226.25,0.500,Light (Music + Nav),5.38,10.35,367.49,2746.00,11499.37,399.43,,0,72,38.00,168,4072398,684162.86,4,fused
50679,000000050679.jpg,640x427,1,0.648795,0,0,FP,yolov8l_bsz4.ms,108.00,118.25,226.25,0.500,Light (Music + Nav),5.38,10.35,367.49,2746.00,11499.37,399.43,,0,72,38.00,168,4072398,684162.86,4,fused
350405,000000350405.jpg,500x333,1,0.648426,1,1,TP,yolov8l_bsz4.ms,108.00,118.25,226.25,0.500,Light (Music + Nav),5.38,10.35,367.49,2746.00,11499.37,399.43,,0,72,38.00,168,4072398,684162.86,4,fused
391648,000000391648.jpg,480x640,1,0.648415,0,0,FP,yolov8l_bsz4.ms,115.50,107.00,222.50,0.500,Light (Music + Nav),5.33,10.60,363.93,2749.00,11499.37,401.38,,0,72,38.00,235,4074634,957538.99,4,fused
395633,000000395633.jpg,640x480,1,0.648353,1,1,TP,yolov8l_bsz4.ms,115.50,107.00,222.50,0.500,Light (Music + Nav),5.33,10.60,363.93,2749.00,11499.37,401.38,,0,72,38.00,235,4074634,957538.99,4,fused
356094,000000356094.jpg,640x389,1,0.648300,1,1,TP,yolov8l_bsz4.ms,115.50,107.00,222.50,0.500,Light (Music + Nav),5.33,10.60,363.93,2749.00,11499.37,401.38,,0,72,38.00,235,4074634,957538.99,4,fused
334977,000000334977.jpg,640x320,1,0.648153,0,0,FP,yolov8l_bsz4.ms,115.50,107.00,222.50,0.500,Light (Music + Nav),5.33,10.60,363.93,2749.00,11499.37,401.38,,0,72,38.00,235,4074634,957538.99,4,fused
205289,000000205289.jpg,640x451,1,0.647772,1,1,TP,yolov8l_bsz4.ms,108.25,112.75,221.00,0.500,Light (Music + Nav),4.74,10.60,345.22,2767.00,11499.37,418.36,,0,72,38.00,208,4073650,847319.20,4,fused
423519,000000423519.jpg,460x640,1,0.647482,0,0,FP,yolov8l_bsz4.ms,108.25,112.75,221.00,0.500,Light (Music + Nav),4.74,10.60,345.22,2767.00,11499.37,418.36,,0,72,38.00,208,4073650,847319.20,4,fused
270908,000000270908.jpg,500x299,1,0.647047,1,1,TP,yolov8l_bsz4.ms,108.25,112.75,221.00,0.500,Light (Music + Nav),4.74,10.60,345.22,2767.00,11499.37,418.36,,0,72,38.00,208,4073650,847319.20,4,fused
455716,000000455716.jpg,640x433,1,0.646299,0,0,FP,yolov8l_bsz4.ms,108.25,112.75,221.00,0.500,Light (Music + Nav),4.74,10.60,345.22,2767.00,11499.37,418.36,,0,72,38.00,208,4073650,847319.20,4,fused
477623,000000477623.jpg,640x480,1,0.645468,0,0,FP,yolov8l_bsz4.ms,108.00,122.75,230.75,0.500,Light (Music + Nav),5.12,10.60,291.12,2822.00,11499.37,471.37,,0,72,38.00,172,4072575,700482.90,4,fused
424349,000000424349.jpg,640x426,1,0.644424,1,1,TP,yolov8l_bsz4.ms,108.00,122.75,230.75,0.500,Light (Music + Nav),5.12,10.60,291.12,2822.00,11499.37,471.37,,0,72,38.00,172,4072575,700482.90,4,fused
362434,000000362434.jpg,500x375,1,0.643597,0,0,FP,yolov8l_bsz4.ms,108.00,122.75,230.75,0.500,Light (Music + Nav),5.12,10.60,291.12,2822.00,11499.37,471.37,,0,72,38.00,172,4072575,700482.90,4,fused
561465,000000561465.jpg,612x612,1,0.643130,0,0,FP,yolov8l_bsz4.ms,108.00,122.75,230.75,0.500,Light (Music + Nav),5.12,10.60,291.12,2822.00,11499.37,471.37,,0,72,38.00,172,4072575,700482.90,4,fused
154000,000000154000.jpg,640x480,1,0.642756,0,0,FP,yolov8l_bsz4.ms,108.00,118.50,226.50,0.500,Light (Music + Nav),5.00,9.10,367.03,2745.00,11499.37,393.61,,0,72,38.00,141,4071699,574109.56,4,fused
359219,000000359219.jpg,640x480,1,0.642462,0,0,FP,yolov8l_bsz4.ms,108.00,118.50,226.50,0.500,Light (Music + Nav),5.00,9.10,367.03,2745.00,11499.37,393.61,,0,72,38.00,141,4071699,574109.56,4,fused
251119,000000251119.jpg,500x375,1,0.642223,0,0,FP,yolov8l_bsz4.ms,108.00,118.50,226.50,0.500,Light (Music + Nav),5.00,9.10,367.03,2745.00,11499.37,393.61,,0,72,38.00,141,4071699,574109.56,4,fused
100283,000000100283.jpg,640x480,1,0.641842,0,0,FP,yolov8l_bsz4.ms,108.00,118.50,226.50,0.500,Light (Music + Nav),5.00,9.10,367.03,2745.00,11499.37,393.61,,0,72,38.00,141,4071699,574109.56,4,fused
453708,000000453708.jpg,640x427,1,0.641254,1,1,TP,yolov8l_bsz4.ms,109.75,123.75,233.50,0.500,Light (Music + Nav),5.13,9.10,367.08,2745.00,11499.37,391.97,,0,72,38.00,247,4075044,1006535.87,4,fused
724,000000000724.jpg,375x500,1,0.640654,0,0,FP,yolov8l_bsz4.ms,109.75,123.75,233.50,0.500,Light (Music + Nav),5.13,9.10,367.08,2745.00,11499.37,391.97,,0,72,38.00,247,4075044,1006535.87,4,fused
23023,000000023023.jpg,612x612,1,0.640523,0,0,FP,yolov8l_bsz4.ms,109.75,123.75,233.50,0.500,Light (Music + Nav),5.13,9.10,367.08,2745.00,11499.37,391.97,,0,72,38.00,247,4075044,1006535.87,4,fused
368212,000000368212.jpg,478x640,1,0.640413,1,1,TP,yolov8l_bsz4.ms,109.75,123.75,233.50,0.500,Light (Music + Nav),5.13,9.10,367.08,2745.00,11499.37,391.97,,0,72,38.00,247,4075044,1006535.87,4,fused
188689,000000188689.jpg,333x500,1,0.640281,0,0,FP,yolov8l_bsz4.ms,108.00,122.75,230.75,0.500,Light (Music + Nav),5.24,9.75,346.30,2765.00,11499.37,411.25,,0,72,38.00,360,4078589,1468292.04,4,fused
344888,000000344888.jpg,640x416,1,0.640026,0,0,FP,yolov8l_bsz4.ms,108.00,122.75,230.75,0.500,Light (Music + Nav),5.24,9.75,346.30,2765.00,11499.37,411.25,,0,72,38.00,360,4078589,1468292.04,4,fused
262938,000000262938.jpg,640x480,1,0.639299,0,0,FP,yolov8l_bsz4.ms,108.00,122.75,230.75,0.500,Light (Music + Nav),5.24,9.75,346.30,2765.00,11499.37,411.25,,0,72,38.00,360,4078589,1468292.04,4,fused
365655,000000365655.jpg,640x427,1,0.639130,1,1,TP,yolov8l_bsz4.ms,108.00,122.75,230.75,0.500,Light (Music + Nav),5.24,9.75,346.30,2765.00,11499.37,411.25,,0,72,38.00,360,4078589,1468292.04,4,fused
509131,000000509131.jpg,640x425,1,0.638338,0,0,FP,yolov8l_bsz4.ms,109.00,110.75,219.75,0.500,Light (Music + Nav),5.24,9.75,290.30,2821.00,11499.37,465.96,,0,72,38.00,136,4071594,553736.78,4,fused
515577,000000515577.jpg,500x334,1,0.638199,1,1,TP,yolov8l_bsz4.ms,109.00,110.75,219.75,0.500,Light (Music + Nav),5.24,9.75,290.30,2821.00,11499.37,465.96,,0,72,38.00,136,4071594,553736.78,4,fused
147338,000000147338.jpg,480x640,1,0.638025,0,0,FP,yolov8l_bsz4.ms,109.00,110.75,219.75,0.500,Light (Music + Nav),5.24,9.75,290.30,2821.00,11499.37,465.96,,0,72,38.00,136,4071594,553736.78,4,fused
257169,000000257169.jpg,480x640,1,0.637956,1,1,TP,yolov8l_bsz4.ms,109.00,110.75,219.75,0.500,Light (Music + Nav),5.24,9.75,290.30,2821.00,11499.37,465.96,,0,72,38.00,136,4071594,553736.78,4,fused
127624,000000127624.jpg,612x612,1,0.637587,0,0,FP,yolov8l_bsz4.ms,107.75,139.50,247.25,0.500,Light (Music + Nav),5.21,10.02,368.63,2742.00,11499.37,386.26,,0,72,38.00,357,4078203,1455918.47,4,fused
56344,000000056344.jpg,640x480,1,0.636810,0,0,FP,yolov8l_bsz4.ms,107.75,139.50,247.25,0.500,Light (Music + Nav),5.21,10.02,368.63,2742.00,11499.37,386.26,,0,72,38.00,357,4078203,1455918.47,4,fused
573008,000000573008.jpg,640x480,1,0.636364,0,0,FP,yolov8l_bsz4.ms,107.75,139.50,247.25,0.500,Light (Music + Nav),5.21,10.02,368.63,2742.00,11499.37,386.26,,0,72,38.00,357,4078203,1455918.47,4,fused
284725,000000284725.jpg,640x427,1,0.635488,1,1,TP,yolov8l_bsz4.ms,107.75,139.50,247.25,0.500,Light (Music + Nav),5.21,10.02,368.63,2742.00,11499.37,386.26,,0,72,38.00,357,4078203,1455918.47,4,fused
389315,000000389315.jpg,640x640,1,0.635462,0,0,FP,yolov8l_bsz4.ms,108.75,123.00,231.75,0.500,Light (Music + Nav),5.29,10.02,371.11,2740.00,11499.37,382.07,,0,72,38.00,192,4073233,782060.74,4,fused
241677,000000241677.jpg,640x480,1,0.635403,1,1,TP,yolov8l_bsz4.ms,108.75,123.00,231.75,0.500,Light (Music + Nav),5.29,10.02,371.11,2740.00,11499.37,382.07,,0,72,38.00,192,4073233,782060.74,4,fused
361621,000000361621.jpg,640x427,1,0.635066,0,0,FP,yolov8l_bsz4.ms,108.75,123.00,231.75,0.500,Light (Music + Nav),5.29,10.02,371.11,2740.00,11499.37,382.07,,0,72,38.00,192,4073233,782060.74,4,fused
226154,000000226154.jpg,640x507,1,0.635056,1,1,TP,yolov8l_bsz4.ms,108.75,123.00,231.75,0.500,Light (Music + Nav),5.29,10.02,371.11,2740.00,11499.37,382.07,,0,72,38.00,192,4073233,782060.74,4,fused
152120,000000152120.jpg,640x427,1,0.634705,1,1,TP,yolov8l_bsz4.ms,107.75,125.00,232.75,0.500,Light (Music + Nav),5.34,10.11,345.05,2766.00,11499.37,407.21,,0,72,38.00,243,4074742,990162.31,4,fused
172856,000000172856.jpg,640x480,1,0.634488,0,0,FP,yolov8l_bsz4.ms,107.75,125.00,232.75,0.500,Light (Music + Nav),5.34,10.11,345.05,2766.00,11499.37,407.21,,0,72,38.00,243,4074742,990162.31,4,fused
208423,000000208423.jpg,640x480,1,0.634106,1,1,TP,yolov8l_bsz4.ms,107.75,125.00,232.75,0.500,Light (Music + Nav),5.34,10.11,345.05,2766.00,11499.37,407.21,,0,72,38.00,243,4074742,990162.31,4,fused
230450,000000230450.jpg,640x480,1,0.633932,0,0,FP,yolov8l_bsz4.ms,107.75,125.00,232.75,0.500,Light (Music + Nav),5.34,10.11,345.05,2766.00,11499.37,407.21,,0,72,38.00,243,4074742,990162.31,4,fused
480944,000000480944.jpg,480x640,1,0.632492,0,0,FP,yolov8l_bsz4.ms,108.50,136.00,244.50,0.500,Light (Music + Nav),5.34,10.11,295.57,2815.00,11499.37,455.08,,0,72,38.00,233,4074594,949380.40,4,fused
426795,000000426795.jpg,640x480,1,0.632023,1,1,TP,yolov8l_bsz4.ms,108.50,136.00,244.50,0.500,Light (Music + Nav),5.34,10.11,295.57,2815.00,11499.37,455.08,,0,72,38.00,233,4074594,949380.40,4,fused
451308,000000451308.jpg,441x640,1,0.631805,0,0,FP,yolov8l_bsz4.ms,108.50,136.00,244.50,0.500,Light (Music + Nav),5.34,10.11,295.57,2815.00,11499.37,455.08,,0,72,38.00,233,4074594,949380.40,4,fused
301981,000000301981.jpg,640x480,1,0.631237,0,0,FP,yolov8l_bsz4.ms,108.50,136.00,244.50,0.500,Light (Music + Nav),5.34,10.11,295.57,2815.00,11499.37,455.08,,0,72,38.00,233,4074594,949380.40,4,fused
348488,000000348488.jpg,640x480,1,0.630474,0,0,FP,yolov8l_bsz4.ms,107.00,117.50,224.50,0.500,Light (Music + Nav),5.45,10.79,366.87,2746.00,11499.37,384.59,,0,72,38.00,121,4071224,492618.10,4,fused
345261,000000345261.jpg,585x640,1,0.630366,0,0,FP,yolov8l_bsz4.ms,107.00,117.50,224.50,0.500,Light (Music + Nav),5.45,10.79,366.87,2746.00,11499.37,384.59,,0,72,38.00,121,4071224,492618.10,4,fused
368038,000000368038.jpg,640x317,1,0.629788,0,0,FP,yolov8l_bsz4.ms,107.00,117.50,224.50,0.500,Light (Music + Nav),5.45,10.79,366.87,2746.00,11499.37,384.59,,0,72,38.00,121,4071224,492618.10,4,fused
18833,000000018833.jpg,640x426,1,0.629769,0,0,FP,yolov8l_bsz4.ms,107.00,117.50,224.50,0.500,Light (Music + Nav),5.45,10.79,366.87,2746.00,11499.37,384.59,,0,72,38.00,121,4071224,492618.10,4,fused
51326,000000051326.jpg,640x427,1,0.629735,0,0,FP,yolov8l_bsz4.ms,108.25,112.00,220.25,0.500,Light (Music + Nav),5.37,10.79,366.59,2746.00,11499.37,383.37,,0,72,38.00,268,4075196,1092152.53,4,fused
530162,000000530162.jpg,640x427,1,0.629602,1,1,TP,yolov8l_bsz4.ms,108.25,112.00,220.25,0.500,Light (Music + Nav),5.37,10.79,366.59,2746.00,11499.37,383.37,,0,72,38.00,268,4075196,1092152.53,4,fused
180383,000000180383.jpg,640x480,1,0.629437,1,1,TP,yolov8l_bsz4.ms,108.25,112.00,220.25,0.500,Light (Music + Nav),5.37,10.79,366.59,2746.00,11499.37,383.37,,0,72,38.00,268,4075196,1092152.53,4,fused
491470,000000491470.jpg,375x500,1,0.628284,0,0,FP,yolov8l_bsz4.ms,108.25,112.00,220.25,0.500,Light (Music + Nav),5.37,10.79,366.59,2746.00,11499.37,383.37,,0,72,38.00,268,4075196,1092152.53,4,fused
553776,000000553776.jpg,640x489,1,0.627800,1,1,TP,yolov8l_bsz4.ms,106.00,124.50,230.50,0.500,Light (Music + Nav),5.53,10.77,365.55,2746.00,11499.37,382.77,,0,72,38.00,281,4075986,1145352.07,4,fused
15746,000000015746.jpg,427x640,1,0.627776,0,0,FP,yolov8l_bsz4.ms,106.00,124.50,230.50,0.500,Light (Music + Nav),5.53,10.77,365.55,2746.00,11499.37,382.77,,0,72,38.00,281,4075986,1145352.07,4,fused
438269,000000438269.jpg,429x640,1,0.626647,0,0,FP,yolov8l_bsz4.ms,106.00,124.50,230.50,0.500,Light (Music + Nav),5.53,10.77,365.55,2746.00,11499.37,382.77,,0,72,38.00,281,4075986,1145352.07,4,fused
151662,000000151662.jpg,640x480,1,0.625551,0,0,FP,yolov8l_bsz4.ms,106.00,124.50,230.50,0.500,Light (Music + Nav),5.53,10.77,365.55,2746.00,11499.37,382.77,,0,72,38.00,281,4075986,1145352.07,4,fused
27768,000000027768.jpg,612x612,1,0.625333,1,1,TP,yolov8l_bsz4.ms,108.25,135.75,244.00,0.500,Light (Music + Nav),5.53,10.77,294.23,2817.00,11499.37,452.58,,0,72,38.00,177,4073055,720930.73,4,fused
455352,000000455352.jpg,640x530,1,0.625328,0,0,FP,yolov8l_bsz4.ms,108.25,135.75,244.00,0.500,Light (Music + Nav),5.53,10.77,294.23,2817.00,11499.37,452.58,,0,72,38.00,177,4073055,720930.73,4,fused
506310,000000506310.jpg,640x425,1,0.625152,0,0,FP,yolov8l_bsz4.ms,108.25,135.75,244.00,0.500,Light (Music + Nav),5.53,10.77,294.23,2817.00,11499.37,452.58,,0,72,38.00,177,4073055,720930.73,4,fused
210032,000000210032.jpg,640x401,1,0.624596,1,1,TP,yolov8l_bsz4.ms,108.25,135.75,244.00,0.500,Light (Music + Nav),5.53,10.77,294.23,2817.00,11499.37,452.58,,0,72,38.00,177,4073055,720930.73,4,fused
531707,000000531707.jpg,640x480,1,0.624395,1,1,TP,yolov8l_bsz4.ms,108.25,126.25,234.50,0.500,Light (Music + Nav),5.42,10.35,367.76,2743.00,11499.37,377.96,,0,72,38.00,212,4073990,863685.88,4,fused
134886,000000134886.jpg,640x480,1,0.623784,1,1,TP,yolov8l_bsz4.ms,108.25,126.25,234.50,0.500,Light (Music + Nav),5.42,10.35,367.76,2743.00,11499.37,377.96,,0,72,38.00,212,4073990,863685.88,4,fused
526392,000000526392.jpg,500x333,1,0.623728,0,0,FP,yolov8l_bsz4.ms,108.25,126.25,234.50,0.500,Light (Music + Nav),5.42,10.35,367.76,2743.00,11499.37,377.96,,0,72,38.00,212,4073990,863685.88,4,fused
319607,000000319607.jpg,640x640,1,0.623286,1,1,TP,yolov8l_bsz4.ms,108.25,126.25,234.50,0.500,Light (Music + Nav),5.42,10.35,367.76,2743.00,11499.37,377.96,,0,72,38.00,212,4073990,863685.88,4,fused
341058,000000341058.jpg,359x640,1,0.623049,0,0,FP,yolov8l_bsz4.ms,110.50,113.50,224.00,0.500,Light (Music + Nav),5.32,10.35,368.75,2742.00,11499.37,375.35,,0,72,38.00,300,4076599,1222979.70,4,fused
279887,000000279887.jpg,640x427,1,0.623046,0,0,FP,yolov8l_bsz4.ms,110.50,113.50,224.00,0.500,Light (Music + Nav),5.32,10.35,368.75,2742.00,11499.37,375.35,,0,72,38.00,300,4076599,1222979.70,4,fused
494759,000000494759.jpg,640x480,1,0.622712,1,1,TP,yolov8l_bsz4.ms,110.50,113.50,224.00,0.500,Light (Music + Nav),5.32,10.35,368.75,2742.00,11499.37,375.35,,0,72,38.00,300,4076599,1222979.70,4,fused
274272,000000274272.jpg,640x480,1,0.622596,1,1,TP,yolov8l_bsz4.ms,110.50,113.50,224.00,0.500,Light (Music + Nav),5.32,10.35,368.75,2742.00,11499.37,375.35,,0,72,38.00,300,4076599,1222979.70,4,fused
367228,000000367228.jpg,333x500,1,0.622374,1,1,TP,yolov8l_bsz4.ms,108.25,120.25,228.50,0.500,Light (Music + Nav),5.41,10.35,343.07,2768.00,11499.37,399.76,,0,72,38.00,205,4073694,835107.27,4,fused
154947,000000154947.jpg,640x640,1,0.622368,0,0,FP,yolov8l_bsz4.ms,108.25,120.25,228.50,0.500,Light (Music + Nav),5.41,10.35,343.07,2768.00,11499.37,399.76,,0,72,38.00,205,4073694,835107.27,4,fused
478474,000000478474.jpg,480x640,1,0.622165,0,0,FP,yolov8l_bsz4.ms,108.25,120.25,228.50,0.500,Light (Music + Nav),5.41,10.35,343.07,2768.00,11499.37,399.76,,0,72,38.00,205,4073694,835107.27,4,fused
376284,000000376284.jpg,500x333,1,0.622088,0,0,FP,yolov8l_bsz4.ms,108.25,120.25,228.50,0.500,Light (Music + Nav),5.41,10.35,343.07,2768.00,11499.37,399.76,,0,72,38.00,205,4073694,835107.27,4,fused
50331,000000050331.jpg,640x480,1,0.622082,0,0,FP,yolov8l_bsz4.ms,107.75,122.50,230.25,0.500,Light (Music + Nav),5.39,9.85,287.57,2800.00,11499.37,431.19,,0,72,38.00,110,4070754,447782.94,4,fused
186929,000000186929.jpg,333x500,1,0.620995,0,0,FP,yolov8l_bsz4.ms,107.75,122.50,230.25,0.500,Light (Music + Nav),5.39,9.85,287.57,2800.00,11499.37,431.19,,0,72,38.00,110,4070754,447782.94,4,fused
367818,000000367818.jpg,640x427,1,0.620558,1,1,TP,yolov8l_bsz4.ms,107.75,122.50,230.25,0.500,Light (Music + Nav),5.39,9.85,287.57,2800.00,11499.37,431.19,,0,72,38.00,110,4070754,447782.94,4,fused
493772,000000493772.jpg,640x640,1,0.619774,1,1,TP,yolov8l_bsz4.ms,107.75,122.50,230.25,0.500,Light (Music + Nav),5.39,9.85,287.57,2800.00,11499.37,431.19,,0,72,38.00,110,4070754,447782.94,4,fused
23751,000000023751.jpg,430x640,1,0.619755,0,0,FP,yolov8l_bsz4.ms,108.00,103.75,211.75,0.500,Light (Music + Nav),5.31,9.85,364.86,2740.00,11499.37,369.21,,0,72,38.00,124,4071049,504810.08,4,fused
78420,000000078420.jpg,640x480,1,0.619400,0,0,FP,yolov8l_bsz4.ms,108.00,103.75,211.75,0.500,Light (Music + Nav),5.31,9.85,364.86,2740.00,11499.37,369.21,,0,72,38.00,124,4071049,504810.08,4,fused
179265,000000179265.jpg,640x426,1,0.619330,1,1,TP,yolov8l_bsz4.ms,108.00,103.75,211.75,0.500,Light (Music + Nav),5.31,9.85,364.86,2740.00,11499.37,369.21,,0,72,38.00,124,4071049,504810.08,4,fused
504000,000000504000.jpg,640x243,1,0.619011,1,1,TP,yolov8l_bsz4.ms,108.00,103.75,211.75,0.500,Light (Music + Nav),5.31,9.85,364.86,2740.00,11499.37,369.21,,0,72,38.00,124,4071049,504810.08,4,fused
155341,000000155341.jpg,640x480,1,0.618975,1,1,TP,yolov8l_bsz4.ms,109.50,115.00,224.50,0.500,Light (Music + Nav),5.35,11.73,363.71,2692.00,11499.37,320.09,,0,72,38.00,135,4071389,549637.52,4,fused
433774,000000433774.jpg,640x427,1,0.618288,0,0,FP,yolov8l_bsz4.ms,109.50,115.00,224.50,0.500,Light (Music + Nav),5.35,11.73,363.71,2692.00,11499.37,320.09,,0,72,38.00,135,4071389,549637.52,4,fused
534394,000000534394.jpg,640x359,1,0.616991,0,0,FP,yolov8l_bsz4.ms,109.50,115.00,224.50,0.500,Light (Music + Nav),5.35,11.73,363.71,2692.00,11499.37,320.09,,0,72,38.00,135,4071389,549637.52,4,fused
287527,000000287527.jpg,640x640,1,0.616745,1,1,TP,yolov8l_bsz4.ms,109.50,115.00,224.50,0.500,Light (Music + Nav),5.35,11.73,363.71,2692.00,11499.37,320.09,,0,72,38.00,135,4071389,549637.52,4,fused
12280,000000012280.jpg,480x640,1,0.616714,1,1,TP,yolov8l_bsz4.ms,108.25,108.50,216.75,0.500,Light (Music + Nav),9.10,11.73,361.89,2720.00,11499.37,347.71,,0,72,38.00,78,4069600,317428.80,4,fused
556873,000000556873.jpg,427x640,1,0.616482,0,0,FP,yolov8l_bsz4.ms,108.25,108.50,216.75,0.500,Light (Music + Nav),9.10,11.73,361.89,2720.00,11499.37,347.71,,0,72,38.00,78,4069600,317428.80,4,fused
65485,000000065485.jpg,640x364,1,0.616377,0,0,FP,yolov8l_bsz4.ms,108.25,108.50,216.75,0.500,Light (Music + Nav),9.10,11.73,361.89,2720.00,11499.37,347.71,,0,72,38.00,78,4069600,317428.80,4,fused
488664,000000488664.jpg,629x489,1,0.616033,0,0,FP,yolov8l_bsz4.ms,108.25,108.50,216.75,0.500,Light (Music + Nav),9.10,11.73,361.89,2720.00,11499.37,347.71,,0,72,38.00,78,4069600,317428.80,4,fused
494634,000000494634.jpg,640x480,1,0.615722,0,0,FP,yolov8l_bsz4.ms,108.75,115.25,224.00,0.500,Light (Music + Nav),6.26,10.47,288.25,2799.00,11499.37,425.87,,0,72,38.00,233,4074215,949292.09,4,fused
532493,000000532493.jpg,640x408,1,0.615623,1,1,TP,yolov8l_bsz4.ms,108.75,115.25,224.00,0.500,Light (Music + Nav),6.26,10.47,288.25,2799.00,11499.37,425.87,,0,72,38.00,233,4074215,949292.09,4,fused
371677,000000371677.jpg,640x480,1,0.615164,0,0,FP,yolov8l_bsz4.ms,108.75,115.25,224.00,0.500,Light (Music + Nav),6.26,10.47,288.25,2799.00,11499.37,425.87,,0,72,38.00,233,4074215,949292.09,4,fused
11511,000000011511.jpg,640x464,1,0.614234,1,1,TP,yolov8l_bsz4.ms,108.75,115.25,224.00,0.500,Light (Music + Nav),6.26,10.47,288.25,2799.00,11499.37,425.87,,0,72,38.00,233,4074215,949292.09,4,fused
51961,000000051961.jpg,427x640,1,0.614082,0,0,FP,yolov8l_bsz4.ms,108.25,114.00,222.25,0.500,Light (Music + Nav),5.75,10.47,366.88,2747.00,11499.37,371.75,,0,72,38.00,339,4077729,1382350.13,4,fused
482978,000000482978.jpg,640x360,1,0.613493,0,0,FP,yolov8l_bsz4.ms,108.25,114.00,222.25,0.500,Light (Music + Nav),5.75,10.47,366.88,2747.00,11499.37,371.75,,0,72,38.00,339,4077729,1382350.13,4,fused
112634,000000112634.jpg,640x443,1,0.612835,0,0,FP,yolov8l_bsz4.ms,108.25,114.00,222.25,0.500,Light (Music + Nav),5.75,10.47,366.88,2747.00,11499.37,371.75,,0,72,38.00,339,4077729,1382350.13,4,fused
509719,000000509719.jpg,640x427,1,0.612634,0,0,FP,yolov8l_bsz4.ms,108.25,114.00,222.25,0.500,Light (Music + Nav),5.75,10.47,366.88,2747.00,11499.37,371.75,,0,72,38.00,339,4077729,1382350.13,4,fused
153343,000000153343.jpg,640x480,1,0.612254,0,0,FP,yolov8l_bsz4.ms,108.25,126.75,235.00,0.500,Light (Music + Nav),5.62,10.47,366.45,2747.00,11499.37,370.78,,0,72,38.00,256,4074974,1043193.34,4,fused
379441,000000379441.jpg,640x480,1,0.612105,0,0,FP,yolov8l_bsz4.ms,108.25,126.75,235.00,0.500,Light (Music + Nav),5.62,10.47,366.45,2747.00,11499.37,370.78,,0,72,38.00,256,4074974,1043193.34,4,fused
508602,000000508602.jpg,500x429,1,0.612086,0,0,FP,yolov8l_bsz4.ms,108.25,126.75,235.00,0.500,Light (Music + Nav),5.62,10.47,366.45,2747.00,11499.37,370.78,,0,72,38.00,256,4074974,1043193.34,4,fused
469246,000000469246.jpg,640x480,1,0.611314,1,1,TP,yolov8l_bsz4.ms,108.25,126.75,235.00,0.500,Light (Music + Nav),5.62,10.47,366.45,2747.00,11499.37,370.78,,0,72,38.00,256,4074974,1043193.34,4,fused
407083,000000407083.jpg,480x640,1,0.611242,1,1,TP,yolov8l_bsz4.ms,108.25,123.25,231.50,0.500,Light (Music + Nav),5.62,9.53,342.47,2771.00,11499.37,393.65,,0,72,38.00,207,4073725,843261.07,4,fused
290768,000000290768.jpg,612x612,1,0.611119,0,0,FP,yolov8l_bsz4.ms,108.25,123.25,231.50,0.500,Light (Music + Nav),5.62,9.53,342.47,2771.00,11499.37,393.65,,0,72,38.00,207,4073725,843261.07,4,fused
343976,000000343976.jpg,500x375,1,0.609871,1,1,TP,yolov8l_bsz4.ms,108.25,123.25,231.50,0.500,Light (Music + Nav),5.62,9.53,342.47,2771.00,11499.37,393.65,,0,72,38.00,207,4073725,843261.07,4,fused
95707,000000095707.jpg,640x360,1,0.609793,0,0,FP,yolov8l_bsz4.ms,108.25,123.25,231.50,0.500,Light (Music + Nav),5.62,9.53,342.47,2771.00,11499.37,393.65,,0,72,38.00,207,4073725,843261.07,4,fused
513181,000000513181.jpg,640x423,1,0.609582,0,0,FP,yolov8l_bsz4.ms,108.50,110.50,219.00,0.500,Light (Music + Nav),5.62,9.53,289.05,2824.00,11499.37,446.09,,0,72,38.00,94,4070179,382596.83,4,fused
166277,000000166277.jpg,480x640,1,0.608622,0,0,FP,yolov8l_bsz4.ms,108.50,110.50,219.00,0.500,Light (Music + Nav),5.62,9.53,289.05,2824.00,11499.37,446.09,,0,72,38.00,94,4070179,382596.83,4,fused
560178,000000560178.jpg,640x480,1,0.608615,1,1,TP,yolov8l_bsz4.ms,108.50,110.50,219.00,0.500,Light (Music + Nav),5.62,9.53,289.05,2824.00,11499.37,446.09,,0,72,38.00,94,4070179,382596.83,4,fused
188439,000000188439.jpg,640x408,1,0.608281,1,1,TP,yolov8l_bsz4.ms,108.50,110.50,219.00,0.500,Light (Music + Nav),5.62,9.53,289.05,2824.00,11499.37,446.09,,0,72,38.00,94,4070179,382596.83,4,fused
7108,000000007108.jpg,640x426,1,0.607127,0,0,FP,yolov8l_bsz4.ms,107.00,116.75,223.75,0.500,Light (Music + Nav),5.50,10.24,366.29,2747.00,11499.37,367.34,,0,72,38.00,238,4074428,969713.86,4,fused
554328,000000554328.jpg,640x499,1,0.606398,1,1,TP,yolov8l_bsz4.ms,107.00,116.75,223.75,0.500,Light (Music + Nav),5.50,10.24,366.29,2747.00,11499.37,367.34,,0,72,38.00,238,4074428,969713.86,4,fused
209757,000000209757.jpg,426x640,1,0.606380,1,1,TP,yolov8l_bsz4.ms,107.00,116.75,223.75,0.500,Light (Music + Nav),5.50,10.24,366.29,2747.00,11499.37,367.34,,0,72,38.00,238,4074428,969713.86,4,fused
234660,000000234660.jpg,640x480,1,0.606280,0,0,FP,yolov8l_bsz4.ms,107.00,116.75,223.75,0.500,Light (Music + Nav),5.50,10.24,366.29,2747.00,11499.37,367.34,,0,72,38.00,238,4074428,969713.86,4,fused
41635,000000041635.jpg,640x480,1,0.605360,0,0,FP,yolov8l_bsz4.ms,109.50,137.00,246.50,0.500,Light (Music + Nav),5.49,10.24,364.88,2748.00,11499.37,367.24,,0,72,38.00,252,4074930,1026882.36,4,fused
121153,000000121153.jpg,640x480,1,0.604771,0,0,FP,yolov8l_bsz4.ms,109.50,137.00,246.50,0.500,Light (Music + Nav),5.49,10.24,364.88,2748.00,11499.37,367.24,,0,72,38.00,252,4074930,1026882.36,4,fused
261796,000000261796.jpg,523x640,1,0.604766,0,0,FP,yolov8l_bsz4.ms,109.50,137.00,246.50,0.500,Light (Music + Nav),5.49,10.24,364.88,2748.00,11499.37,367.24,,0,72,38.00,252,4074930,1026882.36,4,fused
19924,000000019924.jpg,458x500,1,0.604754,1,1,TP,yolov8l_bsz4.ms,109.50,137.00,246.50,0.500,Light (Music + Nav),5.49,10.24,364.88,2748.00,11499.37,367.24,,0,72,38.00,252,4074930,1026882.36,4,fused
456303,000000456303.jpg,321x500,1,0.603787,1,1,TP,yolov8l_bsz4.ms,107.25,111.75,219.00,0.500,Light (Music + Nav),5.54,10.10,341.93,2771.00,11499.37,389.08,,0,72,38.00,217,4073916,884039.77,4,fused
363784,000000363784.jpg,640x480,1,0.603476,0,0,FP,yolov8l_bsz4.ms,107.25,111.75,219.00,0.500,Light (Music + Nav),5.54,10.10,341.93,2771.00,11499.37,389.08,,0,72,38.00,217,4073916,884039.77,4,fused
231831,000000231831.jpg,481x640,1,0.603439,0,0,FP,yolov8l_bsz4.ms,107.25,111.75,219.00,0.500,Light (Music + Nav),5.54,10.10,341.93,2771.00,11499.37,389.08,,0,72,38.00,217,4073916,884039.77,4,fused
505573,000000505573.jpg,359x640,1,0.603413,0,0,FP,yolov8l_bsz4.ms,107.25,111.75,219.00,0.500,Light (Music + Nav),5.54,10.10,341.93,2771.00,11499.37,389.08,,0,72,38.00,217,4073916,884039.77,4,fused
405205,000000405205.jpg,550x410,1,0.602516,0,0,FP,yolov8l_bsz4.ms,108.50,125.75,234.25,0.500,Light (Music + Nav),5.52,10.10,287.76,2824.00,11499.37,441.88,,0,72,38.00,206,4073494,839139.76,4,fused
404479,000000404479.jpg,640x427,1,0.602023,0,0,FP,yolov8l_bsz4.ms,108.50,125.75,234.25,0.500,Light (Music + Nav),5.52,10.10,287.76,2824.00,11499.37,441.88,,0,72,38.00,206,4073494,839139.76,4,fused
289938,000000289938.jpg,640x426,1,0.601579,1,1,TP,yolov8l_bsz4.ms,108.50,125.75,234.25,0.500,Light (Music + Nav),5.52,10.10,287.76,2824.00,11499.37,441.88,,0,72,38.00,206,4073494,839139.76,4,fused
471087,000000471087.jpg,409x500,1,0.600814,1,1,TP,yolov8l_bsz4.ms,108.50,125.75,234.25,0.500,Light (Music + Nav),5.52,10.10,287.76,2824.00,11499.37,441.88,,0,72,38.00,206,4073494,839139.76,4,fused
410428,000000410428.jpg,640x427,1,0.600386,0,0,FP,yolov8l_bsz4.ms,107.75,131.25,239.00,0.500,Light (Music + Nav),25.00,10.14,365.60,2746.00,11499.37,362.24,,0,72,38.00,140,4071581,570021.34,4,fused
224200,000000224200.jpg,640x640,1,0.600370,0,0,FP,yolov8l_bsz4.ms,107.75,131.25,239.00,0.500,Light (Music + Nav),25.00,10.14,365.60,2746.00,11499.37,362.24,,0,72,38.00,140,4071581,570021.34,4,fused
178469,000000178469.jpg,640x427,1,0.599662,0,0,FP,yolov8l_bsz4.ms,107.75,131.25,239.00,0.500,Light (Music + Nav),25.00,10.14,365.60,2746.00,11499.37,362.24,,0,72,38.00,140,4071581,570021.34,4,fused
419098,000000419098.jpg,640x554,1,0.599481,0,0,FP,yolov8l_bsz4.ms,107.75,131.25,239.00,0.500,Light (Music + Nav),25.00,10.14,365.60,2746.00,11499.37,362.24,,0,72,38.00,140,4071581,570021.34,4,fused
437392,000000437392.jpg,480x640,1,0.599115,0,0,FP,yolov8l_bsz4.ms,109.50,113.50,223.00,0.500,Light (Music + Nav),5.76,10.14,365.78,2745.00,11499.37,359.96,,0,72,38.00,134,4071342,545559.83,4,fused
44652,000000044652.jpg,640x427,1,0.599103,0,0,FP,yolov8l_bsz4.ms,109.50,113.50,223.00,0.500,Light (Music + Nav),5.76,10.14,365.78,2745.00,11499.37,359.96,,0,72,38.00,134,4071342,545559.83,4,fused
134722,000000134722.jpg,640x480,1,0.599012,0,0,FP,yolov8l_bsz4.ms,109.50,113.50,223.00,0.500,Light (Music + Nav),5.76,10.14,365.78,2745.00,11499.37,359.96,,0,72,38.00,134,4071342,545559.83,4,fused
181499,000000181499.jpg,640x513,1,0.598246,1,1,TP,yolov8l_bsz4.ms,109.50,113.50,223.00,0.500,Light (Music + Nav),5.76,10.14,365.78,2745.00,11499.37,359.96,,0,72,38.00,134,4071342,545559.83,4,fused
283717,000000283717.jpg,640x480,1,0.598150,0,0,FP,yolov8l_bsz4.ms,108.25,123.50,231.75,0.500,Light (Music + Nav),5.68,9.49,343.16,2768.00,11499.37,381.36,,0,72,38.00,250,4075140,1018785.00,4,fused
70774,000000070774.jpg,640x425,1,0.598107,0,0,FP,yolov8l_bsz4.ms,108.25,123.50,231.75,0.500,Light (Music + Nav),5.68,9.49,343.16,2768.00,11499.37,381.36,,0,72,38.00,250,4075140,1018785.00,4,fused
466567,000000466567.jpg,480x640,1,0.596797,0,0,FP,yolov8l_bsz4.ms,108.25,123.50,231.75,0.500,Light (Music + Nav),5.68,9.49,343.16,2768.00,11499.37,381.36,,0,72,38.00,250,4075140,1018785.00,4,fused
128112,000000128112.jpg,425x640,1,0.596388,1,1,TP,yolov8l_bsz4.ms,108.25,123.50,231.75,0.500,Light (Music + Nav),5.68,9.49,343.16,2768.00,11499.37,381.36,,0,72,38.00,250,4075140,1018785.00,4,fused
42296,000000042296.jpg,640x425,1,0.596166,0,0,FP,yolov8l_bsz4.ms,108.50,114.50,223.00,0.500,Light (Music + Nav),5.51,9.49,289.97,2821.00,11499.37,432.86,,0,72,38.00,250,4074696,1018674.00,4,fused
8899,000000008899.jpg,640x539,1,0.595897,0,0,FP,yolov8l_bsz4.ms,108.50,114.50,223.00,0.500,Light (Music + Nav),5.51,9.49,289.97,2821.00,11499.37,432.86,,0,72,38.00,250,4074696,1018674.00,4,fused
190756,000000190756.jpg,640x480,1,0.595474,1,1,TP,yolov8l_bsz4.ms,108.50,114.50,223.00,0.500,Light (Music + Nav),5.51,9.49,289.97,2821.00,11499.37,432.86,,0,72,38.00,250,4074696,1018674.00,4,fused
384527,000000384527.jpg,640x480,1,0.594982,0,0,FP,yolov8l_bsz4.ms,108.50,114.50,223.00,0.500,Light (Music + Nav),5.51,9.49,289.97,2821.00,11499.37,432.86,,0,72,38.00,250,4074696,1018674.00,4,fused
527220,000000527220.jpg,500x169,1,0.594801,0,0,FP,yolov8l_bsz4.ms,107.50,100.50,208.00,0.500,Light (Music + Nav),5.28,9.49,366.66,2744.00,11499.37,354.09,,0,72,38.00,262,4075178,1067696.64,4,fused
525083,000000525083.jpg,640x428,1,0.593315,0,0,FP,yolov8l_bsz4.ms,107.50,100.50,208.00,0.500,Light (Music + Nav),5.28,9.49,366.66,2744.00,11499.37,354.09,,0,72,38.00,262,4075178,1067696.64,4,fused
571264,000000571264.jpg,640x426,1,0.592759,1,1,TP,yolov8l_bsz4.ms,107.50,100.50,208.00,0.500,Light (Music + Nav),5.28,9.49,366.66,2744.00,11499.37,354.09,,0,72,38.00,262,4075178,1067696.64,4,fused
426372,000000426372.jpg,640x427,1,0.592235,0,0,FP,yolov8l_bsz4.ms,107.50,100.50,208.00,0.500,Light (Music + Nav),5.28,9.49,366.66,2744.00,11499.37,354.09,,0,72,38.00,262,4075178,1067696.64,4,fused
145620,000000145620.jpg,640x436,1,0.591934,1,1,TP,yolov8l_bsz4.ms,109.50,115.25,224.75,0.500,Light (Music + Nav),5.32,9.29,362.80,2747.00,11499.37,356.62,,0,72,38.00,167,4072303,680074.60,4,fused
74200,000000074200.jpg,640x480,1,0.591823,1,1,TP,yolov8l_bsz4.ms,109.50,115.25,224.75,0.500,Light (Music + Nav),5.32,9.29,362.80,2747.00,11499.37,356.62,,0,72,38.00,167,4072303,680074.60,4,fused
263068,000000263068.jpg,330x500,1,0.591429,1,1,TP,yolov8l_bsz4.ms,109.50,115.25,224.75,0.500,Light (Music + Nav),5.32,9.29,362.80,2747.00,11499.37,356.62,,0,72,38.00,167,4072303,680074.60,4,fused
455872,000000455872.jpg,500x375,1,0.591126,0,0,FP,yolov8l_bsz4.ms,109.50,115.25,224.75,0.500,Light (Music + Nav),5.32,9.29,362.80,2747.00,11499.37,356.62,,0,72,38.00,167,4072303,680074.60,4,fused
32570,000000032570.jpg,640x427,1,0.590887,1,1,TP,yolov8l_bsz4.ms,108.25,117.00,225.25,0.500,Light (Music + Nav),5.36,9.29,343.41,2742.00,11499.37,349.51,,0,72,38.00,-167,4062157,-678380.22,4,fused
534664,000000534664.jpg,640x404,1,0.590872,0,0,FP,yolov8l_bsz4.ms,108.25,117.00,225.25,0.500,Light (Music + Nav),5.36,9.29,343.41,2742.00,11499.37,349.51,,0,72,38.00,-167,4062157,-678380.22,4,fused
66038,000000066038.jpg,640x480,1,0.589916,1,1,TP,yolov8l_bsz4.ms,108.25,117.00,225.25,0.500,Light (Music + Nav),5.36,9.29,343.41,2742.00,11499.37,349.51,,0,72,38.00,-167,4062157,-678380.22,4,fused
98392,000000098392.jpg,480x640,1,0.589538,1,1,TP,yolov8l_bsz4.ms,108.25,117.00,225.25,0.500,Light (Music + Nav),5.36,9.29,343.41,2742.00,11499.37,349.51,,0,72,38.00,-167,4062157,-678380.22,4,fused
577959,000000577959.jpg,640x427,1,0.589433,1,1,TP,yolov8l_bsz4.ms,109.50,124.50,234.00,0.500,Light (Music + Nav),5.33,12.01,290.55,2785.00,11499.37,389.31,,0,72,38.00,-23,4065780,-93512.94,4,fused
146363,000000146363.jpg,500x375,1,0.588810,0,0,FP,yolov8l_bsz4.ms,109.50,124.50,234.00,0.500,Light (Music + Nav),5.33,12.01,290.55,2785.00,11499.37,389.31,,0,72,38.00,-23,4065780,-93512.94,4,fused
534827,000000534827.jpg,612x612,1,0.588772,1,1,TP,yolov8l_bsz4.ms,109.50,124.50,234.00,0.500,Light (Music + Nav),5.33,12.01,290.55,2785.00,11499.37,389.31,,0,72,38.00,-23,4065780,-93512.94,4,fused
425925,000000425925.jpg,640x468,1,0.588657,1,1,TP,yolov8l_bsz4.ms,109.50,124.50,234.00,0.500,Light (Music + Nav),5.33,12.01,290.55,2785.00,11499.37,389.31,,0,72,38.00,-23,4065780,-93512.94,4,fused
424975,000000424975.jpg,640x480,1,0.588629,1,1,TP,yolov8l_bsz4.ms,106.75,127.25,234.00,0.500,Light (Music + Nav),5.32,12.01,365.70,2711.00,11499.37,313.34,,0,72,38.00,138,4070928,561788.06,4,fused
482100,000000482100.jpg,640x427,1,0.588607,0,0,FP,yolov8l_bsz4.ms,106.75,127.25,234.00,0.500,Light (Music + Nav),5.32,12.01,365.70,2711.00,11499.37,313.34,,0,72,38.00,138,4070928,561788.06,4,fused
544052,000000544052.jpg,640x640,1,0.588055,0,0,FP,yolov8l_bsz4.ms,106.75,127.25,234.00,0.500,Light (Music + Nav),5.32,12.01,365.70,2711.00,11499.37,313.34,,0,72,38.00,138,4070928,561788.06,4,fused
333772,000000333772.jpg,500x375,1,0.588036,0,0,FP,yolov8l_bsz4.ms,106.75,127.25,234.00,0.500,Light (Music + Nav),5.32,12.01,365.70,2711.00,11499.37,313.34,,0,72,38.00,138,4070928,561788.06,4,fused
234526,000000234526.jpg,612x612,1,0.587895,1,1,TP,yolov8l_bsz4.ms,108.75,127.00,235.75,0.500,Light (Music + Nav),5.34,12.32,364.59,2712.00,11499.37,312.84,,0,72,38.00,125,4070339,508792.38,4,fused
295138,000000295138.jpg,640x423,1,0.587493,1,1,TP,yolov8l_bsz4.ms,108.75,127.00,235.75,0.500,Light (Music + Nav),5.34,12.32,364.59,2712.00,11499.37,312.84,,0,72,38.00,125,4070339,508792.38,4,fused
171050,000000171050.jpg,480x640,1,0.587280,0,0,FP,yolov8l_bsz4.ms,108.75,127.00,235.75,0.500,Light (Music + Nav),5.34,12.32,364.59,2712.00,11499.37,312.84,,0,72,38.00,125,4070339,508792.38,4,fused
488270,000000488270.jpg,640x426,1,0.586845,0,0,FP,yolov8l_bsz4.ms,108.75,127.00,235.75,0.500,Light (Music + Nav),5.34,12.32,364.59,2712.00,11499.37,312.84,,0,72,38.00,125,4070339,508792.38,4,fused
203580,000000203580.jpg,640x427,1,0.586466,0,0,FP,yolov8l_bsz4.ms,108.25,99.75,208.00,0.500,Light (Music + Nav),5.34,12.32,343.29,2733.00,11499.37,332.71,,0,72,38.00,180,4072001,732960.18,4,fused
432468,000000432468.jpg,427x640,1,0.586331,0,0,FP,yolov8l_bsz4.ms,108.25,99.75,208.00,0.500,Light (Music + Nav),5.34,12.32,343.29,2733.00,11499.37,332.71,,0,72,38.00,180,4072001,732960.18,4,fused
528862,000000528862.jpg,500x375,1,0.586036,0,0,FP,yolov8l_bsz4.ms,108.25,99.75,208.00,0.500,Light (Music + Nav),5.34,12.32,343.29,2733.00,11499.37,332.71,,0,72,38.00,180,4072001,732960.18,4,fused
32735,000000032735.jpg,640x427,1,0.585998,1,1,TP,yolov8l_bsz4.ms,108.25,99.75,208.00,0.500,Light (Music + Nav),5.34,12.32,343.29,2733.00,11499.37,332.71,,0,72,38.00,180,4072001,732960.18,4,fused
552371,000000552371.jpg,640x426,1,0.585980,0,0,FP,yolov8l_bsz4.ms,108.00,119.75,227.75,0.500,Light (Music + Nav),8.80,18.29,289.14,2790.00,11499.37,403.48,,0,72,38.00,101,4069707,411040.41,4,fused
370999,000000370999.jpg,640x480,1,0.585740,0,0,FP,yolov8l_bsz4.ms,108.00,119.75,227.75,0.500,Light (Music + Nav),8.80,18.29,289.14,2790.00,11499.37,403.48,,0,72,38.00,101,4069707,411040.41,4,fused
307074,000000307074.jpg,500x333,1,0.585602,0,0,FP,yolov8l_bsz4.ms,108.00,119.75,227.75,0.500,Light (Music + Nav),8.80,18.29,289.14,2790.00,11499.37,403.48,,0,72,38.00,101,4069707,411040.41,4,fused
41872,000000041872.jpg,640x426,1,0.584860,0,0,FP,yolov8l_bsz4.ms,108.00,119.75,227.75,0.500,Light (Music + Nav),8.80,18.29,289.14,2790.00,11499.37,403.48,,0,72,38.00,101,4069707,411040.41,4,fused
89556,000000089556.jpg,640x480,1,0.583920,0,0,FP,yolov8l_bsz4.ms,107.50,117.00,224.50,0.500,Light (Music + Nav),6.05,18.29,365.05,2714.00,11499.37,326.09,,0,72,38.00,193,4072621,786015.85,4,fused
385205,000000385205.jpg,640x480,1,0.583285,0,0,FP,yolov8l_bsz4.ms,107.50,117.00,224.50,0.500,Light (Music + Nav),6.05,18.29,365.05,2714.00,11499.37,326.09,,0,72,38.00,193,4072621,786015.85,4,fused
289702,000000289702.jpg,640x427,1,0.583250,0,0,FP,yolov8l_bsz4.ms,107.50,117.00,224.50,0.500,Light (Music + Nav),6.05,18.29,365.05,2714.00,11499.37,326.09,,0,72,38.00,193,4072621,786015.85,4,fused
400367,000000400367.jpg,500x333,1,0.583171,0,0,FP,yolov8l_bsz4.ms,107.50,117.00,224.50,0.500,Light (Music + Nav),6.05,18.29,365.05,2714.00,11499.37,326.09,,0,72,38.00,193,4072621,786015.85,4,fused
553094,000000553094.jpg,640x426,1,0.582906,0,0,FP,yolov8l_bsz4.ms,109.50,122.25,231.75,0.500,Light (Music + Nav),5.61,18.29,364.25,2738.00,11499.37,350.00,,0,72,38.00,316,4076293,1288108.59,4,fused
575357,000000575357.jpg,640x453,1,0.582825,0,0,FP,yolov8l_bsz4.ms,109.50,122.25,231.75,0.500,Light (Music + Nav),5.61,18.29,364.25,2738.00,11499.37,350.00,,0,72,38.00,316,4076293,1288108.59,4,fused
26926,000000026926.jpg,423x640,1,0.582487,0,0,FP,yolov8l_bsz4.ms,109.50,122.25,231.75,0.500,Light (Music + Nav),5.61,18.29,364.25,2738.00,11499.37,350.00,,0,72,38.00,316,4076293,1288108.59,4,fused
258911,000000258911.jpg,640x426,1,0.582376,1,1,TP,yolov8l_bsz4.ms,109.50,122.25,231.75,0.500,Light (Music + Nav),5.61,18.29,364.25,2738.00,11499.37,350.00,,0,72,38.00,316,4076293,1288108.59,4,fused
356169,000000356169.jpg,640x480,1,0.582364,0,0,FP,yolov8l_bsz4.ms,107.00,128.50,235.50,0.500,Light (Music + Nav),5.65,11.78,342.93,2760.00,11499.37,369.58,,0,72,38.00,289,4075586,1177844.35,4,fused
417043,000000417043.jpg,640x480,1,0.582319,0,0,FP,yolov8l_bsz4.ms,107.00,128.50,235.50,0.500,Light (Music + Nav),5.65,11.78,342.93,2760.00,11499.37,369.58,,0,72,38.00,289,4075586,1177844.35,4,fused
377486,000000377486.jpg,640x427,1,0.581644,1,1,TP,yolov8l_bsz4.ms,107.00,128.50,235.50,0.500,Light (Music + Nav),5.65,11.78,342.93,2760.00,11499.37,369.58,,0,72,38.00,289,4075586,1177844.35,4,fused
479030,000000479030.jpg,640x424,1,0.581268,0,0,FP,yolov8l_bsz4.ms,107.00,128.50,235.50,0.500,Light (Music + Nav),5.65,11.78,342.93,2760.00,11499.37,369.58,,0,72,38.00,289,4075586,1177844.35,4,fused
73118,000000073118.jpg,612x612,1,0.581019,0,0,FP,yolov8l_bsz4.ms,108.50,126.25,234.75,0.500,Light (Music + Nav),5.55,11.78,289.72,2814.00,11499.37,421.64,,0,72,38.00,164,4071670,667753.88,4,fused
210915,000000210915.jpg,640x480,1,0.580876,1,1,TP,yolov8l_bsz4.ms,108.50,126.25,234.75,0.500,Light (Music + Nav),5.55,11.78,289.72,2814.00,11499.37,421.64,,0,72,38.00,164,4071670,667753.88,4,fused
344611,000000344611.jpg,640x426,1,0.580694,0,0,FP,yolov8l_bsz4.ms,108.50,126.25,234.75,0.500,Light (Music + Nav),5.55,11.78,289.72,2814.00,11499.37,421.64,,0,72,38.00,164,4071670,667753.88,4,fused
183049,000000183049.jpg,427x640,1,0.580396,0,0,FP,yolov8l_bsz4.ms,108.50,126.25,234.75,0.500,Light (Music + Nav),5.55,11.78,289.72,2814.00,11499.37,421.64,,0,72,38.00,164,4071670,667753.88,4,fused
115946,000000115946.jpg,480x640,1,0.579757,1,1,TP,yolov8l_bsz4.ms,107.00,131.00,238.00,0.500,Light (Music + Nav),5.43,11.22,366.57,2737.00,11499.37,343.60,,0,72,38.00,229,4073722,932882.34,4,fused
404534,000000404534.jpg,386x500,1,0.579422,0,0,FP,yolov8l_bsz4.ms,107.00,131.00,238.00,0.500,Light (Music + Nav),5.43,11.22,366.57,2737.00,11499.37,343.60,,0,72,38.00,229,4073722,932882.34,4,fused
20107,000000020107.jpg,333x500,1,0.579385,0,0,FP,yolov8l_bsz4.ms,107.00,131.00,238.00,0.500,Light (Music + Nav),5.43,11.22,366.57,2737.00,11499.37,343.60,,0,72,38.00,229,4073722,932882.34,4,fused
415727,000000415727.jpg,640x480,1,0.579333,1,1,TP,yolov8l_bsz4.ms,107.00,131.00,238.00,0.500,Light (Music + Nav),5.43,11.22,366.57,2737.00,11499.37,343.60,,0,72,38.00,229,4073722,932882.34,4,fused
9914,000000009914.jpg,640x480,1,0.579232,0,0,FP,yolov8l_bsz4.ms,109.00,129.75,238.75,0.500,Light (Music + Nav),5.44,11.22,363.53,2740.00,11499.37,345.17,,0,72,38.00,251,4074587,1022721.34,4,fused
145781,000000145781.jpg,640x480,1,0.578627,0,0,FP,yolov8l_bsz4.ms,109.00,129.75,238.75,0.500,Light (Music + Nav),5.44,11.22,363.53,2740.00,11499.37,345.17,,0,72,38.00,251,4074587,1022721.34,4,fused
567197,000000567197.jpg,500x407,1,0.578253,1,1,TP,yolov8l_bsz4.ms,109.00,129.75,238.75,0.500,Light (Music + Nav),5.44,11.22,363.53,2740.00,11499.37,345.17,,0,72,38.00,251,4074587,1022721.34,4,fused
446522,000000446522.jpg,480x640,1,0.577971,0,0,FP,yolov8l_bsz4.ms,109.00,129.75,238.75,0.500,Light (Music + Nav),5.44,11.22,363.53,2740.00,11499.37,345.17,,0,72,38.00,251,4074587,1022721.34,4,fused
166664,000000166664.jpg,640x427,1,0.577955,0,0,FP,yolov8l_bsz4.ms,107.25,120.50,227.75,0.500,Light (Music + Nav),5.43,11.25,344.40,2763.00,11499.37,366.86,,0,72,38.00,224,4073877,912548.45,4,fused
566758,000000566758.jpg,640x480,1,0.577383,0,0,FP,yolov8l_bsz4.ms,107.25,120.50,227.75,0.500,Light (Music + Nav),5.43,11.25,344.40,2763.00,11499.37,366.86,,0,72,38.00,224,4073877,912548.45,4,fused
266082,000000266082.jpg,375x500,1,0.577358,0,0,FP,yolov8l_bsz4.ms,107.25,120.50,227.75,0.500,Light (Music + Nav),5.43,11.25,344.40,2763.00,11499.37,366.86,,0,72,38.00,224,4073877,912548.45,4,fused
153217,000000153217.jpg,375x500,1,0.577337,0,0,FP,yolov8l_bsz4.ms,107.25,120.50,227.75,0.500,Light (Music + Nav),5.43,11.25,344.40,2763.00,11499.37,366.86,,0,72,38.00,224,4073877,912548.45,4,fused
338428,000000338428.jpg,640x366,1,0.576975,0,0,FP,yolov8l_bsz4.ms,108.50,122.00,230.50,0.500,Light (Music + Nav),5.42,11.25,288.65,2818.00,11499.37,421.54,,0,72,38.00,187,4072388,761536.56,4,fused
187990,000000187990.jpg,500x375,1,0.576890,1,1,TP,yolov8l_bsz4.ms,108.50,122.00,230.50,0.500,Light (Music + Nav),5.42,11.25,288.65,2818.00,11499.37,421.54,,0,72,38.00,187,4072388,761536.56,4,fused
222299,000000222299.jpg,500x375,1,0.576603,0,0,FP,yolov8l_bsz4.ms,108.50,122.00,230.50,0.500,Light (Music + Nav),5.42,11.25,288.65,2818.00,11499.37,421.54,,0,72,38.00,187,4072388,761536.56,4,fused
276707,000000276707.jpg,640x480,1,0.576533,1,1,TP,yolov8l_bsz4.ms,108.50,122.00,230.50,0.500,Light (Music + Nav),5.42,11.25,288.65,2818.00,11499.37,421.54,,0,72,38.00,187,4072388,761536.56,4,fused
323151,000000323151.jpg,480x640,1,0.576510,0,0,FP,yolov8l_bsz4.ms,107.25,131.75,239.00,0.500,Light (Music + Nav),5.41,11.36,366.37,2740.00,11499.37,342.52,,0,72,38.00,299,4076006,1218725.79,4,fused
184338,000000184338.jpg,640x427,1,0.575649,0,0,FP,yolov8l_bsz4.ms,107.25,131.75,239.00,0.500,Light (Music + Nav),5.41,11.36,366.37,2740.00,11499.37,342.52,,0,72,38.00,299,4076006,1218725.79,4,fused
540466,000000540466.jpg,640x427,1,0.575244,1,1,TP,yolov8l_bsz4.ms,107.25,131.75,239.00,0.500,Light (Music + Nav),5.41,11.36,366.37,2740.00,11499.37,342.52,,0,72,38.00,299,4076006,1218725.79,4,fused
331569,000000331569.jpg,612x612,1,0.575183,0,0,FP,yolov8l_bsz4.ms,107.25,131.75,239.00,0.500,Light (Music + Nav),5.41,11.36,366.37,2740.00,11499.37,342.52,,0,72,38.00,299,4076006,1218725.79,4,fused
509258,000000509258.jpg,640x428,1,0.575001,0,0,FP,yolov8l_bsz4.ms,108.75,124.00,232.75,0.500,Light (Music + Nav),8.29,11.36,365.00,2741.00,11499.37,342.24,,0,72,38.00,152,4071480,618864.96,4,fused
173383,000000173383.jpg,640x425,1,0.574836,0,0,FP,yolov8l_bsz4.ms,108.75,124.00,232.75,0.500,Light (Music + Nav),8.29,11.36,365.00,2741.00,11499.37,342.24,,0,72,38.00,152,4071480,618864.96,4,fused
165518,000000165518.jpg,612x612,1,0.574794,1,1,TP,yolov8l_bsz4.ms,108.75,124.00,232.75,0.500,Light (Music + Nav),8.29,11.36,365.00,2741.00,11499.37,342.24,,0,72,38.00,152,4071480,618864.96,4,fused
1993,000000001993.jpg,640x419,1,0.574609,0,0,FP,yolov8l_bsz4.ms,108.75,124.00,232.75,0.500,Light (Music + Nav),8.29,11.36,365.00,2741.00,11499.37,342.24,,0,72,38.00,152,4071480,618864.96,4,fused
279541,000000279541.jpg,478x640,1,0.573784,1,1,TP,yolov8l_bsz4.ms,107.25,130.50,237.75,0.500,Light (Music + Nav),6.07,9.27,343.81,2762.00,11499.37,361.96,,0,72,38.00,271,4075302,1104406.84,4,fused
163155,000000163155.jpg,640x427,1,0.573596,0,0,FP,yolov8l_bsz4.ms,107.25,130.50,237.75,0.500,Light (Music + Nav),6.07,9.27,343.81,2762.00,11499.37,361.96,,0,72,38.00,271,4075302,1104406.84,4,fused
535156,000000535156.jpg,640x505,1,0.573502,0,0,FP,yolov8l_bsz4.ms,107.25,130.50,237.75,0.500,Light (Music + Nav),6.07,9.27,343.81,2762.00,11499.37,361.96,,0,72,38.00,271,4075302,1104406.84,4,fused
511321,000000511321.jpg,427x640,1,0.572998,0,0,FP,yolov8l_bsz4.ms,107.25,130.50,237.75,0.500,Light (Music + Nav),6.07,9.27,343.81,2762.00,11499.37,361.96,,0,72,38.00,271,4075302,1104406.84,4,fused
224724,000000224724.jpg,480x640,1,0.572701,1,1,TP,yolov8l_bsz4.ms,108.25,127.50,235.75,0.500,Light (Music + Nav),5.90,9.27,290.14,2816.00,11499.37,414.51,,0,72,38.00,141,4071157,574033.14,4,fused
463849,000000463849.jpg,564x640,1,0.571554,1,1,TP,yolov8l_bsz4.ms,108.25,127.50,235.75,0.500,Light (Music + Nav),5.90,9.27,290.14,2816.00,11499.37,414.51,,0,72,38.00,141,4071157,574033.14,4,fused
109055,000000109055.jpg,640x480,1,0.571466,0,0,FP,yolov8l_bsz4.ms,108.25,127.50,235.75,0.500,Light (Music + Nav),5.90,9.27,290.14,2816.00,11499.37,414.51,,0,72,38.00,141,4071157,574033.14,4,fused
242678,000000242678.jpg,640x481,1,0.571324,1,1,TP,yolov8l_bsz4.ms,108.25,127.50,235.75,0.500,Light (Music + Nav),5.90,9.27,290.14,2816.00,11499.37,414.51,,0,72,38.00,141,4071157,574033.14,4,fused
116479,000000116479.jpg,411x640,1,0.571023,0,0,FP,yolov8l_bsz4.ms,107.50,114.75,222.25,0.500,Light (Music + Nav),5.61,9.56,367.41,2739.00,11499.37,335.78,,0,72,38.00,223,4073854,908469.44,4,fused
523033,000000523033.jpg,640x427,1,0.570269,1,1,TP,yolov8l_bsz4.ms,107.50,114.75,222.25,0.500,Light (Music + Nav),5.61,9.56,367.41,2739.00,11499.37,335.78,,0,72,38.00,223,4073854,908469.44,4,fused
178618,000000178618.jpg,446x640,1,0.569386,0,0,FP,yolov8l_bsz4.ms,107.50,114.75,222.25,0.500,Light (Music + Nav),5.61,9.56,367.41,2739.00,11499.37,335.78,,0,72,38.00,223,4073854,908469.44,4,fused
10092,000000010092.jpg,640x426,1,0.569366,0,0,FP,yolov8l_bsz4.ms,107.50,114.75,222.25,0.500,Light (Music + Nav),5.61,9.56,367.41,2739.00,11499.37,335.78,,0,72,38.00,223,4073854,908469.44,4,fused
447342,000000447342.jpg,640x416,1,0.569179,0,0,FP,yolov8l_bsz4.ms,109.50,131.75,241.25,0.500,Light (Music + Nav),5.62,9.56,364.88,2741.00,11499.37,337.32,,0,72,38.00,254,4074704,1034974.82,4,fused
438017,000000438017.jpg,480x640,1,0.569074,0,0,FP,yolov8l_bsz4.ms,109.50,131.75,241.25,0.500,Light (Music + Nav),5.62,9.56,364.88,2741.00,11499.37,337.32,,0,72,38.00,254,4074704,1034974.82,4,fused
186873,000000186873.jpg,612x612,1,0.568991,1,1,TP,yolov8l_bsz4.ms,109.50,131.75,241.25,0.500,Light (Music + Nav),5.62,9.56,364.88,2741.00,11499.37,337.32,,0,72,38.00,254,4074704,1034974.82,4,fused
125062,000000125062.jpg,427x640,1,0.568820,0,0,FP,yolov8l_bsz4.ms,109.50,131.75,241.25,0.500,Light (Music + Nav),5.62,9.56,364.88,2741.00,11499.37,337.32,,0,72,38.00,254,4074704,1034974.82,4,fused
481159,000000481159.jpg,640x463,1,0.568569,0,0,FP,yolov8l_bsz4.ms,108.00,108.00,216.00,0.500,Light (Music + Nav),5.61,10.11,342.88,2763.00,11499.37,357.58,,0,72,38.00,207,4073291,843171.24,4,fused
2157,000000002157.jpg,640x427,1,0.568284,0,0,FP,yolov8l_bsz4.ms,108.00,108.00,216.00,0.500,Light (Music + Nav),5.61,10.11,342.88,2763.00,11499.37,357.58,,0,72,38.00,207,4073291,843171.24,4,fused
521052,000000521052.jpg,640x480,1,0.568217,0,0,FP,yolov8l_bsz4.ms,108.00,108.00,216.00,0.500,Light (Music + Nav),5.61,10.11,342.88,2763.00,11499.37,357.58,,0,72,38.00,207,4073291,843171.24,4,fused
226408,000000226408.jpg,640x469,1,0.568099,1,1,TP,yolov8l_bsz4.ms,108.00,108.00,216.00,0.500,Light (Music + Nav),5.61,10.11,342.88,2763.00,11499.37,357.58,,0,72,38.00,207,4073291,843171.24,4,fused
207728,000000207728.jpg,640x373,1,0.567343,0,0,FP,yolov8l_bsz4.ms,108.50,116.75,225.25,0.500,Light (Music + Nav),5.52,10.11,294.05,2812.00,11499.37,405.38,,0,72,38.00,370,4078257,1508955.09,4,fused
477955,000000477955.jpg,480x640,1,0.567148,1,1,TP,yolov8l_bsz4.ms,108.50,116.75,225.25,0.500,Light (Music + Nav),5.52,10.11,294.05,2812.00,11499.37,405.38,,0,72,38.00,370,4078257,1508955.09,4,fused
290293,000000290293.jpg,640x326,1,0.567140,1,1,TP,yolov8l_bsz4.ms,108.50,116.75,225.25,0.500,Light (Music + Nav),5.52,10.11,294.05,2812.00,11499.37,405.38,,0,72,38.00,370,4078257,1508955.09,4,fused
415882,000000415882.jpg,544x640,1,0.565950,1,1,TP,yolov8l_bsz4.ms,108.50,116.75,225.25,0.500,Light (Music + Nav),5.52,10.11,294.05,2812.00,11499.37,405.38,,0,72,38.00,370,4078257,1508955.09,4,fused
500613,000000500613.jpg,640x425,1,0.565512,0,0,FP,yolov8l_bsz4.ms,108.00,127.25,235.25,0.500,Light (Music + Nav),5.45,10.11,368.53,2737.00,11499.37,329.63,,0,72,38.00,228,4073968,928864.70,4,fused
161128,000000161128.jpg,375x500,1,0.565359,1,1,TP,yolov8l_bsz4.ms,108.00,127.25,235.25,0.500,Light (Music + Nav),5.45,10.11,368.53,2737.00,11499.37,329.63,,0,72,38.00,228,4073968,928864.70,4,fused
229311,000000229311.jpg,500x375,1,0.564806,0,0,FP,yolov8l_bsz4.ms,108.00,127.25,235.25,0.500,Light (Music + Nav),5.45,10.11,368.53,2737.00,11499.37,329.63,,0,72,38.00,228,4073968,928864.70,4,fused
519764,000000519764.jpg,500x375,1,0.564075,0,0,FP,yolov8l_bsz4.ms,108.00,127.25,235.25,0.500,Light (Music + Nav),5.45,10.11,368.53,2737.00,11499.37,329.63,,0,72,38.00,228,4073968,928864.70,4,fused
78170,000000078170.jpg,640x640,1,0.563942,1,1,TP,yolov8l_bsz4.ms,108.00,126.25,234.25,0.500,Light (Music + Nav),5.49,9.88,365.04,2740.00,11499.37,331.49,,0,72,38.00,222,4073790,904381.38,4,fused
70229,000000070229.jpg,481x640,1,0.563786,1,1,TP,yolov8l_bsz4.ms,108.00,126.25,234.25,0.500,Light (Music + Nav),5.49,9.88,365.04,2740.00,11499.37,331.49,,0,72,38.00,222,4073790,904381.38,4,fused
409424,000000409424.jpg,480x640,1,0.563749,0,0,FP,yolov8l_bsz4.ms,108.00,126.25,234.25,0.500,Light (Music + Nav),5.49,9.88,365.04,2740.00,11499.37,331.49,,0,72,38.00,222,4073790,904381.38,4,fused
387098,000000387098.jpg,640x480,1,0.563593,0,0,FP,yolov8l_bsz4.ms,108.00,126.25,234.25,0.500,Light (Music + Nav),5.49,9.88,365.04,2740.00,11499.37,331.49,,0,72,38.00,222,4073790,904381.38,4,fused
430286,000000430286.jpg,640x473,1,0.563268,0,0,FP,yolov8l_bsz4.ms,109.25,120.00,229.25,0.500,Light (Music + Nav),5.47,9.88,363.14,2742.00,11499.37,332.03,,0,72,38.00,165,4071817,671849.81,4,fused
554595,000000554595.jpg,500x376,1,0.562608,1,1,TP,yolov8l_bsz4.ms,109.25,120.00,229.25,0.500,Light (Music + Nav),5.47,9.88,363.14,2742.00,11499.37,332.03,,0,72,38.00,165,4071817,671849.81,4,fused
340451,000000340451.jpg,640x424,1,0.562458,1,1,TP,yolov8l_bsz4.ms,109.25,120.00,229.25,0.500,Light (Music + Nav),5.47,9.88,363.14,2742.00,11499.37,332.03,,0,72,38.00,165,4071817,671849.81,4,fused
298697,000000298697.jpg,640x480,1,0.562385,0,0,FP,yolov8l_bsz4.ms,109.25,120.00,229.25,0.500,Light (Music + Nav),5.47,9.88,363.14,2742.00,11499.37,332.03,,0,72,38.00,165,4071817,671849.81,4,fused
516601,000000516601.jpg,640x360,1,0.562247,1,1,TP,yolov8l_bsz4.ms,108.00,113.25,221.25,0.500,Light (Music + Nav),5.45,9.98,343.55,2761.00,11499.37,350.02,,0,72,38.00,269,4075098,1096201.36,4,fused
395575,000000395575.jpg,500x339,1,0.562028,1,1,TP,yolov8l_bsz4.ms,108.00,113.25,221.25,0.500,Light (Music + Nav),5.45,9.98,343.55,2761.00,11499.37,350.02,,0,72,38.00,269,4075098,1096201.36,4,fused
423104,000000423104.jpg,427x640,1,0.561922,1,1,TP,yolov8l_bsz4.ms,108.00,113.25,221.25,0.500,Light (Music + Nav),5.45,9.98,343.55,2761.00,11499.37,350.02,,0,72,38.00,269,4075098,1096201.36,4,fused
463842,000000463842.jpg,640x480,1,0.561804,0,0,FP,yolov8l_bsz4.ms,108.00,113.25,221.25,0.500,Light (Music + Nav),5.45,9.98,343.55,2761.00,11499.37,350.02,,0,72,38.00,269,4075098,1096201.36,4,fused
448410,000000448410.jpg,640x437,1,0.561640,1,1,TP,yolov8l_bsz4.ms,108.25,118.25,226.50,0.500,Light (Music + Nav),6.47,9.98,289.66,2815.00,11499.37,402.28,,0,72,38.00,157,4071661,639250.78,4,fused
177539,000000177539.jpg,640x427,1,0.561573,1,1,TP,yolov8l_bsz4.ms,108.25,118.25,226.50,0.500,Light (Music + Nav),6.47,9.98,289.66,2815.00,11499.37,402.28,,0,72,38.00,157,4071661,639250.78,4,fused
555005,000000555005.jpg,640x480,1,0.561154,0,0,FP,yolov8l_bsz4.ms,108.25,118.25,226.50,0.500,Light (Music + Nav),6.47,9.98,289.66,2815.00,11499.37,402.28,,0,72,38.00,157,4071661,639250.78,4,fused
494913,000000494913.jpg,640x428,1,0.561069,1,1,TP,yolov8l_bsz4.ms,108.25,118.25,226.50,0.500,Light (Music + Nav),6.47,9.98,289.66,2815.00,11499.37,402.28,,0,72,38.00,157,4071661,639250.78,4,fused
19402,000000019402.jpg,640x480,1,0.560954,1,1,TP,yolov8l_bsz4.ms,108.25,119.00,227.25,0.500,Light (Music + Nav),5.50,10.25,366.58,2737.00,11499.37,323.75,,0,72,38.00,191,4072699,777885.51,4,fused
476810,000000476810.jpg,640x480,1,0.560515,0,0,FP,yolov8l_bsz4.ms,108.25,119.00,227.25,0.500,Light (Music + Nav),5.50,10.25,366.58,2737.00,11499.37,323.75,,0,72,38.00,191,4072699,777885.51,4,fused
383339,000000383339.jpg,640x428,1,0.560299,1,1,TP,yolov8l_bsz4.ms,108.25,119.00,227.25,0.500,Light (Music + Nav),5.50,10.25,366.58,2737.00,11499.37,323.75,,0,72,38.00,191,4072699,777885.51,4,fused
162858,000000162858.jpg,428x640,1,0.559507,1,1,TP,yolov8l_bsz4.ms,108.25,119.00,227.25,0.500,Light (Music + Nav),5.50,10.25,366.58,2737.00,11499.37,323.75,,0,72,38.00,191,4072699,777885.51,4,fused
355257,000000355257.jpg,640x427,1,0.559415,1,1,TP,yolov8l_bsz4.ms,110.25,122.50,232.75,0.500,Light (Music + Nav),5.54,10.25,366.69,2737.00,11499.37,322.33,,0,72,38.00,130,4071136,529247.68,4,fused
31118,000000031118.jpg,640x427,1,0.559108,1,1,TP,yolov8l_bsz4.ms,110.25,122.50,232.75,0.500,Light (Music + Nav),5.54,10.25,366.69,2737.00,11499.37,322.33,,0,72,38.00,130,4071136,529247.68,4,fused
565962,000000565962.jpg,479x322,1,0.559101,1,1,TP,yolov8l_bsz4.ms,110.25,122.50,232.75,0.500,Light (Music + Nav),5.54,10.25,366.69,2737.00,11499.37,322.33,,0,72,38.00,130,4071136,529247.68,4,fused
578922,000000578922.jpg,598x640,1,0.558933,0,0,FP,yolov8l_bsz4.ms,110.25,122.50,232.75,0.500,Light (Music + Nav),5.54,10.25,366.69,2737.00,11499.37,322.33,,0,72,38.00,130,4071136,529247.68,4,fused
300913,000000300913.jpg,500x375,1,0.558308,0,0,FP,yolov8l_bsz4.ms,107.75,116.75,224.50,0.500,Light (Music + Nav),5.53,10.16,343.19,2760.00,11499.37,344.09,,0,72,38.00,200,4073175,814635.00,4,fused
129812,000000129812.jpg,640x426,1,0.557988,1,1,TP,yolov8l_bsz4.ms,107.75,116.75,224.50,0.500,Light (Music + Nav),5.53,10.16,343.19,2760.00,11499.37,344.09,,0,72,38.00,200,4073175,814635.00,4,fused
371699,000000371699.jpg,480x640,1,0.556719,1,1,TP,yolov8l_bsz4.ms,107.75,116.75,224.50,0.500,Light (Music + Nav),5.53,10.16,343.19,2760.00,11499.37,344.09,,0,72,38.00,200,4073175,814635.00,4,fused
205542,000000205542.jpg,480x640,1,0.556507,0,0,FP,yolov8l_bsz4.ms,107.75,116.75,224.50,0.500,Light (Music + Nav),5.53,10.16,343.19,2760.00,11499.37,344.09,,0,72,38.00,200,4073175,814635.00,4,fused
157418,000000157418.jpg,480x640,1,0.556186,0,0,FP,yolov8l_bsz4.ms,108.75,120.50,229.25,0.500,Light (Music + Nav),5.49,10.16,299.19,2804.00,11499.37,386.72,,0,72,38.00,150,4071535,610730.25,4,fused
549930,000000549930.jpg,640x558,1,0.555325,1,1,TP,yolov8l_bsz4.ms,108.75,120.50,229.25,0.500,Light (Music + Nav),5.49,10.16,299.19,2804.00,11499.37,386.72,,0,72,38.00,150,4071535,610730.25,4,fused
245576,000000245576.jpg,640x472,1,0.555234,0,0,FP,yolov8l_bsz4.ms,108.75,120.50,229.25,0.500,Light (Music + Nav),5.49,10.16,299.19,2804.00,11499.37,386.72,,0,72,38.00,150,4071535,610730.25,4,fused
61108,000000061108.jpg,640x480,1,0.554909,0,0,FP,yolov8l_bsz4.ms,108.75,120.50,229.25,0.500,Light (Music + Nav),5.49,10.16,299.19,2804.00,11499.37,386.72,,0,72,38.00,150,4071535,610730.25,4,fused
342397,000000342397.jpg,640x427,1,0.554458,1,1,TP,yolov8l_bsz4.ms,107.00,112.75,219.75,0.500,Light (Music + Nav),5.38,10.20,366.97,2736.00,11499.37,317.51,,0,72,38.00,284,4075639,1157481.48,4,fused
241319,000000241319.jpg,640x476,1,0.553963,0,0,FP,yolov8l_bsz4.ms,107.00,112.75,219.75,0.500,Light (Music + Nav),5.38,10.20,366.97,2736.00,11499.37,317.51,,0,72,38.00,284,4075639,1157481.48,4,fused
189820,000000189820.jpg,640x427,1,0.553322,0,0,FP,yolov8l_bsz4.ms,107.00,112.75,219.75,0.500,Light (Music + Nav),5.38,10.20,366.97,2736.00,11499.37,317.51,,0,72,38.00,284,4075639,1157481.48,4,fused
103723,000000103723.jpg,480x640,1,0.553291,1,1,TP,yolov8l_bsz4.ms,107.00,112.75,219.75,0.500,Light (Music + Nav),5.38,10.20,366.97,2736.00,11499.37,317.51,,0,72,38.00,284,4075639,1157481.48,4,fused
369751,000000369751.jpg,426x640,1,0.553051,0,0,FP,yolov8l_bsz4.ms,109.00,120.75,229.75,0.500,Light (Music + Nav),5.36,10.20,362.28,2740.00,11499.37,320.46,,0,72,38.00,220,4073688,896211.36,4,fused
232244,000000232244.jpg,500x375,1,0.552394,0,0,FP,yolov8l_bsz4.ms,109.00,120.75,229.75,0.500,Light (Music + Nav),5.36,10.20,362.28,2740.00,11499.37,320.46,,0,72,38.00,220,4073688,896211.36,4,fused
235252,000000235252.jpg,640x427,1,0.552272,0,0,FP,yolov8l_bsz4.ms,109.00,120.75,229.75,0.500,Light (Music + Nav),5.36,10.20,362.28,2740.00,11499.37,320.46,,0,72,38.00,220,4073688,896211.36,4,fused
296224,000000296224.jpg,640x480,1,0.551481,1,1,TP,yolov8l_bsz4.ms,109.00,120.75,229.75,0.500,Light (Music + Nav),5.36,10.20,362.28,2740.00,11499.37,320.46,,0,72,38.00,220,4073688,896211.36,4,fused
436738,000000436738.jpg,500x486,1,0.551434,1,1,TP,yolov8l_bsz4.ms,108.25,126.25,234.50,0.500,Light (Music + Nav),5.43,10.20,362.02,2740.00,11499.37,319.01,,0,72,38.00,184,4072488,749337.79,4,fused
417085,000000417085.jpg,640x360,1,0.551107,0,0,FP,yolov8l_bsz4.ms,108.25,126.25,234.50,0.500,Light (Music + Nav),5.43,10.20,362.02,2740.00,11499.37,319.01,,0,72,38.00,184,4072488,749337.79,4,fused
305309,000000305309.jpg,640x406,1,0.551028,1,1,TP,yolov8l_bsz4.ms,108.25,126.25,234.50,0.500,Light (Music + Nav),5.43,10.20,362.02,2740.00,11499.37,319.01,,0,72,38.00,184,4072488,749337.79,4,fused
361506,000000361506.jpg,640x480,1,0.550650,1,1,TP,yolov8l_bsz4.ms,108.25,126.25,234.50,0.500,Light (Music + Nav),5.43,10.20,362.02,2740.00,11499.37,319.01,,0,72,38.00,184,4072488,749337.79,4,fused
538067,000000538067.jpg,500x375,1,0.550447,1,1,TP,yolov8l_bsz4.ms,108.25,128.00,236.25,0.500,Light (Music + Nav),5.43,10.07,292.22,2810.00,11499.37,387.66,,0,72,38.00,94,4069910,382571.54,4,fused
305695,000000305695.jpg,640x480,1,0.550024,0,0,FP,yolov8l_bsz4.ms,108.25,128.00,236.25,0.500,Light (Music + Nav),5.43,10.07,292.22,2810.00,11499.37,387.66,,0,72,38.00,94,4069910,382571.54,4,fused
158660,000000158660.jpg,612x612,1,0.549760,1,1,TP,yolov8l_bsz4.ms,108.25,128.00,236.25,0.500,Light (Music + Nav),5.43,10.07,292.22,2810.00,11499.37,387.66,,0,72,38.00,94,4069910,382571.54,4,fused
505169,000000505169.jpg,480x640,1,0.549210,0,0,FP,yolov8l_bsz4.ms,108.25,128.00,236.25,0.500,Light (Music + Nav),5.43,10.07,292.22,2810.00,11499.37,387.66,,0,72,38.00,94,4069910,382571.54,4,fused
200162,000000200162.jpg,640x425,1,0.548763,0,0,FP,yolov8l_bsz4.ms,107.50,117.50,225.00,0.500,Light (Music + Nav),5.39,10.07,366.58,2734.00,11499.37,311.69,,0,72,38.00,180,4072590,733066.20,4,fused
288391,000000288391.jpg,427x640,1,0.548717,0,0,FP,yolov8l_bsz4.ms,107.50,117.50,225.00,0.500,Light (Music + Nav),5.39,10.07,366.58,2734.00,11499.37,311.69,,0,72,38.00,180,4072590,733066.20,4,fused
480021,000000480021.jpg,640x471,1,0.548717,1,1,TP,yolov8l_bsz4.ms,107.50,117.50,225.00,0.500,Light (Music + Nav),5.39,10.07,366.58,2734.00,11499.37,311.69,,0,72,38.00,180,4072590,733066.20,4,fused
454404,000000454404.jpg,640x529,1,0.548016,1,1,TP,yolov8l_bsz4.ms,107.50,117.50,225.00,0.500,Light (Music + Nav),5.39,10.07,366.58,2734.00,11499.37,311.69,,0,72,38.00,180,4072590,733066.20,4,fused
365886,000000365886.jpg,500x375,1,0.547943,1,1,TP,yolov8l_bsz4.ms,110.00,126.75,236.75,0.500,Light (Music + Nav),8.31,15.52,367.21,2734.00,11499.37,309.45,,0,72,38.00,144,4071216,586255.10,4,fused
87742,000000087742.jpg,400x500,1,0.547809,0,0,FP,yolov8l_bsz4.ms,110.00,126.75,236.75,0.500,Light (Music + Nav),8.31,15.52,367.21,2734.00,11499.37,309.45,,0,72,38.00,144,4071216,586255.10,4,fused
440475,000000440475.jpg,640x427,1,0.547090,1,1,TP,yolov8l_bsz4.ms,110.00,126.75,236.75,0.500,Light (Music + Nav),8.31,15.52,367.21,2734.00,11499.37,309.45,,0,72,38.00,144,4071216,586255.10,4,fused
502347,000000502347.jpg,500x375,1,0.546916,0,0,FP,yolov8l_bsz4.ms,110.00,126.75,236.75,0.500,Light (Music + Nav),8.31,15.52,367.21,2734.00,11499.37,309.45,,0,72,38.00,144,4071216,586255.10,4,fused
222863,000000222863.jpg,640x427,1,0.546630,0,0,FP,yolov8l_bsz4.ms,108.00,123.00,231.00,0.500,Light (Music + Nav),6.23,15.52,344.24,2756.00,11499.37,330.41,,0,72,38.00,308,4076429,1255540.13,4,fused
470773,000000470773.jpg,640x480,1,0.545990,1,1,TP,yolov8l_bsz4.ms,108.00,123.00,231.00,0.500,Light (Music + Nav),6.23,15.52,344.24,2756.00,11499.37,330.41,,0,72,38.00,308,4076429,1255540.13,4,fused
562229,000000562229.jpg,640x640,1,0.545874,1,1,TP,yolov8l_bsz4.ms,108.00,123.00,231.00,0.500,Light (Music + Nav),6.23,15.52,344.24,2756.00,11499.37,330.41,,0,72,38.00,308,4076429,1255540.13,4,fused
309678,000000309678.jpg,640x411,1,0.545542,1,1,TP,yolov8l_bsz4.ms,108.00,123.00,231.00,0.500,Light (Music + Nav),6.23,15.52,344.24,2756.00,11499.37,330.41,,0,72,38.00,308,4076429,1255540.13,4,fused
111086,000000111086.jpg,500x336,1,0.545493,1,1,TP,yolov8l_bsz4.ms,108.25,117.25,225.50,0.500,Light (Music + Nav),5.78,10.94,290.20,2810.00,11499.37,382.75,,0,72,38.00,248,4074571,1010493.61,4,fused
57244,000000057244.jpg,640x425,1,0.545265,0,0,FP,yolov8l_bsz4.ms,108.25,117.25,225.50,0.500,Light (Music + Nav),5.78,10.94,290.20,2810.00,11499.37,382.75,,0,72,38.00,248,4074571,1010493.61,4,fused
1532,000000001532.jpg,640x480,1,0.545023,0,0,FP,yolov8l_bsz4.ms,108.25,117.25,225.50,0.500,Light (Music + Nav),5.78,10.94,290.20,2810.00,11499.37,382.75,,0,72,38.00,248,4074571,1010493.61,4,fused
233139,000000233139.jpg,640x427,1,0.544583,0,0,FP,yolov8l_bsz4.ms,108.25,117.25,225.50,0.500,Light (Music + Nav),5.78,10.94,290.20,2810.00,11499.37,382.75,,0,72,38.00,248,4074571,1010493.61,4,fused
431896,000000431896.jpg,640x428,1,0.543833,0,0,FP,yolov8l_bsz4.ms,109.25,128.75,238.00,0.500,Light (Music + Nav),5.58,10.94,366.67,2733.00,11499.37,304.79,,0,72,38.00,308,4076392,1255528.74,4,fused
232538,000000232538.jpg,640x480,1,0.543798,0,0,FP,yolov8l_bsz4.ms,109.25,128.75,238.00,0.500,Light (Music + Nav),5.58,10.94,366.67,2733.00,11499.37,304.79,,0,72,38.00,308,4076392,1255528.74,4,fused
420069,000000420069.jpg,640x457,1,0.543590,1,1,TP,yolov8l_bsz4.ms,109.25,128.75,238.00,0.500,Light (Music + Nav),5.58,10.94,366.67,2733.00,11499.37,304.79,,0,72,38.00,308,4076392,1255528.74,4,fused
408112,000000408112.jpg,640x480,1,0.542882,1,1,TP,yolov8l_bsz4.ms,109.25,128.75,238.00,0.500,Light (Music + Nav),5.58,10.94,366.67,2733.00,11499.37,304.79,,0,72,38.00,308,4076392,1255528.74,4,fused
537964,000000537964.jpg,640x430,1,0.542527,0,0,FP,yolov8l_bsz4.ms,109.50,119.00,228.50,0.500,Light (Music + Nav),5.51,10.28,366.34,2733.00,11499.37,303.49,,0,72,38.00,301,4076265,1226955.76,4,fused
551350,000000551350.jpg,640x480,1,0.542520,0,0,FP,yolov8l_bsz4.ms,109.50,119.00,228.50,0.500,Light (Music + Nav),5.51,10.28,366.34,2733.00,11499.37,303.49,,0,72,38.00,301,4076265,1226955.76,4,fused
190648,000000190648.jpg,640x480,1,0.542508,0,0,FP,yolov8l_bsz4.ms,109.50,119.00,228.50,0.500,Light (Music + Nav),5.51,10.28,366.34,2733.00,11499.37,303.49,,0,72,38.00,301,4076265,1226955.76,4,fused
95843,000000095843.jpg,640x421,1,0.542488,0,0,FP,yolov8l_bsz4.ms,109.50,119.00,228.50,0.500,Light (Music + Nav),5.51,10.28,366.34,2733.00,11499.37,303.49,,0,72,38.00,301,4076265,1226955.76,4,fused
292082,000000292082.jpg,640x640,1,0.542401,1,1,TP,yolov8l_bsz4.ms,108.50,121.50,230.00,0.500,Light (Music + Nav),5.47,10.28,342.89,2756.00,11499.37,325.45,,0,72,38.00,235,4074037,957398.69,4,fused
489924,000000489924.jpg,612x612,1,0.542386,1,1,TP,yolov8l_bsz4.ms,108.50,121.50,230.00,0.500,Light (Music + Nav),5.47,10.28,342.89,2756.00,11499.37,325.45,,0,72,38.00,235,4074037,957398.69,4,fused
127135,000000127135.jpg,427x640,1,0.542217,0,0,FP,yolov8l_bsz4.ms,108.50,121.50,230.00,0.500,Light (Music + Nav),5.47,10.28,342.89,2756.00,11499.37,325.45,,0,72,38.00,235,4074037,957398.69,4,fused
452515,000000452515.jpg,224x500,1,0.542115,1,1,TP,yolov8l_bsz4.ms,108.50,121.50,230.00,0.500,Light (Music + Nav),5.47,10.28,342.89,2756.00,11499.37,325.45,,0,72,38.00,235,4074037,957398.69,4,fused
578093,000000578093.jpg,640x480,1,0.542112,1,1,TP,yolov8l_bsz4.ms,108.00,115.50,223.50,0.500,Light (Music + Nav),5.48,10.28,290.03,2804.00,11499.37,372.35,,0,72,38.00,192,4072885,781993.92,4,fused
470121,000000470121.jpg,640x480,1,0.541761,0,0,FP,yolov8l_bsz4.ms,108.00,115.50,223.50,0.500,Light (Music + Nav),5.48,10.28,290.03,2804.00,11499.37,372.35,,0,72,38.00,192,4072885,781993.92,4,fused
200839,000000200839.jpg,640x480,1,0.539792,1,1,TP,yolov8l_bsz4.ms,108.00,115.50,223.50,0.500,Light (Music + Nav),5.48,10.28,290.03,2804.00,11499.37,372.35,,0,72,38.00,192,4072885,781993.92,4,fused
387148,000000387148.jpg,640x425,1,0.539768,0,0,FP,yolov8l_bsz4.ms,108.00,115.50,223.50,0.500,Light (Music + Nav),5.48,10.28,290.03,2804.00,11499.37,372.35,,0,72,38.00,192,4072885,781993.92,4,fused
476415,000000476415.jpg,426x640,1,0.539746,1,1,TP,yolov8l_bsz4.ms,108.75,124.75,233.50,0.500,Light (Music + Nav),5.38,10.82,365.66,2700.00,11499.37,266.55,,0,72,38.00,153,4071612,622956.64,4,fused
392818,000000392818.jpg,500x451,1,0.539394,0,0,FP,yolov8l_bsz4.ms,108.75,124.75,233.50,0.500,Light (Music + Nav),5.38,10.82,365.66,2700.00,11499.37,266.55,,0,72,38.00,153,4071612,622956.64,4,fused
136466,000000136466.jpg,332x500,1,0.539391,0,0,FP,yolov8l_bsz4.ms,108.75,124.75,233.50,0.500,Light (Music + Nav),5.38,10.82,365.66,2700.00,11499.37,266.55,,0,72,38.00,153,4071612,622956.64,4,fused
508639,000000508639.jpg,640x480,1,0.539078,0,0,FP,yolov8l_bsz4.ms,108.75,124.75,233.50,0.500,Light (Music + Nav),5.38,10.82,365.66,2700.00,11499.37,266.55,,0,72,38.00,153,4071612,622956.64,4,fused
243867,000000243867.jpg,640x428,1,0.538963,1,1,TP,yolov8l_bsz4.ms,110.50,135.75,246.25,0.500,Light (Music + Nav),5.40,10.82,365.66,2687.00,11499.37,252.92,,0,72,38.00,157,4071897,639287.83,4,fused
6614,000000006614.jpg,500x396,1,0.538693,0,0,FP,yolov8l_bsz4.ms,110.50,135.75,246.25,0.500,Light (Music + Nav),5.40,10.82,365.66,2687.00,11499.37,252.92,,0,72,38.00,157,4071897,639287.83,4,fused
231125,000000231125.jpg,375x500,1,0.538306,1,1,TP,yolov8l_bsz4.ms,110.50,135.75,246.25,0.500,Light (Music + Nav),5.40,10.82,365.66,2687.00,11499.37,252.92,,0,72,38.00,157,4071897,639287.83,4,fused
565012,000000565012.jpg,640x425,1,0.538006,0,0,FP,yolov8l_bsz4.ms,110.50,135.75,246.25,0.500,Light (Music + Nav),5.40,10.82,365.66,2687.00,11499.37,252.92,,0,72,38.00,157,4071897,639287.83,4,fused
520009,000000520009.jpg,500x412,1,0.537908,1,1,TP,yolov8l_bsz4.ms,108.00,119.75,227.75,0.500,Light (Music + Nav),5.44,12.53,362.29,2699.00,11499.37,263.81,,0,72,38.00,174,4072226,708567.32,4,fused
248111,000000248111.jpg,640x427,1,0.537836,0,0,FP,yolov8l_bsz4.ms,108.00,119.75,227.75,0.500,Light (Music + Nav),5.44,12.53,362.29,2699.00,11499.37,263.81,,0,72,38.00,174,4072226,708567.32,4,fused
429530,000000429530.jpg,640x478,1,0.537091,0,0,FP,yolov8l_bsz4.ms,108.00,119.75,227.75,0.500,Light (Music + Nav),5.44,12.53,362.29,2699.00,11499.37,263.81,,0,72,38.00,174,4072226,708567.32,4,fused
221017,000000221017.jpg,640x480,1,0.537077,0,0,FP,yolov8l_bsz4.ms,108.00,119.75,227.75,0.500,Light (Music + Nav),5.44,12.53,362.29,2699.00,11499.37,263.81,,0,72,38.00,174,4072226,708567.32,4,fused
245102,000000245102.jpg,640x427,1,0.536477,0,0,FP,yolov8l_bsz4.ms,107.75,114.50,222.25,0.500,Light (Music + Nav),8.53,12.53,288.81,2797.00,11499.37,360.20,,0,72,38.00,160,4071833,651493.28,4,fused
528524,000000528524.jpg,480x640,1,0.536393,0,0,FP,yolov8l_bsz4.ms,107.75,114.50,222.25,0.500,Light (Music + Nav),8.53,12.53,288.81,2797.00,11499.37,360.20,,0,72,38.00,160,4071833,651493.28,4,fused
166391,000000166391.jpg,640x427,1,0.535877,0,0,FP,yolov8l_bsz4.ms,107.75,114.50,222.25,0.500,Light (Music + Nav),8.53,12.53,288.81,2797.00,11499.37,360.20,,0,72,38.00,160,4071833,651493.28,4,fused
437514,000000437514.jpg,640x556,1,0.535496,1,1,TP,yolov8l_bsz4.ms,107.75,114.50,222.25,0.500,Light (Music + Nav),8.53,12.53,288.81,2797.00,11499.37,360.20,,0,72,38.00,160,4071833,651493.28,4,fused
149770,000000149770.jpg,200x145,1,0.535417,1,1,TP,yolov8l_bsz4.ms,108.50,116.75,225.25,0.500,Light (Music + Nav),5.26,8.48,365.49,2721.00,11499.37,282.80,,0,72,38.00,232,4073971,945161.27,4,fused
305317,000000305317.jpg,334x500,1,0.535364,1,1,TP,yolov8l_bsz4.ms,108.50,116.75,225.25,0.500,Light (Music + Nav),5.26,8.48,365.49,2721.00,11499.37,282.80,,0,72,38.00,232,4073971,945161.27,4,fused
459954,000000459954.jpg,500x375,1,0.535061,1,1,TP,yolov8l_bsz4.ms,108.50,116.75,225.25,0.500,Light (Music + Nav),5.26,8.48,365.49,2721.00,11499.37,282.80,,0,72,38.00,232,4073971,945161.27,4,fused
107087,000000107087.jpg,640x427,1,0.535033,0,0,FP,yolov8l_bsz4.ms,108.50,116.75,225.25,0.500,Light (Music + Nav),5.26,8.48,365.49,2721.00,11499.37,282.80,,0,72,38.00,232,4073971,945161.27,4,fused
35062,000000035062.jpg,425x640,1,0.534749,1,1,TP,yolov8l_bsz4.ms,110.25,137.25,247.50,0.500,Light (Music + Nav),5.50,8.48,365.11,2727.00,11499.37,288.41,,0,72,38.00,267,4075207,1088080.27,4,fused
312192,000000312192.jpg,640x480,1,0.533587,1,1,TP,yolov8l_bsz4.ms,110.25,137.25,247.50,0.500,Light (Music + Nav),5.50,8.48,365.11,2727.00,11499.37,288.41,,0,72,38.00,267,4075207,1088080.27,4,fused
355610,000000355610.jpg,640x427,1,0.533367,0,0,FP,yolov8l_bsz4.ms,110.25,137.25,247.50,0.500,Light (Music + Nav),5.50,8.48,365.11,2727.00,11499.37,288.41,,0,72,38.00,267,4075207,1088080.27,4,fused
255536,000000255536.jpg,400x400,1,0.533098,1,1,TP,yolov8l_bsz4.ms,110.25,137.25,247.50,0.500,Light (Music + Nav),5.50,8.48,365.11,2727.00,11499.37,288.41,,0,72,38.00,267,4075207,1088080.27,4,fused
412887,000000412887.jpg,483x640,1,0.532680,0,0,FP,yolov8l_bsz4.ms,108.00,111.00,219.00,0.500,Light (Music + Nav),5.36,9.56,344.96,2747.00,11499.37,306.99,,0,72,38.00,177,4072368,720809.14,4,fused
549738,000000549738.jpg,640x426,1,0.532119,1,1,TP,yolov8l_bsz4.ms,108.00,111.00,219.00,0.500,Light (Music + Nav),5.36,9.56,344.96,2747.00,11499.37,306.99,,0,72,38.00,177,4072368,720809.14,4,fused
100428,000000100428.jpg,640x491,1,0.531144,1,1,TP,yolov8l_bsz4.ms,108.00,111.00,219.00,0.500,Light (Music + Nav),5.36,9.56,344.96,2747.00,11499.37,306.99,,0,72,38.00,177,4072368,720809.14,4,fused
15751,000000015751.jpg,640x427,1,0.531124,0,0,FP,yolov8l_bsz4.ms,108.00,111.00,219.00,0.500,Light (Music + Nav),5.36,9.56,344.96,2747.00,11499.37,306.99,,0,72,38.00,177,4072368,720809.14,4,fused
121506,000000121506.jpg,612x612,1,0.529781,0,0,FP,yolov8l_bsz4.ms,108.75,127.25,236.00,0.500,Light (Music + Nav),5.34,9.56,289.57,2802.00,11499.37,361.41,,0,72,38.00,151,4071546,614803.45,4,fused
458702,000000458702.jpg,427x640,1,0.529039,0,0,FP,yolov8l_bsz4.ms,108.75,127.25,236.00,0.500,Light (Music + Nav),5.34,9.56,289.57,2802.00,11499.37,361.41,,0,72,38.00,151,4071546,614803.45,4,fused
96549,000000096549.jpg,640x214,1,0.528482,0,0,FP,yolov8l_bsz4.ms,108.75,127.25,236.00,0.500,Light (Music + Nav),5.34,9.56,289.57,2802.00,11499.37,361.41,,0,72,38.00,151,4071546,614803.45,4,fused
499622,000000499622.jpg,412x456,1,0.528335,1,1,TP,yolov8l_bsz4.ms,108.75,127.25,236.00,0.500,Light (Music + Nav),5.34,9.56,289.57,2802.00,11499.37,361.41,,0,72,38.00,151,4071546,614803.45,4,fused
403817,000000403817.jpg,500x375,1,0.528114,0,0,FP,yolov8l_bsz4.ms,108.00,113.25,221.25,0.500,Light (Music + Nav),5.31,10.00,364.52,2727.00,11499.37,285.19,,0,72,38.00,125,4070852,508856.50,4,fused
565391,000000565391.jpg,480x640,1,0.528074,0,0,FP,yolov8l_bsz4.ms,108.00,113.25,221.25,0.500,Light (Music + Nav),5.31,10.00,364.52,2727.00,11499.37,285.19,,0,72,38.00,125,4070852,508856.50,4,fused
532901,000000532901.jpg,600x354,1,0.527909,0,0,FP,yolov8l_bsz4.ms,108.00,113.25,221.25,0.500,Light (Music + Nav),5.31,10.00,364.52,2727.00,11499.37,285.19,,0,72,38.00,125,4070852,508856.50,4,fused
84477,000000084477.jpg,640x427,1,0.527828,1,1,TP,yolov8l_bsz4.ms,108.00,113.25,221.25,0.500,Light (Music + Nav),5.31,10.00,364.52,2727.00,11499.37,285.19,,0,72,38.00,125,4070852,508856.50,4,fused
95786,000000095786.jpg,500x334,1,0.525588,0,0,FP,yolov8l_bsz4.ms,109.00,137.75,246.75,0.500,Light (Music + Nav),5.35,10.00,365.30,2726.00,11499.37,283.25,,0,72,38.00,317,4076576,1292274.59,4,fused
366141,000000366141.jpg,640x480,1,0.525428,0,0,FP,yolov8l_bsz4.ms,109.00,137.75,246.75,0.500,Light (Music + Nav),5.35,10.00,365.30,2726.00,11499.37,283.25,,0,72,38.00,317,4076576,1292274.59,4,fused
554735,000000554735.jpg,640x480,1,0.525418,1,1,TP,yolov8l_bsz4.ms,109.00,137.75,246.75,0.500,Light (Music + Nav),5.35,10.00,365.30,2726.00,11499.37,283.25,,0,72,38.00,317,4076576,1292274.59,4,fused
326462,000000326462.jpg,612x612,1,0.524299,1,1,TP,yolov8l_bsz4.ms,109.00,137.75,246.75,0.500,Light (Music + Nav),5.35,10.00,365.30,2726.00,11499.37,283.25,,0,72,38.00,317,4076576,1292274.59,4,fused
287667,000000287667.jpg,640x480,1,0.524201,0,0,FP,yolov8l_bsz4.ms,108.50,123.50,232.00,0.500,Light (Music + Nav),5.40,9.98,343.72,2747.00,11499.37,303.11,,0,72,38.00,255,4074765,1039065.07,4,fused
434996,000000434996.jpg,500x375,1,0.523851,0,0,FP,yolov8l_bsz4.ms,108.50,123.50,232.00,0.500,Light (Music + Nav),5.40,9.98,343.72,2747.00,11499.37,303.11,,0,72,38.00,255,4074765,1039065.07,4,fused
488385,000000488385.jpg,480x640,1,0.523149,0,0,FP,yolov8l_bsz4.ms,108.50,123.50,232.00,0.500,Light (Music + Nav),5.40,9.98,343.72,2747.00,11499.37,303.11,,0,72,38.00,255,4074765,1039065.07,4,fused
151857,000000151857.jpg,640x453,1,0.522960,0,0,FP,yolov8l_bsz4.ms,108.50,123.50,232.00,0.500,Light (Music + Nav),5.40,9.98,343.72,2747.00,11499.37,303.11,,0,72,38.00,255,4074765,1039065.07,4,fused
632,000000000632.jpg,640x483,1,0.522879,0,0,FP,yolov8l_bsz4.ms,108.75,132.00,240.75,0.500,Light (Music + Nav),5.46,9.98,293.59,2797.00,11499.37,351.82,,0,72,38.00,248,4074572,1010493.86,4,fused
312213,000000312213.jpg,640x480,1,0.521967,0,0,FP,yolov8l_bsz4.ms,108.75,132.00,240.75,0.500,Light (Music + Nav),5.46,9.98,293.59,2797.00,11499.37,351.82,,0,72,38.00,248,4074572,1010493.86,4,fused
290081,000000290081.jpg,612x612,1,0.521765,0,0,FP,yolov8l_bsz4.ms,108.75,132.00,240.75,0.500,Light (Music + Nav),5.46,9.98,293.59,2797.00,11499.37,351.82,,0,72,38.00,248,4074572,1010493.86,4,fused
225532,000000225532.jpg,500x375,1,0.521656,0,0,FP,yolov8l_bsz4.ms,108.75,132.00,240.75,0.500,Light (Music + Nav),5.46,9.98,293.59,2797.00,11499.37,351.82,,0,72,38.00,248,4074572,1010493.86,4,fused
328286,000000328286.jpg,640x424,1,0.521571,0,0,FP,yolov8l_bsz4.ms,108.00,120.75,228.75,0.500,Light (Music + Nav),5.39,9.99,368.61,2722.00,11499.37,276.13,,0,72,38.00,274,4075193,1116602.88,4,fused
40471,000000040471.jpg,427x640,1,0.521556,0,0,FP,yolov8l_bsz4.ms,108.00,120.75,228.75,0.500,Light (Music + Nav),5.39,9.99,368.61,2722.00,11499.37,276.13,,0,72,38.00,274,4075193,1116602.88,4,fused
50006,000000050006.jpg,640x480,1,0.521402,1,1,TP,yolov8l_bsz4.ms,108.00,120.75,228.75,0.500,Light (Music + Nav),5.39,9.99,368.61,2722.00,11499.37,276.13,,0,72,38.00,274,4075193,1116602.88,4,fused
390301,000000390301.jpg,500x364,1,0.521098,0,0,FP,yolov8l_bsz4.ms,108.00,120.75,228.75,0.500,Light (Music + Nav),5.39,9.99,368.61,2722.00,11499.37,276.13,,0,72,38.00,274,4075193,1116602.88,4,fused
177213,000000177213.jpg,640x359,1,0.521007,1,1,TP,yolov8l_bsz4.ms,109.50,112.25,221.75,0.500,Light (Music + Nav),5.35,9.99,365.29,2725.00,11499.37,278.17,,0,72,38.00,310,4076593,1263743.83,4,fused
457848,000000457848.jpg,640x427,1,0.520863,1,1,TP,yolov8l_bsz4.ms,109.50,112.25,221.75,0.500,Light (Music + Nav),5.35,9.99,365.29,2725.00,11499.37,278.17,,0,72,38.00,310,4076593,1263743.83,4,fused
117908,000000117908.jpg,500x320,1,0.520493,1,1,TP,yolov8l_bsz4.ms,109.50,112.25,221.75,0.500,Light (Music + Nav),5.35,9.99,365.29,2725.00,11499.37,278.17,,0,72,38.00,310,4076593,1263743.83,4,fused
409542,000000409542.jpg,428x640,1,0.520123,1,1,TP,yolov8l_bsz4.ms,109.50,112.25,221.75,0.500,Light (Music + Nav),5.35,9.99,365.29,2725.00,11499.37,278.17,,0,72,38.00,310,4076593,1263743.83,4,fused
139883,000000139883.jpg,640x427,1,0.519879,0,0,FP,yolov8l_bsz4.ms,108.50,122.50,231.00,0.500,Light (Music + Nav),5.81,9.99,344.50,2746.00,11499.37,297.30,,0,72,38.00,237,4074197,965584.69,4,fused
25560,000000025560.jpg,640x480,1,0.519613,1,1,TP,yolov8l_bsz4.ms,108.50,122.50,231.00,0.500,Light (Music + Nav),5.81,9.99,344.50,2746.00,11499.37,297.30,,0,72,38.00,237,4074197,965584.69,4,fused
411665,000000411665.jpg,640x427,1,0.519498,0,0,FP,yolov8l_bsz4.ms,108.50,122.50,231.00,0.500,Light (Music + Nav),5.81,9.99,344.50,2746.00,11499.37,297.30,,0,72,38.00,237,4074197,965584.69,4,fused
245173,000000245173.jpg,480x640,1,0.518918,0,0,FP,yolov8l_bsz4.ms,108.50,122.50,231.00,0.500,Light (Music + Nav),5.81,9.99,344.50,2746.00,11499.37,297.30,,0,72,38.00,237,4074197,965584.69,4,fused
39551,000000039551.jpg,640x427,1,0.518362,1,1,TP,yolov8l_bsz4.ms,107.50,110.50,218.00,0.500,Light (Music + Nav),5.53,8.80,289.60,2800.00,11499.37,350.66,,0,72,38.00,134,4070826,545490.68,4,fused
60932,000000060932.jpg,640x428,1,0.517193,1,1,TP,yolov8l_bsz4.ms,107.50,110.50,218.00,0.500,Light (Music + Nav),5.53,8.80,289.60,2800.00,11499.37,350.66,,0,72,38.00,134,4070826,545490.68,4,fused
384949,000000384949.jpg,640x457,1,0.516920,0,0,FP,yolov8l_bsz4.ms,107.50,110.50,218.00,0.500,Light (Music + Nav),5.53,8.80,289.60,2800.00,11499.37,350.66,,0,72,38.00,134,4070826,545490.68,4,fused
348881,000000348881.jpg,640x462,1,0.516892,1,1,TP,yolov8l_bsz4.ms,107.50,110.50,218.00,0.500,Light (Music + Nav),5.53,8.80,289.60,2800.00,11499.37,350.66,,0,72,38.00,134,4070826,545490.68,4,fused
529528,000000529528.jpg,500x333,1,0.516747,0,0,FP,yolov8l_bsz4.ms,108.50,116.75,225.25,0.500,Light (Music + Nav),5.24,8.80,366.04,2724.00,11499.37,272.69,,0,72,38.00,158,4071845,643351.51,4,fused
578500,000000578500.jpg,640x290,1,0.516317,0,0,FP,yolov8l_bsz4.ms,108.50,116.75,225.25,0.500,Light (Music + Nav),5.24,8.80,366.04,2724.00,11499.37,272.69,,0,72,38.00,158,4071845,643351.51,4,fused
39670,000000039670.jpg,640x640,1,0.516136,0,0,FP,yolov8l_bsz4.ms,108.50,116.75,225.25,0.500,Light (Music + Nav),5.24,8.80,366.04,2724.00,11499.37,272.69,,0,72,38.00,158,4071845,643351.51,4,fused
426329,000000426329.jpg,640x428,1,0.515552,0,0,FP,yolov8l_bsz4.ms,108.50,116.75,225.25,0.500,Light (Music + Nav),5.24,8.80,366.04,2724.00,11499.37,272.69,,0,72,38.00,158,4071845,643351.51,4,fused
85665,000000085665.jpg,506x640,1,0.515522,0,0,FP,yolov8l_bsz4.ms,107.75,117.25,225.00,0.500,Light (Music + Nav),5.37,9.52,365.92,2723.00,11499.37,271.49,,0,72,38.00,332,4076714,1353469.05,4,fused
473015,000000473015.jpg,640x427,1,0.515031,0,0,FP,yolov8l_bsz4.ms,107.75,117.25,225.00,0.500,Light (Music + Nav),5.37,9.52,365.92,2723.00,11499.37,271.49,,0,72,38.00,332,4076714,1353469.05,4,fused
10363,000000010363.jpg,640x361,1,0.514869,0,0,FP,yolov8l_bsz4.ms,107.75,117.25,225.00,0.500,Light (Music + Nav),5.37,9.52,365.92,2723.00,11499.37,271.49,,0,72,38.00,332,4076714,1353469.05,4,fused
277584,000000277584.jpg,640x480,1,0.514520,0,0,FP,yolov8l_bsz4.ms,107.75,117.25,225.00,0.500,Light (Music + Nav),5.37,9.52,365.92,2723.00,11499.37,271.49,,0,72,38.00,332,4076714,1353469.05,4,fused
497568,000000497568.jpg,640x424,1,0.514256,1,1,TP,yolov8l_bsz4.ms,106.25,115.50,221.75,0.500,Light (Music + Nav),5.39,9.52,342.44,2746.00,11499.37,292.80,,0,72,38.00,290,4075908,1182013.32,4,fused
24027,000000024027.jpg,500x375,1,0.513994,1,1,TP,yolov8l_bsz4.ms,106.25,115.50,221.75,0.500,Light (Music + Nav),5.39,9.52,342.44,2746.00,11499.37,292.80,,0,72,38.00,290,4075908,1182013.32,4,fused
327617,000000327617.jpg,379x640,1,0.513630,1,1,TP,yolov8l_bsz4.ms,106.25,115.50,221.75,0.500,Light (Music + Nav),5.39,9.52,342.44,2746.00,11499.37,292.80,,0,72,38.00,290,4075908,1182013.32,4,fused
475904,000000475904.jpg,640x426,1,0.513566,0,0,FP,yolov8l_bsz4.ms,106.25,115.50,221.75,0.500,Light (Music + Nav),5.39,9.52,342.44,2746.00,11499.37,292.80,,0,72,38.00,290,4075908,1182013.32,4,fused
141597,000000141597.jpg,640x427,1,0.513032,0,0,FP,yolov8l_bsz4.ms,107.50,106.00,213.50,0.500,Light (Music + Nav),5.35,10.09,288.71,2799.00,11499.37,345.16,,0,72,38.00,190,4072569,773788.11,4,fused
372203,000000372203.jpg,640x360,1,0.512960,0,0,FP,yolov8l_bsz4.ms,107.50,106.00,213.50,0.500,Light (Music + Nav),5.35,10.09,288.71,2799.00,11499.37,345.16,,0,72,38.00,190,4072569,773788.11,4,fused
277197,000000277197.jpg,600x416,1,0.512673,0,0,FP,yolov8l_bsz4.ms,107.50,106.00,213.50,0.500,Light (Music + Nav),5.35,10.09,288.71,2799.00,11499.37,345.16,,0,72,38.00,190,4072569,773788.11,4,fused
55022,000000055022.jpg,480x640,1,0.511787,1,1,TP,yolov8l_bsz4.ms,107.50,106.00,213.50,0.500,Light (Music + Nav),5.35,10.09,288.71,2799.00,11499.37,345.16,,0,72,38.00,190,4072569,773788.11,4,fused
48153,000000048153.jpg,500x375,1,0.511406,1,1,TP,yolov8l_bsz4.ms,108.00,101.25,209.25,0.500,Light (Music + Nav),5.23,10.09,366.01,2722.00,11499.37,266.83,,0,72,38.00,129,4070633,525111.66,4,fused
402118,000000402118.jpg,640x428,1,0.510455,1,1,TP,yolov8l_bsz4.ms,108.00,101.25,209.25,0.500,Light (Music + Nav),5.23,10.09,366.01,2722.00,11499.37,266.83,,0,72,38.00,129,4070633,525111.66,4,fused
55299,000000055299.jpg,640x429,1,0.510227,0,0,FP,yolov8l_bsz4.ms,108.00,101.25,209.25,0.500,Light (Music + Nav),5.23,10.09,366.01,2722.00,11499.37,266.83,,0,72,38.00,129,4070633,525111.66,4,fused
296317,000000296317.jpg,640x480,1,0.510102,0,0,FP,yolov8l_bsz4.ms,108.00,101.25,209.25,0.500,Light (Music + Nav),5.23,10.09,366.01,2722.00,11499.37,266.83,,0,72,38.00,129,4070633,525111.66,4,fused
1425,000000001425.jpg,640x512,1,0.510046,0,0,FP,yolov8l_bsz4.ms,108.75,114.00,222.75,0.500,Light (Music + Nav),5.26,10.09,365.54,2722.00,11499.37,265.40,,0,72,38.00,178,4071974,724811.37,4,fused
562059,000000562059.jpg,427x640,1,0.510034,0,0,FP,yolov8l_bsz4.ms,108.75,114.00,222.75,0.500,Light (Music + Nav),5.26,10.09,365.54,2722.00,11499.37,265.40,,0,72,38.00,178,4071974,724811.37,4,fused
283037,000000283037.jpg,427x640,1,0.509499,0,0,FP,yolov8l_bsz4.ms,108.75,114.00,222.75,0.500,Light (Music + Nav),5.26,10.09,365.54,2722.00,11499.37,265.40,,0,72,38.00,178,4071974,724811.37,4,fused
474095,000000474095.jpg,333x500,1,0.509407,1,1,TP,yolov8l_bsz4.ms,108.75,114.00,222.75,0.500,Light (Music + Nav),5.26,10.09,365.54,2722.00,11499.37,265.40,,0,72,38.00,178,4071974,724811.37,4,fused
516871,000000516871.jpg,640x418,1,0.508743,0,0,FP,yolov8l_bsz4.ms,108.50,114.25,222.75,0.500,Light (Music + Nav),5.26,9.90,342.18,2745.00,11499.37,287.88,,0,72,38.00,84,4069434,341832.46,4,fused
94336,000000094336.jpg,500x336,1,0.508657,0,0,FP,yolov8l_bsz4.ms,108.50,114.25,222.75,0.500,Light (Music + Nav),5.26,9.90,342.18,2745.00,11499.37,287.88,,0,72,38.00,84,4069434,341832.46,4,fused
579900,000000579900.jpg,375x500,1,0.508448,0,0,FP,yolov8l_bsz4.ms,108.50,114.25,222.75,0.500,Light (Music + Nav),5.26,9.90,342.18,2745.00,11499.37,287.88,,0,72,38.00,84,4069434,341832.46,4,fused
473821,000000473821.jpg,500x333,1,0.508291,0,0,FP,yolov8l_bsz4.ms,108.50,114.25,222.75,0.500,Light (Music + Nav),5.26,9.90,342.18,2745.00,11499.37,287.88,,0,72,38.00,84,4069434,341832.46,4,fused
458054,000000458054.jpg,640x426,1,0.508105,0,0,FP,yolov8l_bsz4.ms,108.00,134.25,242.25,0.500,Light (Music + Nav),5.29,9.90,291.36,2796.00,11499.37,337.13,,0,72,38.00,280,4075410,1141114.80,4,fused
32861,000000032861.jpg,426x640,1,0.508028,1,1,TP,yolov8l_bsz4.ms,108.00,134.25,242.25,0.500,Light (Music + Nav),5.29,9.90,291.36,2796.00,11499.37,337.13,,0,72,38.00,280,4075410,1141114.80,4,fused
353518,000000353518.jpg,640x414,1,0.507811,1,1,TP,yolov8l_bsz4.ms,108.00,134.25,242.25,0.500,Light (Music + Nav),5.29,9.90,291.36,2796.00,11499.37,337.13,,0,72,38.00,280,4075410,1141114.80,4,fused
98520,000000098520.jpg,640x480,1,0.507753,0,0,FP,yolov8l_bsz4.ms,108.00,134.25,242.25,0.500,Light (Music + Nav),5.29,9.90,291.36,2796.00,11499.37,337.13,,0,72,38.00,280,4075410,1141114.80,4,fused
88462,000000088462.jpg,640x383,1,0.507487,0,0,FP,yolov8l_bsz4.ms,107.50,113.00,220.50,0.500,Light (Music + Nav),8.75,10.10,365.13,2722.00,11499.37,261.80,,0,72,38.00,179,4072293,728940.45,4,fused
560256,000000560256.jpg,640x480,1,0.507399,0,0,FP,yolov8l_bsz4.ms,107.50,113.00,220.50,0.500,Light (Music + Nav),8.75,10.10,365.13,2722.00,11499.37,261.80,,0,72,38.00,179,4072293,728940.45,4,fused
344100,000000344100.jpg,640x427,1,0.507031,0,0,FP,yolov8l_bsz4.ms,107.50,113.00,220.50,0.500,Light (Music + Nav),8.75,10.10,365.13,2722.00,11499.37,261.80,,0,72,38.00,179,4072293,728940.45,4,fused
134112,000000134112.jpg,500x357,1,0.507005,0,0,FP,yolov8l_bsz4.ms,107.50,113.00,220.50,0.500,Light (Music + Nav),8.75,10.10,365.13,2722.00,11499.37,261.80,,0,72,38.00,179,4072293,728940.45,4,fused
388258,000000388258.jpg,640x478,1,0.506667,0,0,FP,yolov8l_bsz4.ms,114.00,108.00,222.00,0.500,Light (Music + Nav),5.55,10.10,365.56,2721.00,11499.37,259.38,,0,72,38.00,234,4073840,953278.56,4,fused
416991,000000416991.jpg,640x329,1,0.505580,0,0,FP,yolov8l_bsz4.ms,114.00,108.00,222.00,0.500,Light (Music + Nav),5.55,10.10,365.56,2721.00,11499.37,259.38,,0,72,38.00,234,4073840,953278.56,4,fused
480275,000000480275.jpg,640x471,1,0.504823,1,1,TP,yolov8l_bsz4.ms,114.00,108.00,222.00,0.500,Light (Music + Nav),5.55,10.10,365.56,2721.00,11499.37,259.38,,0,72,38.00,234,4073840,953278.56,4,fused
269314,000000269314.jpg,640x480,1,0.504633,0,0,FP,yolov8l_bsz4.ms,114.00,108.00,222.00,0.500,Light (Music + Nav),5.55,10.10,365.56,2721.00,11499.37,259.38,,0,72,38.00,234,4073840,953278.56,4,fused
83531,000000083531.jpg,500x275,1,0.504295,1,1,TP,yolov8l_bsz4.ms,108.00,103.25,211.25,0.500,Light (Music + Nav),5.46,10.10,343.65,2742.00,11499.37,279.37,,0,72,38.00,229,4072957,932707.15,4,fused
513524,000000513524.jpg,640x425,1,0.503912,1,1,TP,yolov8l_bsz4.ms,108.00,103.25,211.25,0.500,Light (Music + Nav),5.46,10.10,343.65,2742.00,11499.37,279.37,,0,72,38.00,229,4072957,932707.15,4,fused
130465,000000130465.jpg,640x428,1,0.502974,0,0,FP,yolov8l_bsz4.ms,108.00,103.25,211.25,0.500,Light (Music + Nav),5.46,10.10,343.65,2742.00,11499.37,279.37,,0,72,38.00,229,4072957,932707.15,4,fused
293300,000000293300.jpg,640x427,1,0.502315,1,1,TP,yolov8l_bsz4.ms,108.00,103.25,211.25,0.500,Light (Music + Nav),5.46,10.10,343.65,2742.00,11499.37,279.37,,0,72,38.00,229,4072957,932707.15,4,fused
503841,000000503841.jpg,640x598,1,0.502042,0,0,FP,yolov8l_bsz4.ms,108.25,116.25,224.50,0.500,Light (Music + Nav),5.43,9.29,288.78,2797.00,11499.37,333.08,,0,72,38.00,178,4071950,724807.10,4,fused
61268,000000061268.jpg,640x424,1,0.500452,1,1,TP,yolov8l_bsz4.ms,108.25,116.25,224.50,0.500,Light (Music + Nav),5.43,9.29,288.78,2797.00,11499.37,333.08,,0,72,38.00,178,4071950,724807.10,4,fused
323828,000000323828.jpg,427x640,1,0.500334,0,0,FP,yolov8l_bsz4.ms,108.25,116.25,224.50,0.500,Light (Music + Nav),5.43,9.29,288.78,2797.00,11499.37,333.08,,0,72,38.00,178,4071950,724807.10,4,fused
290179,000000290179.jpg,640x426,1,0.500319,1,1,TP,yolov8l_bsz4.ms,108.25,116.25,224.50,0.500,Light (Music + Nav),5.43,9.29,288.78,2797.00,11499.37,333.08,,0,72,38.00,178,4071950,724807.10,4,fused
