imgId,file,origResolution,infiPredPerson,infiProbPerson,gtPerson,infiCorrect,infiType,yoloModel,latencyMs,prepMs,totalMs,tau,stateName,cpuProcPct,cpuSysPct,pssMb,availMemMb,totalMemMb,freeMemMb,cpuFreqsKhz,gpuFreqKhz,batterySocPct,batteryTempC,batteryCurrentMa,batteryVoltageMv,batteryPowerMw,thermalLevel,preprocessMode
266409,000000266409.jpg,640x480,1,1.000000,1,1,TP,yolov8l_bsz4.ms,111.50,124.50,236.00,0.500,Mid (Meeting),2.08,15.40,603.03,3600.00,11499.37,717.15,,0,100,33.00,-132,4409281,-582025.09,2,fused
438862,000000438862.jpg,640x427,1,1.000000,1,1,TP,yolov8l_bsz4.ms,111.50,124.50,236.00,0.500,Mid (Meeting),2.08,15.40,603.03,3600.00,11499.37,717.15,,0,100,33.00,-132,4409281,-582025.09,2,fused
474028,000000474028.jpg,640x427,1,1.000000,1,1,TP,yolov8l_bsz4.ms,111.50,124.50,236.00,0.500,Mid (Meeting),2.08,15.40,603.03,3600.00,11499.37,717.15,,0,100,33.00,-132,4409281,-582025.09,2,fused
78915,000000078915.jpg,481x640,1,1.000000,1,1,TP,yolov8l_bsz4.ms,111.50,124.50,236.00,0.500,Mid (Meeting),2.08,15.40,603.03,3600.00,11499.37,717.15,,0,100,33.00,-132,4409281,-582025.09,2,fused
57597,000000057597.jpg,640x426,1,1.000000,1,1,TP,yolov8l_bsz4.ms,108.00,103.25,211.25,0.500,Mid (Meeting),6.90,15.40,682.32,3489.00,11499.37,637.00,,0,100,33.00,-77,4411081,-339653.24,2,fused
559842,000000559842.jpg,640x427,1,1.000000,1,1,TP,yolov8l_bsz4.ms,108.00,103.25,211.25,0.500,Mid (Meeting),6.90,15.40,682.32,3489.00,11499.37,637.00,,0,100,33.00,-77,4411081,-339653.24,2,fused
295713,000000295713.jpg,640x427,1,1.000000,1,1,TP,yolov8l_bsz4.ms,108.00,103.25,211.25,0.500,Mid (Meeting),6.90,15.40,682.32,3489.00,11499.37,637.00,,0,100,33.00,-77,4411081,-339653.24,2,fused
562243,000000562243.jpg,640x640,1,1.000000,1,1,TP,yolov8l_bsz4.ms,108.00,103.25,211.25,0.500,Mid (Meeting),6.90,15.40,682.32,3489.00,11499.37,637.00,,0,100,33.00,-77,4411081,-339653.24,2,fused
283520,000000283520.jpg,640x426,1,1.000000,1,1,TP,yolov8l_bsz4.ms,109.00,101.75,210.75,0.500,Mid (Meeting),5.95,15.40,762.96,3411.00,11499.37,559.37,,0,100,33.00,-79,4411192,-348484.17,2,fused
414170,000000414170.jpg,425x640,1,1.000000,1,1,TP,yolov8l_bsz4.ms,109.00,101.75,210.75,0.500,Mid (Meeting),5.95,15.40,762.96,3411.00,11499.37,559.37,,0,100,33.00,-79,4411192,-348484.17,2,fused
541055,000000541055.jpg,640x360,1,1.000000,1,1,TP,yolov8l_bsz4.ms,109.00,101.75,210.75,0.500,Mid (Meeting),5.95,15.40,762.96,3411.00,11499.37,559.37,,0,100,33.00,-79,4411192,-348484.17,2,fused
409475,000000409475.jpg,640x480,1,1.000000,1,1,TP,yolov8l_bsz4.ms,109.00,101.75,210.75,0.500,Mid (Meeting),5.95,15.40,762.96,3411.00,11499.37,559.37,,0,100,33.00,-79,4411192,-348484.17,2,fused
239537,000000239537.jpg,640x436,1,1.000000,1,1,TP,yolov8l_bsz4.ms,108.25,80.00,188.25,0.500,Mid (Meeting),5.41,18.07,368.76,3803.00,11499.37,943.84,,0,100,33.00,-86,4410827,-379331.12,2,fused
537991,000000537991.jpg,640x480,1,1.000000,1,1,TP,yolov8l_bsz4.ms,108.25,80.00,188.25,0.500,Mid (Meeting),5.41,18.07,368.76,3803.00,11499.37,943.84,,0,100,33.00,-86,4410827,-379331.12,2,fused
140640,000000140640.jpg,640x426,1,1.000000,1,1,TP,yolov8l_bsz4.ms,108.25,80.00,188.25,0.500,Mid (Meeting),5.41,18.07,368.76,3803.00,11499.37,943.84,,0,100,33.00,-86,4410827,-379331.12,2,fused
386352,000000386352.jpg,640x427,1,1.000000,1,1,TP,yolov8l_bsz4.ms,108.25,80.00,188.25,0.500,Mid (Meeting),5.41,18.07,368.76,3803.00,11499.37,943.84,,0,100,33.00,-86,4410827,-379331.12,2,fused
221291,000000221291.jpg,335x500,1,1.000000,1,1,TP,yolov8l_bsz4.ms,105.75,98.25,204.00,0.500,Mid (Meeting),5.12,18.07,446.40,3726.00,11499.37,870.23,,0,100,33.00,-86,4410816,-379330.18,2,fused
410650,000000410650.jpg,640x480,1,1.000000,1,1,TP,yolov8l_bsz4.ms,105.75,98.25,204.00,0.500,Mid (Meeting),5.12,18.07,446.40,3726.00,11499.37,870.23,,0,100,33.00,-86,4410816,-379330.18,2,fused
202228,000000202228.jpg,480x640,1,1.000000,1,1,TP,yolov8l_bsz4.ms,105.75,98.25,204.00,0.500,Mid (Meeting),5.12,18.07,446.40,3726.00,11499.37,870.23,,0,100,33.00,-86,4410816,-379330.18,2,fused
559956,000000559956.jpg,640x480,1,1.000000,1,1,TP,yolov8l_bsz4.ms,105.75,98.25,204.00,0.500,Mid (Meeting),5.12,18.07,446.40,3726.00,11499.37,870.23,,0,100,33.00,-86,4410816,-379330.18,2,fused
253742,000000253742.jpg,640x480,1,1.000000,1,1,TP,yolov8l_bsz4.ms,107.75,103.00,210.75,0.500,Mid (Meeting),5.00,18.07,524.82,3644.00,11499.37,779.48,,0,100,33.00,-125,4409190,-551148.75,2,fused
518770,000000518770.jpg,500x375,1,1.000000,1,1,TP,yolov8l_bsz4.ms,107.75,103.00,210.75,0.500,Mid (Meeting),5.00,18.07,524.82,3644.00,11499.37,779.48,,0,100,33.00,-125,4409190,-551148.75,2,fused
286553,000000286553.jpg,640x480,1,1.000000,1,1,TP,yolov8l_bsz4.ms,107.75,103.00,210.75,0.500,Mid (Meeting),5.00,18.07,524.82,3644.00,11499.37,779.48,,0,100,33.00,-125,4409190,-551148.75,2,fused
458992,000000458992.jpg,480x640,1,1.000000,1,1,TP,yolov8l_bsz4.ms,107.75,103.00,210.75,0.500,Mid (Meeting),5.00,18.07,524.82,3644.00,11499.37,779.48,,0,100,33.00,-125,4409190,-551148.75,2,fused
123213,000000123213.jpg,640x392,1,1.000000,1,1,TP,yolov8l_bsz4.ms,108.00,103.00,211.00,0.500,Mid (Meeting),5.05,17.57,604.89,3565.00,11499.37,703.33,,0,100,33.00,-90,4410497,-396944.73,2,fused
91406,000000091406.jpg,640x424,1,1.000000,1,1,TP,yolov8l_bsz4.ms,108.00,103.00,211.00,0.500,Mid (Meeting),5.05,17.57,604.89,3565.00,11499.37,703.33,,0,100,33.00,-90,4410497,-396944.73,2,fused
218439,000000218439.jpg,480x640,1,1.000000,1,1,TP,yolov8l_bsz4.ms,108.00,103.00,211.00,0.500,Mid (Meeting),5.05,17.57,604.89,3565.00,11499.37,703.33,,0,100,33.00,-90,4410497,-396944.73,2,fused
579307,000000579307.jpg,480x640,1,1.000000,1,1,TP,yolov8l_bsz4.ms,108.00,103.00,211.00,0.500,Mid (Meeting),5.05,17.57,604.89,3565.00,11499.37,703.33,,0,100,33.00,-90,4410497,-396944.73,2,fused
567640,000000567640.jpg,640x425,1,1.000000,1,1,TP,yolov8l_bsz4.ms,108.25,112.75,221.00,0.500,Mid (Meeting),5.02,17.57,685.55,3485.00,11499.37,626.79,,0,100,33.00,-83,4410926,-366106.86,2,fused
45550,000000045550.jpg,640x480,1,1.000000,1,1,TP,yolov8l_bsz4.ms,108.25,112.75,221.00,0.500,Mid (Meeting),5.02,17.57,685.55,3485.00,11499.37,626.79,,0,100,33.00,-83,4410926,-366106.86,2,fused
229849,000000229849.jpg,427x640,1,1.000000,1,1,TP,yolov8l_bsz4.ms,108.25,112.75,221.00,0.500,Mid (Meeting),5.02,17.57,685.55,3485.00,11499.37,626.79,,0,100,33.00,-83,4410926,-366106.86,2,fused
259690,000000259690.jpg,640x480,1,1.000000,1,1,TP,yolov8l_bsz4.ms,108.25,112.75,221.00,0.500,Mid (Meeting),5.02,17.57,685.55,3485.00,11499.37,626.79,,0,100,33.00,-83,4410926,-366106.86,2,fused
343218,000000343218.jpg,640x428,1,1.000000,1,1,TP,yolov8l_bsz4.ms,107.50,105.00,212.50,0.500,Mid (Meeting),5.06,17.83,375.21,3795.00,11499.37,932.47,,0,100,33.00,-75,4411134,-330835.05,2,fused
224807,000000224807.jpg,640x428,1,1.000000,1,1,TP,yolov8l_bsz4.ms,107.50,105.00,212.50,0.500,Mid (Meeting),5.06,17.83,375.21,3795.00,11499.37,932.47,,0,100,33.00,-75,4411134,-330835.05,2,fused
87144,000000087144.jpg,640x480,1,1.000000,1,1,TP,yolov8l_bsz4.ms,107.50,105.00,212.50,0.500,Mid (Meeting),5.06,17.83,375.21,3795.00,11499.37,932.47,,0,100,33.00,-75,4411134,-330835.05,2,fused
247917,000000247917.jpg,612x612,1,1.000000,1,1,TP,yolov8l_bsz4.ms,107.50,105.00,212.50,0.500,Mid (Meeting),5.06,17.83,375.21,3795.00,11499.37,932.47,,0,100,33.00,-75,4411134,-330835.05,2,fused
334767,000000334767.jpg,500x333,1,1.000000,1,1,TP,yolov8l_bsz4.ms,113.75,108.50,222.25,0.500,Mid (Meeting),5.04,17.83,450.00,3721.00,11499.37,861.36,,0,100,33.00,-70,4411276,-308789.32,2,fused
482275,000000482275.jpg,640x480,1,1.000000,1,1,TP,yolov8l_bsz4.ms,113.75,108.50,222.25,0.500,Mid (Meeting),5.04,17.83,450.00,3721.00,11499.37,861.36,,0,100,33.00,-70,4411276,-308789.32,2,fused
380913,000000380913.jpg,640x428,1,1.000000,1,1,TP,yolov8l_bsz4.ms,113.75,108.50,222.25,0.500,Mid (Meeting),5.04,17.83,450.00,3721.00,11499.37,861.36,,0,100,33.00,-70,4411276,-308789.32,2,fused
399205,000000399205.jpg,640x480,1,1.000000,1,1,TP,yolov8l_bsz4.ms,113.75,108.50,222.25,0.500,Mid (Meeting),5.04,17.83,450.00,3721.00,11499.37,861.36,,0,100,33.00,-70,4411276,-308789.32,2,fused
363666,000000363666.jpg,640x419,1,1.000000,1,1,TP,yolov8l_bsz4.ms,106.50,110.25,216.75,0.500,Mid (Meeting),5.01,18.37,522.55,3645.00,11499.37,779.63,,0,100,33.00,-131,4408675,-577536.43,2,fused
405249,000000405249.jpg,500x375,1,1.000000,1,1,TP,yolov8l_bsz4.ms,106.50,110.25,216.75,0.500,Mid (Meeting),5.01,18.37,522.55,3645.00,11499.37,779.63,,0,100,33.00,-131,4408675,-577536.43,2,fused
507015,000000507015.jpg,640x426,1,1.000000,1,1,TP,yolov8l_bsz4.ms,106.50,110.25,216.75,0.500,Mid (Meeting),5.01,18.37,522.55,3645.00,11499.37,779.63,,0,100,33.00,-131,4408675,-577536.43,2,fused
1000,000000001000.jpg,640x480,1,1.000000,1,1,TP,yolov8l_bsz4.ms,106.50,110.25,216.75,0.500,Mid (Meeting),5.01,18.37,522.55,3645.00,11499.37,779.63,,0,100,33.00,-131,4408675,-577536.43,2,fused
129492,000000129492.jpg,640x480,1,1.000000,1,1,TP,yolov8l_bsz4.ms,107.00,113.50,220.50,0.500,Mid (Meeting),5.06,18.37,311.00,3858.00,11499.37,995.43,,0,100,33.00,-82,4410787,-361684.53,2,fused
62808,000000062808.jpg,640x481,1,1.000000,1,1,TP,yolov8l_bsz4.ms,107.00,113.50,220.50,0.500,Mid (Meeting),5.06,18.37,311.00,3858.00,11499.37,995.43,,0,100,33.00,-82,4410787,-361684.53,2,fused
541123,000000541123.jpg,640x427,1,1.000000,1,1,TP,yolov8l_bsz4.ms,107.00,113.50,220.50,0.500,Mid (Meeting),5.06,18.37,311.00,3858.00,11499.37,995.43,,0,100,33.00,-82,4410787,-361684.53,2,fused
306139,000000306139.jpg,640x426,1,1.000000,1,1,TP,yolov8l_bsz4.ms,107.00,113.50,220.50,0.500,Mid (Meeting),5.06,18.37,311.00,3858.00,11499.37,995.43,,0,100,33.00,-82,4410787,-361684.53,2,fused
453166,000000453166.jpg,640x425,1,1.000000,1,1,TP,yolov8l_bsz4.ms,108.00,109.00,217.00,0.500,Mid (Meeting),8.18,18.37,366.38,3801.00,11499.37,933.49,,0,100,33.00,-80,4410685,-352854.80,2,fused
119995,000000119995.jpg,468x500,1,1.000000,1,1,TP,yolov8l_bsz4.ms,108.00,109.00,217.00,0.500,Mid (Meeting),8.18,18.37,366.38,3801.00,11499.37,933.49,,0,100,33.00,-80,4410685,-352854.80,2,fused
369323,000000369323.jpg,377x500,1,1.000000,1,1,TP,yolov8l_bsz4.ms,108.00,109.00,217.00,0.500,Mid (Meeting),8.18,18.37,366.38,3801.00,11499.37,933.49,,0,100,33.00,-80,4410685,-352854.80,2,fused
127270,000000127270.jpg,328x500,1,1.000000,1,1,TP,yolov8l_bsz4.ms,108.00,109.00,217.00,0.500,Mid (Meeting),8.18,18.37,366.38,3801.00,11499.37,933.49,,0,100,33.00,-80,4410685,-352854.80,2,fused
13291,000000013291.jpg,500x335,1,1.000000,1,1,TP,yolov8l_bsz4.ms,108.00,107.50,215.50,0.500,Mid (Meeting),5.79,17.14,441.73,3724.00,11499.37,859.43,,0,100,33.00,-79,4410834,-348455.89,2,fused
440336,000000440336.jpg,500x335,1,1.000000,1,1,TP,yolov8l_bsz4.ms,108.00,107.50,215.50,0.500,Mid (Meeting),5.79,17.14,441.73,3724.00,11499.37,859.43,,0,100,33.00,-79,4410834,-348455.89,2,fused
427160,000000427160.jpg,640x512,1,1.000000,1,1,TP,yolov8l_bsz4.ms,108.00,107.50,215.50,0.500,Mid (Meeting),5.79,17.14,441.73,3724.00,11499.37,859.43,,0,100,33.00,-79,4410834,-348455.89,2,fused
179487,000000179487.jpg,512x640,1,1.000000,1,1,TP,yolov8l_bsz4.ms,108.00,107.50,215.50,0.500,Mid (Meeting),5.79,17.14,441.73,3724.00,11499.37,859.43,,0,100,33.00,-79,4410834,-348455.89,2,fused
91500,000000091500.jpg,640x480,1,1.000000,1,1,TP,yolov8l_bsz4.ms,109.50,85.25,194.75,0.500,Mid (Meeting),5.30,17.14,524.04,3645.00,11499.37,773.58,,0,100,33.00,-225,4404672,-991051.20,2,fused
136915,000000136915.jpg,640x427,1,1.000000,1,1,TP,yolov8l_bsz4.ms,109.50,85.25,194.75,0.500,Mid (Meeting),5.30,17.14,524.04,3645.00,11499.37,773.58,,0,100,33.00,-225,4404672,-991051.20,2,fused
548246,000000548246.jpg,640x428,1,1.000000,1,1,TP,yolov8l_bsz4.ms,109.50,85.25,194.75,0.500,Mid (Meeting),5.30,17.14,524.04,3645.00,11499.37,773.58,,0,100,33.00,-225,4404672,-991051.20,2,fused
74256,000000074256.jpg,640x480,1,1.000000,1,1,TP,yolov8l_bsz4.ms,109.50,85.25,194.75,0.500,Mid (Meeting),5.30,17.14,524.04,3645.00,11499.37,773.58,,0,100,33.00,-225,4404672,-991051.20,2,fused
10764,000000010764.jpg,640x424,1,1.000000,1,1,TP,yolov8l_bsz4.ms,108.75,77.00,185.75,0.500,Mid (Meeting),5.10,17.14,604.03,3566.00,11499.37,696.63,,0,100,33.00,-315,4400374,-1386117.81,2,fused
346968,000000346968.jpg,640x426,1,1.000000,1,1,TP,yolov8l_bsz4.ms,108.75,77.00,185.75,0.500,Mid (Meeting),5.10,17.14,604.03,3566.00,11499.37,696.63,,0,100,33.00,-315,4400374,-1386117.81,2,fused
100723,000000100723.jpg,500x333,1,1.000000,1,1,TP,yolov8l_bsz4.ms,108.75,77.00,185.75,0.500,Mid (Meeting),5.10,17.14,604.03,3566.00,11499.37,696.63,,0,100,33.00,-315,4400374,-1386117.81,2,fused
46872,000000046872.jpg,640x391,1,1.000000,1,1,TP,yolov8l_bsz4.ms,108.75,77.00,185.75,0.500,Mid (Meeting),5.10,17.14,604.03,3566.00,11499.37,696.63,,0,100,33.00,-315,4400374,-1386117.81,2,fused
476770,000000476770.jpg,640x426,1,1.000000,1,1,TP,yolov8l_bsz4.ms,108.50,96.25,204.75,0.500,Mid (Meeting),5.16,23.35,434.72,3732.00,11499.37,853.38,,0,100,33.00,-81,4410195,-357225.79,2,fused
190007,000000190007.jpg,640x381,1,1.000000,1,1,TP,yolov8l_bsz4.ms,108.50,96.25,204.75,0.500,Mid (Meeting),5.16,23.35,434.72,3732.00,11499.37,853.38,,0,100,33.00,-81,4410195,-357225.79,2,fused
493864,000000493864.jpg,480x640,1,1.000000,1,1,TP,yolov8l_bsz4.ms,108.50,96.25,204.75,0.500,Mid (Meeting),5.16,23.35,434.72,3732.00,11499.37,853.38,,0,100,33.00,-81,4410195,-357225.79,2,fused
381360,000000381360.jpg,640x425,1,1.000000,1,1,TP,yolov8l_bsz4.ms,108.50,96.25,204.75,0.500,Mid (Meeting),5.16,23.35,434.72,3732.00,11499.37,853.38,,0,100,33.00,-81,4410195,-357225.79,2,fused
300341,000000300341.jpg,640x427,1,1.000000,1,1,TP,yolov8l_bsz4.ms,108.25,92.75,201.00,0.500,Mid (Meeting),5.04,23.35,504.11,3664.00,11499.37,787.59,,0,100,33.00,-88,4409849,-388066.71,2,fused
52996,000000052996.jpg,640x426,1,1.000000,1,1,TP,yolov8l_bsz4.ms,108.25,92.75,201.00,0.500,Mid (Meeting),5.04,23.35,504.11,3664.00,11499.37,787.59,,0,100,33.00,-88,4409849,-388066.71,2,fused
188465,000000188465.jpg,640x454,1,1.000000,1,1,TP,yolov8l_bsz4.ms,108.25,92.75,201.00,0.500,Mid (Meeting),5.04,23.35,504.11,3664.00,11499.37,787.59,,0,100,33.00,-88,4409849,-388066.71,2,fused
130579,000000130579.jpg,388x640,1,1.000000,1,1,TP,yolov8l_bsz4.ms,108.25,92.75,201.00,0.500,Mid (Meeting),5.04,23.35,504.11,3664.00,11499.37,787.59,,0,100,33.00,-88,4409849,-388066.71,2,fused
398203,000000398203.jpg,640x427,1,1.000000,1,1,TP,yolov8l_bsz4.ms,109.25,104.25,213.50,0.500,Mid (Meeting),4.97,21.80,584.44,3589.00,11499.37,713.68,,0,100,33.00,-83,4410326,-366057.06,2,fused
323799,000000323799.jpg,640x480,1,1.000000,1,1,TP,yolov8l_bsz4.ms,109.25,104.25,213.50,0.500,Mid (Meeting),4.97,21.80,584.44,3589.00,11499.37,713.68,,0,100,33.00,-83,4410326,-366057.06,2,fused
325483,000000325483.jpg,640x480,1,1.000000,1,1,TP,yolov8l_bsz4.ms,109.25,104.25,213.50,0.500,Mid (Meeting),4.97,21.80,584.44,3589.00,11499.37,713.68,,0,100,33.00,-83,4410326,-366057.06,2,fused
559348,000000559348.jpg,640x480,1,1.000000,1,1,TP,yolov8l_bsz4.ms,109.25,104.25,213.50,0.500,Mid (Meeting),4.97,21.80,584.44,3589.00,11499.37,713.68,,0,100,33.00,-83,4410326,-366057.06,2,fused
208363,000000208363.jpg,640x480,1,1.000000,1,1,TP,yolov8l_bsz4.ms,108.50,102.75,211.25,0.500,Mid (Meeting),5.05,21.80,366.38,3802.00,11499.37,923.39,,0,100,33.00,-79,4410415,-348422.78,2,fused
478420,000000478420.jpg,480x640,1,1.000000,1,1,TP,yolov8l_bsz4.ms,108.50,102.75,211.25,0.500,Mid (Meeting),5.05,21.80,366.38,3802.00,11499.37,923.39,,0,100,33.00,-79,4410415,-348422.78,2,fused
411938,000000411938.jpg,640x427,1,1.000000,1,1,TP,yolov8l_bsz4.ms,108.50,102.75,211.25,0.500,Mid (Meeting),5.05,21.80,366.38,3802.00,11499.37,923.39,,0,100,33.00,-79,4410415,-348422.78,2,fused
4134,000000004134.jpg,640x425,1,1.000000,1,1,TP,yolov8l_bsz4.ms,108.50,102.75,211.25,0.500,Mid (Meeting),5.05,21.80,366.38,3802.00,11499.37,923.39,,0,100,33.00,-79,4410415,-348422.78,2,fused
269316,000000269316.jpg,640x428,1,1.000000,1,1,TP,yolov8l_bsz4.ms,107.75,108.50,216.25,0.500,Mid (Meeting),4.98,21.12,425.01,3744.00,11499.37,868.54,,0,100,33.00,-126,4408365,-555453.99,2,fused
398742,000000398742.jpg,427x640,1,1.000000,1,1,TP,yolov8l_bsz4.ms,107.75,108.50,216.25,0.500,Mid (Meeting),4.98,21.12,425.01,3744.00,11499.37,868.54,,0,100,33.00,-126,4408365,-555453.99,2,fused
248400,000000248400.jpg,640x427,1,1.000000,1,1,TP,yolov8l_bsz4.ms,107.75,108.50,216.25,0.500,Mid (Meeting),4.98,21.12,425.01,3744.00,11499.37,868.54,,0,100,33.00,-126,4408365,-555453.99,2,fused
203864,000000203864.jpg,640x491,1,1.000000,1,1,TP,yolov8l_bsz4.ms,107.75,108.50,216.25,0.500,Mid (Meeting),4.98,21.12,425.01,3744.00,11499.37,868.54,,0,100,33.00,-126,4408365,-555453.99,2,fused
146155,000000146155.jpg,640x512,1,1.000000,1,1,TP,yolov8l_bsz4.ms,109.75,113.75,223.50,0.500,Mid (Meeting),4.98,21.12,504.84,3661.00,11499.37,783.53,,0,100,33.00,-82,4410306,-361645.09,2,fused
491090,000000491090.jpg,478x640,1,1.000000,1,1,TP,yolov8l_bsz4.ms,109.75,113.75,223.50,0.500,Mid (Meeting),4.98,21.12,504.84,3661.00,11499.37,783.53,,0,100,33.00,-82,4410306,-361645.09,2,fused
11699,000000011699.jpg,480x640,1,1.000000,1,1,TP,yolov8l_bsz4.ms,109.75,113.75,223.50,0.500,Mid (Meeting),4.98,21.12,504.84,3661.00,11499.37,783.53,,0,100,33.00,-82,4410306,-361645.09,2,fused
271402,000000271402.jpg,424x640,1,1.000000,1,1,TP,yolov8l_bsz4.ms,109.75,113.75,223.50,0.500,Mid (Meeting),4.98,21.12,504.84,3661.00,11499.37,783.53,,0,100,33.00,-82,4410306,-361645.09,2,fused
406129,000000406129.jpg,428x640,1,1.000000,1,1,TP,yolov8l_bsz4.ms,108.25,93.75,202.00,0.500,Mid (Meeting),5.01,21.12,349.89,3817.00,11499.37,942.12,,0,100,33.00,-83,4410270,-366052.41,2,fused
457559,000000457559.jpg,640x427,1,1.000000,1,1,TP,yolov8l_bsz4.ms,108.25,93.75,202.00,0.500,Mid (Meeting),5.01,21.12,349.89,3817.00,11499.37,942.12,,0,100,33.00,-83,4410270,-366052.41,2,fused
142238,000000142238.jpg,640x427,1,1.000000,1,1,TP,yolov8l_bsz4.ms,108.25,93.75,202.00,0.500,Mid (Meeting),5.01,21.12,349.89,3817.00,11499.37,942.12,,0,100,33.00,-83,4410270,-366052.41,2,fused
479953,000000479953.jpg,640x393,1,1.000000,1,1,TP,yolov8l_bsz4.ms,108.25,93.75,202.00,0.500,Mid (Meeting),5.01,21.12,349.89,3817.00,11499.37,942.12,,0,100,33.00,-83,4410270,-366052.41,2,fused
273760,000000273760.jpg,467x640,1,1.000000,1,1,TP,yolov8l_bsz4.ms,108.00,101.75,209.75,0.500,Mid (Meeting),8.53,26.32,424.21,3737.00,11499.37,857.44,,0,100,33.00,-137,4408145,-603915.86,2,fused
382009,000000382009.jpg,640x427,1,1.000000,1,1,TP,yolov8l_bsz4.ms,108.00,101.75,209.75,0.500,Mid (Meeting),8.53,26.32,424.21,3737.00,11499.37,857.44,,0,100,33.00,-137,4408145,-603915.86,2,fused
75612,000000075612.jpg,640x480,1,1.000000,1,1,TP,yolov8l_bsz4.ms,108.00,101.75,209.75,0.500,Mid (Meeting),8.53,26.32,424.21,3737.00,11499.37,857.44,,0,100,33.00,-137,4408145,-603915.86,2,fused
383842,000000383842.jpg,640x434,1,1.000000,1,1,TP,yolov8l_bsz4.ms,108.00,101.75,209.75,0.500,Mid (Meeting),8.53,26.32,424.21,3737.00,11499.37,857.44,,0,100,33.00,-137,4408145,-603915.86,2,fused
463918,000000463918.jpg,500x359,1,1.000000,1,1,TP,yolov8l_bsz4.ms,108.00,103.50,211.50,0.500,Mid (Meeting),5.77,26.32,300.80,3864.00,11499.37,987.64,,0,100,33.00,-85,4410151,-374862.84,2,fused
400794,000000400794.jpg,426x640,1,1.000000,1,1,TP,yolov8l_bsz4.ms,108.00,103.50,211.50,0.500,Mid (Meeting),5.77,26.32,300.80,3864.00,11499.37,987.64,,0,100,33.00,-85,4410151,-374862.84,2,fused
144003,000000144003.jpg,500x375,1,1.000000,1,1,TP,yolov8l_bsz4.ms,108.00,103.50,211.50,0.500,Mid (Meeting),5.77,26.32,300.80,3864.00,11499.37,987.64,,0,100,33.00,-85,4410151,-374862.84,2,fused
477288,000000477288.jpg,480x640,1,1.000000,1,1,TP,yolov8l_bsz4.ms,108.00,103.50,211.50,0.500,Mid (Meeting),5.77,26.32,300.80,3864.00,11499.37,987.64,,0,100,33.00,-85,4410151,-374862.84,2,fused
482800,000000482800.jpg,640x457,1,1.000000,1,1,TP,yolov8l_bsz4.ms,107.50,97.00,204.50,0.500,Mid (Meeting),5.16,26.32,368.51,3792.00,11499.37,912.07,,0,100,33.00,-99,4409352,-436525.85,2,fused
479126,000000479126.jpg,640x427,1,1.000000,1,1,TP,yolov8l_bsz4.ms,107.50,97.00,204.50,0.500,Mid (Meeting),5.16,26.32,368.51,3792.00,11499.37,912.07,,0,100,33.00,-99,4409352,-436525.85,2,fused
162732,000000162732.jpg,640x427,1,1.000000,1,1,TP,yolov8l_bsz4.ms,107.50,97.00,204.50,0.500,Mid (Meeting),5.16,26.32,368.51,3792.00,11499.37,912.07,,0,100,33.00,-99,4409352,-436525.85,2,fused
516318,000000516318.jpg,640x427,1,1.000000,1,1,TP,yolov8l_bsz4.ms,107.50,97.00,204.50,0.500,Mid (Meeting),5.16,26.32,368.51,3792.00,11499.37,912.07,,0,100,33.00,-99,4409352,-436525.85,2,fused
209530,000000209530.jpg,640x428,1,1.000000,1,1,TP,yolov8l_bsz4.ms,108.50,98.75,207.25,0.500,Mid (Meeting),5.18,16.90,308.77,3853.00,11499.37,976.00,,0,100,33.00,-80,4410214,-352817.12,2,fused
266892,000000266892.jpg,640x427,1,1.000000,1,1,TP,yolov8l_bsz4.ms,108.50,98.75,207.25,0.500,Mid (Meeting),5.18,16.90,308.77,3853.00,11499.37,976.00,,0,100,33.00,-80,4410214,-352817.12,2,fused
515828,000000515828.jpg,640x429,1,1.000000,1,1,TP,yolov8l_bsz4.ms,108.50,98.75,207.25,0.500,Mid (Meeting),5.18,16.90,308.77,3853.00,11499.37,976.00,,0,100,33.00,-80,4410214,-352817.12,2,fused
429761,000000429761.jpg,640x428,1,1.000000,1,1,TP,yolov8l_bsz4.ms,108.50,98.75,207.25,0.500,Mid (Meeting),5.18,16.90,308.77,3853.00,11499.37,976.00,,0,100,33.00,-80,4410214,-352817.12,2,fused
116068,000000116068.jpg,500x375,1,1.000000,1,1,TP,yolov8l_bsz4.ms,113.75,98.00,211.75,0.500,Mid (Meeting),4.99,16.90,364.57,3801.00,11499.37,923.97,,0,100,33.00,-106,4409048,-467359.09,2,fused
546475,000000546475.jpg,383x640,1,1.000000,1,1,TP,yolov8l_bsz4.ms,113.75,98.00,211.75,0.500,Mid (Meeting),4.99,16.90,364.57,3801.00,11499.37,923.97,,0,100,33.00,-106,4409048,-467359.09,2,fused
177489,000000177489.jpg,640x478,1,1.000000,1,1,TP,yolov8l_bsz4.ms,113.75,98.00,211.75,0.500,Mid (Meeting),4.99,16.90,364.57,3801.00,11499.37,923.97,,0,100,33.00,-106,4409048,-467359.09,2,fused
568213,000000568213.jpg,500x325,1,1.000000,1,1,TP,yolov8l_bsz4.ms,113.75,98.00,211.75,0.500,Mid (Meeting),4.99,16.90,364.57,3801.00,11499.37,923.97,,0,100,33.00,-106,4409048,-467359.09,2,fused
350679,000000350679.jpg,640x428,1,1.000000,1,1,TP,yolov8l_bsz4.ms,108.25,97.25,205.50,0.500,Mid (Meeting),5.00,16.90,343.47,3820.00,11499.37,936.63,,0,100,33.00,-128,4408587,-564299.14,2,fused
376093,000000376093.jpg,640x480,1,1.000000,1,1,TP,yolov8l_bsz4.ms,108.25,97.25,205.50,0.500,Mid (Meeting),5.00,16.90,343.47,3820.00,11499.37,936.63,,0,100,33.00,-128,4408587,-564299.14,2,fused
25386,000000025386.jpg,427x640,1,1.000000,1,1,TP,yolov8l_bsz4.ms,108.25,97.25,205.50,0.500,Mid (Meeting),5.00,16.90,343.47,3820.00,11499.37,936.63,,0,100,33.00,-128,4408587,-564299.14,2,fused
338905,000000338905.jpg,480x360,1,1.000000,1,1,TP,yolov8l_bsz4.ms,108.25,97.25,205.50,0.500,Mid (Meeting),5.00,16.90,343.47,3820.00,11499.37,936.63,,0,100,33.00,-128,4408587,-564299.14,2,fused
32334,000000032334.jpg,640x480,1,1.000000,1,1,TP,yolov8l_bsz4.ms,106.75,101.00,207.75,0.500,Mid (Meeting),5.04,16.99,295.46,3871.00,11499.37,988.03,,0,100,33.00,-78,4410354,-344007.61,2,fused
438907,000000438907.jpg,458x640,1,1.000000,1,1,TP,yolov8l_bsz4.ms,106.75,101.00,207.75,0.500,Mid (Meeting),5.04,16.99,295.46,3871.00,11499.37,988.03,,0,100,33.00,-78,4410354,-344007.61,2,fused
471893,000000471893.jpg,640x442,1,1.000000,1,1,TP,yolov8l_bsz4.ms,106.75,101.00,207.75,0.500,Mid (Meeting),5.04,16.99,295.46,3871.00,11499.37,988.03,,0,100,33.00,-78,4410354,-344007.61,2,fused
189475,000000189475.jpg,500x375,1,1.000000,1,1,TP,yolov8l_bsz4.ms,106.75,101.00,207.75,0.500,Mid (Meeting),5.04,16.99,295.46,3871.00,11499.37,988.03,,0,100,33.00,-78,4410354,-344007.61,2,fused
271116,000000271116.jpg,640x424,1,1.000000,1,1,TP,yolov8l_bsz4.ms,108.00,95.25,203.25,0.500,Mid (Meeting),4.96,16.99,366.29,3798.00,11499.37,909.41,,0,100,33.00,-81,4410072,-357215.83,2,fused
48396,000000048396.jpg,640x427,1,1.000000,1,1,TP,yolov8l_bsz4.ms,108.00,95.25,203.25,0.500,Mid (Meeting),4.96,16.99,366.29,3798.00,11499.37,909.41,,0,100,33.00,-81,4410072,-357215.83,2,fused
274460,000000274460.jpg,640x454,1,1.000000,1,1,TP,yolov8l_bsz4.ms,108.00,95.25,203.25,0.500,Mid (Meeting),4.96,16.99,366.29,3798.00,11499.37,909.41,,0,100,33.00,-81,4410072,-357215.83,2,fused
274066,000000274066.jpg,640x427,1,1.000000,1,1,TP,yolov8l_bsz4.ms,108.00,95.25,203.25,0.500,Mid (Meeting),4.96,16.99,366.29,3798.00,11499.37,909.41,,0,100,33.00,-81,4410072,-357215.83,2,fused
146667,000000146667.jpg,640x539,1,1.000000,1,1,TP,yolov8l_bsz4.ms,110.25,108.75,219.00,0.500,Mid (Meeting),4.99,16.61,366.05,3801.00,11499.37,913.70,,0,100,34.00,-83,4410149,-366042.37,2,fused
242946,000000242946.jpg,640x480,1,1.000000,1,1,TP,yolov8l_bsz4.ms,110.25,108.75,219.00,0.500,Mid (Meeting),4.99,16.61,366.05,3801.00,11499.37,913.70,,0,100,34.00,-83,4410149,-366042.37,2,fused
135604,000000135604.jpg,640x427,1,1.000000,1,1,TP,yolov8l_bsz4.ms,110.25,108.75,219.00,0.500,Mid (Meeting),4.99,16.61,366.05,3801.00,11499.37,913.70,,0,100,34.00,-83,4410149,-366042.37,2,fused
225405,000000225405.jpg,640x471,1,1.000000,1,1,TP,yolov8l_bsz4.ms,110.25,108.75,219.00,0.500,Mid (Meeting),4.99,16.61,366.05,3801.00,11499.37,913.70,,0,100,34.00,-83,4410149,-366042.37,2,fused
231879,000000231879.jpg,640x426,1,1.000000,1,1,TP,yolov8l_bsz4.ms,108.00,99.75,207.75,0.500,Mid (Meeting),5.07,16.61,346.30,3817.00,11499.37,929.36,,0,100,34.00,-93,4409735,-410105.35,2,fused
18491,000000018491.jpg,640x427,1,1.000000,1,1,TP,yolov8l_bsz4.ms,108.00,99.75,207.75,0.500,Mid (Meeting),5.07,16.61,346.30,3817.00,11499.37,929.36,,0,100,34.00,-93,4409735,-410105.35,2,fused
393056,000000393056.jpg,640x480,1,1.000000,1,1,TP,yolov8l_bsz4.ms,108.00,99.75,207.75,0.500,Mid (Meeting),5.07,16.61,346.30,3817.00,11499.37,929.36,,0,100,34.00,-93,4409735,-410105.35,2,fused
281409,000000281409.jpg,640x427,1,1.000000,1,1,TP,yolov8l_bsz4.ms,108.00,99.75,207.75,0.500,Mid (Meeting),5.07,16.61,346.30,3817.00,11499.37,929.36,,0,100,34.00,-93,4409735,-410105.35,2,fused
484351,000000484351.jpg,640x426,1,1.000000,1,1,TP,yolov8l_bsz4.ms,111.75,100.50,212.25,0.500,Mid (Meeting),5.02,16.82,290.57,3878.00,11499.37,988.82,,0,100,34.00,-131,4408416,-577502.50,2,fused
412362,000000412362.jpg,640x499,1,1.000000,1,1,TP,yolov8l_bsz4.ms,111.75,100.50,212.25,0.500,Mid (Meeting),5.02,16.82,290.57,3878.00,11499.37,988.82,,0,100,34.00,-131,4408416,-577502.50,2,fused
25096,000000025096.jpg,375x500,1,1.000000,1,1,TP,yolov8l_bsz4.ms,111.75,100.50,212.25,0.500,Mid (Meeting),5.02,16.82,290.57,3878.00,11499.37,988.82,,0,100,34.00,-131,4408416,-577502.50,2,fused
261036,000000261036.jpg,333x500,1,1.000000,1,1,TP,yolov8l_bsz4.ms,111.75,100.50,212.25,0.500,Mid (Meeting),5.02,16.82,290.57,3878.00,11499.37,988.82,,0,100,34.00,-131,4408416,-577502.50,2,fused
451879,000000451879.jpg,500x438,1,1.000000,1,1,TP,yolov8l_bsz4.ms,108.75,99.50,208.25,0.500,Mid (Meeting),4.98,16.82,365.77,3798.00,11499.37,904.28,,0,100,34.00,-80,4410226,-352818.08,2,fused
485480,000000485480.jpg,640x281,1,1.000000,1,1,TP,yolov8l_bsz4.ms,108.75,99.50,208.25,0.500,Mid (Meeting),4.98,16.82,365.77,3798.00,11499.37,904.28,,0,100,34.00,-80,4410226,-352818.08,2,fused
318138,000000318138.jpg,480x640,1,1.000000,1,1,TP,yolov8l_bsz4.ms,108.75,99.50,208.25,0.500,Mid (Meeting),4.98,16.82,365.77,3798.00,11499.37,904.28,,0,100,34.00,-80,4410226,-352818.08,2,fused
323496,000000323496.jpg,500x398,1,1.000000,1,1,TP,yolov8l_bsz4.ms,108.75,99.50,208.25,0.500,Mid (Meeting),4.98,16.82,365.77,3798.00,11499.37,904.28,,0,100,34.00,-80,4410226,-352818.08,2,fused
170955,000000170955.jpg,640x427,1,1.000000,1,1,TP,yolov8l_bsz4.ms,107.50,95.25,202.75,0.500,Mid (Meeting),5.53,16.82,364.06,3802.00,11499.37,910.12,,0,100,34.00,-130,4408121,-573055.73,2,fused
100238,000000100238.jpg,640x480,1,1.000000,1,1,TP,yolov8l_bsz4.ms,107.50,95.25,202.75,0.500,Mid (Meeting),5.53,16.82,364.06,3802.00,11499.37,910.12,,0,100,34.00,-130,4408121,-573055.73,2,fused
493905,000000493905.jpg,571x640,1,1.000000,1,1,TP,yolov8l_bsz4.ms,107.50,95.25,202.75,0.500,Mid (Meeting),5.53,16.82,364.06,3802.00,11499.37,910.12,,0,100,34.00,-130,4408121,-573055.73,2,fused
416451,000000416451.jpg,640x480,1,1.000000,1,1,TP,yolov8l_bsz4.ms,107.50,95.25,202.75,0.500,Mid (Meeting),5.53,16.82,364.06,3802.00,11499.37,910.12,,0,100,34.00,-130,4408121,-573055.73,2,fused
447088,000000447088.jpg,500x333,1,1.000000,1,1,TP,yolov8l_bsz4.ms,109.00,98.00,207.00,0.500,Mid (Meeting),5.42,20.15,362.26,3807.00,11499.37,915.60,,0,100,34.00,-87,4409680,-383642.16,2,fused
470924,000000470924.jpg,640x480,1,1.000000,1,1,TP,yolov8l_bsz4.ms,109.00,98.00,207.00,0.500,Mid (Meeting),5.42,20.15,362.26,3807.00,11499.37,915.60,,0,100,34.00,-87,4409680,-383642.16,2,fused
463618,000000463618.jpg,640x451,1,1.000000,1,1,TP,yolov8l_bsz4.ms,109.00,98.00,207.00,0.500,Mid (Meeting),5.42,20.15,362.26,3807.00,11499.37,915.60,,0,100,34.00,-87,4409680,-383642.16,2,fused
523957,000000523957.jpg,640x427,1,1.000000,1,1,TP,yolov8l_bsz4.ms,109.00,98.00,207.00,0.500,Mid (Meeting),5.42,20.15,362.26,3807.00,11499.37,915.60,,0,100,34.00,-87,4409680,-383642.16,2,fused
84674,000000084674.jpg,480x640,1,1.000000,1,1,TP,yolov8l_bsz4.ms,108.25,94.00,202.25,0.500,Mid (Meeting),5.24,20.15,343.45,3814.00,11499.37,917.70,,0,100,34.00,-91,4409573,-401271.14,2,fused
246883,000000246883.jpg,640x480,1,1.000000,1,1,TP,yolov8l_bsz4.ms,108.25,94.00,202.25,0.500,Mid (Meeting),5.24,20.15,343.45,3814.00,11499.37,917.70,,0,100,34.00,-91,4409573,-401271.14,2,fused
571598,000000571598.jpg,640x480,1,1.000000,1,1,TP,yolov8l_bsz4.ms,108.25,94.00,202.25,0.500,Mid (Meeting),5.24,20.15,343.45,3814.00,11499.37,917.70,,0,100,34.00,-91,4409573,-401271.14,2,fused
275749,000000275749.jpg,500x375,1,1.000000,1,1,TP,yolov8l_bsz4.ms,108.25,94.00,202.25,0.500,Mid (Meeting),5.24,20.15,343.45,3814.00,11499.37,917.70,,0,100,34.00,-91,4409573,-401271.14,2,fused
371552,000000371552.jpg,640x427,1,1.000000,1,1,TP,yolov8l_bsz4.ms,108.25,102.25,210.50,0.500,Mid (Meeting),5.12,18.02,288.84,3872.00,11499.37,976.39,,0,100,34.00,-159,4407216,-700747.34,2,fused
509451,000000509451.jpg,500x375,1,1.000000,1,1,TP,yolov8l_bsz4.ms,108.25,102.25,210.50,0.500,Mid (Meeting),5.12,18.02,288.84,3872.00,11499.37,976.39,,0,100,34.00,-159,4407216,-700747.34,2,fused
309964,000000309964.jpg,640x427,1,1.000000,1,1,TP,yolov8l_bsz4.ms,108.25,102.25,210.50,0.500,Mid (Meeting),5.12,18.02,288.84,3872.00,11499.37,976.39,,0,100,34.00,-159,4407216,-700747.34,2,fused
53626,000000053626.jpg,640x480,1,1.000000,1,1,TP,yolov8l_bsz4.ms,108.25,102.25,210.50,0.500,Mid (Meeting),5.12,18.02,288.84,3872.00,11499.37,976.39,,0,100,34.00,-159,4407216,-700747.34,2,fused
568195,000000568195.jpg,427x640,1,1.000000,1,1,TP,yolov8l_bsz4.ms,108.25,102.50,210.75,0.500,Mid (Meeting),5.07,18.02,366.59,3791.00,11499.37,892.53,,0,100,34.00,-79,4409922,-348383.84,2,fused
373382,000000373382.jpg,480x640,1,1.000000,1,1,TP,yolov8l_bsz4.ms,108.25,102.50,210.75,0.500,Mid (Meeting),5.07,18.02,366.59,3791.00,11499.37,892.53,,0,100,34.00,-79,4409922,-348383.84,2,fused
304404,000000304404.jpg,640x428,1,1.000000,1,1,TP,yolov8l_bsz4.ms,108.25,102.50,210.75,0.500,Mid (Meeting),5.07,18.02,366.59,3791.00,11499.37,892.53,,0,100,34.00,-79,4409922,-348383.84,2,fused
397354,000000397354.jpg,640x480,1,1.000000,1,1,TP,yolov8l_bsz4.ms,108.25,102.50,210.75,0.500,Mid (Meeting),5.07,18.02,366.59,3791.00,11499.37,892.53,,0,100,34.00,-79,4409922,-348383.84,2,fused
44279,000000044279.jpg,640x425,1,1.000000,1,1,TP,yolov8l_bsz4.ms,110.25,100.00,210.25,0.500,Mid (Meeting),5.01,18.02,362.57,3799.00,11499.37,900.69,,0,100,34.00,-83,4410004,-366030.33,2,fused
513567,000000513567.jpg,640x480,1,1.000000,1,1,TP,yolov8l_bsz4.ms,110.25,100.00,210.25,0.500,Mid (Meeting),5.01,18.02,362.57,3799.00,11499.37,900.69,,0,100,34.00,-83,4410004,-366030.33,2,fused
33221,000000033221.jpg,500x333,1,1.000000,1,1,TP,yolov8l_bsz4.ms,110.25,100.00,210.25,0.500,Mid (Meeting),5.01,18.02,362.57,3799.00,11499.37,900.69,,0,100,34.00,-83,4410004,-366030.33,2,fused
237071,000000237071.jpg,640x427,1,1.000000,1,1,TP,yolov8l_bsz4.ms,110.25,100.00,210.25,0.500,Mid (Meeting),5.01,18.02,362.57,3799.00,11499.37,900.69,,0,100,34.00,-83,4410004,-366030.33,2,fused
85772,000000085772.jpg,640x427,1,1.000000,1,1,TP,yolov8l_bsz4.ms,108.25,97.50,205.75,0.500,Mid (Meeting),5.06,17.20,362.22,3792.00,11499.37,889.80,,0,100,34.00,-85,4409935,-374844.47,2,fused
474021,000000474021.jpg,500x375,1,1.000000,1,1,TP,yolov8l_bsz4.ms,108.25,97.50,205.75,0.500,Mid (Meeting),5.06,17.20,362.22,3792.00,11499.37,889.80,,0,100,34.00,-85,4409935,-374844.47,2,fused
203629,000000203629.jpg,640x427,1,1.000000,1,1,TP,yolov8l_bsz4.ms,108.25,97.50,205.75,0.500,Mid (Meeting),5.06,17.20,362.22,3792.00,11499.37,889.80,,0,100,34.00,-85,4409935,-374844.47,2,fused
276018,000000276018.jpg,416x640,1,1.000000,1,1,TP,yolov8l_bsz4.ms,108.25,97.50,205.75,0.500,Mid (Meeting),5.06,17.20,362.22,3792.00,11499.37,889.80,,0,100,34.00,-85,4409935,-374844.47,2,fused
275198,000000275198.jpg,640x480,1,1.000000,1,1,TP,yolov8l_bsz4.ms,107.50,115.50,223.00,0.500,Mid (Meeting),5.14,17.20,290.26,3866.00,11499.37,966.09,,0,100,34.00,-97,4409384,-427710.25,2,fused
153797,000000153797.jpg,500x400,1,1.000000,1,1,TP,yolov8l_bsz4.ms,107.50,115.50,223.00,0.500,Mid (Meeting),5.14,17.20,290.26,3866.00,11499.37,966.09,,0,100,34.00,-97,4409384,-427710.25,2,fused
296222,000000296222.jpg,640x480,1,1.000000,1,1,TP,yolov8l_bsz4.ms,107.50,115.50,223.00,0.500,Mid (Meeting),5.14,17.20,290.26,3866.00,11499.37,966.09,,0,100,34.00,-97,4409384,-427710.25,2,fused
382125,000000382125.jpg,640x480,1,1.000000,1,1,TP,yolov8l_bsz4.ms,107.50,115.50,223.00,0.500,Mid (Meeting),5.14,17.20,290.26,3866.00,11499.37,966.09,,0,100,34.00,-97,4409384,-427710.25,2,fused
213171,000000213171.jpg,375x500,1,1.000000,1,1,TP,yolov8l_bsz4.ms,108.00,109.75,217.75,0.500,Mid (Meeting),5.07,17.68,367.14,3784.00,11499.37,880.52,,0,100,34.00,-132,4408116,-581871.31,2,fused
468332,000000468332.jpg,640x424,1,1.000000,1,1,TP,yolov8l_bsz4.ms,108.00,109.75,217.75,0.500,Mid (Meeting),5.07,17.68,367.14,3784.00,11499.37,880.52,,0,100,34.00,-132,4408116,-581871.31,2,fused
182923,000000182923.jpg,375x500,1,1.000000,1,1,TP,yolov8l_bsz4.ms,108.00,109.75,217.75,0.500,Mid (Meeting),5.07,17.68,367.14,3784.00,11499.37,880.52,,0,100,34.00,-132,4408116,-581871.31,2,fused
578871,000000578871.jpg,480x640,1,1.000000,1,1,TP,yolov8l_bsz4.ms,108.00,109.75,217.75,0.500,Mid (Meeting),5.07,17.68,367.14,3784.00,11499.37,880.52,,0,100,34.00,-132,4408116,-581871.31,2,fused
442161,000000442161.jpg,500x375,1,1.000000,1,1,TP,yolov8l_bsz4.ms,109.25,105.00,214.25,0.500,Mid (Meeting),5.03,17.68,365.61,3790.00,11499.37,885.45,,0,100,34.00,-73,4410391,-321958.54,2,fused
92416,000000092416.jpg,480x640,1,1.000000,1,1,TP,yolov8l_bsz4.ms,109.25,105.00,214.25,0.500,Mid (Meeting),5.03,17.68,365.61,3790.00,11499.37,885.45,,0,100,34.00,-73,4410391,-321958.54,2,fused
529122,000000529122.jpg,500x281,1,1.000000,1,1,TP,yolov8l_bsz4.ms,109.25,105.00,214.25,0.500,Mid (Meeting),5.03,17.68,365.61,3790.00,11499.37,885.45,,0,100,34.00,-73,4410391,-321958.54,2,fused
447917,000000447917.jpg,640x362,1,1.000000,1,1,TP,yolov8l_bsz4.ms,109.25,105.00,214.25,0.500,Mid (Meeting),5.03,17.68,365.61,3790.00,11499.37,885.45,,0,100,34.00,-73,4410391,-321958.54,2,fused
245026,000000245026.jpg,640x424,1,1.000000,1,1,TP,yolov8l_bsz4.ms,107.75,105.25,213.00,0.500,Mid (Meeting),5.05,17.68,342.77,3809.00,11499.37,900.64,,0,100,34.00,-91,4409538,-401267.96,2,fused
60507,000000060507.jpg,640x427,1,1.000000,1,1,TP,yolov8l_bsz4.ms,107.75,105.25,213.00,0.500,Mid (Meeting),5.05,17.68,342.77,3809.00,11499.37,900.64,,0,100,34.00,-91,4409538,-401267.96,2,fused
465822,000000465822.jpg,500x375,1,1.000000,1,1,TP,yolov8l_bsz4.ms,107.75,105.25,213.00,0.500,Mid (Meeting),5.05,17.68,342.77,3809.00,11499.37,900.64,,0,100,34.00,-91,4409538,-401267.96,2,fused
199771,000000199771.jpg,640x425,1,1.000000,1,1,TP,yolov8l_bsz4.ms,107.75,105.25,213.00,0.500,Mid (Meeting),5.05,17.68,342.77,3809.00,11499.37,900.64,,0,100,34.00,-91,4409538,-401267.96,2,fused
401244,000000401244.jpg,426x640,1,1.000000,1,1,TP,yolov8l_bsz4.ms,109.00,113.25,222.25,0.500,Mid (Meeting),9.07,24.86,298.38,3858.00,11499.37,948.30,,0,100,34.00,-95,4409576,-418909.72,2,fused
81988,000000081988.jpg,640x427,1,1.000000,1,1,TP,yolov8l_bsz4.ms,109.00,113.25,222.25,0.500,Mid (Meeting),9.07,24.86,298.38,3858.00,11499.37,948.30,,0,100,34.00,-95,4409576,-418909.72,2,fused
547854,000000547854.jpg,640x640,1,1.000000,1,1,TP,yolov8l_bsz4.ms,109.00,113.25,222.25,0.500,Mid (Meeting),9.07,24.86,298.38,3858.00,11499.37,948.30,,0,100,34.00,-95,4409576,-418909.72,2,fused
64718,000000064718.jpg,640x464,1,1.000000,1,1,TP,yolov8l_bsz4.ms,109.00,113.25,222.25,0.500,Mid (Meeting),9.07,24.86,298.38,3858.00,11499.37,948.30,,0,100,34.00,-95,4409576,-418909.72,2,fused
447187,000000447187.jpg,640x480,1,1.000000,1,1,TP,yolov8l_bsz4.ms,108.25,114.25,222.50,0.500,Mid (Meeting),6.22,24.86,366.80,3792.00,11499.37,884.55,,0,100,34.00,-74,4410235,-326357.39,2,fused
343561,000000343561.jpg,640x428,1,1.000000,1,1,TP,yolov8l_bsz4.ms,108.25,114.25,222.50,0.500,Mid (Meeting),6.22,24.86,366.80,3792.00,11499.37,884.55,,0,100,34.00,-74,4410235,-326357.39,2,fused
13729,000000013729.jpg,640x480,1,1.000000,1,1,TP,yolov8l_bsz4.ms,108.25,114.25,222.50,0.500,Mid (Meeting),6.22,24.86,366.80,3792.00,11499.37,884.55,,0,100,34.00,-74,4410235,-326357.39,2,fused
386912,000000386912.jpg,640x480,1,0.999999,1,1,TP,yolov8l_bsz4.ms,108.25,114.25,222.50,0.500,Mid (Meeting),6.22,24.86,366.80,3792.00,11499.37,884.55,,0,100,34.00,-74,4410235,-326357.39,2,fused
400573,000000400573.jpg,480x640,1,0.999999,1,1,TP,yolov8l_bsz4.ms,108.25,97.25,205.50,0.500,Mid (Meeting),5.68,17.09,366.77,3782.00,11499.37,871.96,,0,100,34.00,-136,4407495,-599419.32,2,fused
544519,000000544519.jpg,640x427,1,0.999999,1,1,TP,yolov8l_bsz4.ms,108.25,97.25,205.50,0.500,Mid (Meeting),5.68,17.09,366.77,3782.00,11499.37,871.96,,0,100,34.00,-136,4407495,-599419.32,2,fused
399462,000000399462.jpg,300x451,1,0.999999,1,1,TP,yolov8l_bsz4.ms,108.25,97.25,205.50,0.500,Mid (Meeting),5.68,17.09,366.77,3782.00,11499.37,871.96,,0,100,34.00,-136,4407495,-599419.32,2,fused
217285,000000217285.jpg,640x427,1,0.999999,1,1,TP,yolov8l_bsz4.ms,108.25,97.25,205.50,0.500,Mid (Meeting),5.68,17.09,366.77,3782.00,11499.37,871.96,,0,100,34.00,-136,4407495,-599419.32,2,fused
785,000000000785.jpg,640x425,1,0.999999,1,1,TP,yolov8l_bsz4.ms,106.75,102.25,209.00,0.500,Mid (Meeting),5.58,17.09,344.85,3808.00,11499.37,899.12,,0,100,34.00,-80,4409987,-352798.96,2,fused
578545,000000578545.jpg,640x474,1,0.999999,1,1,TP,yolov8l_bsz4.ms,106.75,102.25,209.00,0.500,Mid (Meeting),5.58,17.09,344.85,3808.00,11499.37,899.12,,0,100,34.00,-80,4409987,-352798.96,2,fused
281414,000000281414.jpg,443x640,1,0.999999,1,1,TP,yolov8l_bsz4.ms,106.75,102.25,209.00,0.500,Mid (Meeting),5.58,17.09,344.85,3808.00,11499.37,899.12,,0,100,34.00,-80,4409987,-352798.96,2,fused
80340,000000080340.jpg,640x427,1,0.999999,1,1,TP,yolov8l_bsz4.ms,106.75,102.25,209.00,0.500,Mid (Meeting),5.58,17.09,344.85,3808.00,11499.37,899.12,,0,100,34.00,-80,4409987,-352798.96,2,fused
578489,000000578489.jpg,640x480,1,0.999999,1,1,TP,yolov8l_bsz4.ms,108.25,106.50,214.75,0.500,Mid (Meeting),5.46,17.09,289.85,3863.00,11499.37,950.81,,0,100,34.00,-78,4410000,-343980.00,2,fused
89648,000000089648.jpg,640x427,1,0.999999,1,1,TP,yolov8l_bsz4.ms,108.25,106.50,214.75,0.500,Mid (Meeting),5.46,17.09,289.85,3863.00,11499.37,950.81,,0,100,34.00,-78,4410000,-343980.00,2,fused
570471,000000570471.jpg,375x500,1,0.999999,1,1,TP,yolov8l_bsz4.ms,108.25,106.50,214.75,0.500,Mid (Meeting),5.46,17.09,289.85,3863.00,11499.37,950.81,,0,100,34.00,-78,4410000,-343980.00,2,fused
59044,000000059044.jpg,640x427,1,0.999999,1,1,TP,yolov8l_bsz4.ms,108.25,106.50,214.75,0.500,Mid (Meeting),5.46,17.09,289.85,3863.00,11499.37,950.81,,0,100,34.00,-78,4410000,-343980.00,2,fused
153529,000000153529.jpg,480x640,1,0.999999,1,1,TP,yolov8l_bsz4.ms,105.75,104.75,210.50,0.500,Mid (Meeting),5.34,16.40,366.23,3790.00,11499.37,876.27,,0,100,34.00,-79,4409769,-348371.75,2,fused
189752,000000189752.jpg,640x480,1,0.999999,1,1,TP,yolov8l_bsz4.ms,105.75,104.75,210.50,0.500,Mid (Meeting),5.34,16.40,366.23,3790.00,11499.37,876.27,,0,100,34.00,-79,4409769,-348371.75,2,fused
290163,000000290163.jpg,512x640,1,0.999999,1,1,TP,yolov8l_bsz4.ms,105.75,104.75,210.50,0.500,Mid (Meeting),5.34,16.40,366.23,3790.00,11499.37,876.27,,0,100,34.00,-79,4409769,-348371.75,2,fused
130586,000000130586.jpg,427x640,1,0.999999,1,1,TP,yolov8l_bsz4.ms,105.75,104.75,210.50,0.500,Mid (Meeting),5.34,16.40,366.23,3790.00,11499.37,876.27,,0,100,34.00,-79,4409769,-348371.75,2,fused
11051,000000011051.jpg,640x536,1,0.999999,1,1,TP,yolov8l_bsz4.ms,109.50,109.50,219.00,0.500,Mid (Meeting),5.36,16.40,364.95,3784.00,11499.37,868.48,,0,100,34.00,-75,4410084,-330756.30,2,fused
143572,000000143572.jpg,640x424,1,0.999999,1,1,TP,yolov8l_bsz4.ms,109.50,109.50,219.00,0.500,Mid (Meeting),5.36,16.40,364.95,3784.00,11499.37,868.48,,0,100,34.00,-75,4410084,-330756.30,2,fused
388056,000000388056.jpg,500x332,1,0.999999,1,1,TP,yolov8l_bsz4.ms,109.50,109.50,219.00,0.500,Mid (Meeting),5.36,16.40,364.95,3784.00,11499.37,868.48,,0,100,34.00,-75,4410084,-330756.30,2,fused
372819,000000372819.jpg,640x426,1,0.999999,1,1,TP,yolov8l_bsz4.ms,109.50,109.50,219.00,0.500,Mid (Meeting),5.36,16.40,364.95,3784.00,11499.37,868.48,,0,100,34.00,-75,4410084,-330756.30,2,fused
54654,000000054654.jpg,407x640,1,0.999999,1,1,TP,yolov8l_bsz4.ms,105.50,111.25,216.75,0.500,Mid (Meeting),5.32,17.31,343.51,3776.00,11499.37,859.77,,0,100,34.00,-71,4410178,-313122.64,2,fused
413395,000000413395.jpg,640x421,1,0.999999,1,1,TP,yolov8l_bsz4.ms,105.50,111.25,216.75,0.500,Mid (Meeting),5.32,17.31,343.51,3776.00,11499.37,859.77,,0,100,34.00,-71,4410178,-313122.64,2,fused
469067,000000469067.jpg,640x480,1,0.999999,1,1,TP,yolov8l_bsz4.ms,105.50,111.25,216.75,0.500,Mid (Meeting),5.32,17.31,343.51,3776.00,11499.37,859.77,,0,100,34.00,-71,4410178,-313122.64,2,fused
203931,000000203931.jpg,428x640,1,0.999999,1,1,TP,yolov8l_bsz4.ms,105.50,111.25,216.75,0.500,Mid (Meeting),5.32,17.31,343.51,3776.00,11499.37,859.77,,0,100,34.00,-71,4410178,-313122.64,2,fused
229216,000000229216.jpg,640x426,1,0.999999,1,1,TP,yolov8l_bsz4.ms,108.50,105.75,214.25,0.500,Mid (Meeting),5.29,17.31,289.21,3821.00,11499.37,902.25,,0,100,34.00,-98,4408576,-432040.45,2,fused
323263,000000323263.jpg,640x447,1,0.999999,1,1,TP,yolov8l_bsz4.ms,108.50,105.75,214.25,0.500,Mid (Meeting),5.29,17.31,289.21,3821.00,11499.37,902.25,,0,100,34.00,-98,4408576,-432040.45,2,fused
289229,000000289229.jpg,362x500,1,0.999999,1,1,TP,yolov8l_bsz4.ms,108.50,105.75,214.25,0.500,Mid (Meeting),5.29,17.31,289.21,3821.00,11499.37,902.25,,0,100,34.00,-98,4408576,-432040.45,2,fused
376900,000000376900.jpg,480x640,1,0.999999,1,1,TP,yolov8l_bsz4.ms,108.50,105.75,214.25,0.500,Mid (Meeting),5.29,17.31,289.21,3821.00,11499.37,902.25,,0,100,34.00,-98,4408576,-432040.45,2,fused
60886,000000060886.jpg,500x333,1,0.999999,1,1,TP,yolov8l_bsz4.ms,107.25,104.00,211.25,0.500,Mid (Meeting),5.22,17.31,364.82,3756.00,11499.37,839.86,,0,100,34.00,-87,4409561,-383631.81,2,fused
63047,000000063047.jpg,640x561,1,0.999999,1,1,TP,yolov8l_bsz4.ms,107.25,104.00,211.25,0.500,Mid (Meeting),5.22,17.31,364.82,3756.00,11499.37,839.86,,0,100,34.00,-87,4409561,-383631.81,2,fused
391290,000000391290.jpg,640x426,1,0.999999,1,1,TP,yolov8l_bsz4.ms,107.25,104.00,211.25,0.500,Mid (Meeting),5.22,17.31,364.82,3756.00,11499.37,839.86,,0,100,34.00,-87,4409561,-383631.81,2,fused
93261,000000093261.jpg,500x375,1,0.999999,1,1,TP,yolov8l_bsz4.ms,107.25,104.00,211.25,0.500,Mid (Meeting),5.22,17.31,364.82,3756.00,11499.37,839.86,,0,100,34.00,-87,4409561,-383631.81,2,fused
66886,000000066886.jpg,640x427,1,0.999999,1,1,TP,yolov8l_bsz4.ms,109.50,107.00,216.50,0.500,Mid (Meeting),5.25,18.26,362.88,3770.00,11499.37,849.61,,0,100,34.00,-84,4409666,-370411.94,2,fused
480936,000000480936.jpg,482x640,1,0.999999,1,1,TP,yolov8l_bsz4.ms,109.50,107.00,216.50,0.500,Mid (Meeting),5.25,18.26,362.88,3770.00,11499.37,849.61,,0,100,34.00,-84,4409666,-370411.94,2,fused
289059,000000289059.jpg,640x480,1,0.999999,1,1,TP,yolov8l_bsz4.ms,109.50,107.00,216.50,0.500,Mid (Meeting),5.25,18.26,362.88,3770.00,11499.37,849.61,,0,100,34.00,-84,4409666,-370411.94,2,fused
8211,000000008211.jpg,640x459,1,0.999999,1,1,TP,yolov8l_bsz4.ms,109.50,107.00,216.50,0.500,Mid (Meeting),5.25,18.26,362.88,3770.00,11499.37,849.61,,0,100,34.00,-84,4409666,-370411.94,2,fused
180101,000000180101.jpg,640x480,1,0.999999,1,1,TP,yolov8l_bsz4.ms,108.50,113.25,221.75,0.500,Mid (Meeting),8.66,18.26,343.86,3796.00,11499.37,875.39,,0,100,34.00,-84,4409807,-370423.79,2,fused
5001,000000005001.jpg,640x480,1,0.999999,1,1,TP,yolov8l_bsz4.ms,108.50,113.25,221.75,0.500,Mid (Meeting),8.66,18.26,343.86,3796.00,11499.37,875.39,,0,100,34.00,-84,4409807,-370423.79,2,fused
406417,000000406417.jpg,568x640,1,0.999999,1,1,TP,yolov8l_bsz4.ms,108.50,113.25,221.75,0.500,Mid (Meeting),8.66,18.26,343.86,3796.00,11499.37,875.39,,0,100,34.00,-84,4409807,-370423.79,2,fused
280779,000000280779.jpg,640x501,1,0.999999,1,1,TP,yolov8l_bsz4.ms,108.50,113.25,221.75,0.500,Mid (Meeting),8.66,18.26,343.86,3796.00,11499.37,875.39,,0,100,34.00,-84,4409807,-370423.79,2,fused
269121,000000269121.jpg,480x640,1,0.999999,1,1,TP,yolov8l_bsz4.ms,108.00,105.50,213.50,0.500,Mid (Meeting),5.99,17.08,290.35,3854.00,11499.37,933.16,,0,100,34.00,-81,4409776,-357191.86,2,fused
463199,000000463199.jpg,640x480,1,0.999999,1,1,TP,yolov8l_bsz4.ms,108.00,105.50,213.50,0.500,Mid (Meeting),5.99,17.08,290.35,3854.00,11499.37,933.16,,0,100,34.00,-81,4409776,-357191.86,2,fused
548780,000000548780.jpg,640x427,1,0.999999,1,1,TP,yolov8l_bsz4.ms,108.00,105.50,213.50,0.500,Mid (Meeting),5.99,17.08,290.35,3854.00,11499.37,933.16,,0,100,34.00,-81,4409776,-357191.86,2,fused
500565,000000500565.jpg,640x466,1,0.999999,1,1,TP,yolov8l_bsz4.ms,108.00,105.50,213.50,0.500,Mid (Meeting),5.99,17.08,290.35,3854.00,11499.37,933.16,,0,100,34.00,-81,4409776,-357191.86,2,fused
500478,000000500478.jpg,329x640,1,0.999999,1,1,TP,yolov8l_bsz4.ms,108.25,101.00,209.25,0.500,Mid (Meeting),5.54,17.08,363.79,3773.00,11499.37,850.22,,0,100,34.00,-72,4409978,-317518.42,2,fused
534041,000000534041.jpg,500x375,1,0.999999,1,1,TP,yolov8l_bsz4.ms,108.25,101.00,209.25,0.500,Mid (Meeting),5.54,17.08,363.79,3773.00,11499.37,850.22,,0,100,34.00,-72,4409978,-317518.42,2,fused
12670,000000012670.jpg,640x428,1,0.999999,1,1,TP,yolov8l_bsz4.ms,108.25,101.00,209.25,0.500,Mid (Meeting),5.54,17.08,363.79,3773.00,11499.37,850.22,,0,100,34.00,-72,4409978,-317518.42,2,fused
22371,000000022371.jpg,425x282,1,0.999999,1,1,TP,yolov8l_bsz4.ms,108.25,101.00,209.25,0.500,Mid (Meeting),5.54,17.08,363.79,3773.00,11499.37,850.22,,0,100,34.00,-72,4409978,-317518.42,2,fused
170099,000000170099.jpg,640x478,1,0.999999,1,1,TP,yolov8l_bsz4.ms,109.25,104.00,213.25,0.500,Mid (Meeting),5.37,17.08,362.53,3779.00,11499.37,856.71,,0,100,34.00,-87,4409373,-383615.45,2,fused
203389,000000203389.jpg,640x480,1,0.999999,1,1,TP,yolov8l_bsz4.ms,109.25,104.00,213.25,0.500,Mid (Meeting),5.37,17.08,362.53,3779.00,11499.37,856.71,,0,100,34.00,-87,4409373,-383615.45,2,fused
114907,000000114907.jpg,640x425,1,0.999999,1,1,TP,yolov8l_bsz4.ms,109.25,104.00,213.25,0.500,Mid (Meeting),5.37,17.08,362.53,3779.00,11499.37,856.71,,0,100,34.00,-87,4409373,-383615.45,2,fused
512657,000000512657.jpg,640x427,1,0.999999,1,1,TP,yolov8l_bsz4.ms,109.25,104.00,213.25,0.500,Mid (Meeting),5.37,17.08,362.53,3779.00,11499.37,856.71,,0,100,34.00,-87,4409373,-383615.45,2,fused
482319,000000482319.jpg,640x480,1,0.999999,1,1,TP,yolov8l_bsz4.ms,108.25,106.00,214.25,0.500,Mid (Meeting),5.35,17.45,343.97,3793.00,11499.37,868.33,,0,100,34.00,-81,4409761,-357190.64,2,fused
254516,000000254516.jpg,640x427,1,0.999999,1,1,TP,yolov8l_bsz4.ms,108.25,106.00,214.25,0.500,Mid (Meeting),5.35,17.45,343.97,3793.00,11499.37,868.33,,0,100,34.00,-81,4409761,-357190.64,2,fused
70739,000000070739.jpg,640x480,1,0.999999,1,1,TP,yolov8l_bsz4.ms,108.25,106.00,214.25,0.500,Mid (Meeting),5.35,17.45,343.97,3793.00,11499.37,868.33,,0,100,34.00,-81,4409761,-357190.64,2,fused
179898,000000179898.jpg,640x480,1,0.999999,1,1,TP,yolov8l_bsz4.ms,108.25,106.00,214.25,0.500,Mid (Meeting),5.35,17.45,343.97,3793.00,11499.37,868.33,,0,100,34.00,-81,4409761,-357190.64,2,fused
527029,000000527029.jpg,640x640,1,0.999999,1,1,TP,yolov8l_bsz4.ms,108.00,106.50,214.50,0.500,Mid (Meeting),5.38,17.45,299.34,3840.00,11499.37,916.38,,0,100,34.00,-78,4409912,-343973.14,2,fused
55528,000000055528.jpg,640x480,1,0.999999,1,1,TP,yolov8l_bsz4.ms,108.00,106.50,214.50,0.500,Mid (Meeting),5.38,17.45,299.34,3840.00,11499.37,916.38,,0,100,34.00,-78,4409912,-343973.14,2,fused
291551,000000291551.jpg,428x640,1,0.999999,1,1,TP,yolov8l_bsz4.ms,108.00,106.50,214.50,0.500,Mid (Meeting),5.38,17.45,299.34,3840.00,11499.37,916.38,,0,100,34.00,-78,4409912,-343973.14,2,fused
66771,000000066771.jpg,640x480,1,0.999999,1,1,TP,yolov8l_bsz4.ms,108.00,106.50,214.50,0.500,Mid (Meeting),5.38,17.45,299.34,3840.00,11499.37,916.38,,0,100,34.00,-78,4409912,-343973.14,2,fused
450399,000000450399.jpg,640x480,1,0.999999,1,1,TP,yolov8l_bsz4.ms,105.50,103.75,209.25,0.500,Mid (Meeting),5.23,18.09,366.16,3770.00,11499.37,840.92,,0,100,34.00,-80,4409453,-352756.24,2,fused
412286,000000412286.jpg,333x500,1,0.999999,1,1,TP,yolov8l_bsz4.ms,105.50,103.75,209.25,0.500,Mid (Meeting),5.23,18.09,366.16,3770.00,11499.37,840.92,,0,100,34.00,-80,4409453,-352756.24,2,fused
417632,000000417632.jpg,640x480,1,0.999999,1,1,TP,yolov8l_bsz4.ms,105.50,103.75,209.25,0.500,Mid (Meeting),5.23,18.09,366.16,3770.00,11499.37,840.92,,0,100,34.00,-80,4409453,-352756.24,2,fused
76468,000000076468.jpg,640x480,1,0.999999,1,1,TP,yolov8l_bsz4.ms,105.50,103.75,209.25,0.500,Mid (Meeting),5.23,18.09,366.16,3770.00,11499.37,840.92,,0,100,34.00,-80,4409453,-352756.24,2,fused
143556,000000143556.jpg,480x640,1,0.999999,1,1,TP,yolov8l_bsz4.ms,109.50,113.50,223.00,0.500,Mid (Meeting),5.20,18.09,366.13,3775.00,11499.37,845.77,,0,100,34.00,-72,4409848,-317509.06,2,fused
281754,000000281754.jpg,419x640,1,0.999999,1,1,TP,yolov8l_bsz4.ms,109.50,113.50,223.00,0.500,Mid (Meeting),5.20,18.09,366.13,3775.00,11499.37,845.77,,0,100,34.00,-72,4409848,-317509.06,2,fused
341973,000000341973.jpg,500x375,1,0.999999,1,1,TP,yolov8l_bsz4.ms,109.50,113.50,223.00,0.500,Mid (Meeting),5.20,18.09,366.13,3775.00,11499.37,845.77,,0,100,34.00,-72,4409848,-317509.06,2,fused
334417,000000334417.jpg,640x423,1,0.999999,1,1,TP,yolov8l_bsz4.ms,109.50,113.50,223.00,0.500,Mid (Meeting),5.20,18.09,366.13,3775.00,11499.37,845.77,,0,100,34.00,-72,4409848,-317509.06,2,fused
92939,000000092939.jpg,424x640,1,0.999999,1,1,TP,yolov8l_bsz4.ms,108.25,112.00,220.25,0.500,Mid (Meeting),5.22,18.09,346.47,3785.00,11499.37,853.67,,0,100,34.00,-124,4408115,-546606.26,2,fused
79969,000000079969.jpg,426x640,1,0.999999,1,1,TP,yolov8l_bsz4.ms,108.25,112.00,220.25,0.500,Mid (Meeting),5.22,18.09,346.47,3785.00,11499.37,853.67,,0,100,34.00,-124,4408115,-546606.26,2,fused
345356,000000345356.jpg,640x480,1,0.999999,1,1,TP,yolov8l_bsz4.ms,108.25,112.00,220.25,0.500,Mid (Meeting),5.22,18.09,346.47,3785.00,11499.37,853.67,,0,100,34.00,-124,4408115,-546606.26,2,fused
496854,000000496854.jpg,640x480,1,0.999999,1,1,TP,yolov8l_bsz4.ms,108.25,112.00,220.25,0.500,Mid (Meeting),5.22,18.09,346.47,3785.00,11499.37,853.67,,0,100,34.00,-124,4408115,-546606.26,2,fused
368752,000000368752.jpg,480x640,1,0.999999,1,1,TP,yolov8l_bsz4.ms,108.00,100.50,208.50,0.500,Mid (Meeting),5.21,17.52,294.01,3843.00,11499.37,910.38,,0,100,34.00,-93,4409102,-410046.49,2,fused
333745,000000333745.jpg,427x640,1,0.999999,1,1,TP,yolov8l_bsz4.ms,108.00,100.50,208.50,0.500,Mid (Meeting),5.21,17.52,294.01,3843.00,11499.37,910.38,,0,100,34.00,-93,4409102,-410046.49,2,fused
439180,000000439180.jpg,640x360,1,0.999999,1,1,TP,yolov8l_bsz4.ms,108.00,100.50,208.50,0.500,Mid (Meeting),5.21,17.52,294.01,3843.00,11499.37,910.38,,0,100,34.00,-93,4409102,-410046.49,2,fused
171382,000000171382.jpg,640x426,1,0.999999,1,1,TP,yolov8l_bsz4.ms,108.00,100.50,208.50,0.500,Mid (Meeting),5.21,17.52,294.01,3843.00,11499.37,910.38,,0,100,34.00,-93,4409102,-410046.49,2,fused
85157,000000085157.jpg,640x480,1,0.999999,1,1,TP,yolov8l_bsz4.ms,108.25,105.75,214.00,0.500,Mid (Meeting),5.17,17.52,368.69,3762.00,11499.37,828.06,,0,100,34.00,-77,4409858,-339559.07,2,fused
391140,000000391140.jpg,640x480,1,0.999999,1,1,TP,yolov8l_bsz4.ms,108.25,105.75,214.00,0.500,Mid (Meeting),5.17,17.52,368.69,3762.00,11499.37,828.06,,0,100,34.00,-77,4409858,-339559.07,2,fused
329323,000000329323.jpg,425x640,1,0.999998,1,1,TP,yolov8l_bsz4.ms,108.25,105.75,214.00,0.500,Mid (Meeting),5.17,17.52,368.69,3762.00,11499.37,828.06,,0,100,34.00,-77,4409858,-339559.07,2,fused
183716,000000183716.jpg,353x500,1,0.999998,1,1,TP,yolov8l_bsz4.ms,108.25,105.75,214.00,0.500,Mid (Meeting),5.17,17.52,368.69,3762.00,11499.37,828.06,,0,100,34.00,-77,4409858,-339559.07,2,fused
301563,000000301563.jpg,640x428,1,0.999998,1,1,TP,yolov8l_bsz4.ms,113.25,102.25,215.50,0.500,Mid (Meeting),8.37,21.56,365.21,3775.00,11499.37,839.48,,0,100,34.00,-75,4409912,-330743.40,2,fused
58350,000000058350.jpg,640x480,1,0.999998,1,1,TP,yolov8l_bsz4.ms,113.25,102.25,215.50,0.500,Mid (Meeting),8.37,21.56,365.21,3775.00,11499.37,839.48,,0,100,34.00,-75,4409912,-330743.40,2,fused
290248,000000290248.jpg,640x480,1,0.999998,1,1,TP,yolov8l_bsz4.ms,113.25,102.25,215.50,0.500,Mid (Meeting),8.37,21.56,365.21,3775.00,11499.37,839.48,,0,100,34.00,-75,4409912,-330743.40,2,fused
532058,000000532058.jpg,640x480,1,0.999998,1,1,TP,yolov8l_bsz4.ms,113.25,102.25,215.50,0.500,Mid (Meeting),8.37,21.56,365.21,3775.00,11499.37,839.48,,0,100,34.00,-75,4409912,-330743.40,2,fused
183648,000000183648.jpg,640x428,1,0.999998,1,1,TP,yolov8l_bsz4.ms,107.25,110.00,217.25,0.500,Mid (Meeting),5.88,21.56,344.70,3797.00,11499.37,863.88,,0,100,34.00,-76,4409675,-335135.30,2,fused
414034,000000414034.jpg,640x480,1,0.999998,1,1,TP,yolov8l_bsz4.ms,107.25,110.00,217.25,0.500,Mid (Meeting),5.88,21.56,344.70,3797.00,11499.37,863.88,,0,100,34.00,-76,4409675,-335135.30,2,fused
69356,000000069356.jpg,640x505,1,0.999998,1,1,TP,yolov8l_bsz4.ms,107.25,110.00,217.25,0.500,Mid (Meeting),5.88,21.56,344.70,3797.00,11499.37,863.88,,0,100,34.00,-76,4409675,-335135.30,2,fused
139099,000000139099.jpg,640x453,1,0.999998,1,1,TP,yolov8l_bsz4.ms,107.25,110.00,217.25,0.500,Mid (Meeting),5.88,21.56,344.70,3797.00,11499.37,863.88,,0,100,34.00,-76,4409675,-335135.30,2,fused
140270,000000140270.jpg,600x400,1,0.999998,1,1,TP,yolov8l_bsz4.ms,108.25,107.25,215.50,0.500,Mid (Meeting),5.42,21.56,290.78,3841.00,11499.37,906.00,,0,100,34.00,-125,4407777,-550972.13,2,fused
342128,000000342128.jpg,488x640,1,0.999998,1,1,TP,yolov8l_bsz4.ms,108.25,107.25,215.50,0.500,Mid (Meeting),5.42,21.56,290.78,3841.00,11499.37,906.00,,0,100,34.00,-125,4407777,-550972.13,2,fused
104424,000000104424.jpg,424x640,1,0.999998,1,1,TP,yolov8l_bsz4.ms,108.25,107.25,215.50,0.500,Mid (Meeting),5.42,21.56,290.78,3841.00,11499.37,906.00,,0,100,34.00,-125,4407777,-550972.13,2,fused
132931,000000132931.jpg,640x427,1,0.999998,1,1,TP,yolov8l_bsz4.ms,108.25,107.25,215.50,0.500,Mid (Meeting),5.42,21.56,290.78,3841.00,11499.37,906.00,,0,100,34.00,-125,4407777,-550972.13,2,fused
264968,000000264968.jpg,334x500,1,0.999998,1,1,TP,yolov8l_bsz4.ms,108.25,96.00,204.25,0.500,Mid (Meeting),5.20,17.01,366.37,3769.00,11499.37,834.55,,0,100,34.00,-89,4409293,-392427.08,2,fused
117744,000000117744.jpg,359x640,1,0.999998,1,1,TP,yolov8l_bsz4.ms,108.25,96.00,204.25,0.500,Mid (Meeting),5.20,17.01,366.37,3769.00,11499.37,834.55,,0,100,34.00,-89,4409293,-392427.08,2,fused
41990,000000041990.jpg,640x480,1,0.999998,1,1,TP,yolov8l_bsz4.ms,108.25,96.00,204.25,0.500,Mid (Meeting),5.20,17.01,366.37,3769.00,11499.37,834.55,,0,100,34.00,-89,4409293,-392427.08,2,fused
22935,000000022935.jpg,640x480,1,0.999998,1,1,TP,yolov8l_bsz4.ms,108.25,96.00,204.25,0.500,Mid (Meeting),5.20,17.01,366.37,3769.00,11499.37,834.55,,0,100,34.00,-89,4409293,-392427.08,2,fused
170613,000000170613.jpg,439x640,1,0.999998,1,1,TP,yolov8l_bsz4.ms,110.50,113.25,223.75,0.500,Mid (Meeting),5.23,17.01,366.25,3767.00,11499.37,827.16,,0,100,34.00,-83,4409431,-365982.77,2,fused
156924,000000156924.jpg,500x333,1,0.999998,1,1,TP,yolov8l_bsz4.ms,110.50,113.25,223.75,0.500,Mid (Meeting),5.23,17.01,366.25,3767.00,11499.37,827.16,,0,100,34.00,-83,4409431,-365982.77,2,fused
439773,000000439773.jpg,640x480,1,0.999998,1,1,TP,yolov8l_bsz4.ms,110.50,113.25,223.75,0.500,Mid (Meeting),5.23,17.01,366.25,3767.00,11499.37,827.16,,0,100,34.00,-83,4409431,-365982.77,2,fused
441543,000000441543.jpg,640x403,1,0.999998,1,1,TP,yolov8l_bsz4.ms,110.50,113.25,223.75,0.500,Mid (Meeting),5.23,17.01,366.25,3767.00,11499.37,827.16,,0,100,34.00,-83,4409431,-365982.77,2,fused
117492,000000117492.jpg,640x428,1,0.999998,1,1,TP,yolov8l_bsz4.ms,108.00,128.00,236.00,0.500,Mid (Meeting),5.24,17.12,344.37,3794.00,11499.37,853.52,,0,100,34.00,-78,4409729,-343958.86,2,fused
156071,000000156071.jpg,640x480,1,0.999998,1,1,TP,yolov8l_bsz4.ms,108.00,128.00,236.00,0.500,Mid (Meeting),5.24,17.12,344.37,3794.00,11499.37,853.52,,0,100,34.00,-78,4409729,-343958.86,2,fused
257478,000000257478.jpg,500x398,1,0.999998,1,1,TP,yolov8l_bsz4.ms,108.00,128.00,236.00,0.500,Mid (Meeting),5.24,17.12,344.37,3794.00,11499.37,853.52,,0,100,34.00,-78,4409729,-343958.86,2,fused
540414,000000540414.jpg,640x480,1,0.999998,1,1,TP,yolov8l_bsz4.ms,108.00,128.00,236.00,0.500,Mid (Meeting),5.24,17.12,344.37,3794.00,11499.37,853.52,,0,100,34.00,-78,4409729,-343958.86,2,fused
6471,000000006471.jpg,500x333,1,0.999998,1,1,TP,yolov8l_bsz4.ms,108.25,111.00,219.25,0.500,Mid (Meeting),5.22,17.12,290.00,3842.00,11499.37,900.38,,0,100,34.00,-78,4409758,-343961.12,2,fused
313034,000000313034.jpg,640x480,1,0.999998,1,1,TP,yolov8l_bsz4.ms,108.25,111.00,219.25,0.500,Mid (Meeting),5.22,17.12,290.00,3842.00,11499.37,900.38,,0,100,34.00,-78,4409758,-343961.12,2,fused
98853,000000098853.jpg,427x640,1,0.999998,1,1,TP,yolov8l_bsz4.ms,108.25,111.00,219.25,0.500,Mid (Meeting),5.22,17.12,290.00,3842.00,11499.37,900.38,,0,100,34.00,-78,4409758,-343961.12,2,fused
481390,000000481390.jpg,640x480,1,0.999997,1,1,TP,yolov8l_bsz4.ms,108.25,111.00,219.25,0.500,Mid (Meeting),5.22,17.12,290.00,3842.00,11499.37,900.38,,0,100,34.00,-78,4409758,-343961.12,2,fused
441286,000000441286.jpg,640x493,1,0.999997,1,1,TP,yolov8l_bsz4.ms,105.75,113.25,219.00,0.500,Mid (Meeting),5.20,17.35,368.51,3768.00,11499.37,825.83,,0,100,34.00,-73,4409879,-321921.17,2,fused
162415,000000162415.jpg,536x640,1,0.999997,1,1,TP,yolov8l_bsz4.ms,105.75,113.25,219.00,0.500,Mid (Meeting),5.20,17.35,368.51,3768.00,11499.37,825.83,,0,100,34.00,-73,4409879,-321921.17,2,fused
434459,000000434459.jpg,640x457,1,0.999997,1,1,TP,yolov8l_bsz4.ms,105.75,113.25,219.00,0.500,Mid (Meeting),5.20,17.35,368.51,3768.00,11499.37,825.83,,0,100,34.00,-73,4409879,-321921.17,2,fused
87476,000000087476.jpg,427x640,1,0.999997,1,1,TP,yolov8l_bsz4.ms,105.75,113.25,219.00,0.500,Mid (Meeting),5.20,17.35,368.51,3768.00,11499.37,825.83,,0,100,34.00,-73,4409879,-321921.17,2,fused
517056,000000517056.jpg,640x480,1,0.999997,1,1,TP,yolov8l_bsz4.ms,110.25,103.25,213.50,0.500,Mid (Meeting),5.15,17.35,368.84,3758.00,11499.37,813.38,,0,100,34.00,-73,4409878,-321921.09,2,fused
5193,000000005193.jpg,640x425,1,0.999997,1,1,TP,yolov8l_bsz4.ms,110.25,103.25,213.50,0.500,Mid (Meeting),5.15,17.35,368.84,3758.00,11499.37,813.38,,0,100,34.00,-73,4409878,-321921.09,2,fused
320743,000000320743.jpg,640x360,1,0.999997,1,1,TP,yolov8l_bsz4.ms,110.25,103.25,213.50,0.500,Mid (Meeting),5.15,17.35,368.84,3758.00,11499.37,813.38,,0,100,34.00,-73,4409878,-321921.09,2,fused
12639,000000012639.jpg,480x640,1,0.999997,1,1,TP,yolov8l_bsz4.ms,110.25,103.25,213.50,0.500,Mid (Meeting),5.15,17.35,368.84,3758.00,11499.37,813.38,,0,100,34.00,-73,4409878,-321921.09,2,fused
58539,000000058539.jpg,640x421,1,0.999997,1,1,TP,yolov8l_bsz4.ms,108.25,115.50,223.75,0.500,Mid (Meeting),5.19,17.35,346.78,3784.00,11499.37,838.22,,0,100,34.00,-86,4409347,-379203.84,2,fused
489611,000000489611.jpg,640x622,1,0.999997,1,1,TP,yolov8l_bsz4.ms,108.25,115.50,223.75,0.500,Mid (Meeting),5.19,17.35,346.78,3784.00,11499.37,838.22,,0,100,34.00,-86,4409347,-379203.84,2,fused
297353,000000297353.jpg,640x640,1,0.999997,1,1,TP,yolov8l_bsz4.ms,108.25,115.50,223.75,0.500,Mid (Meeting),5.19,17.35,346.78,3784.00,11499.37,838.22,,0,100,34.00,-86,4409347,-379203.84,2,fused
24243,000000024243.jpg,640x480,1,0.999997,1,1,TP,yolov8l_bsz4.ms,108.25,115.50,223.75,0.500,Mid (Meeting),5.19,17.35,346.78,3784.00,11499.37,838.22,,0,100,34.00,-86,4409347,-379203.84,2,fused
403122,000000403122.jpg,427x640,1,0.999997,1,1,TP,yolov8l_bsz4.ms,108.25,109.25,217.50,0.500,Mid (Meeting),5.18,17.62,301.99,3820.00,11499.37,874.76,,0,100,34.00,-78,4409570,-343946.46,3,fused
328238,000000328238.jpg,640x426,1,0.999997,1,1,TP,yolov8l_bsz4.ms,108.25,109.25,217.50,0.500,Mid (Meeting),5.18,17.62,301.99,3820.00,11499.37,874.76,,0,100,34.00,-78,4409570,-343946.46,3,fused
431545,000000431545.jpg,500x334,1,0.999997,1,1,TP,yolov8l_bsz4.ms,108.25,109.25,217.50,0.500,Mid (Meeting),5.18,17.62,301.99,3820.00,11499.37,874.76,,0,100,34.00,-78,4409570,-343946.46,3,fused
303653,000000303653.jpg,640x426,1,0.999997,1,1,TP,yolov8l_bsz4.ms,108.25,109.25,217.50,0.500,Mid (Meeting),5.18,17.62,301.99,3820.00,11499.37,874.76,,0,100,34.00,-78,4409570,-343946.46,3,fused
343453,000000343453.jpg,640x480,1,0.999997,1,1,TP,yolov8l_bsz4.ms,108.00,106.75,214.75,0.500,Mid (Meeting),8.68,17.62,367.89,3765.00,11499.37,814.07,,0,100,34.00,-86,4409403,-379208.66,3,fused
109313,000000109313.jpg,480x640,1,0.999997,1,1,TP,yolov8l_bsz4.ms,108.00,106.75,214.75,0.500,Mid (Meeting),8.68,17.62,367.89,3765.00,11499.37,814.07,,0,100,34.00,-86,4409403,-379208.66,3,fused
118921,000000118921.jpg,640x427,1,0.999996,1,1,TP,yolov8l_bsz4.ms,108.00,106.75,214.75,0.500,Mid (Meeting),8.68,17.62,367.89,3765.00,11499.37,814.07,,0,100,34.00,-86,4409403,-379208.66,3,fused
406611,000000406611.jpg,640x480,1,0.999996,1,1,TP,yolov8l_bsz4.ms,108.00,106.75,214.75,0.500,Mid (Meeting),8.68,17.62,367.89,3765.00,11499.37,814.07,,0,100,34.00,-86,4409403,-379208.66,3,fused
329456,000000329456.jpg,640x427,1,0.999996,1,1,TP,yolov8l_bsz4.ms,109.50,105.25,214.75,0.500,Mid (Meeting),6.00,17.47,367.38,3748.00,11499.37,794.66,,0,100,34.00,-76,4409434,-335116.98,3,fused
201072,000000201072.jpg,411x640,1,0.999996,1,1,TP,yolov8l_bsz4.ms,109.50,105.25,214.75,0.500,Mid (Meeting),6.00,17.47,367.38,3748.00,11499.37,794.66,,0,100,34.00,-76,4409434,-335116.98,3,fused
97278,000000097278.jpg,457x640,1,0.999996,1,1,TP,yolov8l_bsz4.ms,109.50,105.25,214.75,0.500,Mid (Meeting),6.00,17.47,367.38,3748.00,11499.37,794.66,,0,100,34.00,-76,4409434,-335116.98,3,fused
2261,000000002261.jpg,640x427,1,0.999996,1,1,TP,yolov8l_bsz4.ms,109.50,105.25,214.75,0.500,Mid (Meeting),6.00,17.47,367.38,3748.00,11499.37,794.66,,0,100,34.00,-76,4409434,-335116.98,3,fused
14439,000000014439.jpg,640x404,1,0.999996,1,1,TP,yolov8l_bsz4.ms,108.00,106.25,214.25,0.500,Mid (Meeting),5.55,17.47,344.74,3774.00,11499.37,820.45,,0,100,34.00,-77,4409557,-339535.89,3,fused
125936,000000125936.jpg,500x327,1,0.999996,1,1,TP,yolov8l_bsz4.ms,108.00,106.25,214.25,0.500,Mid (Meeting),5.55,17.47,344.74,3774.00,11499.37,820.45,,0,100,34.00,-77,4409557,-339535.89,3,fused
213547,000000213547.jpg,480x640,1,0.999996,1,1,TP,yolov8l_bsz4.ms,108.00,106.25,214.25,0.500,Mid (Meeting),5.55,17.47,344.74,3774.00,11499.37,820.45,,0,100,34.00,-77,4409557,-339535.89,3,fused
201418,000000201418.jpg,500x375,1,0.999996,1,1,TP,yolov8l_bsz4.ms,108.00,106.25,214.25,0.500,Mid (Meeting),5.55,17.47,344.74,3774.00,11499.37,820.45,,0,100,34.00,-77,4409557,-339535.89,3,fused
196141,000000196141.jpg,640x429,1,0.999996,1,1,TP,yolov8l_bsz4.ms,108.25,104.25,212.50,0.500,Mid (Meeting),5.56,17.47,304.90,3820.00,11499.37,865.00,,0,100,34.00,-129,4407538,-568572.40,3,fused
113720,000000113720.jpg,640x426,1,0.999996,1,1,TP,yolov8l_bsz4.ms,108.25,104.25,212.50,0.500,Mid (Meeting),5.56,17.47,304.90,3820.00,11499.37,865.00,,0,100,34.00,-129,4407538,-568572.40,3,fused
210230,000000210230.jpg,640x457,1,0.999996,1,1,TP,yolov8l_bsz4.ms,108.25,104.25,212.50,0.500,Mid (Meeting),5.56,17.47,304.90,3820.00,11499.37,865.00,,0,100,34.00,-129,4407538,-568572.40,3,fused
174371,000000174371.jpg,640x511,1,0.999996,1,1,TP,yolov8l_bsz4.ms,108.25,104.25,212.50,0.500,Mid (Meeting),5.56,17.47,304.90,3820.00,11499.37,865.00,,0,100,34.00,-129,4407538,-568572.40,3,fused
132544,000000132544.jpg,640x427,1,0.999996,1,1,TP,yolov8l_bsz4.ms,108.25,106.00,214.25,0.500,Mid (Meeting),5.33,18.71,370.06,3749.00,11499.37,792.27,,0,100,34.00,-78,4409489,-343940.14,3,fused
122962,000000122962.jpg,640x424,1,0.999996,1,1,TP,yolov8l_bsz4.ms,108.25,106.00,214.25,0.500,Mid (Meeting),5.33,18.71,370.06,3749.00,11499.37,792.27,,0,100,34.00,-78,4409489,-343940.14,3,fused
546219,000000546219.jpg,640x427,1,0.999996,1,1,TP,yolov8l_bsz4.ms,108.25,106.00,214.25,0.500,Mid (Meeting),5.33,18.71,370.06,3749.00,11499.37,792.27,,0,100,34.00,-78,4409489,-343940.14,3,fused
325991,000000325991.jpg,500x334,1,0.999996,1,1,TP,yolov8l_bsz4.ms,108.25,106.00,214.25,0.500,Mid (Meeting),5.33,18.71,370.06,3749.00,11499.37,792.27,,0,100,34.00,-78,4409489,-343940.14,3,fused
184324,000000184324.jpg,640x425,1,0.999996,1,1,TP,yolov8l_bsz4.ms,109.00,104.50,213.50,0.500,Mid (Meeting),5.29,18.71,361.95,3759.00,11499.37,802.12,,0,100,34.00,-75,4409689,-330726.67,3,fused
279278,000000279278.jpg,640x429,1,0.999996,1,1,TP,yolov8l_bsz4.ms,109.00,104.50,213.50,0.500,Mid (Meeting),5.29,18.71,361.95,3759.00,11499.37,802.12,,0,100,34.00,-75,4409689,-330726.67,3,fused
110449,000000110449.jpg,500x375,1,0.999996,1,1,TP,yolov8l_bsz4.ms,109.00,104.50,213.50,0.500,Mid (Meeting),5.29,18.71,361.95,3759.00,11499.37,802.12,,0,100,34.00,-75,4409689,-330726.67,3,fused
33005,000000033005.jpg,640x426,1,0.999996,1,1,TP,yolov8l_bsz4.ms,109.00,104.50,213.50,0.500,Mid (Meeting),5.29,18.71,361.95,3759.00,11499.37,802.12,,0,100,34.00,-75,4409689,-330726.67,3,fused
547336,000000547336.jpg,640x480,1,0.999996,1,1,TP,yolov8l_bsz4.ms,107.75,105.50,213.25,0.500,Mid (Meeting),5.33,19.36,345.08,3778.00,11499.37,818.09,,0,100,34.00,-77,4409712,-339547.82,3,fused
34139,000000034139.jpg,640x480,1,0.999995,1,1,TP,yolov8l_bsz4.ms,107.75,105.50,213.25,0.500,Mid (Meeting),5.33,19.36,345.08,3778.00,11499.37,818.09,,0,100,34.00,-77,4409712,-339547.82,3,fused
326248,000000326248.jpg,640x427,1,0.999995,1,1,TP,yolov8l_bsz4.ms,107.75,105.50,213.25,0.500,Mid (Meeting),5.33,19.36,345.08,3778.00,11499.37,818.09,,0,100,34.00,-77,4409712,-339547.82,3,fused
25393,000000025393.jpg,640x480,1,0.999995,1,1,TP,yolov8l_bsz4.ms,107.75,105.50,213.25,0.500,Mid (Meeting),5.33,19.36,345.08,3778.00,11499.37,818.09,,0,100,34.00,-77,4409712,-339547.82,3,fused
409211,000000409211.jpg,640x427,1,0.999995,1,1,TP,yolov8l_bsz4.ms,107.75,98.25,206.00,0.500,Mid (Meeting),5.27,19.36,290.06,3838.00,11499.37,877.02,,0,100,34.00,-129,4407515,-568569.44,3,fused
44877,000000044877.jpg,640x427,1,0.999995,1,1,TP,yolov8l_bsz4.ms,107.75,98.25,206.00,0.500,Mid (Meeting),5.27,19.36,290.06,3838.00,11499.37,877.02,,0,100,34.00,-129,4407515,-568569.44,3,fused
293200,000000293200.jpg,640x427,1,0.999995,1,1,TP,yolov8l_bsz4.ms,107.75,98.25,206.00,0.500,Mid (Meeting),5.27,19.36,290.06,3838.00,11499.37,877.02,,0,100,34.00,-129,4407515,-568569.44,3,fused
374083,000000374083.jpg,426x640,1,0.999995,1,1,TP,yolov8l_bsz4.ms,107.75,98.25,206.00,0.500,Mid (Meeting),5.27,19.36,290.06,3838.00,11499.37,877.02,,0,100,34.00,-129,4407515,-568569.44,3,fused
457884,000000457884.jpg,640x458,1,0.999995,1,1,TP,yolov8l_bsz4.ms,106.75,109.00,215.75,0.500,Mid (Meeting),5.20,19.36,367.36,3751.00,11499.37,787.71,,0,100,35.00,-98,4408692,-432051.82,3,fused
556193,000000556193.jpg,500x333,1,0.999995,1,1,TP,yolov8l_bsz4.ms,106.75,109.00,215.75,0.500,Mid (Meeting),5.20,19.36,367.36,3751.00,11499.37,787.71,,0,100,35.00,-98,4408692,-432051.82,3,fused
468632,000000468632.jpg,640x479,1,0.999995,1,1,TP,yolov8l_bsz4.ms,106.75,109.00,215.75,0.500,Mid (Meeting),5.20,19.36,367.36,3751.00,11499.37,787.71,,0,100,35.00,-98,4408692,-432051.82,3,fused
296657,000000296657.jpg,640x427,1,0.999995,1,1,TP,yolov8l_bsz4.ms,106.75,109.00,215.75,0.500,Mid (Meeting),5.20,19.36,367.36,3751.00,11499.37,787.71,,0,100,35.00,-98,4408692,-432051.82,3,fused
200421,000000200421.jpg,640x480,1,0.999995,1,1,TP,yolov8l_bsz4.ms,108.75,114.75,223.50,0.500,Mid (Meeting),5.19,19.27,364.29,3760.00,11499.37,795.27,,0,100,35.00,-85,4409274,-374788.29,3,fused
507037,000000507037.jpg,640x480,1,0.999995,1,1,TP,yolov8l_bsz4.ms,108.75,114.75,223.50,0.500,Mid (Meeting),5.19,19.27,364.29,3760.00,11499.37,795.27,,0,100,35.00,-85,4409274,-374788.29,3,fused
288685,000000288685.jpg,640x436,1,0.999995,1,1,TP,yolov8l_bsz4.ms,108.75,114.75,223.50,0.500,Mid (Meeting),5.19,19.27,364.29,3760.00,11499.37,795.27,,0,100,35.00,-85,4409274,-374788.29,3,fused
299887,000000299887.jpg,640x480,1,0.999995,1,1,TP,yolov8l_bsz4.ms,108.75,114.75,223.50,0.500,Mid (Meeting),5.19,19.27,364.29,3760.00,11499.37,795.27,,0,100,35.00,-85,4409274,-374788.29,3,fused
9400,000000009400.jpg,640x480,1,0.999995,1,1,TP,yolov8l_bsz4.ms,107.75,112.75,220.50,0.500,Mid (Meeting),5.22,19.27,345.28,3769.00,11499.37,803.14,,0,100,35.00,-76,4409305,-335107.18,3,fused
420281,000000420281.jpg,480x640,1,0.999994,1,1,TP,yolov8l_bsz4.ms,107.75,112.75,220.50,0.500,Mid (Meeting),5.22,19.27,345.28,3769.00,11499.37,803.14,,0,100,35.00,-76,4409305,-335107.18,3,fused
519688,000000519688.jpg,521x640,1,0.999994,1,1,TP,yolov8l_bsz4.ms,107.75,112.75,220.50,0.500,Mid (Meeting),5.22,19.27,345.28,3769.00,11499.37,803.14,,0,100,35.00,-76,4409305,-335107.18,3,fused
448256,000000448256.jpg,640x426,1,0.999994,1,1,TP,yolov8l_bsz4.ms,107.75,112.75,220.50,0.500,Mid (Meeting),5.22,19.27,345.28,3769.00,11499.37,803.14,,0,100,35.00,-76,4409305,-335107.18,3,fused
537827,000000537827.jpg,640x400,1,0.999994,1,1,TP,yolov8l_bsz4.ms,108.25,100.25,208.50,0.500,Mid (Meeting),8.83,23.08,288.26,3833.00,11499.37,865.48,,0,100,35.00,-90,4408924,-396803.16,3,fused
468501,000000468501.jpg,500x375,1,0.999994,1,1,TP,yolov8l_bsz4.ms,108.25,100.25,208.50,0.500,Mid (Meeting),8.83,23.08,288.26,3833.00,11499.37,865.48,,0,100,35.00,-90,4408924,-396803.16,3,fused
492110,000000492110.jpg,640x427,1,0.999994,1,1,TP,yolov8l_bsz4.ms,108.25,100.25,208.50,0.500,Mid (Meeting),8.83,23.08,288.26,3833.00,11499.37,865.48,,0,100,35.00,-90,4408924,-396803.16,3,fused
25394,000000025394.jpg,480x640,1,0.999994,1,1,TP,yolov8l_bsz4.ms,108.25,100.25,208.50,0.500,Mid (Meeting),8.83,23.08,288.26,3833.00,11499.37,865.48,,0,100,35.00,-90,4408924,-396803.16,3,fused
410496,000000410496.jpg,427x640,1,0.999994,1,1,TP,yolov8l_bsz4.ms,109.00,111.00,220.00,0.500,Mid (Meeting),5.35,23.08,366.61,3740.00,11499.37,773.60,,0,100,35.00,-73,4409502,-321893.65,3,fused
370375,000000370375.jpg,427x640,1,0.999994,1,1,TP,yolov8l_bsz4.ms,109.00,111.00,220.00,0.500,Mid (Meeting),5.35,23.08,366.61,3740.00,11499.37,773.60,,0,100,35.00,-73,4409502,-321893.65,3,fused
204186,000000204186.jpg,640x513,1,0.999994,1,1,TP,yolov8l_bsz4.ms,109.00,111.00,220.00,0.500,Mid (Meeting),5.35,23.08,366.61,3740.00,11499.37,773.60,,0,100,35.00,-73,4409502,-321893.65,3,fused
394559,000000394559.jpg,426x640,1,0.999994,1,1,TP,yolov8l_bsz4.ms,109.00,111.00,220.00,0.500,Mid (Meeting),5.35,23.08,366.61,3740.00,11499.37,773.60,,0,100,35.00,-73,4409502,-321893.65,3,fused
163746,000000163746.jpg,640x488,1,0.999994,1,1,TP,yolov8l_bsz4.ms,109.00,118.00,227.00,0.500,Mid (Meeting),5.42,23.08,364.74,3759.00,11499.37,790.71,,0,100,35.00,-101,4408658,-445274.46,3,fused
212800,000000212800.jpg,640x427,1,0.999994,1,1,TP,yolov8l_bsz4.ms,109.00,118.00,227.00,0.500,Mid (Meeting),5.42,23.08,364.74,3759.00,11499.37,790.71,,0,100,35.00,-101,4408658,-445274.46,3,fused
422886,000000422886.jpg,640x640,1,0.999994,1,1,TP,yolov8l_bsz4.ms,109.00,118.00,227.00,0.500,Mid (Meeting),5.42,23.08,364.74,3759.00,11499.37,790.71,,0,100,35.00,-101,4408658,-445274.46,3,fused
320490,000000320490.jpg,640x426,1,0.999994,1,1,TP,yolov8l_bsz4.ms,109.00,118.00,227.00,0.500,Mid (Meeting),5.42,23.08,364.74,3759.00,11499.37,790.71,,0,100,35.00,-101,4408658,-445274.46,3,fused
231580,000000231580.jpg,640x480,1,0.999994,1,1,TP,yolov8l_bsz4.ms,108.00,104.50,212.50,0.500,Mid (Meeting),5.29,19.86,342.24,3813.00,11499.37,845.19,,0,100,35.00,-86,4408972,-379171.59,3,fused
561223,000000561223.jpg,640x427,1,0.999994,1,1,TP,yolov8l_bsz4.ms,108.00,104.50,212.50,0.500,Mid (Meeting),5.29,19.86,342.24,3813.00,11499.37,845.19,,0,100,35.00,-86,4408972,-379171.59,3,fused
86956,000000086956.jpg,480x640,1,0.999994,1,1,TP,yolov8l_bsz4.ms,108.00,104.50,212.50,0.500,Mid (Meeting),5.29,19.86,342.24,3813.00,11499.37,845.19,,0,100,35.00,-86,4408972,-379171.59,3,fused
3934,000000003934.jpg,375x500,1,0.999993,1,1,TP,yolov8l_bsz4.ms,108.00,104.50,212.50,0.500,Mid (Meeting),5.29,19.86,342.24,3813.00,11499.37,845.19,,0,100,35.00,-86,4408972,-379171.59,3,fused
6954,000000006954.jpg,640x480,1,0.999993,1,1,TP,yolov8l_bsz4.ms,108.00,106.75,214.75,0.500,Mid (Meeting),5.22,19.86,289.16,3856.00,11499.37,886.69,,0,100,35.00,-132,4407264,-581758.85,3,fused
316404,000000316404.jpg,640x445,1,0.999993,1,1,TP,yolov8l_bsz4.ms,108.00,106.75,214.75,0.500,Mid (Meeting),5.22,19.86,289.16,3856.00,11499.37,886.69,,0,100,35.00,-132,4407264,-581758.85,3,fused
47585,000000047585.jpg,424x640,1,0.999993,1,1,TP,yolov8l_bsz4.ms,108.00,106.75,214.75,0.500,Mid (Meeting),5.22,19.86,289.16,3856.00,11499.37,886.69,,0,100,35.00,-132,4407264,-581758.85,3,fused
519208,000000519208.jpg,640x406,1,0.999993,1,1,TP,yolov8l_bsz4.ms,108.00,106.75,214.75,0.500,Mid (Meeting),5.22,19.86,289.16,3856.00,11499.37,886.69,,0,100,35.00,-132,4407264,-581758.85,3,fused
18380,000000018380.jpg,640x426,1,0.999993,1,1,TP,yolov8l_bsz4.ms,107.00,100.50,207.50,0.500,Mid (Meeting),5.16,19.76,366.71,3784.00,11499.37,813.51,,0,100,35.00,-91,4408521,-401175.41,3,fused
448076,000000448076.jpg,640x480,1,0.999992,1,1,TP,yolov8l_bsz4.ms,107.00,100.50,207.50,0.500,Mid (Meeting),5.16,19.76,366.71,3784.00,11499.37,813.51,,0,100,35.00,-91,4408521,-401175.41,3,fused
885,000000000885.jpg,640x427,1,0.999992,1,1,TP,yolov8l_bsz4.ms,107.00,100.50,207.50,0.500,Mid (Meeting),5.16,19.76,366.71,3784.00,11499.37,813.51,,0,100,35.00,-91,4408521,-401175.41,3,fused
404805,000000404805.jpg,640x427,1,0.999992,1,1,TP,yolov8l_bsz4.ms,107.00,100.50,207.50,0.500,Mid (Meeting),5.16,19.76,366.71,3784.00,11499.37,813.51,,0,100,35.00,-91,4408521,-401175.41,3,fused
201426,000000201426.jpg,640x490,1,0.999992,1,1,TP,yolov8l_bsz4.ms,108.75,106.00,214.75,0.500,Mid (Meeting),5.12,19.76,362.85,3781.00,11499.37,809.57,,0,100,35.00,-79,4409276,-348332.80,3,fused
339823,000000339823.jpg,484x640,1,0.999992,1,1,TP,yolov8l_bsz4.ms,108.75,106.00,214.75,0.500,Mid (Meeting),5.12,19.76,362.85,3781.00,11499.37,809.57,,0,100,35.00,-79,4409276,-348332.80,3,fused
324258,000000324258.jpg,640x480,1,0.999992,1,1,TP,yolov8l_bsz4.ms,108.75,106.00,214.75,0.500,Mid (Meeting),5.12,19.76,362.85,3781.00,11499.37,809.57,,0,100,35.00,-79,4409276,-348332.80,3,fused
160864,000000160864.jpg,640x389,1,0.999992,1,1,TP,yolov8l_bsz4.ms,108.75,106.00,214.75,0.500,Mid (Meeting),5.12,19.76,362.85,3781.00,11499.37,809.57,,0,100,35.00,-79,4409276,-348332.80,3,fused
281759,000000281759.jpg,640x427,1,0.999992,1,1,TP,yolov8l_bsz4.ms,106.50,96.50,203.00,0.500,Mid (Meeting),5.14,19.76,343.51,3805.00,11499.37,832.87,,0,100,35.00,-84,4409123,-370366.33,3,fused
202339,000000202339.jpg,480x640,1,0.999992,1,1,TP,yolov8l_bsz4.ms,106.50,96.50,203.00,0.500,Mid (Meeting),5.14,19.76,343.51,3805.00,11499.37,832.87,,0,100,35.00,-84,4409123,-370366.33,3,fused
31217,000000031217.jpg,640x426,1,0.999992,1,1,TP,yolov8l_bsz4.ms,106.50,96.50,203.00,0.500,Mid (Meeting),5.14,19.76,343.51,3805.00,11499.37,832.87,,0,100,35.00,-84,4409123,-370366.33,3,fused
151820,000000151820.jpg,640x427,1,0.999992,1,1,TP,yolov8l_bsz4.ms,106.50,96.50,203.00,0.500,Mid (Meeting),5.14,19.76,343.51,3805.00,11499.37,832.87,,0,100,35.00,-84,4409123,-370366.33,3,fused
370677,000000370677.jpg,500x332,1,0.999991,1,1,TP,yolov8l_bsz4.ms,108.25,93.50,201.75,0.500,Mid (Meeting),5.09,19.46,288.76,3851.00,11499.37,875.04,,0,100,35.00,-86,4408768,-379154.05,3,fused
21167,000000021167.jpg,426x640,1,0.999991,1,1,TP,yolov8l_bsz4.ms,108.25,93.50,201.75,0.500,Mid (Meeting),5.09,19.46,288.76,3851.00,11499.37,875.04,,0,100,35.00,-86,4408768,-379154.05,3,fused
156643,000000156643.jpg,640x480,1,0.999991,1,1,TP,yolov8l_bsz4.ms,108.25,93.50,201.75,0.500,Mid (Meeting),5.09,19.46,288.76,3851.00,11499.37,875.04,,0,100,35.00,-86,4408768,-379154.05,3,fused
93437,000000093437.jpg,640x361,1,0.999991,1,1,TP,yolov8l_bsz4.ms,108.25,93.50,201.75,0.500,Mid (Meeting),5.09,19.46,288.76,3851.00,11499.37,875.04,,0,100,35.00,-86,4408768,-379154.05,3,fused
37988,000000037988.jpg,640x480,1,0.999991,1,1,TP,yolov8l_bsz4.ms,108.75,100.50,209.25,0.500,Mid (Meeting),5.07,19.46,365.48,3779.00,11499.37,803.00,,0,100,35.00,-116,4407732,-511296.91,3,fused
88345,000000088345.jpg,640x425,1,0.999991,1,1,TP,yolov8l_bsz4.ms,108.75,100.50,209.25,0.500,Mid (Meeting),5.07,19.46,365.48,3779.00,11499.37,803.00,,0,100,35.00,-116,4407732,-511296.91,3,fused
6771,000000006771.jpg,640x427,1,0.999991,1,1,TP,yolov8l_bsz4.ms,108.75,100.50,209.25,0.500,Mid (Meeting),5.07,19.46,365.48,3779.00,11499.37,803.00,,0,100,35.00,-116,4407732,-511296.91,3,fused
370270,000000370270.jpg,480x640,1,0.999991,1,1,TP,yolov8l_bsz4.ms,108.75,100.50,209.25,0.500,Mid (Meeting),5.07,19.46,365.48,3779.00,11499.37,803.00,,0,100,35.00,-116,4407732,-511296.91,3,fused
572620,000000572620.jpg,640x427,1,0.999991,1,1,TP,yolov8l_bsz4.ms,109.50,104.50,214.00,0.500,Mid (Meeting),5.04,19.46,363.58,3775.00,11499.37,797.11,,0,100,35.00,-75,4409285,-330696.38,3,fused
182611,000000182611.jpg,480x640,1,0.999991,1,1,TP,yolov8l_bsz4.ms,109.50,104.50,214.00,0.500,Mid (Meeting),5.04,19.46,363.58,3775.00,11499.37,797.11,,0,100,35.00,-75,4409285,-330696.38,3,fused
262895,000000262895.jpg,334x500,1,0.999991,1,1,TP,yolov8l_bsz4.ms,109.50,104.50,214.00,0.500,Mid (Meeting),5.04,19.46,363.58,3775.00,11499.37,797.11,,0,100,35.00,-75,4409285,-330696.38,3,fused
288584,000000288584.jpg,640x427,1,0.999991,1,1,TP,yolov8l_bsz4.ms,109.50,104.50,214.00,0.500,Mid (Meeting),5.04,19.46,363.58,3775.00,11499.37,797.11,,0,100,35.00,-75,4409285,-330696.38,3,fused
177065,000000177065.jpg,640x564,1,0.999991,1,1,TP,yolov8l_bsz4.ms,107.75,110.50,218.25,0.500,Mid (Meeting),8.33,19.12,345.40,3798.00,11499.37,818.36,,0,100,35.00,-80,4409183,-352734.64,3,fused
314264,000000314264.jpg,480x640,1,0.999991,1,1,TP,yolov8l_bsz4.ms,107.75,110.50,218.25,0.500,Mid (Meeting),8.33,19.12,345.40,3798.00,11499.37,818.36,,0,100,35.00,-80,4409183,-352734.64,3,fused
99242,000000099242.jpg,640x426,1,0.999990,1,1,TP,yolov8l_bsz4.ms,107.75,110.50,218.25,0.500,Mid (Meeting),8.33,19.12,345.40,3798.00,11499.37,818.36,,0,100,35.00,-80,4409183,-352734.64,3,fused
506656,000000506656.jpg,640x480,1,0.999990,1,1,TP,yolov8l_bsz4.ms,107.75,110.50,218.25,0.500,Mid (Meeting),8.33,19.12,345.40,3798.00,11499.37,818.36,,0,100,35.00,-80,4409183,-352734.64,3,fused
507975,000000507975.jpg,640x480,1,0.999990,1,1,TP,yolov8l_bsz4.ms,108.00,112.75,220.75,0.500,Mid (Meeting),5.56,19.12,290.52,3858.00,11499.37,877.84,,0,100,35.00,-86,4408920,-379167.12,3,fused
483999,000000483999.jpg,640x428,1,0.999990,1,1,TP,yolov8l_bsz4.ms,108.00,112.75,220.75,0.500,Mid (Meeting),5.56,19.12,290.52,3858.00,11499.37,877.84,,0,100,35.00,-86,4408920,-379167.12,3,fused
21604,000000021604.jpg,512x640,1,0.999990,1,1,TP,yolov8l_bsz4.ms,108.00,112.75,220.75,0.500,Mid (Meeting),5.56,19.12,290.52,3858.00,11499.37,877.84,,0,100,35.00,-86,4408920,-379167.12,3,fused
21879,000000021879.jpg,640x427,1,0.999990,1,1,TP,yolov8l_bsz4.ms,108.00,112.75,220.75,0.500,Mid (Meeting),5.56,19.12,290.52,3858.00,11499.37,877.84,,0,100,35.00,-86,4408920,-379167.12,3,fused
336356,000000336356.jpg,427x640,1,0.999990,1,1,TP,yolov8l_bsz4.ms,108.50,99.00,207.50,0.500,Mid (Meeting),5.11,19.39,366.28,3771.00,11499.37,790.01,,0,100,35.00,-85,4408776,-374745.96,3,fused
180751,000000180751.jpg,640x480,1,0.999990,1,1,TP,yolov8l_bsz4.ms,108.50,99.00,207.50,0.500,Mid (Meeting),5.11,19.39,366.28,3771.00,11499.37,790.01,,0,100,35.00,-85,4408776,-374745.96,3,fused
400815,000000400815.jpg,640x427,1,0.999990,1,1,TP,yolov8l_bsz4.ms,108.50,99.00,207.50,0.500,Mid (Meeting),5.11,19.39,366.28,3771.00,11499.37,790.01,,0,100,35.00,-85,4408776,-374745.96,3,fused
363188,000000363188.jpg,640x425,1,0.999990,1,1,TP,yolov8l_bsz4.ms,108.50,99.00,207.50,0.500,Mid (Meeting),5.11,19.39,366.28,3771.00,11499.37,790.01,,0,100,35.00,-85,4408776,-374745.96,3,fused
491464,000000491464.jpg,640x428,1,0.999990,1,1,TP,yolov8l_bsz4.ms,114.75,110.25,225.00,0.500,Mid (Meeting),5.01,19.39,367.85,3775.00,11499.37,792.73,,0,100,35.00,-105,4407905,-462830.03,3,fused
224222,000000224222.jpg,640x426,1,0.999990,1,1,TP,yolov8l_bsz4.ms,114.75,110.25,225.00,0.500,Mid (Meeting),5.01,19.39,367.85,3775.00,11499.37,792.73,,0,100,35.00,-105,4407905,-462830.03,3,fused
569972,000000569972.jpg,640x574,1,0.999990,1,1,TP,yolov8l_bsz4.ms,114.75,110.25,225.00,0.500,Mid (Meeting),5.01,19.39,367.85,3775.00,11499.37,792.73,,0,100,35.00,-105,4407905,-462830.03,3,fused
420840,000000420840.jpg,640x424,1,0.999990,1,1,TP,yolov8l_bsz4.ms,114.75,110.25,225.00,0.500,Mid (Meeting),5.01,19.39,367.85,3775.00,11499.37,792.73,,0,100,35.00,-105,4407905,-462830.03,3,fused
130699,000000130699.jpg,640x427,1,0.999989,1,1,TP,yolov8l_bsz4.ms,108.00,99.00,207.00,0.500,Mid (Meeting),5.08,19.39,345.08,3791.00,11499.37,808.86,,0,100,35.00,-83,4408953,-365943.10,3,fused
351823,000000351823.jpg,508x640,1,0.999989,1,1,TP,yolov8l_bsz4.ms,108.00,99.00,207.00,0.500,Mid (Meeting),5.08,19.39,345.08,3791.00,11499.37,808.86,,0,100,35.00,-83,4408953,-365943.10,3,fused
439994,000000439994.jpg,428x640,1,0.999989,1,1,TP,yolov8l_bsz4.ms,108.00,99.00,207.00,0.500,Mid (Meeting),5.08,19.39,345.08,3791.00,11499.37,808.86,,0,100,35.00,-83,4408953,-365943.10,3,fused
474344,000000474344.jpg,640x427,1,0.999989,1,1,TP,yolov8l_bsz4.ms,108.00,99.00,207.00,0.500,Mid (Meeting),5.08,19.39,345.08,3791.00,11499.37,808.86,,0,100,35.00,-83,4408953,-365943.10,3,fused
508370,000000508370.jpg,427x640,1,0.999989,1,1,TP,yolov8l_bsz4.ms,108.00,90.00,198.00,0.500,Mid (Meeting),5.00,19.96,290.30,3850.00,11499.37,867.59,,0,100,35.00,-84,4408682,-370329.29,3,fused
182155,000000182155.jpg,640x426,1,0.999989,1,1,TP,yolov8l_bsz4.ms,108.00,90.00,198.00,0.500,Mid (Meeting),5.00,19.96,290.30,3850.00,11499.37,867.59,,0,100,35.00,-84,4408682,-370329.29,3,fused
314709,000000314709.jpg,640x426,1,0.999988,1,1,TP,yolov8l_bsz4.ms,108.00,90.00,198.00,0.500,Mid (Meeting),5.00,19.96,290.30,3850.00,11499.37,867.59,,0,100,35.00,-84,4408682,-370329.29,3,fused
338624,000000338624.jpg,640x360,1,0.999988,1,1,TP,yolov8l_bsz4.ms,108.00,90.00,198.00,0.500,Mid (Meeting),5.00,19.96,290.30,3850.00,11499.37,867.59,,0,100,35.00,-84,4408682,-370329.29,3,fused
329455,000000329455.jpg,640x480,1,0.999988,1,1,TP,yolov8l_bsz4.ms,107.25,106.00,213.25,0.500,Mid (Meeting),4.96,19.96,366.64,3764.00,11499.37,779.56,,0,100,35.00,-86,4408813,-379157.92,3,fused
467176,000000467176.jpg,640x428,1,0.999988,1,1,TP,yolov8l_bsz4.ms,107.25,106.00,213.25,0.500,Mid (Meeting),4.96,19.96,366.64,3764.00,11499.37,779.56,,0,100,35.00,-86,4408813,-379157.92,3,fused
357737,000000357737.jpg,640x480,1,0.999988,1,1,TP,yolov8l_bsz4.ms,107.25,106.00,213.25,0.500,Mid (Meeting),4.96,19.96,366.64,3764.00,11499.37,779.56,,0,100,35.00,-86,4408813,-379157.92,3,fused
321790,000000321790.jpg,640x427,1,0.999988,1,1,TP,yolov8l_bsz4.ms,107.25,106.00,213.25,0.500,Mid (Meeting),4.96,19.96,366.64,3764.00,11499.37,779.56,,0,100,35.00,-86,4408813,-379157.92,3,fused
481413,000000481413.jpg,640x427,1,0.999988,1,1,TP,yolov8l_bsz4.ms,109.25,106.50,215.75,0.500,Mid (Meeting),4.96,19.77,366.34,3768.00,11499.37,783.54,,0,100,35.00,-79,4408875,-348301.13,3,fused
268378,000000268378.jpg,640x359,1,0.999988,1,1,TP,yolov8l_bsz4.ms,109.25,106.50,215.75,0.500,Mid (Meeting),4.96,19.77,366.34,3768.00,11499.37,783.54,,0,100,35.00,-79,4408875,-348301.13,3,fused
145597,000000145597.jpg,640x480,1,0.999988,1,1,TP,yolov8l_bsz4.ms,109.25,106.50,215.75,0.500,Mid (Meeting),4.96,19.77,366.34,3768.00,11499.37,783.54,,0,100,35.00,-79,4408875,-348301.13,3,fused
394677,000000394677.jpg,500x375,1,0.999988,1,1,TP,yolov8l_bsz4.ms,109.25,106.50,215.75,0.500,Mid (Meeting),4.96,19.77,366.34,3768.00,11499.37,783.54,,0,100,35.00,-79,4408875,-348301.13,3,fused
491366,000000491366.jpg,500x375,1,0.999987,1,1,TP,yolov8l_bsz4.ms,106.25,97.25,203.50,0.500,Mid (Meeting),5.01,19.77,363.35,3763.00,11499.37,777.96,,0,100,35.00,-103,4407872,-454010.82,3,fused
483667,000000483667.jpg,426x640,1,0.999987,1,1,TP,yolov8l_bsz4.ms,106.25,97.25,203.50,0.500,Mid (Meeting),5.01,19.77,363.35,3763.00,11499.37,777.96,,0,100,35.00,-103,4407872,-454010.82,3,fused
465179,000000465179.jpg,374x500,1,0.999987,1,1,TP,yolov8l_bsz4.ms,106.25,97.25,203.50,0.500,Mid (Meeting),5.01,19.77,363.35,3763.00,11499.37,777.96,,0,100,35.00,-103,4407872,-454010.82,3,fused
418062,000000418062.jpg,427x640,1,0.999987,1,1,TP,yolov8l_bsz4.ms,106.25,97.25,203.50,0.500,Mid (Meeting),5.01,19.77,363.35,3763.00,11499.37,777.96,,0,100,35.00,-103,4407872,-454010.82,3,fused
114049,000000114049.jpg,425x640,1,0.999987,1,1,TP,yolov8l_bsz4.ms,107.75,95.00,202.75,0.500,Mid (Meeting),4.99,19.77,289.52,3841.00,11499.37,854.10,,0,100,35.00,-129,4406677,-568461.33,3,fused
60102,000000060102.jpg,640x360,1,0.999987,1,1,TP,yolov8l_bsz4.ms,107.75,95.00,202.75,0.500,Mid (Meeting),4.99,19.77,289.52,3841.00,11499.37,854.10,,0,100,35.00,-129,4406677,-568461.33,3,fused
235241,000000235241.jpg,640x427,1,0.999987,1,1,TP,yolov8l_bsz4.ms,107.75,95.00,202.75,0.500,Mid (Meeting),4.99,19.77,289.52,3841.00,11499.37,854.10,,0,100,35.00,-129,4406677,-568461.33,3,fused
133969,000000133969.jpg,640x427,1,0.999987,1,1,TP,yolov8l_bsz4.ms,107.75,95.00,202.75,0.500,Mid (Meeting),4.99,19.77,289.52,3841.00,11499.37,854.10,,0,100,35.00,-129,4406677,-568461.33,3,fused
266768,000000266768.jpg,612x612,1,0.999987,1,1,TP,yolov8l_bsz4.ms,108.50,111.00,219.50,0.500,Mid (Meeting),4.96,19.79,368.45,3768.00,11499.37,779.80,,0,100,35.00,-85,4408747,-374743.49,3,fused
276055,000000276055.jpg,500x375,1,0.999987,1,1,TP,yolov8l_bsz4.ms,108.50,111.00,219.50,0.500,Mid (Meeting),4.96,19.79,368.45,3768.00,11499.37,779.80,,0,100,35.00,-85,4408747,-374743.49,3,fused
193181,000000193181.jpg,426x640,1,0.999987,1,1,TP,yolov8l_bsz4.ms,108.50,111.00,219.50,0.500,Mid (Meeting),4.96,19.79,368.45,3768.00,11499.37,779.80,,0,100,35.00,-85,4408747,-374743.49,3,fused
456559,000000456559.jpg,640x480,1,0.999986,1,1,TP,yolov8l_bsz4.ms,108.50,111.00,219.50,0.500,Mid (Meeting),4.96,19.79,368.45,3768.00,11499.37,779.80,,0,100,35.00,-85,4408747,-374743.49,3,fused
46252,000000046252.jpg,640x480,1,0.999986,1,1,TP,yolov8l_bsz4.ms,108.75,116.00,224.75,0.500,Mid (Meeting),4.99,19.79,368.51,3769.00,11499.37,777.72,,0,100,35.00,-77,4409049,-339496.77,3,fused
439715,000000439715.jpg,640x480,1,0.999986,1,1,TP,yolov8l_bsz4.ms,108.75,116.00,224.75,0.500,Mid (Meeting),4.99,19.79,368.51,3769.00,11499.37,777.72,,0,100,35.00,-77,4409049,-339496.77,3,fused
99810,000000099810.jpg,500x332,1,0.999986,1,1,TP,yolov8l_bsz4.ms,108.75,116.00,224.75,0.500,Mid (Meeting),4.99,19.79,368.51,3769.00,11499.37,777.72,,0,100,35.00,-77,4409049,-339496.77,3,fused
8690,000000008690.jpg,640x480,1,0.999986,1,1,TP,yolov8l_bsz4.ms,108.75,116.00,224.75,0.500,Mid (Meeting),4.99,19.79,368.51,3769.00,11499.37,777.72,,0,100,35.00,-77,4409049,-339496.77,3,fused
199055,000000199055.jpg,480x640,1,0.999986,1,1,TP,yolov8l_bsz4.ms,108.25,107.25,215.50,0.500,Mid (Meeting),4.86,17.88,345.40,3798.00,11499.37,805.17,,0,100,35.00,-81,4408957,-357125.52,3,fused
533816,000000533816.jpg,640x426,1,0.999986,1,1,TP,yolov8l_bsz4.ms,108.25,107.25,215.50,0.500,Mid (Meeting),4.86,17.88,345.40,3798.00,11499.37,805.17,,0,100,35.00,-81,4408957,-357125.52,3,fused
252701,000000252701.jpg,640x378,1,0.999986,1,1,TP,yolov8l_bsz4.ms,108.25,107.25,215.50,0.500,Mid (Meeting),4.86,17.88,345.40,3798.00,11499.37,805.17,,0,100,35.00,-81,4408957,-357125.52,3,fused
356424,000000356424.jpg,480x640,1,0.999986,1,1,TP,yolov8l_bsz4.ms,108.25,107.25,215.50,0.500,Mid (Meeting),4.86,17.88,345.40,3798.00,11499.37,805.17,,0,100,35.00,-81,4408957,-357125.52,3,fused
546717,000000546717.jpg,471x640,1,0.999986,1,1,TP,yolov8l_bsz4.ms,108.25,111.50,219.75,0.500,Mid (Meeting),5.07,17.88,290.19,3843.00,11499.37,849.14,,0,100,35.00,-84,4408333,-370299.97,3,fused
516677,000000516677.jpg,640x480,1,0.999986,1,1,TP,yolov8l_bsz4.ms,108.25,111.50,219.75,0.500,Mid (Meeting),5.07,17.88,290.19,3843.00,11499.37,849.14,,0,100,35.00,-84,4408333,-370299.97,3,fused
424551,000000424551.jpg,640x480,1,0.999985,1,1,TP,yolov8l_bsz4.ms,108.25,111.50,219.75,0.500,Mid (Meeting),5.07,17.88,290.19,3843.00,11499.37,849.14,,0,100,35.00,-84,4408333,-370299.97,3,fused
187734,000000187734.jpg,640x480,1,0.999985,1,1,TP,yolov8l_bsz4.ms,108.25,111.50,219.75,0.500,Mid (Meeting),5.07,17.88,290.19,3843.00,11499.37,849.14,,0,100,35.00,-84,4408333,-370299.97,3,fused
312552,000000312552.jpg,400x300,1,0.999985,1,1,TP,yolov8l_bsz4.ms,109.00,103.00,212.00,0.500,Mid (Meeting),4.98,20.44,367.50,3772.00,11499.37,776.76,,0,100,35.00,-89,4408609,-392366.20,3,fused
227482,000000227482.jpg,640x480,1,0.999985,1,1,TP,yolov8l_bsz4.ms,109.00,103.00,212.00,0.500,Mid (Meeting),4.98,20.44,367.50,3772.00,11499.37,776.76,,0,100,35.00,-89,4408609,-392366.20,3,fused
140987,000000140987.jpg,425x640,1,0.999985,1,1,TP,yolov8l_bsz4.ms,109.00,103.00,212.00,0.500,Mid (Meeting),4.98,20.44,367.50,3772.00,11499.37,776.76,,0,100,35.00,-89,4408609,-392366.20,3,fused
321214,000000321214.jpg,640x480,1,0.999984,1,1,TP,yolov8l_bsz4.ms,109.00,103.00,212.00,0.500,Mid (Meeting),4.98,20.44,367.50,3772.00,11499.37,776.76,,0,100,35.00,-89,4408609,-392366.20,3,fused
239347,000000239347.jpg,640x480,1,0.999984,1,1,TP,yolov8l_bsz4.ms,108.50,107.50,216.00,0.500,Mid (Meeting),4.95,20.44,366.16,3768.00,11499.37,771.88,,0,100,35.00,-130,4407243,-572941.59,3,fused
18193,000000018193.jpg,640x480,1,0.999984,1,1,TP,yolov8l_bsz4.ms,108.50,107.50,216.00,0.500,Mid (Meeting),4.95,20.44,366.16,3768.00,11499.37,771.88,,0,100,35.00,-130,4407243,-572941.59,3,fused
216516,000000216516.jpg,480x640,1,0.999984,1,1,TP,yolov8l_bsz4.ms,108.50,107.50,216.00,0.500,Mid (Meeting),4.95,20.44,366.16,3768.00,11499.37,771.88,,0,100,35.00,-130,4407243,-572941.59,3,fused
157365,000000157365.jpg,427x640,1,0.999984,1,1,TP,yolov8l_bsz4.ms,108.50,107.50,216.00,0.500,Mid (Meeting),4.95,20.44,366.16,3768.00,11499.37,771.88,,0,100,35.00,-130,4407243,-572941.59,3,fused
358525,000000358525.jpg,640x480,1,0.999983,1,1,TP,yolov8l_bsz4.ms,107.75,96.00,203.75,0.500,Mid (Meeting),4.94,20.44,289.40,3848.00,11499.37,852.83,,0,100,35.00,-83,4408676,-365920.11,3,fused
67310,000000067310.jpg,486x640,1,0.999983,1,1,TP,yolov8l_bsz4.ms,107.75,96.00,203.75,0.500,Mid (Meeting),4.94,20.44,289.40,3848.00,11499.37,852.83,,0,100,35.00,-83,4408676,-365920.11,3,fused
294695,000000294695.jpg,640x427,1,0.999983,1,1,TP,yolov8l_bsz4.ms,107.75,96.00,203.75,0.500,Mid (Meeting),4.94,20.44,289.40,3848.00,11499.37,852.83,,0,100,35.00,-83,4408676,-365920.11,3,fused
390902,000000390902.jpg,333x500,1,0.999983,1,1,TP,yolov8l_bsz4.ms,107.75,96.00,203.75,0.500,Mid (Meeting),4.94,20.44,289.40,3848.00,11499.37,852.83,,0,100,35.00,-83,4408676,-365920.11,3,fused
383384,000000383384.jpg,640x360,1,0.999982,1,1,TP,yolov8l_bsz4.ms,109.25,111.00,220.25,0.500,Mid (Meeting),4.92,19.96,367.43,3764.00,11499.37,766.93,,0,100,35.00,-79,4409028,-348313.21,3,fused
18150,000000018150.jpg,640x480,1,0.999982,1,1,TP,yolov8l_bsz4.ms,109.25,111.00,220.25,0.500,Mid (Meeting),4.92,19.96,367.43,3764.00,11499.37,766.93,,0,100,35.00,-79,4409028,-348313.21,3,fused
301718,000000301718.jpg,480x640,1,0.999982,1,1,TP,yolov8l_bsz4.ms,109.25,111.00,220.25,0.500,Mid (Meeting),4.92,19.96,367.43,3764.00,11499.37,766.93,,0,100,35.00,-79,4409028,-348313.21,3,fused
32081,000000032081.jpg,375x500,1,0.999982,1,1,TP,yolov8l_bsz4.ms,109.25,111.00,220.25,0.500,Mid (Meeting),4.92,19.96,367.43,3764.00,11499.37,766.93,,0,100,35.00,-79,4409028,-348313.21,3,fused
161925,000000161925.jpg,480x640,1,0.999982,1,1,TP,yolov8l_bsz4.ms,111.75,89.00,200.75,0.500,Mid (Meeting),4.91,19.96,366.51,3756.00,11499.37,758.51,,0,100,35.00,-103,4407423,-453964.57,3,fused
440184,000000440184.jpg,640x425,1,0.999982,1,1,TP,yolov8l_bsz4.ms,111.75,89.00,200.75,0.500,Mid (Meeting),4.91,19.96,366.51,3756.00,11499.37,758.51,,0,100,35.00,-103,4407423,-453964.57,3,fused
151000,000000151000.jpg,640x426,1,0.999981,1,1,TP,yolov8l_bsz4.ms,111.75,89.00,200.75,0.500,Mid (Meeting),4.91,19.96,366.51,3756.00,11499.37,758.51,,0,100,35.00,-103,4407423,-453964.57,3,fused
466125,000000466125.jpg,427x640,1,0.999981,1,1,TP,yolov8l_bsz4.ms,111.75,89.00,200.75,0.500,Mid (Meeting),4.91,19.96,366.51,3756.00,11499.37,758.51,,0,100,35.00,-103,4407423,-453964.57,3,fused
319534,000000319534.jpg,640x480,1,0.999981,1,1,TP,yolov8l_bsz4.ms,108.25,103.50,211.75,0.500,Mid (Meeting),4.94,21.74,343.15,3752.00,11499.37,751.04,,0,100,35.00,-132,4407096,-581736.67,3,fused
6763,000000006763.jpg,375x500,1,0.999981,1,1,TP,yolov8l_bsz4.ms,108.25,103.50,211.75,0.500,Mid (Meeting),4.94,21.74,343.15,3752.00,11499.37,751.04,,0,100,35.00,-132,4407096,-581736.67,3,fused
445834,000000445834.jpg,640x427,1,0.999981,1,1,TP,yolov8l_bsz4.ms,108.25,103.50,211.75,0.500,Mid (Meeting),4.94,21.74,343.15,3752.00,11499.37,751.04,,0,100,35.00,-132,4407096,-581736.67,3,fused
432085,000000432085.jpg,500x375,1,0.999981,1,1,TP,yolov8l_bsz4.ms,108.25,103.50,211.75,0.500,Mid (Meeting),4.94,21.74,343.15,3752.00,11499.37,751.04,,0,100,35.00,-132,4407096,-581736.67,3,fused
224675,000000224675.jpg,400x300,1,0.999981,1,1,TP,yolov8l_bsz4.ms,109.50,102.25,211.75,0.500,Mid (Meeting),4.92,21.74,294.84,3827.00,11499.37,824.15,,0,100,35.00,-112,4407286,-493616.03,3,fused
163682,000000163682.jpg,427x640,1,0.999981,1,1,TP,yolov8l_bsz4.ms,109.50,102.25,211.75,0.500,Mid (Meeting),4.92,21.74,294.84,3827.00,11499.37,824.15,,0,100,35.00,-112,4407286,-493616.03,3,fused
465180,000000465180.jpg,640x426,1,0.999981,1,1,TP,yolov8l_bsz4.ms,109.50,102.25,211.75,0.500,Mid (Meeting),4.92,21.74,294.84,3827.00,11499.37,824.15,,0,100,35.00,-112,4407286,-493616.03,3,fused
96493,000000096493.jpg,426x640,1,0.999980,1,1,TP,yolov8l_bsz4.ms,109.50,102.25,211.75,0.500,Mid (Meeting),4.92,21.74,294.84,3827.00,11499.37,824.15,,0,100,35.00,-112,4407286,-493616.03,3,fused
284445,000000284445.jpg,640x594,1,0.999980,1,1,TP,yolov8l_bsz4.ms,107.75,110.25,218.00,0.500,Mid (Meeting),4.93,21.74,369.45,3774.00,11499.37,770.51,,0,100,35.00,-84,4408653,-370326.85,3,fused
358923,000000358923.jpg,640x428,1,0.999980,1,1,TP,yolov8l_bsz4.ms,107.75,110.25,218.00,0.500,Mid (Meeting),4.93,21.74,369.45,3774.00,11499.37,770.51,,0,100,35.00,-84,4408653,-370326.85,3,fused
368294,000000368294.jpg,640x426,1,0.999979,1,1,TP,yolov8l_bsz4.ms,107.75,110.25,218.00,0.500,Mid (Meeting),4.93,21.74,369.45,3774.00,11499.37,770.51,,0,100,35.00,-84,4408653,-370326.85,3,fused
121031,000000121031.jpg,640x451,1,0.999979,1,1,TP,yolov8l_bsz4.ms,107.75,110.25,218.00,0.500,Mid (Meeting),4.93,21.74,369.45,3774.00,11499.37,770.51,,0,100,35.00,-84,4408653,-370326.85,3,fused
371749,000000371749.jpg,500x375,1,0.999979,1,1,TP,yolov8l_bsz4.ms,108.50,107.25,215.75,0.500,Mid (Meeting),4.93,21.59,366.40,3770.00,11499.37,765.58,,0,100,35.00,-96,4408202,-423187.39,3,fused
121673,000000121673.jpg,500x375,1,0.999979,1,1,TP,yolov8l_bsz4.ms,108.50,107.25,215.75,0.500,Mid (Meeting),4.93,21.59,366.40,3770.00,11499.37,765.58,,0,100,35.00,-96,4408202,-423187.39,3,fused
119088,000000119088.jpg,500x375,1,0.999979,1,1,TP,yolov8l_bsz4.ms,108.50,107.25,215.75,0.500,Mid (Meeting),4.93,21.59,366.40,3770.00,11499.37,765.58,,0,100,35.00,-96,4408202,-423187.39,3,fused
50380,000000050380.jpg,640x427,1,0.999979,1,1,TP,yolov8l_bsz4.ms,108.50,107.25,215.75,0.500,Mid (Meeting),4.93,21.59,366.40,3770.00,11499.37,765.58,,0,100,35.00,-96,4408202,-423187.39,3,fused
551215,000000551215.jpg,480x640,1,0.999978,1,1,TP,yolov8l_bsz4.ms,107.75,101.25,209.00,0.500,Mid (Meeting),6.07,21.59,344.11,3800.00,11499.37,793.92,,0,100,35.00,-97,4408171,-427592.59,3,fused
297578,000000297578.jpg,500x281,1,0.999978,1,1,TP,yolov8l_bsz4.ms,107.75,101.25,209.00,0.500,Mid (Meeting),6.07,21.59,344.11,3800.00,11499.37,793.92,,0,100,35.00,-97,4408171,-427592.59,3,fused
350148,000000350148.jpg,480x640,1,0.999978,1,1,TP,yolov8l_bsz4.ms,107.75,101.25,209.00,0.500,Mid (Meeting),6.07,21.59,344.11,3800.00,11499.37,793.92,,0,100,35.00,-97,4408171,-427592.59,3,fused
130826,000000130826.jpg,640x480,1,0.999978,1,1,TP,yolov8l_bsz4.ms,107.75,101.25,209.00,0.500,Mid (Meeting),6.07,21.59,344.11,3800.00,11499.37,793.92,,0,100,35.00,-97,4408171,-427592.59,3,fused
481567,000000481567.jpg,640x480,1,0.999978,1,1,TP,yolov8l_bsz4.ms,108.25,117.75,226.00,0.500,Mid (Meeting),5.82,20.36,289.80,3844.00,11499.37,837.13,,0,100,35.00,-80,4408613,-352689.04,3,fused
150417,000000150417.jpg,640x480,1,0.999978,1,1,TP,yolov8l_bsz4.ms,108.25,117.75,226.00,0.500,Mid (Meeting),5.82,20.36,289.80,3844.00,11499.37,837.13,,0,100,35.00,-80,4408613,-352689.04,3,fused
382111,000000382111.jpg,640x427,1,0.999977,1,1,TP,yolov8l_bsz4.ms,108.25,117.75,226.00,0.500,Mid (Meeting),5.82,20.36,289.80,3844.00,11499.37,837.13,,0,100,35.00,-80,4408613,-352689.04,3,fused
197658,000000197658.jpg,582x640,1,0.999977,1,1,TP,yolov8l_bsz4.ms,108.25,117.75,226.00,0.500,Mid (Meeting),5.82,20.36,289.80,3844.00,11499.37,837.13,,0,100,35.00,-80,4408613,-352689.04,3,fused
489764,000000489764.jpg,640x538,1,0.999977,1,1,TP,yolov8l_bsz4.ms,109.25,102.50,211.75,0.500,Mid (Meeting),5.33,20.36,367.70,3774.00,11499.37,765.82,,0,100,35.00,-167,4405465,-735712.66,3,fused
334309,000000334309.jpg,640x427,1,0.999976,1,1,TP,yolov8l_bsz4.ms,109.25,102.50,211.75,0.500,Mid (Meeting),5.33,20.36,367.70,3774.00,11499.37,765.82,,0,100,35.00,-167,4405465,-735712.66,3,fused
474078,000000474078.jpg,640x480,1,0.999976,1,1,TP,yolov8l_bsz4.ms,109.25,102.50,211.75,0.500,Mid (Meeting),5.33,20.36,367.70,3774.00,11499.37,765.82,,0,100,35.00,-167,4405465,-735712.66,3,fused
127530,000000127530.jpg,640x440,1,0.999976,1,1,TP,yolov8l_bsz4.ms,109.25,102.50,211.75,0.500,Mid (Meeting),5.33,20.36,367.70,3774.00,11499.37,765.82,,0,100,35.00,-167,4405465,-735712.66,3,fused
576031,000000576031.jpg,640x480,1,0.999976,1,1,TP,yolov8l_bsz4.ms,110.75,110.50,221.25,0.500,Mid (Meeting),5.20,20.36,368.32,3769.00,11499.37,758.21,,0,100,35.00,-79,4408819,-348296.70,3,fused
491867,000000491867.jpg,480x640,1,0.999976,1,1,TP,yolov8l_bsz4.ms,110.75,110.50,221.25,0.500,Mid (Meeting),5.20,20.36,368.32,3769.00,11499.37,758.21,,0,100,35.00,-79,4408819,-348296.70,3,fused
404922,000000404922.jpg,368x500,1,0.999976,1,1,TP,yolov8l_bsz4.ms,110.75,110.50,221.25,0.500,Mid (Meeting),5.20,20.36,368.32,3769.00,11499.37,758.21,,0,100,35.00,-79,4408819,-348296.70,3,fused
192670,000000192670.jpg,640x433,1,0.999976,1,1,TP,yolov8l_bsz4.ms,110.75,110.50,221.25,0.500,Mid (Meeting),5.20,20.36,368.32,3769.00,11499.37,758.21,,0,100,35.00,-79,4408819,-348296.70,3,fused
115898,000000115898.jpg,640x427,1,0.999975,1,1,TP,yolov8l_bsz4.ms,107.75,112.00,219.75,0.500,Mid (Meeting),5.23,20.06,344.95,3798.00,11499.37,785.73,,0,100,35.00,-72,4409030,-317450.16,3,fused
410456,000000410456.jpg,640x480,1,0.999975,1,1,TP,yolov8l_bsz4.ms,107.75,112.00,219.75,0.500,Mid (Meeting),5.23,20.06,344.95,3798.00,11499.37,785.73,,0,100,35.00,-72,4409030,-317450.16,3,fused
13201,000000013201.jpg,427x640,1,0.999975,1,1,TP,yolov8l_bsz4.ms,107.75,112.00,219.75,0.500,Mid (Meeting),5.23,20.06,344.95,3798.00,11499.37,785.73,,0,100,35.00,-72,4409030,-317450.16,3,fused
68093,000000068093.jpg,640x480,1,0.999975,1,1,TP,yolov8l_bsz4.ms,107.75,112.00,219.75,0.500,Mid (Meeting),5.23,20.06,344.95,3798.00,11499.37,785.73,,0,100,35.00,-72,4409030,-317450.16,3,fused
1296,000000001296.jpg,427x640,1,0.999975,1,1,TP,yolov8l_bsz4.ms,109.75,98.50,208.25,0.500,Mid (Meeting),5.20,20.06,295.03,3837.00,11499.37,823.51,,0,100,35.00,-89,4408335,-392341.82,3,fused
485071,000000485071.jpg,640x426,1,0.999974,1,1,TP,yolov8l_bsz4.ms,109.75,98.50,208.25,0.500,Mid (Meeting),5.20,20.06,295.03,3837.00,11499.37,823.51,,0,100,35.00,-89,4408335,-392341.82,3,fused
566923,000000566923.jpg,640x426,1,0.999974,1,1,TP,yolov8l_bsz4.ms,109.75,98.50,208.25,0.500,Mid (Meeting),5.20,20.06,295.03,3837.00,11499.37,823.51,,0,100,35.00,-89,4408335,-392341.82,3,fused
559543,000000559543.jpg,500x333,1,0.999973,1,1,TP,yolov8l_bsz4.ms,109.75,98.50,208.25,0.500,Mid (Meeting),5.20,20.06,295.03,3837.00,11499.37,823.51,,0,100,35.00,-89,4408335,-392341.82,3,fused
416104,000000416104.jpg,640x480,1,0.999973,1,1,TP,yolov8l_bsz4.ms,106.75,101.00,207.75,0.500,Mid (Meeting),5.13,20.22,365.35,3771.00,11499.37,757.38,,0,100,35.00,-91,4408561,-401179.05,3,fused
328337,000000328337.jpg,640x427,1,0.999973,1,1,TP,yolov8l_bsz4.ms,106.75,101.00,207.75,0.500,Mid (Meeting),5.13,20.22,365.35,3771.00,11499.37,757.38,,0,100,35.00,-91,4408561,-401179.05,3,fused
356427,000000356427.jpg,640x427,1,0.999972,1,1,TP,yolov8l_bsz4.ms,106.75,101.00,207.75,0.500,Mid (Meeting),5.13,20.22,365.35,3771.00,11499.37,757.38,,0,100,35.00,-91,4408561,-401179.05,3,fused
327601,000000327601.jpg,333x500,1,0.999972,1,1,TP,yolov8l_bsz4.ms,106.75,101.00,207.75,0.500,Mid (Meeting),5.13,20.22,365.35,3771.00,11499.37,757.38,,0,100,35.00,-91,4408561,-401179.05,3,fused
456015,000000456015.jpg,640x427,1,0.999972,1,1,TP,yolov8l_bsz4.ms,110.25,106.00,216.25,0.500,Mid (Meeting),5.10,20.22,364.59,3766.00,11499.37,750.27,,0,100,35.00,-124,4406804,-546443.70,3,fused
494188,000000494188.jpg,480x640,1,0.999972,1,1,TP,yolov8l_bsz4.ms,110.25,106.00,216.25,0.500,Mid (Meeting),5.10,20.22,364.59,3766.00,11499.37,750.27,,0,100,35.00,-124,4406804,-546443.70,3,fused
114884,000000114884.jpg,500x329,1,0.999972,1,1,TP,yolov8l_bsz4.ms,110.25,106.00,216.25,0.500,Mid (Meeting),5.10,20.22,364.59,3766.00,11499.37,750.27,,0,100,35.00,-124,4406804,-546443.70,3,fused
326174,000000326174.jpg,640x480,1,0.999972,1,1,TP,yolov8l_bsz4.ms,110.25,106.00,216.25,0.500,Mid (Meeting),5.10,20.22,364.59,3766.00,11499.37,750.27,,0,100,35.00,-124,4406804,-546443.70,3,fused
54164,000000054164.jpg,640x427,1,0.999972,1,1,TP,yolov8l_bsz4.ms,110.00,92.25,202.25,0.500,Mid (Meeting),5.11,20.22,343.00,3793.00,11499.37,776.52,,0,100,35.00,-78,4408774,-343884.37,3,fused
185890,000000185890.jpg,509x640,1,0.999971,1,1,TP,yolov8l_bsz4.ms,110.00,92.25,202.25,0.500,Mid (Meeting),5.11,20.22,343.00,3793.00,11499.37,776.52,,0,100,35.00,-78,4408774,-343884.37,3,fused
143961,000000143961.jpg,640x356,1,0.999971,1,1,TP,yolov8l_bsz4.ms,110.00,92.25,202.25,0.500,Mid (Meeting),5.11,20.22,343.00,3793.00,11499.37,776.52,,0,100,35.00,-78,4408774,-343884.37,3,fused
193429,000000193429.jpg,640x428,1,0.999971,1,1,TP,yolov8l_bsz4.ms,110.00,92.25,202.25,0.500,Mid (Meeting),5.11,20.22,343.00,3793.00,11499.37,776.52,,0,100,35.00,-78,4408774,-343884.37,3,fused
136715,000000136715.jpg,640x425,1,0.999971,1,1,TP,yolov8l_bsz4.ms,109.50,106.25,215.75,0.500,Mid (Meeting),5.10,19.90,294.56,3845.00,11499.37,828.61,,0,100,35.00,-82,4408434,-361491.59,3,fused
322944,000000322944.jpg,457x640,1,0.999971,1,1,TP,yolov8l_bsz4.ms,109.50,106.25,215.75,0.500,Mid (Meeting),5.10,19.90,294.56,3845.00,11499.37,828.61,,0,100,35.00,-82,4408434,-361491.59,3,fused
102411,000000102411.jpg,640x427,1,0.999971,1,1,TP,yolov8l_bsz4.ms,109.50,106.25,215.75,0.500,Mid (Meeting),5.10,19.90,294.56,3845.00,11499.37,828.61,,0,100,35.00,-82,4408434,-361491.59,3,fused
22479,000000022479.jpg,640x605,1,0.999970,1,1,TP,yolov8l_bsz4.ms,109.50,106.25,215.75,0.500,Mid (Meeting),5.10,19.90,294.56,3845.00,11499.37,828.61,,0,100,35.00,-82,4408434,-361491.59,3,fused
188296,000000188296.jpg,640x609,1,0.999970,1,1,TP,yolov8l_bsz4.ms,109.50,101.00,210.50,0.500,Mid (Meeting),5.06,19.90,365.57,3767.00,11499.37,749.15,,0,100,35.00,-83,4408593,-365913.22,3,fused
256868,000000256868.jpg,640x428,1,0.999970,1,1,TP,yolov8l_bsz4.ms,109.50,101.00,210.50,0.500,Mid (Meeting),5.06,19.90,365.57,3767.00,11499.37,749.15,,0,100,35.00,-83,4408593,-365913.22,3,fused
25424,000000025424.jpg,427x640,1,0.999970,1,1,TP,yolov8l_bsz4.ms,109.50,101.00,210.50,0.500,Mid (Meeting),5.06,19.90,365.57,3767.00,11499.37,749.15,,0,100,35.00,-83,4408593,-365913.22,3,fused
133244,000000133244.jpg,640x359,1,0.999970,1,1,TP,yolov8l_bsz4.ms,109.50,101.00,210.50,0.500,Mid (Meeting),5.06,19.90,365.57,3767.00,11499.37,749.15,,0,100,35.00,-83,4408593,-365913.22,3,fused
423506,000000423506.jpg,375x500,1,0.999969,1,1,TP,yolov8l_bsz4.ms,113.50,94.00,207.50,0.500,Mid (Meeting),8.43,21.66,365.38,3772.00,11499.37,752.91,,0,100,35.00,-115,4407198,-506827.77,3,fused
345466,000000345466.jpg,500x375,1,0.999967,1,1,TP,yolov8l_bsz4.ms,113.50,94.00,207.50,0.500,Mid (Meeting),8.43,21.66,365.38,3772.00,11499.37,752.91,,0,100,35.00,-115,4407198,-506827.77,3,fused
361147,000000361147.jpg,417x640,1,0.999967,1,1,TP,yolov8l_bsz4.ms,113.50,94.00,207.50,0.500,Mid (Meeting),8.43,21.66,365.38,3772.00,11499.37,752.91,,0,100,35.00,-115,4407198,-506827.77,3,fused
511760,000000511760.jpg,296x640,1,0.999967,1,1,TP,yolov8l_bsz4.ms,113.50,94.00,207.50,0.500,Mid (Meeting),8.43,21.66,365.38,3772.00,11499.37,752.91,,0,100,35.00,-115,4407198,-506827.77,3,fused
567011,000000567011.jpg,640x426,1,0.999967,1,1,TP,yolov8l_bsz4.ms,109.00,108.25,217.25,0.500,Mid (Meeting),5.98,21.66,345.15,3786.00,11499.37,765.50,,0,100,35.00,-125,4406943,-550867.88,3,fused
562207,000000562207.jpg,640x425,1,0.999967,1,1,TP,yolov8l_bsz4.ms,109.00,108.25,217.25,0.500,Mid (Meeting),5.98,21.66,345.15,3786.00,11499.37,765.50,,0,100,35.00,-125,4406943,-550867.88,3,fused
343524,000000343524.jpg,640x447,1,0.999966,1,1,TP,yolov8l_bsz4.ms,109.00,108.25,217.25,0.500,Mid (Meeting),5.98,21.66,345.15,3786.00,11499.37,765.50,,0,100,35.00,-125,4406943,-550867.88,3,fused
153229,000000153229.jpg,640x457,1,0.999966,1,1,TP,yolov8l_bsz4.ms,109.00,108.25,217.25,0.500,Mid (Meeting),5.98,21.66,345.15,3786.00,11499.37,765.50,,0,100,35.00,-125,4406943,-550867.88,3,fused
238410,000000238410.jpg,640x480,1,0.999966,1,1,TP,yolov8l_bsz4.ms,108.75,103.00,211.75,0.500,Mid (Meeting),5.68,21.66,297.77,3838.00,11499.37,816.83,,0,100,35.00,-87,4408271,-383519.58,3,fused
57150,000000057150.jpg,240x320,1,0.999965,1,1,TP,yolov8l_bsz4.ms,108.75,103.00,211.75,0.500,Mid (Meeting),5.68,21.66,297.77,3838.00,11499.37,816.83,,0,100,35.00,-87,4408271,-383519.58,3,fused
507797,000000507797.jpg,640x425,1,0.999965,1,1,TP,yolov8l_bsz4.ms,108.75,103.00,211.75,0.500,Mid (Meeting),5.68,21.66,297.77,3838.00,11499.37,816.83,,0,100,35.00,-87,4408271,-383519.58,3,fused
192699,000000192699.jpg,640x457,1,0.999965,1,1,TP,yolov8l_bsz4.ms,108.75,103.00,211.75,0.500,Mid (Meeting),5.68,21.66,297.77,3838.00,11499.37,816.83,,0,100,35.00,-87,4408271,-383519.58,3,fused
188592,000000188592.jpg,480x640,1,0.999965,1,1,TP,yolov8l_bsz4.ms,108.50,110.25,218.75,0.500,Mid (Meeting),5.40,20.16,365.05,3766.00,11499.37,742.76,,0,100,35.00,-82,4408580,-361503.56,3,fused
236426,000000236426.jpg,640x429,1,0.999965,1,1,TP,yolov8l_bsz4.ms,108.50,110.25,218.75,0.500,Mid (Meeting),5.40,20.16,365.05,3766.00,11499.37,742.76,,0,100,35.00,-82,4408580,-361503.56,3,fused
442836,000000442836.jpg,640x457,1,0.999965,1,1,TP,yolov8l_bsz4.ms,108.50,110.25,218.75,0.500,Mid (Meeting),5.40,20.16,365.05,3766.00,11499.37,742.76,,0,100,35.00,-82,4408580,-361503.56,3,fused
568439,000000568439.jpg,640x449,1,0.999963,1,1,TP,yolov8l_bsz4.ms,108.50,110.25,218.75,0.500,Mid (Meeting),5.40,20.16,365.05,3766.00,11499.37,742.76,,0,100,35.00,-82,4408580,-361503.56,3,fused
375493,000000375493.jpg,640x480,1,0.999963,1,1,TP,yolov8l_bsz4.ms,110.75,104.00,214.75,0.500,Mid (Meeting),5.40,20.16,363.11,3772.00,11499.37,747.32,,0,100,35.00,-79,4408583,-348278.06,3,fused
157767,000000157767.jpg,640x427,1,0.999962,1,1,TP,yolov8l_bsz4.ms,110.75,104.00,214.75,0.500,Mid (Meeting),5.40,20.16,363.11,3772.00,11499.37,747.32,,0,100,35.00,-79,4408583,-348278.06,3,fused
556000,000000556000.jpg,640x515,1,0.999962,1,1,TP,yolov8l_bsz4.ms,110.75,104.00,214.75,0.500,Mid (Meeting),5.40,20.16,363.11,3772.00,11499.37,747.32,,0,100,35.00,-79,4408583,-348278.06,3,fused
425361,000000425361.jpg,640x491,1,0.999962,1,1,TP,yolov8l_bsz4.ms,110.75,104.00,214.75,0.500,Mid (Meeting),5.40,20.16,363.11,3772.00,11499.37,747.32,,0,100,35.00,-79,4408583,-348278.06,3,fused
27186,000000027186.jpg,640x428,1,0.999962,1,1,TP,yolov8l_bsz4.ms,108.25,98.50,206.75,0.500,Mid (Meeting),5.34,20.18,343.84,3782.00,11499.37,757.22,,0,100,35.00,-74,4408873,-326256.60,3,fused
553731,000000553731.jpg,640x428,1,0.999961,1,1,TP,yolov8l_bsz4.ms,108.25,98.50,206.75,0.500,Mid (Meeting),5.34,20.18,343.84,3782.00,11499.37,757.22,,0,100,35.00,-74,4408873,-326256.60,3,fused
369310,000000369310.jpg,395x640,1,0.999961,1,1,TP,yolov8l_bsz4.ms,108.25,98.50,206.75,0.500,Mid (Meeting),5.34,20.18,343.84,3782.00,11499.37,757.22,,0,100,35.00,-74,4408873,-326256.60,3,fused
253835,000000253835.jpg,640x480,1,0.999960,1,1,TP,yolov8l_bsz4.ms,108.25,98.50,206.75,0.500,Mid (Meeting),5.34,20.18,343.84,3782.00,11499.37,757.22,,0,100,35.00,-74,4408873,-326256.60,3,fused
320642,000000320642.jpg,500x321,1,0.999960,1,1,TP,yolov8l_bsz4.ms,110.25,98.75,209.00,0.500,Mid (Meeting),5.27,20.18,291.69,3838.00,11499.37,813.25,,0,100,35.00,-133,4406330,-586041.89,3,fused
216296,000000216296.jpg,640x427,1,0.999960,1,1,TP,yolov8l_bsz4.ms,110.25,98.75,209.00,0.500,Mid (Meeting),5.27,20.18,291.69,3838.00,11499.37,813.25,,0,100,35.00,-133,4406330,-586041.89,3,fused
92091,000000092091.jpg,640x480,1,0.999960,1,1,TP,yolov8l_bsz4.ms,110.25,98.75,209.00,0.500,Mid (Meeting),5.27,20.18,291.69,3838.00,11499.37,813.25,,0,100,35.00,-133,4406330,-586041.89,3,fused
194716,000000194716.jpg,640x427,1,0.999960,1,1,TP,yolov8l_bsz4.ms,110.25,98.75,209.00,0.500,Mid (Meeting),5.27,20.18,291.69,3838.00,11499.37,813.25,,0,100,35.00,-133,4406330,-586041.89,3,fused
509403,000000509403.jpg,640x427,1,0.999960,1,1,TP,yolov8l_bsz4.ms,109.25,113.25,222.50,0.500,Mid (Meeting),5.21,20.18,365.07,3770.00,11499.37,743.73,,0,100,35.00,-82,4408619,-361506.76,3,fused
244750,000000244750.jpg,393x500,1,0.999959,1,1,TP,yolov8l_bsz4.ms,109.25,113.25,222.50,0.500,Mid (Meeting),5.21,20.18,365.07,3770.00,11499.37,743.73,,0,100,35.00,-82,4408619,-361506.76,3,fused
514797,000000514797.jpg,640x439,1,0.999958,1,1,TP,yolov8l_bsz4.ms,109.25,113.25,222.50,0.500,Mid (Meeting),5.21,20.18,365.07,3770.00,11499.37,743.73,,0,100,35.00,-82,4408619,-361506.76,3,fused
12748,000000012748.jpg,480x640,1,0.999958,1,1,TP,yolov8l_bsz4.ms,109.25,113.25,222.50,0.500,Mid (Meeting),5.21,20.18,365.07,3770.00,11499.37,743.73,,0,100,35.00,-82,4408619,-361506.76,3,fused
190307,000000190307.jpg,540x640,1,0.999958,1,1,TP,yolov8l_bsz4.ms,111.75,109.75,221.50,0.500,Mid (Meeting),5.17,20.23,369.50,3760.00,11499.37,732.14,,0,100,35.00,-77,4408723,-339471.67,3,fused
412894,000000412894.jpg,427x640,1,0.999957,1,1,TP,yolov8l_bsz4.ms,111.75,109.75,221.50,0.500,Mid (Meeting),5.17,20.23,369.50,3760.00,11499.37,732.14,,0,100,35.00,-77,4408723,-339471.67,3,fused
132796,000000132796.jpg,640x426,1,0.999957,1,1,TP,yolov8l_bsz4.ms,111.75,109.75,221.50,0.500,Mid (Meeting),5.17,20.23,369.50,3760.00,11499.37,732.14,,0,100,35.00,-77,4408723,-339471.67,3,fused
475064,000000475064.jpg,640x427,1,0.999955,1,1,TP,yolov8l_bsz4.ms,111.75,109.75,221.50,0.500,Mid (Meeting),5.17,20.23,369.50,3760.00,11499.37,732.14,,0,100,35.00,-77,4408723,-339471.67,3,fused
485027,000000485027.jpg,337x640,1,0.999955,1,1,TP,yolov8l_bsz4.ms,110.00,92.00,202.00,0.500,Mid (Meeting),5.17,20.23,343.25,3791.00,11499.37,762.36,,0,100,35.00,-95,4407687,-418730.27,3,fused
437239,000000437239.jpg,640x425,1,0.999954,1,1,TP,yolov8l_bsz4.ms,110.00,92.00,202.00,0.500,Mid (Meeting),5.17,20.23,343.25,3791.00,11499.37,762.36,,0,100,35.00,-95,4407687,-418730.27,3,fused
549390,000000549390.jpg,640x427,1,0.999954,1,1,TP,yolov8l_bsz4.ms,110.00,92.00,202.00,0.500,Mid (Meeting),5.17,20.23,343.25,3791.00,11499.37,762.36,,0,100,35.00,-95,4407687,-418730.27,3,fused
414673,000000414673.jpg,500x332,1,0.999954,1,1,TP,yolov8l_bsz4.ms,110.00,92.00,202.00,0.500,Mid (Meeting),5.17,20.23,343.25,3791.00,11499.37,762.36,,0,100,35.00,-95,4407687,-418730.27,3,fused
246963,000000246963.jpg,640x420,1,0.999953,1,1,TP,yolov8l_bsz4.ms,108.50,93.25,201.75,0.500,Mid (Meeting),5.19,20.30,297.38,3830.00,11499.37,800.02,,0,100,35.00,-91,4408140,-401140.74,3,fused
150649,000000150649.jpg,500x311,1,0.999953,1,1,TP,yolov8l_bsz4.ms,108.50,93.25,201.75,0.500,Mid (Meeting),5.19,20.30,297.38,3830.00,11499.37,800.02,,0,100,35.00,-91,4408140,-401140.74,3,fused
312489,000000312489.jpg,500x333,1,0.999952,1,1,TP,yolov8l_bsz4.ms,108.50,93.25,201.75,0.500,Mid (Meeting),5.19,20.30,297.38,3830.00,11499.37,800.02,,0,100,35.00,-91,4408140,-401140.74,3,fused
320696,000000320696.jpg,640x427,1,0.999952,1,1,TP,yolov8l_bsz4.ms,108.50,93.25,201.75,0.500,Mid (Meeting),5.19,20.30,297.38,3830.00,11499.37,800.02,,0,100,35.00,-91,4408140,-401140.74,3,fused
465549,000000465549.jpg,640x428,1,0.999951,1,1,TP,yolov8l_bsz4.ms,109.00,96.00,205.00,0.500,Mid (Meeting),8.21,20.30,365.34,3768.00,11499.37,736.26,,0,100,35.00,-138,4405910,-608015.58,3,fused
520264,000000520264.jpg,640x480,1,0.999950,1,1,TP,yolov8l_bsz4.ms,109.00,96.00,205.00,0.500,Mid (Meeting),8.21,20.30,365.34,3768.00,11499.37,736.26,,0,100,35.00,-138,4405910,-608015.58,3,fused
243148,000000243148.jpg,640x360,1,0.999950,1,1,TP,yolov8l_bsz4.ms,109.00,96.00,205.00,0.500,Mid (Meeting),8.21,20.30,365.34,3768.00,11499.37,736.26,,0,100,35.00,-138,4405910,-608015.58,3,fused
327701,000000327701.jpg,640x428,1,0.999949,1,1,TP,yolov8l_bsz4.ms,109.00,96.00,205.00,0.500,Mid (Meeting),8.21,20.30,365.34,3768.00,11499.37,736.26,,0,100,35.00,-138,4405910,-608015.58,3,fused
470779,000000470779.jpg,640x479,1,0.999949,1,1,TP,yolov8l_bsz4.ms,111.75,104.00,215.75,0.500,Mid (Meeting),5.61,20.30,361.70,3761.00,11499.37,727.98,,0,100,35.00,-84,4408443,-370309.21,3,fused
499031,000000499031.jpg,427x640,1,0.999949,1,1,TP,yolov8l_bsz4.ms,111.75,104.00,215.75,0.500,Mid (Meeting),5.61,20.30,361.70,3761.00,11499.37,727.98,,0,100,35.00,-84,4408443,-370309.21,3,fused
142620,000000142620.jpg,640x426,1,0.999948,1,1,TP,yolov8l_bsz4.ms,111.75,104.00,215.75,0.500,Mid (Meeting),5.61,20.30,361.70,3761.00,11499.37,727.98,,0,100,35.00,-84,4408443,-370309.21,3,fused
319100,000000319100.jpg,500x333,1,0.999948,1,1,TP,yolov8l_bsz4.ms,111.75,104.00,215.75,0.500,Mid (Meeting),5.61,20.30,361.70,3761.00,11499.37,727.98,,0,100,35.00,-84,4408443,-370309.21,3,fused
9590,000000009590.jpg,640x427,1,0.999947,1,1,TP,yolov8l_bsz4.ms,109.25,111.75,221.00,0.500,Mid (Meeting),5.45,20.79,344.36,3784.00,11499.37,750.66,,0,100,35.00,-82,4408498,-361496.84,3,fused
237118,000000237118.jpg,580x640,1,0.999947,1,1,TP,yolov8l_bsz4.ms,109.25,111.75,221.00,0.500,Mid (Meeting),5.45,20.79,344.36,3784.00,11499.37,750.66,,0,100,35.00,-82,4408498,-361496.84,3,fused
25057,000000025057.jpg,640x427,1,0.999946,1,1,TP,yolov8l_bsz4.ms,109.25,111.75,221.00,0.500,Mid (Meeting),5.45,20.79,344.36,3784.00,11499.37,750.66,,0,100,35.00,-82,4408498,-361496.84,3,fused
156076,000000156076.jpg,640x478,1,0.999945,1,1,TP,yolov8l_bsz4.ms,109.25,111.75,221.00,0.500,Mid (Meeting),5.45,20.79,344.36,3784.00,11499.37,750.66,,0,100,35.00,-82,4408498,-361496.84,3,fused
384666,000000384666.jpg,500x332,1,0.999945,1,1,TP,yolov8l_bsz4.ms,111.50,107.75,219.25,0.500,Mid (Meeting),5.40,20.79,298.71,3824.00,11499.37,789.22,,0,100,35.00,-93,4407927,-409937.21,3,fused
199442,000000199442.jpg,640x433,1,0.999945,1,1,TP,yolov8l_bsz4.ms,111.50,107.75,219.25,0.500,Mid (Meeting),5.40,20.79,298.71,3824.00,11499.37,789.22,,0,100,35.00,-93,4407927,-409937.21,3,fused
311394,000000311394.jpg,480x640,1,0.999944,1,1,TP,yolov8l_bsz4.ms,111.50,107.75,219.25,0.500,Mid (Meeting),5.40,20.79,298.71,3824.00,11499.37,789.22,,0,100,35.00,-93,4407927,-409937.21,3,fused
5060,000000005060.jpg,480x640,1,0.999944,1,1,TP,yolov8l_bsz4.ms,111.50,107.75,219.25,0.500,Mid (Meeting),5.40,20.79,298.71,3824.00,11499.37,789.22,,0,100,35.00,-93,4407927,-409937.21,3,fused
489339,000000489339.jpg,426x640,1,0.999944,1,1,TP,yolov8l_bsz4.ms,111.50,93.50,205.00,0.500,Mid (Meeting),5.14,20.75,366.07,3763.00,11499.37,727.46,,0,100,35.00,-97,4407787,-427555.34,3,fused
449432,000000449432.jpg,640x427,1,0.999944,1,1,TP,yolov8l_bsz4.ms,111.50,93.50,205.00,0.500,Mid (Meeting),5.14,20.75,366.07,3763.00,11499.37,727.46,,0,100,35.00,-97,4407787,-427555.34,3,fused
302452,000000302452.jpg,403x403,1,0.999943,1,1,TP,yolov8l_bsz4.ms,111.50,93.50,205.00,0.500,Mid (Meeting),5.14,20.75,366.07,3763.00,11499.37,727.46,,0,100,35.00,-97,4407787,-427555.34,3,fused
343803,000000343803.jpg,427x640,1,0.999943,1,1,TP,yolov8l_bsz4.ms,111.50,93.50,205.00,0.500,Mid (Meeting),5.14,20.75,366.07,3763.00,11499.37,727.46,,0,100,35.00,-97,4407787,-427555.34,3,fused
47801,000000047801.jpg,612x612,1,0.999943,1,1,TP,yolov8l_bsz4.ms,111.50,88.75,200.25,0.500,Mid (Meeting),5.01,20.75,445.51,3689.00,11499.37,652.36,,0,100,35.00,-168,4405037,-740046.22,3,fused
117425,000000117425.jpg,640x426,1,0.999941,1,1,TP,yolov8l_bsz4.ms,111.50,88.75,200.25,0.500,Mid (Meeting),5.01,20.75,445.51,3689.00,11499.37,652.36,,0,100,35.00,-168,4405037,-740046.22,3,fused
364126,000000364126.jpg,640x426,1,0.999941,1,1,TP,yolov8l_bsz4.ms,111.50,88.75,200.25,0.500,Mid (Meeting),5.01,20.75,445.51,3689.00,11499.37,652.36,,0,100,35.00,-168,4405037,-740046.22,3,fused
82812,000000082812.jpg,640x360,1,0.999941,1,1,TP,yolov8l_bsz4.ms,111.50,88.75,200.25,0.500,Mid (Meeting),5.01,20.75,445.51,3689.00,11499.37,652.36,,0,100,35.00,-168,4405037,-740046.22,3,fused
183437,000000183437.jpg,427x640,1,0.999940,1,1,TP,yolov8l_bsz4.ms,111.50,90.00,201.50,0.500,Mid (Meeting),4.98,20.75,524.56,3595.00,11499.37,557.68,,0,100,35.00,-89,4408197,-392329.53,3,fused
328601,000000328601.jpg,396x640,1,0.999939,1,1,TP,yolov8l_bsz4.ms,111.50,90.00,201.50,0.500,Mid (Meeting),4.98,20.75,524.56,3595.00,11499.37,557.68,,0,100,35.00,-89,4408197,-392329.53,3,fused
16249,000000016249.jpg,500x365,1,0.999939,1,1,TP,yolov8l_bsz4.ms,111.50,90.00,201.50,0.500,Mid (Meeting),4.98,20.75,524.56,3595.00,11499.37,557.68,,0,100,35.00,-89,4408197,-392329.53,3,fused
124442,000000124442.jpg,375x500,1,0.999938,1,1,TP,yolov8l_bsz4.ms,111.50,90.00,201.50,0.500,Mid (Meeting),4.98,20.75,524.56,3595.00,11499.37,557.68,,0,100,35.00,-89,4408197,-392329.53,3,fused
407298,000000407298.jpg,640x480,1,0.999937,1,1,TP,yolov8l_bsz4.ms,112.00,104.75,216.75,0.500,Mid (Meeting),4.90,20.03,606.02,3521.00,11499.37,482.21,,0,100,35.00,-86,4408049,-379092.21,3,fused
293625,000000293625.jpg,640x480,1,0.999936,1,1,TP,yolov8l_bsz4.ms,112.00,104.75,216.75,0.500,Mid (Meeting),4.90,20.03,606.02,3521.00,11499.37,482.21,,0,100,35.00,-86,4408049,-379092.21,3,fused
65736,000000065736.jpg,640x427,1,0.999936,1,1,TP,yolov8l_bsz4.ms,112.00,104.75,216.75,0.500,Mid (Meeting),4.90,20.03,606.02,3521.00,11499.37,482.21,,0,100,35.00,-86,4408049,-379092.21,3,fused
183391,000000183391.jpg,632x640,1,0.999936,1,1,TP,yolov8l_bsz4.ms,112.00,104.75,216.75,0.500,Mid (Meeting),4.90,20.03,606.02,3521.00,11499.37,482.21,,0,100,35.00,-86,4408049,-379092.21,3,fused
240250,000000240250.jpg,612x612,1,0.999935,1,1,TP,yolov8l_bsz4.ms,113.25,103.25,216.50,0.500,Mid (Meeting),4.84,20.03,685.13,3450.00,11499.37,410.02,,0,100,35.00,-112,4407160,-493601.92,3,fused
428867,000000428867.jpg,500x333,1,0.999935,0,0,FP,yolov8l_bsz4.ms,113.25,103.25,216.50,0.500,Mid (Meeting),4.84,20.03,685.13,3450.00,11499.37,410.02,,0,100,35.00,-112,4407160,-493601.92,3,fused
164883,000000164883.jpg,500x375,1,0.999935,1,1,TP,yolov8l_bsz4.ms,113.25,103.25,216.50,0.500,Mid (Meeting),4.84,20.03,685.13,3450.00,11499.37,410.02,,0,100,35.00,-112,4407160,-493601.92,3,fused
121744,000000121744.jpg,640x426,1,0.999934,1,1,TP,yolov8l_bsz4.ms,113.25,103.25,216.50,0.500,Mid (Meeting),4.84,20.03,685.13,3450.00,11499.37,410.02,,0,100,35.00,-112,4407160,-493601.92,3,fused
311928,000000311928.jpg,640x398,1,0.999933,1,1,TP,yolov8l_bsz4.ms,115.00,86.75,201.75,0.500,Mid (Meeting),4.77,20.16,765.16,3375.00,11499.37,334.19,,0,100,36.00,-104,4407489,-458378.86,3,fused
563882,000000563882.jpg,640x425,1,0.999933,1,1,TP,yolov8l_bsz4.ms,115.00,86.75,201.75,0.500,Mid (Meeting),4.77,20.16,765.16,3375.00,11499.37,334.19,,0,100,36.00,-104,4407489,-458378.86,3,fused
177357,000000177357.jpg,640x396,1,0.999932,1,1,TP,yolov8l_bsz4.ms,115.00,86.75,201.75,0.500,Mid (Meeting),4.77,20.16,765.16,3375.00,11499.37,334.19,,0,100,36.00,-104,4407489,-458378.86,3,fused
54593,000000054593.jpg,640x427,1,0.999931,1,1,TP,yolov8l_bsz4.ms,115.00,86.75,201.75,0.500,Mid (Meeting),4.77,20.16,765.16,3375.00,11499.37,334.19,,0,100,36.00,-104,4407489,-458378.86,3,fused
146457,000000146457.jpg,640x480,1,0.999931,1,1,TP,yolov8l_bsz4.ms,112.50,96.75,209.25,0.500,Mid (Meeting),4.76,20.16,687.76,3459.00,11499.37,416.58,,0,100,36.00,-127,4406725,-559654.07,3,fused
497599,000000497599.jpg,427x640,1,0.999930,1,1,TP,yolov8l_bsz4.ms,112.50,96.75,209.25,0.500,Mid (Meeting),4.76,20.16,687.76,3459.00,11499.37,416.58,,0,100,36.00,-127,4406725,-559654.07,3,fused
554156,000000554156.jpg,640x428,1,0.999930,1,1,TP,yolov8l_bsz4.ms,112.50,96.75,209.25,0.500,Mid (Meeting),4.76,20.16,687.76,3459.00,11499.37,416.58,,0,100,36.00,-127,4406725,-559654.07,3,fused
521259,000000521259.jpg,640x457,1,0.999929,1,1,TP,yolov8l_bsz4.ms,112.50,96.75,209.25,0.500,Mid (Meeting),4.76,20.16,687.76,3459.00,11499.37,416.58,,0,100,36.00,-127,4406725,-559654.07,3,fused
164602,000000164602.jpg,640x480,1,0.999928,1,1,TP,yolov8l_bsz4.ms,113.50,106.50,220.00,0.500,Mid (Meeting),8.42,20.16,765.31,3388.00,11499.37,344.28,,0,100,36.00,-96,4407961,-423164.26,3,fused
253695,000000253695.jpg,427x640,1,0.999928,1,1,TP,yolov8l_bsz4.ms,113.50,106.50,220.00,0.500,Mid (Meeting),8.42,20.16,765.31,3388.00,11499.37,344.28,,0,100,36.00,-96,4407961,-423164.26,3,fused
189775,000000189775.jpg,640x480,1,0.999927,1,1,TP,yolov8l_bsz4.ms,113.50,106.50,220.00,0.500,Mid (Meeting),8.42,20.16,765.31,3388.00,11499.37,344.28,,0,100,36.00,-96,4407961,-423164.26,3,fused
22705,000000022705.jpg,482x640,1,0.999927,1,1,TP,yolov8l_bsz4.ms,113.50,106.50,220.00,0.500,Mid (Meeting),8.42,20.16,765.31,3388.00,11499.37,344.28,,0,100,36.00,-96,4407961,-423164.26,3,fused
327592,000000327592.jpg,640x361,1,0.999926,1,1,TP,yolov8l_bsz4.ms,116.00,106.00,222.00,0.500,Mid (Meeting),4.87,17.08,842.74,3317.00,11499.37,272.24,,0,100,36.00,-100,4407882,-440788.20,3,fused
532481,000000532481.jpg,640x426,1,0.999925,1,1,TP,yolov8l_bsz4.ms,116.00,106.00,222.00,0.500,Mid (Meeting),4.87,17.08,842.74,3317.00,11499.37,272.24,,0,100,36.00,-100,4407882,-440788.20,3,fused
521956,000000521956.jpg,500x330,1,0.999925,1,1,TP,yolov8l_bsz4.ms,116.00,106.00,222.00,0.500,Mid (Meeting),4.87,17.08,842.74,3317.00,11499.37,272.24,,0,100,36.00,-100,4407882,-440788.20,3,fused
261116,000000261116.jpg,500x375,1,0.999924,1,1,TP,yolov8l_bsz4.ms,116.00,106.00,222.00,0.500,Mid (Meeting),4.87,17.08,842.74,3317.00,11499.37,272.24,,0,100,36.00,-100,4407882,-440788.20,3,fused
2685,000000002685.jpg,640x555,1,0.999924,1,1,TP,yolov8l_bsz4.ms,114.00,100.25,214.25,0.500,Mid (Meeting),5.19,17.08,364.09,3800.00,11499.37,753.55,,0,100,36.00,-99,4407828,-436374.97,3,fused
73533,000000073533.jpg,640x480,1,0.999923,1,1,TP,yolov8l_bsz4.ms,114.00,100.25,214.25,0.500,Mid (Meeting),5.19,17.08,364.09,3800.00,11499.37,753.55,,0,100,36.00,-99,4407828,-436374.97,3,fused
273711,000000273711.jpg,640x480,1,0.999922,1,1,TP,yolov8l_bsz4.ms,114.00,100.25,214.25,0.500,Mid (Meeting),5.19,17.08,364.09,3800.00,11499.37,753.55,,0,100,36.00,-99,4407828,-436374.97,3,fused
151657,000000151657.jpg,385x640,1,0.999922,1,1,TP,yolov8l_bsz4.ms,114.00,100.25,214.25,0.500,Mid (Meeting),5.19,17.08,364.09,3800.00,11499.37,753.55,,0,100,36.00,-99,4407828,-436374.97,3,fused
248616,000000248616.jpg,640x427,1,0.999922,1,1,TP,yolov8l_bsz4.ms,111.75,105.50,217.25,0.500,Mid (Meeting),4.90,19.79,438.34,3677.00,11499.37,629.18,,0,100,36.00,-98,4407776,-431962.05,3,fused
84031,000000084031.jpg,640x427,1,0.999921,1,1,TP,yolov8l_bsz4.ms,111.75,105.50,217.25,0.500,Mid (Meeting),4.90,19.79,438.34,3677.00,11499.37,629.18,,0,100,36.00,-98,4407776,-431962.05,3,fused
86755,000000086755.jpg,640x480,1,0.999919,1,1,TP,yolov8l_bsz4.ms,111.75,105.50,217.25,0.500,Mid (Meeting),4.90,19.79,438.34,3677.00,11499.37,629.18,,0,100,36.00,-98,4407776,-431962.05,3,fused
546976,000000546976.jpg,500x375,1,0.999919,1,1,TP,yolov8l_bsz4.ms,111.75,105.50,217.25,0.500,Mid (Meeting),4.90,19.79,438.34,3677.00,11499.37,629.18,,0,100,36.00,-98,4407776,-431962.05,3,fused
301867,000000301867.jpg,640x480,1,0.999918,1,1,TP,yolov8l_bsz4.ms,111.50,113.25,224.75,0.500,Mid (Meeting),4.83,19.79,503.97,3617.00,11499.37,568.61,,0,100,36.00,-82,4408211,-361473.30,3,fused
226147,000000226147.jpg,480x640,1,0.999918,1,1,TP,yolov8l_bsz4.ms,111.50,113.25,224.75,0.500,Mid (Meeting),4.83,19.79,503.97,3617.00,11499.37,568.61,,0,100,36.00,-82,4408211,-361473.30,3,fused
243989,000000243989.jpg,500x438,1,0.999917,1,1,TP,yolov8l_bsz4.ms,111.50,113.25,224.75,0.500,Mid (Meeting),4.83,19.79,503.97,3617.00,11499.37,568.61,,0,100,36.00,-82,4408211,-361473.30,3,fused
60823,000000060823.jpg,640x480,1,0.999916,1,1,TP,yolov8l_bsz4.ms,111.50,113.25,224.75,0.500,Mid (Meeting),4.83,19.79,503.97,3617.00,11499.37,568.61,,0,100,36.00,-82,4408211,-361473.30,3,fused
11197,000000011197.jpg,640x427,1,0.999914,1,1,TP,yolov8l_bsz4.ms,111.25,101.25,212.50,0.500,Mid (Meeting),4.87,19.73,319.11,3792.00,11499.37,741.76,,0,100,36.00,-79,4408409,-348264.31,3,fused
466986,000000466986.jpg,640x478,1,0.999914,1,1,TP,yolov8l_bsz4.ms,111.25,101.25,212.50,0.500,Mid (Meeting),4.87,19.73,319.11,3792.00,11499.37,741.76,,0,100,36.00,-79,4408409,-348264.31,3,fused
55150,000000055150.jpg,640x426,1,0.999914,1,1,TP,yolov8l_bsz4.ms,111.25,101.25,212.50,0.500,Mid (Meeting),4.87,19.73,319.11,3792.00,11499.37,741.76,,0,100,36.00,-79,4408409,-348264.31,3,fused
244496,000000244496.jpg,276x500,1,0.999914,1,1,TP,yolov8l_bsz4.ms,111.25,101.25,212.50,0.500,Mid (Meeting),4.87,19.73,319.11,3792.00,11499.37,741.76,,0,100,36.00,-79,4408409,-348264.31,3,fused
97924,000000097924.jpg,600x400,1,0.999911,1,1,TP,yolov8l_bsz4.ms,115.00,107.50,222.50,0.500,Mid (Meeting),4.82,19.73,384.73,3731.00,11499.37,680.34,,0,100,36.00,-138,4406132,-608046.22,3,fused
190753,000000190753.jpg,640x478,1,0.999911,1,1,TP,yolov8l_bsz4.ms,115.00,107.50,222.50,0.500,Mid (Meeting),4.82,19.73,384.73,3731.00,11499.37,680.34,,0,100,36.00,-138,4406132,-608046.22,3,fused
363207,000000363207.jpg,640x480,1,0.999908,1,1,TP,yolov8l_bsz4.ms,115.00,107.50,222.50,0.500,Mid (Meeting),4.82,19.73,384.73,3731.00,11499.37,680.34,,0,100,36.00,-138,4406132,-608046.22,3,fused
438876,000000438876.jpg,500x333,1,0.999908,1,1,TP,yolov8l_bsz4.ms,115.00,107.50,222.50,0.500,Mid (Meeting),4.82,19.73,384.73,3731.00,11499.37,680.34,,0,100,36.00,-138,4406132,-608046.22,3,fused
345252,000000345252.jpg,640x479,1,0.999907,1,1,TP,yolov8l_bsz4.ms,115.25,102.25,217.50,0.500,Mid (Meeting),4.80,19.73,464.24,3658.00,11499.37,605.57,,0,100,36.00,-80,4408489,-352679.12,3,fused
516038,000000516038.jpg,480x640,1,0.999906,1,1,TP,yolov8l_bsz4.ms,115.25,102.25,217.50,0.500,Mid (Meeting),4.80,19.73,464.24,3658.00,11499.37,605.57,,0,100,36.00,-80,4408489,-352679.12,3,fused
529762,000000529762.jpg,640x480,1,0.999905,1,1,TP,yolov8l_bsz4.ms,115.25,102.25,217.50,0.500,Mid (Meeting),4.80,19.73,464.24,3658.00,11499.37,605.57,,0,100,36.00,-80,4408489,-352679.12,3,fused
465836,000000465836.jpg,500x375,1,0.999904,1,1,TP,yolov8l_bsz4.ms,115.25,102.25,217.50,0.500,Mid (Meeting),4.80,19.73,464.24,3658.00,11499.37,605.57,,0,100,36.00,-80,4408489,-352679.12,3,fused
261097,000000261097.jpg,333x500,1,0.999904,1,1,TP,yolov8l_bsz4.ms,114.25,93.00,207.25,0.500,Mid (Meeting),4.82,19.31,370.96,3744.00,11499.37,690.44,,0,100,36.00,-84,4408241,-370292.24,3,fused
153669,000000153669.jpg,640x427,1,0.999904,1,1,TP,yolov8l_bsz4.ms,114.25,93.00,207.25,0.500,Mid (Meeting),4.82,19.31,370.96,3744.00,11499.37,690.44,,0,100,36.00,-84,4408241,-370292.24,3,fused
180560,000000180560.jpg,640x426,1,0.999903,1,1,TP,yolov8l_bsz4.ms,114.25,93.00,207.25,0.500,Mid (Meeting),4.82,19.31,370.96,3744.00,11499.37,690.44,,0,100,36.00,-84,4408241,-370292.24,3,fused
163562,000000163562.jpg,500x333,1,0.999902,1,1,TP,yolov8l_bsz4.ms,114.25,93.00,207.25,0.500,Mid (Meeting),4.82,19.31,370.96,3744.00,11499.37,690.44,,0,100,36.00,-84,4408241,-370292.24,3,fused
468965,000000468965.jpg,640x480,1,0.999901,1,1,TP,yolov8l_bsz4.ms,113.00,99.00,212.00,0.500,Mid (Meeting),4.76,19.31,440.99,3680.00,11499.37,625.30,,0,100,36.00,-84,4408267,-370294.43,3,fused
36539,000000036539.jpg,427x640,1,0.999901,1,1,TP,yolov8l_bsz4.ms,113.00,99.00,212.00,0.500,Mid (Meeting),4.76,19.31,440.99,3680.00,11499.37,625.30,,0,100,36.00,-84,4408267,-370294.43,3,fused
384808,000000384808.jpg,375x500,1,0.999901,1,1,TP,yolov8l_bsz4.ms,113.00,99.00,212.00,0.500,Mid (Meeting),4.76,19.31,440.99,3680.00,11499.37,625.30,,0,100,36.00,-84,4408267,-370294.43,3,fused
473406,000000473406.jpg,480x640,1,0.999900,1,1,TP,yolov8l_bsz4.ms,113.00,99.00,212.00,0.500,Mid (Meeting),4.76,19.31,440.99,3680.00,11499.37,625.30,,0,100,36.00,-84,4408267,-370294.43,3,fused
138115,000000138115.jpg,448x621,1,0.999898,1,1,TP,yolov8l_bsz4.ms,112.25,109.00,221.25,0.500,Mid (Meeting),4.77,19.31,368.76,3749.00,11499.37,693.84,,0,100,36.00,-243,4402272,-1069752.10,3,fused
126137,000000126137.jpg,640x427,1,0.999898,1,1,TP,yolov8l_bsz4.ms,112.25,109.00,221.25,0.500,Mid (Meeting),4.77,19.31,368.76,3749.00,11499.37,693.84,,0,100,36.00,-243,4402272,-1069752.10,3,fused
137294,000000137294.jpg,640x427,1,0.999897,1,1,TP,yolov8l_bsz4.ms,112.25,109.00,221.25,0.500,Mid (Meeting),4.77,19.31,368.76,3749.00,11499.37,693.84,,0,100,36.00,-243,4402272,-1069752.10,3,fused
381639,000000381639.jpg,584x640,1,0.999895,1,1,TP,yolov8l_bsz4.ms,112.25,109.00,221.25,0.500,Mid (Meeting),4.77,19.31,368.76,3749.00,11499.37,693.84,,0,100,36.00,-243,4402272,-1069752.10,3,fused
303893,000000303893.jpg,640x427,1,0.999895,1,1,TP,yolov8l_bsz4.ms,113.75,111.25,225.00,0.500,Mid (Meeting),11.73,19.14,442.28,3679.00,11499.37,621.78,,0,100,36.00,-289,4400015,-1271604.33,3,fused
32901,000000032901.jpg,640x546,1,0.999894,1,1,TP,yolov8l_bsz4.ms,113.75,111.25,225.00,0.500,Mid (Meeting),11.73,19.14,442.28,3679.00,11499.37,621.78,,0,100,36.00,-289,4400015,-1271604.33,3,fused
145665,000000145665.jpg,429x640,1,0.999894,1,1,TP,yolov8l_bsz4.ms,113.75,111.25,225.00,0.500,Mid (Meeting),11.73,19.14,442.28,3679.00,11499.37,621.78,,0,100,36.00,-289,4400015,-1271604.33,3,fused
454067,000000454067.jpg,500x406,1,0.999893,1,1,TP,yolov8l_bsz4.ms,113.75,111.25,225.00,0.500,Mid (Meeting),11.73,19.14,442.28,3679.00,11499.37,621.78,,0,100,36.00,-289,4400015,-1271604.33,3,fused
460683,000000460683.jpg,478x640,1,0.999893,1,1,TP,yolov8l_bsz4.ms,113.25,97.25,210.50,0.500,Mid (Meeting),6.04,19.14,348.79,3768.00,11499.37,710.43,,0,100,36.00,-308,4399255,-1354970.54,3,fused
495732,000000495732.jpg,427x640,1,0.999893,1,1,TP,yolov8l_bsz4.ms,113.25,97.25,210.50,0.500,Mid (Meeting),6.04,19.14,348.79,3768.00,11499.37,710.43,,0,100,36.00,-308,4399255,-1354970.54,3,fused
565877,000000565877.jpg,427x640,1,0.999892,1,1,TP,yolov8l_bsz4.ms,113.25,97.25,210.50,0.500,Mid (Meeting),6.04,19.14,348.79,3768.00,11499.37,710.43,,0,100,36.00,-308,4399255,-1354970.54,3,fused
282037,000000282037.jpg,640x449,1,0.999890,1,1,TP,yolov8l_bsz4.ms,113.25,97.25,210.50,0.500,Mid (Meeting),6.04,19.14,348.79,3768.00,11499.37,710.43,,0,100,36.00,-308,4399255,-1354970.54,3,fused
270474,000000270474.jpg,500x375,1,0.999890,1,1,TP,yolov8l_bsz4.ms,114.50,101.50,216.00,0.500,Mid (Meeting),5.35,18.98,422.25,3699.00,11499.37,639.84,,0,100,36.00,-327,4398169,-1438201.26,3,fused
280918,000000280918.jpg,640x480,1,0.999889,1,1,TP,yolov8l_bsz4.ms,114.50,101.50,216.00,0.500,Mid (Meeting),5.35,18.98,422.25,3699.00,11499.37,639.84,,0,100,36.00,-327,4398169,-1438201.26,3,fused
262487,000000262487.jpg,640x480,1,0.999888,1,1,TP,yolov8l_bsz4.ms,114.50,101.50,216.00,0.500,Mid (Meeting),5.35,18.98,422.25,3699.00,11499.37,639.84,,0,100,36.00,-327,4398169,-1438201.26,3,fused
447611,000000447611.jpg,500x334,1,0.999888,1,1,TP,yolov8l_bsz4.ms,114.50,101.50,216.00,0.500,Mid (Meeting),5.35,18.98,422.25,3699.00,11499.37,639.84,,0,100,36.00,-327,4398169,-1438201.26,3,fused
347254,000000347254.jpg,375x500,1,0.999888,1,1,TP,yolov8l_bsz4.ms,114.25,94.75,209.00,0.500,Mid (Meeting),5.31,18.98,347.84,3770.00,11499.37,708.68,,0,100,36.00,-187,4402979,-823357.07,3,fused
163057,000000163057.jpg,640x480,1,0.999886,1,1,TP,yolov8l_bsz4.ms,114.25,94.75,209.00,0.500,Mid (Meeting),5.31,18.98,347.84,3770.00,11499.37,708.68,,0,100,36.00,-187,4402979,-823357.07,3,fused
15497,000000015497.jpg,640x480,1,0.999884,0,0,FP,yolov8l_bsz4.ms,114.25,94.75,209.00,0.500,Mid (Meeting),5.31,18.98,347.84,3770.00,11499.37,708.68,,0,100,36.00,-187,4402979,-823357.07,3,fused
442456,000000442456.jpg,640x356,1,0.999883,1,1,TP,yolov8l_bsz4.ms,114.25,94.75,209.00,0.500,Mid (Meeting),5.31,18.98,347.84,3770.00,11499.37,708.68,,0,100,36.00,-187,4402979,-823357.07,3,fused
94871,000000094871.jpg,480x640,1,0.999883,1,1,TP,yolov8l_bsz4.ms,114.25,106.00,220.25,0.500,Mid (Meeting),5.12,19.22,422.83,3701.00,11499.37,639.46,,0,100,36.00,-300,4399087,-1319726.10,3,fused
458045,000000458045.jpg,500x375,1,0.999882,1,1,TP,yolov8l_bsz4.ms,114.25,106.00,220.25,0.500,Mid (Meeting),5.12,19.22,422.83,3701.00,11499.37,639.46,,0,100,36.00,-300,4399087,-1319726.10,3,fused
13659,000000013659.jpg,640x480,1,0.999880,1,1,TP,yolov8l_bsz4.ms,114.25,106.00,220.25,0.500,Mid (Meeting),5.12,19.22,422.83,3701.00,11499.37,639.46,,0,100,36.00,-300,4399087,-1319726.10,3,fused
544444,000000544444.jpg,427x640,1,0.999879,1,1,TP,yolov8l_bsz4.ms,114.25,106.00,220.25,0.500,Mid (Meeting),5.12,19.22,422.83,3701.00,11499.37,639.46,,0,100,36.00,-300,4399087,-1319726.10,3,fused
287347,000000287347.jpg,478x640,1,0.999877,1,1,TP,yolov8l_bsz4.ms,113.50,95.50,209.00,0.500,Mid (Meeting),5.03,19.22,367.82,3749.00,11499.37,685.69,,0,100,36.00,-269,4399990,-1183597.31,3,fused
263425,000000263425.jpg,640x428,1,0.999875,1,1,TP,yolov8l_bsz4.ms,113.50,95.50,209.00,0.500,Mid (Meeting),5.03,19.22,367.82,3749.00,11499.37,685.69,,0,100,36.00,-269,4399990,-1183597.31,3,fused
133343,000000133343.jpg,295x480,1,0.999873,1,1,TP,yolov8l_bsz4.ms,113.50,95.50,209.00,0.500,Mid (Meeting),5.03,19.22,367.82,3749.00,11499.37,685.69,,0,100,36.00,-269,4399990,-1183597.31,3,fused
515025,000000515025.jpg,640x427,1,0.999872,1,1,TP,yolov8l_bsz4.ms,113.50,95.50,209.00,0.500,Mid (Meeting),5.03,19.22,367.82,3749.00,11499.37,685.69,,0,100,36.00,-269,4399990,-1183597.31,3,fused
501005,000000501005.jpg,640x396,1,0.999870,1,1,TP,yolov8l_bsz4.ms,111.75,95.00,206.75,0.500,Mid (Meeting),4.99,19.22,289.43,3832.00,11499.37,768.12,,0,100,36.00,-275,4399496,-1209861.40,3,fused
148739,000000148739.jpg,640x426,1,0.999870,1,1,TP,yolov8l_bsz4.ms,111.75,95.00,206.75,0.500,Mid (Meeting),4.99,19.22,289.43,3832.00,11499.37,768.12,,0,100,36.00,-275,4399496,-1209861.40,3,fused
302536,000000302536.jpg,500x375,1,0.999867,1,1,TP,yolov8l_bsz4.ms,111.75,95.00,206.75,0.500,Mid (Meeting),4.99,19.22,289.43,3832.00,11499.37,768.12,,0,100,36.00,-275,4399496,-1209861.40,3,fused
261318,000000261318.jpg,427x640,1,0.999866,1,1,TP,yolov8l_bsz4.ms,111.75,95.00,206.75,0.500,Mid (Meeting),4.99,19.22,289.43,3832.00,11499.37,768.12,,0,100,36.00,-275,4399496,-1209861.40,3,fused
120420,000000120420.jpg,640x480,1,0.999865,1,1,TP,yolov8l_bsz4.ms,115.50,92.25,207.75,0.500,Mid (Meeting),4.93,19.06,367.73,3759.00,11499.37,694.16,,0,100,36.00,-403,4395002,-1771185.81,3,fused
370486,000000370486.jpg,421x640,1,0.999865,1,1,TP,yolov8l_bsz4.ms,115.50,92.25,207.75,0.500,Mid (Meeting),4.93,19.06,367.73,3759.00,11499.37,694.16,,0,100,36.00,-403,4395002,-1771185.81,3,fused
172877,000000172877.jpg,640x480,1,0.999861,1,1,TP,yolov8l_bsz4.ms,115.50,92.25,207.75,0.500,Mid (Meeting),4.93,19.06,367.73,3759.00,11499.37,694.16,,0,100,36.00,-403,4395002,-1771185.81,3,fused
229601,000000229601.jpg,640x427,1,0.999860,1,1,TP,yolov8l_bsz4.ms,115.50,92.25,207.75,0.500,Mid (Meeting),4.93,19.06,367.73,3759.00,11499.37,694.16,,0,100,36.00,-403,4395002,-1771185.81,3,fused
575081,000000575081.jpg,640x427,1,0.999859,1,1,TP,yolov8l_bsz4.ms,120.00,98.50,218.50,0.500,Mid (Meeting),4.88,19.06,370.77,3746.00,11499.37,679.48,,0,100,36.00,-246,4400292,-1082471.83,3,fused
357978,000000357978.jpg,500x375,1,0.999858,1,1,TP,yolov8l_bsz4.ms,120.00,98.50,218.50,0.500,Mid (Meeting),4.88,19.06,370.77,3746.00,11499.37,679.48,,0,100,36.00,-246,4400292,-1082471.83,3,fused
336209,000000336209.jpg,640x432,1,0.999856,1,1,TP,yolov8l_bsz4.ms,120.00,98.50,218.50,0.500,Mid (Meeting),4.88,19.06,370.77,3746.00,11499.37,679.48,,0,100,36.00,-246,4400292,-1082471.83,3,fused
62692,000000062692.jpg,427x640,1,0.999852,1,1,TP,yolov8l_bsz4.ms,120.00,98.50,218.50,0.500,Mid (Meeting),4.88,19.06,370.77,3746.00,11499.37,679.48,,0,100,36.00,-246,4400292,-1082471.83,3,fused
569825,000000569825.jpg,338x500,1,0.999851,1,1,TP,yolov8l_bsz4.ms,115.00,103.25,218.25,0.500,Mid (Meeting),4.90,19.06,342.75,3781.00,11499.37,713.93,,0,100,36.00,-273,4399427,-1201043.57,3,fused
239717,000000239717.jpg,554x640,1,0.999848,1,1,TP,yolov8l_bsz4.ms,115.00,103.25,218.25,0.500,Mid (Meeting),4.90,19.06,342.75,3781.00,11499.37,713.93,,0,100,36.00,-273,4399427,-1201043.57,3,fused
64462,000000064462.jpg,500x378,1,0.999845,1,1,TP,yolov8l_bsz4.ms,115.00,103.25,218.25,0.500,Mid (Meeting),4.90,19.06,342.75,3781.00,11499.37,713.93,,0,100,36.00,-273,4399427,-1201043.57,3,fused
2473,000000002473.jpg,640x427,1,0.999843,1,1,TP,yolov8l_bsz4.ms,115.00,103.25,218.25,0.500,Mid (Meeting),4.90,19.06,342.75,3781.00,11499.37,713.93,,0,100,36.00,-273,4399427,-1201043.57,3,fused
176857,000000176857.jpg,500x375,1,0.999843,1,1,TP,yolov8l_bsz4.ms,113.00,95.00,208.00,0.500,Mid (Meeting),4.91,19.02,287.86,3829.00,11499.37,760.91,,0,100,36.00,-312,4397681,-1372076.47,3,fused
325347,000000325347.jpg,640x359,1,0.999841,1,1,TP,yolov8l_bsz4.ms,113.00,95.00,208.00,0.500,Mid (Meeting),4.91,19.02,287.86,3829.00,11499.37,760.91,,0,100,36.00,-312,4397681,-1372076.47,3,fused
515982,000000515982.jpg,640x426,1,0.999840,1,1,TP,yolov8l_bsz4.ms,113.00,95.00,208.00,0.500,Mid (Meeting),4.91,19.02,287.86,3829.00,11499.37,760.91,,0,100,36.00,-312,4397681,-1372076.47,3,fused
284698,000000284698.jpg,375x500,1,0.999839,1,1,TP,yolov8l_bsz4.ms,113.00,95.00,208.00,0.500,Mid (Meeting),4.91,19.02,287.86,3829.00,11499.37,760.91,,0,100,36.00,-312,4397681,-1372076.47,3,fused
388903,000000388903.jpg,500x332,1,0.999838,1,1,TP,yolov8l_bsz4.ms,113.25,103.75,217.00,0.500,Mid (Meeting),7.69,19.02,364.97,3758.00,11499.37,688.24,,0,100,36.00,-291,4398191,-1279873.58,3,fused
419974,000000419974.jpg,426x640,1,0.999834,1,1,TP,yolov8l_bsz4.ms,113.25,103.75,217.00,0.500,Mid (Meeting),7.69,19.02,364.97,3758.00,11499.37,688.24,,0,100,36.00,-291,4398191,-1279873.58,3,fused
560474,000000560474.jpg,640x480,1,0.999834,1,1,TP,yolov8l_bsz4.ms,113.25,103.75,217.00,0.500,Mid (Meeting),7.69,19.02,364.97,3758.00,11499.37,688.24,,0,100,36.00,-291,4398191,-1279873.58,3,fused
569976,000000569976.jpg,480x640,1,0.999833,1,1,TP,yolov8l_bsz4.ms,113.25,103.75,217.00,0.500,Mid (Meeting),7.69,19.02,364.97,3758.00,11499.37,688.24,,0,100,36.00,-291,4398191,-1279873.58,3,fused
228214,000000228214.jpg,429x640,1,0.999832,1,1,TP,yolov8l_bsz4.ms,116.50,95.00,211.50,0.500,Mid (Meeting),4.86,18.28,363.28,3754.00,11499.37,682.57,,0,100,36.00,-268,4399499,-1179065.73,3,fused
371042,000000371042.jpg,640x428,1,0.999831,1,1,TP,yolov8l_bsz4.ms,116.50,95.00,211.50,0.500,Mid (Meeting),4.86,18.28,363.28,3754.00,11499.37,682.57,,0,100,36.00,-268,4399499,-1179065.73,3,fused
450559,000000450559.jpg,427x640,1,0.999831,1,1,TP,yolov8l_bsz4.ms,116.50,95.00,211.50,0.500,Mid (Meeting),4.86,18.28,363.28,3754.00,11499.37,682.57,,0,100,36.00,-268,4399499,-1179065.73,3,fused
231508,000000231508.jpg,335x500,1,0.999829,1,1,TP,yolov8l_bsz4.ms,116.50,95.00,211.50,0.500,Mid (Meeting),4.86,18.28,363.28,3754.00,11499.37,682.57,,0,100,36.00,-268,4399499,-1179065.73,3,fused
258541,000000258541.jpg,336x448,1,0.999826,1,1,TP,yolov8l_bsz4.ms,113.50,94.50,208.00,0.500,Mid (Meeting),4.81,18.28,342.59,3778.00,11499.37,706.77,,0,100,36.00,-272,4398846,-1196486.11,3,fused
154425,000000154425.jpg,640x425,1,0.999825,1,1,TP,yolov8l_bsz4.ms,113.50,94.50,208.00,0.500,Mid (Meeting),4.81,18.28,342.59,3778.00,11499.37,706.77,,0,100,36.00,-272,4398846,-1196486.11,3,fused
396863,000000396863.jpg,640x426,1,0.999825,1,1,TP,yolov8l_bsz4.ms,113.50,94.50,208.00,0.500,Mid (Meeting),4.81,18.28,342.59,3778.00,11499.37,706.77,,0,100,36.00,-272,4398846,-1196486.11,3,fused
213830,000000213830.jpg,640x427,1,0.999822,1,1,TP,yolov8l_bsz4.ms,113.50,94.50,208.00,0.500,Mid (Meeting),4.81,18.28,342.59,3778.00,11499.37,706.77,,0,100,36.00,-272,4398846,-1196486.11,3,fused
194471,000000194471.jpg,334x500,1,0.999820,1,1,TP,yolov8l_bsz4.ms,113.25,99.50,212.75,0.500,Mid (Meeting),4.83,18.28,301.41,3809.00,11499.37,736.65,,0,100,36.00,-223,4400244,-981254.41,3,fused
399764,000000399764.jpg,427x640,1,0.999819,1,1,TP,yolov8l_bsz4.ms,113.25,99.50,212.75,0.500,Mid (Meeting),4.83,18.28,301.41,3809.00,11499.37,736.65,,0,100,36.00,-223,4400244,-981254.41,3,fused
130599,000000130599.jpg,640x480,1,0.999818,1,1,TP,yolov8l_bsz4.ms,113.25,99.50,212.75,0.500,Mid (Meeting),4.83,18.28,301.41,3809.00,11499.37,736.65,,0,100,36.00,-223,4400244,-981254.41,3,fused
521819,000000521819.jpg,640x480,1,0.999818,1,1,TP,yolov8l_bsz4.ms,113.25,99.50,212.75,0.500,Mid (Meeting),4.83,18.28,301.41,3809.00,11499.37,736.65,,0,100,36.00,-223,4400244,-981254.41,3,fused
437205,000000437205.jpg,383x640,1,0.999816,1,1,TP,yolov8l_bsz4.ms,116.00,98.50,214.50,0.500,Mid (Meeting),4.78,18.38,367.16,3751.00,11499.37,677.59,,0,100,36.00,-292,4398280,-1284297.76,3,fused
345397,000000345397.jpg,500x375,1,0.999815,1,1,TP,yolov8l_bsz4.ms,116.00,98.50,214.50,0.500,Mid (Meeting),4.78,18.38,367.16,3751.00,11499.37,677.59,,0,100,36.00,-292,4398280,-1284297.76,3,fused
398377,000000398377.jpg,500x375,1,0.999814,1,1,TP,yolov8l_bsz4.ms,116.00,98.50,214.50,0.500,Mid (Meeting),4.78,18.38,367.16,3751.00,11499.37,677.59,,0,100,36.00,-292,4398280,-1284297.76,3,fused
57672,000000057672.jpg,640x480,1,0.999812,1,1,TP,yolov8l_bsz4.ms,116.00,98.50,214.50,0.500,Mid (Meeting),4.78,18.38,367.16,3751.00,11499.37,677.59,,0,100,36.00,-292,4398280,-1284297.76,3,fused
210789,000000210789.jpg,369x520,1,0.999808,1,1,TP,yolov8l_bsz4.ms,115.75,97.75,213.50,0.500,Mid (Meeting),4.76,18.38,360.78,3743.00,11499.37,668.49,,0,100,36.00,-282,4398252,-1240307.06,3,fused
166478,000000166478.jpg,640x426,1,0.999806,1,1,TP,yolov8l_bsz4.ms,115.75,97.75,213.50,0.500,Mid (Meeting),4.76,18.38,360.78,3743.00,11499.37,668.49,,0,100,36.00,-282,4398252,-1240307.06,3,fused
270883,000000270883.jpg,640x393,1,0.999803,1,1,TP,yolov8l_bsz4.ms,115.75,97.75,213.50,0.500,Mid (Meeting),4.76,18.38,360.78,3743.00,11499.37,668.49,,0,100,36.00,-282,4398252,-1240307.06,3,fused
198928,000000198928.jpg,480x640,1,0.999799,1,1,TP,yolov8l_bsz4.ms,115.75,97.75,213.50,0.500,Mid (Meeting),4.76,18.38,360.78,3743.00,11499.37,668.49,,0,100,36.00,-282,4398252,-1240307.06,3,fused
447314,000000447314.jpg,640x458,1,0.999792,1,1,TP,yolov8l_bsz4.ms,115.00,101.00,216.00,0.500,Mid (Meeting),4.82,20.27,344.73,3739.00,11499.37,663.40,,0,100,36.00,-270,4399143,-1187768.61,3,fused
529148,000000529148.jpg,640x426,1,0.999790,1,1,TP,yolov8l_bsz4.ms,115.00,101.00,216.00,0.500,Mid (Meeting),4.82,20.27,344.73,3739.00,11499.37,663.40,,0,100,36.00,-270,4399143,-1187768.61,3,fused
127660,000000127660.jpg,640x513,1,0.999787,1,1,TP,yolov8l_bsz4.ms,115.00,101.00,216.00,0.500,Mid (Meeting),4.82,20.27,344.73,3739.00,11499.37,663.40,,0,100,36.00,-270,4399143,-1187768.61,3,fused
256192,000000256192.jpg,640x480,1,0.999786,1,1,TP,yolov8l_bsz4.ms,115.00,101.00,216.00,0.500,Mid (Meeting),4.82,20.27,344.73,3739.00,11499.37,663.40,,0,100,36.00,-270,4399143,-1187768.61,3,fused
157756,000000157756.jpg,480x640,1,0.999786,1,1,TP,yolov8l_bsz4.ms,116.25,106.50,222.75,0.500,Mid (Meeting),4.82,20.27,290.05,3763.00,11499.37,685.40,,0,100,36.00,-290,4397937,-1275401.73,3,fused
492282,000000492282.jpg,480x640,1,0.999785,1,1,TP,yolov8l_bsz4.ms,116.25,106.50,222.75,0.500,Mid (Meeting),4.82,20.27,290.05,3763.00,11499.37,685.40,,0,100,36.00,-290,4397937,-1275401.73,3,fused
427655,000000427655.jpg,427x640,1,0.999784,1,1,TP,yolov8l_bsz4.ms,116.25,106.50,222.75,0.500,Mid (Meeting),4.82,20.27,290.05,3763.00,11499.37,685.40,,0,100,36.00,-290,4397937,-1275401.73,3,fused
242724,000000242724.jpg,640x480,1,0.999781,1,1,TP,yolov8l_bsz4.ms,116.25,106.50,222.75,0.500,Mid (Meeting),4.82,20.27,290.05,3763.00,11499.37,685.40,,0,100,36.00,-290,4397937,-1275401.73,3,fused
193245,000000193245.jpg,500x375,1,0.999778,1,1,TP,yolov8l_bsz4.ms,113.50,102.50,216.00,0.500,Mid (Meeting),4.74,21.39,364.64,3708.00,11499.37,628.64,,0,100,36.00,-252,4399072,-1108566.14,3,fused
283785,000000283785.jpg,500x336,1,0.999777,1,1,TP,yolov8l_bsz4.ms,113.50,102.50,216.00,0.500,Mid (Meeting),4.74,21.39,364.64,3708.00,11499.37,628.64,,0,100,36.00,-252,4399072,-1108566.14,3,fused
495146,000000495146.jpg,640x480,1,0.999777,1,1,TP,yolov8l_bsz4.ms,113.50,102.50,216.00,0.500,Mid (Meeting),4.74,21.39,364.64,3708.00,11499.37,628.64,,0,100,36.00,-252,4399072,-1108566.14,3,fused
19432,000000019432.jpg,640x480,1,0.999772,1,1,TP,yolov8l_bsz4.ms,113.50,102.50,216.00,0.500,Mid (Meeting),4.74,21.39,364.64,3708.00,11499.37,628.64,,0,100,36.00,-252,4399072,-1108566.14,3,fused
50811,000000050811.jpg,640x605,1,0.999770,1,1,TP,yolov8l_bsz4.ms,115.50,107.25,222.75,0.500,Mid (Meeting),4.81,21.39,366.59,3730.00,11499.37,649.99,,0,100,36.00,-253,4399326,-1113029.48,3,fused
252776,000000252776.jpg,418x640,1,0.999768,1,1,TP,yolov8l_bsz4.ms,115.50,107.25,222.75,0.500,Mid (Meeting),4.81,21.39,366.59,3730.00,11499.37,649.99,,0,100,36.00,-253,4399326,-1113029.48,3,fused
395801,000000395801.jpg,640x480,1,0.999768,1,1,TP,yolov8l_bsz4.ms,115.50,107.25,222.75,0.500,Mid (Meeting),4.81,21.39,366.59,3730.00,11499.37,649.99,,0,100,36.00,-253,4399326,-1113029.48,3,fused
7977,000000007977.jpg,429x640,1,0.999768,1,1,TP,yolov8l_bsz4.ms,115.50,107.25,222.75,0.500,Mid (Meeting),4.81,21.39,366.59,3730.00,11499.37,649.99,,0,100,36.00,-253,4399326,-1113029.48,3,fused
288862,000000288862.jpg,427x640,1,0.999768,1,1,TP,yolov8l_bsz4.ms,114.25,90.00,204.25,0.500,Mid (Meeting),4.78,21.39,341.66,3748.00,11499.37,666.54,,0,100,36.00,-248,4399154,-1090990.19,3,fused
1490,000000001490.jpg,640x315,1,0.999766,1,1,TP,yolov8l_bsz4.ms,114.25,90.00,204.25,0.500,Mid (Meeting),4.78,21.39,341.66,3748.00,11499.37,666.54,,0,100,36.00,-248,4399154,-1090990.19,3,fused
459195,000000459195.jpg,500x375,1,0.999765,1,1,TP,yolov8l_bsz4.ms,114.25,90.00,204.25,0.500,Mid (Meeting),4.78,21.39,341.66,3748.00,11499.37,666.54,,0,100,36.00,-248,4399154,-1090990.19,3,fused
43816,000000043816.jpg,640x426,1,0.999760,1,1,TP,yolov8l_bsz4.ms,114.25,90.00,204.25,0.500,Mid (Meeting),4.78,21.39,341.66,3748.00,11499.37,666.54,,0,100,36.00,-248,4399154,-1090990.19,3,fused
533493,000000533493.jpg,500x281,1,0.999759,1,1,TP,yolov8l_bsz4.ms,116.25,103.00,219.25,0.500,Mid (Meeting),4.80,20.59,302.65,3809.00,11499.37,726.90,,0,100,36.00,-329,4395961,-1446271.17,3,fused
535306,000000535306.jpg,500x333,1,0.999757,1,1,TP,yolov8l_bsz4.ms,116.25,103.00,219.25,0.500,Mid (Meeting),4.80,20.59,302.65,3809.00,11499.37,726.90,,0,100,36.00,-329,4395961,-1446271.17,3,fused
383838,000000383838.jpg,640x588,1,0.999753,1,1,TP,yolov8l_bsz4.ms,116.25,103.00,219.25,0.500,Mid (Meeting),4.80,20.59,302.65,3809.00,11499.37,726.90,,0,100,36.00,-329,4395961,-1446271.17,3,fused
73702,000000073702.jpg,464x640,1,0.999749,1,1,TP,yolov8l_bsz4.ms,116.25,103.00,219.25,0.500,Mid (Meeting),4.80,20.59,302.65,3809.00,11499.37,726.90,,0,100,36.00,-329,4395961,-1446271.17,3,fused
461751,000000461751.jpg,640x569,1,0.999746,1,1,TP,yolov8l_bsz4.ms,115.00,96.75,211.75,0.500,Mid (Meeting),4.90,20.59,367.99,3737.00,11499.37,654.24,,0,100,36.00,-296,4397490,-1301657.04,3,fused
498747,000000498747.jpg,640x480,1,0.999746,1,1,TP,yolov8l_bsz4.ms,115.00,96.75,211.75,0.500,Mid (Meeting),4.90,20.59,367.99,3737.00,11499.37,654.24,,0,100,36.00,-296,4397490,-1301657.04,3,fused
537270,000000537270.jpg,640x480,1,0.999746,1,1,TP,yolov8l_bsz4.ms,115.00,96.75,211.75,0.500,Mid (Meeting),4.90,20.59,367.99,3737.00,11499.37,654.24,,0,100,36.00,-296,4397490,-1301657.04,3,fused
532690,000000532690.jpg,528x640,1,0.999742,1,1,TP,yolov8l_bsz4.ms,115.00,96.75,211.75,0.500,Mid (Meeting),4.90,20.59,367.99,3737.00,11499.37,654.24,,0,100,36.00,-296,4397490,-1301657.04,3,fused
49759,000000049759.jpg,640x457,1,0.999742,1,1,TP,yolov8l_bsz4.ms,115.25,103.00,218.25,0.500,Mid (Meeting),4.87,19.98,362.95,3749.00,11499.37,664.22,,0,100,36.00,-258,4398917,-1134920.59,3,fused
413689,000000413689.jpg,640x426,1,0.999740,1,1,TP,yolov8l_bsz4.ms,115.25,103.00,218.25,0.500,Mid (Meeting),4.87,19.98,362.95,3749.00,11499.37,664.22,,0,100,36.00,-258,4398917,-1134920.59,3,fused
177934,000000177934.jpg,640x480,1,0.999737,1,1,TP,yolov8l_bsz4.ms,115.25,103.00,218.25,0.500,Mid (Meeting),4.87,19.98,362.95,3749.00,11499.37,664.22,,0,100,36.00,-258,4398917,-1134920.59,3,fused
31296,000000031296.jpg,640x425,1,0.999733,1,1,TP,yolov8l_bsz4.ms,115.25,103.00,218.25,0.500,Mid (Meeting),4.87,19.98,362.95,3749.00,11499.37,664.22,,0,100,36.00,-258,4398917,-1134920.59,3,fused
572900,000000572900.jpg,640x480,1,0.999733,1,1,TP,yolov8l_bsz4.ms,114.50,99.75,214.25,0.500,Mid (Meeting),4.85,19.98,342.75,3759.00,11499.37,673.54,,0,100,36.00,-263,4398538,-1156815.49,3,fused
451714,000000451714.jpg,480x640,1,0.999732,1,1,TP,yolov8l_bsz4.ms,114.50,99.75,214.25,0.500,Mid (Meeting),4.85,19.98,342.75,3759.00,11499.37,673.54,,0,100,36.00,-263,4398538,-1156815.49,3,fused
451084,000000451084.jpg,426x640,1,0.999727,1,1,TP,yolov8l_bsz4.ms,114.50,99.75,214.25,0.500,Mid (Meeting),4.85,19.98,342.75,3759.00,11499.37,673.54,,0,100,36.00,-263,4398538,-1156815.49,3,fused
18519,000000018519.jpg,515x640,1,0.999725,1,1,TP,yolov8l_bsz4.ms,114.50,99.75,214.25,0.500,Mid (Meeting),4.85,19.98,342.75,3759.00,11499.37,673.54,,0,100,36.00,-263,4398538,-1156815.49,3,fused
122166,000000122166.jpg,640x480,1,0.999721,1,1,TP,yolov8l_bsz4.ms,115.00,99.75,214.75,0.500,Mid (Meeting),4.89,19.98,290.11,3817.00,11499.37,730.71,,0,100,36.00,-238,4399088,-1046982.94,3,fused
458755,000000458755.jpg,640x480,1,0.999719,1,1,TP,yolov8l_bsz4.ms,115.00,99.75,214.75,0.500,Mid (Meeting),4.89,19.98,290.11,3817.00,11499.37,730.71,,0,100,36.00,-238,4399088,-1046982.94,3,fused
551439,000000551439.jpg,427x640,1,0.999719,1,1,TP,yolov8l_bsz4.ms,115.00,99.75,214.75,0.500,Mid (Meeting),4.89,19.98,290.11,3817.00,11499.37,730.71,,0,100,36.00,-238,4399088,-1046982.94,3,fused
576955,000000576955.jpg,640x427,1,0.999717,1,1,TP,yolov8l_bsz4.ms,115.00,99.75,214.75,0.500,Mid (Meeting),4.89,19.98,290.11,3817.00,11499.37,730.71,,0,100,36.00,-238,4399088,-1046982.94,3,fused
297595,000000297595.jpg,640x427,1,0.999717,1,1,TP,yolov8l_bsz4.ms,114.00,105.00,219.00,0.500,Mid (Meeting),4.86,18.88,365.19,3737.00,11499.37,649.29,,0,100,36.00,-230,4399782,-1011949.86,3,fused
199236,000000199236.jpg,640x424,1,0.999715,1,1,TP,yolov8l_bsz4.ms,114.00,105.00,219.00,0.500,Mid (Meeting),4.86,18.88,365.19,3737.00,11499.37,649.29,,0,100,36.00,-230,4399782,-1011949.86,3,fused
173008,000000173008.jpg,640x480,1,0.999714,1,1,TP,yolov8l_bsz4.ms,114.00,105.00,219.00,0.500,Mid (Meeting),4.86,18.88,365.19,3737.00,11499.37,649.29,,0,100,36.00,-230,4399782,-1011949.86,3,fused
492362,000000492362.jpg,427x640,1,0.999708,1,1,TP,yolov8l_bsz4.ms,114.00,105.00,219.00,0.500,Mid (Meeting),4.86,18.88,365.19,3737.00,11499.37,649.29,,0,100,36.00,-230,4399782,-1011949.86,3,fused
506707,000000506707.jpg,640x427,1,0.999708,1,1,TP,yolov8l_bsz4.ms,113.75,116.50,230.25,0.500,Mid (Meeting),4.87,18.88,367.74,3741.00,11499.37,651.78,,0,100,36.00,-264,4398546,-1161216.14,3,fused
142324,000000142324.jpg,640x480,1,0.999706,1,1,TP,yolov8l_bsz4.ms,113.75,116.50,230.25,0.500,Mid (Meeting),4.87,18.88,367.74,3741.00,11499.37,651.78,,0,100,36.00,-264,4398546,-1161216.14,3,fused
404923,000000404923.jpg,640x480,1,0.999705,1,1,TP,yolov8l_bsz4.ms,113.75,116.50,230.25,0.500,Mid (Meeting),4.87,18.88,367.74,3741.00,11499.37,651.78,,0,100,36.00,-264,4398546,-1161216.14,3,fused
270677,000000270677.jpg,634x640,1,0.999705,1,1,TP,yolov8l_bsz4.ms,113.75,116.50,230.25,0.500,Mid (Meeting),4.87,18.88,367.74,3741.00,11499.37,651.78,,0,100,36.00,-264,4398546,-1161216.14,3,fused
579070,000000579070.jpg,640x427,1,0.999704,1,1,TP,yolov8l_bsz4.ms,115.00,110.75,225.75,0.500,Mid (Meeting),4.94,18.95,345.04,3769.00,11499.37,678.66,,0,100,36.00,-256,4398719,-1126072.06,3,fused
361551,000000361551.jpg,480x640,1,0.999702,1,1,TP,yolov8l_bsz4.ms,115.00,110.75,225.75,0.500,Mid (Meeting),4.94,18.95,345.04,3769.00,11499.37,678.66,,0,100,36.00,-256,4398719,-1126072.06,3,fused
491008,000000491008.jpg,640x427,1,0.999697,1,1,TP,yolov8l_bsz4.ms,115.00,110.75,225.75,0.500,Mid (Meeting),4.94,18.95,345.04,3769.00,11499.37,678.66,,0,100,36.00,-256,4398719,-1126072.06,3,fused
389812,000000389812.jpg,640x480,1,0.999695,1,1,TP,yolov8l_bsz4.ms,115.00,110.75,225.75,0.500,Mid (Meeting),4.94,18.95,345.04,3769.00,11499.37,678.66,,0,100,36.00,-256,4398719,-1126072.06,3,fused
137246,000000137246.jpg,500x333,1,0.999693,1,1,TP,yolov8l_bsz4.ms,119.25,91.50,210.75,0.500,Mid (Meeting),4.92,18.95,298.49,3805.00,11499.37,712.51,,0,100,36.00,-240,4399103,-1055784.72,3,fused
277005,000000277005.jpg,640x426,1,0.999691,1,1,TP,yolov8l_bsz4.ms,119.25,91.50,210.75,0.500,Mid (Meeting),4.92,18.95,298.49,3805.00,11499.37,712.51,,0,100,36.00,-240,4399103,-1055784.72,3,fused
244833,000000244833.jpg,640x428,1,0.999685,1,1,TP,yolov8l_bsz4.ms,119.25,91.50,210.75,0.500,Mid (Meeting),4.92,18.95,298.49,3805.00,11499.37,712.51,,0,100,36.00,-240,4399103,-1055784.72,3,fused
489305,000000489305.jpg,305x229,1,0.999685,1,1,TP,yolov8l_bsz4.ms,119.25,91.50,210.75,0.500,Mid (Meeting),4.92,18.95,298.49,3805.00,11499.37,712.51,,0,100,36.00,-240,4399103,-1055784.72,3,fused
350002,000000350002.jpg,427x640,1,0.999684,1,1,TP,yolov8l_bsz4.ms,113.50,104.75,218.25,0.500,Mid (Meeting),4.88,18.95,366.47,3742.00,11499.37,649.23,,0,100,36.00,-247,4399251,-1086615.00,3,fused
872,000000000872.jpg,621x640,1,0.999684,1,1,TP,yolov8l_bsz4.ms,113.50,104.75,218.25,0.500,Mid (Meeting),4.88,18.95,366.47,3742.00,11499.37,649.23,,0,100,36.00,-247,4399251,-1086615.00,3,fused
319184,000000319184.jpg,500x294,1,0.999681,1,1,TP,yolov8l_bsz4.ms,113.50,104.75,218.25,0.500,Mid (Meeting),4.88,18.95,366.47,3742.00,11499.37,649.23,,0,100,36.00,-247,4399251,-1086615.00,3,fused
83172,000000083172.jpg,640x427,1,0.999670,1,1,TP,yolov8l_bsz4.ms,113.50,104.75,218.25,0.500,Mid (Meeting),4.88,18.95,366.47,3742.00,11499.37,649.23,,0,100,36.00,-247,4399251,-1086615.00,3,fused
580197,000000580197.jpg,640x480,1,0.999665,1,1,TP,yolov8l_bsz4.ms,114.50,115.75,230.25,0.500,Mid (Meeting),4.89,18.41,363.92,3740.00,11499.37,645.70,,0,100,36.00,-243,4399389,-1069051.53,3,fused
68387,000000068387.jpg,640x480,1,0.999663,1,1,TP,yolov8l_bsz4.ms,114.50,115.75,230.25,0.500,Mid (Meeting),4.89,18.41,363.92,3740.00,11499.37,645.70,,0,100,36.00,-243,4399389,-1069051.53,3,fused
170474,000000170474.jpg,640x476,1,0.999663,1,1,TP,yolov8l_bsz4.ms,114.50,115.75,230.25,0.500,Mid (Meeting),4.89,18.41,363.92,3740.00,11499.37,645.70,,0,100,36.00,-243,4399389,-1069051.53,3,fused
402720,000000402720.jpg,612x612,1,0.999654,1,1,TP,yolov8l_bsz4.ms,114.50,115.75,230.25,0.500,Mid (Meeting),4.89,18.41,363.92,3740.00,11499.37,645.70,,0,100,36.00,-243,4399389,-1069051.53,3,fused
581317,000000581317.jpg,640x354,1,0.999645,1,1,TP,yolov8l_bsz4.ms,118.25,77.25,195.50,0.500,Mid (Meeting),4.92,18.41,344.51,3765.00,11499.37,669.82,,0,100,36.00,-479,4389685,-2102659.12,3,fused
125572,000000125572.jpg,640x427,1,0.999644,1,1,TP,yolov8l_bsz4.ms,118.25,77.25,195.50,0.500,Mid (Meeting),4.92,18.41,344.51,3765.00,11499.37,669.82,,0,100,36.00,-479,4389685,-2102659.12,3,fused
257624,000000257624.jpg,424x640,1,0.999643,1,1,TP,yolov8l_bsz4.ms,118.25,77.25,195.50,0.500,Mid (Meeting),4.92,18.41,344.51,3765.00,11499.37,669.82,,0,100,36.00,-479,4389685,-2102659.12,3,fused
206135,000000206135.jpg,332x500,1,0.999642,0,0,FP,yolov8l_bsz4.ms,118.25,77.25,195.50,0.500,Mid (Meeting),4.92,18.41,344.51,3765.00,11499.37,669.82,,0,100,36.00,-479,4389685,-2102659.12,3,fused
18770,000000018770.jpg,640x428,1,0.999639,1,1,TP,yolov8l_bsz4.ms,115.00,103.25,218.25,0.500,Mid (Meeting),4.84,20.48,293.47,3808.00,11499.37,729.43,,0,100,36.00,-301,4397193,-1323555.09,3,fused
78748,000000078748.jpg,640x480,1,0.999634,1,1,TP,yolov8l_bsz4.ms,115.00,103.25,218.25,0.500,Mid (Meeting),4.84,20.48,293.47,3808.00,11499.37,729.43,,0,100,36.00,-301,4397193,-1323555.09,3,fused
556158,000000556158.jpg,480x640,1,0.999631,1,1,TP,yolov8l_bsz4.ms,115.00,103.25,218.25,0.500,Mid (Meeting),4.84,20.48,293.47,3808.00,11499.37,729.43,,0,100,36.00,-301,4397193,-1323555.09,3,fused
463174,000000463174.jpg,640x427,1,0.999621,1,1,TP,yolov8l_bsz4.ms,115.00,103.25,218.25,0.500,Mid (Meeting),4.84,20.48,293.47,3808.00,11499.37,729.43,,0,100,36.00,-301,4397193,-1323555.09,3,fused
89078,000000089078.jpg,479x640,1,0.999617,1,1,TP,yolov8l_bsz4.ms,116.25,96.00,212.25,0.500,Mid (Meeting),4.59,20.48,368.16,3739.00,11499.37,659.44,,0,100,36.00,-296,4397414,-1301634.54,3,fused
38118,000000038118.jpg,640x427,1,0.999615,1,1,TP,yolov8l_bsz4.ms,116.25,96.00,212.25,0.500,Mid (Meeting),4.59,20.48,368.16,3739.00,11499.37,659.44,,0,100,36.00,-296,4397414,-1301634.54,3,fused
65798,000000065798.jpg,640x480,1,0.999609,1,1,TP,yolov8l_bsz4.ms,116.25,96.00,212.25,0.500,Mid (Meeting),4.59,20.48,368.16,3739.00,11499.37,659.44,,0,100,36.00,-296,4397414,-1301634.54,3,fused
42102,000000042102.jpg,246x640,1,0.999605,1,1,TP,yolov8l_bsz4.ms,116.25,96.00,212.25,0.500,Mid (Meeting),4.59,20.48,368.16,3739.00,11499.37,659.44,,0,100,36.00,-296,4397414,-1301634.54,3,fused
450686,000000450686.jpg,511x640,1,0.999600,1,1,TP,yolov8l_bsz4.ms,117.50,107.50,225.00,0.500,Mid (Meeting),4.69,20.30,367.40,3734.00,11499.37,653.12,,0,100,36.00,-284,4397658,-1248934.87,3,fused
569030,000000569030.jpg,500x375,1,0.999593,1,1,TP,yolov8l_bsz4.ms,117.50,107.50,225.00,0.500,Mid (Meeting),4.69,20.30,367.40,3734.00,11499.37,653.12,,0,100,36.00,-284,4397658,-1248934.87,3,fused
311392,000000311392.jpg,640x427,1,0.999584,1,1,TP,yolov8l_bsz4.ms,117.50,107.50,225.00,0.500,Mid (Meeting),4.69,20.30,367.40,3734.00,11499.37,653.12,,0,100,36.00,-284,4397658,-1248934.87,3,fused
256775,000000256775.jpg,640x480,1,0.999573,1,1,TP,yolov8l_bsz4.ms,117.50,107.50,225.00,0.500,Mid (Meeting),4.69,20.30,367.40,3734.00,11499.37,653.12,,0,100,36.00,-284,4397658,-1248934.87,3,fused
350019,000000350019.jpg,426x640,1,0.999571,1,1,TP,yolov8l_bsz4.ms,114.00,99.25,213.25,0.500,Mid (Meeting),4.80,20.30,348.65,3760.00,11499.37,677.38,,0,100,36.00,-131,4402773,-576763.26,3,fused
132703,000000132703.jpg,426x640,1,0.999570,1,1,TP,yolov8l_bsz4.ms,114.00,99.25,213.25,0.500,Mid (Meeting),4.80,20.30,348.65,3760.00,11499.37,677.38,,0,100,36.00,-131,4402773,-576763.26,3,fused
61960,000000061960.jpg,640x371,1,0.999568,1,1,TP,yolov8l_bsz4.ms,114.00,99.25,213.25,0.500,Mid (Meeting),4.80,20.30,348.65,3760.00,11499.37,677.38,,0,100,36.00,-131,4402773,-576763.26,3,fused
72795,000000072795.jpg,640x480,1,0.999554,1,1,TP,yolov8l_bsz4.ms,114.00,99.25,213.25,0.500,Mid (Meeting),4.80,20.30,348.65,3760.00,11499.37,677.38,,0,100,36.00,-131,4402773,-576763.26,3,fused
471756,000000471756.jpg,640x427,1,0.999553,1,1,TP,yolov8l_bsz4.ms,115.00,98.00,213.00,0.500,Mid (Meeting),4.80,20.30,285.05,3807.00,11499.37,723.38,,0,100,36.00,-245,4399158,-1077793.71,3,fused
190637,000000190637.jpg,428x640,1,0.999552,1,1,TP,yolov8l_bsz4.ms,115.00,98.00,213.00,0.500,Mid (Meeting),4.80,20.30,285.05,3807.00,11499.37,723.38,,0,100,36.00,-245,4399158,-1077793.71,3,fused
354547,000000354547.jpg,427x640,1,0.999552,1,1,TP,yolov8l_bsz4.ms,115.00,98.00,213.00,0.500,Mid (Meeting),4.80,20.30,285.05,3807.00,11499.37,723.38,,0,100,36.00,-245,4399158,-1077793.71,3,fused
61747,000000061747.jpg,640x574,1,0.999546,1,1,TP,yolov8l_bsz4.ms,115.00,98.00,213.00,0.500,Mid (Meeting),4.80,20.30,285.05,3807.00,11499.37,723.38,,0,100,36.00,-245,4399158,-1077793.71,3,fused
248752,000000248752.jpg,500x375,1,0.999544,1,1,TP,yolov8l_bsz4.ms,115.00,122.75,237.75,0.500,Mid (Meeting),4.83,18.29,365.78,3737.00,11499.37,653.06,,0,100,36.00,-292,4397029,-1283932.47,3,fused
297084,000000297084.jpg,612x612,1,0.999544,1,1,TP,yolov8l_bsz4.ms,115.00,122.75,237.75,0.500,Mid (Meeting),4.83,18.29,365.78,3737.00,11499.37,653.06,,0,100,36.00,-292,4397029,-1283932.47,3,fused
346703,000000346703.jpg,550x640,1,0.999543,1,1,TP,yolov8l_bsz4.ms,115.00,122.75,237.75,0.500,Mid (Meeting),4.83,18.29,365.78,3737.00,11499.37,653.06,,0,100,36.00,-292,4397029,-1283932.47,3,fused
326542,000000326542.jpg,640x480,1,0.999539,1,1,TP,yolov8l_bsz4.ms,115.00,122.75,237.75,0.500,Mid (Meeting),4.83,18.29,365.78,3737.00,11499.37,653.06,,0,100,36.00,-292,4397029,-1283932.47,3,fused
218997,000000218997.jpg,640x622,1,0.999539,1,1,TP,yolov8l_bsz4.ms,114.50,111.00,225.50,0.500,Mid (Meeting),4.89,18.29,365.24,3729.00,11499.37,644.66,,0,100,36.00,-305,4396776,-1341016.68,3,fused
239773,000000239773.jpg,500x344,1,0.999537,1,1,TP,yolov8l_bsz4.ms,114.50,111.00,225.50,0.500,Mid (Meeting),4.89,18.29,365.24,3729.00,11499.37,644.66,,0,100,36.00,-305,4396776,-1341016.68,3,fused
436617,000000436617.jpg,640x425,1,0.999536,1,1,TP,yolov8l_bsz4.ms,114.50,111.00,225.50,0.500,Mid (Meeting),4.89,18.29,365.24,3729.00,11499.37,644.66,,0,100,36.00,-305,4396776,-1341016.68,3,fused
226417,000000226417.jpg,500x333,1,0.999531,1,1,TP,yolov8l_bsz4.ms,114.50,111.00,225.50,0.500,Mid (Meeting),4.89,18.29,365.24,3729.00,11499.37,644.66,,0,100,36.00,-305,4396776,-1341016.68,3,fused
38829,000000038829.jpg,640x427,1,0.999518,1,1,TP,yolov8l_bsz4.ms,116.25,97.25,213.50,0.500,Mid (Meeting),4.89,18.50,343.16,3757.00,11499.37,671.42,,0,100,36.00,-186,4400548,-818501.93,3,fused
303566,000000303566.jpg,640x426,1,0.999518,1,1,TP,yolov8l_bsz4.ms,116.25,97.25,213.50,0.500,Mid (Meeting),4.89,18.50,343.16,3757.00,11499.37,671.42,,0,100,36.00,-186,4400548,-818501.93,3,fused
206838,000000206838.jpg,640x480,1,0.999511,1,1,TP,yolov8l_bsz4.ms,116.25,97.25,213.50,0.500,Mid (Meeting),4.89,18.50,343.16,3757.00,11499.37,671.42,,0,100,36.00,-186,4400548,-818501.93,3,fused
319721,000000319721.jpg,480x640,1,0.999509,1,1,TP,yolov8l_bsz4.ms,116.25,97.25,213.50,0.500,Mid (Meeting),4.89,18.50,343.16,3757.00,11499.37,671.42,,0,100,36.00,-186,4400548,-818501.93,3,fused
507223,000000507223.jpg,480x640,1,0.999506,1,1,TP,yolov8l_bsz4.ms,114.75,103.50,218.25,0.500,Mid (Meeting),4.91,18.50,293.89,3811.00,11499.37,725.11,,0,100,37.00,-155,4402140,-682331.70,3,fused
440171,000000440171.jpg,411x640,1,0.999504,1,1,TP,yolov8l_bsz4.ms,114.75,103.50,218.25,0.500,Mid (Meeting),4.91,18.50,293.89,3811.00,11499.37,725.11,,0,100,37.00,-155,4402140,-682331.70,3,fused
146831,000000146831.jpg,640x428,1,0.999503,1,1,TP,yolov8l_bsz4.ms,114.75,103.50,218.25,0.500,Mid (Meeting),4.91,18.50,293.89,3811.00,11499.37,725.11,,0,100,37.00,-155,4402140,-682331.70,3,fused
108026,000000108026.jpg,640x428,1,0.999502,1,1,TP,yolov8l_bsz4.ms,114.75,103.50,218.25,0.500,Mid (Meeting),4.91,18.50,293.89,3811.00,11499.37,725.11,,0,100,37.00,-155,4402140,-682331.70,3,fused
180487,000000180487.jpg,640x427,1,0.999497,1,1,TP,yolov8l_bsz4.ms,114.25,105.50,219.75,0.500,Mid (Meeting),4.88,18.76,365.71,3734.00,11499.37,646.02,,0,100,37.00,-332,4395736,-1459384.35,3,fused
245448,000000245448.jpg,640x480,1,0.999497,1,1,TP,yolov8l_bsz4.ms,114.25,105.50,219.75,0.500,Mid (Meeting),4.88,18.76,365.71,3734.00,11499.37,646.02,,0,100,37.00,-332,4395736,-1459384.35,3,fused
257370,000000257370.jpg,640x480,1,0.999494,1,1,TP,yolov8l_bsz4.ms,114.25,105.50,219.75,0.500,Mid (Meeting),4.88,18.76,365.71,3734.00,11499.37,646.02,,0,100,37.00,-332,4395736,-1459384.35,3,fused
93717,000000093717.jpg,640x427,1,0.999487,1,1,TP,yolov8l_bsz4.ms,114.25,105.50,219.75,0.500,Mid (Meeting),4.88,18.76,365.71,3734.00,11499.37,646.02,,0,100,37.00,-332,4395736,-1459384.35,3,fused
223955,000000223955.jpg,500x333,1,0.999484,1,1,TP,yolov8l_bsz4.ms,113.50,114.25,227.75,0.500,Mid (Meeting),8.33,18.76,362.34,3742.00,11499.37,653.20,,0,100,37.00,-332,4395736,-1459384.35,3,fused
396200,000000396200.jpg,640x427,1,0.999484,1,1,TP,yolov8l_bsz4.ms,113.50,114.25,227.75,0.500,Mid (Meeting),8.33,18.76,362.34,3742.00,11499.37,653.20,,0,100,37.00,-332,4395736,-1459384.35,3,fused
123633,000000123633.jpg,640x480,1,0.999477,1,1,TP,yolov8l_bsz4.ms,113.50,114.25,227.75,0.500,Mid (Meeting),8.33,18.76,362.34,3742.00,11499.37,653.20,,0,100,37.00,-332,4395736,-1459384.35,3,fused
99024,000000099024.jpg,640x482,1,0.999471,1,1,TP,yolov8l_bsz4.ms,113.50,114.25,227.75,0.500,Mid (Meeting),8.33,18.76,362.34,3742.00,11499.37,653.20,,0,100,37.00,-332,4395736,-1459384.35,3,fused
283268,000000283268.jpg,640x427,1,0.999467,1,1,TP,yolov8l_bsz4.ms,113.00,113.50,226.50,0.500,Mid (Meeting),5.19,18.76,343.99,3751.00,11499.37,660.46,,0,100,37.00,-165,4401878,-726309.87,3,fused
459662,000000459662.jpg,640x480,1,0.999467,1,1,TP,yolov8l_bsz4.ms,113.00,113.50,226.50,0.500,Mid (Meeting),5.19,18.76,343.99,3751.00,11499.37,660.46,,0,100,37.00,-165,4401878,-726309.87,3,fused
58705,000000058705.jpg,640x482,1,0.999463,1,1,TP,yolov8l_bsz4.ms,113.00,113.50,226.50,0.500,Mid (Meeting),5.19,18.76,343.99,3751.00,11499.37,660.46,,0,100,37.00,-165,4401878,-726309.87,3,fused
577932,000000577932.jpg,640x543,1,0.999462,1,1,TP,yolov8l_bsz4.ms,113.00,113.50,226.50,0.500,Mid (Meeting),5.19,18.76,343.99,3751.00,11499.37,660.46,,0,100,37.00,-165,4401878,-726309.87,3,fused
372577,000000372577.jpg,480x640,1,0.999461,1,1,TP,yolov8l_bsz4.ms,114.00,102.25,216.25,0.500,Mid (Meeting),5.25,18.39,287.27,3814.00,11499.37,721.98,,0,100,37.00,-254,4398193,-1117141.02,3,fused
428218,000000428218.jpg,640x480,1,0.999459,1,1,TP,yolov8l_bsz4.ms,114.00,102.25,216.25,0.500,Mid (Meeting),5.25,18.39,287.27,3814.00,11499.37,721.98,,0,100,37.00,-254,4398193,-1117141.02,3,fused
313454,000000313454.jpg,640x388,1,0.999449,1,1,TP,yolov8l_bsz4.ms,114.00,102.25,216.25,0.500,Mid (Meeting),5.25,18.39,287.27,3814.00,11499.37,721.98,,0,100,37.00,-254,4398193,-1117141.02,3,fused
325838,000000325838.jpg,640x480,1,0.999440,1,1,TP,yolov8l_bsz4.ms,114.00,102.25,216.25,0.500,Mid (Meeting),5.25,18.39,287.27,3814.00,11499.37,721.98,,0,100,37.00,-254,4398193,-1117141.02,3,fused
376112,000000376112.jpg,426x640,1,0.999438,1,1,TP,yolov8l_bsz4.ms,114.25,105.00,219.25,0.500,Mid (Meeting),4.99,18.39,365.72,3729.00,11499.37,636.27,,0,100,37.00,-214,4400062,-941613.27,3,fused
239857,000000239857.jpg,500x333,1,0.999430,1,1,TP,yolov8l_bsz4.ms,114.25,105.00,219.25,0.500,Mid (Meeting),4.99,18.39,365.72,3729.00,11499.37,636.27,,0,100,37.00,-214,4400062,-941613.27,3,fused
444142,000000444142.jpg,427x640,1,0.999416,1,1,TP,yolov8l_bsz4.ms,114.25,105.00,219.25,0.500,Mid (Meeting),4.99,18.39,365.72,3729.00,11499.37,636.27,,0,100,37.00,-214,4400062,-941613.27,3,fused
554579,000000554579.jpg,494x640,1,0.999414,1,1,TP,yolov8l_bsz4.ms,114.25,105.00,219.25,0.500,Mid (Meeting),4.99,18.39,365.72,3729.00,11499.37,636.27,,0,100,37.00,-214,4400062,-941613.27,3,fused
376322,000000376322.jpg,478x640,1,0.999406,1,1,TP,yolov8l_bsz4.ms,115.00,93.25,208.25,0.500,Mid (Meeting),4.88,18.51,363.31,3735.00,11499.37,640.93,,0,100,37.00,-282,4397703,-1240152.25,3,fused
502737,000000502737.jpg,480x640,1,0.999405,1,1,TP,yolov8l_bsz4.ms,115.00,93.25,208.25,0.500,Mid (Meeting),4.88,18.51,363.31,3735.00,11499.37,640.93,,0,100,37.00,-282,4397703,-1240152.25,3,fused
509014,000000509014.jpg,640x281,1,0.999398,1,1,TP,yolov8l_bsz4.ms,115.00,93.25,208.25,0.500,Mid (Meeting),4.88,18.51,363.31,3735.00,11499.37,640.93,,0,100,37.00,-282,4397703,-1240152.25,3,fused
319369,000000319369.jpg,640x432,1,0.999390,1,1,TP,yolov8l_bsz4.ms,115.00,93.25,208.25,0.500,Mid (Meeting),4.88,18.51,363.31,3735.00,11499.37,640.93,,0,100,37.00,-282,4397703,-1240152.25,3,fused
127394,000000127394.jpg,409x640,1,0.999376,1,1,TP,yolov8l_bsz4.ms,114.50,98.75,213.25,0.500,Mid (Meeting),4.90,18.51,343.07,3753.00,11499.37,657.99,,0,100,37.00,-164,4400951,-721755.96,3,fused
190923,000000190923.jpg,375x500,1,0.999374,1,1,TP,yolov8l_bsz4.ms,114.50,98.75,213.25,0.500,Mid (Meeting),4.90,18.51,343.07,3753.00,11499.37,657.99,,0,100,37.00,-164,4400951,-721755.96,3,fused
261732,000000261732.jpg,640x438,1,0.999371,1,1,TP,yolov8l_bsz4.ms,114.50,98.75,213.25,0.500,Mid (Meeting),4.90,18.51,343.07,3753.00,11499.37,657.99,,0,100,37.00,-164,4400951,-721755.96,3,fused
187362,000000187362.jpg,640x425,1,0.999361,1,1,TP,yolov8l_bsz4.ms,114.50,98.75,213.25,0.500,Mid (Meeting),4.90,18.51,343.07,3753.00,11499.37,657.99,,0,100,37.00,-164,4400951,-721755.96,3,fused
280710,000000280710.jpg,640x480,1,0.999357,1,1,TP,yolov8l_bsz4.ms,114.50,94.75,209.25,0.500,Mid (Meeting),4.90,18.51,291.40,3809.00,11499.37,713.79,,0,100,37.00,-261,4398329,-1147963.87,3,fused
341921,000000341921.jpg,640x478,1,0.999357,1,1,TP,yolov8l_bsz4.ms,114.50,94.75,209.25,0.500,Mid (Meeting),4.90,18.51,291.40,3809.00,11499.37,713.79,,0,100,37.00,-261,4398329,-1147963.87,3,fused
39951,000000039951.jpg,640x445,1,0.999349,1,1,TP,yolov8l_bsz4.ms,114.50,94.75,209.25,0.500,Mid (Meeting),4.90,18.51,291.40,3809.00,11499.37,713.79,,0,100,37.00,-261,4398329,-1147963.87,3,fused
172946,000000172946.jpg,427x640,1,0.999339,1,1,TP,yolov8l_bsz4.ms,114.50,94.75,209.25,0.500,Mid (Meeting),4.90,18.51,291.40,3809.00,11499.37,713.79,,0,100,37.00,-261,4398329,-1147963.87,3,fused
214753,000000214753.jpg,640x424,1,0.999337,1,1,TP,yolov8l_bsz4.ms,116.75,109.75,226.50,0.500,Mid (Meeting),4.87,18.59,368.50,3725.00,11499.37,623.88,,0,100,37.00,-306,4396202,-1345237.81,3,fused
9448,000000009448.jpg,551x640,1,0.999321,1,1,TP,yolov8l_bsz4.ms,116.75,109.75,226.50,0.500,Mid (Meeting),4.87,18.59,368.50,3725.00,11499.37,623.88,,0,100,37.00,-306,4396202,-1345237.81,3,fused
7088,000000007088.jpg,478x640,1,0.999319,1,1,TP,yolov8l_bsz4.ms,116.75,109.75,226.50,0.500,Mid (Meeting),4.87,18.59,368.50,3725.00,11499.37,623.88,,0,100,37.00,-306,4396202,-1345237.81,3,fused
479248,000000479248.jpg,640x480,1,0.999319,1,1,TP,yolov8l_bsz4.ms,116.75,109.75,226.50,0.500,Mid (Meeting),4.87,18.59,368.50,3725.00,11499.37,623.88,,0,100,37.00,-306,4396202,-1345237.81,3,fused
297562,000000297562.jpg,640x480,1,0.999311,1,1,TP,yolov8l_bsz4.ms,117.25,101.25,218.50,0.500,Mid (Meeting),4.84,18.59,366.35,3818.00,11499.37,716.82,,0,100,37.00,-301,4396075,-1323218.57,3,fused
547886,000000547886.jpg,640x427,1,0.999309,1,1,TP,yolov8l_bsz4.ms,117.25,101.25,218.50,0.500,Mid (Meeting),4.84,18.59,366.35,3818.00,11499.37,716.82,,0,100,37.00,-301,4396075,-1323218.57,3,fused
32887,000000032887.jpg,640x480,1,0.999304,1,1,TP,yolov8l_bsz4.ms,117.25,101.25,218.50,0.500,Mid (Meeting),4.84,18.59,366.35,3818.00,11499.37,716.82,,0,100,37.00,-301,4396075,-1323218.57,3,fused
394206,000000394206.jpg,640x480,1,0.999301,1,1,TP,yolov8l_bsz4.ms,117.25,101.25,218.50,0.500,Mid (Meeting),4.84,18.59,366.35,3818.00,11499.37,716.82,,0,100,37.00,-301,4396075,-1323218.57,3,fused
301135,000000301135.jpg,428x640,1,0.999296,1,1,TP,yolov8l_bsz4.ms,114.75,103.00,217.75,0.500,Mid (Meeting),4.89,19.69,343.51,3858.00,11499.37,738.02,,0,100,37.00,-140,4402340,-616327.60,3,fused
260261,000000260261.jpg,426x640,1,0.999284,1,1,TP,yolov8l_bsz4.ms,114.75,103.00,217.75,0.500,Mid (Meeting),4.89,19.69,343.51,3858.00,11499.37,738.02,,0,100,37.00,-140,4402340,-616327.60,3,fused
148662,000000148662.jpg,640x480,1,0.999272,1,1,TP,yolov8l_bsz4.ms,114.75,103.00,217.75,0.500,Mid (Meeting),4.89,19.69,343.51,3858.00,11499.37,738.02,,0,100,37.00,-140,4402340,-616327.60,3,fused
46497,000000046497.jpg,500x332,1,0.999269,1,1,TP,yolov8l_bsz4.ms,114.75,103.00,217.75,0.500,Mid (Meeting),4.89,19.69,343.51,3858.00,11499.37,738.02,,0,100,37.00,-140,4402340,-616327.60,3,fused
166165,000000166165.jpg,561x640,1,0.999268,1,1,TP,yolov8l_bsz4.ms,118.25,108.00,226.25,0.500,Mid (Meeting),4.88,19.69,298.92,3948.00,11499.37,787.60,,0,100,37.00,-284,4397463,-1248879.49,3,fused
334399,000000334399.jpg,640x480,1,0.999267,1,1,TP,yolov8l_bsz4.ms,118.25,108.00,226.25,0.500,Mid (Meeting),4.88,19.69,298.92,3948.00,11499.37,787.60,,0,100,37.00,-284,4397463,-1248879.49,3,fused
140556,000000140556.jpg,640x457,1,0.999266,1,1,TP,yolov8l_bsz4.ms,118.25,108.00,226.25,0.500,Mid (Meeting),4.88,19.69,298.92,3948.00,11499.37,787.60,,0,100,37.00,-284,4397463,-1248879.49,3,fused
64868,000000064868.jpg,500x375,1,0.999253,1,1,TP,yolov8l_bsz4.ms,118.25,108.00,226.25,0.500,Mid (Meeting),4.88,19.69,298.92,3948.00,11499.37,787.60,,0,100,37.00,-284,4397463,-1248879.49,3,fused
536038,000000536038.jpg,358x640,1,0.999251,1,1,TP,yolov8l_bsz4.ms,117.25,90.25,207.50,0.500,Mid (Meeting),4.81,19.69,367.25,3884.00,11499.37,723.34,,0,100,37.00,-258,4398319,-1134766.30,3,fused
352582,000000352582.jpg,425x640,1,0.999248,1,1,TP,yolov8l_bsz4.ms,117.25,90.25,207.50,0.500,Mid (Meeting),4.81,19.69,367.25,3884.00,11499.37,723.34,,0,100,37.00,-258,4398319,-1134766.30,3,fused
223188,000000223188.jpg,427x640,1,0.999238,1,1,TP,yolov8l_bsz4.ms,117.25,90.25,207.50,0.500,Mid (Meeting),4.81,19.69,367.25,3884.00,11499.37,723.34,,0,100,37.00,-258,4398319,-1134766.30,3,fused
326970,000000326970.jpg,640x480,1,0.999220,1,1,TP,yolov8l_bsz4.ms,117.25,90.25,207.50,0.500,Mid (Meeting),4.81,19.69,367.25,3884.00,11499.37,723.34,,0,100,37.00,-258,4398319,-1134766.30,3,fused
182021,000000182021.jpg,640x360,1,0.999213,1,1,TP,yolov8l_bsz4.ms,114.50,94.50,209.00,0.500,Mid (Meeting),4.88,18.25,364.01,3885.00,11499.37,718.17,,0,100,37.00,-116,4402982,-510745.91,3,fused
151629,000000151629.jpg,427x640,1,0.999209,1,1,TP,yolov8l_bsz4.ms,114.50,94.50,209.00,0.500,Mid (Meeting),4.88,18.25,364.01,3885.00,11499.37,718.17,,0,100,37.00,-116,4402982,-510745.91,3,fused
409198,000000409198.jpg,640x427,1,0.999207,1,1,TP,yolov8l_bsz4.ms,114.50,94.50,209.00,0.500,Mid (Meeting),4.88,18.25,364.01,3885.00,11499.37,718.17,,0,100,37.00,-116,4402982,-510745.91,3,fused
7281,000000007281.jpg,640x361,1,0.999207,1,1,TP,yolov8l_bsz4.ms,114.50,94.50,209.00,0.500,Mid (Meeting),4.88,18.25,364.01,3885.00,11499.37,718.17,,0,100,37.00,-116,4402982,-510745.91,3,fused
211825,000000211825.jpg,640x480,1,0.999205,1,1,TP,yolov8l_bsz4.ms,116.75,104.00,220.75,0.500,Mid (Meeting),4.95,18.25,344.85,3910.00,11499.37,741.98,,0,100,37.00,-311,4396122,-1367193.94,3,fused
36936,000000036936.jpg,640x404,1,0.999201,1,1,TP,yolov8l_bsz4.ms,116.75,104.00,220.75,0.500,Mid (Meeting),4.95,18.25,344.85,3910.00,11499.37,741.98,,0,100,37.00,-311,4396122,-1367193.94,3,fused
205105,000000205105.jpg,640x428,1,0.999193,1,1,TP,yolov8l_bsz4.ms,116.75,104.00,220.75,0.500,Mid (Meeting),4.95,18.25,344.85,3910.00,11499.37,741.98,,0,100,37.00,-311,4396122,-1367193.94,3,fused
169076,000000169076.jpg,612x612,1,0.999192,1,1,TP,yolov8l_bsz4.ms,116.75,104.00,220.75,0.500,Mid (Meeting),4.95,18.25,344.85,3910.00,11499.37,741.98,,0,100,37.00,-311,4396122,-1367193.94,3,fused
1268,000000001268.jpg,640x427,1,0.999183,1,1,TP,yolov8l_bsz4.ms,115.50,100.75,216.25,0.500,Mid (Meeting),4.84,19.54,292.79,3952.00,11499.37,785.71,,0,100,37.00,-364,4394206,-1599490.98,3,fused
281687,000000281687.jpg,500x375,1,0.999167,1,1,TP,yolov8l_bsz4.ms,115.50,100.75,216.25,0.500,Mid (Meeting),4.84,19.54,292.79,3952.00,11499.37,785.71,,0,100,37.00,-364,4394206,-1599490.98,3,fused
12120,000000012120.jpg,640x428,1,0.999166,1,1,TP,yolov8l_bsz4.ms,115.50,100.75,216.25,0.500,Mid (Meeting),4.84,19.54,292.79,3952.00,11499.37,785.71,,0,100,37.00,-364,4394206,-1599490.98,3,fused
380706,000000380706.jpg,640x426,1,0.999158,1,1,TP,yolov8l_bsz4.ms,115.50,100.75,216.25,0.500,Mid (Meeting),4.84,19.54,292.79,3952.00,11499.37,785.71,,0,100,37.00,-364,4394206,-1599490.98,3,fused
441247,000000441247.jpg,640x424,1,0.999151,1,1,TP,yolov8l_bsz4.ms,114.50,101.50,216.00,0.500,Mid (Meeting),4.77,19.54,365.09,3884.00,11499.37,717.30,,0,100,37.00,-155,4401456,-682225.68,3,fused
144300,000000144300.jpg,640x427,1,0.999142,1,1,TP,yolov8l_bsz4.ms,114.50,101.50,216.00,0.500,Mid (Meeting),4.77,19.54,365.09,3884.00,11499.37,717.30,,0,100,37.00,-155,4401456,-682225.68,3,fused
241668,000000241668.jpg,460x640,1,0.999142,1,1,TP,yolov8l_bsz4.ms,114.50,101.50,216.00,0.500,Mid (Meeting),4.77,19.54,365.09,3884.00,11499.37,717.30,,0,100,37.00,-155,4401456,-682225.68,3,fused
420916,000000420916.jpg,640x400,1,0.999136,1,1,TP,yolov8l_bsz4.ms,114.50,101.50,216.00,0.500,Mid (Meeting),4.77,19.54,365.09,3884.00,11499.37,717.30,,0,100,37.00,-155,4401456,-682225.68,3,fused
468954,000000468954.jpg,640x427,1,0.999126,1,1,TP,yolov8l_bsz4.ms,113.00,106.75,219.75,0.500,Mid (Meeting),4.83,19.44,365.50,3879.00,11499.37,712.31,,0,100,37.00,-198,4400269,-871253.26,3,fused
74092,000000074092.jpg,332x500,1,0.999124,1,1,TP,yolov8l_bsz4.ms,113.00,106.75,219.75,0.500,Mid (Meeting),4.83,19.44,365.50,3879.00,11499.37,712.31,,0,100,37.00,-198,4400269,-871253.26,3,fused
273232,000000273232.jpg,640x425,1,0.999121,1,1,TP,yolov8l_bsz4.ms,113.00,106.75,219.75,0.500,Mid (Meeting),4.83,19.44,365.50,3879.00,11499.37,712.31,,0,100,37.00,-198,4400269,-871253.26,3,fused
282298,000000282298.jpg,640x480,1,0.999103,1,1,TP,yolov8l_bsz4.ms,113.00,106.75,219.75,0.500,Mid (Meeting),4.83,19.44,365.50,3879.00,11499.37,712.31,,0,100,37.00,-198,4400269,-871253.26,3,fused
107226,000000107226.jpg,480x640,1,0.999097,1,1,TP,yolov8l_bsz4.ms,115.00,109.75,224.75,0.500,Mid (Meeting),4.80,19.44,287.11,3961.00,11499.37,794.14,,0,100,37.00,-285,4397286,-1253226.51,3,fused
12576,000000012576.jpg,480x640,1,0.999092,1,1,TP,yolov8l_bsz4.ms,115.00,109.75,224.75,0.500,Mid (Meeting),4.80,19.44,287.11,3961.00,11499.37,794.14,,0,100,37.00,-285,4397286,-1253226.51,3,fused
563267,000000563267.jpg,500x375,1,0.999086,1,1,TP,yolov8l_bsz4.ms,115.00,109.75,224.75,0.500,Mid (Meeting),4.80,19.44,287.11,3961.00,11499.37,794.14,,0,100,37.00,-285,4397286,-1253226.51,3,fused
479155,000000479155.jpg,500x332,1,0.999075,1,1,TP,yolov8l_bsz4.ms,115.00,109.75,224.75,0.500,Mid (Meeting),4.80,19.44,287.11,3961.00,11499.37,794.14,,0,100,37.00,-285,4397286,-1253226.51,3,fused
263969,000000263969.jpg,640x610,1,0.999070,1,1,TP,yolov8l_bsz4.ms,115.25,123.00,238.25,0.500,Mid (Meeting),4.78,19.44,366.39,3878.00,11499.37,709.57,,0,100,37.00,-237,4398470,-1042437.39,3,fused
227898,000000227898.jpg,640x424,1,0.999062,1,1,TP,yolov8l_bsz4.ms,115.25,123.00,238.25,0.500,Mid (Meeting),4.78,19.44,366.39,3878.00,11499.37,709.57,,0,100,37.00,-237,4398470,-1042437.39,3,fused
105912,000000105912.jpg,500x375,1,0.999060,1,1,TP,yolov8l_bsz4.ms,115.25,123.00,238.25,0.500,Mid (Meeting),4.78,19.44,366.39,3878.00,11499.37,709.57,,0,100,37.00,-237,4398470,-1042437.39,3,fused
90891,000000090891.jpg,640x431,1,0.999039,1,1,TP,yolov8l_bsz4.ms,115.25,123.00,238.25,0.500,Mid (Meeting),4.78,19.44,366.39,3878.00,11499.37,709.57,,0,100,37.00,-237,4398470,-1042437.39,3,fused
195842,000000195842.jpg,640x480,1,0.999023,1,1,TP,yolov8l_bsz4.ms,116.50,102.25,218.75,0.500,Mid (Meeting),4.82,18.90,366.57,3879.00,11499.37,713.41,,0,100,37.00,-309,4396045,-1358377.91,3,fused
284743,000000284743.jpg,640x425,1,0.999012,1,1,TP,yolov8l_bsz4.ms,116.50,102.25,218.75,0.500,Mid (Meeting),4.82,18.90,366.57,3879.00,11499.37,713.41,,0,100,37.00,-309,4396045,-1358377.91,3,fused
99114,000000099114.jpg,500x335,1,0.999003,1,1,TP,yolov8l_bsz4.ms,116.50,102.25,218.75,0.500,Mid (Meeting),4.82,18.90,366.57,3879.00,11499.37,713.41,,0,100,37.00,-309,4396045,-1358377.91,3,fused
2153,000000002153.jpg,640x480,1,0.999001,1,1,TP,yolov8l_bsz4.ms,116.50,102.25,218.75,0.500,Mid (Meeting),4.82,18.90,366.57,3879.00,11499.37,713.41,,0,100,37.00,-309,4396045,-1358377.91,3,fused
232649,000000232649.jpg,375x500,1,0.999000,1,1,TP,yolov8l_bsz4.ms,114.25,99.75,214.00,0.500,Mid (Meeting),4.84,18.90,342.50,3895.00,11499.37,729.44,,0,100,37.00,-240,4398481,-1055635.44,3,fused
538458,000000538458.jpg,640x427,1,0.998999,1,1,TP,yolov8l_bsz4.ms,114.25,99.75,214.00,0.500,Mid (Meeting),4.84,18.90,342.50,3895.00,11499.37,729.44,,0,100,37.00,-240,4398481,-1055635.44,3,fused
514508,000000514508.jpg,640x480,1,0.998998,1,1,TP,yolov8l_bsz4.ms,114.25,99.75,214.00,0.500,Mid (Meeting),4.84,18.90,342.50,3895.00,11499.37,729.44,,0,100,37.00,-240,4398481,-1055635.44,3,fused
161781,000000161781.jpg,640x428,1,0.998994,1,1,TP,yolov8l_bsz4.ms,114.25,99.75,214.00,0.500,Mid (Meeting),4.84,18.90,342.50,3895.00,11499.37,729.44,,0,100,37.00,-240,4398481,-1055635.44,3,fused
142971,000000142971.jpg,640x427,1,0.998958,1,1,TP,yolov8l_bsz4.ms,113.75,103.75,217.50,0.500,Mid (Meeting),4.84,19.01,299.46,3942.00,11499.37,776.63,,0,100,37.00,-251,4398406,-1103999.91,3,fused
246436,000000246436.jpg,480x640,1,0.998943,1,1,TP,yolov8l_bsz4.ms,113.75,103.75,217.50,0.500,Mid (Meeting),4.84,19.01,299.46,3942.00,11499.37,776.63,,0,100,37.00,-251,4398406,-1103999.91,3,fused
553221,000000553221.jpg,640x427,1,0.998930,1,1,TP,yolov8l_bsz4.ms,113.75,103.75,217.50,0.500,Mid (Meeting),4.84,19.01,299.46,3942.00,11499.37,776.63,,0,100,37.00,-251,4398406,-1103999.91,3,fused
451043,000000451043.jpg,640x427,1,0.998926,1,1,TP,yolov8l_bsz4.ms,113.75,103.75,217.50,0.500,Mid (Meeting),4.84,19.01,299.46,3942.00,11499.37,776.63,,0,100,37.00,-251,4398406,-1103999.91,3,fused
213035,000000213035.jpg,640x427,1,0.998911,1,1,TP,yolov8l_bsz4.ms,115.75,98.75,214.50,0.500,Mid (Meeting),8.78,19.01,366.40,3869.00,11499.37,701.03,,0,100,37.00,-271,4397835,-1191813.28,3,fused
280930,000000280930.jpg,640x425,1,0.998907,1,1,TP,yolov8l_bsz4.ms,115.75,98.75,214.50,0.500,Mid (Meeting),8.78,19.01,366.40,3869.00,11499.37,701.03,,0,100,37.00,-271,4397835,-1191813.28,3,fused
311002,000000311002.jpg,640x427,1,0.998903,1,1,TP,yolov8l_bsz4.ms,115.75,98.75,214.50,0.500,Mid (Meeting),8.78,19.01,366.40,3869.00,11499.37,701.03,,0,100,37.00,-271,4397835,-1191813.28,3,fused
336232,000000336232.jpg,640x427,1,0.998900,1,1,TP,yolov8l_bsz4.ms,115.75,98.75,214.50,0.500,Mid (Meeting),8.78,19.01,366.40,3869.00,11499.37,701.03,,0,100,37.00,-271,4397835,-1191813.28,3,fused
166918,000000166918.jpg,480x640,1,0.998896,1,1,TP,yolov8l_bsz4.ms,117.00,95.50,212.50,0.500,Mid (Meeting),4.68,14.93,362.27,3878.00,11499.37,709.89,,0,100,37.00,-159,4401441,-699829.12,3,fused
361103,000000361103.jpg,640x427,1,0.998887,1,1,TP,yolov8l_bsz4.ms,117.00,95.50,212.50,0.500,Mid (Meeting),4.68,14.93,362.27,3878.00,11499.37,709.89,,0,100,37.00,-159,4401441,-699829.12,3,fused
74860,000000074860.jpg,640x427,1,0.998878,1,1,TP,yolov8l_bsz4.ms,117.00,95.50,212.50,0.500,Mid (Meeting),4.68,14.93,362.27,3878.00,11499.37,709.89,,0,100,37.00,-159,4401441,-699829.12,3,fused
384136,000000384136.jpg,640x414,1,0.998871,1,1,TP,yolov8l_bsz4.ms,117.00,95.50,212.50,0.500,Mid (Meeting),4.68,14.93,362.27,3878.00,11499.37,709.89,,0,100,37.00,-159,4401441,-699829.12,3,fused
235778,000000235778.jpg,640x337,1,0.998859,1,1,TP,yolov8l_bsz4.ms,113.75,97.25,211.00,0.500,Mid (Meeting),4.83,14.93,343.73,3900.00,11499.37,732.45,,0,100,37.00,-106,4403523,-466773.44,3,fused
302990,000000302990.jpg,640x427,1,0.998841,1,1,TP,yolov8l_bsz4.ms,113.75,97.25,211.00,0.500,Mid (Meeting),4.83,14.93,343.73,3900.00,11499.37,732.45,,0,100,37.00,-106,4403523,-466773.44,3,fused
394940,000000394940.jpg,426x640,1,0.998841,1,1,TP,yolov8l_bsz4.ms,113.75,97.25,211.00,0.500,Mid (Meeting),4.83,14.93,343.73,3900.00,11499.37,732.45,,0,100,37.00,-106,4403523,-466773.44,3,fused
429690,000000429690.jpg,640x427,1,0.998838,1,1,TP,yolov8l_bsz4.ms,113.75,97.25,211.00,0.500,Mid (Meeting),4.83,14.93,343.73,3900.00,11499.37,732.45,,0,100,37.00,-106,4403523,-466773.44,3,fused
150265,000000150265.jpg,480x640,1,0.998837,1,1,TP,yolov8l_bsz4.ms,115.25,94.50,209.75,0.500,Mid (Meeting),4.98,14.93,297.78,3940.00,11499.37,770.78,,0,100,37.00,-226,4398891,-994149.37,3,fused
163257,000000163257.jpg,425x640,1,0.998832,1,1,TP,yolov8l_bsz4.ms,115.25,94.50,209.75,0.500,Mid (Meeting),4.98,14.93,297.78,3940.00,11499.37,770.78,,0,100,37.00,-226,4398891,-994149.37,3,fused
123480,000000123480.jpg,640x480,1,0.998831,1,1,TP,yolov8l_bsz4.ms,115.25,94.50,209.75,0.500,Mid (Meeting),4.98,14.93,297.78,3940.00,11499.37,770.78,,0,100,37.00,-226,4398891,-994149.37,3,fused
82688,000000082688.jpg,640x428,1,0.998830,1,1,TP,yolov8l_bsz4.ms,115.25,94.50,209.75,0.500,Mid (Meeting),4.98,14.93,297.78,3940.00,11499.37,770.78,,0,100,37.00,-226,4398891,-994149.37,3,fused
404678,000000404678.jpg,640x425,1,0.998829,1,1,TP,yolov8l_bsz4.ms,114.25,107.25,221.50,0.500,Mid (Meeting),4.82,15.49,367.50,3874.00,11499.37,704.53,,0,100,37.00,-144,4401922,-633876.77,3,fused
148999,000000148999.jpg,640x427,1,0.998823,1,1,TP,yolov8l_bsz4.ms,114.25,107.25,221.50,0.500,Mid (Meeting),4.82,15.49,367.50,3874.00,11499.37,704.53,,0,100,37.00,-144,4401922,-633876.77,3,fused
236599,000000236599.jpg,500x346,1,0.998803,1,1,TP,yolov8l_bsz4.ms,114.25,107.25,221.50,0.500,Mid (Meeting),4.82,15.49,367.50,3874.00,11499.37,704.53,,0,100,37.00,-144,4401922,-633876.77,3,fused
285894,000000285894.jpg,500x329,1,0.998779,1,1,TP,yolov8l_bsz4.ms,114.25,107.25,221.50,0.500,Mid (Meeting),4.82,15.49,367.50,3874.00,11499.37,704.53,,0,100,37.00,-144,4401922,-633876.77,3,fused
47740,000000047740.jpg,640x359,1,0.998777,1,1,TP,yolov8l_bsz4.ms,117.00,90.00,207.00,0.500,Mid (Meeting),4.84,15.49,360.87,3878.00,11499.37,706.82,,0,100,37.00,-141,4402453,-620745.87,3,fused
438955,000000438955.jpg,640x303,1,0.998770,1,1,TP,yolov8l_bsz4.ms,117.00,90.00,207.00,0.500,Mid (Meeting),4.84,15.49,360.87,3878.00,11499.37,706.82,,0,100,37.00,-141,4402453,-620745.87,3,fused
100510,000000100510.jpg,600x400,1,0.998764,1,1,TP,yolov8l_bsz4.ms,117.00,90.00,207.00,0.500,Mid (Meeting),4.84,15.49,360.87,3878.00,11499.37,706.82,,0,100,37.00,-141,4402453,-620745.87,3,fused
342971,000000342971.jpg,287x640,1,0.998760,1,1,TP,yolov8l_bsz4.ms,117.00,90.00,207.00,0.500,Mid (Meeting),4.84,15.49,360.87,3878.00,11499.37,706.82,,0,100,37.00,-141,4402453,-620745.87,3,fused
292446,000000292446.jpg,612x612,1,0.998759,1,1,TP,yolov8l_bsz4.ms,114.00,108.25,222.25,0.500,Mid (Meeting),4.88,15.99,347.46,3896.00,11499.37,725.00,,0,100,37.00,-235,4398430,-1033631.05,3,fused
416343,000000416343.jpg,427x640,1,0.998750,1,1,TP,yolov8l_bsz4.ms,114.00,108.25,222.25,0.500,Mid (Meeting),4.88,15.99,347.46,3896.00,11499.37,725.00,,0,100,37.00,-235,4398430,-1033631.05,3,fused
209829,000000209829.jpg,640x480,1,0.998748,1,1,TP,yolov8l_bsz4.ms,114.00,108.25,222.25,0.500,Mid (Meeting),4.88,15.99,347.46,3896.00,11499.37,725.00,,0,100,37.00,-235,4398430,-1033631.05,3,fused
280891,000000280891.jpg,427x640,1,0.998743,1,1,TP,yolov8l_bsz4.ms,114.00,108.25,222.25,0.500,Mid (Meeting),4.88,15.99,347.46,3896.00,11499.37,725.00,,0,100,37.00,-235,4398430,-1033631.05,3,fused
441442,000000441442.jpg,600x400,1,0.998739,1,1,TP,yolov8l_bsz4.ms,114.00,106.25,220.25,0.500,Mid (Meeting),4.91,15.99,299.61,3938.00,11499.37,765.91,,0,100,37.00,-154,4401326,-677804.20,3,fused
498709,000000498709.jpg,640x425,1,0.998724,0,0,FP,yolov8l_bsz4.ms,114.00,106.25,220.25,0.500,Mid (Meeting),4.91,15.99,299.61,3938.00,11499.37,765.91,,0,100,37.00,-154,4401326,-677804.20,3,fused
391722,000000391722.jpg,635x640,1,0.998712,1,1,TP,yolov8l_bsz4.ms,114.00,106.25,220.25,0.500,Mid (Meeting),4.91,15.99,299.61,3938.00,11499.37,765.91,,0,100,37.00,-154,4401326,-677804.20,3,fused
252219,000000252219.jpg,640x428,1,0.998709,1,1,TP,yolov8l_bsz4.ms,114.00,106.25,220.25,0.500,Mid (Meeting),4.91,15.99,299.61,3938.00,11499.37,765.91,,0,100,37.00,-154,4401326,-677804.20,3,fused
88970,000000088970.jpg,333x500,1,0.998691,1,1,TP,yolov8l_bsz4.ms,114.25,106.50,220.75,0.500,Mid (Meeting),4.88,15.99,370.61,3873.00,11499.37,700.29,,0,100,37.00,-292,4396812,-1283869.10,3,fused
274411,000000274411.jpg,426x640,1,0.998686,1,1,TP,yolov8l_bsz4.ms,114.25,106.50,220.75,0.500,Mid (Meeting),4.88,15.99,370.61,3873.00,11499.37,700.29,,0,100,37.00,-292,4396812,-1283869.10,3,fused
111207,000000111207.jpg,478x640,1,0.998682,1,1,TP,yolov8l_bsz4.ms,114.25,106.50,220.75,0.500,Mid (Meeting),4.88,15.99,370.61,3873.00,11499.37,700.29,,0,100,37.00,-292,4396812,-1283869.10,3,fused
97988,000000097988.jpg,612x612,1,0.998679,1,1,TP,yolov8l_bsz4.ms,114.25,106.50,220.75,0.500,Mid (Meeting),4.88,15.99,370.61,3873.00,11499.37,700.29,,0,100,37.00,-292,4396812,-1283869.10,3,fused
349860,000000349860.jpg,640x426,1,0.998664,1,1,TP,yolov8l_bsz4.ms,115.75,100.00,215.75,0.500,Mid (Meeting),4.88,16.45,364.23,3876.00,11499.37,699.04,,0,100,37.00,-340,4394818,-1494238.12,3,fused
500257,000000500257.jpg,500x400,1,0.998661,1,1,TP,yolov8l_bsz4.ms,115.75,100.00,215.75,0.500,Mid (Meeting),4.88,16.45,364.23,3876.00,11499.37,699.04,,0,100,37.00,-340,4394818,-1494238.12,3,fused
367095,000000367095.jpg,640x427,1,0.998646,1,1,TP,yolov8l_bsz4.ms,115.75,100.00,215.75,0.500,Mid (Meeting),4.88,16.45,364.23,3876.00,11499.37,699.04,,0,100,37.00,-340,4394818,-1494238.12,3,fused
211674,000000211674.jpg,640x406,1,0.998641,1,1,TP,yolov8l_bsz4.ms,115.75,100.00,215.75,0.500,Mid (Meeting),4.88,16.45,364.23,3876.00,11499.37,699.04,,0,100,37.00,-340,4394818,-1494238.12,3,fused
397133,000000397133.jpg,640x427,1,0.998639,1,1,TP,yolov8l_bsz4.ms,115.75,101.75,217.50,0.500,Mid (Meeting),4.94,16.45,344.13,3900.00,11499.37,723.05,,0,100,37.00,-261,4397887,-1147848.51,3,fused
553990,000000553990.jpg,600x400,1,0.998625,1,1,TP,yolov8l_bsz4.ms,115.75,101.75,217.50,0.500,Mid (Meeting),4.94,16.45,344.13,3900.00,11499.37,723.05,,0,100,37.00,-261,4397887,-1147848.51,3,fused
398438,000000398438.jpg,500x333,1,0.998622,1,1,TP,yolov8l_bsz4.ms,115.75,101.75,217.50,0.500,Mid (Meeting),4.94,16.45,344.13,3900.00,11499.37,723.05,,0,100,37.00,-261,4397887,-1147848.51,3,fused
261888,000000261888.jpg,640x426,1,0.998617,1,1,TP,yolov8l_bsz4.ms,115.75,101.75,217.50,0.500,Mid (Meeting),4.94,16.45,344.13,3900.00,11499.37,723.05,,0,100,37.00,-261,4397887,-1147848.51,3,fused
383289,000000383289.jpg,640x444,1,0.998616,1,1,TP,yolov8l_bsz4.ms,116.25,104.75,221.00,0.500,Mid (Meeting),8.25,21.92,299.83,3937.00,11499.37,759.65,,0,100,37.00,-222,4399112,-976602.86,3,fused
531134,000000531134.jpg,640x480,1,0.998605,1,1,TP,yolov8l_bsz4.ms,116.25,104.75,221.00,0.500,Mid (Meeting),8.25,21.92,299.83,3937.00,11499.37,759.65,,0,100,37.00,-222,4399112,-976602.86,3,fused
331799,000000331799.jpg,640x464,1,0.998602,1,1,TP,yolov8l_bsz4.ms,116.25,104.75,221.00,0.500,Mid (Meeting),8.25,21.92,299.83,3937.00,11499.37,759.65,,0,100,37.00,-222,4399112,-976602.86,3,fused
229659,000000229659.jpg,640x480,1,0.998602,1,1,TP,yolov8l_bsz4.ms,116.25,104.75,221.00,0.500,Mid (Meeting),8.25,21.92,299.83,3937.00,11499.37,759.65,,0,100,37.00,-222,4399112,-976602.86,3,fused
19109,000000019109.jpg,640x428,1,0.998599,1,1,TP,yolov8l_bsz4.ms,111.75,100.50,212.25,0.500,Mid (Meeting),4.84,21.92,367.52,3875.00,11499.37,697.52,,0,100,37.00,-256,4398149,-1125926.14,3,fused
7816,000000007816.jpg,640x427,1,0.998591,1,1,TP,yolov8l_bsz4.ms,111.75,100.50,212.25,0.500,Mid (Meeting),4.84,21.92,367.52,3875.00,11499.37,697.52,,0,100,37.00,-256,4398149,-1125926.14,3,fused
19786,000000019786.jpg,500x375,1,0.998581,1,1,TP,yolov8l_bsz4.ms,111.75,100.50,212.25,0.500,Mid (Meeting),4.84,21.92,367.52,3875.00,11499.37,697.52,,0,100,37.00,-256,4398149,-1125926.14,3,fused
9483,000000009483.jpg,640x480,1,0.998564,1,1,TP,yolov8l_bsz4.ms,111.75,100.50,212.25,0.500,Mid (Meeting),4.84,21.92,367.52,3875.00,11499.37,697.52,,0,100,37.00,-256,4398149,-1125926.14,3,fused
463542,000000463542.jpg,640x426,1,0.998547,1,1,TP,yolov8l_bsz4.ms,117.25,86.50,203.75,0.500,Mid (Meeting),4.98,21.92,365.59,3871.00,11499.37,690.64,,0,100,37.00,-307,4395375,-1349380.13,3,fused
375469,000000375469.jpg,640x181,1,0.998542,1,1,TP,yolov8l_bsz4.ms,117.25,86.50,203.75,0.500,Mid (Meeting),4.98,21.92,365.59,3871.00,11499.37,690.64,,0,100,37.00,-307,4395375,-1349380.13,3,fused
423123,000000423123.jpg,640x426,1,0.998534,1,1,TP,yolov8l_bsz4.ms,117.25,86.50,203.75,0.500,Mid (Meeting),4.98,21.92,365.59,3871.00,11499.37,690.64,,0,100,37.00,-307,4395375,-1349380.13,3,fused
351810,000000351810.jpg,500x375,1,0.998501,1,1,TP,yolov8l_bsz4.ms,117.25,86.50,203.75,0.500,Mid (Meeting),4.98,21.92,365.59,3871.00,11499.37,690.64,,0,100,37.00,-307,4395375,-1349380.13,3,fused
229111,000000229111.jpg,375x500,1,0.998486,1,1,TP,yolov8l_bsz4.ms,116.00,97.50,213.50,0.500,Mid (Meeting),4.89,18.32,343.31,3897.00,11499.37,716.55,,0,100,37.00,-277,4396781,-1217908.34,3,fused
490515,000000490515.jpg,640x427,1,0.998469,1,1,TP,yolov8l_bsz4.ms,116.00,97.50,213.50,0.500,Mid (Meeting),4.89,18.32,343.31,3897.00,11499.37,716.55,,0,100,37.00,-277,4396781,-1217908.34,3,fused
252507,000000252507.jpg,375x500,1,0.998447,1,1,TP,yolov8l_bsz4.ms,116.00,97.50,213.50,0.500,Mid (Meeting),4.89,18.32,343.31,3897.00,11499.37,716.55,,0,100,37.00,-277,4396781,-1217908.34,3,fused
341681,000000341681.jpg,640x427,1,0.998444,1,1,TP,yolov8l_bsz4.ms,116.00,97.50,213.50,0.500,Mid (Meeting),4.89,18.32,343.31,3897.00,11499.37,716.55,,0,100,37.00,-277,4396781,-1217908.34,3,fused
20992,000000020992.jpg,500x333,1,0.998441,1,1,TP,yolov8l_bsz4.ms,115.75,109.00,224.75,0.500,Mid (Meeting),4.89,18.32,289.31,3919.00,11499.37,738.06,,0,100,37.00,-181,4400412,-796474.57,3,fused
568981,000000568981.jpg,640x426,1,0.998439,1,1,TP,yolov8l_bsz4.ms,115.75,109.00,224.75,0.500,Mid (Meeting),4.89,18.32,289.31,3919.00,11499.37,738.06,,0,100,37.00,-181,4400412,-796474.57,3,fused
323355,000000323355.jpg,480x640,1,0.998430,1,1,TP,yolov8l_bsz4.ms,115.75,109.00,224.75,0.500,Mid (Meeting),4.89,18.32,289.31,3919.00,11499.37,738.06,,0,100,37.00,-181,4400412,-796474.57,3,fused
284764,000000284764.jpg,640x427,1,0.998383,1,1,TP,yolov8l_bsz4.ms,115.75,109.00,224.75,0.500,Mid (Meeting),4.89,18.32,289.31,3919.00,11499.37,738.06,,0,100,37.00,-181,4400412,-796474.57,3,fused
206579,000000206579.jpg,640x480,1,0.998368,1,1,TP,yolov8l_bsz4.ms,117.00,93.25,210.25,0.500,Mid (Meeting),4.84,18.32,365.52,3865.00,11499.37,682.97,,0,100,37.00,-320,4395270,-1406486.40,3,fused
496571,000000496571.jpg,427x640,1,0.998362,1,1,TP,yolov8l_bsz4.ms,117.00,93.25,210.25,0.500,Mid (Meeting),4.84,18.32,365.52,3865.00,11499.37,682.97,,0,100,37.00,-320,4395270,-1406486.40,3,fused
80671,000000080671.jpg,640x427,1,0.998353,1,1,TP,yolov8l_bsz4.ms,117.00,93.25,210.25,0.500,Mid (Meeting),4.84,18.32,365.52,3865.00,11499.37,682.97,,0,100,37.00,-320,4395270,-1406486.40,3,fused
129945,000000129945.jpg,640x320,1,0.998302,1,1,TP,yolov8l_bsz4.ms,117.00,93.25,210.25,0.500,Mid (Meeting),4.84,18.32,365.52,3865.00,11499.37,682.97,,0,100,37.00,-320,4395270,-1406486.40,3,fused
158227,000000158227.jpg,500x357,1,0.998295,1,1,TP,yolov8l_bsz4.ms,114.50,107.75,222.25,0.500,Mid (Meeting),4.85,21.64,364.45,3861.00,11499.37,681.18,,0,100,37.00,-232,4398466,-1020444.11,3,fused
527427,000000527427.jpg,640x480,1,0.998266,1,1,TP,yolov8l_bsz4.ms,114.50,107.75,222.25,0.500,Mid (Meeting),4.85,21.64,364.45,3861.00,11499.37,681.18,,0,100,37.00,-232,4398466,-1020444.11,3,fused
473219,000000473219.jpg,640x428,1,0.998253,1,1,TP,yolov8l_bsz4.ms,114.50,107.75,222.25,0.500,Mid (Meeting),4.85,21.64,364.45,3861.00,11499.37,681.18,,0,100,37.00,-232,4398466,-1020444.11,3,fused
534605,000000534605.jpg,600x400,1,0.998227,1,1,TP,yolov8l_bsz4.ms,114.50,107.75,222.25,0.500,Mid (Meeting),4.85,21.64,364.45,3861.00,11499.37,681.18,,0,100,37.00,-232,4398466,-1020444.11,3,fused
168883,000000168883.jpg,479x640,1,0.998226,1,1,TP,yolov8l_bsz4.ms,114.00,102.00,216.00,0.500,Mid (Meeting),4.91,21.64,344.83,3892.00,11499.37,711.21,,0,100,37.00,-214,4399209,-941430.73,3,fused
542776,000000542776.jpg,640x426,1,0.998224,1,1,TP,yolov8l_bsz4.ms,114.00,102.00,216.00,0.500,Mid (Meeting),4.91,21.64,344.83,3892.00,11499.37,711.21,,0,100,37.00,-214,4399209,-941430.73,3,fused
121417,000000121417.jpg,480x640,1,0.998202,1,1,TP,yolov8l_bsz4.ms,114.00,102.00,216.00,0.500,Mid (Meeting),4.91,21.64,344.83,3892.00,11499.37,711.21,,0,100,37.00,-214,4399209,-941430.73,3,fused
306700,000000306700.jpg,480x640,1,0.998199,1,1,TP,yolov8l_bsz4.ms,114.00,102.00,216.00,0.500,Mid (Meeting),4.91,21.64,344.83,3892.00,11499.37,711.21,,0,100,37.00,-214,4399209,-941430.73,3,fused
84241,000000084241.jpg,640x396,1,0.998188,1,1,TP,yolov8l_bsz4.ms,115.50,107.25,222.75,0.500,Mid (Meeting),4.91,21.02,298.82,3942.00,11499.37,760.68,,0,100,37.00,-257,4397684,-1130204.79,3,fused
232692,000000232692.jpg,640x425,1,0.998183,1,1,TP,yolov8l_bsz4.ms,115.50,107.25,222.75,0.500,Mid (Meeting),4.91,21.02,298.82,3942.00,11499.37,760.68,,0,100,37.00,-257,4397684,-1130204.79,3,fused
88848,000000088848.jpg,640x640,1,0.998167,1,1,TP,yolov8l_bsz4.ms,115.50,107.25,222.75,0.500,Mid (Meeting),4.91,21.02,298.82,3942.00,11499.37,760.68,,0,100,37.00,-257,4397684,-1130204.79,3,fused
567886,000000567886.jpg,500x375,1,0.998158,1,1,TP,yolov8l_bsz4.ms,115.50,107.25,222.75,0.500,Mid (Meeting),4.91,21.02,298.82,3942.00,11499.37,760.68,,0,100,37.00,-257,4397684,-1130204.79,3,fused
364297,000000364297.jpg,640x428,1,0.998151,0,0,FP,yolov8l_bsz4.ms,114.50,109.50,224.00,0.500,Mid (Meeting),4.89,21.02,369.52,3868.00,11499.37,687.23,,0,100,37.00,-209,4399375,-919469.38,3,fused
386879,000000386879.jpg,426x640,1,0.998126,1,1,TP,yolov8l_bsz4.ms,114.50,109.50,224.00,0.500,Mid (Meeting),4.89,21.02,369.52,3868.00,11499.37,687.23,,0,100,37.00,-209,4399375,-919469.38,3,fused
363875,000000363875.jpg,558x640,1,0.998123,1,1,TP,yolov8l_bsz4.ms,114.50,109.50,224.00,0.500,Mid (Meeting),4.89,21.02,369.52,3868.00,11499.37,687.23,,0,100,37.00,-209,4399375,-919469.38,3,fused
361919,000000361919.jpg,640x425,1,0.998112,1,1,TP,yolov8l_bsz4.ms,114.50,109.50,224.00,0.500,Mid (Meeting),4.89,21.02,369.52,3868.00,11499.37,687.23,,0,100,37.00,-209,4399375,-919469.38,3,fused
553788,000000553788.jpg,640x363,1,0.998109,1,1,TP,yolov8l_bsz4.ms,115.50,106.75,222.25,0.500,Mid (Meeting),4.89,20.39,364.66,3877.00,11499.37,696.81,,0,100,37.00,-272,4397329,-1196073.49,3,fused
152214,000000152214.jpg,480x640,1,0.998103,1,1,TP,yolov8l_bsz4.ms,115.50,106.75,222.25,0.500,Mid (Meeting),4.89,20.39,364.66,3877.00,11499.37,696.81,,0,100,37.00,-272,4397329,-1196073.49,3,fused
559160,000000559160.jpg,429x640,1,0.998088,1,1,TP,yolov8l_bsz4.ms,115.50,106.75,222.25,0.500,Mid (Meeting),4.89,20.39,364.66,3877.00,11499.37,696.81,,0,100,37.00,-272,4397329,-1196073.49,3,fused
29187,000000029187.jpg,640x491,1,0.998075,1,1,TP,yolov8l_bsz4.ms,115.50,106.75,222.25,0.500,Mid (Meeting),4.89,20.39,364.66,3877.00,11499.37,696.81,,0,100,37.00,-272,4397329,-1196073.49,3,fused
525155,000000525155.jpg,640x426,1,0.998074,1,1,TP,yolov8l_bsz4.ms,117.25,96.25,213.50,0.500,Mid (Meeting),8.30,20.39,346.50,3892.00,11499.37,709.79,,0,100,37.00,-164,4400852,-721739.73,3,fused
573258,000000573258.jpg,640x480,1,0.998064,1,1,TP,yolov8l_bsz4.ms,117.25,96.25,213.50,0.500,Mid (Meeting),8.30,20.39,346.50,3892.00,11499.37,709.79,,0,100,37.00,-164,4400852,-721739.73,3,fused
71938,000000071938.jpg,640x480,1,0.998051,1,1,TP,yolov8l_bsz4.ms,117.25,96.25,213.50,0.500,Mid (Meeting),8.30,20.39,346.50,3892.00,11499.37,709.79,,0,100,37.00,-164,4400852,-721739.73,3,fused
150638,000000150638.jpg,640x469,1,0.998042,1,1,TP,yolov8l_bsz4.ms,117.25,96.25,213.50,0.500,Mid (Meeting),8.30,20.39,346.50,3892.00,11499.37,709.79,,0,100,37.00,-164,4400852,-721739.73,3,fused
183675,000000183675.jpg,640x412,1,0.998029,1,1,TP,yolov8l_bsz4.ms,115.50,102.00,217.50,0.500,Mid (Meeting),5.73,20.39,301.00,3943.00,11499.37,759.49,,0,100,37.00,-253,4397917,-1112673.00,3,fused
579635,000000579635.jpg,640x429,1,0.997984,1,1,TP,yolov8l_bsz4.ms,115.50,102.00,217.50,0.500,Mid (Meeting),5.73,20.39,301.00,3943.00,11499.37,759.49,,0,100,37.00,-253,4397917,-1112673.00,3,fused
481582,000000481582.jpg,640x427,1,0.997946,1,1,TP,yolov8l_bsz4.ms,115.50,102.00,217.50,0.500,Mid (Meeting),5.73,20.39,301.00,3943.00,11499.37,759.49,,0,100,37.00,-253,4397917,-1112673.00,3,fused
504589,000000504589.jpg,427x640,1,0.997937,1,1,TP,yolov8l_bsz4.ms,115.50,102.00,217.50,0.500,Mid (Meeting),5.73,20.39,301.00,3943.00,11499.37,759.49,,0,100,37.00,-253,4397917,-1112673.00,3,fused
294350,000000294350.jpg,640x425,1,0.997903,1,1,TP,yolov8l_bsz4.ms,116.75,102.25,219.00,0.500,Mid (Meeting),5.13,20.08,368.71,3870.00,11499.37,683.93,,0,100,37.00,-295,4396075,-1296842.13,3,fused
271997,000000271997.jpg,488x640,1,0.997893,1,1,TP,yolov8l_bsz4.ms,116.75,102.25,219.00,0.500,Mid (Meeting),5.13,20.08,368.71,3870.00,11499.37,683.93,,0,100,37.00,-295,4396075,-1296842.13,3,fused
564091,000000564091.jpg,427x640,1,0.997885,1,1,TP,yolov8l_bsz4.ms,116.75,102.25,219.00,0.500,Mid (Meeting),5.13,20.08,368.71,3870.00,11499.37,683.93,,0,100,37.00,-295,4396075,-1296842.13,3,fused
189451,000000189451.jpg,640x427,1,0.997875,0,0,FP,yolov8l_bsz4.ms,116.75,102.25,219.00,0.500,Mid (Meeting),5.13,20.08,368.71,3870.00,11499.37,683.93,,0,100,37.00,-295,4396075,-1296842.13,3,fused
151480,000000151480.jpg,640x480,1,0.997861,1,1,TP,yolov8l_bsz4.ms,116.50,110.50,227.00,0.500,Mid (Meeting),5.12,20.08,365.60,3877.00,11499.37,691.19,,0,100,37.00,-279,4396703,-1226680.14,3,fused
52413,000000052413.jpg,500x375,1,0.997849,1,1,TP,yolov8l_bsz4.ms,116.50,110.50,227.00,0.500,Mid (Meeting),5.12,20.08,365.60,3877.00,11499.37,691.19,,0,100,37.00,-279,4396703,-1226680.14,3,fused
303818,000000303818.jpg,480x640,1,0.997837,1,1,TP,yolov8l_bsz4.ms,116.50,110.50,227.00,0.500,Mid (Meeting),5.12,20.08,365.60,3877.00,11499.37,691.19,,0,100,37.00,-279,4396703,-1226680.14,3,fused
448365,000000448365.jpg,640x428,1,0.997828,1,1,TP,yolov8l_bsz4.ms,116.50,110.50,227.00,0.500,Mid (Meeting),5.12,20.08,365.60,3877.00,11499.37,691.19,,0,100,37.00,-279,4396703,-1226680.14,3,fused
64084,000000064084.jpg,640x436,1,0.997815,1,1,TP,yolov8l_bsz4.ms,114.75,102.75,217.50,0.500,Mid (Meeting),5.17,20.02,346.51,3890.00,11499.37,702.70,,0,100,37.00,-227,4398180,-998386.86,3,fused
285047,000000285047.jpg,427x640,1,0.997812,1,1,TP,yolov8l_bsz4.ms,114.75,102.75,217.50,0.500,Mid (Meeting),5.17,20.02,346.51,3890.00,11499.37,702.70,,0,100,37.00,-227,4398180,-998386.86,3,fused
308328,000000308328.jpg,640x480,1,0.997808,1,1,TP,yolov8l_bsz4.ms,114.75,102.75,217.50,0.500,Mid (Meeting),5.17,20.02,346.51,3890.00,11499.37,702.70,,0,100,37.00,-227,4398180,-998386.86,3,fused
278705,000000278705.jpg,640x480,1,0.997797,1,1,TP,yolov8l_bsz4.ms,114.75,102.75,217.50,0.500,Mid (Meeting),5.17,20.02,346.51,3890.00,11499.37,702.70,,0,100,37.00,-227,4398180,-998386.86,3,fused
250619,000000250619.jpg,640x481,1,0.997763,1,1,TP,yolov8l_bsz4.ms,190.75,113.50,304.25,0.500,Mid (Meeting),5.09,20.02,290.20,3952.00,11499.37,764.01,,0,100,37.00,-268,4397384,-1178498.91,3,fused
356505,000000356505.jpg,640x425,1,0.997748,1,1,TP,yolov8l_bsz4.ms,190.75,113.50,304.25,0.500,Mid (Meeting),5.09,20.02,290.20,3952.00,11499.37,764.01,,0,100,37.00,-268,4397384,-1178498.91,3,fused
187243,000000187243.jpg,480x640,1,0.997743,1,1,TP,yolov8l_bsz4.ms,190.75,113.50,304.25,0.500,Mid (Meeting),5.09,20.02,290.20,3952.00,11499.37,764.01,,0,100,37.00,-268,4397384,-1178498.91,3,fused
157601,000000157601.jpg,612x612,1,0.997711,1,1,TP,yolov8l_bsz4.ms,190.75,113.50,304.25,0.500,Mid (Meeting),5.09,20.02,290.20,3952.00,11499.37,764.01,,0,100,37.00,-268,4397384,-1178498.91,3,fused
95155,000000095155.jpg,640x427,1,0.997664,1,1,TP,yolov8l_bsz4.ms,175.00,109.25,284.25,0.500,Mid (Meeting),4.77,18.76,367.88,3870.00,11499.37,682.61,,0,100,37.00,-168,4401054,-739377.07,3,fused
507473,000000507473.jpg,640x480,1,0.997661,1,1,TP,yolov8l_bsz4.ms,175.00,109.25,284.25,0.500,Mid (Meeting),4.77,18.76,367.88,3870.00,11499.37,682.61,,0,100,37.00,-168,4401054,-739377.07,3,fused
326541,000000326541.jpg,640x360,1,0.997660,1,1,TP,yolov8l_bsz4.ms,175.00,109.25,284.25,0.500,Mid (Meeting),4.77,18.76,367.88,3870.00,11499.37,682.61,,0,100,37.00,-168,4401054,-739377.07,3,fused
33759,000000033759.jpg,640x457,1,0.997656,1,1,TP,yolov8l_bsz4.ms,175.00,109.25,284.25,0.500,Mid (Meeting),4.77,18.76,367.88,3870.00,11499.37,682.61,,0,100,37.00,-168,4401054,-739377.07,3,fused
464144,000000464144.jpg,426x640,1,0.997632,1,1,TP,yolov8l_bsz4.ms,173.25,97.75,271.00,0.500,Mid (Meeting),4.64,18.76,367.84,3875.00,11499.37,686.80,,0,100,37.00,-258,4398055,-1134698.19,3,fused
527750,000000527750.jpg,427x640,1,0.997632,1,1,TP,yolov8l_bsz4.ms,173.25,97.75,271.00,0.500,Mid (Meeting),4.64,18.76,367.84,3875.00,11499.37,686.80,,0,100,37.00,-258,4398055,-1134698.19,3,fused
517069,000000517069.jpg,640x480,1,0.997631,1,1,TP,yolov8l_bsz4.ms,173.25,97.75,271.00,0.500,Mid (Meeting),4.64,18.76,367.84,3875.00,11499.37,686.80,,0,100,37.00,-258,4398055,-1134698.19,3,fused
231339,000000231339.jpg,480x640,1,0.997623,1,1,TP,yolov8l_bsz4.ms,173.25,97.75,271.00,0.500,Mid (Meeting),4.64,18.76,367.84,3875.00,11499.37,686.80,,0,100,37.00,-258,4398055,-1134698.19,3,fused
223738,000000223738.jpg,634x640,1,0.997578,1,1,TP,yolov8l_bsz4.ms,171.00,108.25,279.25,0.500,Mid (Meeting),4.58,18.84,343.96,3891.00,11499.37,701.14,,0,100,37.00,-344,4394776,-1511802.94,4,fused
385190,000000385190.jpg,500x375,1,0.997546,1,1,TP,yolov8l_bsz4.ms,171.00,108.25,279.25,0.500,Mid (Meeting),4.58,18.84,343.96,3891.00,11499.37,701.14,,0,100,37.00,-344,4394776,-1511802.94,4,fused
42889,000000042889.jpg,375x500,1,0.997479,0,0,FP,yolov8l_bsz4.ms,171.00,108.25,279.25,0.500,Mid (Meeting),4.58,18.84,343.96,3891.00,11499.37,701.14,,0,100,37.00,-344,4394776,-1511802.94,4,fused
574823,000000574823.jpg,375x500,1,0.997467,1,1,TP,yolov8l_bsz4.ms,171.00,108.25,279.25,0.500,Mid (Meeting),4.58,18.84,343.96,3891.00,11499.37,701.14,,0,100,37.00,-344,4394776,-1511802.94,4,fused
424162,000000424162.jpg,640x512,1,0.997447,1,1,TP,yolov8l_bsz4.ms,170.00,102.75,272.75,0.500,Mid (Meeting),4.53,18.84,299.04,3938.00,11499.37,748.35,,0,100,37.00,-154,4401788,-677875.35,4,fused
244099,000000244099.jpg,640x428,1,0.997437,1,1,TP,yolov8l_bsz4.ms,170.00,102.75,272.75,0.500,Mid (Meeting),4.53,18.84,299.04,3938.00,11499.37,748.35,,0,100,37.00,-154,4401788,-677875.35,4,fused
411754,000000411754.jpg,320x240,1,0.997415,1,1,TP,yolov8l_bsz4.ms,170.00,102.75,272.75,0.500,Mid (Meeting),4.53,18.84,299.04,3938.00,11499.37,748.35,,0,100,37.00,-154,4401788,-677875.35,4,fused
308545,000000308545.jpg,640x427,1,0.997415,1,1,TP,yolov8l_bsz4.ms,170.00,102.75,272.75,0.500,Mid (Meeting),4.53,18.84,299.04,3938.00,11499.37,748.35,,0,100,37.00,-154,4401788,-677875.35,4,fused
81594,000000081594.jpg,478x640,1,0.997410,1,1,TP,yolov8l_bsz4.ms,170.25,104.75,275.00,0.500,Mid (Meeting),5.15,19.34,368.27,3866.00,11499.37,675.39,,0,100,37.00,-177,4401130,-779000.01,4,fused
441586,000000441586.jpg,640x425,1,0.997406,1,1,TP,yolov8l_bsz4.ms,170.25,104.75,275.00,0.500,Mid (Meeting),5.15,19.34,368.27,3866.00,11499.37,675.39,,0,100,37.00,-177,4401130,-779000.01,4,fused
153011,000000153011.jpg,640x480,1,0.997405,1,1,TP,yolov8l_bsz4.ms,170.25,104.75,275.00,0.500,Mid (Meeting),5.15,19.34,368.27,3866.00,11499.37,675.39,,0,100,37.00,-177,4401130,-779000.01,4,fused
65288,000000065288.jpg,640x427,1,0.997356,1,1,TP,yolov8l_bsz4.ms,170.25,104.75,275.00,0.500,Mid (Meeting),5.15,19.34,368.27,3866.00,11499.37,675.39,,0,100,37.00,-177,4401130,-779000.01,4,fused
152686,000000152686.jpg,640x400,1,0.997348,1,1,TP,yolov8l_bsz4.ms,171.00,111.25,282.25,0.500,Mid (Meeting),4.44,19.34,362.17,3869.00,11499.37,677.04,,0,100,37.00,-184,4400940,-809772.96,4,fused
214720,000000214720.jpg,375x500,1,0.997343,1,1,TP,yolov8l_bsz4.ms,171.00,111.25,282.25,0.500,Mid (Meeting),4.44,19.34,362.17,3869.00,11499.37,677.04,,0,100,37.00,-184,4400940,-809772.96,4,fused
129756,000000129756.jpg,640x480,1,0.997306,1,1,TP,yolov8l_bsz4.ms,171.00,111.25,282.25,0.500,Mid (Meeting),4.44,19.34,362.17,3869.00,11499.37,677.04,,0,100,37.00,-184,4400940,-809772.96,4,fused
334483,000000334483.jpg,480x640,1,0.997239,1,1,TP,yolov8l_bsz4.ms,171.00,111.25,282.25,0.500,Mid (Meeting),4.44,19.34,362.17,3869.00,11499.37,677.04,,0,100,37.00,-184,4400940,-809772.96,4,fused
128675,000000128675.jpg,640x480,1,0.997206,1,1,TP,yolov8l_bsz4.ms,169.50,103.25,272.75,0.500,Mid (Meeting),4.35,17.87,344.56,3891.00,11499.37,698.98,,0,100,37.00,-212,4399832,-932764.38,4,fused
198489,000000198489.jpg,428x640,1,0.997189,1,1,TP,yolov8l_bsz4.ms,169.50,103.25,272.75,0.500,Mid (Meeting),4.35,17.87,344.56,3891.00,11499.37,698.98,,0,100,37.00,-212,4399832,-932764.38,4,fused
570664,000000570664.jpg,500x333,1,0.997112,1,1,TP,yolov8l_bsz4.ms,169.50,103.25,272.75,0.500,Mid (Meeting),4.35,17.87,344.56,3891.00,11499.37,698.98,,0,100,37.00,-212,4399832,-932764.38,4,fused
23126,000000023126.jpg,640x428,1,0.997076,1,1,TP,yolov8l_bsz4.ms,169.50,103.25,272.75,0.500,Mid (Meeting),4.35,17.87,344.56,3891.00,11499.37,698.98,,0,100,37.00,-212,4399832,-932764.38,4,fused
362716,000000362716.jpg,640x427,1,0.997067,1,1,TP,yolov8l_bsz4.ms,170.25,99.00,269.25,0.500,Mid (Meeting),4.22,17.87,298.98,3933.00,11499.37,740.04,,0,100,37.00,-151,4402481,-664774.63,4,fused
449579,000000449579.jpg,640x427,1,0.997049,1,1,TP,yolov8l_bsz4.ms,170.25,99.00,269.25,0.500,Mid (Meeting),4.22,17.87,298.98,3933.00,11499.37,740.04,,0,100,37.00,-151,4402481,-664774.63,4,fused
323895,000000323895.jpg,640x480,1,0.997046,1,1,TP,yolov8l_bsz4.ms,170.25,99.00,269.25,0.500,Mid (Meeting),4.22,17.87,298.98,3933.00,11499.37,740.04,,0,100,37.00,-151,4402481,-664774.63,4,fused
456394,000000456394.jpg,220x176,1,0.997045,0,0,FP,yolov8l_bsz4.ms,170.25,99.00,269.25,0.500,Mid (Meeting),4.22,17.87,298.98,3933.00,11499.37,740.04,,0,100,37.00,-151,4402481,-664774.63,4,fused
384670,000000384670.jpg,640x480,1,0.997019,1,1,TP,yolov8l_bsz4.ms,170.25,106.50,276.75,0.500,Mid (Meeting),4.13,17.17,365.45,3872.00,11499.37,677.35,,0,100,37.00,-162,4402037,-713129.99,4,fused
138639,000000138639.jpg,640x480,1,0.997016,1,1,TP,yolov8l_bsz4.ms,170.25,106.50,276.75,0.500,Mid (Meeting),4.13,17.17,365.45,3872.00,11499.37,677.35,,0,100,37.00,-162,4402037,-713129.99,4,fused
34417,000000034417.jpg,500x375,1,0.997004,1,1,TP,yolov8l_bsz4.ms,170.25,106.50,276.75,0.500,Mid (Meeting),4.13,17.17,365.45,3872.00,11499.37,677.35,,0,100,37.00,-162,4402037,-713129.99,4,fused
60899,000000060899.jpg,360x640,1,0.996965,1,1,TP,yolov8l_bsz4.ms,170.25,106.50,276.75,0.500,Mid (Meeting),4.13,17.17,365.45,3872.00,11499.37,677.35,,0,100,37.00,-162,4402037,-713129.99,4,fused
315450,000000315450.jpg,640x428,1,0.996961,0,0,FP,yolov8l_bsz4.ms,172.25,96.75,269.00,0.500,Mid (Meeting),4.13,17.17,365.50,3869.00,11499.37,673.61,,0,100,37.00,-201,4400482,-884496.88,4,fused
378116,000000378116.jpg,640x454,1,0.996921,1,1,TP,yolov8l_bsz4.ms,172.25,96.75,269.00,0.500,Mid (Meeting),4.13,17.17,365.50,3869.00,11499.37,673.61,,0,100,37.00,-201,4400482,-884496.88,4,fused
78843,000000078843.jpg,640x480,1,0.996919,1,1,TP,yolov8l_bsz4.ms,172.25,96.75,269.00,0.500,Mid (Meeting),4.13,17.17,365.50,3869.00,11499.37,673.61,,0,100,37.00,-201,4400482,-884496.88,4,fused
8532,000000008532.jpg,640x426,1,0.996918,1,1,TP,yolov8l_bsz4.ms,172.25,96.75,269.00,0.500,Mid (Meeting),4.13,17.17,365.50,3869.00,11499.37,673.61,,0,100,37.00,-201,4400482,-884496.88,4,fused
326128,000000326128.jpg,480x640,1,0.996912,1,1,TP,yolov8l_bsz4.ms,170.00,108.25,278.25,0.500,Mid (Meeting),4.12,17.59,344.94,3886.00,11499.37,689.82,,0,100,37.00,-313,4396465,-1376093.54,4,fused
478862,000000478862.jpg,640x480,1,0.996904,1,1,TP,yolov8l_bsz4.ms,170.00,108.25,278.25,0.500,Mid (Meeting),4.12,17.59,344.94,3886.00,11499.37,689.82,,0,100,37.00,-313,4396465,-1376093.54,4,fused
33104,000000033104.jpg,428x500,1,0.996869,1,1,TP,yolov8l_bsz4.ms,170.00,108.25,278.25,0.500,Mid (Meeting),4.12,17.59,344.94,3886.00,11499.37,689.82,,0,100,37.00,-313,4396465,-1376093.54,4,fused
193348,000000193348.jpg,426x640,1,0.996859,1,1,TP,yolov8l_bsz4.ms,170.00,108.25,278.25,0.500,Mid (Meeting),4.12,17.59,344.94,3886.00,11499.37,689.82,,0,100,37.00,-313,4396465,-1376093.54,4,fused
289417,000000289417.jpg,500x375,1,0.996858,1,1,TP,yolov8l_bsz4.ms,170.25,104.00,274.25,0.500,Mid (Meeting),4.14,17.59,291.98,3943.00,11499.37,746.81,,0,100,37.00,-216,4400323,-950469.77,4,fused
144984,000000144984.jpg,426x640,1,0.996847,1,1,TP,yolov8l_bsz4.ms,170.25,104.00,274.25,0.500,Mid (Meeting),4.14,17.59,291.98,3943.00,11499.37,746.81,,0,100,37.00,-216,4400323,-950469.77,4,fused
203294,000000203294.jpg,640x480,1,0.996835,1,1,TP,yolov8l_bsz4.ms,170.25,104.00,274.25,0.500,Mid (Meeting),4.14,17.59,291.98,3943.00,11499.37,746.81,,0,100,37.00,-216,4400323,-950469.77,4,fused
411530,000000411530.jpg,640x480,1,0.996818,1,1,TP,yolov8l_bsz4.ms,170.25,104.00,274.25,0.500,Mid (Meeting),4.14,17.59,291.98,3943.00,11499.37,746.81,,0,100,37.00,-216,4400323,-950469.77,4,fused
384468,000000384468.jpg,640x480,1,0.996771,1,1,TP,yolov8l_bsz4.ms,108.00,107.75,215.75,0.500,Mid (Meeting),12.70,17.70,368.35,3864.00,11499.37,666.44,,0,100,37.00,-250,4399166,-1099791.50,4,fused
297427,000000297427.jpg,580x640,1,0.996741,1,1,TP,yolov8l_bsz4.ms,108.00,107.75,215.75,0.500,Mid (Meeting),12.70,17.70,368.35,3864.00,11499.37,666.44,,0,100,37.00,-250,4399166,-1099791.50,4,fused
288430,000000288430.jpg,500x375,1,0.996738,1,1,TP,yolov8l_bsz4.ms,108.00,107.75,215.75,0.500,Mid (Meeting),12.70,17.70,368.35,3864.00,11499.37,666.44,,0,100,37.00,-250,4399166,-1099791.50,4,fused
449909,000000449909.jpg,640x427,1,0.996724,1,1,TP,yolov8l_bsz4.ms,108.00,107.75,215.75,0.500,Mid (Meeting),12.70,17.70,368.35,3864.00,11499.37,666.44,,0,100,37.00,-250,4399166,-1099791.50,4,fused
433204,000000433204.jpg,640x480,1,0.996704,1,1,TP,yolov8l_bsz4.ms,110.25,102.75,213.00,0.500,Mid (Meeting),5.21,17.70,366.84,3870.00,11499.37,671.83,,0,100,37.00,-316,4395883,-1389099.03,4,fused
537506,000000537506.jpg,600x400,1,0.996701,1,1,TP,yolov8l_bsz4.ms,110.25,102.75,213.00,0.500,Mid (Meeting),5.21,17.70,366.84,3870.00,11499.37,671.83,,0,100,37.00,-316,4395883,-1389099.03,4,fused
260106,000000260106.jpg,400x600,1,0.996694,1,1,TP,yolov8l_bsz4.ms,110.25,102.75,213.00,0.500,Mid (Meeting),5.21,17.70,366.84,3870.00,11499.37,671.83,,0,100,37.00,-316,4395883,-1389099.03,4,fused
169996,000000169996.jpg,640x480,1,0.996693,1,1,TP,yolov8l_bsz4.ms,110.25,102.75,213.00,0.500,Mid (Meeting),5.21,17.70,366.84,3870.00,11499.37,671.83,,0,100,37.00,-316,4395883,-1389099.03,4,fused
404249,000000404249.jpg,427x640,1,0.996646,1,1,TP,yolov8l_bsz4.ms,111.00,97.75,208.75,0.500,Mid (Meeting),5.44,17.70,344.57,3884.00,11499.37,685.34,,0,100,37.00,-238,4398758,-1046904.40,4,fused
69224,000000069224.jpg,500x375,1,0.996638,1,1,TP,yolov8l_bsz4.ms,111.00,97.75,208.75,0.500,Mid (Meeting),5.44,17.70,344.57,3884.00,11499.37,685.34,,0,100,37.00,-238,4398758,-1046904.40,4,fused
127263,000000127263.jpg,640x427,1,0.996609,1,1,TP,yolov8l_bsz4.ms,111.00,97.75,208.75,0.500,Mid (Meeting),5.44,17.70,344.57,3884.00,11499.37,685.34,,0,100,37.00,-238,4398758,-1046904.40,4,fused
421455,000000421455.jpg,500x375,1,0.996550,1,1,TP,yolov8l_bsz4.ms,111.00,97.75,208.75,0.500,Mid (Meeting),5.44,17.70,344.57,3884.00,11499.37,685.34,,0,100,37.00,-238,4398758,-1046904.40,4,fused
13177,000000013177.jpg,640x427,1,0.996523,1,1,TP,yolov8l_bsz4.ms,112.25,106.00,218.25,0.500,Mid (Meeting),5.20,20.69,289.90,3943.00,11499.37,743.85,,0,100,37.00,-237,4398717,-1042495.93,4,fused
488251,000000488251.jpg,640x360,1,0.996489,1,1,TP,yolov8l_bsz4.ms,112.25,106.00,218.25,0.500,Mid (Meeting),5.20,20.69,289.90,3943.00,11499.37,743.85,,0,100,37.00,-237,4398717,-1042495.93,4,fused
563648,000000563648.jpg,468x640,1,0.996433,1,1,TP,yolov8l_bsz4.ms,112.25,106.00,218.25,0.500,Mid (Meeting),5.20,20.69,289.90,3943.00,11499.37,743.85,,0,100,37.00,-237,4398717,-1042495.93,4,fused
354307,000000354307.jpg,500x375,1,0.996424,1,1,TP,yolov8l_bsz4.ms,112.25,106.00,218.25,0.500,Mid (Meeting),5.20,20.69,289.90,3943.00,11499.37,743.85,,0,100,37.00,-237,4398717,-1042495.93,4,fused
82821,000000082821.jpg,640x427,1,0.996411,1,1,TP,yolov8l_bsz4.ms,112.00,109.00,221.00,0.500,Mid (Meeting),5.04,20.69,366.38,3862.00,11499.37,662.81,,0,100,37.00,-261,4397706,-1147801.27,4,fused
563349,000000563349.jpg,427x640,1,0.996378,1,1,TP,yolov8l_bsz4.ms,112.00,109.00,221.00,0.500,Mid (Meeting),5.04,20.69,366.38,3862.00,11499.37,662.81,,0,100,37.00,-261,4397706,-1147801.27,4,fused
486104,000000486104.jpg,500x375,1,0.996377,1,1,TP,yolov8l_bsz4.ms,112.00,109.00,221.00,0.500,Mid (Meeting),5.04,20.69,366.38,3862.00,11499.37,662.81,,0,100,37.00,-261,4397706,-1147801.27,4,fused
445792,000000445792.jpg,500x375,1,0.996344,1,1,TP,yolov8l_bsz4.ms,112.00,109.00,221.00,0.500,Mid (Meeting),5.04,20.69,366.38,3862.00,11499.37,662.81,,0,100,37.00,-261,4397706,-1147801.27,4,fused
286458,000000286458.jpg,455x310,1,0.996276,0,0,FP,yolov8l_bsz4.ms,115.50,86.75,202.25,0.500,Mid (Meeting),5.03,20.69,364.58,3869.00,11499.37,669.69,,0,100,37.00,-341,4394574,-1498549.73,4,fused
565853,000000565853.jpg,500x375,1,0.996267,1,1,TP,yolov8l_bsz4.ms,115.50,86.75,202.25,0.500,Mid (Meeting),5.03,20.69,364.58,3869.00,11499.37,669.69,,0,100,37.00,-341,4394574,-1498549.73,4,fused
454798,000000454798.jpg,640x425,1,0.996263,1,1,TP,yolov8l_bsz4.ms,115.50,86.75,202.25,0.500,Mid (Meeting),5.03,20.69,364.58,3869.00,11499.37,669.69,,0,100,37.00,-341,4394574,-1498549.73,4,fused
551804,000000551804.jpg,640x427,1,0.996251,1,1,TP,yolov8l_bsz4.ms,115.50,86.75,202.25,0.500,Mid (Meeting),5.03,20.69,364.58,3869.00,11499.37,669.69,,0,100,37.00,-341,4394574,-1498549.73,4,fused
1353,000000001353.jpg,375x500,1,0.996249,1,1,TP,yolov8l_bsz4.ms,113.25,109.25,222.50,0.500,Mid (Meeting),5.05,20.09,344.43,3882.00,11499.37,681.68,,0,100,37.00,-282,4396774,-1239890.27,4,fused
356531,000000356531.jpg,640x480,1,0.996210,1,1,TP,yolov8l_bsz4.ms,113.25,109.25,222.50,0.500,Mid (Meeting),5.05,20.09,344.43,3882.00,11499.37,681.68,,0,100,37.00,-282,4396774,-1239890.27,4,fused
374982,000000374982.jpg,375x500,1,0.996183,1,1,TP,yolov8l_bsz4.ms,113.25,109.25,222.50,0.500,Mid (Meeting),5.05,20.09,344.43,3882.00,11499.37,681.68,,0,100,37.00,-282,4396774,-1239890.27,4,fused
407002,000000407002.jpg,480x640,1,0.996162,1,1,TP,yolov8l_bsz4.ms,113.25,109.25,222.50,0.500,Mid (Meeting),5.05,20.09,344.43,3882.00,11499.37,681.68,,0,100,37.00,-282,4396774,-1239890.27,4,fused
175251,000000175251.jpg,612x612,1,0.996161,1,1,TP,yolov8l_bsz4.ms,114.50,113.25,227.75,0.500,Mid (Meeting),5.04,20.09,291.79,3938.00,11499.37,737.69,,0,100,37.00,-234,4398263,-1029193.54,4,fused
121497,000000121497.jpg,640x480,1,0.996149,1,1,TP,yolov8l_bsz4.ms,114.50,113.25,227.75,0.500,Mid (Meeting),5.04,20.09,291.79,3938.00,11499.37,737.69,,0,100,37.00,-234,4398263,-1029193.54,4,fused
343937,000000343937.jpg,640x428,1,0.996118,1,1,TP,yolov8l_bsz4.ms,114.50,113.25,227.75,0.500,Mid (Meeting),5.04,20.09,291.79,3938.00,11499.37,737.69,,0,100,37.00,-234,4398263,-1029193.54,4,fused
333402,000000333402.jpg,640x425,1,0.996081,1,1,TP,yolov8l_bsz4.ms,114.50,113.25,227.75,0.500,Mid (Meeting),5.04,20.09,291.79,3938.00,11499.37,737.69,,0,100,37.00,-234,4398263,-1029193.54,4,fused
128699,000000128699.jpg,351x500,1,0.996037,1,1,TP,yolov8l_bsz4.ms,115.00,100.00,215.00,0.500,Mid (Meeting),4.98,18.81,368.17,3874.00,11499.37,673.40,,0,100,37.00,-199,4399418,-875484.18,4,fused
102805,000000102805.jpg,640x426,1,0.996034,1,1,TP,yolov8l_bsz4.ms,115.00,100.00,215.00,0.500,Mid (Meeting),4.98,18.81,368.17,3874.00,11499.37,673.40,,0,100,37.00,-199,4399418,-875484.18,4,fused
185250,000000185250.jpg,399x640,1,0.996022,1,1,TP,yolov8l_bsz4.ms,115.00,100.00,215.00,0.500,Mid (Meeting),4.98,18.81,368.17,3874.00,11499.37,673.40,,0,100,37.00,-199,4399418,-875484.18,4,fused
275392,000000275392.jpg,480x640,1,0.996018,1,1,TP,yolov8l_bsz4.ms,115.00,100.00,215.00,0.500,Mid (Meeting),4.98,18.81,368.17,3874.00,11499.37,673.40,,0,100,37.00,-199,4399418,-875484.18,4,fused
561958,000000561958.jpg,640x480,1,0.995951,1,1,TP,yolov8l_bsz4.ms,118.25,103.25,221.50,0.500,Mid (Meeting),5.00,18.81,366.10,3873.00,11499.37,671.94,,0,100,37.00,-216,4398831,-950147.50,4,fused
398905,000000398905.jpg,640x427,1,0.995944,1,1,TP,yolov8l_bsz4.ms,118.25,103.25,221.50,0.500,Mid (Meeting),5.00,18.81,366.10,3873.00,11499.37,671.94,,0,100,37.00,-216,4398831,-950147.50,4,fused
82986,000000082986.jpg,640x444,1,0.995913,1,1,TP,yolov8l_bsz4.ms,118.25,103.25,221.50,0.500,Mid (Meeting),5.00,18.81,366.10,3873.00,11499.37,671.94,,0,100,37.00,-216,4398831,-950147.50,4,fused
227491,000000227491.jpg,640x480,1,0.995900,1,1,TP,yolov8l_bsz4.ms,118.25,103.25,221.50,0.500,Mid (Meeting),5.00,18.81,366.10,3873.00,11499.37,671.94,,0,100,37.00,-216,4398831,-950147.50,4,fused
530061,000000530061.jpg,640x455,1,0.995887,1,1,TP,yolov8l_bsz4.ms,171.75,110.50,282.25,0.500,Mid (Meeting),5.00,18.54,346.02,3898.00,11499.37,696.28,,0,100,37.00,-189,4400091,-831617.20,4,fused
554002,000000554002.jpg,640x425,1,0.995879,1,1,TP,yolov8l_bsz4.ms,171.75,110.50,282.25,0.500,Mid (Meeting),5.00,18.54,346.02,3898.00,11499.37,696.28,,0,100,37.00,-189,4400091,-831617.20,4,fused
471023,000000471023.jpg,640x426,1,0.995863,1,1,TP,yolov8l_bsz4.ms,171.75,110.50,282.25,0.500,Mid (Meeting),5.00,18.54,346.02,3898.00,11499.37,696.28,,0,100,37.00,-189,4400091,-831617.20,4,fused
394510,000000394510.jpg,640x480,1,0.995802,1,1,TP,yolov8l_bsz4.ms,171.75,110.50,282.25,0.500,Mid (Meeting),5.00,18.54,346.02,3898.00,11499.37,696.28,,0,100,37.00,-189,4400091,-831617.20,4,fused
478721,000000478721.jpg,640x480,1,0.995770,1,1,TP,yolov8l_bsz4.ms,172.00,97.25,269.25,0.500,Mid (Meeting),9.58,18.54,290.31,3948.00,11499.37,744.43,,0,100,37.00,-305,4395799,-1340718.70,4,fused
322163,000000322163.jpg,640x480,1,0.995763,1,1,TP,yolov8l_bsz4.ms,172.00,97.25,269.25,0.500,Mid (Meeting),9.58,18.54,290.31,3948.00,11499.37,744.43,,0,100,37.00,-305,4395799,-1340718.70,4,fused
337055,000000337055.jpg,640x427,1,0.995725,1,1,TP,yolov8l_bsz4.ms,172.00,97.25,269.25,0.500,Mid (Meeting),9.58,18.54,290.31,3948.00,11499.37,744.43,,0,100,37.00,-305,4395799,-1340718.70,4,fused
542127,000000542127.jpg,640x426,1,0.995705,1,1,TP,yolov8l_bsz4.ms,172.00,97.25,269.25,0.500,Mid (Meeting),9.58,18.54,290.31,3948.00,11499.37,744.43,,0,100,37.00,-305,4395799,-1340718.70,4,fused
105264,000000105264.jpg,640x427,1,0.995675,1,1,TP,yolov8l_bsz4.ms,169.75,108.00,277.75,0.500,Mid (Meeting),5.04,17.38,367.32,3867.00,11499.37,662.09,,0,100,37.00,-168,4401272,-739413.70,4,fused
146358,000000146358.jpg,388x640,1,0.995649,1,1,TP,yolov8l_bsz4.ms,169.75,108.00,277.75,0.500,Mid (Meeting),5.04,17.38,367.32,3867.00,11499.37,662.09,,0,100,37.00,-168,4401272,-739413.70,4,fused
162092,000000162092.jpg,640x640,1,0.995601,1,1,TP,yolov8l_bsz4.ms,169.75,108.00,277.75,0.500,Mid (Meeting),5.04,17.38,367.32,3867.00,11499.37,662.09,,0,100,37.00,-168,4401272,-739413.70,4,fused
442746,000000442746.jpg,500x375,1,0.995579,1,1,TP,yolov8l_bsz4.ms,169.75,108.00,277.75,0.500,Mid (Meeting),5.04,17.38,367.32,3867.00,11499.37,662.09,,0,100,37.00,-168,4401272,-739413.70,4,fused
522889,000000522889.jpg,424x640,1,0.995560,1,1,TP,yolov8l_bsz4.ms,171.25,96.50,267.75,0.500,Mid (Meeting),4.47,17.38,364.69,3873.00,11499.37,667.98,,0,100,37.00,-284,4397166,-1248795.14,4,fused
38210,000000038210.jpg,428x640,1,0.995528,1,1,TP,yolov8l_bsz4.ms,171.25,96.50,267.75,0.500,Mid (Meeting),4.47,17.38,364.69,3873.00,11499.37,667.98,,0,100,37.00,-284,4397166,-1248795.14,4,fused
449312,000000449312.jpg,640x578,1,0.995486,1,1,TP,yolov8l_bsz4.ms,171.25,96.50,267.75,0.500,Mid (Meeting),4.47,17.38,364.69,3873.00,11499.37,667.98,,0,100,37.00,-284,4397166,-1248795.14,4,fused
295316,000000295316.jpg,640x480,1,0.995439,1,1,TP,yolov8l_bsz4.ms,171.25,96.50,267.75,0.500,Mid (Meeting),4.47,17.38,364.69,3873.00,11499.37,667.98,,0,100,37.00,-284,4397166,-1248795.14,4,fused
140840,000000140840.jpg,500x281,1,0.995388,1,1,TP,yolov8l_bsz4.ms,160.75,101.00,261.75,0.500,Mid (Meeting),4.47,18.12,342.58,3892.00,11499.37,685.80,,0,100,37.00,-169,4401222,-743806.52,4,fused
133567,000000133567.jpg,640x428,1,0.995380,1,1,TP,yolov8l_bsz4.ms,160.75,101.00,261.75,0.500,Mid (Meeting),4.47,18.12,342.58,3892.00,11499.37,685.80,,0,100,37.00,-169,4401222,-743806.52,4,fused
187585,000000187585.jpg,640x436,1,0.995368,1,1,TP,yolov8l_bsz4.ms,160.75,101.00,261.75,0.500,Mid (Meeting),4.47,18.12,342.58,3892.00,11499.37,685.80,,0,100,37.00,-169,4401222,-743806.52,4,fused
303713,000000303713.jpg,427x640,1,0.995318,1,1,TP,yolov8l_bsz4.ms,160.75,101.00,261.75,0.500,Mid (Meeting),4.47,18.12,342.58,3892.00,11499.37,685.80,,0,100,37.00,-169,4401222,-743806.52,4,fused
142790,000000142790.jpg,500x375,1,0.995296,1,1,TP,yolov8l_bsz4.ms,107.75,93.50,201.25,0.500,Mid (Meeting),4.36,18.12,289.46,3949.00,11499.37,742.08,,0,100,37.00,-301,4395825,-1323143.32,4,fused
181303,000000181303.jpg,640x358,1,0.995266,1,1,TP,yolov8l_bsz4.ms,107.75,93.50,201.25,0.500,Mid (Meeting),4.36,18.12,289.46,3949.00,11499.37,742.08,,0,100,37.00,-301,4395825,-1323143.32,4,fused
352684,000000352684.jpg,424x640,1,0.995201,1,1,TP,yolov8l_bsz4.ms,107.75,93.50,201.25,0.500,Mid (Meeting),4.36,18.12,289.46,3949.00,11499.37,742.08,,0,100,37.00,-301,4395825,-1323143.32,4,fused
424642,000000424642.jpg,500x375,1,0.995186,1,1,TP,yolov8l_bsz4.ms,107.75,93.50,201.25,0.500,Mid (Meeting),4.36,18.12,289.46,3949.00,11499.37,742.08,,0,100,37.00,-301,4395825,-1323143.32,4,fused
314251,000000314251.jpg,640x480,1,0.995153,1,1,TP,yolov8l_bsz4.ms,113.00,106.75,219.75,0.500,Mid (Meeting),4.40,18.12,365.06,3867.00,11499.37,659.45,,0,100,37.00,-257,4397548,-1130169.84,4,fused
389197,000000389197.jpg,640x426,1,0.995130,1,1,TP,yolov8l_bsz4.ms,113.00,106.75,219.75,0.500,Mid (Meeting),4.40,18.12,365.06,3867.00,11499.37,659.45,,0,100,37.00,-257,4397548,-1130169.84,4,fused
222118,000000222118.jpg,640x427,1,0.995102,1,1,TP,yolov8l_bsz4.ms,113.00,106.75,219.75,0.500,Mid (Meeting),4.40,18.12,365.06,3867.00,11499.37,659.45,,0,100,37.00,-257,4397548,-1130169.84,4,fused
131938,000000131938.jpg,463x640,1,0.995079,0,0,FP,yolov8l_bsz4.ms,113.00,106.75,219.75,0.500,Mid (Meeting),4.40,18.12,365.06,3867.00,11499.37,659.45,,0,100,37.00,-257,4397548,-1130169.84,4,fused
212226,000000212226.jpg,500x335,1,0.995000,1,1,TP,yolov8l_bsz4.ms,114.50,93.00,207.50,0.500,Mid (Meeting),4.49,17.89,362.26,3874.00,11499.37,666.47,,0,100,37.00,-190,4399720,-835946.80,4,fused
174482,000000174482.jpg,640x388,1,0.994951,0,0,FP,yolov8l_bsz4.ms,114.50,93.00,207.50,0.500,Mid (Meeting),4.49,17.89,362.26,3874.00,11499.37,666.47,,0,100,37.00,-190,4399720,-835946.80,4,fused
40757,000000040757.jpg,425x640,1,0.994947,1,1,TP,yolov8l_bsz4.ms,114.50,93.00,207.50,0.500,Mid (Meeting),4.49,17.89,362.26,3874.00,11499.37,666.47,,0,100,37.00,-190,4399720,-835946.80,4,fused
356612,000000356612.jpg,640x416,1,0.994895,1,1,TP,yolov8l_bsz4.ms,114.50,93.00,207.50,0.500,Mid (Meeting),4.49,17.89,362.26,3874.00,11499.37,666.47,,0,100,37.00,-190,4399720,-835946.80,4,fused
401862,000000401862.jpg,640x480,1,0.994883,1,1,TP,yolov8l_bsz4.ms,112.25,96.50,208.75,0.500,Mid (Meeting),4.55,17.89,344.59,3885.00,11499.37,676.75,,0,100,37.00,-224,4398949,-985364.58,4,fused
353051,000000353051.jpg,640x426,1,0.994879,1,1,TP,yolov8l_bsz4.ms,112.25,96.50,208.75,0.500,Mid (Meeting),4.55,17.89,344.59,3885.00,11499.37,676.75,,0,100,37.00,-224,4398949,-985364.58,4,fused
302107,000000302107.jpg,427x640,1,0.994876,1,1,TP,yolov8l_bsz4.ms,112.25,96.50,208.75,0.500,Mid (Meeting),4.55,17.89,344.59,3885.00,11499.37,676.75,,0,100,37.00,-224,4398949,-985364.58,4,fused
183127,000000183127.jpg,640x428,1,0.994872,1,1,TP,yolov8l_bsz4.ms,112.25,96.50,208.75,0.500,Mid (Meeting),4.55,17.89,344.59,3885.00,11499.37,676.75,,0,100,37.00,-224,4398949,-985364.58,4,fused
69213,000000069213.jpg,640x427,1,0.994809,1,1,TP,yolov8l_bsz4.ms,111.50,107.25,218.75,0.500,Mid (Meeting),4.61,17.44,298.94,3936.00,11499.37,727.11,,0,100,37.00,-139,4401237,-611771.94,4,fused
210299,000000210299.jpg,640x480,1,0.994789,1,1,TP,yolov8l_bsz4.ms,111.50,107.25,218.75,0.500,Mid (Meeting),4.61,17.44,298.94,3936.00,11499.37,727.11,,0,100,37.00,-139,4401237,-611771.94,4,fused
482917,000000482917.jpg,500x375,1,0.994727,1,1,TP,yolov8l_bsz4.ms,111.50,107.25,218.75,0.500,Mid (Meeting),4.61,17.44,298.94,3936.00,11499.37,727.11,,0,100,37.00,-139,4401237,-611771.94,4,fused
136633,000000136633.jpg,427x640,1,0.994711,1,1,TP,yolov8l_bsz4.ms,111.50,107.25,218.75,0.500,Mid (Meeting),4.61,17.44,298.94,3936.00,11499.37,727.11,,0,100,37.00,-139,4401237,-611771.94,4,fused
526728,000000526728.jpg,500x375,1,0.994687,1,1,TP,yolov8l_bsz4.ms,114.25,104.50,218.75,0.500,Mid (Meeting),4.60,17.44,365.48,3864.00,11499.37,654.38,,0,100,38.00,-197,4399507,-866702.88,4,fused
474039,000000474039.jpg,640x401,1,0.994673,1,1,TP,yolov8l_bsz4.ms,114.25,104.50,218.75,0.500,Mid (Meeting),4.60,17.44,365.48,3864.00,11499.37,654.38,,0,100,38.00,-197,4399507,-866702.88,4,fused
25603,000000025603.jpg,640x480,1,0.994657,1,1,TP,yolov8l_bsz4.ms,114.25,104.50,218.75,0.500,Mid (Meeting),4.60,17.44,365.48,3864.00,11499.37,654.38,,0,100,38.00,-197,4399507,-866702.88,4,fused
11149,000000011149.jpg,500x375,1,0.994632,1,1,TP,yolov8l_bsz4.ms,114.25,104.50,218.75,0.500,Mid (Meeting),4.60,17.44,365.48,3864.00,11499.37,654.38,,0,100,38.00,-197,4399507,-866702.88,4,fused
179642,000000179642.jpg,640x427,1,0.994623,1,1,TP,yolov8l_bsz4.ms,114.25,97.00,211.25,0.500,Mid (Meeting),8.43,17.44,365.19,3869.00,11499.37,658.66,,0,100,38.00,-338,4394949,-1485492.76,4,fused
361238,000000361238.jpg,640x480,1,0.994547,1,1,TP,yolov8l_bsz4.ms,114.25,97.00,211.25,0.500,Mid (Meeting),8.43,17.44,365.19,3869.00,11499.37,658.66,,0,100,38.00,-338,4394949,-1485492.76,4,fused
528705,000000528705.jpg,426x640,1,0.994541,1,1,TP,yolov8l_bsz4.ms,114.25,97.00,211.25,0.500,Mid (Meeting),8.43,17.44,365.19,3869.00,11499.37,658.66,,0,100,38.00,-338,4394949,-1485492.76,4,fused
550349,000000550349.jpg,480x640,1,0.994512,1,1,TP,yolov8l_bsz4.ms,114.25,97.00,211.25,0.500,Mid (Meeting),8.43,17.44,365.19,3869.00,11499.37,658.66,,0,100,38.00,-338,4394949,-1485492.76,4,fused
229358,000000229358.jpg,640x423,1,0.994511,1,1,TP,yolov8l_bsz4.ms,115.50,96.00,211.50,0.500,Mid (Meeting),5.64,15.97,343.51,3895.00,11499.37,684.54,,0,100,38.00,-172,4399713,-756750.64,4,fused
65350,000000065350.jpg,640x427,1,0.994497,1,1,TP,yolov8l_bsz4.ms,115.50,96.00,211.50,0.500,Mid (Meeting),5.64,15.97,343.51,3895.00,11499.37,684.54,,0,100,38.00,-172,4399713,-756750.64,4,fused
407650,000000407650.jpg,640x428,1,0.994471,1,1,TP,yolov8l_bsz4.ms,115.50,96.00,211.50,0.500,Mid (Meeting),5.64,15.97,343.51,3895.00,11499.37,684.54,,0,100,38.00,-172,4399713,-756750.64,4,fused
6460,000000006460.jpg,640x427,1,0.994470,1,1,TP,yolov8l_bsz4.ms,115.50,96.00,211.50,0.500,Mid (Meeting),5.64,15.97,343.51,3895.00,11499.37,684.54,,0,100,38.00,-172,4399713,-756750.64,4,fused
266981,000000266981.jpg,426x640,1,0.994452,1,1,TP,yolov8l_bsz4.ms,114.50,112.00,226.50,0.500,Mid (Meeting),5.40,15.97,289.09,3944.00,11499.37,734.07,,0,100,38.00,-155,4400828,-682128.34,4,fused
464089,000000464089.jpg,640x480,1,0.994403,1,1,TP,yolov8l_bsz4.ms,114.50,112.00,226.50,0.500,Mid (Meeting),5.40,15.97,289.09,3944.00,11499.37,734.07,,0,100,38.00,-155,4400828,-682128.34,4,fused
524850,000000524850.jpg,500x319,1,0.994369,1,1,TP,yolov8l_bsz4.ms,114.50,112.00,226.50,0.500,Mid (Meeting),5.40,15.97,289.09,3944.00,11499.37,734.07,,0,100,38.00,-155,4400828,-682128.34,4,fused
173799,000000173799.jpg,640x524,1,0.994363,1,1,TP,yolov8l_bsz4.ms,114.50,112.00,226.50,0.500,Mid (Meeting),5.40,15.97,289.09,3944.00,11499.37,734.07,,0,100,38.00,-155,4400828,-682128.34,4,fused
115870,000000115870.jpg,640x426,1,0.994357,1,1,TP,yolov8l_bsz4.ms,112.25,108.25,220.50,0.500,Mid (Meeting),5.17,18.54,366.92,3872.00,11499.37,660.46,,0,100,38.00,-236,4398013,-1037931.07,4,fused
407646,000000407646.jpg,500x400,1,0.994315,1,1,TP,yolov8l_bsz4.ms,112.25,108.25,220.50,0.500,Mid (Meeting),5.17,18.54,366.92,3872.00,11499.37,660.46,,0,100,38.00,-236,4398013,-1037931.07,4,fused
369370,000000369370.jpg,640x480,1,0.994295,0,0,FP,yolov8l_bsz4.ms,112.25,108.25,220.50,0.500,Mid (Meeting),5.17,18.54,366.92,3872.00,11499.37,660.46,,0,100,38.00,-236,4398013,-1037931.07,4,fused
193674,000000193674.jpg,640x480,1,0.994255,1,1,TP,yolov8l_bsz4.ms,112.25,108.25,220.50,0.500,Mid (Meeting),5.17,18.54,366.92,3872.00,11499.37,660.46,,0,100,38.00,-236,4398013,-1037931.07,4,fused
359540,000000359540.jpg,640x427,1,0.994223,1,1,TP,yolov8l_bsz4.ms,115.25,103.25,218.50,0.500,Mid (Meeting),5.07,18.54,366.35,3869.00,11499.37,657.28,,0,100,38.00,-223,4398292,-980819.12,4,fused
88485,000000088485.jpg,640x427,1,0.994191,1,1,TP,yolov8l_bsz4.ms,115.25,103.25,218.50,0.500,Mid (Meeting),5.07,18.54,366.35,3869.00,11499.37,657.28,,0,100,38.00,-223,4398292,-980819.12,4,fused
400044,000000400044.jpg,483x640,1,0.994168,1,1,TP,yolov8l_bsz4.ms,115.25,103.25,218.50,0.500,Mid (Meeting),5.07,18.54,366.35,3869.00,11499.37,657.28,,0,100,38.00,-223,4398292,-980819.12,4,fused
467848,000000467848.jpg,640x480,1,0.994142,1,1,TP,yolov8l_bsz4.ms,115.25,103.25,218.50,0.500,Mid (Meeting),5.07,18.54,366.35,3869.00,11499.37,657.28,,0,100,38.00,-223,4398292,-980819.12,4,fused
376206,000000376206.jpg,640x427,1,0.994103,1,1,TP,yolov8l_bsz4.ms,114.50,100.50,215.00,0.500,Mid (Meeting),5.07,18.54,344.67,3895.00,11499.37,683.34,,0,100,38.00,-204,4398766,-897348.26,4,fused
88432,000000088432.jpg,480x640,1,0.994014,0,0,FP,yolov8l_bsz4.ms,114.50,100.50,215.00,0.500,Mid (Meeting),5.07,18.54,344.67,3895.00,11499.37,683.34,,0,100,38.00,-204,4398766,-897348.26,4,fused
121242,000000121242.jpg,640x429,1,0.993911,1,1,TP,yolov8l_bsz4.ms,114.50,100.50,215.00,0.500,Mid (Meeting),5.07,18.54,344.67,3895.00,11499.37,683.34,,0,100,38.00,-204,4398766,-897348.26,4,fused
313562,000000313562.jpg,640x480,1,0.993852,1,1,TP,yolov8l_bsz4.ms,114.50,100.50,215.00,0.500,Mid (Meeting),5.07,18.54,344.67,3895.00,11499.37,683.34,,0,100,38.00,-204,4398766,-897348.26,4,fused
476514,000000476514.jpg,426x640,1,0.993843,1,1,TP,yolov8l_bsz4.ms,116.00,119.00,235.00,0.500,Mid (Meeting),5.13,18.73,290.85,3945.00,11499.37,731.87,,0,100,38.00,-300,4395647,-1318694.10,4,fused
534270,000000534270.jpg,521x421,1,0.993830,1,1,TP,yolov8l_bsz4.ms,116.00,119.00,235.00,0.500,Mid (Meeting),5.13,18.73,290.85,3945.00,11499.37,731.87,,0,100,38.00,-300,4395647,-1318694.10,4,fused
4765,000000004765.jpg,612x612,1,0.993758,1,1,TP,yolov8l_bsz4.ms,116.00,119.00,235.00,0.500,Mid (Meeting),5.13,18.73,290.85,3945.00,11499.37,731.87,,0,100,38.00,-300,4395647,-1318694.10,4,fused
18837,000000018837.jpg,640x480,1,0.993746,1,1,TP,yolov8l_bsz4.ms,116.00,119.00,235.00,0.500,Mid (Meeting),5.13,18.73,290.85,3945.00,11499.37,731.87,,0,100,38.00,-300,4395647,-1318694.10,4,fused
356248,000000356248.jpg,478x640,1,0.993736,1,1,TP,yolov8l_bsz4.ms,117.50,97.50,215.00,0.500,Mid (Meeting),5.03,18.73,367.78,3873.00,11499.37,659.34,,0,100,38.00,-224,4398256,-985209.34,4,fused
362520,000000362520.jpg,424x640,1,0.993735,1,1,TP,yolov8l_bsz4.ms,117.50,97.50,215.00,0.500,Mid (Meeting),5.03,18.73,367.78,3873.00,11499.37,659.34,,0,100,38.00,-224,4398256,-985209.34,4,fused
263679,000000263679.jpg,640x428,1,0.993691,1,1,TP,yolov8l_bsz4.ms,117.50,97.50,215.00,0.500,Mid (Meeting),5.03,18.73,367.78,3873.00,11499.37,659.34,,0,100,38.00,-224,4398256,-985209.34,4,fused
498807,000000498807.jpg,640x426,1,0.993593,1,1,TP,yolov8l_bsz4.ms,117.50,97.50,215.00,0.500,Mid (Meeting),5.03,18.73,367.78,3873.00,11499.37,659.34,,0,100,38.00,-224,4398256,-985209.34,4,fused
193743,000000193743.jpg,427x640,1,0.993552,1,1,TP,yolov8l_bsz4.ms,118.75,96.75,215.50,0.500,Mid (Meeting),5.00,19.37,364.36,3869.00,11499.37,654.89,,0,100,38.00,-226,4398066,-993962.92,4,fused
328430,000000328430.jpg,433x640,1,0.993543,1,1,TP,yolov8l_bsz4.ms,118.75,96.75,215.50,0.500,Mid (Meeting),5.00,19.37,364.36,3869.00,11499.37,654.89,,0,100,38.00,-226,4398066,-993962.92,4,fused
296649,000000296649.jpg,640x427,1,0.993537,1,1,TP,yolov8l_bsz4.ms,118.75,96.75,215.50,0.500,Mid (Meeting),5.00,19.37,364.36,3869.00,11499.37,654.89,,0,100,38.00,-226,4398066,-993962.92,4,fused
191672,000000191672.jpg,640x428,1,0.993457,1,1,TP,yolov8l_bsz4.ms,118.75,96.75,215.50,0.500,Mid (Meeting),5.00,19.37,364.36,3869.00,11499.37,654.89,,0,100,38.00,-226,4398066,-993962.92,4,fused
314177,000000314177.jpg,481x640,1,0.993425,1,1,TP,yolov8l_bsz4.ms,116.75,94.50,211.25,0.500,Mid (Meeting),5.00,19.37,344.79,3893.00,11499.37,678.23,,0,100,38.00,-240,4397582,-1055419.68,4,fused
413552,000000413552.jpg,426x640,1,0.993414,1,1,TP,yolov8l_bsz4.ms,116.75,94.50,211.25,0.500,Mid (Meeting),5.00,19.37,344.79,3893.00,11499.37,678.23,,0,100,38.00,-240,4397582,-1055419.68,4,fused
470952,000000470952.jpg,428x640,1,0.993407,1,1,TP,yolov8l_bsz4.ms,116.75,94.50,211.25,0.500,Mid (Meeting),5.00,19.37,344.79,3893.00,11499.37,678.23,,0,100,38.00,-240,4397582,-1055419.68,4,fused
133819,000000133819.jpg,640x425,1,0.993316,1,1,TP,yolov8l_bsz4.ms,116.75,94.50,211.25,0.500,Mid (Meeting),5.00,19.37,344.79,3893.00,11499.37,678.23,,0,100,38.00,-240,4397582,-1055419.68,4,fused
39480,000000039480.jpg,640x427,1,0.993276,1,1,TP,yolov8l_bsz4.ms,147.00,108.25,255.25,0.500,Mid (Meeting),4.97,19.37,290.37,3939.00,11499.37,723.59,,0,100,38.00,-253,4397261,-1112507.03,4,fused
406997,000000406997.jpg,640x480,1,0.993205,1,1,TP,yolov8l_bsz4.ms,147.00,108.25,255.25,0.500,Mid (Meeting),4.97,19.37,290.37,3939.00,11499.37,723.59,,0,100,38.00,-253,4397261,-1112507.03,4,fused
286523,000000286523.jpg,640x514,1,0.993160,1,1,TP,yolov8l_bsz4.ms,147.00,108.25,255.25,0.500,Mid (Meeting),4.97,19.37,290.37,3939.00,11499.37,723.59,,0,100,38.00,-253,4397261,-1112507.03,4,fused
252294,000000252294.jpg,375x500,1,0.993147,1,1,TP,yolov8l_bsz4.ms,147.00,108.25,255.25,0.500,Mid (Meeting),4.97,19.37,290.37,3939.00,11499.37,723.59,,0,100,38.00,-253,4397261,-1112507.03,4,fused
31093,000000031093.jpg,640x426,1,0.993136,1,1,TP,yolov8l_bsz4.ms,186.50,108.50,295.00,0.500,Mid (Meeting),8.99,21.74,368.51,3865.00,11499.37,648.59,,0,100,38.00,-231,4398501,-1016053.73,4,fused
223182,000000223182.jpg,640x538,1,0.993023,1,1,TP,yolov8l_bsz4.ms,186.50,108.50,295.00,0.500,Mid (Meeting),8.99,21.74,368.51,3865.00,11499.37,648.59,,0,100,38.00,-231,4398501,-1016053.73,4,fused
142472,000000142472.jpg,640x480,1,0.993016,1,1,TP,yolov8l_bsz4.ms,186.50,108.50,295.00,0.500,Mid (Meeting),8.99,21.74,368.51,3865.00,11499.37,648.59,,0,100,38.00,-231,4398501,-1016053.73,4,fused
119516,000000119516.jpg,640x427,1,0.993014,1,1,TP,yolov8l_bsz4.ms,186.50,108.50,295.00,0.500,Mid (Meeting),8.99,21.74,368.51,3865.00,11499.37,648.59,,0,100,38.00,-231,4398501,-1016053.73,4,fused
251572,000000251572.jpg,640x426,1,0.993012,1,1,TP,yolov8l_bsz4.ms,177.75,100.25,278.00,0.500,Mid (Meeting),5.32,21.74,367.75,3866.00,11499.37,649.50,,0,100,38.00,-183,4400106,-805219.40,4,fused
397279,000000397279.jpg,640x427,1,0.992990,1,1,TP,yolov8l_bsz4.ms,177.75,100.25,278.00,0.500,Mid (Meeting),5.32,21.74,367.75,3866.00,11499.37,649.50,,0,100,38.00,-183,4400106,-805219.40,4,fused
476119,000000476119.jpg,640x427,1,0.992980,1,1,TP,yolov8l_bsz4.ms,177.75,100.25,278.00,0.500,Mid (Meeting),5.32,21.74,367.75,3866.00,11499.37,649.50,,0,100,38.00,-183,4400106,-805219.40,4,fused
84270,000000084270.jpg,640x480,1,0.992971,1,1,TP,yolov8l_bsz4.ms,177.75,100.25,278.00,0.500,Mid (Meeting),5.32,21.74,367.75,3866.00,11499.37,649.50,,0,100,38.00,-183,4400106,-805219.40,4,fused
431693,000000431693.jpg,640x426,1,0.992918,1,1,TP,yolov8l_bsz4.ms,173.00,112.25,285.25,0.500,Mid (Meeting),4.74,16.17,346.82,3850.00,11499.37,632.39,,0,100,38.00,-257,4397667,-1130200.42,4,fused
435081,000000435081.jpg,500x500,1,0.992903,0,0,FP,yolov8l_bsz4.ms,173.00,112.25,285.25,0.500,Mid (Meeting),4.74,16.17,346.82,3850.00,11499.37,632.39,,0,100,38.00,-257,4397667,-1130200.42,4,fused
488710,000000488710.jpg,500x400,1,0.992868,1,1,TP,yolov8l_bsz4.ms,173.00,112.25,285.25,0.500,Mid (Meeting),4.74,16.17,346.82,3850.00,11499.37,632.39,,0,100,38.00,-257,4397667,-1130200.42,4,fused
443426,000000443426.jpg,480x640,1,0.992811,1,1,TP,yolov8l_bsz4.ms,173.00,112.25,285.25,0.500,Mid (Meeting),4.74,16.17,346.82,3850.00,11499.37,632.39,,0,100,38.00,-257,4397667,-1130200.42,4,fused
145020,000000145020.jpg,640x361,1,0.992740,1,1,TP,yolov8l_bsz4.ms,172.75,97.00,269.75,0.500,Mid (Meeting),4.49,16.17,294.06,3895.00,11499.37,676.99,,0,100,38.00,-309,4396213,-1358429.82,4,fused
338304,000000338304.jpg,425x640,1,0.992647,1,1,TP,yolov8l_bsz4.ms,172.75,97.00,269.75,0.500,Mid (Meeting),4.49,16.17,294.06,3895.00,11499.37,676.99,,0,100,38.00,-309,4396213,-1358429.82,4,fused
215259,000000215259.jpg,336x500,1,0.992594,1,1,TP,yolov8l_bsz4.ms,172.75,97.00,269.75,0.500,Mid (Meeting),4.49,16.17,294.06,3895.00,11499.37,676.99,,0,100,38.00,-309,4396213,-1358429.82,4,fused
308394,000000308394.jpg,640x428,1,0.992587,1,1,TP,yolov8l_bsz4.ms,172.75,97.00,269.75,0.500,Mid (Meeting),4.49,16.17,294.06,3895.00,11499.37,676.99,,0,100,38.00,-309,4396213,-1358429.82,4,fused
380711,000000380711.jpg,612x612,1,0.992585,1,1,TP,yolov8l_bsz4.ms,169.75,111.25,281.00,0.500,Mid (Meeting),4.36,21.19,366.83,3839.00,11499.37,618.10,,0,100,38.00,-249,4397406,-1094954.09,4,fused
181666,000000181666.jpg,640x425,1,0.992541,1,1,TP,yolov8l_bsz4.ms,169.75,111.25,281.00,0.500,Mid (Meeting),4.36,21.19,366.83,3839.00,11499.37,618.10,,0,100,38.00,-249,4397406,-1094954.09,4,fused
433103,000000433103.jpg,640x425,1,0.992524,1,1,TP,yolov8l_bsz4.ms,169.75,111.25,281.00,0.500,Mid (Meeting),4.36,21.19,366.83,3839.00,11499.37,618.10,,0,100,38.00,-249,4397406,-1094954.09,4,fused
50638,000000050638.jpg,640x393,1,0.992442,1,1,TP,yolov8l_bsz4.ms,169.75,111.25,281.00,0.500,Mid (Meeting),4.36,21.19,366.83,3839.00,11499.37,618.10,,0,100,38.00,-249,4397406,-1094954.09,4,fused
7511,000000007511.jpg,640x480,1,0.992346,1,1,TP,yolov8l_bsz4.ms,170.75,96.00,266.75,0.500,Mid (Meeting),4.28,21.19,363.61,3861.00,11499.37,640.21,,0,100,38.00,-171,4400943,-752561.25,4,fused
259597,000000259597.jpg,640x312,1,0.992345,1,1,TP,yolov8l_bsz4.ms,170.75,96.00,266.75,0.500,Mid (Meeting),4.28,21.19,363.61,3861.00,11499.37,640.21,,0,100,38.00,-171,4400943,-752561.25,4,fused
96427,000000096427.jpg,640x427,1,0.992330,1,1,TP,yolov8l_bsz4.ms,170.75,96.00,266.75,0.500,Mid (Meeting),4.28,21.19,363.61,3861.00,11499.37,640.21,,0,100,38.00,-171,4400943,-752561.25,4,fused
511647,000000511647.jpg,640x480,1,0.992291,1,1,TP,yolov8l_bsz4.ms,170.75,96.00,266.75,0.500,Mid (Meeting),4.28,21.19,363.61,3861.00,11499.37,640.21,,0,100,38.00,-171,4400943,-752561.25,4,fused
111609,000000111609.jpg,640x429,1,0.992290,1,1,TP,yolov8l_bsz4.ms,169.75,110.75,280.50,0.500,Mid (Meeting),4.30,19.56,343.25,3880.00,11499.37,657.66,,0,100,38.00,-174,4400686,-765719.36,4,fused
450303,000000450303.jpg,640x480,1,0.992160,1,1,TP,yolov8l_bsz4.ms,169.75,110.75,280.50,0.500,Mid (Meeting),4.30,19.56,343.25,3880.00,11499.37,657.66,,0,100,38.00,-174,4400686,-765719.36,4,fused
9891,000000009891.jpg,640x480,1,0.992124,1,1,TP,yolov8l_bsz4.ms,169.75,110.75,280.50,0.500,Mid (Meeting),4.30,19.56,343.25,3880.00,11499.37,657.66,,0,100,38.00,-174,4400686,-765719.36,4,fused
430073,000000430073.jpg,640x480,1,0.992102,1,1,TP,yolov8l_bsz4.ms,169.75,110.75,280.50,0.500,Mid (Meeting),4.30,19.56,343.25,3880.00,11499.37,657.66,,0,100,38.00,-174,4400686,-765719.36,4,fused
365745,000000365745.jpg,640x480,1,0.992054,1,1,TP,yolov8l_bsz4.ms,170.00,100.50,270.50,0.500,Mid (Meeting),4.25,19.56,287.73,3941.00,11499.37,718.34,,0,100,38.00,-218,4399025,-958987.45,4,fused
369037,000000369037.jpg,425x640,1,0.991990,1,1,TP,yolov8l_bsz4.ms,170.00,100.50,270.50,0.500,Mid (Meeting),4.25,19.56,287.73,3941.00,11499.37,718.34,,0,100,38.00,-218,4399025,-958987.45,4,fused
523100,000000523100.jpg,480x640,1,0.991932,1,1,TP,yolov8l_bsz4.ms,170.00,100.50,270.50,0.500,Mid (Meeting),4.25,19.56,287.73,3941.00,11499.37,718.34,,0,100,38.00,-218,4399025,-958987.45,4,fused
131556,000000131556.jpg,640x425,1,0.991751,1,1,TP,yolov8l_bsz4.ms,170.00,100.50,270.50,0.500,Mid (Meeting),4.25,19.56,287.73,3941.00,11499.37,718.34,,0,100,38.00,-218,4399025,-958987.45,4,fused
23034,000000023034.jpg,640x427,1,0.991670,1,1,TP,yolov8l_bsz4.ms,169.50,103.00,272.50,0.500,Mid (Meeting),4.19,19.31,366.26,3860.00,11499.37,636.60,,0,100,38.00,-114,4403044,-501947.02,4,fused
347265,000000347265.jpg,427x640,1,0.991644,1,1,TP,yolov8l_bsz4.ms,169.50,103.00,272.50,0.500,Mid (Meeting),4.19,19.31,366.26,3860.00,11499.37,636.60,,0,100,38.00,-114,4403044,-501947.02,4,fused
147729,000000147729.jpg,500x375,1,0.991623,1,1,TP,yolov8l_bsz4.ms,169.50,103.00,272.50,0.500,Mid (Meeting),4.19,19.31,366.26,3860.00,11499.37,636.60,,0,100,38.00,-114,4403044,-501947.02,4,fused
23359,000000023359.jpg,640x428,1,0.991562,1,1,TP,yolov8l_bsz4.ms,169.50,103.00,272.50,0.500,Mid (Meeting),4.19,19.31,366.26,3860.00,11499.37,636.60,,0,100,38.00,-114,4403044,-501947.02,4,fused
546823,000000546823.jpg,640x480,1,0.991559,1,1,TP,yolov8l_bsz4.ms,172.00,104.00,276.00,0.500,Mid (Meeting),4.47,19.31,365.26,3867.00,11499.37,642.33,,0,100,38.00,-225,4399163,-989811.68,4,fused
335328,000000335328.jpg,512x640,1,0.991486,1,1,TP,yolov8l_bsz4.ms,172.00,104.00,276.00,0.500,Mid (Meeting),4.47,19.31,365.26,3867.00,11499.37,642.33,,0,100,38.00,-225,4399163,-989811.68,4,fused
378244,000000378244.jpg,427x640,1,0.991297,1,1,TP,yolov8l_bsz4.ms,172.00,104.00,276.00,0.500,Mid (Meeting),4.47,19.31,365.26,3867.00,11499.37,642.33,,0,100,38.00,-225,4399163,-989811.68,4,fused
307172,000000307172.jpg,640x425,1,0.991198,1,1,TP,yolov8l_bsz4.ms,172.00,104.00,276.00,0.500,Mid (Meeting),4.47,19.31,365.26,3867.00,11499.37,642.33,,0,100,38.00,-225,4399163,-989811.68,4,fused
551820,000000551820.jpg,640x425,1,0.991185,1,1,TP,yolov8l_bsz4.ms,169.75,92.50,262.25,0.500,Mid (Meeting),4.13,18.22,344.08,3885.00,11499.37,659.96,,0,100,38.00,-233,4398771,-1024913.64,4,fused
182441,000000182441.jpg,640x399,1,0.991178,1,1,TP,yolov8l_bsz4.ms,169.75,92.50,262.25,0.500,Mid (Meeting),4.13,18.22,344.08,3885.00,11499.37,659.96,,0,100,38.00,-233,4398771,-1024913.64,4,fused
395388,000000395388.jpg,480x640,1,0.991129,1,1,TP,yolov8l_bsz4.ms,169.75,92.50,262.25,0.500,Mid (Meeting),4.13,18.22,344.08,3885.00,11499.37,659.96,,0,100,38.00,-233,4398771,-1024913.64,4,fused
565563,000000565563.jpg,640x480,1,0.991126,1,1,TP,yolov8l_bsz4.ms,169.75,92.50,262.25,0.500,Mid (Meeting),4.13,18.22,344.08,3885.00,11499.37,659.96,,0,100,38.00,-233,4398771,-1024913.64,4,fused
99182,000000099182.jpg,500x334,1,0.991111,1,1,TP,yolov8l_bsz4.ms,169.25,98.25,267.50,0.500,Mid (Meeting),4.21,18.22,297.52,3923.00,11499.37,697.86,,0,100,38.00,-148,4402043,-651502.36,4,fused
577864,000000577864.jpg,640x426,1,0.991078,1,1,TP,yolov8l_bsz4.ms,169.25,98.25,267.50,0.500,Mid (Meeting),4.21,18.22,297.52,3923.00,11499.37,697.86,,0,100,38.00,-148,4402043,-651502.36,4,fused
168974,000000168974.jpg,375x500,1,0.991065,1,1,TP,yolov8l_bsz4.ms,169.25,98.25,267.50,0.500,Mid (Meeting),4.21,18.22,297.52,3923.00,11499.37,697.86,,0,100,38.00,-148,4402043,-651502.36,4,fused
291619,000000291619.jpg,640x427,1,0.991060,1,1,TP,yolov8l_bsz4.ms,169.25,98.25,267.50,0.500,Mid (Meeting),4.21,18.22,297.52,3923.00,11499.37,697.86,,0,100,38.00,-148,4402043,-651502.36,4,fused
119365,000000119365.jpg,480x640,1,0.991013,1,1,TP,yolov8l_bsz4.ms,170.00,108.00,278.00,0.500,Mid (Meeting),4.02,18.55,368.44,3857.00,11499.37,631.07,,0,100,38.00,-186,4400705,-818531.13,4,fused
580294,000000580294.jpg,640x443,1,0.990798,1,1,TP,yolov8l_bsz4.ms,170.00,108.00,278.00,0.500,Mid (Meeting),4.02,18.55,368.44,3857.00,11499.37,631.07,,0,100,38.00,-186,4400705,-818531.13,4,fused
468505,000000468505.jpg,640x480,1,0.990734,1,1,TP,yolov8l_bsz4.ms,170.00,108.00,278.00,0.500,Mid (Meeting),4.02,18.55,368.44,3857.00,11499.37,631.07,,0,100,38.00,-186,4400705,-818531.13,4,fused
341719,000000341719.jpg,640x480,1,0.990706,1,1,TP,yolov8l_bsz4.ms,170.00,108.00,278.00,0.500,Mid (Meeting),4.02,18.55,368.44,3857.00,11499.37,631.07,,0,100,38.00,-186,4400705,-818531.13,4,fused
170116,000000170116.jpg,640x480,1,0.990695,1,1,TP,yolov8l_bsz4.ms,171.00,109.75,280.75,0.500,Mid (Meeting),4.04,18.55,364.02,3857.00,11499.37,631.94,,0,100,38.00,-207,4399740,-910746.18,4,fused
563470,000000563470.jpg,640x427,1,0.990688,1,1,TP,yolov8l_bsz4.ms,171.00,109.75,280.75,0.500,Mid (Meeting),4.04,18.55,364.02,3857.00,11499.37,631.94,,0,100,38.00,-207,4399740,-910746.18,4,fused
391375,000000391375.jpg,640x459,1,0.990632,1,1,TP,yolov8l_bsz4.ms,171.00,109.75,280.75,0.500,Mid (Meeting),4.04,18.55,364.02,3857.00,11499.37,631.94,,0,100,38.00,-207,4399740,-910746.18,4,fused
455624,000000455624.jpg,640x427,1,0.990605,1,1,TP,yolov8l_bsz4.ms,171.00,109.75,280.75,0.500,Mid (Meeting),4.04,18.55,364.02,3857.00,11499.37,631.94,,0,100,38.00,-207,4399740,-910746.18,4,fused
510095,000000510095.jpg,640x428,1,0.990563,1,1,TP,yolov8l_bsz4.ms,171.00,94.50,265.50,0.500,Mid (Meeting),4.05,19.08,344.19,3882.00,11499.37,656.38,,0,100,38.00,-300,4396711,-1319013.30,4,fused
39484,000000039484.jpg,640x437,1,0.990534,1,1,TP,yolov8l_bsz4.ms,171.00,94.50,265.50,0.500,Mid (Meeting),4.05,19.08,344.19,3882.00,11499.37,656.38,,0,100,38.00,-300,4396711,-1319013.30,4,fused
351530,000000351530.jpg,640x378,1,0.990438,1,1,TP,yolov8l_bsz4.ms,171.00,94.50,265.50,0.500,Mid (Meeting),4.05,19.08,344.19,3882.00,11499.37,656.38,,0,100,38.00,-300,4396711,-1319013.30,4,fused
473869,000000473869.jpg,640x427,1,0.990363,1,1,TP,yolov8l_bsz4.ms,171.00,94.50,265.50,0.500,Mid (Meeting),4.05,19.08,344.19,3882.00,11499.37,656.38,,0,100,38.00,-300,4396711,-1319013.30,4,fused
507667,000000507667.jpg,500x386,1,0.990354,1,1,TP,yolov8l_bsz4.ms,169.75,106.50,276.25,0.500,Mid (Meeting),4.03,19.08,289.88,3929.00,11499.37,702.42,,0,100,38.00,-298,4396307,-1310099.49,4,fused
513283,000000513283.jpg,640x520,1,0.990317,1,1,TP,yolov8l_bsz4.ms,169.75,106.50,276.25,0.500,Mid (Meeting),4.03,19.08,289.88,3929.00,11499.37,702.42,,0,100,38.00,-298,4396307,-1310099.49,4,fused
48564,000000048564.jpg,427x640,1,0.990166,1,1,TP,yolov8l_bsz4.ms,169.75,106.50,276.25,0.500,Mid (Meeting),4.03,19.08,289.88,3929.00,11499.37,702.42,,0,100,38.00,-298,4396307,-1310099.49,4,fused
177015,000000177015.jpg,640x480,1,0.990120,1,1,TP,yolov8l_bsz4.ms,169.75,106.50,276.25,0.500,Mid (Meeting),4.03,19.08,289.88,3929.00,11499.37,702.42,,0,100,38.00,-298,4396307,-1310099.49,4,fused
367680,000000367680.jpg,450x338,1,0.990023,1,1,TP,yolov8l_bsz4.ms,168.75,109.25,278.00,0.500,Mid (Meeting),4.01,18.39,367.31,3849.00,11499.37,621.46,,0,100,38.00,-176,4400670,-774517.92,4,fused
7278,000000007278.jpg,640x482,1,0.990007,1,1,TP,yolov8l_bsz4.ms,168.75,109.25,278.00,0.500,Mid (Meeting),4.01,18.39,367.31,3849.00,11499.37,621.46,,0,100,38.00,-176,4400670,-774517.92,4,fused
250137,000000250137.jpg,480x640,1,0.989892,1,1,TP,yolov8l_bsz4.ms,168.75,109.25,278.00,0.500,Mid (Meeting),4.01,18.39,367.31,3849.00,11499.37,621.46,,0,100,38.00,-176,4400670,-774517.92,4,fused
32817,000000032817.jpg,480x640,1,0.989837,1,1,TP,yolov8l_bsz4.ms,168.75,109.25,278.00,0.500,Mid (Meeting),4.01,18.39,367.31,3849.00,11499.37,621.46,,0,100,38.00,-176,4400670,-774517.92,4,fused
101068,000000101068.jpg,640x427,1,0.989745,1,1,TP,yolov8l_bsz4.ms,171.75,104.25,276.00,0.500,Mid (Meeting),8.26,18.39,364.08,3855.00,11499.37,628.00,,0,100,38.00,-165,4401342,-726221.43,4,fused
197388,000000197388.jpg,640x392,1,0.989670,1,1,TP,yolov8l_bsz4.ms,171.75,104.25,276.00,0.500,Mid (Meeting),8.26,18.39,364.08,3855.00,11499.37,628.00,,0,100,38.00,-165,4401342,-726221.43,4,fused
267169,000000267169.jpg,640x428,1,0.989587,1,1,TP,yolov8l_bsz4.ms,171.75,104.25,276.00,0.500,Mid (Meeting),8.26,18.39,364.08,3855.00,11499.37,628.00,,0,100,38.00,-165,4401342,-726221.43,4,fused
170739,000000170739.jpg,640x514,1,0.989578,0,0,FP,yolov8l_bsz4.ms,171.75,104.25,276.00,0.500,Mid (Meeting),8.26,18.39,364.08,3855.00,11499.37,628.00,,0,100,38.00,-165,4401342,-726221.43,4,fused
65455,000000065455.jpg,500x375,1,0.989562,1,1,TP,yolov8l_bsz4.ms,170.00,111.50,281.50,0.500,Mid (Meeting),4.51,14.06,343.61,3876.00,11499.37,645.74,,0,100,38.00,-133,4402461,-585527.31,4,fused
505789,000000505789.jpg,480x640,1,0.989538,1,1,TP,yolov8l_bsz4.ms,170.00,111.50,281.50,0.500,Mid (Meeting),4.51,14.06,343.61,3876.00,11499.37,645.74,,0,100,38.00,-133,4402461,-585527.31,4,fused
117197,000000117197.jpg,640x466,1,0.989511,1,1,TP,yolov8l_bsz4.ms,170.00,111.50,281.50,0.500,Mid (Meeting),4.51,14.06,343.61,3876.00,11499.37,645.74,,0,100,38.00,-133,4402461,-585527.31,4,fused
492968,000000492968.jpg,640x425,1,0.989422,1,1,TP,yolov8l_bsz4.ms,170.00,111.50,281.50,0.500,Mid (Meeting),4.51,14.06,343.61,3876.00,11499.37,645.74,,0,100,38.00,-133,4402461,-585527.31,4,fused
161978,000000161978.jpg,640x433,1,0.989357,1,1,TP,yolov8l_bsz4.ms,170.00,93.50,263.50,0.500,Mid (Meeting),4.33,14.06,289.63,3934.00,11499.37,703.13,,0,100,38.00,-208,4400189,-915239.31,4,fused
73946,000000073946.jpg,640x428,1,0.989320,1,1,TP,yolov8l_bsz4.ms,170.00,93.50,263.50,0.500,Mid (Meeting),4.33,14.06,289.63,3934.00,11499.37,703.13,,0,100,38.00,-208,4400189,-915239.31,4,fused
356428,000000356428.jpg,500x281,1,0.989275,1,1,TP,yolov8l_bsz4.ms,170.00,93.50,263.50,0.500,Mid (Meeting),4.33,14.06,289.63,3934.00,11499.37,703.13,,0,100,38.00,-208,4400189,-915239.31,4,fused
281032,000000281032.jpg,640x427,1,0.989176,1,1,TP,yolov8l_bsz4.ms,170.00,93.50,263.50,0.500,Mid (Meeting),4.33,14.06,289.63,3934.00,11499.37,703.13,,0,100,38.00,-208,4400189,-915239.31,4,fused
467511,000000467511.jpg,416x640,1,0.989067,1,1,TP,yolov8l_bsz4.ms,169.25,96.00,265.25,0.500,Mid (Meeting),4.05,17.34,366.36,3854.00,11499.37,622.35,,0,100,38.00,-260,4398026,-1143486.76,4,fused
484893,000000484893.jpg,640x428,1,0.989039,1,1,TP,yolov8l_bsz4.ms,169.25,96.00,265.25,0.500,Mid (Meeting),4.05,17.34,366.36,3854.00,11499.37,622.35,,0,100,38.00,-260,4398026,-1143486.76,4,fused
110042,000000110042.jpg,425x640,1,0.988972,1,1,TP,yolov8l_bsz4.ms,169.25,96.00,265.25,0.500,Mid (Meeting),4.05,17.34,366.36,3854.00,11499.37,622.35,,0,100,38.00,-260,4398026,-1143486.76,4,fused
276024,000000276024.jpg,640x480,1,0.988951,1,1,TP,yolov8l_bsz4.ms,169.25,96.00,265.25,0.500,Mid (Meeting),4.05,17.34,366.36,3854.00,11499.37,622.35,,0,100,38.00,-260,4398026,-1143486.76,4,fused
381971,000000381971.jpg,640x427,1,0.988898,1,1,TP,yolov8l_bsz4.ms,108.75,92.75,201.50,0.500,Mid (Meeting),4.02,17.34,362.43,3863.00,11499.37,630.19,,0,100,38.00,-222,4399402,-976667.24,4,fused
364102,000000364102.jpg,640x398,1,0.988894,1,1,TP,yolov8l_bsz4.ms,108.75,92.75,201.50,0.500,Mid (Meeting),4.02,17.34,362.43,3863.00,11499.37,630.19,,0,100,38.00,-222,4399402,-976667.24,4,fused
26204,000000026204.jpg,640x427,1,0.988877,1,1,TP,yolov8l_bsz4.ms,108.75,92.75,201.50,0.500,Mid (Meeting),4.02,17.34,362.43,3863.00,11499.37,630.19,,0,100,38.00,-222,4399402,-976667.24,4,fused
565624,000000565624.jpg,640x375,1,0.988814,0,0,FP,yolov8l_bsz4.ms,108.75,92.75,201.50,0.500,Mid (Meeting),4.02,17.34,362.43,3863.00,11499.37,630.19,,0,100,38.00,-222,4399402,-976667.24,4,fused
490936,000000490936.jpg,480x640,1,0.988756,1,1,TP,yolov8l_bsz4.ms,109.50,105.25,214.75,0.500,Mid (Meeting),4.28,17.90,364.80,3854.00,11499.37,620.57,,0,100,38.00,-230,4398499,-1011654.77,4,fused
439426,000000439426.jpg,640x480,1,0.988643,1,1,TP,yolov8l_bsz4.ms,109.50,105.25,214.75,0.500,Mid (Meeting),4.28,17.90,364.80,3854.00,11499.37,620.57,,0,100,38.00,-230,4398499,-1011654.77,4,fused
408696,000000408696.jpg,640x480,1,0.988620,1,1,TP,yolov8l_bsz4.ms,109.50,105.25,214.75,0.500,Mid (Meeting),4.28,17.90,364.80,3854.00,11499.37,620.57,,0,100,38.00,-230,4398499,-1011654.77,4,fused
464824,000000464824.jpg,480x640,1,0.988575,1,1,TP,yolov8l_bsz4.ms,109.50,105.25,214.75,0.500,Mid (Meeting),4.28,17.90,364.80,3854.00,11499.37,620.57,,0,100,38.00,-230,4398499,-1011654.77,4,fused
331817,000000331817.jpg,640x480,1,0.988531,1,1,TP,yolov8l_bsz4.ms,111.50,104.00,215.50,0.500,Mid (Meeting),4.37,17.90,286.78,3938.00,11499.37,703.76,,0,100,38.00,-219,4398712,-963317.93,4,fused
401446,000000401446.jpg,640x480,1,0.988501,1,1,TP,yolov8l_bsz4.ms,111.50,104.00,215.50,0.500,Mid (Meeting),4.37,17.90,286.78,3938.00,11499.37,703.76,,0,100,38.00,-219,4398712,-963317.93,4,fused
158744,000000158744.jpg,640x424,1,0.988379,1,1,TP,yolov8l_bsz4.ms,111.50,104.00,215.50,0.500,Mid (Meeting),4.37,17.90,286.78,3938.00,11499.37,703.76,,0,100,38.00,-219,4398712,-963317.93,4,fused
453040,000000453040.jpg,480x640,1,0.988363,0,0,FP,yolov8l_bsz4.ms,111.50,104.00,215.50,0.500,Mid (Meeting),4.37,17.90,286.78,3938.00,11499.37,703.76,,0,100,38.00,-219,4398712,-963317.93,4,fused
118367,000000118367.jpg,640x427,1,0.988273,1,1,TP,yolov8l_bsz4.ms,113.25,112.50,225.75,0.500,Mid (Meeting),4.45,18.69,367.30,3850.00,11499.37,614.89,,0,100,38.00,-157,4401028,-690961.40,4,fused
414510,000000414510.jpg,480x640,1,0.988258,1,1,TP,yolov8l_bsz4.ms,113.25,112.50,225.75,0.500,Mid (Meeting),4.45,18.69,367.30,3850.00,11499.37,614.89,,0,100,38.00,-157,4401028,-690961.40,4,fused
45070,000000045070.jpg,640x596,1,0.988199,1,1,TP,yolov8l_bsz4.ms,113.25,112.50,225.75,0.500,Mid (Meeting),4.45,18.69,367.30,3850.00,11499.37,614.89,,0,100,38.00,-157,4401028,-690961.40,4,fused
373705,000000373705.jpg,640x427,1,0.988179,1,1,TP,yolov8l_bsz4.ms,113.25,112.50,225.75,0.500,Mid (Meeting),4.45,18.69,367.30,3850.00,11499.37,614.89,,0,100,38.00,-157,4401028,-690961.40,4,fused
376264,000000376264.jpg,640x481,1,0.988139,0,0,FP,yolov8l_bsz4.ms,113.25,103.75,217.00,0.500,Mid (Meeting),4.52,18.69,365.33,3856.00,11499.37,621.57,,0,100,38.00,-213,4398850,-936955.05,4,fused
520659,000000520659.jpg,640x480,1,0.988105,1,1,TP,yolov8l_bsz4.ms,113.25,103.75,217.00,0.500,Mid (Meeting),4.52,18.69,365.33,3856.00,11499.37,621.57,,0,100,38.00,-213,4398850,-936955.05,4,fused
20333,000000020333.jpg,427x640,1,0.987982,1,1,TP,yolov8l_bsz4.ms,113.25,103.75,217.00,0.500,Mid (Meeting),4.52,18.69,365.33,3856.00,11499.37,621.57,,0,100,38.00,-213,4398850,-936955.05,4,fused
289415,000000289415.jpg,640x428,1,0.987933,1,1,TP,yolov8l_bsz4.ms,113.25,103.75,217.00,0.500,Mid (Meeting),4.52,18.69,365.33,3856.00,11499.37,621.57,,0,100,38.00,-213,4398850,-936955.05,4,fused
210388,000000210388.jpg,640x426,1,0.987881,1,1,TP,yolov8l_bsz4.ms,168.75,99.00,267.75,0.500,Mid (Meeting),4.55,18.69,344.35,3874.00,11499.37,639.11,,0,100,38.00,-146,4400708,-642503.37,4,fused
291634,000000291634.jpg,433x640,1,0.987826,1,1,TP,yolov8l_bsz4.ms,168.75,99.00,267.75,0.500,Mid (Meeting),4.55,18.69,344.35,3874.00,11499.37,639.11,,0,100,38.00,-146,4400708,-642503.37,4,fused
133418,000000133418.jpg,640x427,1,0.987801,1,1,TP,yolov8l_bsz4.ms,168.75,99.00,267.75,0.500,Mid (Meeting),4.55,18.69,344.35,3874.00,11499.37,639.11,,0,100,38.00,-146,4400708,-642503.37,4,fused
342367,000000342367.jpg,640x480,1,0.987798,1,1,TP,yolov8l_bsz4.ms,168.75,99.00,267.75,0.500,Mid (Meeting),4.55,18.69,344.35,3874.00,11499.37,639.11,,0,100,38.00,-146,4400708,-642503.37,4,fused
246968,000000246968.jpg,640x428,1,0.987531,1,1,TP,yolov8l_bsz4.ms,169.75,96.25,266.00,0.500,Mid (Meeting),9.63,18.98,298.89,3925.00,11499.37,689.26,,0,100,38.00,-256,4397724,-1125817.34,4,fused
563702,000000563702.jpg,640x427,1,0.987454,1,1,TP,yolov8l_bsz4.ms,169.75,96.25,266.00,0.500,Mid (Meeting),9.63,18.98,298.89,3925.00,11499.37,689.26,,0,100,38.00,-256,4397724,-1125817.34,4,fused
574297,000000574297.jpg,640x427,1,0.987428,1,1,TP,yolov8l_bsz4.ms,169.75,96.25,266.00,0.500,Mid (Meeting),9.63,18.98,298.89,3925.00,11499.37,689.26,,0,100,38.00,-256,4397724,-1125817.34,4,fused
119641,000000119641.jpg,640x480,1,0.987336,1,1,TP,yolov8l_bsz4.ms,169.75,96.25,266.00,0.500,Mid (Meeting),9.63,18.98,298.89,3925.00,11499.37,689.26,,0,100,38.00,-256,4397724,-1125817.34,4,fused
109992,000000109992.jpg,640x426,1,0.987217,1,1,TP,yolov8l_bsz4.ms,169.50,102.75,272.25,0.500,Mid (Meeting),5.20,18.98,366.97,3852.00,11499.37,615.33,,0,100,38.00,-274,4396674,-1204688.68,4,fused
343149,000000343149.jpg,480x640,1,0.987054,1,1,TP,yolov8l_bsz4.ms,169.50,102.75,272.25,0.500,Mid (Meeting),5.20,18.98,366.97,3852.00,11499.37,615.33,,0,100,38.00,-274,4396674,-1204688.68,4,fused
4395,000000004395.jpg,425x640,1,0.986986,1,1,TP,yolov8l_bsz4.ms,169.50,102.75,272.25,0.500,Mid (Meeting),5.20,18.98,366.97,3852.00,11499.37,615.33,,0,100,38.00,-274,4396674,-1204688.68,4,fused
57232,000000057232.jpg,612x612,1,0.986960,0,0,FP,yolov8l_bsz4.ms,169.50,102.75,272.25,0.500,Mid (Meeting),5.20,18.98,366.97,3852.00,11499.37,615.33,,0,100,38.00,-274,4396674,-1204688.68,4,fused
309484,000000309484.jpg,533x640,1,0.986949,1,1,TP,yolov8l_bsz4.ms,171.25,108.75,280.00,0.500,Mid (Meeting),4.70,17.95,370.57,3853.00,11499.37,616.38,,0,100,38.00,-166,4401023,-730569.82,4,fused
535858,000000535858.jpg,640x426,1,0.986947,1,1,TP,yolov8l_bsz4.ms,171.25,108.75,280.00,0.500,Mid (Meeting),4.70,17.95,370.57,3853.00,11499.37,616.38,,0,100,38.00,-166,4401023,-730569.82,4,fused
96825,000000096825.jpg,640x503,1,0.986937,1,1,TP,yolov8l_bsz4.ms,171.25,108.75,280.00,0.500,Mid (Meeting),4.70,17.95,370.57,3853.00,11499.37,616.38,,0,100,38.00,-166,4401023,-730569.82,4,fused
286182,000000286182.jpg,478x640,1,0.986931,1,1,TP,yolov8l_bsz4.ms,171.25,108.75,280.00,0.500,Mid (Meeting),4.70,17.95,370.57,3853.00,11499.37,616.38,,0,100,38.00,-166,4401023,-730569.82,4,fused
171788,000000171788.jpg,427x640,1,0.986825,1,1,TP,yolov8l_bsz4.ms,110.00,118.75,228.75,0.500,Mid (Meeting),4.55,17.95,344.50,3873.00,11499.37,635.11,,0,100,38.00,-192,4400171,-844832.83,4,fused
364884,000000364884.jpg,500x354,1,0.986738,1,1,TP,yolov8l_bsz4.ms,110.00,118.75,228.75,0.500,Mid (Meeting),4.55,17.95,344.50,3873.00,11499.37,635.11,,0,100,38.00,-192,4400171,-844832.83,4,fused
47571,000000047571.jpg,639x640,1,0.986717,1,1,TP,yolov8l_bsz4.ms,110.00,118.75,228.75,0.500,Mid (Meeting),4.55,17.95,344.50,3873.00,11499.37,635.11,,0,100,38.00,-192,4400171,-844832.83,4,fused
455937,000000455937.jpg,640x480,1,0.986712,1,1,TP,yolov8l_bsz4.ms,110.00,118.75,228.75,0.500,Mid (Meeting),4.55,17.95,344.50,3873.00,11499.37,635.11,,0,100,38.00,-192,4400171,-844832.83,4,fused
207844,000000207844.jpg,640x480,1,0.986625,1,1,TP,yolov8l_bsz4.ms,111.50,105.50,217.00,0.500,Mid (Meeting),4.66,18.00,299.79,3915.00,11499.37,676.17,,0,100,38.00,-195,4399560,-857914.20,4,fused
510329,000000510329.jpg,640x480,1,0.986476,1,1,TP,yolov8l_bsz4.ms,111.50,105.50,217.00,0.500,Mid (Meeting),4.66,18.00,299.79,3915.00,11499.37,676.17,,0,100,38.00,-195,4399560,-857914.20,4,fused
529939,000000529939.jpg,640x480,1,0.986379,1,1,TP,yolov8l_bsz4.ms,111.50,105.50,217.00,0.500,Mid (Meeting),4.66,18.00,299.79,3915.00,11499.37,676.17,,0,100,38.00,-195,4399560,-857914.20,4,fused
349594,000000349594.jpg,424x500,1,0.986364,1,1,TP,yolov8l_bsz4.ms,111.50,105.50,217.00,0.500,Mid (Meeting),4.66,18.00,299.79,3915.00,11499.37,676.17,,0,100,38.00,-195,4399560,-857914.20,4,fused
107094,000000107094.jpg,640x426,1,0.986339,1,1,TP,yolov8l_bsz4.ms,113.75,90.75,204.50,0.500,Mid (Meeting),4.63,18.00,366.04,3853.00,11499.37,613.62,,0,100,38.00,-280,4396343,-1230976.04,4,fused
249786,000000249786.jpg,640x428,1,0.986282,1,1,TP,yolov8l_bsz4.ms,113.75,90.75,204.50,0.500,Mid (Meeting),4.63,18.00,366.04,3853.00,11499.37,613.62,,0,100,38.00,-280,4396343,-1230976.04,4,fused
463690,000000463690.jpg,640x427,1,0.986266,1,1,TP,yolov8l_bsz4.ms,113.75,90.75,204.50,0.500,Mid (Meeting),4.63,18.00,366.04,3853.00,11499.37,613.62,,0,100,38.00,-280,4396343,-1230976.04,4,fused
15660,000000015660.jpg,640x348,1,0.986139,1,1,TP,yolov8l_bsz4.ms,113.75,90.75,204.50,0.500,Mid (Meeting),4.63,18.00,366.04,3853.00,11499.37,613.62,,0,100,38.00,-280,4396343,-1230976.04,4,fused
80932,000000080932.jpg,480x640,1,0.985956,1,1,TP,yolov8l_bsz4.ms,114.00,96.00,210.00,0.500,Mid (Meeting),4.67,17.75,363.42,3861.00,11499.37,620.71,,0,100,38.00,-199,4399052,-875411.35,4,fused
82715,000000082715.jpg,640x427,1,0.985938,1,1,TP,yolov8l_bsz4.ms,114.00,96.00,210.00,0.500,Mid (Meeting),4.67,17.75,363.42,3861.00,11499.37,620.71,,0,100,38.00,-199,4399052,-875411.35,4,fused
179141,000000179141.jpg,640x480,1,0.985915,1,1,TP,yolov8l_bsz4.ms,114.00,96.00,210.00,0.500,Mid (Meeting),4.67,17.75,363.42,3861.00,11499.37,620.71,,0,100,38.00,-199,4399052,-875411.35,4,fused
17905,000000017905.jpg,480x640,1,0.985853,1,1,TP,yolov8l_bsz4.ms,114.00,96.00,210.00,0.500,Mid (Meeting),4.67,17.75,363.42,3861.00,11499.37,620.71,,0,100,38.00,-199,4399052,-875411.35,4,fused
276804,000000276804.jpg,512x640,1,0.985652,1,1,TP,yolov8l_bsz4.ms,115.25,95.50,210.75,0.500,Mid (Meeting),4.73,17.75,344.60,3872.00,11499.37,631.11,,0,100,38.00,-298,4395721,-1309924.86,4,fused
128476,000000128476.jpg,640x427,1,0.985447,1,1,TP,yolov8l_bsz4.ms,115.25,95.50,210.75,0.500,Mid (Meeting),4.73,17.75,344.60,3872.00,11499.37,631.11,,0,100,38.00,-298,4395721,-1309924.86,4,fused
184978,000000184978.jpg,480x640,1,0.985432,1,1,TP,yolov8l_bsz4.ms,115.25,95.50,210.75,0.500,Mid (Meeting),4.73,17.75,344.60,3872.00,11499.37,631.11,,0,100,38.00,-298,4395721,-1309924.86,4,fused
321333,000000321333.jpg,640x397,1,0.985321,1,1,TP,yolov8l_bsz4.ms,115.25,95.50,210.75,0.500,Mid (Meeting),4.73,17.75,344.60,3872.00,11499.37,631.11,,0,100,38.00,-298,4395721,-1309924.86,4,fused
206411,000000206411.jpg,640x480,1,0.985280,1,1,TP,yolov8l_bsz4.ms,114.75,97.25,212.00,0.500,Mid (Meeting),4.72,17.75,291.25,3931.00,11499.37,688.70,,0,100,38.00,-171,4399724,-752352.80,4,fused
172571,000000172571.jpg,640x361,1,0.985216,1,1,TP,yolov8l_bsz4.ms,114.75,97.25,212.00,0.500,Mid (Meeting),4.72,17.75,291.25,3931.00,11499.37,688.70,,0,100,38.00,-171,4399724,-752352.80,4,fused
173830,000000173830.jpg,593x640,1,0.985183,1,1,TP,yolov8l_bsz4.ms,114.75,97.25,212.00,0.500,Mid (Meeting),4.72,17.75,291.25,3931.00,11499.37,688.70,,0,100,38.00,-171,4399724,-752352.80,4,fused
125129,000000125129.jpg,500x333,1,0.984941,1,1,TP,yolov8l_bsz4.ms,114.75,97.25,212.00,0.500,Mid (Meeting),4.72,17.75,291.25,3931.00,11499.37,688.70,,0,100,38.00,-171,4399724,-752352.80,4,fused
80273,000000080273.jpg,640x428,1,0.984777,1,1,TP,yolov8l_bsz4.ms,115.75,95.25,211.00,0.500,Mid (Meeting),4.70,17.74,367.46,3850.00,11499.37,608.62,,0,100,38.00,-249,4397246,-1094914.25,4,fused
118209,000000118209.jpg,640x480,1,0.984635,0,0,FP,yolov8l_bsz4.ms,115.75,95.25,211.00,0.500,Mid (Meeting),4.70,17.74,367.46,3850.00,11499.37,608.62,,0,100,38.00,-249,4397246,-1094914.25,4,fused
389316,000000389316.jpg,640x361,1,0.984323,1,1,TP,yolov8l_bsz4.ms,115.75,95.25,211.00,0.500,Mid (Meeting),4.70,17.74,367.46,3850.00,11499.37,608.62,,0,100,38.00,-249,4397246,-1094914.25,4,fused
128372,000000128372.jpg,640x427,1,0.984295,1,1,TP,yolov8l_bsz4.ms,115.75,95.25,211.00,0.500,Mid (Meeting),4.70,17.74,367.46,3850.00,11499.37,608.62,,0,100,38.00,-249,4397246,-1094914.25,4,fused
317999,000000317999.jpg,612x612,1,0.984285,1,1,TP,yolov8l_bsz4.ms,117.00,101.25,218.25,0.500,Mid (Meeting),10.79,17.74,364.35,3856.00,11499.37,614.65,,0,100,38.00,-347,4393820,-1524655.54,4,fused
72281,000000072281.jpg,427x640,1,0.984253,1,1,TP,yolov8l_bsz4.ms,117.00,101.25,218.25,0.500,Mid (Meeting),10.79,17.74,364.35,3856.00,11499.37,614.65,,0,100,38.00,-347,4393820,-1524655.54,4,fused
64898,000000064898.jpg,640x427,1,0.984199,1,1,TP,yolov8l_bsz4.ms,117.00,101.25,218.25,0.500,Mid (Meeting),10.79,17.74,364.35,3856.00,11499.37,614.65,,0,100,38.00,-347,4393820,-1524655.54,4,fused
50943,000000050943.jpg,640x319,1,0.984168,1,1,TP,yolov8l_bsz4.ms,117.00,101.25,218.25,0.500,Mid (Meeting),10.79,17.74,364.35,3856.00,11499.37,614.65,,0,100,38.00,-347,4393820,-1524655.54,4,fused
561256,000000561256.jpg,640x480,1,0.984103,1,1,TP,yolov8l_bsz4.ms,114.75,108.00,222.75,0.500,Mid (Meeting),5.70,20.00,345.13,3871.00,11499.37,628.89,,0,100,38.00,-312,4395008,-1371242.50,4,fused
29984,000000029984.jpg,640x492,1,0.984080,1,1,TP,yolov8l_bsz4.ms,114.75,108.00,222.75,0.500,Mid (Meeting),5.70,20.00,345.13,3871.00,11499.37,628.89,,0,100,38.00,-312,4395008,-1371242.50,4,fused
291791,000000291791.jpg,640x499,1,0.983986,1,1,TP,yolov8l_bsz4.ms,114.75,108.00,222.75,0.500,Mid (Meeting),5.70,20.00,345.13,3871.00,11499.37,628.89,,0,100,38.00,-312,4395008,-1371242.50,4,fused
398028,000000398028.jpg,428x640,1,0.983826,1,1,TP,yolov8l_bsz4.ms,114.75,108.00,222.75,0.500,Mid (Meeting),5.70,20.00,345.13,3871.00,11499.37,628.89,,0,100,38.00,-312,4395008,-1371242.50,4,fused
44195,000000044195.jpg,361x500,1,0.983815,1,1,TP,yolov8l_bsz4.ms,116.00,121.00,237.00,0.500,Mid (Meeting),5.39,20.00,290.99,3933.00,11499.37,690.15,,0,100,38.00,-267,4396329,-1173819.84,4,fused
5037,000000005037.jpg,640x425,1,0.983663,1,1,TP,yolov8l_bsz4.ms,116.00,121.00,237.00,0.500,Mid (Meeting),5.39,20.00,290.99,3933.00,11499.37,690.15,,0,100,38.00,-267,4396329,-1173819.84,4,fused
149568,000000149568.jpg,640x549,1,0.983635,1,1,TP,yolov8l_bsz4.ms,116.00,121.00,237.00,0.500,Mid (Meeting),5.39,20.00,290.99,3933.00,11499.37,690.15,,0,100,38.00,-267,4396329,-1173819.84,4,fused
571857,000000571857.jpg,640x426,1,0.983615,1,1,TP,yolov8l_bsz4.ms,116.00,121.00,237.00,0.500,Mid (Meeting),5.39,20.00,290.99,3933.00,11499.37,690.15,,0,100,38.00,-267,4396329,-1173819.84,4,fused
227399,000000227399.jpg,640x482,1,0.983536,1,1,TP,yolov8l_bsz4.ms,116.50,103.50,220.00,0.500,Mid (Meeting),5.04,18.80,368.25,3844.00,11499.37,601.09,,0,100,38.00,-186,4399014,-818216.60,4,fused
431876,000000431876.jpg,425x640,1,0.983512,1,1,TP,yolov8l_bsz4.ms,116.50,103.50,220.00,0.500,Mid (Meeting),5.04,18.80,368.25,3844.00,11499.37,601.09,,0,100,38.00,-186,4399014,-818216.60,4,fused
31817,000000031817.jpg,334x640,1,0.983435,1,1,TP,yolov8l_bsz4.ms,116.50,103.50,220.00,0.500,Mid (Meeting),5.04,18.80,368.25,3844.00,11499.37,601.09,,0,100,38.00,-186,4399014,-818216.60,4,fused
261535,000000261535.jpg,433x640,1,0.983223,1,1,TP,yolov8l_bsz4.ms,116.50,103.50,220.00,0.500,Mid (Meeting),5.04,18.80,368.25,3844.00,11499.37,601.09,,0,100,38.00,-186,4399014,-818216.60,4,fused
199681,000000199681.jpg,640x480,1,0.983069,0,0,FP,yolov8l_bsz4.ms,189.50,104.00,293.50,0.500,Mid (Meeting),5.01,18.80,364.53,3853.00,11499.37,609.97,,0,100,38.00,-177,4399549,-778720.17,4,fused
422998,000000422998.jpg,640x427,1,0.982964,1,1,TP,yolov8l_bsz4.ms,189.50,104.00,293.50,0.500,Mid (Meeting),5.01,18.80,364.53,3853.00,11499.37,609.97,,0,100,38.00,-177,4399549,-778720.17,4,fused
76417,000000076417.jpg,640x478,1,0.982942,0,0,FP,yolov8l_bsz4.ms,189.50,104.00,293.50,0.500,Mid (Meeting),5.01,18.80,364.53,3853.00,11499.37,609.97,,0,100,38.00,-177,4399549,-778720.17,4,fused
163640,000000163640.jpg,640x457,1,0.982891,1,1,TP,yolov8l_bsz4.ms,189.50,104.00,293.50,0.500,Mid (Meeting),5.01,18.80,364.53,3853.00,11499.37,609.97,,0,100,38.00,-177,4399549,-778720.17,4,fused
339870,000000339870.jpg,640x424,1,0.982605,0,0,FP,yolov8l_bsz4.ms,172.25,105.75,278.00,0.500,Mid (Meeting),4.74,17.99,346.23,3870.00,11499.37,625.41,,0,100,38.00,-130,4401533,-572199.29,4,fused
459272,000000459272.jpg,480x640,1,0.982482,1,1,TP,yolov8l_bsz4.ms,172.25,105.75,278.00,0.500,Mid (Meeting),4.74,17.99,346.23,3870.00,11499.37,625.41,,0,100,38.00,-130,4401533,-572199.29,4,fused
240023,000000240023.jpg,480x640,1,0.982468,1,1,TP,yolov8l_bsz4.ms,172.25,105.75,278.00,0.500,Mid (Meeting),4.74,17.99,346.23,3870.00,11499.37,625.41,,0,100,38.00,-130,4401533,-572199.29,4,fused
334719,000000334719.jpg,640x413,1,0.982447,1,1,TP,yolov8l_bsz4.ms,172.25,105.75,278.00,0.500,Mid (Meeting),4.74,17.99,346.23,3870.00,11499.37,625.41,,0,100,38.00,-130,4401533,-572199.29,4,fused
581062,000000581062.jpg,500x375,1,0.982228,1,1,TP,yolov8l_bsz4.ms,172.00,102.75,274.75,0.500,Mid (Meeting),4.63,17.99,292.10,3930.00,11499.37,684.73,,0,100,38.00,-305,4395786,-1340714.73,4,fused
14226,000000014226.jpg,640x480,1,0.982225,1,1,TP,yolov8l_bsz4.ms,172.00,102.75,274.75,0.500,Mid (Meeting),4.63,17.99,292.10,3930.00,11499.37,684.73,,0,100,38.00,-305,4395786,-1340714.73,4,fused
385029,000000385029.jpg,640x480,1,0.982221,1,1,TP,yolov8l_bsz4.ms,172.00,102.75,274.75,0.500,Mid (Meeting),4.63,17.99,292.10,3930.00,11499.37,684.73,,0,100,38.00,-305,4395786,-1340714.73,4,fused
377670,000000377670.jpg,487x640,1,0.982120,0,0,FP,yolov8l_bsz4.ms,172.00,102.75,274.75,0.500,Mid (Meeting),4.63,17.99,292.10,3930.00,11499.37,684.73,,0,100,38.00,-305,4395786,-1340714.73,4,fused
570688,000000570688.jpg,640x480,1,0.982030,1,1,TP,yolov8l_bsz4.ms,170.50,109.25,279.75,0.500,Mid (Meeting),4.50,17.94,367.39,3851.00,11499.37,605.04,,0,100,38.00,-237,4397774,-1042272.44,4,fused
194875,000000194875.jpg,640x574,1,0.981916,1,1,TP,yolov8l_bsz4.ms,170.50,109.25,279.75,0.500,Mid (Meeting),4.50,17.94,367.39,3851.00,11499.37,605.04,,0,100,38.00,-237,4397774,-1042272.44,4,fused
54931,000000054931.jpg,427x640,1,0.981833,1,1,TP,yolov8l_bsz4.ms,170.50,109.25,279.75,0.500,Mid (Meeting),4.50,17.94,367.39,3851.00,11499.37,605.04,,0,100,38.00,-237,4397774,-1042272.44,4,fused
167159,000000167159.jpg,500x375,1,0.981663,0,0,FP,yolov8l_bsz4.ms,170.50,109.25,279.75,0.500,Mid (Meeting),4.50,17.94,367.39,3851.00,11499.37,605.04,,0,100,38.00,-237,4397774,-1042272.44,4,fused
191288,000000191288.jpg,600x400,1,0.981637,1,1,TP,yolov8l_bsz4.ms,170.75,114.75,285.50,0.500,Mid (Meeting),4.44,17.94,363.81,3858.00,11499.37,610.83,,0,100,38.00,-189,4399380,-831482.82,4,fused
329447,000000329447.jpg,640x505,1,0.981566,0,0,FP,yolov8l_bsz4.ms,170.75,114.75,285.50,0.500,Mid (Meeting),4.44,17.94,363.81,3858.00,11499.37,610.83,,0,100,38.00,-189,4399380,-831482.82,4,fused
551794,000000551794.jpg,640x480,1,0.981534,1,1,TP,yolov8l_bsz4.ms,170.75,114.75,285.50,0.500,Mid (Meeting),4.44,17.94,363.81,3858.00,11499.37,610.83,,0,100,38.00,-189,4399380,-831482.82,4,fused
521509,000000521509.jpg,640x427,1,0.981520,1,1,TP,yolov8l_bsz4.ms,170.75,114.75,285.50,0.500,Mid (Meeting),4.44,17.94,363.81,3858.00,11499.37,610.83,,0,100,38.00,-189,4399380,-831482.82,4,fused
116439,000000116439.jpg,429x640,1,0.981456,1,1,TP,yolov8l_bsz4.ms,170.00,108.75,278.75,0.500,Mid (Meeting),4.43,17.97,345.67,3882.00,11499.37,633.68,,0,100,38.00,-196,4399507,-862303.37,4,fused
226883,000000226883.jpg,640x480,1,0.981443,0,0,FP,yolov8l_bsz4.ms,170.00,108.75,278.75,0.500,Mid (Meeting),4.43,17.97,345.67,3882.00,11499.37,633.68,,0,100,38.00,-196,4399507,-862303.37,4,fused
465806,000000465806.jpg,640x480,1,0.981180,1,1,TP,yolov8l_bsz4.ms,170.00,108.75,278.75,0.500,Mid (Meeting),4.43,17.97,345.67,3882.00,11499.37,633.68,,0,100,38.00,-196,4399507,-862303.37,4,fused
343496,000000343496.jpg,640x393,1,0.980968,1,1,TP,yolov8l_bsz4.ms,170.00,108.75,278.75,0.500,Mid (Meeting),4.43,17.97,345.67,3882.00,11499.37,633.68,,0,100,38.00,-196,4399507,-862303.37,4,fused
128654,000000128654.jpg,500x384,1,0.980685,1,1,TP,yolov8l_bsz4.ms,170.00,100.00,270.00,0.500,Mid (Meeting),3.83,17.97,295.87,3928.00,11499.37,679.01,,0,100,38.00,-267,4396953,-1173986.45,4,fused
502336,000000502336.jpg,640x431,1,0.980618,1,1,TP,yolov8l_bsz4.ms,170.00,100.00,270.00,0.500,Mid (Meeting),3.83,17.97,295.87,3928.00,11499.37,679.01,,0,100,38.00,-267,4396953,-1173986.45,4,fused
512776,000000512776.jpg,500x356,1,0.980472,1,1,TP,yolov8l_bsz4.ms,170.00,100.00,270.00,0.500,Mid (Meeting),3.83,17.97,295.87,3928.00,11499.37,679.01,,0,100,38.00,-267,4396953,-1173986.45,4,fused
177861,000000177861.jpg,480x640,1,0.980432,1,1,TP,yolov8l_bsz4.ms,170.00,100.00,270.00,0.500,Mid (Meeting),3.83,17.97,295.87,3928.00,11499.37,679.01,,0,100,38.00,-267,4396953,-1173986.45,4,fused
525247,000000525247.jpg,640x427,1,0.980405,0,0,FP,yolov8l_bsz4.ms,169.75,106.75,276.50,0.500,Mid (Meeting),3.88,17.71,366.64,3862.00,11499.37,611.64,,0,100,38.00,-227,4398396,-998435.89,4,fused
293858,000000293858.jpg,500x451,1,0.980312,0,0,FP,yolov8l_bsz4.ms,169.75,106.75,276.50,0.500,Mid (Meeting),3.88,17.71,366.64,3862.00,11499.37,611.64,,0,100,38.00,-227,4398396,-998435.89,4,fused
503855,000000503855.jpg,640x361,1,0.980281,1,1,TP,yolov8l_bsz4.ms,169.75,106.75,276.50,0.500,Mid (Meeting),3.88,17.71,366.64,3862.00,11499.37,611.64,,0,100,38.00,-227,4398396,-998435.89,4,fused
568814,000000568814.jpg,640x359,1,0.980216,1,1,TP,yolov8l_bsz4.ms,169.75,106.75,276.50,0.500,Mid (Meeting),3.88,17.71,366.64,3862.00,11499.37,611.64,,0,100,38.00,-227,4398396,-998435.89,4,fused
35279,000000035279.jpg,640x463,1,0.980076,1,1,TP,yolov8l_bsz4.ms,171.25,109.50,280.75,0.500,Mid (Meeting),3.92,17.71,365.15,3858.00,11499.37,607.79,,0,100,38.00,-204,4399314,-897460.06,4,fused
427256,000000427256.jpg,640x512,1,0.979814,1,1,TP,yolov8l_bsz4.ms,171.25,109.50,280.75,0.500,Mid (Meeting),3.92,17.71,365.15,3858.00,11499.37,607.79,,0,100,38.00,-204,4399314,-897460.06,4,fused
119445,000000119445.jpg,640x426,1,0.979627,1,1,TP,yolov8l_bsz4.ms,171.25,109.50,280.75,0.500,Mid (Meeting),3.92,17.71,365.15,3858.00,11499.37,607.79,,0,100,38.00,-204,4399314,-897460.06,4,fused
411774,000000411774.jpg,375x500,1,0.979605,1,1,TP,yolov8l_bsz4.ms,171.25,109.50,280.75,0.500,Mid (Meeting),3.92,17.71,365.15,3858.00,11499.37,607.79,,0,100,38.00,-204,4399314,-897460.06,4,fused
102820,000000102820.jpg,427x640,1,0.979500,1,1,TP,yolov8l_bsz4.ms,169.00,96.75,265.75,0.500,Mid (Meeting),3.97,18.13,342.37,3886.00,11499.37,634.50,,0,100,38.00,-177,4400587,-778903.90,4,fused
189213,000000189213.jpg,500x375,1,0.979486,0,0,FP,yolov8l_bsz4.ms,169.00,96.75,265.75,0.500,Mid (Meeting),3.97,18.13,342.37,3886.00,11499.37,634.50,,0,100,38.00,-177,4400587,-778903.90,4,fused
443844,000000443844.jpg,640x429,1,0.979428,1,1,TP,yolov8l_bsz4.ms,169.00,96.75,265.75,0.500,Mid (Meeting),3.97,18.13,342.37,3886.00,11499.37,634.50,,0,100,38.00,-177,4400587,-778903.90,4,fused
576654,000000576654.jpg,640x427,1,0.979381,1,1,TP,yolov8l_bsz4.ms,169.00,96.75,265.75,0.500,Mid (Meeting),3.97,18.13,342.37,3886.00,11499.37,634.50,,0,100,38.00,-177,4400587,-778903.90,4,fused
147740,000000147740.jpg,640x480,1,0.979352,1,1,TP,yolov8l_bsz4.ms,170.00,110.00,280.00,0.500,Mid (Meeting),4.03,18.13,287.01,3938.00,11499.37,686.36,,0,100,38.00,-165,4400706,-726116.49,4,fused
67616,000000067616.jpg,640x480,1,0.979319,1,1,TP,yolov8l_bsz4.ms,170.00,110.00,280.00,0.500,Mid (Meeting),4.03,18.13,287.01,3938.00,11499.37,686.36,,0,100,38.00,-165,4400706,-726116.49,4,fused
532855,000000532855.jpg,640x457,1,0.979276,1,1,TP,yolov8l_bsz4.ms,170.00,110.00,280.00,0.500,Mid (Meeting),4.03,18.13,287.01,3938.00,11499.37,686.36,,0,100,38.00,-165,4400706,-726116.49,4,fused
432553,000000432553.jpg,427x640,1,0.979230,1,1,TP,yolov8l_bsz4.ms,170.00,110.00,280.00,0.500,Mid (Meeting),4.03,18.13,287.01,3938.00,11499.37,686.36,,0,100,38.00,-165,4400706,-726116.49,4,fused
68628,000000068628.jpg,640x427,1,0.979122,1,1,TP,yolov8l_bsz4.ms,169.50,103.25,272.75,0.500,Mid (Meeting),3.99,17.45,366.56,3856.00,11499.37,603.31,,0,100,38.00,-195,4399657,-857933.11,4,fused
474293,000000474293.jpg,640x480,1,0.979071,1,1,TP,yolov8l_bsz4.ms,169.50,103.25,272.75,0.500,Mid (Meeting),3.99,17.45,366.56,3856.00,11499.37,603.31,,0,100,38.00,-195,4399657,-857933.11,4,fused
322724,000000322724.jpg,640x425,1,0.978950,1,1,TP,yolov8l_bsz4.ms,169.50,103.25,272.75,0.500,Mid (Meeting),3.99,17.45,366.56,3856.00,11499.37,603.31,,0,100,38.00,-195,4399657,-857933.11,4,fused
334530,000000334530.jpg,640x459,1,0.978944,1,1,TP,yolov8l_bsz4.ms,169.50,103.25,272.75,0.500,Mid (Meeting),3.99,17.45,366.56,3856.00,11499.37,603.31,,0,100,38.00,-195,4399657,-857933.11,4,fused
163118,000000163118.jpg,640x426,1,0.978900,1,1,TP,yolov8l_bsz4.ms,170.75,103.50,274.25,0.500,Mid (Meeting),4.00,17.45,369.26,3857.00,11499.37,604.23,,0,100,38.00,-173,4400710,-761322.83,4,fused
367082,000000367082.jpg,488x500,1,0.978649,0,0,FP,yolov8l_bsz4.ms,170.75,103.50,274.25,0.500,Mid (Meeting),4.00,17.45,369.26,3857.00,11499.37,604.23,,0,100,38.00,-173,4400710,-761322.83,4,fused
381587,000000381587.jpg,428x640,1,0.978590,1,1,TP,yolov8l_bsz4.ms,170.75,103.50,274.25,0.500,Mid (Meeting),4.00,17.45,369.26,3857.00,11499.37,604.23,,0,100,38.00,-173,4400710,-761322.83,4,fused
234607,000000234607.jpg,375x500,1,0.978559,1,1,TP,yolov8l_bsz4.ms,170.75,103.50,274.25,0.500,Mid (Meeting),4.00,17.45,369.26,3857.00,11499.37,604.23,,0,100,38.00,-173,4400710,-761322.83,4,fused
378673,000000378673.jpg,640x426,1,0.978460,1,1,TP,yolov8l_bsz4.ms,170.25,94.00,264.25,0.500,Mid (Meeting),3.98,17.39,343.57,3885.00,11499.37,629.73,,0,100,38.00,-287,4396436,-1261777.13,4,fused
477805,000000477805.jpg,640x427,1,0.978424,1,1,TP,yolov8l_bsz4.ms,170.25,94.00,264.25,0.500,Mid (Meeting),3.98,17.39,343.57,3885.00,11499.37,629.73,,0,100,38.00,-287,4396436,-1261777.13,4,fused
437331,000000437331.jpg,640x428,1,0.978333,1,1,TP,yolov8l_bsz4.ms,170.25,94.00,264.25,0.500,Mid (Meeting),3.98,17.39,343.57,3885.00,11499.37,629.73,,0,100,38.00,-287,4396436,-1261777.13,4,fused
541773,000000541773.jpg,640x480,1,0.978287,1,1,TP,yolov8l_bsz4.ms,170.25,94.00,264.25,0.500,Mid (Meeting),3.98,17.39,343.57,3885.00,11499.37,629.73,,0,100,38.00,-287,4396436,-1261777.13,4,fused
359833,000000359833.jpg,480x640,1,0.978127,1,1,TP,yolov8l_bsz4.ms,169.50,99.25,268.75,0.500,Mid (Meeting),9.42,17.39,308.13,3929.00,11499.37,670.36,,0,100,38.00,-352,4394167,-1546746.78,4,fused
278973,000000278973.jpg,640x426,1,0.977994,1,1,TP,yolov8l_bsz4.ms,169.50,99.25,268.75,0.500,Mid (Meeting),9.42,17.39,308.13,3929.00,11499.37,670.36,,0,100,38.00,-352,4394167,-1546746.78,4,fused
361730,000000361730.jpg,640x480,1,0.977946,1,1,TP,yolov8l_bsz4.ms,169.50,99.25,268.75,0.500,Mid (Meeting),9.42,17.39,308.13,3929.00,11499.37,670.36,,0,100,38.00,-352,4394167,-1546746.78,4,fused
273715,000000273715.jpg,500x373,1,0.977898,1,1,TP,yolov8l_bsz4.ms,169.50,99.25,268.75,0.500,Mid (Meeting),9.42,17.39,308.13,3929.00,11499.37,670.36,,0,100,38.00,-352,4394167,-1546746.78,4,fused
395903,000000395903.jpg,640x360,1,0.977730,1,1,TP,yolov8l_bsz4.ms,169.75,87.50,257.25,0.500,Mid (Meeting),4.85,20.51,369.71,3871.00,11499.37,611.50,,0,100,38.00,-313,4395418,-1375765.83,4,fused
353180,000000353180.jpg,640x420,1,0.977702,1,1,TP,yolov8l_bsz4.ms,169.75,87.50,257.25,0.500,Mid (Meeting),4.85,20.51,369.71,3871.00,11499.37,611.50,,0,100,38.00,-313,4395418,-1375765.83,4,fused
237517,000000237517.jpg,478x640,1,0.977644,0,0,FP,yolov8l_bsz4.ms,169.75,87.50,257.25,0.500,Mid (Meeting),4.85,20.51,369.71,3871.00,11499.37,611.50,,0,100,38.00,-313,4395418,-1375765.83,4,fused
480985,000000480985.jpg,375x500,1,0.977491,1,1,TP,yolov8l_bsz4.ms,169.75,87.50,257.25,0.500,Mid (Meeting),4.85,20.51,369.71,3871.00,11499.37,611.50,,0,100,38.00,-313,4395418,-1375765.83,4,fused
21465,000000021465.jpg,500x281,1,0.977475,0,0,FP,yolov8l_bsz4.ms,172.25,99.75,272.00,0.500,Mid (Meeting),4.36,20.51,362.14,3862.00,11499.37,601.98,,0,100,38.00,-410,4391846,-1800656.86,4,fused
451150,000000451150.jpg,480x640,1,0.977390,0,0,FP,yolov8l_bsz4.ms,172.25,99.75,272.00,0.500,Mid (Meeting),4.36,20.51,362.14,3862.00,11499.37,601.98,,0,100,38.00,-410,4391846,-1800656.86,4,fused
275058,000000275058.jpg,427x640,1,0.977261,1,1,TP,yolov8l_bsz4.ms,172.25,99.75,272.00,0.500,Mid (Meeting),4.36,20.51,362.14,3862.00,11499.37,601.98,,0,100,38.00,-410,4391846,-1800656.86,4,fused
450075,000000450075.jpg,640x480,1,0.977233,1,1,TP,yolov8l_bsz4.ms,172.25,99.75,272.00,0.500,Mid (Meeting),4.36,20.51,362.14,3862.00,11499.37,601.98,,0,100,38.00,-410,4391846,-1800656.86,4,fused
233771,000000233771.jpg,640x640,1,0.977137,1,1,TP,yolov8l_bsz4.ms,170.00,97.00,267.00,0.500,Mid (Meeting),4.25,24.74,348.43,3867.00,11499.37,606.31,,0,100,38.00,-289,4396254,-1270517.41,4,fused
270122,000000270122.jpg,640x427,1,0.977038,1,1,TP,yolov8l_bsz4.ms,170.00,97.00,267.00,0.500,Mid (Meeting),4.25,24.74,348.43,3867.00,11499.37,606.31,,0,100,38.00,-289,4396254,-1270517.41,4,fused
258388,000000258388.jpg,640x425,1,0.977036,1,1,TP,yolov8l_bsz4.ms,170.00,97.00,267.00,0.500,Mid (Meeting),4.25,24.74,348.43,3867.00,11499.37,606.31,,0,100,38.00,-289,4396254,-1270517.41,4,fused
287291,000000287291.jpg,500x375,1,0.976942,1,1,TP,yolov8l_bsz4.ms,170.00,97.00,267.00,0.500,Mid (Meeting),4.25,24.74,348.43,3867.00,11499.37,606.31,,0,100,38.00,-289,4396254,-1270517.41,4,fused
397681,000000397681.jpg,640x640,1,0.976858,1,1,TP,yolov8l_bsz4.ms,170.00,124.00,294.00,0.500,Mid (Meeting),4.33,24.74,300.77,3936.00,11499.37,672.79,,0,100,38.00,-311,4395329,-1366947.32,4,fused
161397,000000161397.jpg,640x480,1,0.976773,1,1,TP,yolov8l_bsz4.ms,170.00,124.00,294.00,0.500,Mid (Meeting),4.33,24.74,300.77,3936.00,11499.37,672.79,,0,100,38.00,-311,4395329,-1366947.32,4,fused
292024,000000292024.jpg,612x612,1,0.976415,1,1,TP,yolov8l_bsz4.ms,170.00,124.00,294.00,0.500,Mid (Meeting),4.33,24.74,300.77,3936.00,11499.37,672.79,,0,100,38.00,-311,4395329,-1366947.32,4,fused
56350,000000056350.jpg,612x612,1,0.976360,1,1,TP,yolov8l_bsz4.ms,170.00,124.00,294.00,0.500,Mid (Meeting),4.33,24.74,300.77,3936.00,11499.37,672.79,,0,100,38.00,-311,4395329,-1366947.32,4,fused
350122,000000350122.jpg,640x480,1,0.976340,1,1,TP,yolov8l_bsz4.ms,169.50,119.75,289.25,0.500,Mid (Meeting),4.24,22.22,367.70,3868.00,11499.37,605.10,,0,100,38.00,-238,4397871,-1046693.30,4,fused
100624,000000100624.jpg,640x427,1,0.976158,1,1,TP,yolov8l_bsz4.ms,169.50,119.75,289.25,0.500,Mid (Meeting),4.24,22.22,367.70,3868.00,11499.37,605.10,,0,100,38.00,-238,4397871,-1046693.30,4,fused
512929,000000512929.jpg,612x612,1,0.975884,1,1,TP,yolov8l_bsz4.ms,169.50,119.75,289.25,0.500,Mid (Meeting),4.24,22.22,367.70,3868.00,11499.37,605.10,,0,100,38.00,-238,4397871,-1046693.30,4,fused
472375,000000472375.jpg,612x612,1,0.975880,0,0,FP,yolov8l_bsz4.ms,169.50,119.75,289.25,0.500,Mid (Meeting),4.24,22.22,367.70,3868.00,11499.37,605.10,,0,100,38.00,-238,4397871,-1046693.30,4,fused
308165,000000308165.jpg,425x640,1,0.975523,1,1,TP,yolov8l_bsz4.ms,171.00,103.25,274.25,0.500,Mid (Meeting),4.23,22.22,365.98,3892.00,11499.37,627.59,,0,100,38.00,-201,4399032,-884205.43,4,fused
567740,000000567740.jpg,640x480,1,0.975362,1,1,TP,yolov8l_bsz4.ms,171.00,103.25,274.25,0.500,Mid (Meeting),4.23,22.22,365.98,3892.00,11499.37,627.59,,0,100,38.00,-201,4399032,-884205.43,4,fused
154004,000000154004.jpg,640x427,1,0.975157,1,1,TP,yolov8l_bsz4.ms,171.00,103.25,274.25,0.500,Mid (Meeting),4.23,22.22,365.98,3892.00,11499.37,627.59,,0,100,38.00,-201,4399032,-884205.43,4,fused
199551,000000199551.jpg,640x428,1,0.975051,1,1,TP,yolov8l_bsz4.ms,171.00,103.25,274.25,0.500,Mid (Meeting),4.23,22.22,365.98,3892.00,11499.37,627.59,,0,100,38.00,-201,4399032,-884205.43,4,fused
449603,000000449603.jpg,640x426,1,0.975041,1,1,TP,yolov8l_bsz4.ms,169.75,99.75,269.50,0.500,Mid (Meeting),4.19,21.18,343.55,3915.00,11499.37,650.11,,0,100,38.00,-284,4396291,-1248546.64,4,fused
84752,000000084752.jpg,640x427,1,0.974888,0,0,FP,yolov8l_bsz4.ms,169.75,99.75,269.50,0.500,Mid (Meeting),4.19,21.18,343.55,3915.00,11499.37,650.11,,0,100,38.00,-284,4396291,-1248546.64,4,fused
39405,000000039405.jpg,640x480,1,0.974632,1,1,TP,yolov8l_bsz4.ms,169.75,99.75,269.50,0.500,Mid (Meeting),4.19,21.18,343.55,3915.00,11499.37,650.11,,0,100,38.00,-284,4396291,-1248546.64,4,fused
277020,000000277020.jpg,640x360,1,0.974401,1,1,TP,yolov8l_bsz4.ms,169.75,99.75,269.50,0.500,Mid (Meeting),4.19,21.18,343.55,3915.00,11499.37,650.11,,0,100,38.00,-284,4396291,-1248546.64,4,fused
82180,000000082180.jpg,640x425,1,0.974204,0,0,FP,yolov8l_bsz4.ms,169.75,111.75,281.50,0.500,Mid (Meeting),4.17,21.18,299.09,3961.00,11499.37,694.15,,0,100,38.00,-176,4400356,-774462.66,4,fused
172617,000000172617.jpg,375x500,1,0.974023,1,1,TP,yolov8l_bsz4.ms,169.75,111.75,281.50,0.500,Mid (Meeting),4.17,21.18,299.09,3961.00,11499.37,694.15,,0,100,38.00,-176,4400356,-774462.66,4,fused
2532,000000002532.jpg,480x640,1,0.973948,1,1,TP,yolov8l_bsz4.ms,169.75,111.75,281.50,0.500,Mid (Meeting),4.17,21.18,299.09,3961.00,11499.37,694.15,,0,100,38.00,-176,4400356,-774462.66,4,fused
21903,000000021903.jpg,640x480,1,0.973607,1,1,TP,yolov8l_bsz4.ms,169.75,111.75,281.50,0.500,Mid (Meeting),4.17,21.18,299.09,3961.00,11499.37,694.15,,0,100,38.00,-176,4400356,-774462.66,4,fused
109118,000000109118.jpg,486x640,1,0.973593,1,1,TP,yolov8l_bsz4.ms,168.75,101.25,270.00,0.500,Mid (Meeting),4.90,20.05,366.93,3895.00,11499.37,627.41,,0,100,38.00,-326,4395052,-1432786.95,4,fused
521717,000000521717.jpg,640x426,1,0.973419,1,1,TP,yolov8l_bsz4.ms,168.75,101.25,270.00,0.500,Mid (Meeting),4.90,20.05,366.93,3895.00,11499.37,627.41,,0,100,38.00,-326,4395052,-1432786.95,4,fused
187144,000000187144.jpg,640x480,1,0.973351,1,1,TP,yolov8l_bsz4.ms,168.75,101.25,270.00,0.500,Mid (Meeting),4.90,20.05,366.93,3895.00,11499.37,627.41,,0,100,38.00,-326,4395052,-1432786.95,4,fused
390246,000000390246.jpg,640x427,1,0.973235,1,1,TP,yolov8l_bsz4.ms,168.75,101.25,270.00,0.500,Mid (Meeting),4.90,20.05,366.93,3895.00,11499.37,627.41,,0,100,38.00,-326,4395052,-1432786.95,4,fused
60347,000000060347.jpg,480x640,1,0.973107,1,1,TP,yolov8l_bsz4.ms,171.50,116.25,287.75,0.500,Mid (Meeting),4.42,20.05,365.78,3896.00,11499.37,627.68,,0,100,38.00,-164,4400385,-721663.14,4,fused
215072,000000215072.jpg,640x451,1,0.972996,1,1,TP,yolov8l_bsz4.ms,171.50,116.25,287.75,0.500,Mid (Meeting),4.42,20.05,365.78,3896.00,11499.37,627.68,,0,100,38.00,-164,4400385,-721663.14,4,fused
249219,000000249219.jpg,640x479,1,0.972865,0,0,FP,yolov8l_bsz4.ms,171.50,116.25,287.75,0.500,Mid (Meeting),4.42,20.05,365.78,3896.00,11499.37,627.68,,0,100,38.00,-164,4400385,-721663.14,4,fused
422836,000000422836.jpg,320x240,1,0.972830,1,1,TP,yolov8l_bsz4.ms,171.50,116.25,287.75,0.500,Mid (Meeting),4.42,20.05,365.78,3896.00,11499.37,627.68,,0,100,38.00,-164,4400385,-721663.14,4,fused
245311,000000245311.jpg,612x612,1,0.972703,1,1,TP,yolov8l_bsz4.ms,170.50,98.75,269.25,0.500,Mid (Meeting),4.36,17.89,348.17,3914.00,11499.37,643.29,,0,100,38.00,-282,4395925,-1239650.85,4,fused
67534,000000067534.jpg,306x640,1,0.972561,1,1,TP,yolov8l_bsz4.ms,170.50,98.75,269.25,0.500,Mid (Meeting),4.36,17.89,348.17,3914.00,11499.37,643.29,,0,100,38.00,-282,4395925,-1239650.85,4,fused
230983,000000230983.jpg,430x640,1,0.972531,1,1,TP,yolov8l_bsz4.ms,170.50,98.75,269.25,0.500,Mid (Meeting),4.36,17.89,348.17,3914.00,11499.37,643.29,,0,100,38.00,-282,4395925,-1239650.85,4,fused
336628,000000336628.jpg,428x640,1,0.972507,1,1,TP,yolov8l_bsz4.ms,170.50,98.75,269.25,0.500,Mid (Meeting),4.36,17.89,348.17,3914.00,11499.37,643.29,,0,100,38.00,-282,4395925,-1239650.85,4,fused
236308,000000236308.jpg,640x368,1,0.972496,1,1,TP,yolov8l_bsz4.ms,170.00,112.50,282.50,0.500,Mid (Meeting),4.23,17.89,295.16,3966.00,11499.37,695.25,,0,100,38.00,-208,4399051,-915002.61,4,fused
472298,000000472298.jpg,640x387,1,0.972476,1,1,TP,yolov8l_bsz4.ms,170.00,112.50,282.50,0.500,Mid (Meeting),4.23,17.89,295.16,3966.00,11499.37,695.25,,0,100,38.00,-208,4399051,-915002.61,4,fused
548339,000000548339.jpg,640x576,1,0.972332,1,1,TP,yolov8l_bsz4.ms,170.00,112.50,282.50,0.500,Mid (Meeting),4.23,17.89,295.16,3966.00,11499.37,695.25,,0,100,38.00,-208,4399051,-915002.61,4,fused
530975,000000530975.jpg,640x480,1,0.972277,1,1,TP,yolov8l_bsz4.ms,170.00,112.50,282.50,0.500,Mid (Meeting),4.23,17.89,295.16,3966.00,11499.37,695.25,,0,100,38.00,-208,4399051,-915002.61,4,fused
425906,000000425906.jpg,463x640,1,0.972228,1,1,TP,yolov8l_bsz4.ms,170.75,91.75,262.50,0.500,Mid (Meeting),4.06,16.74,370.11,3892.00,11499.37,619.51,,0,100,38.00,-192,4399659,-844734.53,4,fused
133087,000000133087.jpg,640x429,1,0.971775,0,0,FP,yolov8l_bsz4.ms,170.75,91.75,262.50,0.500,Mid (Meeting),4.06,16.74,370.11,3892.00,11499.37,619.51,,0,100,38.00,-192,4399659,-844734.53,4,fused
486438,000000486438.jpg,640x427,1,0.971693,1,1,TP,yolov8l_bsz4.ms,170.75,91.75,262.50,0.500,Mid (Meeting),4.06,16.74,370.11,3892.00,11499.37,619.51,,0,100,38.00,-192,4399659,-844734.53,4,fused
51712,000000051712.jpg,640x368,1,0.971292,1,1,TP,yolov8l_bsz4.ms,170.75,91.75,262.50,0.500,Mid (Meeting),4.06,16.74,370.11,3892.00,11499.37,619.51,,0,100,38.00,-192,4399659,-844734.53,4,fused
87038,000000087038.jpg,640x480,1,0.971250,1,1,TP,yolov8l_bsz4.ms,171.25,109.25,280.50,0.500,Mid (Meeting),4.12,16.74,364.50,3897.00,11499.37,624.14,,0,100,38.00,-187,4399744,-822752.13,4,fused
165039,000000165039.jpg,640x427,1,0.971192,1,1,TP,yolov8l_bsz4.ms,171.25,109.25,280.50,0.500,Mid (Meeting),4.12,16.74,364.50,3897.00,11499.37,624.14,,0,100,38.00,-187,4399744,-822752.13,4,fused
404839,000000404839.jpg,427x640,1,0.971178,1,1,TP,yolov8l_bsz4.ms,171.25,109.25,280.50,0.500,Mid (Meeting),4.12,16.74,364.50,3897.00,11499.37,624.14,,0,100,38.00,-187,4399744,-822752.13,4,fused
423617,000000423617.jpg,640x480,1,0.970972,1,1,TP,yolov8l_bsz4.ms,171.25,109.25,280.50,0.500,Mid (Meeting),4.12,16.74,364.50,3897.00,11499.37,624.14,,0,100,38.00,-187,4399744,-822752.13,4,fused
358195,000000358195.jpg,483x640,1,0.970912,1,1,TP,yolov8l_bsz4.ms,169.75,110.00,279.75,0.500,Mid (Meeting),4.12,16.57,344.78,3917.00,11499.37,643.09,,0,100,38.00,-206,4399307,-906257.24,4,fused
141821,000000141821.jpg,640x480,1,0.970904,1,1,TP,yolov8l_bsz4.ms,169.75,110.00,279.75,0.500,Mid (Meeting),4.12,16.57,344.78,3917.00,11499.37,643.09,,0,100,38.00,-206,4399307,-906257.24,4,fused
238013,000000238013.jpg,500x334,1,0.970670,1,1,TP,yolov8l_bsz4.ms,169.75,110.00,279.75,0.500,Mid (Meeting),4.12,16.57,344.78,3917.00,11499.37,643.09,,0,100,38.00,-206,4399307,-906257.24,4,fused
531135,000000531135.jpg,500x375,1,0.970638,1,1,TP,yolov8l_bsz4.ms,169.75,110.00,279.75,0.500,Mid (Meeting),4.12,16.57,344.78,3917.00,11499.37,643.09,,0,100,38.00,-206,4399307,-906257.24,4,fused
265816,000000265816.jpg,640x406,1,0.970523,1,1,TP,yolov8l_bsz4.ms,169.75,98.50,268.25,0.500,Mid (Meeting),4.13,16.57,304.32,3957.00,11499.37,682.40,,0,100,38.00,-142,4401621,-625030.18,4,fused
260470,000000260470.jpg,640x427,1,0.970340,1,1,TP,yolov8l_bsz4.ms,169.75,98.50,268.25,0.500,Mid (Meeting),4.13,16.57,304.32,3957.00,11499.37,682.40,,0,100,38.00,-142,4401621,-625030.18,4,fused
555050,000000555050.jpg,500x322,1,0.970326,1,1,TP,yolov8l_bsz4.ms,169.75,98.50,268.25,0.500,Mid (Meeting),4.13,16.57,304.32,3957.00,11499.37,682.40,,0,100,38.00,-142,4401621,-625030.18,4,fused
329827,000000329827.jpg,640x427,1,0.970132,1,1,TP,yolov8l_bsz4.ms,169.75,98.50,268.25,0.500,Mid (Meeting),4.13,16.57,304.32,3957.00,11499.37,682.40,,0,100,38.00,-142,4401621,-625030.18,4,fused
252559,000000252559.jpg,480x640,1,0.968798,1,1,TP,yolov8l_bsz4.ms,170.00,105.00,275.00,0.500,Mid (Meeting),5.56,16.84,366.63,3894.00,11499.37,618.32,,0,100,38.00,-214,4399064,-941399.70,4,fused
51314,000000051314.jpg,640x480,1,0.968686,1,1,TP,yolov8l_bsz4.ms,170.00,105.00,275.00,0.500,Mid (Meeting),5.56,16.84,366.63,3894.00,11499.37,618.32,,0,100,38.00,-214,4399064,-941399.70,4,fused
55950,000000055950.jpg,426x640,1,0.968652,1,1,TP,yolov8l_bsz4.ms,170.00,105.00,275.00,0.500,Mid (Meeting),5.56,16.84,366.63,3894.00,11499.37,618.32,,0,100,38.00,-214,4399064,-941399.70,4,fused
16598,000000016598.jpg,478x640,1,0.968506,1,1,TP,yolov8l_bsz4.ms,170.00,105.00,275.00,0.500,Mid (Meeting),5.56,16.84,366.63,3894.00,11499.37,618.32,,0,100,38.00,-214,4399064,-941399.70,4,fused
90284,000000090284.jpg,640x639,1,0.968452,1,1,TP,yolov8l_bsz4.ms,171.00,108.25,279.25,0.500,Mid (Meeting),4.01,16.84,364.37,3896.00,11499.37,619.23,,0,100,38.00,-250,4397502,-1099375.50,4,fused
15956,000000015956.jpg,640x480,1,0.968399,1,1,TP,yolov8l_bsz4.ms,171.00,108.25,279.25,0.500,Mid (Meeting),4.01,16.84,364.37,3896.00,11499.37,619.23,,0,100,38.00,-250,4397502,-1099375.50,4,fused
306893,000000306893.jpg,500x368,1,0.968225,1,1,TP,yolov8l_bsz4.ms,171.00,108.25,279.25,0.500,Mid (Meeting),4.01,16.84,364.37,3896.00,11499.37,619.23,,0,100,38.00,-250,4397502,-1099375.50,4,fused
362682,000000362682.jpg,640x427,1,0.968017,1,1,TP,yolov8l_bsz4.ms,171.00,108.25,279.25,0.500,Mid (Meeting),4.01,16.84,364.37,3896.00,11499.37,619.23,,0,100,38.00,-250,4397502,-1099375.50,4,fused
233370,000000233370.jpg,427x640,1,0.967911,1,1,TP,yolov8l_bsz4.ms,170.00,110.00,280.00,0.500,Mid (Meeting),4.19,16.26,344.47,3915.00,11499.37,637.50,,0,100,38.00,-101,4402887,-444691.59,4,fused
439593,000000439593.jpg,640x480,1,0.967750,1,1,TP,yolov8l_bsz4.ms,170.00,110.00,280.00,0.500,Mid (Meeting),4.19,16.26,344.47,3915.00,11499.37,637.50,,0,100,38.00,-101,4402887,-444691.59,4,fused
50326,000000050326.jpg,500x375,1,0.967714,1,1,TP,yolov8l_bsz4.ms,170.00,110.00,280.00,0.500,Mid (Meeting),4.19,16.26,344.47,3915.00,11499.37,637.50,,0,100,38.00,-101,4402887,-444691.59,4,fused
30504,000000030504.jpg,480x640,1,0.967660,1,1,TP,yolov8l_bsz4.ms,170.00,110.00,280.00,0.500,Mid (Meeting),4.19,16.26,344.47,3915.00,11499.37,637.50,,0,100,38.00,-101,4402887,-444691.59,4,fused
76625,000000076625.jpg,640x480,1,0.967194,1,1,TP,yolov8l_bsz4.ms,170.75,104.75,275.50,0.500,Mid (Meeting),4.10,16.26,290.20,3969.00,11499.37,691.00,,0,100,38.00,-210,4399262,-923845.02,4,fused
167486,000000167486.jpg,640x480,1,0.967137,1,1,TP,yolov8l_bsz4.ms,170.75,104.75,275.50,0.500,Mid (Meeting),4.10,16.26,290.20,3969.00,11499.37,691.00,,0,100,38.00,-210,4399262,-923845.02,4,fused
42528,000000042528.jpg,640x495,1,0.967066,1,1,TP,yolov8l_bsz4.ms,170.75,104.75,275.50,0.500,Mid (Meeting),4.10,16.26,290.20,3969.00,11499.37,691.00,,0,100,38.00,-210,4399262,-923845.02,4,fused
259830,000000259830.jpg,425x640,1,0.966848,1,1,TP,yolov8l_bsz4.ms,170.75,104.75,275.50,0.500,Mid (Meeting),4.10,16.26,290.20,3969.00,11499.37,691.00,,0,100,38.00,-210,4399262,-923845.02,4,fused
138979,000000138979.jpg,640x426,1,0.966833,1,1,TP,yolov8l_bsz4.ms,170.00,98.00,268.00,0.500,Mid (Meeting),3.99,16.69,365.82,3893.00,11499.37,614.79,,0,100,38.00,-279,4396805,-1226708.59,4,fused
462371,000000462371.jpg,500x401,1,0.966806,1,1,TP,yolov8l_bsz4.ms,170.00,98.00,268.00,0.500,Mid (Meeting),3.99,16.69,365.82,3893.00,11499.37,614.79,,0,100,38.00,-279,4396805,-1226708.59,4,fused
253433,000000253433.jpg,640x480,1,0.966669,0,0,FP,yolov8l_bsz4.ms,170.00,98.00,268.00,0.500,Mid (Meeting),3.99,16.69,365.82,3893.00,11499.37,614.79,,0,100,38.00,-279,4396805,-1226708.59,4,fused
310072,000000310072.jpg,640x383,1,0.966554,0,0,FP,yolov8l_bsz4.ms,170.00,98.00,268.00,0.500,Mid (Meeting),3.99,16.69,365.82,3893.00,11499.37,614.79,,0,100,38.00,-279,4396805,-1226708.59,4,fused
407868,000000407868.jpg,640x480,1,0.966370,1,1,TP,yolov8l_bsz4.ms,171.50,112.25,283.75,0.500,Mid (Meeting),4.04,16.69,365.86,3893.00,11499.37,614.06,,0,100,38.00,-163,4400800,-717330.40,4,fused
203639,000000203639.jpg,486x640,1,0.965850,1,1,TP,yolov8l_bsz4.ms,171.50,112.25,283.75,0.500,Mid (Meeting),4.04,16.69,365.86,3893.00,11499.37,614.06,,0,100,38.00,-163,4400800,-717330.40,4,fused
341469,000000341469.jpg,457x640,1,0.965636,1,1,TP,yolov8l_bsz4.ms,171.50,112.25,283.75,0.500,Mid (Meeting),4.04,16.69,365.86,3893.00,11499.37,614.06,,0,100,38.00,-163,4400800,-717330.40,4,fused
570756,000000570756.jpg,640x428,1,0.965573,1,1,TP,yolov8l_bsz4.ms,171.50,112.25,283.75,0.500,Mid (Meeting),4.04,16.69,365.86,3893.00,11499.37,614.06,,0,100,38.00,-163,4400800,-717330.40,4,fused
33854,000000033854.jpg,640x427,1,0.965562,1,1,TP,yolov8l_bsz4.ms,170.25,99.75,270.00,0.500,Mid (Meeting),4.03,16.57,343.47,3915.00,11499.37,634.75,,0,100,38.00,-106,4402820,-466698.92,4,fused
549055,000000549055.jpg,640x304,1,0.965517,1,1,TP,yolov8l_bsz4.ms,170.25,99.75,270.00,0.500,Mid (Meeting),4.03,16.57,343.47,3915.00,11499.37,634.75,,0,100,38.00,-106,4402820,-466698.92,4,fused
251140,000000251140.jpg,375x500,1,0.965187,1,1,TP,yolov8l_bsz4.ms,170.25,99.75,270.00,0.500,Mid (Meeting),4.03,16.57,343.47,3915.00,11499.37,634.75,,0,100,38.00,-106,4402820,-466698.92,4,fused
124798,000000124798.jpg,640x427,1,0.964963,1,1,TP,yolov8l_bsz4.ms,170.25,99.75,270.00,0.500,Mid (Meeting),4.03,16.57,343.47,3915.00,11499.37,634.75,,0,100,38.00,-106,4402820,-466698.92,4,fused
515579,000000515579.jpg,500x332,1,0.964691,1,1,TP,yolov8l_bsz4.ms,170.50,115.25,285.75,0.500,Mid (Meeting),4.04,16.57,305.32,3953.00,11499.37,672.16,,0,100,38.00,-144,4401528,-633820.03,4,fused
511999,000000511999.jpg,640x446,1,0.964372,1,1,TP,yolov8l_bsz4.ms,170.50,115.25,285.75,0.500,Mid (Meeting),4.04,16.57,305.32,3953.00,11499.37,672.16,,0,100,38.00,-144,4401528,-633820.03,4,fused
137576,000000137576.jpg,640x563,1,0.964287,0,0,FP,yolov8l_bsz4.ms,170.50,115.25,285.75,0.500,Mid (Meeting),4.04,16.57,305.32,3953.00,11499.37,672.16,,0,100,38.00,-144,4401528,-633820.03,4,fused
49259,000000049259.jpg,427x640,1,0.964221,1,1,TP,yolov8l_bsz4.ms,170.50,115.25,285.75,0.500,Mid (Meeting),4.04,16.57,305.32,3953.00,11499.37,672.16,,0,100,38.00,-144,4401528,-633820.03,4,fused
357742,000000357742.jpg,429x640,1,0.963879,1,1,TP,yolov8l_bsz4.ms,169.50,96.50,266.00,0.500,Mid (Meeting),3.99,16.29,367.63,3890.00,11499.37,608.43,,0,100,38.00,-199,4399743,-875548.86,4,fused
345385,000000345385.jpg,640x480,1,0.963770,1,1,TP,yolov8l_bsz4.ms,169.50,96.50,266.00,0.500,Mid (Meeting),3.99,16.29,367.63,3890.00,11499.37,608.43,,0,100,38.00,-199,4399743,-875548.86,4,fused
13546,000000013546.jpg,640x425,1,0.963354,1,1,TP,yolov8l_bsz4.ms,169.50,96.50,266.00,0.500,Mid (Meeting),3.99,16.29,367.63,3890.00,11499.37,608.43,,0,100,38.00,-199,4399743,-875548.86,4,fused
458255,000000458255.jpg,640x428,1,0.963281,1,1,TP,yolov8l_bsz4.ms,169.50,96.50,266.00,0.500,Mid (Meeting),3.99,16.29,367.63,3890.00,11499.37,608.43,,0,100,38.00,-199,4399743,-875548.86,4,fused
558114,000000558114.jpg,640x480,1,0.962980,1,1,TP,yolov8l_bsz4.ms,171.00,97.75,268.75,0.500,Mid (Meeting),7.60,16.29,362.08,3895.00,11499.37,612.71,,0,100,38.00,-132,4402108,-581078.26,4,fused
303499,000000303499.jpg,333x500,1,0.962928,1,1,TP,yolov8l_bsz4.ms,171.00,97.75,268.75,0.500,Mid (Meeting),7.60,16.29,362.08,3895.00,11499.37,612.71,,0,100,38.00,-132,4402108,-581078.26,4,fused
422670,000000422670.jpg,640x427,1,0.962863,1,1,TP,yolov8l_bsz4.ms,171.00,97.75,268.75,0.500,Mid (Meeting),7.60,16.29,362.08,3895.00,11499.37,612.71,,0,100,38.00,-132,4402108,-581078.26,4,fused
37689,000000037689.jpg,640x426,1,0.962839,1,1,TP,yolov8l_bsz4.ms,171.00,97.75,268.75,0.500,Mid (Meeting),7.60,16.29,362.08,3895.00,11499.37,612.71,,0,100,38.00,-132,4402108,-581078.26,4,fused
102356,000000102356.jpg,427x640,1,0.962754,1,1,TP,yolov8l_bsz4.ms,170.00,101.50,271.50,0.500,Mid (Meeting),5.25,16.21,347.38,3910.00,11499.37,626.29,,0,100,38.00,-170,4400868,-748147.56,4,fused
213255,000000213255.jpg,480x640,1,0.962730,1,1,TP,yolov8l_bsz4.ms,170.00,101.50,271.50,0.500,Mid (Meeting),5.25,16.21,347.38,3910.00,11499.37,626.29,,0,100,38.00,-170,4400868,-748147.56,4,fused
462728,000000462728.jpg,640x427,1,0.962366,1,1,TP,yolov8l_bsz4.ms,170.00,101.50,271.50,0.500,Mid (Meeting),5.25,16.21,347.38,3910.00,11499.37,626.29,,0,100,38.00,-170,4400868,-748147.56,4,fused
369541,000000369541.jpg,375x500,1,0.962106,1,1,TP,yolov8l_bsz4.ms,170.00,101.50,271.50,0.500,Mid (Meeting),5.25,16.21,347.38,3910.00,11499.37,626.29,,0,100,38.00,-170,4400868,-748147.56,4,fused
19221,000000019221.jpg,640x478,1,0.962000,1,1,TP,yolov8l_bsz4.ms,170.50,89.50,260.00,0.500,Mid (Meeting),4.61,16.21,288.58,3968.00,11499.37,684.66,,0,100,38.00,-389,4392926,-1708848.21,4,fused
206025,000000206025.jpg,424x640,1,0.961926,1,1,TP,yolov8l_bsz4.ms,170.50,89.50,260.00,0.500,Mid (Meeting),4.61,16.21,288.58,3968.00,11499.37,684.66,,0,100,38.00,-389,4392926,-1708848.21,4,fused
300039,000000300039.jpg,500x374,1,0.961920,1,1,TP,yolov8l_bsz4.ms,170.50,89.50,260.00,0.500,Mid (Meeting),4.61,16.21,288.58,3968.00,11499.37,684.66,,0,100,38.00,-389,4392926,-1708848.21,4,fused
230819,000000230819.jpg,640x432,1,0.961792,1,1,TP,yolov8l_bsz4.ms,170.50,89.50,260.00,0.500,Mid (Meeting),4.61,16.21,288.58,3968.00,11499.37,684.66,,0,100,38.00,-389,4392926,-1708848.21,4,fused
58655,000000058655.jpg,425x640,1,0.961485,0,0,FP,yolov8l_bsz4.ms,169.25,101.25,270.50,0.500,Mid (Meeting),4.42,15.51,365.43,3892.00,11499.37,607.43,,0,100,38.00,-184,4400401,-809673.78,4,fused
574702,000000574702.jpg,333x500,1,0.961415,1,1,TP,yolov8l_bsz4.ms,169.25,101.25,270.50,0.500,Mid (Meeting),4.42,15.51,365.43,3892.00,11499.37,607.43,,0,100,38.00,-184,4400401,-809673.78,4,fused
346707,000000346707.jpg,333x500,1,0.961168,0,0,FP,yolov8l_bsz4.ms,169.25,101.25,270.50,0.500,Mid (Meeting),4.42,15.51,365.43,3892.00,11499.37,607.43,,0,100,38.00,-184,4400401,-809673.78,4,fused
552842,000000552842.jpg,640x427,1,0.961128,1,1,TP,yolov8l_bsz4.ms,169.25,101.25,270.50,0.500,Mid (Meeting),4.42,15.51,365.43,3892.00,11499.37,607.43,,0,100,38.00,-184,4400401,-809673.78,4,fused
388927,000000388927.jpg,480x640,1,0.960642,1,1,TP,yolov8l_bsz4.ms,171.50,104.00,275.50,0.500,Mid (Meeting),4.26,15.51,364.38,3893.00,11499.37,606.83,,0,100,38.00,-277,4396810,-1217916.37,4,fused
295478,000000295478.jpg,512x640,1,0.960545,1,1,TP,yolov8l_bsz4.ms,171.50,104.00,275.50,0.500,Mid (Meeting),4.26,15.51,364.38,3893.00,11499.37,606.83,,0,100,38.00,-277,4396810,-1217916.37,4,fused
52507,000000052507.jpg,640x438,1,0.960233,1,1,TP,yolov8l_bsz4.ms,171.50,104.00,275.50,0.500,Mid (Meeting),4.26,15.51,364.38,3893.00,11499.37,606.83,,0,100,38.00,-277,4396810,-1217916.37,4,fused
76547,000000076547.jpg,640x480,1,0.960140,1,1,TP,yolov8l_bsz4.ms,171.50,104.00,275.50,0.500,Mid (Meeting),4.26,15.51,364.38,3893.00,11499.37,606.83,,0,100,38.00,-277,4396810,-1217916.37,4,fused
360960,000000360960.jpg,426x640,1,0.959915,1,1,TP,yolov8l_bsz4.ms,170.25,102.25,272.50,0.500,Mid (Meeting),4.22,14.83,343.07,3912.00,11499.37,627.46,,0,100,38.00,-219,4398749,-963326.03,4,fused
93353,000000093353.jpg,640x480,1,0.959753,1,1,TP,yolov8l_bsz4.ms,170.25,102.25,272.50,0.500,Mid (Meeting),4.22,14.83,343.07,3912.00,11499.37,627.46,,0,100,38.00,-219,4398749,-963326.03,4,fused
232684,000000232684.jpg,640x427,1,0.959520,1,1,TP,yolov8l_bsz4.ms,170.25,102.25,272.50,0.500,Mid (Meeting),4.22,14.83,343.07,3912.00,11499.37,627.46,,0,100,38.00,-219,4398749,-963326.03,4,fused
481573,000000481573.jpg,640x639,1,0.959374,1,1,TP,yolov8l_bsz4.ms,170.25,102.25,272.50,0.500,Mid (Meeting),4.22,14.83,343.07,3912.00,11499.37,627.46,,0,100,38.00,-219,4398749,-963326.03,4,fused
377113,000000377113.jpg,640x427,1,0.959294,1,1,TP,yolov8l_bsz4.ms,170.25,114.00,284.25,0.500,Mid (Meeting),4.24,14.83,292.06,3965.00,11499.37,677.86,,0,100,38.00,-285,4396717,-1253064.34,4,fused
572462,000000572462.jpg,612x612,1,0.959117,1,1,TP,yolov8l_bsz4.ms,170.25,114.00,284.25,0.500,Mid (Meeting),4.24,14.83,292.06,3965.00,11499.37,677.86,,0,100,38.00,-285,4396717,-1253064.34,4,fused
180135,000000180135.jpg,333x500,1,0.959106,1,1,TP,yolov8l_bsz4.ms,170.25,114.00,284.25,0.500,Mid (Meeting),4.24,14.83,292.06,3965.00,11499.37,677.86,,0,100,38.00,-285,4396717,-1253064.34,4,fused
81738,000000081738.jpg,640x480,1,0.959072,1,1,TP,yolov8l_bsz4.ms,170.25,114.00,284.25,0.500,Mid (Meeting),4.24,14.83,292.06,3965.00,11499.37,677.86,,0,100,38.00,-285,4396717,-1253064.34,4,fused
228436,000000228436.jpg,640x485,1,0.959035,0,0,FP,yolov8l_bsz4.ms,169.50,106.75,276.25,0.500,Mid (Meeting),4.17,14.86,368.32,3889.00,11499.37,601.08,,0,100,38.00,-172,4400604,-756903.89,4,fused
25986,000000025986.jpg,640x480,1,0.958950,0,0,FP,yolov8l_bsz4.ms,169.50,106.75,276.25,0.500,Mid (Meeting),4.17,14.86,368.32,3889.00,11499.37,601.08,,0,100,38.00,-172,4400604,-756903.89,4,fused
419379,000000419379.jpg,427x640,1,0.958563,1,1,TP,yolov8l_bsz4.ms,169.50,106.75,276.25,0.500,Mid (Meeting),4.17,14.86,368.32,3889.00,11499.37,601.08,,0,100,38.00,-172,4400604,-756903.89,4,fused
195045,000000195045.jpg,640x480,1,0.958529,0,0,FP,yolov8l_bsz4.ms,169.50,106.75,276.25,0.500,Mid (Meeting),4.17,14.86,368.32,3889.00,11499.37,601.08,,0,100,38.00,-172,4400604,-756903.89,4,fused
438304,000000438304.jpg,464x640,1,0.958462,1,1,TP,yolov8l_bsz4.ms,166.75,109.25,276.00,0.500,Mid (Meeting),4.18,14.86,362.67,3894.00,11499.37,605.49,,0,100,38.00,-153,4401303,-673399.36,4,fused
31050,000000031050.jpg,427x640,1,0.958320,0,0,FP,yolov8l_bsz4.ms,166.75,109.25,276.00,0.500,Mid (Meeting),4.18,14.86,362.67,3894.00,11499.37,605.49,,0,100,38.00,-153,4401303,-673399.36,4,fused
421834,000000421834.jpg,640x457,1,0.958294,0,0,FP,yolov8l_bsz4.ms,166.75,109.25,276.00,0.500,Mid (Meeting),4.18,14.86,362.67,3894.00,11499.37,605.49,,0,100,38.00,-153,4401303,-673399.36,4,fused
331280,000000331280.jpg,500x366,1,0.958088,1,1,TP,yolov8l_bsz4.ms,166.75,109.25,276.00,0.500,Mid (Meeting),4.18,14.86,362.67,3894.00,11499.37,605.49,,0,100,38.00,-153,4401303,-673399.36,4,fused
220584,000000220584.jpg,640x427,1,0.957667,1,1,TP,yolov8l_bsz4.ms,170.25,110.25,280.50,0.500,Mid (Meeting),4.46,14.55,344.06,3912.00,11499.37,622.43,,0,100,38.00,-154,4400983,-677751.38,4,fused
540932,000000540932.jpg,640x480,1,0.957340,1,1,TP,yolov8l_bsz4.ms,170.25,110.25,280.50,0.500,Mid (Meeting),4.46,14.55,344.06,3912.00,11499.37,622.43,,0,100,38.00,-154,4400983,-677751.38,4,fused
579321,000000579321.jpg,640x498,1,0.957236,1,1,TP,yolov8l_bsz4.ms,170.25,110.25,280.50,0.500,Mid (Meeting),4.46,14.55,344.06,3912.00,11499.37,622.43,,0,100,38.00,-154,4400983,-677751.38,4,fused
249180,000000249180.jpg,640x427,1,0.956943,1,1,TP,yolov8l_bsz4.ms,170.25,110.25,280.50,0.500,Mid (Meeting),4.46,14.55,344.06,3912.00,11499.37,622.43,,0,100,38.00,-154,4400983,-677751.38,4,fused
85089,000000085089.jpg,640x428,1,0.956921,1,1,TP,yolov8l_bsz4.ms,170.00,92.25,262.25,0.500,Mid (Meeting),4.26,14.55,288.89,3967.00,11499.37,676.86,,0,100,38.00,-107,4402945,-471115.11,4,fused
425227,000000425227.jpg,428x640,1,0.956556,1,1,TP,yolov8l_bsz4.ms,170.00,92.25,262.25,0.500,Mid (Meeting),4.26,14.55,288.89,3967.00,11499.37,676.86,,0,100,38.00,-107,4402945,-471115.11,4,fused
214703,000000214703.jpg,427x640,1,0.956464,1,1,TP,yolov8l_bsz4.ms,170.00,92.25,262.25,0.500,Mid (Meeting),4.26,14.55,288.89,3967.00,11499.37,676.86,,0,100,38.00,-107,4402945,-471115.11,4,fused
515350,000000515350.jpg,640x427,1,0.956314,1,1,TP,yolov8l_bsz4.ms,170.00,92.25,262.25,0.500,Mid (Meeting),4.26,14.55,288.89,3967.00,11499.37,676.86,,0,100,38.00,-107,4402945,-471115.11,4,fused
458325,000000458325.jpg,640x427,1,0.955999,1,1,TP,yolov8l_bsz4.ms,107.25,95.75,203.00,0.500,Mid (Meeting),4.03,14.35,366.02,3888.00,11499.37,594.27,,0,100,38.00,-190,4400202,-836038.38,4,fused
360661,000000360661.jpg,640x480,1,0.955911,1,1,TP,yolov8l_bsz4.ms,107.25,95.75,203.00,0.500,Mid (Meeting),4.03,14.35,366.02,3888.00,11499.37,594.27,,0,100,38.00,-190,4400202,-836038.38,4,fused
329614,000000329614.jpg,500x208,1,0.955868,1,1,TP,yolov8l_bsz4.ms,107.25,95.75,203.00,0.500,Mid (Meeting),4.03,14.35,366.02,3888.00,11499.37,594.27,,0,100,38.00,-190,4400202,-836038.38,4,fused
488592,000000488592.jpg,480x640,1,0.955805,1,1,TP,yolov8l_bsz4.ms,107.25,95.75,203.00,0.500,Mid (Meeting),4.03,14.35,366.02,3888.00,11499.37,594.27,,0,100,38.00,-190,4400202,-836038.38,4,fused
340697,000000340697.jpg,500x333,1,0.955467,0,0,FP,yolov8l_bsz4.ms,108.50,101.75,210.25,0.500,Mid (Meeting),4.25,14.35,361.18,3893.00,11499.37,598.12,,0,100,38.00,-296,4395455,-1301054.68,4,fused
361586,000000361586.jpg,640x360,1,0.955308,1,1,TP,yolov8l_bsz4.ms,108.50,101.75,210.25,0.500,Mid (Meeting),4.25,14.35,361.18,3893.00,11499.37,598.12,,0,100,38.00,-296,4395455,-1301054.68,4,fused
538364,000000538364.jpg,640x480,1,0.955255,1,1,TP,yolov8l_bsz4.ms,108.50,101.75,210.25,0.500,Mid (Meeting),4.25,14.35,361.18,3893.00,11499.37,598.12,,0,100,38.00,-296,4395455,-1301054.68,4,fused
357816,000000357816.jpg,500x455,1,0.955140,1,1,TP,yolov8l_bsz4.ms,108.50,101.75,210.25,0.500,Mid (Meeting),4.25,14.35,361.18,3893.00,11499.37,598.12,,0,100,38.00,-296,4395455,-1301054.68,4,fused
513580,000000513580.jpg,640x484,1,0.955078,1,1,TP,yolov8l_bsz4.ms,110.50,103.75,214.25,0.500,Mid (Meeting),4.45,14.35,345.80,3908.00,11499.37,612.69,,0,100,38.00,-164,4400444,-721672.82,4,fused
199395,000000199395.jpg,427x640,1,0.955068,1,1,TP,yolov8l_bsz4.ms,110.50,103.75,214.25,0.500,Mid (Meeting),4.45,14.35,345.80,3908.00,11499.37,612.69,,0,100,38.00,-164,4400444,-721672.82,4,fused
119911,000000119911.jpg,640x425,1,0.954866,1,1,TP,yolov8l_bsz4.ms,110.50,103.75,214.25,0.500,Mid (Meeting),4.45,14.35,345.80,3908.00,11499.37,612.69,,0,100,38.00,-164,4400444,-721672.82,4,fused
542856,000000542856.jpg,640x427,1,0.954777,1,1,TP,yolov8l_bsz4.ms,110.50,103.75,214.25,0.500,Mid (Meeting),4.45,14.35,345.80,3908.00,11499.37,612.69,,0,100,38.00,-164,4400444,-721672.82,4,fused
365521,000000365521.jpg,428x640,1,0.954294,1,1,TP,yolov8l_bsz4.ms,110.75,97.75,208.50,0.500,Mid (Meeting),4.62,14.77,301.54,3952.00,11499.37,657.06,,0,100,38.00,-243,4397595,-1068615.58,4,fused
108495,000000108495.jpg,333x500,1,0.954240,1,1,TP,yolov8l_bsz4.ms,110.75,97.75,208.50,0.500,Mid (Meeting),4.62,14.77,301.54,3952.00,11499.37,657.06,,0,100,38.00,-243,4397595,-1068615.58,4,fused
214539,000000214539.jpg,640x427,1,0.953974,1,1,TP,yolov8l_bsz4.ms,110.75,97.75,208.50,0.500,Mid (Meeting),4.62,14.77,301.54,3952.00,11499.37,657.06,,0,100,38.00,-243,4397595,-1068615.58,4,fused
27972,000000027972.jpg,640x426,1,0.953724,1,1,TP,yolov8l_bsz4.ms,110.75,97.75,208.50,0.500,Mid (Meeting),4.62,14.77,301.54,3952.00,11499.37,657.06,,0,100,38.00,-243,4397595,-1068615.58,4,fused
47819,000000047819.jpg,500x375,1,0.953648,1,1,TP,yolov8l_bsz4.ms,113.25,98.50,211.75,0.500,Mid (Meeting),4.58,14.77,367.50,3886.00,11499.37,590.19,,0,100,38.00,-206,4398434,-906077.40,4,fused
201646,000000201646.jpg,640x427,1,0.953562,1,1,TP,yolov8l_bsz4.ms,113.25,98.50,211.75,0.500,Mid (Meeting),4.58,14.77,367.50,3886.00,11499.37,590.19,,0,100,38.00,-206,4398434,-906077.40,4,fused
511599,000000511599.jpg,640x480,1,0.953524,1,1,TP,yolov8l_bsz4.ms,113.25,98.50,211.75,0.500,Mid (Meeting),4.58,14.77,367.50,3886.00,11499.37,590.19,,0,100,38.00,-206,4398434,-906077.40,4,fused
508101,000000508101.jpg,640x480,1,0.953382,1,1,TP,yolov8l_bsz4.ms,113.25,98.50,211.75,0.500,Mid (Meeting),4.58,14.77,367.50,3886.00,11499.37,590.19,,0,100,38.00,-206,4398434,-906077.40,4,fused
309391,000000309391.jpg,640x384,1,0.952971,1,1,TP,yolov8l_bsz4.ms,173.50,92.75,266.25,0.500,Mid (Meeting),4.60,14.77,364.98,3889.00,11499.37,592.02,,0,100,38.00,-156,4400414,-686464.58,4,fused
560911,000000560911.jpg,481x640,1,0.952537,1,1,TP,yolov8l_bsz4.ms,173.50,92.75,266.25,0.500,Mid (Meeting),4.60,14.77,364.98,3889.00,11499.37,592.02,,0,100,38.00,-156,4400414,-686464.58,4,fused
71226,000000071226.jpg,640x426,1,0.952245,0,0,FP,yolov8l_bsz4.ms,173.50,92.75,266.25,0.500,Mid (Meeting),4.60,14.77,364.98,3889.00,11499.37,592.02,,0,100,38.00,-156,4400414,-686464.58,4,fused
426203,000000426203.jpg,426x640,1,0.951534,1,1,TP,yolov8l_bsz4.ms,173.50,92.75,266.25,0.500,Mid (Meeting),4.60,14.77,364.98,3889.00,11499.37,592.02,,0,100,38.00,-156,4400414,-686464.58,4,fused
427338,000000427338.jpg,640x396,1,0.951186,1,1,TP,yolov8l_bsz4.ms,169.25,94.25,263.50,0.500,Mid (Meeting),4.56,14.72,344.41,3909.00,11499.37,611.38,,0,100,38.00,-222,4397836,-976319.59,4,fused
448263,000000448263.jpg,320x240,1,0.951045,1,1,TP,yolov8l_bsz4.ms,169.25,94.25,263.50,0.500,Mid (Meeting),4.56,14.72,344.41,3909.00,11499.37,611.38,,0,100,38.00,-222,4397836,-976319.59,4,fused
172648,000000172648.jpg,640x480,1,0.950984,1,1,TP,yolov8l_bsz4.ms,169.25,94.25,263.50,0.500,Mid (Meeting),4.56,14.72,344.41,3909.00,11499.37,611.38,,0,100,38.00,-222,4397836,-976319.59,4,fused
427034,000000427034.jpg,640x480,1,0.950915,1,1,TP,yolov8l_bsz4.ms,169.25,94.25,263.50,0.500,Mid (Meeting),4.56,14.72,344.41,3909.00,11499.37,611.38,,0,100,38.00,-222,4397836,-976319.59,4,fused
389109,000000389109.jpg,427x640,1,0.950813,1,1,TP,yolov8l_bsz4.ms,170.25,90.00,260.25,0.500,Mid (Meeting),4.47,14.72,288.71,3965.00,11499.37,665.57,,0,100,38.00,-275,4396739,-1209103.23,4,fused
94944,000000094944.jpg,640x427,1,0.950765,1,1,TP,yolov8l_bsz4.ms,170.25,90.00,260.25,0.500,Mid (Meeting),4.47,14.72,288.71,3965.00,11499.37,665.57,,0,100,38.00,-275,4396739,-1209103.23,4,fused
161861,000000161861.jpg,500x375,1,0.950748,1,1,TP,yolov8l_bsz4.ms,170.25,90.00,260.25,0.500,Mid (Meeting),4.47,14.72,288.71,3965.00,11499.37,665.57,,0,100,38.00,-275,4396739,-1209103.23,4,fused
209222,000000209222.jpg,640x427,1,0.950691,1,1,TP,yolov8l_bsz4.ms,170.25,90.00,260.25,0.500,Mid (Meeting),4.47,14.72,288.71,3965.00,11499.37,665.57,,0,100,38.00,-275,4396739,-1209103.23,4,fused
332351,000000332351.jpg,640x426,1,0.950653,1,1,TP,yolov8l_bsz4.ms,170.00,88.75,258.75,0.500,Mid (Meeting),4.03,12.48,364.39,3889.00,11499.37,588.82,,0,100,38.00,-122,4401839,-537024.36,4,fused
179392,000000179392.jpg,480x640,1,0.950603,0,0,FP,yolov8l_bsz4.ms,170.00,88.75,258.75,0.500,Mid (Meeting),4.03,12.48,364.39,3889.00,11499.37,588.82,,0,100,38.00,-122,4401839,-537024.36,4,fused
192607,000000192607.jpg,640x425,1,0.950572,1,1,TP,yolov8l_bsz4.ms,170.00,88.75,258.75,0.500,Mid (Meeting),4.03,12.48,364.39,3889.00,11499.37,588.82,,0,100,38.00,-122,4401839,-537024.36,4,fused
2299,000000002299.jpg,500x302,1,0.950200,1,1,TP,yolov8l_bsz4.ms,170.00,88.75,258.75,0.500,Mid (Meeting),4.03,12.48,364.39,3889.00,11499.37,588.82,,0,100,38.00,-122,4401839,-537024.36,4,fused
535094,000000535094.jpg,640x427,1,0.950168,1,1,TP,yolov8l_bsz4.ms,171.00,106.75,277.75,0.500,Mid (Meeting),4.06,12.48,363.54,3889.00,11499.37,588.75,,0,100,38.00,-215,4398779,-945737.48,4,fused
172649,000000172649.jpg,640x427,1,0.949862,1,1,TP,yolov8l_bsz4.ms,171.00,106.75,277.75,0.500,Mid (Meeting),4.06,12.48,363.54,3889.00,11499.37,588.75,,0,100,38.00,-215,4398779,-945737.48,4,fused
190841,000000190841.jpg,640x427,1,0.949821,1,1,TP,yolov8l_bsz4.ms,171.00,106.75,277.75,0.500,Mid (Meeting),4.06,12.48,363.54,3889.00,11499.37,588.75,,0,100,38.00,-215,4398779,-945737.48,4,fused
443969,000000443969.jpg,612x612,1,0.949749,1,1,TP,yolov8l_bsz4.ms,171.00,106.75,277.75,0.500,Mid (Meeting),4.06,12.48,363.54,3889.00,11499.37,588.75,,0,100,38.00,-215,4398779,-945737.48,4,fused
214192,000000214192.jpg,640x436,1,0.949717,1,1,TP,yolov8l_bsz4.ms,170.25,116.25,286.50,0.500,Mid (Meeting),4.05,15.16,343.01,3910.00,11499.37,608.76,,0,100,38.00,-166,4400341,-730456.61,4,fused
212573,000000212573.jpg,640x559,1,0.949638,1,1,TP,yolov8l_bsz4.ms,170.25,116.25,286.50,0.500,Mid (Meeting),4.05,15.16,343.01,3910.00,11499.37,608.76,,0,100,38.00,-166,4400341,-730456.61,4,fused
399560,000000399560.jpg,640x478,1,0.949596,0,0,FP,yolov8l_bsz4.ms,170.25,116.25,286.50,0.500,Mid (Meeting),4.05,15.16,343.01,3910.00,11499.37,608.76,,0,100,38.00,-166,4400341,-730456.61,4,fused
376307,000000376307.jpg,375x500,1,0.949397,1,1,TP,yolov8l_bsz4.ms,170.25,116.25,286.50,0.500,Mid (Meeting),4.05,15.16,343.01,3910.00,11499.37,608.76,,0,100,38.00,-166,4400341,-730456.61,4,fused
232563,000000232563.jpg,480x640,1,0.948705,1,1,TP,yolov8l_bsz4.ms,170.00,109.50,279.50,0.500,Mid (Meeting),4.05,15.16,298.51,3958.00,11499.37,656.47,,0,100,38.00,-212,4398844,-932554.93,4,fused
475191,000000475191.jpg,640x480,1,0.948579,1,1,TP,yolov8l_bsz4.ms,170.00,109.50,279.50,0.500,Mid (Meeting),4.05,15.16,298.51,3958.00,11499.37,656.47,,0,100,38.00,-212,4398844,-932554.93,4,fused
62353,000000062353.jpg,640x480,1,0.948468,1,1,TP,yolov8l_bsz4.ms,170.00,109.50,279.50,0.500,Mid (Meeting),4.05,15.16,298.51,3958.00,11499.37,656.47,,0,100,38.00,-212,4398844,-932554.93,4,fused
5586,000000005586.jpg,320x240,1,0.948314,1,1,TP,yolov8l_bsz4.ms,170.00,109.50,279.50,0.500,Mid (Meeting),4.05,15.16,298.51,3958.00,11499.37,656.47,,0,100,38.00,-212,4398844,-932554.93,4,fused
286503,000000286503.jpg,640x427,1,0.948022,1,1,TP,yolov8l_bsz4.ms,170.00,101.25,271.25,0.500,Mid (Meeting),4.01,15.45,365.51,3891.00,11499.37,589.07,,0,100,38.00,-233,4397966,-1024726.08,4,fused
108253,000000108253.jpg,480x640,1,0.947982,1,1,TP,yolov8l_bsz4.ms,170.00,101.25,271.25,0.500,Mid (Meeting),4.01,15.45,365.51,3891.00,11499.37,589.07,,0,100,38.00,-233,4397966,-1024726.08,4,fused
292236,000000292236.jpg,332x500,1,0.947753,1,1,TP,yolov8l_bsz4.ms,170.00,101.25,271.25,0.500,Mid (Meeting),4.01,15.45,365.51,3891.00,11499.37,589.07,,0,100,38.00,-233,4397966,-1024726.08,4,fused
377239,000000377239.jpg,640x427,1,0.947546,1,1,TP,yolov8l_bsz4.ms,170.00,101.25,271.25,0.500,Mid (Meeting),4.01,15.45,365.51,3891.00,11499.37,589.07,,0,100,38.00,-233,4397966,-1024726.08,4,fused
224337,000000224337.jpg,640x427,1,0.946746,1,1,TP,yolov8l_bsz4.ms,171.50,110.00,281.50,0.500,Mid (Meeting),4.02,15.45,364.92,3892.00,11499.37,588.09,,0,100,38.00,-139,4401398,-611794.32,4,fused
59635,000000059635.jpg,486x640,1,0.946626,1,1,TP,yolov8l_bsz4.ms,171.50,110.00,281.50,0.500,Mid (Meeting),4.02,15.45,364.92,3892.00,11499.37,588.09,,0,100,38.00,-139,4401398,-611794.32,4,fused
193717,000000193717.jpg,521x640,1,0.946509,1,1,TP,yolov8l_bsz4.ms,171.50,110.00,281.50,0.500,Mid (Meeting),4.02,15.45,364.92,3892.00,11499.37,588.09,,0,100,38.00,-139,4401398,-611794.32,4,fused
273420,000000273420.jpg,500x400,1,0.946110,1,1,TP,yolov8l_bsz4.ms,171.50,110.00,281.50,0.500,Mid (Meeting),4.02,15.45,364.92,3892.00,11499.37,588.09,,0,100,38.00,-139,4401398,-611794.32,4,fused
191845,000000191845.jpg,640x361,1,0.946075,1,1,TP,yolov8l_bsz4.ms,169.75,95.25,265.00,0.500,Mid (Meeting),4.05,15.25,344.76,3912.00,11499.37,607.59,,0,100,38.00,-153,4400947,-673344.89,4,fused
393226,000000393226.jpg,640x480,1,0.945844,1,1,TP,yolov8l_bsz4.ms,169.75,95.25,265.00,0.500,Mid (Meeting),4.05,15.25,344.76,3912.00,11499.37,607.59,,0,100,38.00,-153,4400947,-673344.89,4,fused
421757,000000421757.jpg,640x480,1,0.945825,1,1,TP,yolov8l_bsz4.ms,169.75,95.25,265.00,0.500,Mid (Meeting),4.05,15.25,344.76,3912.00,11499.37,607.59,,0,100,38.00,-153,4400947,-673344.89,4,fused
80949,000000080949.jpg,640x438,1,0.945755,0,0,FP,yolov8l_bsz4.ms,169.75,95.25,265.00,0.500,Mid (Meeting),4.05,15.25,344.76,3912.00,11499.37,607.59,,0,100,38.00,-153,4400947,-673344.89,4,fused
309467,000000309467.jpg,640x326,1,0.945725,1,1,TP,yolov8l_bsz4.ms,169.75,102.25,272.00,0.500,Mid (Meeting),4.04,15.25,302.96,3953.00,11499.37,647.72,,0,100,38.00,-251,4397430,-1103754.93,4,fused
166747,000000166747.jpg,375x500,1,0.945591,1,1,TP,yolov8l_bsz4.ms,169.75,102.25,272.00,0.500,Mid (Meeting),4.04,15.25,302.96,3953.00,11499.37,647.72,,0,100,38.00,-251,4397430,-1103754.93,4,fused
223747,000000223747.jpg,500x370,1,0.944940,1,1,TP,yolov8l_bsz4.ms,169.75,102.25,272.00,0.500,Mid (Meeting),4.04,15.25,302.96,3953.00,11499.37,647.72,,0,100,38.00,-251,4397430,-1103754.93,4,fused
403565,000000403565.jpg,447x640,1,0.944914,1,1,TP,yolov8l_bsz4.ms,169.75,102.25,272.00,0.500,Mid (Meeting),4.04,15.25,302.96,3953.00,11499.37,647.72,,0,100,38.00,-251,4397430,-1103754.93,4,fused
132408,000000132408.jpg,429x640,1,0.944909,1,1,TP,yolov8l_bsz4.ms,170.00,103.50,273.50,0.500,Mid (Meeting),8.47,15.19,366.02,3889.00,11499.37,583.40,,0,100,38.00,-107,4402410,-471057.87,4,fused
422706,000000422706.jpg,640x427,1,0.944771,1,1,TP,yolov8l_bsz4.ms,170.00,103.50,273.50,0.500,Mid (Meeting),8.47,15.19,366.02,3889.00,11499.37,583.40,,0,100,38.00,-107,4402410,-471057.87,4,fused
90956,000000090956.jpg,640x427,1,0.944734,1,1,TP,yolov8l_bsz4.ms,170.00,103.50,273.50,0.500,Mid (Meeting),8.47,15.19,366.02,3889.00,11499.37,583.40,,0,100,38.00,-107,4402410,-471057.87,4,fused
289960,000000289960.jpg,640x480,1,0.944663,1,1,TP,yolov8l_bsz4.ms,170.00,103.50,273.50,0.500,Mid (Meeting),8.47,15.19,366.02,3889.00,11499.37,583.40,,0,100,38.00,-107,4402410,-471057.87,4,fused
545100,000000545100.jpg,640x426,1,0.944531,1,1,TP,yolov8l_bsz4.ms,171.50,103.25,274.75,0.500,Mid (Meeting),4.79,15.19,363.73,3870.00,11499.37,562.82,,0,100,38.00,-213,4399089,-937005.96,4,fused
451144,000000451144.jpg,640x480,1,0.944099,1,1,TP,yolov8l_bsz4.ms,171.50,103.25,274.75,0.500,Mid (Meeting),4.79,15.19,363.73,3870.00,11499.37,562.82,,0,100,38.00,-213,4399089,-937005.96,4,fused
128748,000000128748.jpg,491x640,1,0.944050,1,1,TP,yolov8l_bsz4.ms,171.50,103.25,274.75,0.500,Mid (Meeting),4.79,15.19,363.73,3870.00,11499.37,562.82,,0,100,38.00,-213,4399089,-937005.96,4,fused
570539,000000570539.jpg,372x500,1,0.943734,1,1,TP,yolov8l_bsz4.ms,171.50,103.25,274.75,0.500,Mid (Meeting),4.79,15.19,363.73,3870.00,11499.37,562.82,,0,100,38.00,-213,4399089,-937005.96,4,fused
388846,000000388846.jpg,640x427,1,0.943467,1,1,TP,yolov8l_bsz4.ms,170.50,102.50,273.00,0.500,Mid (Meeting),4.44,23.45,344.85,3877.00,11499.37,569.78,,0,100,38.00,-264,4396610,-1160705.04,4,fused
370711,000000370711.jpg,640x480,1,0.943124,1,1,TP,yolov8l_bsz4.ms,170.50,102.50,273.00,0.500,Mid (Meeting),4.44,23.45,344.85,3877.00,11499.37,569.78,,0,100,38.00,-264,4396610,-1160705.04,4,fused
527528,000000527528.jpg,640x480,1,0.942861,1,1,TP,yolov8l_bsz4.ms,170.50,102.50,273.00,0.500,Mid (Meeting),4.44,23.45,344.85,3877.00,11499.37,569.78,,0,100,38.00,-264,4396610,-1160705.04,4,fused
434548,000000434548.jpg,640x480,1,0.942773,1,1,TP,yolov8l_bsz4.ms,170.50,102.50,273.00,0.500,Mid (Meeting),4.44,23.45,344.85,3877.00,11499.37,569.78,,0,100,38.00,-264,4396610,-1160705.04,4,fused
52591,000000052591.jpg,359x640,1,0.942717,1,1,TP,yolov8l_bsz4.ms,170.00,94.25,264.25,0.500,Mid (Meeting),4.37,23.45,298.46,3954.00,11499.37,646.20,,0,100,38.00,-94,4402883,-413871.00,4,fused
486112,000000486112.jpg,640x427,1,0.942573,1,1,TP,yolov8l_bsz4.ms,170.00,94.25,264.25,0.500,Mid (Meeting),4.37,23.45,298.46,3954.00,11499.37,646.20,,0,100,38.00,-94,4402883,-413871.00,4,fused
141671,000000141671.jpg,640x335,1,0.942099,1,1,TP,yolov8l_bsz4.ms,170.00,94.25,264.25,0.500,Mid (Meeting),4.37,23.45,298.46,3954.00,11499.37,646.20,,0,100,38.00,-94,4402883,-413871.00,4,fused
558213,000000558213.jpg,640x432,1,0.942031,1,1,TP,yolov8l_bsz4.ms,170.00,94.25,264.25,0.500,Mid (Meeting),4.37,23.45,298.46,3954.00,11499.37,646.20,,0,100,38.00,-94,4402883,-413871.00,4,fused
349184,000000349184.jpg,428x640,1,0.941579,1,1,TP,yolov8l_bsz4.ms,169.75,97.25,267.00,0.500,Mid (Meeting),4.14,19.77,365.97,3887.00,11499.37,577.26,,0,100,38.00,-236,4398019,-1037932.48,4,fused
450100,000000450100.jpg,480x640,1,0.941434,0,0,FP,yolov8l_bsz4.ms,169.75,97.25,267.00,0.500,Mid (Meeting),4.14,19.77,365.97,3887.00,11499.37,577.26,,0,100,38.00,-236,4398019,-1037932.48,4,fused
458223,000000458223.jpg,640x338,1,0.941123,1,1,TP,yolov8l_bsz4.ms,169.75,97.25,267.00,0.500,Mid (Meeting),4.14,19.77,365.97,3887.00,11499.37,577.26,,0,100,38.00,-236,4398019,-1037932.48,4,fused
233238,000000233238.jpg,480x640,1,0.941075,1,1,TP,yolov8l_bsz4.ms,169.75,97.25,267.00,0.500,Mid (Meeting),4.14,19.77,365.97,3887.00,11499.37,577.26,,0,100,38.00,-236,4398019,-1037932.48,4,fused
343706,000000343706.jpg,640x496,1,0.940900,1,1,TP,yolov8l_bsz4.ms,171.50,109.50,281.00,0.500,Mid (Meeting),4.15,19.77,364.62,3888.00,11499.37,578.46,,0,100,38.00,-244,4397618,-1073018.79,4,fused
122046,000000122046.jpg,427x640,1,0.940511,1,1,TP,yolov8l_bsz4.ms,171.50,109.50,281.00,0.500,Mid (Meeting),4.15,19.77,364.62,3888.00,11499.37,578.46,,0,100,38.00,-244,4397618,-1073018.79,4,fused
313588,000000313588.jpg,480x640,1,0.939604,1,1,TP,yolov8l_bsz4.ms,171.50,109.50,281.00,0.500,Mid (Meeting),4.15,19.77,364.62,3888.00,11499.37,578.46,,0,100,38.00,-244,4397618,-1073018.79,4,fused
292456,000000292456.jpg,500x375,1,0.939545,1,1,TP,yolov8l_bsz4.ms,171.50,109.50,281.00,0.500,Mid (Meeting),4.15,19.77,364.62,3888.00,11499.37,578.46,,0,100,38.00,-244,4397618,-1073018.79,4,fused
359135,000000359135.jpg,640x427,1,0.939452,0,0,FP,yolov8l_bsz4.ms,169.75,96.25,266.00,0.500,Mid (Meeting),4.16,18.43,343.79,3910.00,11499.37,599.32,,0,100,38.00,-141,4401428,-620601.35,4,fused
566282,000000566282.jpg,640x426,1,0.939110,1,1,TP,yolov8l_bsz4.ms,169.75,96.25,266.00,0.500,Mid (Meeting),4.16,18.43,343.79,3910.00,11499.37,599.32,,0,100,38.00,-141,4401428,-620601.35,4,fused
492758,000000492758.jpg,640x427,1,0.938940,1,1,TP,yolov8l_bsz4.ms,169.75,96.25,266.00,0.500,Mid (Meeting),4.16,18.43,343.79,3910.00,11499.37,599.32,,0,100,38.00,-141,4401428,-620601.35,4,fused
572956,000000572956.jpg,500x333,1,0.938930,0,0,FP,yolov8l_bsz4.ms,169.75,96.25,266.00,0.500,Mid (Meeting),4.16,18.43,343.79,3910.00,11499.37,599.32,,0,100,38.00,-141,4401428,-620601.35,4,fused
261061,000000261061.jpg,500x334,1,0.938928,1,1,TP,yolov8l_bsz4.ms,170.00,110.00,280.00,0.500,Mid (Meeting),4.15,18.43,290.14,3963.00,11499.37,652.24,,0,100,38.00,-233,4398078,-1024752.17,4,fused
442306,000000442306.jpg,640x640,1,0.938877,1,1,TP,yolov8l_bsz4.ms,170.00,110.00,280.00,0.500,Mid (Meeting),4.15,18.43,290.14,3963.00,11499.37,652.24,,0,100,38.00,-233,4398078,-1024752.17,4,fused
499768,000000499768.jpg,640x428,1,0.938666,0,0,FP,yolov8l_bsz4.ms,170.00,110.00,280.00,0.500,Mid (Meeting),4.15,18.43,290.14,3963.00,11499.37,652.24,,0,100,38.00,-233,4398078,-1024752.17,4,fused
313182,000000313182.jpg,640x424,1,0.938629,1,1,TP,yolov8l_bsz4.ms,170.00,110.00,280.00,0.500,Mid (Meeting),4.15,18.43,290.14,3963.00,11499.37,652.24,,0,100,38.00,-233,4398078,-1024752.17,4,fused
70254,000000070254.jpg,640x384,1,0.938440,1,1,TP,yolov8l_bsz4.ms,170.50,100.50,271.00,0.500,Mid (Meeting),4.09,17.52,368.08,3885.00,11499.37,573.68,,0,100,38.00,-214,4398897,-941363.96,4,fused
38678,000000038678.jpg,480x640,1,0.938370,1,1,TP,yolov8l_bsz4.ms,170.50,100.50,271.00,0.500,Mid (Meeting),4.09,17.52,368.08,3885.00,11499.37,573.68,,0,100,38.00,-214,4398897,-941363.96,4,fused
404484,000000404484.jpg,320x240,1,0.937983,1,1,TP,yolov8l_bsz4.ms,170.50,100.50,271.00,0.500,Mid (Meeting),4.09,17.52,368.08,3885.00,11499.37,573.68,,0,100,38.00,-214,4398897,-941363.96,4,fused
47112,000000047112.jpg,640x480,1,0.937465,1,1,TP,yolov8l_bsz4.ms,170.50,100.50,271.00,0.500,Mid (Meeting),4.09,17.52,368.08,3885.00,11499.37,573.68,,0,100,38.00,-214,4398897,-941363.96,4,fused
463730,000000463730.jpg,640x427,1,0.936980,1,1,TP,yolov8l_bsz4.ms,170.50,96.50,267.00,0.500,Mid (Meeting),6.19,17.52,366.29,3887.00,11499.37,574.36,,0,100,38.00,-129,4401395,-567779.95,4,fused
39914,000000039914.jpg,487x640,1,0.936579,1,1,TP,yolov8l_bsz4.ms,170.50,96.50,267.00,0.500,Mid (Meeting),6.19,17.52,366.29,3887.00,11499.37,574.36,,0,100,38.00,-129,4401395,-567779.95,4,fused
300276,000000300276.jpg,640x359,1,0.936452,1,1,TP,yolov8l_bsz4.ms,170.50,96.50,267.00,0.500,Mid (Meeting),6.19,17.52,366.29,3887.00,11499.37,574.36,,0,100,38.00,-129,4401395,-567779.95,4,fused
451090,000000451090.jpg,640x435,1,0.936449,0,0,FP,yolov8l_bsz4.ms,170.50,96.50,267.00,0.500,Mid (Meeting),6.19,17.52,366.29,3887.00,11499.37,574.36,,0,100,38.00,-129,4401395,-567779.95,4,fused
53529,000000053529.jpg,500x333,1,0.935862,1,1,TP,yolov8l_bsz4.ms,170.50,104.25,274.75,0.500,Mid (Meeting),4.78,14.32,343.63,3909.00,11499.37,595.50,,0,100,38.00,-163,4400585,-717295.35,4,fused
357748,000000357748.jpg,640x480,1,0.935801,1,1,TP,yolov8l_bsz4.ms,170.50,104.25,274.75,0.500,Mid (Meeting),4.78,14.32,343.63,3909.00,11499.37,595.50,,0,100,38.00,-163,4400585,-717295.35,4,fused
575500,000000575500.jpg,426x640,1,0.935635,0,0,FP,yolov8l_bsz4.ms,170.50,104.25,274.75,0.500,Mid (Meeting),4.78,14.32,343.63,3909.00,11499.37,595.50,,0,100,38.00,-163,4400585,-717295.35,4,fused
344029,000000344029.jpg,640x480,1,0.935530,1,1,TP,yolov8l_bsz4.ms,170.50,104.25,274.75,0.500,Mid (Meeting),4.78,14.32,343.63,3909.00,11499.37,595.50,,0,100,38.00,-163,4400585,-717295.35,4,fused
30828,000000030828.jpg,640x427,1,0.935250,1,1,TP,yolov8l_bsz4.ms,170.25,97.50,267.75,0.500,Mid (Meeting),4.54,14.32,296.61,3956.00,11499.37,641.62,,0,100,38.00,-193,4399248,-849054.86,4,fused
283318,000000283318.jpg,640x427,1,0.935105,1,1,TP,yolov8l_bsz4.ms,170.25,97.50,267.75,0.500,Mid (Meeting),4.54,14.32,296.61,3956.00,11499.37,641.62,,0,100,38.00,-193,4399248,-849054.86,4,fused
147223,000000147223.jpg,640x360,1,0.935075,0,0,FP,yolov8l_bsz4.ms,170.25,97.50,267.75,0.500,Mid (Meeting),4.54,14.32,296.61,3956.00,11499.37,641.62,,0,100,38.00,-193,4399248,-849054.86,4,fused
574520,000000574520.jpg,640x399,1,0.934755,1,1,TP,yolov8l_bsz4.ms,170.25,97.50,267.75,0.500,Mid (Meeting),4.54,14.32,296.61,3956.00,11499.37,641.62,,0,100,38.00,-193,4399248,-849054.86,4,fused
95862,000000095862.jpg,500x375,1,0.934480,1,1,TP,yolov8l_bsz4.ms,170.00,99.25,269.25,0.500,Mid (Meeting),4.27,15.06,365.53,3887.00,11499.37,571.92,,0,100,38.00,-193,4399832,-849167.58,4,fused
99039,000000099039.jpg,640x480,1,0.934445,1,1,TP,yolov8l_bsz4.ms,170.00,99.25,269.25,0.500,Mid (Meeting),4.27,15.06,365.53,3887.00,11499.37,571.92,,0,100,38.00,-193,4399832,-849167.58,4,fused
370042,000000370042.jpg,640x356,1,0.934441,0,0,FP,yolov8l_bsz4.ms,170.00,99.25,269.25,0.500,Mid (Meeting),4.27,15.06,365.53,3887.00,11499.37,571.92,,0,100,38.00,-193,4399832,-849167.58,4,fused
58384,000000058384.jpg,640x466,1,0.934303,0,0,FP,yolov8l_bsz4.ms,170.00,99.25,269.25,0.500,Mid (Meeting),4.27,15.06,365.53,3887.00,11499.37,571.92,,0,100,38.00,-193,4399832,-849167.58,4,fused
66841,000000066841.jpg,336x500,1,0.934091,0,0,FP,yolov8l_bsz4.ms,171.25,101.25,272.50,0.500,Mid (Meeting),4.17,15.06,370.10,3882.00,11499.37,566.37,,0,100,38.00,-285,4396528,-1253010.48,4,fused
184791,000000184791.jpg,640x500,1,0.934023,0,0,FP,yolov8l_bsz4.ms,171.25,101.25,272.50,0.500,Mid (Meeting),4.17,15.06,370.10,3882.00,11499.37,566.37,,0,100,38.00,-285,4396528,-1253010.48,4,fused
432898,000000432898.jpg,500x500,1,0.933811,1,1,TP,yolov8l_bsz4.ms,171.25,101.25,272.50,0.500,Mid (Meeting),4.17,15.06,370.10,3882.00,11499.37,566.37,,0,100,38.00,-285,4396528,-1253010.48,4,fused
73153,000000073153.jpg,427x640,1,0.933466,1,1,TP,yolov8l_bsz4.ms,171.25,101.25,272.50,0.500,Mid (Meeting),4.17,15.06,370.10,3882.00,11499.37,566.37,,0,100,38.00,-285,4396528,-1253010.48,4,fused
455301,000000455301.jpg,640x481,1,0.933336,1,1,TP,yolov8l_bsz4.ms,170.25,111.00,281.25,0.500,Mid (Meeting),4.23,15.08,348.82,3903.00,11499.37,586.02,,0,100,38.00,-254,4397283,-1116909.88,4,fused
264535,000000264535.jpg,612x612,1,0.933035,1,1,TP,yolov8l_bsz4.ms,170.25,111.00,281.25,0.500,Mid (Meeting),4.23,15.08,348.82,3903.00,11499.37,586.02,,0,100,38.00,-254,4397283,-1116909.88,4,fused
441553,000000441553.jpg,640x480,1,0.932912,1,1,TP,yolov8l_bsz4.ms,170.25,111.00,281.25,0.500,Mid (Meeting),4.23,15.08,348.82,3903.00,11499.37,586.02,,0,100,38.00,-254,4397283,-1116909.88,4,fused
366711,000000366711.jpg,427x640,1,0.932774,1,1,TP,yolov8l_bsz4.ms,170.25,111.00,281.25,0.500,Mid (Meeting),4.23,15.08,348.82,3903.00,11499.37,586.02,,0,100,38.00,-254,4397283,-1116909.88,4,fused
518326,000000518326.jpg,640x480,1,0.932444,1,1,TP,yolov8l_bsz4.ms,170.25,105.00,275.25,0.500,Mid (Meeting),4.19,15.08,300.51,3951.00,11499.37,633.53,,0,100,38.00,-143,4401323,-629389.19,4,fused
535523,000000535523.jpg,640x428,1,0.932436,1,1,TP,yolov8l_bsz4.ms,170.25,105.00,275.25,0.500,Mid (Meeting),4.19,15.08,300.51,3951.00,11499.37,633.53,,0,100,38.00,-143,4401323,-629389.19,4,fused
53909,000000053909.jpg,480x640,1,0.932410,1,1,TP,yolov8l_bsz4.ms,170.25,105.00,275.25,0.500,Mid (Meeting),4.19,15.08,300.51,3951.00,11499.37,633.53,,0,100,38.00,-143,4401323,-629389.19,4,fused
187236,000000187236.jpg,640x480,1,0.932244,0,0,FP,yolov8l_bsz4.ms,170.25,105.00,275.25,0.500,Mid (Meeting),4.19,15.08,300.51,3951.00,11499.37,633.53,,0,100,38.00,-143,4401323,-629389.19,4,fused
67406,000000067406.jpg,500x375,1,0.932213,1,1,TP,yolov8l_bsz4.ms,170.00,103.00,273.00,0.500,Mid (Meeting),4.14,14.96,366.66,3883.00,11499.37,566.29,,0,100,38.00,-176,4400037,-774406.51,4,fused
44590,000000044590.jpg,640x246,1,0.932124,1,1,TP,yolov8l_bsz4.ms,170.00,103.00,273.00,0.500,Mid (Meeting),4.14,14.96,366.66,3883.00,11499.37,566.29,,0,100,38.00,-176,4400037,-774406.51,4,fused
452321,000000452321.jpg,640x480,1,0.932069,0,0,FP,yolov8l_bsz4.ms,170.00,103.00,273.00,0.500,Mid (Meeting),4.14,14.96,366.66,3883.00,11499.37,566.29,,0,100,38.00,-176,4400037,-774406.51,4,fused
338219,000000338219.jpg,640x566,1,0.931744,1,1,TP,yolov8l_bsz4.ms,170.00,103.00,273.00,0.500,Mid (Meeting),4.14,14.96,366.66,3883.00,11499.37,566.29,,0,100,38.00,-176,4400037,-774406.51,4,fused
154644,000000154644.jpg,500x500,1,0.931721,1,1,TP,yolov8l_bsz4.ms,171.00,112.50,283.50,0.500,Mid (Meeting),4.13,14.96,368.09,3883.00,11499.37,563.18,,0,100,39.00,-252,4397545,-1108181.34,4,fused
497344,000000497344.jpg,500x333,1,0.931674,1,1,TP,yolov8l_bsz4.ms,171.00,112.50,283.50,0.500,Mid (Meeting),4.13,14.96,368.09,3883.00,11499.37,563.18,,0,100,39.00,-252,4397545,-1108181.34,4,fused
476704,000000476704.jpg,640x428,1,0.931363,0,0,FP,yolov8l_bsz4.ms,171.00,112.50,283.50,0.500,Mid (Meeting),4.13,14.96,368.09,3883.00,11499.37,563.18,,0,100,39.00,-252,4397545,-1108181.34,4,fused
461009,000000461009.jpg,612x612,1,0.931229,1,1,TP,yolov8l_bsz4.ms,171.00,112.50,283.50,0.500,Mid (Meeting),4.13,14.96,368.09,3883.00,11499.37,563.18,,0,100,39.00,-252,4397545,-1108181.34,4,fused
6894,000000006894.jpg,640x480,1,0.930949,1,1,TP,yolov8l_bsz4.ms,170.00,107.50,277.50,0.500,Mid (Meeting),3.87,10.21,347.37,3903.00,11499.37,582.41,,0,100,39.00,-187,4399719,-822747.45,4,fused
125778,000000125778.jpg,640x480,1,0.930931,0,0,FP,yolov8l_bsz4.ms,170.00,107.50,277.50,0.500,Mid (Meeting),3.87,10.21,347.37,3903.00,11499.37,582.41,,0,100,39.00,-187,4399719,-822747.45,4,fused
140203,000000140203.jpg,640x480,1,0.930614,1,1,TP,yolov8l_bsz4.ms,170.00,107.50,277.50,0.500,Mid (Meeting),3.87,10.21,347.37,3903.00,11499.37,582.41,,0,100,39.00,-187,4399719,-822747.45,4,fused
116208,000000116208.jpg,640x480,1,0.930584,1,1,TP,yolov8l_bsz4.ms,170.00,107.50,277.50,0.500,Mid (Meeting),3.87,10.21,347.37,3903.00,11499.37,582.41,,0,100,39.00,-187,4399719,-822747.45,4,fused
83540,000000083540.jpg,640x443,1,0.930315,1,1,TP,yolov8l_bsz4.ms,169.75,100.50,270.25,0.500,Mid (Meeting),4.00,10.21,288.67,3962.00,11499.37,640.35,,0,100,39.00,-110,4402332,-484256.52,4,fused
126226,000000126226.jpg,640x480,1,0.930194,1,1,TP,yolov8l_bsz4.ms,169.75,100.50,270.25,0.500,Mid (Meeting),4.00,10.21,288.67,3962.00,11499.37,640.35,,0,100,39.00,-110,4402332,-484256.52,4,fused
193162,000000193162.jpg,640x428,1,0.929658,1,1,TP,yolov8l_bsz4.ms,169.75,100.50,270.25,0.500,Mid (Meeting),4.00,10.21,288.67,3962.00,11499.37,640.35,,0,100,39.00,-110,4402332,-484256.52,4,fused
80022,000000080022.jpg,640x426,1,0.929573,1,1,TP,yolov8l_bsz4.ms,169.75,100.50,270.25,0.500,Mid (Meeting),4.00,10.21,288.67,3962.00,11499.37,640.35,,0,100,39.00,-110,4402332,-484256.52,4,fused
320232,000000320232.jpg,375x500,1,0.929304,1,1,TP,yolov8l_bsz4.ms,169.75,84.50,254.25,0.500,Mid (Meeting),3.81,13.78,365.95,3884.00,11499.37,562.23,,0,100,39.00,-256,4397601,-1125785.86,4,fused
346232,000000346232.jpg,427x640,1,0.929301,1,1,TP,yolov8l_bsz4.ms,169.75,84.50,254.25,0.500,Mid (Meeting),3.81,13.78,365.95,3884.00,11499.37,562.23,,0,100,39.00,-256,4397601,-1125785.86,4,fused
465675,000000465675.jpg,640x403,1,0.929156,0,0,FP,yolov8l_bsz4.ms,169.75,84.50,254.25,0.500,Mid (Meeting),3.81,13.78,365.95,3884.00,11499.37,562.23,,0,100,39.00,-256,4397601,-1125785.86,4,fused
557672,000000557672.jpg,640x433,1,0.928841,1,1,TP,yolov8l_bsz4.ms,169.75,84.50,254.25,0.500,Mid (Meeting),3.81,13.78,365.95,3884.00,11499.37,562.23,,0,100,39.00,-256,4397601,-1125785.86,4,fused
137106,000000137106.jpg,640x427,1,0.927990,1,1,TP,yolov8l_bsz4.ms,172.25,100.50,272.75,0.500,Mid (Meeting),3.83,13.78,362.64,3887.00,11499.37,564.60,,0,100,39.00,-138,4401399,-607393.06,4,fused
569565,000000569565.jpg,640x427,1,0.927443,0,0,FP,yolov8l_bsz4.ms,172.25,100.50,272.75,0.500,Mid (Meeting),3.83,13.78,362.64,3887.00,11499.37,564.60,,0,100,39.00,-138,4401399,-607393.06,4,fused
179112,000000179112.jpg,500x375,1,0.927437,1,1,TP,yolov8l_bsz4.ms,172.25,100.50,272.75,0.500,Mid (Meeting),3.83,13.78,362.64,3887.00,11499.37,564.60,,0,100,39.00,-138,4401399,-607393.06,4,fused
407960,000000407960.jpg,640x426,1,0.927390,0,0,FP,yolov8l_bsz4.ms,172.25,100.50,272.75,0.500,Mid (Meeting),3.83,13.78,362.64,3887.00,11499.37,564.60,,0,100,39.00,-138,4401399,-607393.06,4,fused
293071,000000293071.jpg,335x500,1,0.927383,0,0,FP,yolov8l_bsz4.ms,169.75,104.25,274.00,0.500,Mid (Meeting),3.91,14.06,341.59,3908.00,11499.37,584.66,,0,100,39.00,-265,4397129,-1165239.19,4,fused
302882,000000302882.jpg,500x400,1,0.926930,1,1,TP,yolov8l_bsz4.ms,169.75,104.25,274.00,0.500,Mid (Meeting),3.91,14.06,341.59,3908.00,11499.37,584.66,,0,100,39.00,-265,4397129,-1165239.19,4,fused
331604,000000331604.jpg,640x427,1,0.926420,1,1,TP,yolov8l_bsz4.ms,169.75,104.25,274.00,0.500,Mid (Meeting),3.91,14.06,341.59,3908.00,11499.37,584.66,,0,100,39.00,-265,4397129,-1165239.19,4,fused
373353,000000373353.jpg,640x428,1,0.926394,1,1,TP,yolov8l_bsz4.ms,169.75,104.25,274.00,0.500,Mid (Meeting),3.91,14.06,341.59,3908.00,11499.37,584.66,,0,100,39.00,-265,4397129,-1165239.19,4,fused
436883,000000436883.jpg,640x421,1,0.926272,1,1,TP,yolov8l_bsz4.ms,169.75,105.50,275.25,0.500,Mid (Meeting),3.94,14.06,288.62,3960.00,11499.37,636.49,,0,100,39.00,-264,4397072,-1160827.01,4,fused
256916,000000256916.jpg,640x480,1,0.926172,0,0,FP,yolov8l_bsz4.ms,169.75,105.50,275.25,0.500,Mid (Meeting),3.94,14.06,288.62,3960.00,11499.37,636.49,,0,100,39.00,-264,4397072,-1160827.01,4,fused
162581,000000162581.jpg,480x640,1,0.925948,1,1,TP,yolov8l_bsz4.ms,169.75,105.50,275.25,0.500,Mid (Meeting),3.94,14.06,288.62,3960.00,11499.37,636.49,,0,100,39.00,-264,4397072,-1160827.01,4,fused
369442,000000369442.jpg,640x480,1,0.925674,1,1,TP,yolov8l_bsz4.ms,169.75,105.50,275.25,0.500,Mid (Meeting),3.94,14.06,288.62,3960.00,11499.37,636.49,,0,100,39.00,-264,4397072,-1160827.01,4,fused
430377,000000430377.jpg,439x640,1,0.925434,1,1,TP,yolov8l_bsz4.ms,170.25,96.75,267.00,0.500,Mid (Meeting),3.91,15.43,365.86,3885.00,11499.37,560.16,,0,100,39.00,-130,4401779,-572231.27,4,fused
51610,000000051610.jpg,640x427,1,0.925409,1,1,TP,yolov8l_bsz4.ms,170.25,96.75,267.00,0.500,Mid (Meeting),3.91,15.43,365.86,3885.00,11499.37,560.16,,0,100,39.00,-130,4401779,-572231.27,4,fused
550714,000000550714.jpg,640x480,1,0.925318,1,1,TP,yolov8l_bsz4.ms,170.25,96.75,267.00,0.500,Mid (Meeting),3.91,15.43,365.86,3885.00,11499.37,560.16,,0,100,39.00,-130,4401779,-572231.27,4,fused
435205,000000435205.jpg,500x333,1,0.925008,1,1,TP,yolov8l_bsz4.ms,170.25,96.75,267.00,0.500,Mid (Meeting),3.91,15.43,365.86,3885.00,11499.37,560.16,,0,100,39.00,-130,4401779,-572231.27,4,fused
289741,000000289741.jpg,640x480,1,0.924805,1,1,TP,yolov8l_bsz4.ms,171.25,98.50,269.75,0.500,Mid (Meeting),3.90,15.43,365.72,3885.00,11499.37,558.57,,0,100,39.00,-272,4396844,-1195941.57,4,fused
473118,000000473118.jpg,346x500,1,0.924650,1,1,TP,yolov8l_bsz4.ms,171.25,98.50,269.75,0.500,Mid (Meeting),3.90,15.43,365.72,3885.00,11499.37,558.57,,0,100,39.00,-272,4396844,-1195941.57,4,fused
278848,000000278848.jpg,480x640,1,0.924122,1,1,TP,yolov8l_bsz4.ms,171.25,98.50,269.75,0.500,Mid (Meeting),3.90,15.43,365.72,3885.00,11499.37,558.57,,0,100,39.00,-272,4396844,-1195941.57,4,fused
355325,000000355325.jpg,478x640,1,0.923900,1,1,TP,yolov8l_bsz4.ms,171.25,98.50,269.75,0.500,Mid (Meeting),3.90,15.43,365.72,3885.00,11499.37,558.57,,0,100,39.00,-272,4396844,-1195941.57,4,fused
171757,000000171757.jpg,640x480,1,0.923761,1,1,TP,yolov8l_bsz4.ms,169.75,87.00,256.75,0.500,Mid (Meeting),8.15,16.37,344.45,3905.00,11499.37,578.07,,0,100,38.00,-350,4394281,-1537998.35,4,fused
460682,000000460682.jpg,640x189,1,0.923754,0,0,FP,yolov8l_bsz4.ms,169.75,87.00,256.75,0.500,Mid (Meeting),8.15,16.37,344.45,3905.00,11499.37,578.07,,0,100,38.00,-350,4394281,-1537998.35,4,fused
345361,000000345361.jpg,500x358,1,0.923034,1,1,TP,yolov8l_bsz4.ms,169.75,87.00,256.75,0.500,Mid (Meeting),8.15,16.37,344.45,3905.00,11499.37,578.07,,0,100,38.00,-350,4394281,-1537998.35,4,fused
374052,000000374052.jpg,640x427,1,0.922948,1,1,TP,yolov8l_bsz4.ms,169.75,87.00,256.75,0.500,Mid (Meeting),8.15,16.37,344.45,3905.00,11499.37,578.07,,0,100,38.00,-350,4394281,-1537998.35,4,fused
512476,000000512476.jpg,640x426,1,0.922677,0,0,FP,yolov8l_bsz4.ms,169.75,106.50,276.25,0.500,Mid (Meeting),4.67,16.37,295.05,3955.00,11499.37,627.20,,0,100,38.00,-158,4400752,-695318.82,4,fused
577539,000000577539.jpg,500x334,1,0.922599,1,1,TP,yolov8l_bsz4.ms,169.75,106.50,276.25,0.500,Mid (Meeting),4.67,16.37,295.05,3955.00,11499.37,627.20,,0,100,38.00,-158,4400752,-695318.82,4,fused
255917,000000255917.jpg,640x427,1,0.921940,1,1,TP,yolov8l_bsz4.ms,169.75,106.50,276.25,0.500,Mid (Meeting),4.67,16.37,295.05,3955.00,11499.37,627.20,,0,100,38.00,-158,4400752,-695318.82,4,fused
446651,000000446651.jpg,640x426,1,0.921675,1,1,TP,yolov8l_bsz4.ms,169.75,106.50,276.25,0.500,Mid (Meeting),4.67,16.37,295.05,3955.00,11499.37,627.20,,0,100,38.00,-158,4400752,-695318.82,4,fused
269632,000000269632.jpg,640x427,1,0.921508,1,1,TP,yolov8l_bsz4.ms,170.25,94.50,264.75,0.500,Mid (Meeting),4.16,19.08,367.95,3908.00,11499.37,580.51,,0,100,38.00,-387,4392875,-1700042.63,4,fused
378284,000000378284.jpg,640x427,1,0.921453,1,1,TP,yolov8l_bsz4.ms,170.25,94.50,264.75,0.500,Mid (Meeting),4.16,19.08,367.95,3908.00,11499.37,580.51,,0,100,38.00,-387,4392875,-1700042.63,4,fused
377635,000000377635.jpg,640x427,1,0.921249,1,1,TP,yolov8l_bsz4.ms,170.25,94.50,264.75,0.500,Mid (Meeting),4.16,19.08,367.95,3908.00,11499.37,580.51,,0,100,38.00,-387,4392875,-1700042.63,4,fused
397303,000000397303.jpg,640x480,1,0.921226,1,1,TP,yolov8l_bsz4.ms,170.25,94.50,264.75,0.500,Mid (Meeting),4.16,19.08,367.95,3908.00,11499.37,580.51,,0,100,38.00,-387,4392875,-1700042.63,4,fused
322610,000000322610.jpg,640x480,1,0.921171,1,1,TP,yolov8l_bsz4.ms,170.75,112.75,283.50,0.500,Mid (Meeting),4.20,19.08,363.63,3919.00,11499.37,583.97,,0,100,38.00,-220,4398319,-967630.18,4,fused
24021,000000024021.jpg,640x390,1,0.921165,1,1,TP,yolov8l_bsz4.ms,170.75,112.75,283.50,0.500,Mid (Meeting),4.20,19.08,363.63,3919.00,11499.37,583.97,,0,100,38.00,-220,4398319,-967630.18,4,fused
522393,000000522393.jpg,640x640,1,0.921091,1,1,TP,yolov8l_bsz4.ms,170.75,112.75,283.50,0.500,Mid (Meeting),4.20,19.08,363.63,3919.00,11499.37,583.97,,0,100,38.00,-220,4398319,-967630.18,4,fused
168337,000000168337.jpg,640x480,1,0.921056,1,1,TP,yolov8l_bsz4.ms,170.75,112.75,283.50,0.500,Mid (Meeting),4.20,19.08,363.63,3919.00,11499.37,583.97,,0,100,38.00,-220,4398319,-967630.18,4,fused
301376,000000301376.jpg,333x500,1,0.920984,1,1,TP,yolov8l_bsz4.ms,169.75,97.50,267.25,0.500,Mid (Meeting),4.09,19.72,344.66,3938.00,11499.37,602.20,,0,100,38.00,-213,4398865,-936958.24,4,fused
327605,000000327605.jpg,640x480,1,0.920505,1,1,TP,yolov8l_bsz4.ms,169.75,97.50,267.25,0.500,Mid (Meeting),4.09,19.72,344.66,3938.00,11499.37,602.20,,0,100,38.00,-213,4398865,-936958.24,4,fused
532129,000000532129.jpg,640x427,1,0.920216,0,0,FP,yolov8l_bsz4.ms,169.75,97.50,267.25,0.500,Mid (Meeting),4.09,19.72,344.66,3938.00,11499.37,602.20,,0,100,38.00,-213,4398865,-936958.24,4,fused
459809,000000459809.jpg,640x428,1,0.919816,1,1,TP,yolov8l_bsz4.ms,169.75,97.50,267.25,0.500,Mid (Meeting),4.09,19.72,344.66,3938.00,11499.37,602.20,,0,100,38.00,-213,4398865,-936958.24,4,fused
257566,000000257566.jpg,640x480,1,0.919756,1,1,TP,yolov8l_bsz4.ms,170.00,93.00,263.00,0.500,Mid (Meeting),4.07,19.72,289.91,3992.00,11499.37,655.39,,0,100,38.00,-305,4395679,-1340682.09,4,fused
245320,000000245320.jpg,424x640,1,0.919675,1,1,TP,yolov8l_bsz4.ms,170.00,93.00,263.00,0.500,Mid (Meeting),4.07,19.72,289.91,3992.00,11499.37,655.39,,0,100,38.00,-305,4395679,-1340682.09,4,fused
351096,000000351096.jpg,500x375,1,0.919572,1,1,TP,yolov8l_bsz4.ms,170.00,93.00,263.00,0.500,Mid (Meeting),4.07,19.72,289.91,3992.00,11499.37,655.39,,0,100,38.00,-305,4395679,-1340682.09,4,fused
180296,000000180296.jpg,640x360,1,0.919503,0,0,FP,yolov8l_bsz4.ms,170.00,93.00,263.00,0.500,Mid (Meeting),4.07,19.72,289.91,3992.00,11499.37,655.39,,0,100,38.00,-305,4395679,-1340682.09,4,fused
359677,000000359677.jpg,427x640,1,0.919376,1,1,TP,yolov8l_bsz4.ms,168.75,97.00,265.75,0.500,Mid (Meeting),4.01,19.09,366.77,3915.00,11499.37,577.84,,0,100,38.00,-201,4399274,-884254.07,4,fused
187055,000000187055.jpg,425x640,1,0.919121,1,1,TP,yolov8l_bsz4.ms,168.75,97.00,265.75,0.500,Mid (Meeting),4.01,19.09,366.77,3915.00,11499.37,577.84,,0,100,38.00,-201,4399274,-884254.07,4,fused
378873,000000378873.jpg,640x426,1,0.918911,1,1,TP,yolov8l_bsz4.ms,168.75,97.00,265.75,0.500,Mid (Meeting),4.01,19.09,366.77,3915.00,11499.37,577.84,,0,100,38.00,-201,4399274,-884254.07,4,fused
415748,000000415748.jpg,426x640,1,0.918806,1,1,TP,yolov8l_bsz4.ms,168.75,97.00,265.75,0.500,Mid (Meeting),4.01,19.09,366.77,3915.00,11499.37,577.84,,0,100,38.00,-201,4399274,-884254.07,4,fused
417779,000000417779.jpg,640x480,1,0.918733,1,1,TP,yolov8l_bsz4.ms,170.50,105.75,276.25,0.500,Mid (Meeting),4.00,19.09,370.65,3911.00,11499.37,572.92,,0,100,38.00,-189,4399357,-831478.47,4,fused
394199,000000394199.jpg,640x480,1,0.917365,1,1,TP,yolov8l_bsz4.ms,170.50,105.75,276.25,0.500,Mid (Meeting),4.00,19.09,370.65,3911.00,11499.37,572.92,,0,100,38.00,-189,4399357,-831478.47,4,fused
55167,000000055167.jpg,640x360,1,0.917080,1,1,TP,yolov8l_bsz4.ms,170.50,105.75,276.25,0.500,Mid (Meeting),4.00,19.09,370.65,3911.00,11499.37,572.92,,0,100,38.00,-189,4399357,-831478.47,4,fused
374369,000000374369.jpg,640x480,1,0.916947,1,1,TP,yolov8l_bsz4.ms,170.50,105.75,276.25,0.500,Mid (Meeting),4.00,19.09,370.65,3911.00,11499.37,572.92,,0,100,38.00,-189,4399357,-831478.47,4,fused
233727,000000233727.jpg,640x427,1,0.916697,1,1,TP,yolov8l_bsz4.ms,169.75,80.50,250.25,0.500,Mid (Meeting),3.96,18.91,346.36,3935.00,11499.37,595.96,,0,100,38.00,-378,4393371,-1660694.24,4,fused
445999,000000445999.jpg,411x640,1,0.916683,1,1,TP,yolov8l_bsz4.ms,169.75,80.50,250.25,0.500,Mid (Meeting),3.96,18.91,346.36,3935.00,11499.37,595.96,,0,100,38.00,-378,4393371,-1660694.24,4,fused
147745,000000147745.jpg,640x480,1,0.916649,0,0,FP,yolov8l_bsz4.ms,169.75,80.50,250.25,0.500,Mid (Meeting),3.96,18.91,346.36,3935.00,11499.37,595.96,,0,100,38.00,-378,4393371,-1660694.24,4,fused
453001,000000453001.jpg,640x480,1,0.916503,1,1,TP,yolov8l_bsz4.ms,169.75,80.50,250.25,0.500,Mid (Meeting),3.96,18.91,346.36,3935.00,11499.37,595.96,,0,100,38.00,-378,4393371,-1660694.24,4,fused
527215,000000527215.jpg,640x426,1,0.916043,1,1,TP,yolov8l_bsz4.ms,170.25,101.25,271.50,0.500,Mid (Meeting),9.40,18.91,294.03,3987.00,11499.37,646.91,,0,100,39.00,-349,4394224,-1533584.18,4,fused
581206,000000581206.jpg,479x640,1,0.916000,1,1,TP,yolov8l_bsz4.ms,170.25,101.25,271.50,0.500,Mid (Meeting),9.40,18.91,294.03,3987.00,11499.37,646.91,,0,100,39.00,-349,4394224,-1533584.18,4,fused
299553,000000299553.jpg,375x500,1,0.915306,1,1,TP,yolov8l_bsz4.ms,170.25,101.25,271.50,0.500,Mid (Meeting),9.40,18.91,294.03,3987.00,11499.37,646.91,,0,100,39.00,-349,4394224,-1533584.18,4,fused
308631,000000308631.jpg,640x426,1,0.914750,1,1,TP,yolov8l_bsz4.ms,170.25,101.25,271.50,0.500,Mid (Meeting),9.40,18.91,294.03,3987.00,11499.37,646.91,,0,100,39.00,-349,4394224,-1533584.18,4,fused
550691,000000550691.jpg,640x480,1,0.914461,1,1,TP,yolov8l_bsz4.ms,170.00,108.00,278.00,0.500,Mid (Meeting),4.99,16.27,366.00,3914.00,11499.37,573.94,,0,100,39.00,-254,4397047,-1116849.94,4,fused
63154,000000063154.jpg,640x426,1,0.914062,1,1,TP,yolov8l_bsz4.ms,170.00,108.00,278.00,0.500,Mid (Meeting),4.99,16.27,366.00,3914.00,11499.37,573.94,,0,100,39.00,-254,4397047,-1116849.94,4,fused
255483,000000255483.jpg,452x500,1,0.913939,1,1,TP,yolov8l_bsz4.ms,170.00,108.00,278.00,0.500,Mid (Meeting),4.99,16.27,366.00,3914.00,11499.37,573.94,,0,100,39.00,-254,4397047,-1116849.94,4,fused
511076,000000511076.jpg,640x427,1,0.913776,1,1,TP,yolov8l_bsz4.ms,170.00,108.00,278.00,0.500,Mid (Meeting),4.99,16.27,366.00,3914.00,11499.37,573.94,,0,100,39.00,-254,4397047,-1116849.94,4,fused
482436,000000482436.jpg,640x401,1,0.913742,1,1,TP,yolov8l_bsz4.ms,171.50,91.25,262.75,0.500,Mid (Meeting),4.60,16.27,365.94,3914.00,11499.37,572.95,,0,100,39.00,-206,4398854,-906163.92,4,fused
520871,000000520871.jpg,640x425,1,0.913180,0,0,FP,yolov8l_bsz4.ms,171.50,91.25,262.75,0.500,Mid (Meeting),4.60,16.27,365.94,3914.00,11499.37,572.95,,0,100,39.00,-206,4398854,-906163.92,4,fused
194724,000000194724.jpg,640x480,1,0.913172,0,0,FP,yolov8l_bsz4.ms,171.50,91.25,262.75,0.500,Mid (Meeting),4.60,16.27,365.94,3914.00,11499.37,572.95,,0,100,39.00,-206,4398854,-906163.92,4,fused
579158,000000579158.jpg,640x480,1,0.912864,0,0,FP,yolov8l_bsz4.ms,171.50,91.25,262.75,0.500,Mid (Meeting),4.60,16.27,365.94,3914.00,11499.37,572.95,,0,100,39.00,-206,4398854,-906163.92,4,fused
236690,000000236690.jpg,640x399,1,0.912782,0,0,FP,yolov8l_bsz4.ms,169.75,98.50,268.25,0.500,Mid (Meeting),4.41,17.44,343.65,3936.00,11499.37,593.32,,0,100,39.00,-130,4401187,-572154.31,4,fused
24567,000000024567.jpg,480x640,1,0.912729,1,1,TP,yolov8l_bsz4.ms,169.75,98.50,268.25,0.500,Mid (Meeting),4.41,17.44,343.65,3936.00,11499.37,593.32,,0,100,39.00,-130,4401187,-572154.31,4,fused
185473,000000185473.jpg,640x194,1,0.912266,1,1,TP,yolov8l_bsz4.ms,169.75,98.50,268.25,0.500,Mid (Meeting),4.41,17.44,343.65,3936.00,11499.37,593.32,,0,100,39.00,-130,4401187,-572154.31,4,fused
301061,000000301061.jpg,480x640,1,0.911964,1,1,TP,yolov8l_bsz4.ms,169.75,98.50,268.25,0.500,Mid (Meeting),4.41,17.44,343.65,3936.00,11499.37,593.32,,0,100,39.00,-130,4401187,-572154.31,4,fused
26690,000000026690.jpg,427x640,1,0.911891,1,1,TP,yolov8l_bsz4.ms,170.00,113.25,283.25,0.500,Mid (Meeting),4.34,17.44,293.40,3986.00,11499.37,642.69,,0,100,39.00,-223,4398307,-980822.46,4,fused
419408,000000419408.jpg,640x429,1,0.911837,1,1,TP,yolov8l_bsz4.ms,170.00,113.25,283.25,0.500,Mid (Meeting),4.34,17.44,293.40,3986.00,11499.37,642.69,,0,100,39.00,-223,4398307,-980822.46,4,fused
374545,000000374545.jpg,549x640,1,0.911786,1,1,TP,yolov8l_bsz4.ms,170.00,113.25,283.25,0.500,Mid (Meeting),4.34,17.44,293.40,3986.00,11499.37,642.69,,0,100,39.00,-223,4398307,-980822.46,4,fused
119828,000000119828.jpg,500x375,1,0.911532,0,0,FP,yolov8l_bsz4.ms,170.00,113.25,283.25,0.500,Mid (Meeting),4.34,17.44,293.40,3986.00,11499.37,642.69,,0,100,39.00,-223,4398307,-980822.46,4,fused
577976,000000577976.jpg,640x428,1,0.909937,0,0,FP,yolov8l_bsz4.ms,170.00,101.75,271.75,0.500,Mid (Meeting),4.22,16.73,366.95,3912.00,11499.37,568.59,,0,100,39.00,-103,4402178,-453424.33,4,fused
322844,000000322844.jpg,480x640,1,0.909281,0,0,FP,yolov8l_bsz4.ms,170.00,101.75,271.75,0.500,Mid (Meeting),4.22,16.73,366.95,3912.00,11499.37,568.59,,0,100,39.00,-103,4402178,-453424.33,4,fused
127987,000000127987.jpg,640x426,1,0.908811,0,0,FP,yolov8l_bsz4.ms,170.00,101.75,271.75,0.500,Mid (Meeting),4.22,16.73,366.95,3912.00,11499.37,568.59,,0,100,39.00,-103,4402178,-453424.33,4,fused
135410,000000135410.jpg,480x640,1,0.908474,1,1,TP,yolov8l_bsz4.ms,170.00,101.75,271.75,0.500,Mid (Meeting),4.22,16.73,366.95,3912.00,11499.37,568.59,,0,100,39.00,-103,4402178,-453424.33,4,fused
180011,000000180011.jpg,480x640,1,0.908288,1,1,TP,yolov8l_bsz4.ms,170.50,103.75,274.25,0.500,Mid (Meeting),4.20,16.73,366.56,3912.00,11499.37,568.02,,0,100,39.00,-208,4398871,-914965.17,4,fused
112997,000000112997.jpg,480x640,1,0.908248,1,1,TP,yolov8l_bsz4.ms,170.50,103.75,274.25,0.500,Mid (Meeting),4.20,16.73,366.56,3912.00,11499.37,568.02,,0,100,39.00,-208,4398871,-914965.17,4,fused
514979,000000514979.jpg,640x427,1,0.907966,0,0,FP,yolov8l_bsz4.ms,170.50,103.75,274.25,0.500,Mid (Meeting),4.20,16.73,366.56,3912.00,11499.37,568.02,,0,100,39.00,-208,4398871,-914965.17,4,fused
254814,000000254814.jpg,640x480,1,0.907806,1,1,TP,yolov8l_bsz4.ms,170.50,103.75,274.25,0.500,Mid (Meeting),4.20,16.73,366.56,3912.00,11499.37,568.02,,0,100,39.00,-208,4398871,-914965.17,4,fused
454978,000000454978.jpg,640x400,1,0.907785,0,0,FP,yolov8l_bsz4.ms,169.75,84.25,254.00,0.500,Mid (Meeting),4.14,15.95,344.74,3934.00,11499.37,588.83,,0,100,39.00,-143,4401113,-629359.16,4,fused
273493,000000273493.jpg,500x333,1,0.907741,1,1,TP,yolov8l_bsz4.ms,169.75,84.25,254.00,0.500,Mid (Meeting),4.14,15.95,344.74,3934.00,11499.37,588.83,,0,100,39.00,-143,4401113,-629359.16,4,fused
205324,000000205324.jpg,640x425,1,0.907375,1,1,TP,yolov8l_bsz4.ms,169.75,84.25,254.00,0.500,Mid (Meeting),4.14,15.95,344.74,3934.00,11499.37,588.83,,0,100,39.00,-143,4401113,-629359.16,4,fused
170545,000000170545.jpg,640x480,1,0.907031,0,0,FP,yolov8l_bsz4.ms,169.75,84.25,254.00,0.500,Mid (Meeting),4.14,15.95,344.74,3934.00,11499.37,588.83,,0,100,39.00,-143,4401113,-629359.16,4,fused
521141,000000521141.jpg,375x500,1,0.906977,1,1,TP,yolov8l_bsz4.ms,170.25,109.75,280.00,0.500,Mid (Meeting),4.15,15.95,289.76,3989.00,11499.37,643.09,,0,100,39.00,-238,4397624,-1046634.51,4,fused
504389,000000504389.jpg,500x320,1,0.906962,1,1,TP,yolov8l_bsz4.ms,170.25,109.75,280.00,0.500,Mid (Meeting),4.15,15.95,289.76,3989.00,11499.37,643.09,,0,100,39.00,-238,4397624,-1046634.51,4,fused
157928,000000157928.jpg,640x480,1,0.906321,1,1,TP,yolov8l_bsz4.ms,170.25,109.75,280.00,0.500,Mid (Meeting),4.15,15.95,289.76,3989.00,11499.37,643.09,,0,100,39.00,-238,4397624,-1046634.51,4,fused
560880,000000560880.jpg,640x508,1,0.905989,1,1,TP,yolov8l_bsz4.ms,170.25,109.75,280.00,0.500,Mid (Meeting),4.15,15.95,289.76,3989.00,11499.37,643.09,,0,100,39.00,-238,4397624,-1046634.51,4,fused
89296,000000089296.jpg,640x426,1,0.905726,1,1,TP,yolov8l_bsz4.ms,169.75,112.75,282.50,0.500,Mid (Meeting),6.69,21.15,365.09,3913.00,11499.37,566.65,,0,100,39.00,-156,4400434,-686467.70,4,fused
481386,000000481386.jpg,427x640,1,0.905650,1,1,TP,yolov8l_bsz4.ms,169.75,112.75,282.50,0.500,Mid (Meeting),6.69,21.15,365.09,3913.00,11499.37,566.65,,0,100,39.00,-156,4400434,-686467.70,4,fused
121591,000000121591.jpg,500x400,1,0.905012,1,1,TP,yolov8l_bsz4.ms,169.75,112.75,282.50,0.500,Mid (Meeting),6.69,21.15,365.09,3913.00,11499.37,566.65,,0,100,39.00,-156,4400434,-686467.70,4,fused
235836,000000235836.jpg,427x640,1,0.904961,1,1,TP,yolov8l_bsz4.ms,169.75,112.75,282.50,0.500,Mid (Meeting),6.69,21.15,365.09,3913.00,11499.37,566.65,,0,100,39.00,-156,4400434,-686467.70,4,fused
61418,000000061418.jpg,640x458,1,0.904840,1,1,TP,yolov8l_bsz4.ms,170.75,79.25,250.00,0.500,Mid (Meeting),4.92,21.15,365.02,3913.00,11499.37,564.75,,0,100,39.00,-279,4396354,-1226582.77,4,fused
425702,000000425702.jpg,640x316,1,0.904502,1,1,TP,yolov8l_bsz4.ms,170.75,79.25,250.00,0.500,Mid (Meeting),4.92,21.15,365.02,3913.00,11499.37,564.75,,0,100,39.00,-279,4396354,-1226582.77,4,fused
324158,000000324158.jpg,500x334,1,0.904414,1,1,TP,yolov8l_bsz4.ms,170.75,79.25,250.00,0.500,Mid (Meeting),4.92,21.15,365.02,3913.00,11499.37,564.75,,0,100,39.00,-279,4396354,-1226582.77,4,fused
213086,000000213086.jpg,375x500,1,0.904268,1,1,TP,yolov8l_bsz4.ms,170.75,79.25,250.00,0.500,Mid (Meeting),4.92,21.15,365.02,3913.00,11499.37,564.75,,0,100,39.00,-279,4396354,-1226582.77,4,fused
155451,000000155451.jpg,640x480,1,0.904186,0,0,FP,yolov8l_bsz4.ms,169.75,95.00,264.75,0.500,Mid (Meeting),4.48,17.51,344.46,3933.00,11499.37,584.45,,0,100,39.00,-229,4397935,-1007127.11,4,fused
137727,000000137727.jpg,640x359,1,0.904037,1,1,TP,yolov8l_bsz4.ms,169.75,95.00,264.75,0.500,Mid (Meeting),4.48,17.51,344.46,3933.00,11499.37,584.45,,0,100,39.00,-229,4397935,-1007127.11,4,fused
433515,000000433515.jpg,640x480,1,0.903670,1,1,TP,yolov8l_bsz4.ms,169.75,95.00,264.75,0.500,Mid (Meeting),4.48,17.51,344.46,3933.00,11499.37,584.45,,0,100,39.00,-229,4397935,-1007127.11,4,fused
262587,000000262587.jpg,640x480,1,0.903136,1,1,TP,yolov8l_bsz4.ms,169.75,95.00,264.75,0.500,Mid (Meeting),4.48,17.51,344.46,3933.00,11499.37,584.45,,0,100,39.00,-229,4397935,-1007127.11,4,fused
17899,000000017899.jpg,480x640,1,0.902843,1,1,TP,yolov8l_bsz4.ms,170.00,103.75,273.75,0.500,Mid (Meeting),4.34,17.51,289.78,3987.00,11499.37,638.37,,0,100,39.00,-255,4396726,-1121165.13,4,fused
511384,000000511384.jpg,428x640,1,0.902662,1,1,TP,yolov8l_bsz4.ms,170.00,103.75,273.75,0.500,Mid (Meeting),4.34,17.51,289.78,3987.00,11499.37,638.37,,0,100,39.00,-255,4396726,-1121165.13,4,fused
430961,000000430961.jpg,450x319,1,0.902209,1,1,TP,yolov8l_bsz4.ms,170.00,103.75,273.75,0.500,Mid (Meeting),4.34,17.51,289.78,3987.00,11499.37,638.37,,0,100,39.00,-255,4396726,-1121165.13,4,fused
372317,000000372317.jpg,640x428,1,0.902194,0,0,FP,yolov8l_bsz4.ms,170.00,103.75,273.75,0.500,Mid (Meeting),4.34,17.51,289.78,3987.00,11499.37,638.37,,0,100,39.00,-255,4396726,-1121165.13,4,fused
167902,000000167902.jpg,500x375,1,0.902156,0,0,FP,yolov8l_bsz4.ms,170.25,97.00,267.25,0.500,Mid (Meeting),4.20,16.14,364.17,3913.00,11499.37,563.31,,0,100,39.00,-173,4399999,-761199.83,4,fused
441468,000000441468.jpg,426x640,1,0.902152,1,1,TP,yolov8l_bsz4.ms,170.25,97.00,267.25,0.500,Mid (Meeting),4.20,16.14,364.17,3913.00,11499.37,563.31,,0,100,39.00,-173,4399999,-761199.83,4,fused
222735,000000222735.jpg,474x640,1,0.901823,1,1,TP,yolov8l_bsz4.ms,170.25,97.00,267.25,0.500,Mid (Meeting),4.20,16.14,364.17,3913.00,11499.37,563.31,,0,100,39.00,-173,4399999,-761199.83,4,fused
484415,000000484415.jpg,320x240,1,0.901397,1,1,TP,yolov8l_bsz4.ms,170.25,97.00,267.25,0.500,Mid (Meeting),4.20,16.14,364.17,3913.00,11499.37,563.31,,0,100,39.00,-173,4399999,-761199.83,4,fused
265777,000000265777.jpg,612x612,1,0.901179,1,1,TP,yolov8l_bsz4.ms,170.25,108.00,278.25,0.500,Mid (Meeting),4.19,16.14,362.71,3914.00,11499.37,563.81,,0,100,39.00,-265,4396789,-1165149.08,4,fused
171190,000000171190.jpg,640x480,1,0.900745,1,1,TP,yolov8l_bsz4.ms,170.25,108.00,278.25,0.500,Mid (Meeting),4.19,16.14,362.71,3914.00,11499.37,563.81,,0,100,39.00,-265,4396789,-1165149.08,4,fused
565778,000000565778.jpg,640x400,1,0.900420,1,1,TP,yolov8l_bsz4.ms,170.25,108.00,278.25,0.500,Mid (Meeting),4.19,16.14,362.71,3914.00,11499.37,563.81,,0,100,39.00,-265,4396789,-1165149.08,4,fused
375015,000000375015.jpg,640x404,1,0.900082,0,0,FP,yolov8l_bsz4.ms,170.25,108.00,278.25,0.500,Mid (Meeting),4.19,16.14,362.71,3914.00,11499.37,563.81,,0,100,39.00,-265,4396789,-1165149.08,4,fused
504415,000000504415.jpg,640x427,1,0.899703,1,1,TP,yolov8l_bsz4.ms,169.75,109.00,278.75,0.500,Mid (Meeting),4.20,15.60,344.46,3932.00,11499.37,581.45,,0,100,39.00,-233,4397682,-1024659.91,4,fused
334555,000000334555.jpg,640x426,1,0.899702,1,1,TP,yolov8l_bsz4.ms,169.75,109.00,278.75,0.500,Mid (Meeting),4.20,15.60,344.46,3932.00,11499.37,581.45,,0,100,39.00,-233,4397682,-1024659.91,4,fused
341828,000000341828.jpg,612x612,1,0.899686,1,1,TP,yolov8l_bsz4.ms,169.75,109.00,278.75,0.500,Mid (Meeting),4.20,15.60,344.46,3932.00,11499.37,581.45,,0,100,39.00,-233,4397682,-1024659.91,4,fused
286849,000000286849.jpg,333x500,1,0.899620,0,0,FP,yolov8l_bsz4.ms,169.75,109.00,278.75,0.500,Mid (Meeting),4.20,15.60,344.46,3932.00,11499.37,581.45,,0,100,39.00,-233,4397682,-1024659.91,4,fused
169169,000000169169.jpg,640x480,1,0.899350,1,1,TP,yolov8l_bsz4.ms,176.50,116.00,292.50,0.500,Mid (Meeting),4.16,15.60,290.82,3978.00,11499.37,624.88,,0,100,39.00,-492,4388146,-2158967.83,4,fused
17959,000000017959.jpg,640x427,1,0.898992,1,1,TP,yolov8l_bsz4.ms,176.50,116.00,292.50,0.500,Mid (Meeting),4.16,15.60,290.82,3978.00,11499.37,624.88,,0,100,39.00,-492,4388146,-2158967.83,4,fused
455157,000000455157.jpg,640x640,1,0.898965,1,1,TP,yolov8l_bsz4.ms,176.50,116.00,292.50,0.500,Mid (Meeting),4.16,15.60,290.82,3978.00,11499.37,624.88,,0,100,39.00,-492,4388146,-2158967.83,4,fused
439623,000000439623.jpg,480x640,1,0.898682,0,0,FP,yolov8l_bsz4.ms,176.50,116.00,292.50,0.500,Mid (Meeting),4.16,15.60,290.82,3978.00,11499.37,624.88,,0,100,39.00,-492,4388146,-2158967.83,4,fused
256195,000000256195.jpg,640x427,1,0.898605,0,0,FP,yolov8l_bsz4.ms,173.50,110.00,283.50,0.500,Mid (Meeting),4.08,16.96,369.35,3869.00,11499.37,541.38,,0,100,39.00,-138,4400454,-607262.65,4,fused
108244,000000108244.jpg,640x480,1,0.898514,0,0,FP,yolov8l_bsz4.ms,173.50,110.00,283.50,0.500,Mid (Meeting),4.08,16.96,369.35,3869.00,11499.37,541.38,,0,100,39.00,-138,4400454,-607262.65,4,fused
246454,000000246454.jpg,640x640,1,0.898505,1,1,TP,yolov8l_bsz4.ms,173.50,110.00,283.50,0.500,Mid (Meeting),4.08,16.96,369.35,3869.00,11499.37,541.38,,0,100,39.00,-138,4400454,-607262.65,4,fused
76416,000000076416.jpg,640x480,1,0.898218,1,1,TP,yolov8l_bsz4.ms,173.50,110.00,283.50,0.500,Mid (Meeting),4.08,16.96,369.35,3869.00,11499.37,541.38,,0,100,39.00,-138,4400454,-607262.65,4,fused
390826,000000390826.jpg,640x480,1,0.897907,1,1,TP,yolov8l_bsz4.ms,173.00,106.00,279.00,0.500,Mid (Meeting),4.32,16.96,363.61,3861.00,11499.37,531.72,,0,100,39.00,-184,4399129,-809439.74,4,fused
506004,000000506004.jpg,640x439,1,0.897858,0,0,FP,yolov8l_bsz4.ms,173.00,106.00,279.00,0.500,Mid (Meeting),4.32,16.96,363.61,3861.00,11499.37,531.72,,0,100,39.00,-184,4399129,-809439.74,4,fused
403584,000000403584.jpg,640x640,1,0.897549,1,1,TP,yolov8l_bsz4.ms,173.00,106.00,279.00,0.500,Mid (Meeting),4.32,16.96,363.61,3861.00,11499.37,531.72,,0,100,39.00,-184,4399129,-809439.74,4,fused
361142,000000361142.jpg,463x640,1,0.897268,1,1,TP,yolov8l_bsz4.ms,173.00,106.00,279.00,0.500,Mid (Meeting),4.32,16.96,363.61,3861.00,11499.37,531.72,,0,100,39.00,-184,4399129,-809439.74,4,fused
410221,000000410221.jpg,622x640,1,0.896980,0,0,FP,yolov8l_bsz4.ms,171.00,108.75,279.75,0.500,Mid (Meeting),4.16,21.79,343.38,3902.00,11499.37,572.74,,0,100,39.00,-220,4397836,-967523.92,4,fused
49060,000000049060.jpg,640x411,1,0.896374,1,1,TP,yolov8l_bsz4.ms,171.00,108.75,279.75,0.500,Mid (Meeting),4.16,21.79,343.38,3902.00,11499.37,572.74,,0,100,39.00,-220,4397836,-967523.92,4,fused
31620,000000031620.jpg,480x640,1,0.895868,1,1,TP,yolov8l_bsz4.ms,171.00,108.75,279.75,0.500,Mid (Meeting),4.16,21.79,343.38,3902.00,11499.37,572.74,,0,100,39.00,-220,4397836,-967523.92,4,fused
285349,000000285349.jpg,500x375,1,0.895837,0,0,FP,yolov8l_bsz4.ms,171.00,108.75,279.75,0.500,Mid (Meeting),4.16,21.79,343.38,3902.00,11499.37,572.74,,0,100,39.00,-220,4397836,-967523.92,4,fused
410878,000000410878.jpg,640x427,1,0.895654,0,0,FP,yolov8l_bsz4.ms,170.50,110.75,281.25,0.500,Mid (Meeting),4.24,21.79,288.65,3977.00,11499.37,646.80,,0,100,39.00,-305,4394835,-1340424.68,4,fused
428454,000000428454.jpg,500x333,1,0.895119,1,1,TP,yolov8l_bsz4.ms,170.50,110.75,281.25,0.500,Mid (Meeting),4.24,21.79,288.65,3977.00,11499.37,646.80,,0,100,39.00,-305,4394835,-1340424.68,4,fused
484978,000000484978.jpg,640x491,1,0.894994,1,1,TP,yolov8l_bsz4.ms,170.50,110.75,281.25,0.500,Mid (Meeting),4.24,21.79,288.65,3977.00,11499.37,646.80,,0,100,39.00,-305,4394835,-1340424.68,4,fused
297830,000000297830.jpg,512x640,1,0.894381,0,0,FP,yolov8l_bsz4.ms,170.50,110.75,281.25,0.500,Mid (Meeting),4.24,21.79,288.65,3977.00,11499.37,646.80,,0,100,39.00,-305,4394835,-1340424.68,4,fused
174123,000000174123.jpg,500x399,1,0.894000,1,1,TP,yolov8l_bsz4.ms,169.50,107.25,276.75,0.500,Mid (Meeting),4.07,17.81,366.16,3901.00,11499.37,569.06,,0,100,39.00,-246,4396704,-1081589.18,4,fused
426268,000000426268.jpg,640x427,1,0.893870,1,1,TP,yolov8l_bsz4.ms,169.50,107.25,276.75,0.500,Mid (Meeting),4.07,17.81,366.16,3901.00,11499.37,569.06,,0,100,39.00,-246,4396704,-1081589.18,4,fused
341196,000000341196.jpg,640x451,1,0.893830,1,1,TP,yolov8l_bsz4.ms,169.50,107.25,276.75,0.500,Mid (Meeting),4.07,17.81,366.16,3901.00,11499.37,569.06,,0,100,39.00,-246,4396704,-1081589.18,4,fused
113235,000000113235.jpg,640x480,1,0.893746,1,1,TP,yolov8l_bsz4.ms,169.50,107.25,276.75,0.500,Mid (Meeting),4.07,17.81,366.16,3901.00,11499.37,569.06,,0,100,39.00,-246,4396704,-1081589.18,4,fused
442480,000000442480.jpg,640x425,1,0.893736,1,1,TP,yolov8l_bsz4.ms,170.50,109.50,280.00,0.500,Mid (Meeting),4.06,17.81,364.17,3903.00,11499.37,569.32,,0,100,39.00,-178,4399134,-783045.85,4,fused
213224,000000213224.jpg,427x640,1,0.893733,0,0,FP,yolov8l_bsz4.ms,170.50,109.50,280.00,0.500,Mid (Meeting),4.06,17.81,364.17,3903.00,11499.37,569.32,,0,100,39.00,-178,4399134,-783045.85,4,fused
284279,000000284279.jpg,640x512,1,0.893631,0,0,FP,yolov8l_bsz4.ms,170.50,109.50,280.00,0.500,Mid (Meeting),4.06,17.81,364.17,3903.00,11499.37,569.32,,0,100,39.00,-178,4399134,-783045.85,4,fused
389451,000000389451.jpg,640x479,1,0.893407,1,1,TP,yolov8l_bsz4.ms,170.50,109.50,280.00,0.500,Mid (Meeting),4.06,17.81,364.17,3903.00,11499.37,569.32,,0,100,39.00,-178,4399134,-783045.85,4,fused
462643,000000462643.jpg,425x640,1,0.893280,1,1,TP,yolov8l_bsz4.ms,170.25,92.25,262.50,0.500,Mid (Meeting),4.09,16.81,343.82,3923.00,11499.37,589.09,,0,100,39.00,-202,4398353,-888467.31,4,fused
51938,000000051938.jpg,640x480,1,0.893186,1,1,TP,yolov8l_bsz4.ms,170.25,92.25,262.50,0.500,Mid (Meeting),4.09,16.81,343.82,3923.00,11499.37,589.09,,0,100,39.00,-202,4398353,-888467.31,4,fused
288042,000000288042.jpg,640x480,1,0.893177,1,1,TP,yolov8l_bsz4.ms,170.25,92.25,262.50,0.500,Mid (Meeting),4.09,16.81,343.82,3923.00,11499.37,589.09,,0,100,39.00,-202,4398353,-888467.31,4,fused
176901,000000176901.jpg,640x359,1,0.891901,1,1,TP,yolov8l_bsz4.ms,170.25,92.25,262.50,0.500,Mid (Meeting),4.09,16.81,343.82,3923.00,11499.37,589.09,,0,100,39.00,-202,4398353,-888467.31,4,fused
365095,000000365095.jpg,640x427,1,0.891792,1,1,TP,yolov8l_bsz4.ms,170.25,107.75,278.00,0.500,Mid (Meeting),4.09,16.81,288.50,3978.00,11499.37,643.73,,0,100,39.00,-233,4397366,-1024586.28,4,fused
503755,000000503755.jpg,480x640,1,0.891480,1,1,TP,yolov8l_bsz4.ms,170.25,107.75,278.00,0.500,Mid (Meeting),4.09,16.81,288.50,3978.00,11499.37,643.73,,0,100,39.00,-233,4397366,-1024586.28,4,fused
54605,000000054605.jpg,612x612,1,0.891335,1,1,TP,yolov8l_bsz4.ms,170.25,107.75,278.00,0.500,Mid (Meeting),4.09,16.81,288.50,3978.00,11499.37,643.73,,0,100,39.00,-233,4397366,-1024586.28,4,fused
261161,000000261161.jpg,640x426,1,0.890096,0,0,FP,yolov8l_bsz4.ms,170.25,107.75,278.00,0.500,Mid (Meeting),4.09,16.81,288.50,3978.00,11499.37,643.73,,0,100,39.00,-233,4397366,-1024586.28,4,fused
505942,000000505942.jpg,500x375,1,0.889987,1,1,TP,yolov8l_bsz4.ms,170.75,107.50,278.25,0.500,Mid (Meeting),4.04,16.09,365.72,3901.00,11499.37,566.11,,0,100,39.00,-149,4400345,-655651.41,4,fused
344268,000000344268.jpg,640x512,1,0.889794,1,1,TP,yolov8l_bsz4.ms,170.75,107.50,278.25,0.500,Mid (Meeting),4.04,16.09,365.72,3901.00,11499.37,566.11,,0,100,39.00,-149,4400345,-655651.41,4,fused
360097,000000360097.jpg,500x333,1,0.889713,1,1,TP,yolov8l_bsz4.ms,170.75,107.50,278.25,0.500,Mid (Meeting),4.04,16.09,365.72,3901.00,11499.37,566.11,,0,100,39.00,-149,4400345,-655651.41,4,fused
445602,000000445602.jpg,640x480,1,0.889563,1,1,TP,yolov8l_bsz4.ms,170.75,107.50,278.25,0.500,Mid (Meeting),4.04,16.09,365.72,3901.00,11499.37,566.11,,0,100,39.00,-149,4400345,-655651.41,4,fused
338625,000000338625.jpg,640x480,1,0.889511,1,1,TP,yolov8l_bsz4.ms,170.50,105.00,275.50,0.500,Mid (Meeting),8.20,16.09,365.53,3901.00,11499.37,564.81,,0,100,39.00,-180,4399395,-791891.10,4,fused
171298,000000171298.jpg,640x480,1,0.889085,0,0,FP,yolov8l_bsz4.ms,170.50,105.00,275.50,0.500,Mid (Meeting),8.20,16.09,365.53,3901.00,11499.37,564.81,,0,100,39.00,-180,4399395,-791891.10,4,fused
9378,000000009378.jpg,600x400,1,0.889046,1,1,TP,yolov8l_bsz4.ms,170.50,105.00,275.50,0.500,Mid (Meeting),8.20,16.09,365.53,3901.00,11499.37,564.81,,0,100,39.00,-180,4399395,-791891.10,4,fused
454661,000000454661.jpg,640x427,1,0.888877,0,0,FP,yolov8l_bsz4.ms,170.50,105.00,275.50,0.500,Mid (Meeting),8.20,16.09,365.53,3901.00,11499.37,564.81,,0,100,39.00,-180,4399395,-791891.10,4,fused
49810,000000049810.jpg,640x424,1,0.888510,0,0,FP,yolov8l_bsz4.ms,169.75,102.00,271.75,0.500,Mid (Meeting),4.87,17.05,288.73,3977.00,11499.37,640.18,,0,100,39.00,-204,4398630,-897320.52,4,fused
472623,000000472623.jpg,425x640,1,0.888320,1,1,TP,yolov8l_bsz4.ms,169.75,102.00,271.75,0.500,Mid (Meeting),4.87,17.05,288.73,3977.00,11499.37,640.18,,0,100,39.00,-204,4398630,-897320.52,4,fused
574315,000000574315.jpg,640x480,1,0.887931,1,1,TP,yolov8l_bsz4.ms,169.75,102.00,271.75,0.500,Mid (Meeting),4.87,17.05,288.73,3977.00,11499.37,640.18,,0,100,39.00,-204,4398630,-897320.52,4,fused
377588,000000377588.jpg,640x427,1,0.887894,1,1,TP,yolov8l_bsz4.ms,169.75,102.00,271.75,0.500,Mid (Meeting),4.87,17.05,288.73,3977.00,11499.37,640.18,,0,100,39.00,-204,4398630,-897320.52,4,fused
29393,000000029393.jpg,500x375,1,0.887777,0,0,FP,yolov8l_bsz4.ms,169.25,106.50,275.75,0.500,Mid (Meeting),4.43,17.05,365.22,3900.00,11499.37,561.95,,0,100,39.00,-230,4397242,-1011365.66,4,fused
312237,000000312237.jpg,500x334,1,0.887744,1,1,TP,yolov8l_bsz4.ms,169.25,106.50,275.75,0.500,Mid (Meeting),4.43,17.05,365.22,3900.00,11499.37,561.95,,0,100,39.00,-230,4397242,-1011365.66,4,fused
392722,000000392722.jpg,640x423,1,0.887708,1,1,TP,yolov8l_bsz4.ms,169.25,106.50,275.75,0.500,Mid (Meeting),4.43,17.05,365.22,3900.00,11499.37,561.95,,0,100,39.00,-230,4397242,-1011365.66,4,fused
249129,000000249129.jpg,640x427,1,0.887341,0,0,FP,yolov8l_bsz4.ms,169.25,106.50,275.75,0.500,Mid (Meeting),4.43,17.05,365.22,3900.00,11499.37,561.95,,0,100,39.00,-230,4397242,-1011365.66,4,fused
66135,000000066135.jpg,500x380,1,0.887339,0,0,FP,yolov8l_bsz4.ms,171.00,107.00,278.00,0.500,Mid (Meeting),4.30,15.81,364.12,3902.00,11499.37,562.39,,0,100,39.00,-318,4394779,-1397539.72,4,fused
117525,000000117525.jpg,500x500,1,0.886931,1,1,TP,yolov8l_bsz4.ms,171.00,107.00,278.00,0.500,Mid (Meeting),4.30,15.81,364.12,3902.00,11499.37,562.39,,0,100,39.00,-318,4394779,-1397539.72,4,fused
144333,000000144333.jpg,426x640,1,0.886767,1,1,TP,yolov8l_bsz4.ms,171.00,107.00,278.00,0.500,Mid (Meeting),4.30,15.81,364.12,3902.00,11499.37,562.39,,0,100,39.00,-318,4394779,-1397539.72,4,fused
387916,000000387916.jpg,640x423,1,0.886360,1,1,TP,yolov8l_bsz4.ms,171.00,107.00,278.00,0.500,Mid (Meeting),4.30,15.81,364.12,3902.00,11499.37,562.39,,0,100,39.00,-318,4394779,-1397539.72,4,fused
212166,000000212166.jpg,612x612,1,0.885927,1,1,TP,yolov8l_bsz4.ms,170.00,109.00,279.00,0.500,Mid (Meeting),4.28,15.81,342.56,3923.00,11499.37,583.17,,0,100,39.00,-253,4396912,-1112418.74,4,fused
50145,000000050145.jpg,480x320,1,0.885380,1,1,TP,yolov8l_bsz4.ms,170.00,109.00,279.00,0.500,Mid (Meeting),4.28,15.81,342.56,3923.00,11499.37,583.17,,0,100,39.00,-253,4396912,-1112418.74,4,fused
167067,000000167067.jpg,375x500,1,0.885143,1,1,TP,yolov8l_bsz4.ms,170.00,109.00,279.00,0.500,Mid (Meeting),4.28,15.81,342.56,3923.00,11499.37,583.17,,0,100,39.00,-253,4396912,-1112418.74,4,fused
427997,000000427997.jpg,640x428,1,0.885139,1,1,TP,yolov8l_bsz4.ms,170.00,109.00,279.00,0.500,Mid (Meeting),4.28,15.81,342.56,3923.00,11499.37,583.17,,0,100,39.00,-253,4396912,-1112418.74,4,fused
439525,000000439525.jpg,453x640,1,0.884982,1,1,TP,yolov8l_bsz4.ms,170.25,98.25,268.50,0.500,Mid (Meeting),4.24,15.70,288.46,3977.00,11499.37,636.58,,0,100,39.00,-313,4394710,-1375544.23,4,fused
450202,000000450202.jpg,375x500,1,0.884839,1,1,TP,yolov8l_bsz4.ms,170.25,98.25,268.50,0.500,Mid (Meeting),4.24,15.70,288.46,3977.00,11499.37,636.58,,0,100,39.00,-313,4394710,-1375544.23,4,fused
199310,000000199310.jpg,427x640,1,0.884548,1,1,TP,yolov8l_bsz4.ms,170.25,98.25,268.50,0.500,Mid (Meeting),4.24,15.70,288.46,3977.00,11499.37,636.58,,0,100,39.00,-313,4394710,-1375544.23,4,fused
284991,000000284991.jpg,640x428,1,0.884145,1,1,TP,yolov8l_bsz4.ms,170.25,98.25,268.50,0.500,Mid (Meeting),4.24,15.70,288.46,3977.00,11499.37,636.58,,0,100,39.00,-313,4394710,-1375544.23,4,fused
281929,000000281929.jpg,640x504,1,0.884079,1,1,TP,yolov8l_bsz4.ms,170.50,101.00,271.50,0.500,Mid (Meeting),4.16,15.70,365.56,3900.00,11499.37,558.48,,0,100,39.00,-137,4400847,-602916.04,4,fused
181421,000000181421.jpg,640x446,1,0.883998,1,1,TP,yolov8l_bsz4.ms,170.50,101.00,271.50,0.500,Mid (Meeting),4.16,15.70,365.56,3900.00,11499.37,558.48,,0,100,39.00,-137,4400847,-602916.04,4,fused
493566,000000493566.jpg,640x264,1,0.883644,0,0,FP,yolov8l_bsz4.ms,170.50,101.00,271.50,0.500,Mid (Meeting),4.16,15.70,365.56,3900.00,11499.37,558.48,,0,100,39.00,-137,4400847,-602916.04,4,fused
192964,000000192964.jpg,428x640,1,0.883586,1,1,TP,yolov8l_bsz4.ms,170.50,101.00,271.50,0.500,Mid (Meeting),4.16,15.70,365.56,3900.00,11499.37,558.48,,0,100,39.00,-137,4400847,-602916.04,4,fused
516173,000000516173.jpg,408x640,1,0.883445,1,1,TP,yolov8l_bsz4.ms,171.00,97.00,268.00,0.500,Mid (Meeting),4.16,15.47,362.82,3903.00,11499.37,560.32,,0,100,39.00,-172,4399547,-756722.08,4,fused
311303,000000311303.jpg,640x427,1,0.883340,1,1,TP,yolov8l_bsz4.ms,171.00,97.00,268.00,0.500,Mid (Meeting),4.16,15.47,362.82,3903.00,11499.37,560.32,,0,100,39.00,-172,4399547,-756722.08,4,fused
508917,000000508917.jpg,640x370,1,0.883182,1,1,TP,yolov8l_bsz4.ms,171.00,97.00,268.00,0.500,Mid (Meeting),4.16,15.47,362.82,3903.00,11499.37,560.32,,0,100,39.00,-172,4399547,-756722.08,4,fused
396338,000000396338.jpg,640x427,1,0.883128,1,1,TP,yolov8l_bsz4.ms,171.00,97.00,268.00,0.500,Mid (Meeting),4.16,15.47,362.82,3903.00,11499.37,560.32,,0,100,39.00,-172,4399547,-756722.08,4,fused
497867,000000497867.jpg,640x408,1,0.882404,1,1,TP,yolov8l_bsz4.ms,169.75,102.50,272.25,0.500,Mid (Meeting),4.14,15.47,343.04,3922.00,11499.37,578.34,,0,100,39.00,-200,4398438,-879687.60,4,fused
149375,000000149375.jpg,640x485,1,0.882307,1,1,TP,yolov8l_bsz4.ms,169.75,102.50,272.25,0.500,Mid (Meeting),4.14,15.47,343.04,3922.00,11499.37,578.34,,0,100,39.00,-200,4398438,-879687.60,4,fused
309655,000000309655.jpg,640x480,1,0.882266,1,1,TP,yolov8l_bsz4.ms,169.75,102.50,272.25,0.500,Mid (Meeting),4.14,15.47,343.04,3922.00,11499.37,578.34,,0,100,39.00,-200,4398438,-879687.60,4,fused
266400,000000266400.jpg,640x396,1,0.881668,1,1,TP,yolov8l_bsz4.ms,169.75,102.50,272.25,0.500,Mid (Meeting),4.14,15.47,343.04,3922.00,11499.37,578.34,,0,100,39.00,-200,4398438,-879687.60,4,fused
20571,000000020571.jpg,539x640,1,0.881429,1,1,TP,yolov8l_bsz4.ms,170.00,106.00,276.00,0.500,Mid (Meeting),6.06,11.17,288.39,3976.00,11499.37,631.59,,0,100,39.00,-137,4400787,-602907.82,4,fused
200961,000000200961.jpg,640x427,1,0.881340,1,1,TP,yolov8l_bsz4.ms,170.00,106.00,276.00,0.500,Mid (Meeting),6.06,11.17,288.39,3976.00,11499.37,631.59,,0,100,39.00,-137,4400787,-602907.82,4,fused
500716,000000500716.jpg,445x500,1,0.881201,1,1,TP,yolov8l_bsz4.ms,170.00,106.00,276.00,0.500,Mid (Meeting),6.06,11.17,288.39,3976.00,11499.37,631.59,,0,100,39.00,-137,4400787,-602907.82,4,fused
257865,000000257865.jpg,640x426,1,0.881197,1,1,TP,yolov8l_bsz4.ms,170.00,106.00,276.00,0.500,Mid (Meeting),6.06,11.17,288.39,3976.00,11499.37,631.59,,0,100,39.00,-137,4400787,-602907.82,4,fused
3156,000000003156.jpg,443x640,1,0.881112,1,1,TP,yolov8l_bsz4.ms,170.25,98.25,268.50,0.500,Mid (Meeting),4.73,11.17,366.64,3897.00,11499.37,552.63,,0,100,39.00,-183,4399240,-805060.92,4,fused
477689,000000477689.jpg,459x640,1,0.880966,1,1,TP,yolov8l_bsz4.ms,170.25,98.25,268.50,0.500,Mid (Meeting),4.73,11.17,366.64,3897.00,11499.37,552.63,,0,100,39.00,-183,4399240,-805060.92,4,fused
9769,000000009769.jpg,640x480,1,0.880367,1,1,TP,yolov8l_bsz4.ms,170.25,98.25,268.50,0.500,Mid (Meeting),4.73,11.17,366.64,3897.00,11499.37,552.63,,0,100,39.00,-183,4399240,-805060.92,4,fused
389532,000000389532.jpg,640x421,1,0.880350,1,1,TP,yolov8l_bsz4.ms,170.25,98.25,268.50,0.500,Mid (Meeting),4.73,11.17,366.64,3897.00,11499.37,552.63,,0,100,39.00,-183,4399240,-805060.92,4,fused
427077,000000427077.jpg,344x500,1,0.880014,1,1,TP,yolov8l_bsz4.ms,170.50,105.25,275.75,0.500,Mid (Meeting),4.40,15.08,365.13,3899.00,11499.37,552.96,,0,100,39.00,-253,4396862,-1112406.09,4,fused
213033,000000213033.jpg,480x640,1,0.879918,1,1,TP,yolov8l_bsz4.ms,170.50,105.25,275.75,0.500,Mid (Meeting),4.40,15.08,365.13,3899.00,11499.37,552.96,,0,100,39.00,-253,4396862,-1112406.09,4,fused
462904,000000462904.jpg,640x480,1,0.879905,1,1,TP,yolov8l_bsz4.ms,170.50,105.25,275.75,0.500,Mid (Meeting),4.40,15.08,365.13,3899.00,11499.37,552.96,,0,100,39.00,-253,4396862,-1112406.09,4,fused
51976,000000051976.jpg,640x428,1,0.879657,1,1,TP,yolov8l_bsz4.ms,170.50,105.25,275.75,0.500,Mid (Meeting),4.40,15.08,365.13,3899.00,11499.37,552.96,,0,100,39.00,-253,4396862,-1112406.09,4,fused
88250,000000088250.jpg,640x426,1,0.878813,0,0,FP,yolov8l_bsz4.ms,169.75,111.00,280.75,0.500,Mid (Meeting),4.42,15.08,343.67,3920.00,11499.37,573.31,,0,100,39.00,-254,4396867,-1116804.22,4,fused
376625,000000376625.jpg,640x427,1,0.878753,1,1,TP,yolov8l_bsz4.ms,169.75,111.00,280.75,0.500,Mid (Meeting),4.42,15.08,343.67,3920.00,11499.37,573.31,,0,100,39.00,-254,4396867,-1116804.22,4,fused
131444,000000131444.jpg,480x640,1,0.878702,1,1,TP,yolov8l_bsz4.ms,169.75,111.00,280.75,0.500,Mid (Meeting),4.42,15.08,343.67,3920.00,11499.37,573.31,,0,100,39.00,-254,4396867,-1116804.22,4,fused
202001,000000202001.jpg,500x461,1,0.878366,1,1,TP,yolov8l_bsz4.ms,169.75,111.00,280.75,0.500,Mid (Meeting),4.42,15.08,343.67,3920.00,11499.37,573.31,,0,100,39.00,-254,4396867,-1116804.22,4,fused
133645,000000133645.jpg,640x427,1,0.877934,0,0,FP,yolov8l_bsz4.ms,169.75,105.00,274.75,0.500,Mid (Meeting),4.32,15.74,289.53,3974.00,11499.37,626.59,,0,100,39.00,-188,4399386,-827084.57,4,fused
357888,000000357888.jpg,640x480,1,0.877666,1,1,TP,yolov8l_bsz4.ms,169.75,105.00,274.75,0.500,Mid (Meeting),4.32,15.74,289.53,3974.00,11499.37,626.59,,0,100,39.00,-188,4399386,-827084.57,4,fused
79588,000000079588.jpg,640x480,1,0.877429,1,1,TP,yolov8l_bsz4.ms,169.75,105.00,274.75,0.500,Mid (Meeting),4.32,15.74,289.53,3974.00,11499.37,626.59,,0,100,39.00,-188,4399386,-827084.57,4,fused
213605,000000213605.jpg,480x640,1,0.877235,1,1,TP,yolov8l_bsz4.ms,169.75,105.00,274.75,0.500,Mid (Meeting),4.32,15.74,289.53,3974.00,11499.37,626.59,,0,100,39.00,-188,4399386,-827084.57,4,fused
554266,000000554266.jpg,640x253,1,0.877015,1,1,TP,yolov8l_bsz4.ms,169.75,86.75,256.50,0.500,Mid (Meeting),4.16,15.74,366.20,3897.00,11499.37,548.36,,0,100,39.00,-157,4400139,-690821.82,4,fused
84492,000000084492.jpg,426x640,1,0.876756,1,1,TP,yolov8l_bsz4.ms,169.75,86.75,256.50,0.500,Mid (Meeting),4.16,15.74,366.20,3897.00,11499.37,548.36,,0,100,39.00,-157,4400139,-690821.82,4,fused
8844,000000008844.jpg,640x426,1,0.876680,1,1,TP,yolov8l_bsz4.ms,169.75,86.75,256.50,0.500,Mid (Meeting),4.16,15.74,366.20,3897.00,11499.37,548.36,,0,100,39.00,-157,4400139,-690821.82,4,fused
378454,000000378454.jpg,427x640,1,0.876611,1,1,TP,yolov8l_bsz4.ms,169.75,86.75,256.50,0.500,Mid (Meeting),4.16,15.74,366.20,3897.00,11499.37,548.36,,0,100,39.00,-157,4400139,-690821.82,4,fused
515077,000000515077.jpg,640x479,1,0.876334,1,1,TP,yolov8l_bsz4.ms,171.50,100.00,271.50,0.500,Mid (Meeting),4.15,15.42,365.99,3897.00,11499.37,547.42,,0,100,39.00,-145,4400723,-638104.83,4,fused
335177,000000335177.jpg,640x479,1,0.875864,0,0,FP,yolov8l_bsz4.ms,171.50,100.00,271.50,0.500,Mid (Meeting),4.15,15.42,365.99,3897.00,11499.37,547.42,,0,100,39.00,-145,4400723,-638104.83,4,fused
559513,000000559513.jpg,640x421,1,0.875495,0,0,FP,yolov8l_bsz4.ms,171.50,100.00,271.50,0.500,Mid (Meeting),4.15,15.42,365.99,3897.00,11499.37,547.42,,0,100,39.00,-145,4400723,-638104.83,4,fused
475484,000000475484.jpg,426x640,1,0.875043,1,1,TP,yolov8l_bsz4.ms,171.50,100.00,271.50,0.500,Mid (Meeting),4.15,15.42,365.99,3897.00,11499.37,547.42,,0,100,39.00,-145,4400723,-638104.83,4,fused
225670,000000225670.jpg,640x427,1,0.874260,0,0,FP,yolov8l_bsz4.ms,171.75,107.00,278.75,0.500,Mid (Meeting),4.15,15.42,341.15,3920.00,11499.37,571.48,,0,100,39.00,-186,4399155,-818242.83,4,fused
222094,000000222094.jpg,500x375,1,0.874219,0,0,FP,yolov8l_bsz4.ms,171.75,107.00,278.75,0.500,Mid (Meeting),4.15,15.42,341.15,3920.00,11499.37,571.48,,0,100,39.00,-186,4399155,-818242.83,4,fused
553511,000000553511.jpg,500x333,1,0.873907,1,1,TP,yolov8l_bsz4.ms,171.75,107.00,278.75,0.500,Mid (Meeting),4.15,15.42,341.15,3920.00,11499.37,571.48,,0,100,39.00,-186,4399155,-818242.83,4,fused
186624,000000186624.jpg,640x553,1,0.873626,1,1,TP,yolov8l_bsz4.ms,171.75,107.00,278.75,0.500,Mid (Meeting),4.15,15.42,341.15,3920.00,11499.37,571.48,,0,100,39.00,-186,4399155,-818242.83,4,fused
90208,000000090208.jpg,640x429,1,0.873604,0,0,FP,yolov8l_bsz4.ms,169.75,96.75,266.50,0.500,Mid (Meeting),4.11,15.36,288.70,3973.00,11499.37,622.67,,0,100,39.00,-284,4395595,-1248348.98,4,fused
63965,000000063965.jpg,640x427,1,0.873409,1,1,TP,yolov8l_bsz4.ms,169.75,96.75,266.50,0.500,Mid (Meeting),4.11,15.36,288.70,3973.00,11499.37,622.67,,0,100,39.00,-284,4395595,-1248348.98,4,fused
169356,000000169356.jpg,640x480,1,0.872718,1,1,TP,yolov8l_bsz4.ms,169.75,96.75,266.50,0.500,Mid (Meeting),4.11,15.36,288.70,3973.00,11499.37,622.67,,0,100,39.00,-284,4395595,-1248348.98,4,fused
372349,000000372349.jpg,640x437,1,0.872710,1,1,TP,yolov8l_bsz4.ms,169.75,96.75,266.50,0.500,Mid (Meeting),4.11,15.36,288.70,3973.00,11499.37,622.67,,0,100,39.00,-284,4395595,-1248348.98,4,fused
424521,000000424521.jpg,314x500,1,0.872155,1,1,TP,yolov8l_bsz4.ms,170.50,104.75,275.25,0.500,Mid (Meeting),4.17,15.36,365.31,3896.00,11499.37,544.39,,0,100,39.00,-133,4400637,-585284.72,4,fused
429109,000000429109.jpg,640x427,1,0.871892,1,1,TP,yolov8l_bsz4.ms,170.50,104.75,275.25,0.500,Mid (Meeting),4.17,15.36,365.31,3896.00,11499.37,544.39,,0,100,39.00,-133,4400637,-585284.72,4,fused
33368,000000033368.jpg,427x640,1,0.871873,1,1,TP,yolov8l_bsz4.ms,170.50,104.75,275.25,0.500,Mid (Meeting),4.17,15.36,365.31,3896.00,11499.37,544.39,,0,100,39.00,-133,4400637,-585284.72,4,fused
308587,000000308587.jpg,480x640,1,0.871844,1,1,TP,yolov8l_bsz4.ms,170.50,104.75,275.25,0.500,Mid (Meeting),4.17,15.36,365.31,3896.00,11499.37,544.39,,0,100,39.00,-133,4400637,-585284.72,4,fused
284762,000000284762.jpg,640x426,1,0.871828,0,0,FP,yolov8l_bsz4.ms,170.75,93.00,263.75,0.500,Mid (Meeting),3.87,18.91,362.63,3898.00,11499.37,545.62,,0,100,39.00,-133,4400637,-585284.72,4,fused
523175,000000523175.jpg,500x375,1,0.870712,0,0,FP,yolov8l_bsz4.ms,170.75,93.00,263.75,0.500,Mid (Meeting),3.87,18.91,362.63,3898.00,11499.37,545.62,,0,100,39.00,-133,4400637,-585284.72,4,fused
21503,000000021503.jpg,640x480,1,0.870279,0,0,FP,yolov8l_bsz4.ms,170.75,93.00,263.75,0.500,Mid (Meeting),3.87,18.91,362.63,3898.00,11499.37,545.62,,0,100,39.00,-133,4400637,-585284.72,4,fused
248112,000000248112.jpg,640x480,1,0.870163,1,1,TP,yolov8l_bsz4.ms,170.75,93.00,263.75,0.500,Mid (Meeting),3.87,18.91,362.63,3898.00,11499.37,545.62,,0,100,39.00,-133,4400637,-585284.72,4,fused
463647,000000463647.jpg,640x480,1,0.869979,0,0,FP,yolov8l_bsz4.ms,169.50,103.50,273.00,0.500,Mid (Meeting),4.03,18.91,343.95,3917.00,11499.37,564.01,,0,100,39.00,-227,4397247,-998175.07,4,fused
190676,000000190676.jpg,640x264,1,0.869886,1,1,TP,yolov8l_bsz4.ms,169.50,103.50,273.00,0.500,Mid (Meeting),4.03,18.91,343.95,3917.00,11499.37,564.01,,0,100,39.00,-227,4397247,-998175.07,4,fused
514586,000000514586.jpg,354x500,1,0.869857,1,1,TP,yolov8l_bsz4.ms,169.50,103.50,273.00,0.500,Mid (Meeting),4.03,18.91,343.95,3917.00,11499.37,564.01,,0,100,39.00,-227,4397247,-998175.07,4,fused
210520,000000210520.jpg,612x612,1,0.869829,0,0,FP,yolov8l_bsz4.ms,169.50,103.50,273.00,0.500,Mid (Meeting),4.03,18.91,343.95,3917.00,11499.37,564.01,,0,100,39.00,-227,4397247,-998175.07,4,fused
155145,000000155145.jpg,500x375,1,0.869745,1,1,TP,yolov8l_bsz4.ms,169.00,103.50,272.50,0.500,Mid (Meeting),3.99,16.42,287.62,3973.00,11499.37,619.03,,0,100,39.00,-140,4400263,-616036.82,4,fused
74646,000000074646.jpg,480x640,1,0.869682,1,1,TP,yolov8l_bsz4.ms,169.00,103.50,272.50,0.500,Mid (Meeting),3.99,16.42,287.62,3973.00,11499.37,619.03,,0,100,39.00,-140,4400263,-616036.82,4,fused
312421,000000312421.jpg,640x427,1,0.869052,1,1,TP,yolov8l_bsz4.ms,169.00,103.50,272.50,0.500,Mid (Meeting),3.99,16.42,287.62,3973.00,11499.37,619.03,,0,100,39.00,-140,4400263,-616036.82,4,fused
139077,000000139077.jpg,500x375,1,0.868332,1,1,TP,yolov8l_bsz4.ms,169.00,103.50,272.50,0.500,Mid (Meeting),3.99,16.42,287.62,3973.00,11499.37,619.03,,0,100,39.00,-140,4400263,-616036.82,4,fused
120853,000000120853.jpg,640x428,1,0.868240,0,0,FP,yolov8l_bsz4.ms,170.25,102.25,272.50,0.500,Mid (Meeting),3.91,16.42,365.57,3895.00,11499.37,540.34,,0,100,39.00,-217,4398007,-954367.52,4,fused
439522,000000439522.jpg,428x640,1,0.867372,1,1,TP,yolov8l_bsz4.ms,170.25,102.25,272.50,0.500,Mid (Meeting),3.91,16.42,365.57,3895.00,11499.37,540.34,,0,100,39.00,-217,4398007,-954367.52,4,fused
416885,000000416885.jpg,500x375,1,0.867154,0,0,FP,yolov8l_bsz4.ms,170.25,102.25,272.50,0.500,Mid (Meeting),3.91,16.42,365.57,3895.00,11499.37,540.34,,0,100,39.00,-217,4398007,-954367.52,4,fused
520707,000000520707.jpg,640x480,1,0.866818,1,1,TP,yolov8l_bsz4.ms,170.25,102.25,272.50,0.500,Mid (Meeting),3.91,16.42,365.57,3895.00,11499.37,540.34,,0,100,39.00,-217,4398007,-954367.52,4,fused
289393,000000289393.jpg,640x480,1,0.866469,0,0,FP,yolov8l_bsz4.ms,171.25,98.75,270.00,0.500,Mid (Meeting),3.96,16.82,364.34,3896.00,11499.37,540.49,,0,100,39.00,-280,4395570,-1230759.60,4,fused
61584,000000061584.jpg,500x375,1,0.866252,1,1,TP,yolov8l_bsz4.ms,171.25,98.75,270.00,0.500,Mid (Meeting),3.96,16.82,364.34,3896.00,11499.37,540.49,,0,100,39.00,-280,4395570,-1230759.60,4,fused
226903,000000226903.jpg,640x480,1,0.865812,1,1,TP,yolov8l_bsz4.ms,171.25,98.75,270.00,0.500,Mid (Meeting),3.96,16.82,364.34,3896.00,11499.37,540.49,,0,100,39.00,-280,4395570,-1230759.60,4,fused
564336,000000564336.jpg,640x360,1,0.865648,1,1,TP,yolov8l_bsz4.ms,171.25,98.75,270.00,0.500,Mid (Meeting),3.96,16.82,364.34,3896.00,11499.37,540.49,,0,100,39.00,-280,4395570,-1230759.60,4,fused
334006,000000334006.jpg,640x426,1,0.865277,1,1,TP,yolov8l_bsz4.ms,169.50,111.50,281.00,0.500,Mid (Meeting),3.96,16.82,345.00,3915.00,11499.37,558.86,,0,100,39.00,-98,4401857,-431381.99,4,fused
78565,000000078565.jpg,640x499,1,0.865161,1,1,TP,yolov8l_bsz4.ms,169.50,111.50,281.00,0.500,Mid (Meeting),3.96,16.82,345.00,3915.00,11499.37,558.86,,0,100,39.00,-98,4401857,-431381.99,4,fused
407574,000000407574.jpg,478x640,1,0.865144,0,0,FP,yolov8l_bsz4.ms,169.50,111.50,281.00,0.500,Mid (Meeting),3.96,16.82,345.00,3915.00,11499.37,558.86,,0,100,39.00,-98,4401857,-431381.99,4,fused
551822,000000551822.jpg,640x453,1,0.864273,0,0,FP,yolov8l_bsz4.ms,169.50,111.50,281.00,0.500,Mid (Meeting),3.96,16.82,345.00,3915.00,11499.37,558.86,,0,100,39.00,-98,4401857,-431381.99,4,fused
16228,000000016228.jpg,640x440,1,0.864121,1,1,TP,yolov8l_bsz4.ms,170.00,95.50,265.50,0.500,Mid (Meeting),4.00,16.40,288.52,3971.00,11499.37,614.38,,0,100,39.00,-160,4399821,-703971.36,4,fused
171740,000000171740.jpg,640x480,1,0.864049,0,0,FP,yolov8l_bsz4.ms,170.00,95.50,265.50,0.500,Mid (Meeting),4.00,16.40,288.52,3971.00,11499.37,614.38,,0,100,39.00,-160,4399821,-703971.36,4,fused
122927,000000122927.jpg,640x361,1,0.864037,0,0,FP,yolov8l_bsz4.ms,170.00,95.50,265.50,0.500,Mid (Meeting),4.00,16.40,288.52,3971.00,11499.37,614.38,,0,100,39.00,-160,4399821,-703971.36,4,fused
253386,000000253386.jpg,500x333,1,0.863889,1,1,TP,yolov8l_bsz4.ms,170.00,95.50,265.50,0.500,Mid (Meeting),4.00,16.40,288.52,3971.00,11499.37,614.38,,0,100,39.00,-160,4399821,-703971.36,4,fused
329219,000000329219.jpg,640x427,1,0.863854,1,1,TP,yolov8l_bsz4.ms,170.00,105.25,275.25,0.500,Mid (Meeting),8.08,16.40,366.32,3893.00,11499.37,535.38,,0,100,39.00,-192,4398709,-844552.13,4,fused
399296,000000399296.jpg,640x480,1,0.863383,1,1,TP,yolov8l_bsz4.ms,170.00,105.25,275.25,0.500,Mid (Meeting),8.08,16.40,366.32,3893.00,11499.37,535.38,,0,100,39.00,-192,4398709,-844552.13,4,fused
272566,000000272566.jpg,640x451,1,0.863307,1,1,TP,yolov8l_bsz4.ms,170.00,105.25,275.25,0.500,Mid (Meeting),8.08,16.40,366.32,3893.00,11499.37,535.38,,0,100,39.00,-192,4398709,-844552.13,4,fused
423944,000000423944.jpg,448x640,1,0.863159,0,0,FP,yolov8l_bsz4.ms,170.00,105.25,275.25,0.500,Mid (Meeting),8.08,16.40,366.32,3893.00,11499.37,535.38,,0,100,39.00,-192,4398709,-844552.13,4,fused
181542,000000181542.jpg,640x600,1,0.862898,1,1,TP,yolov8l_bsz4.ms,169.75,110.75,280.50,0.500,Mid (Meeting),4.39,13.93,363.42,3895.00,11499.37,537.33,,0,100,39.00,-160,4399725,-703956.00,4,fused
179174,000000179174.jpg,428x640,1,0.862565,1,1,TP,yolov8l_bsz4.ms,169.75,110.75,280.50,0.500,Mid (Meeting),4.39,13.93,363.42,3895.00,11499.37,537.33,,0,100,39.00,-160,4399725,-703956.00,4,fused
453341,000000453341.jpg,640x480,1,0.861987,0,0,FP,yolov8l_bsz4.ms,169.75,110.75,280.50,0.500,Mid (Meeting),4.39,13.93,363.42,3895.00,11499.37,537.33,,0,100,39.00,-160,4399725,-703956.00,4,fused
219578,000000219578.jpg,640x427,1,0.861835,0,0,FP,yolov8l_bsz4.ms,169.75,110.75,280.50,0.500,Mid (Meeting),4.39,13.93,363.42,3895.00,11499.37,537.33,,0,100,39.00,-160,4399725,-703956.00,4,fused
114770,000000114770.jpg,640x403,1,0.861400,0,0,FP,yolov8l_bsz4.ms,170.00,107.00,277.00,0.500,Mid (Meeting),4.39,13.93,343.33,3915.00,11499.37,555.52,,0,100,39.00,-105,4401669,-462175.24,4,fused
519039,000000519039.jpg,640x299,1,0.861300,0,0,FP,yolov8l_bsz4.ms,170.00,107.00,277.00,0.500,Mid (Meeting),4.39,13.93,343.33,3915.00,11499.37,555.52,,0,100,39.00,-105,4401669,-462175.24,4,fused
18737,000000018737.jpg,640x427,1,0.860846,0,0,FP,yolov8l_bsz4.ms,170.00,107.00,277.00,0.500,Mid (Meeting),4.39,13.93,343.33,3915.00,11499.37,555.52,,0,100,39.00,-105,4401669,-462175.24,4,fused
428562,000000428562.jpg,640x480,1,0.859934,1,1,TP,yolov8l_bsz4.ms,170.00,107.00,277.00,0.500,Mid (Meeting),4.39,13.93,343.33,3915.00,11499.37,555.52,,0,100,39.00,-105,4401669,-462175.24,4,fused
52412,000000052412.jpg,640x426,1,0.859262,0,0,FP,yolov8l_bsz4.ms,169.75,108.75,278.50,0.500,Mid (Meeting),4.22,16.14,288.65,3969.00,11499.37,609.12,,0,100,39.00,-195,4398839,-857773.60,4,fused
82085,000000082085.jpg,640x428,1,0.859054,1,1,TP,yolov8l_bsz4.ms,169.75,108.75,278.50,0.500,Mid (Meeting),4.22,16.14,288.65,3969.00,11499.37,609.12,,0,100,39.00,-195,4398839,-857773.60,4,fused
78404,000000078404.jpg,500x350,1,0.858917,1,1,TP,yolov8l_bsz4.ms,169.75,108.75,278.50,0.500,Mid (Meeting),4.22,16.14,288.65,3969.00,11499.37,609.12,,0,100,39.00,-195,4398839,-857773.60,4,fused
500477,000000500477.jpg,640x480,1,0.858846,1,1,TP,yolov8l_bsz4.ms,169.75,108.75,278.50,0.500,Mid (Meeting),4.22,16.14,288.65,3969.00,11499.37,609.12,,0,100,39.00,-195,4398839,-857773.60,4,fused
66231,000000066231.jpg,640x427,1,0.858759,1,1,TP,yolov8l_bsz4.ms,168.75,106.25,275.00,0.500,Mid (Meeting),4.10,16.14,365.49,3892.00,11499.37,531.12,,0,100,39.00,-208,4398027,-914789.62,4,fused
540962,000000540962.jpg,500x400,1,0.858163,0,0,FP,yolov8l_bsz4.ms,168.75,106.25,275.00,0.500,Mid (Meeting),4.10,16.14,365.49,3892.00,11499.37,531.12,,0,100,39.00,-208,4398027,-914789.62,4,fused
98716,000000098716.jpg,640x359,1,0.857079,1,1,TP,yolov8l_bsz4.ms,168.75,106.25,275.00,0.500,Mid (Meeting),4.10,16.14,365.49,3892.00,11499.37,531.12,,0,100,39.00,-208,4398027,-914789.62,4,fused
257896,000000257896.jpg,480x640,1,0.856991,1,1,TP,yolov8l_bsz4.ms,168.75,106.25,275.00,0.500,Mid (Meeting),4.10,16.14,365.49,3892.00,11499.37,531.12,,0,100,39.00,-208,4398027,-914789.62,4,fused
228942,000000228942.jpg,640x319,1,0.856990,1,1,TP,yolov8l_bsz4.ms,171.75,99.75,271.50,0.500,Mid (Meeting),4.11,17.38,364.94,3892.00,11499.37,530.52,,0,100,39.00,-136,4400485,-598465.96,4,fused
246308,000000246308.jpg,480x640,1,0.856908,0,0,FP,yolov8l_bsz4.ms,171.75,99.75,271.50,0.500,Mid (Meeting),4.11,17.38,364.94,3892.00,11499.37,530.52,,0,100,39.00,-136,4400485,-598465.96,4,fused
402615,000000402615.jpg,640x427,1,0.856446,1,1,TP,yolov8l_bsz4.ms,171.75,99.75,271.50,0.500,Mid (Meeting),4.11,17.38,364.94,3892.00,11499.37,530.52,,0,100,39.00,-136,4400485,-598465.96,4,fused
506178,000000506178.jpg,375x500,1,0.855751,1,1,TP,yolov8l_bsz4.ms,171.75,99.75,271.50,0.500,Mid (Meeting),4.11,17.38,364.94,3892.00,11499.37,530.52,,0,100,39.00,-136,4400485,-598465.96,4,fused
571943,000000571943.jpg,640x480,1,0.855701,0,0,FP,yolov8l_bsz4.ms,169.75,102.50,272.25,0.500,Mid (Meeting),4.08,17.38,344.39,3912.00,11499.37,549.86,,0,100,39.00,-176,4399356,-774286.66,4,fused
224093,000000224093.jpg,640x316,1,0.855686,0,0,FP,yolov8l_bsz4.ms,169.75,102.50,272.25,0.500,Mid (Meeting),4.08,17.38,344.39,3912.00,11499.37,549.86,,0,100,39.00,-176,4399356,-774286.66,4,fused
350003,000000350003.jpg,640x480,1,0.855413,1,1,TP,yolov8l_bsz4.ms,169.75,102.50,272.25,0.500,Mid (Meeting),4.08,17.38,344.39,3912.00,11499.37,549.86,,0,100,39.00,-176,4399356,-774286.66,4,fused
443303,000000443303.jpg,500x375,1,0.854315,0,0,FP,yolov8l_bsz4.ms,169.75,102.50,272.25,0.500,Mid (Meeting),4.08,17.38,344.39,3912.00,11499.37,549.86,,0,100,39.00,-176,4399356,-774286.66,4,fused
473121,000000473121.jpg,500x332,1,0.853638,1,1,TP,yolov8l_bsz4.ms,170.00,100.50,270.50,0.500,Mid (Meeting),4.10,17.73,288.70,3967.00,11499.37,604.63,,0,100,39.00,-224,4397589,-985059.94,4,fused
99428,000000099428.jpg,640x480,1,0.853229,0,0,FP,yolov8l_bsz4.ms,170.00,100.50,270.50,0.500,Mid (Meeting),4.10,17.73,288.70,3967.00,11499.37,604.63,,0,100,39.00,-224,4397589,-985059.94,4,fused
493286,000000493286.jpg,640x359,1,0.852940,1,1,TP,yolov8l_bsz4.ms,170.00,100.50,270.50,0.500,Mid (Meeting),4.10,17.73,288.70,3967.00,11499.37,604.63,,0,100,39.00,-224,4397589,-985059.94,4,fused
71711,000000071711.jpg,640x427,1,0.852595,1,1,TP,yolov8l_bsz4.ms,170.00,100.50,270.50,0.500,Mid (Meeting),4.10,17.73,288.70,3967.00,11499.37,604.63,,0,100,39.00,-224,4397589,-985059.94,4,fused
460147,000000460147.jpg,640x424,1,0.852278,1,1,TP,yolov8l_bsz4.ms,169.75,97.50,267.25,0.500,Mid (Meeting),4.03,17.73,368.65,3887.00,11499.37,523.82,,0,100,39.00,-177,4399180,-778654.86,4,fused
236166,000000236166.jpg,426x640,1,0.851332,1,1,TP,yolov8l_bsz4.ms,169.75,97.50,267.25,0.500,Mid (Meeting),4.03,17.73,368.65,3887.00,11499.37,523.82,,0,100,39.00,-177,4399180,-778654.86,4,fused
151938,000000151938.jpg,470x640,1,0.851309,1,1,TP,yolov8l_bsz4.ms,169.75,97.50,267.25,0.500,Mid (Meeting),4.03,17.73,368.65,3887.00,11499.37,523.82,,0,100,39.00,-177,4399180,-778654.86,4,fused
462031,000000462031.jpg,449x640,1,0.851140,1,1,TP,yolov8l_bsz4.ms,169.75,97.50,267.25,0.500,Mid (Meeting),4.03,17.73,368.65,3887.00,11499.37,523.82,,0,100,39.00,-177,4399180,-778654.86,4,fused
312720,000000312720.jpg,640x427,1,0.850759,1,1,TP,yolov8l_bsz4.ms,172.00,90.75,262.75,0.500,Mid (Meeting),6.87,25.00,365.51,3892.00,11499.37,527.50,,0,100,39.00,-299,4394512,-1313959.09,4,fused
160012,000000160012.jpg,640x461,1,0.850594,1,1,TP,yolov8l_bsz4.ms,172.00,90.75,262.75,0.500,Mid (Meeting),6.87,25.00,365.51,3892.00,11499.37,527.50,,0,100,39.00,-299,4394512,-1313959.09,4,fused
317433,000000317433.jpg,640x427,1,0.850203,1,1,TP,yolov8l_bsz4.ms,172.00,90.75,262.75,0.500,Mid (Meeting),6.87,25.00,365.51,3892.00,11499.37,527.50,,0,100,39.00,-299,4394512,-1313959.09,4,fused
273642,000000273642.jpg,375x500,1,0.849984,0,0,FP,yolov8l_bsz4.ms,172.00,90.75,262.75,0.500,Mid (Meeting),6.87,25.00,365.51,3892.00,11499.37,527.50,,0,100,39.00,-299,4394512,-1313959.09,4,fused
324614,000000324614.jpg,640x427,1,0.848853,1,1,TP,yolov8l_bsz4.ms,169.75,110.00,279.75,0.500,Mid (Meeting),5.04,25.00,345.03,3913.00,11499.37,547.13,,0,100,39.00,-256,4396476,-1125497.86,4,fused
229553,000000229553.jpg,640x488,1,0.848526,1,1,TP,yolov8l_bsz4.ms,169.75,110.00,279.75,0.500,Mid (Meeting),5.04,25.00,345.03,3913.00,11499.37,547.13,,0,100,39.00,-256,4396476,-1125497.86,4,fused
531036,000000531036.jpg,480x640,1,0.848410,1,1,TP,yolov8l_bsz4.ms,169.75,110.00,279.75,0.500,Mid (Meeting),5.04,25.00,345.03,3913.00,11499.37,547.13,,0,100,39.00,-256,4396476,-1125497.86,4,fused
364557,000000364557.jpg,640x427,1,0.848067,1,1,TP,yolov8l_bsz4.ms,169.75,110.00,279.75,0.500,Mid (Meeting),5.04,25.00,345.03,3913.00,11499.37,547.13,,0,100,39.00,-256,4396476,-1125497.86,4,fused
142092,000000142092.jpg,640x480,1,0.847995,0,0,FP,yolov8l_bsz4.ms,170.25,104.50,274.75,0.500,Mid (Meeting),4.62,18.52,289.05,3968.00,11499.37,601.97,,0,100,39.00,-158,4399871,-695179.62,4,fused
211120,000000211120.jpg,640x379,1,0.847977,0,0,FP,yolov8l_bsz4.ms,170.25,104.50,274.75,0.500,Mid (Meeting),4.62,18.52,289.05,3968.00,11499.37,601.97,,0,100,39.00,-158,4399871,-695179.62,4,fused
74457,000000074457.jpg,640x364,1,0.847587,1,1,TP,yolov8l_bsz4.ms,170.25,104.50,274.75,0.500,Mid (Meeting),4.62,18.52,289.05,3968.00,11499.37,601.97,,0,100,39.00,-158,4399871,-695179.62,4,fused
355817,000000355817.jpg,640x480,1,0.847260,1,1,TP,yolov8l_bsz4.ms,170.25,104.50,274.75,0.500,Mid (Meeting),4.62,18.52,289.05,3968.00,11499.37,601.97,,0,100,39.00,-158,4399871,-695179.62,4,fused
513041,000000513041.jpg,640x480,1,0.847190,1,1,TP,yolov8l_bsz4.ms,169.50,90.50,260.00,0.500,Mid (Meeting),4.36,18.52,366.01,3891.00,11499.37,524.23,,0,100,39.00,-363,4392838,-1594600.19,4,fused
186042,000000186042.jpg,640x360,1,0.846924,1,1,TP,yolov8l_bsz4.ms,169.50,90.50,260.00,0.500,Mid (Meeting),4.36,18.52,366.01,3891.00,11499.37,524.23,,0,100,39.00,-363,4392838,-1594600.19,4,fused
458109,000000458109.jpg,640x480,1,0.846592,1,1,TP,yolov8l_bsz4.ms,169.50,90.50,260.00,0.500,Mid (Meeting),4.36,18.52,366.01,3891.00,11499.37,524.23,,0,100,39.00,-363,4392838,-1594600.19,4,fused
139871,000000139871.jpg,640x427,1,0.845465,0,0,FP,yolov8l_bsz4.ms,169.50,90.50,260.00,0.500,Mid (Meeting),4.36,18.52,366.01,3891.00,11499.37,524.23,,0,100,39.00,-363,4392838,-1594600.19,4,fused
127092,000000127092.jpg,640x480,1,0.844594,1,1,TP,yolov8l_bsz4.ms,170.25,105.50,275.75,0.500,Mid (Meeting),4.26,18.86,363.55,3893.00,11499.37,525.75,,0,100,39.00,-126,4400794,-554500.04,4,fused
273132,000000273132.jpg,640x633,1,0.844419,1,1,TP,yolov8l_bsz4.ms,170.25,105.50,275.75,0.500,Mid (Meeting),4.26,18.86,363.55,3893.00,11499.37,525.75,,0,100,39.00,-126,4400794,-554500.04,4,fused
334371,000000334371.jpg,640x419,1,0.844260,1,1,TP,yolov8l_bsz4.ms,170.25,105.50,275.75,0.500,Mid (Meeting),4.26,18.86,363.55,3893.00,11499.37,525.75,,0,100,39.00,-126,4400794,-554500.04,4,fused
345027,000000345027.jpg,640x403,1,0.844222,1,1,TP,yolov8l_bsz4.ms,170.25,105.50,275.75,0.500,Mid (Meeting),4.26,18.86,363.55,3893.00,11499.37,525.75,,0,100,39.00,-126,4400794,-554500.04,4,fused
376310,000000376310.jpg,640x480,1,0.844105,0,0,FP,yolov8l_bsz4.ms,169.00,105.00,274.00,0.500,Mid (Meeting),4.22,18.86,345.65,3914.00,11499.37,546.26,,0,100,39.00,-246,4396735,-1081596.81,4,fused
335081,000000335081.jpg,640x427,1,0.843268,0,0,FP,yolov8l_bsz4.ms,169.00,105.00,274.00,0.500,Mid (Meeting),4.22,18.86,345.65,3914.00,11499.37,546.26,,0,100,39.00,-246,4396735,-1081596.81,4,fused
73326,000000073326.jpg,640x480,1,0.842628,0,0,FP,yolov8l_bsz4.ms,169.00,105.00,274.00,0.500,Mid (Meeting),4.22,18.86,345.65,3914.00,11499.37,546.26,,0,100,39.00,-246,4396735,-1081596.81,4,fused
539962,000000539962.jpg,640x480,1,0.842505,1,1,TP,yolov8l_bsz4.ms,169.00,105.00,274.00,0.500,Mid (Meeting),4.22,18.86,345.65,3914.00,11499.37,546.26,,0,100,39.00,-246,4396735,-1081596.81,4,fused
230008,000000230008.jpg,640x360,1,0.842038,1,1,TP,yolov8l_bsz4.ms,170.00,110.00,280.00,0.500,Mid (Meeting),4.22,18.65,290.21,3969.00,11499.37,599.45,,0,100,39.00,-217,4397878,-954339.53,4,fused
369812,000000369812.jpg,640x637,1,0.841642,1,1,TP,yolov8l_bsz4.ms,170.00,110.00,280.00,0.500,Mid (Meeting),4.22,18.65,290.21,3969.00,11499.37,599.45,,0,100,39.00,-217,4397878,-954339.53,4,fused
46048,000000046048.jpg,640x480,1,0.841619,1,1,TP,yolov8l_bsz4.ms,170.00,110.00,280.00,0.500,Mid (Meeting),4.22,18.65,290.21,3969.00,11499.37,599.45,,0,100,39.00,-217,4397878,-954339.53,4,fused
102331,000000102331.jpg,500x357,1,0.841273,1,1,TP,yolov8l_bsz4.ms,170.00,110.00,280.00,0.500,Mid (Meeting),4.22,18.65,290.21,3969.00,11499.37,599.45,,0,100,39.00,-217,4397878,-954339.53,4,fused
31322,000000031322.jpg,640x427,1,0.841046,1,1,TP,yolov8l_bsz4.ms,170.00,102.75,272.75,0.500,Mid (Meeting),4.16,18.65,365.95,3884.00,11499.37,514.23,,0,100,39.00,-236,4396985,-1037688.46,4,fused
375278,000000375278.jpg,333x500,1,0.840866,1,1,TP,yolov8l_bsz4.ms,170.00,102.75,272.75,0.500,Mid (Meeting),4.16,18.65,365.95,3884.00,11499.37,514.23,,0,100,39.00,-236,4396985,-1037688.46,4,fused
377814,000000377814.jpg,640x480,1,0.840429,0,0,FP,yolov8l_bsz4.ms,170.00,102.75,272.75,0.500,Mid (Meeting),4.16,18.65,365.95,3884.00,11499.37,514.23,,0,100,39.00,-236,4396985,-1037688.46,4,fused
303908,000000303908.jpg,640x427,1,0.839609,0,0,FP,yolov8l_bsz4.ms,170.00,102.75,272.75,0.500,Mid (Meeting),4.16,18.65,365.95,3884.00,11499.37,514.23,,0,100,39.00,-236,4396985,-1037688.46,4,fused
35682,000000035682.jpg,480x640,1,0.839436,1,1,TP,yolov8l_bsz4.ms,170.50,109.00,279.50,0.500,Mid (Meeting),4.15,19.23,366.19,3860.00,11499.37,489.77,,0,100,39.00,-220,4397703,-967494.66,4,fused
271728,000000271728.jpg,640x427,1,0.839367,0,0,FP,yolov8l_bsz4.ms,170.50,109.00,279.50,0.500,Mid (Meeting),4.15,19.23,366.19,3860.00,11499.37,489.77,,0,100,39.00,-220,4397703,-967494.66,4,fused
442463,000000442463.jpg,480x640,1,0.839170,1,1,TP,yolov8l_bsz4.ms,170.50,109.00,279.50,0.500,Mid (Meeting),4.15,19.23,366.19,3860.00,11499.37,489.77,,0,100,39.00,-220,4397703,-967494.66,4,fused
468577,000000468577.jpg,612x612,1,0.839068,1,1,TP,yolov8l_bsz4.ms,170.50,109.00,279.50,0.500,Mid (Meeting),4.15,19.23,366.19,3860.00,11499.37,489.77,,0,100,39.00,-220,4397703,-967494.66,4,fused
436551,000000436551.jpg,640x438,1,0.838867,0,0,FP,yolov8l_bsz4.ms,170.00,99.00,269.00,0.500,Mid (Meeting),4.22,19.23,343.81,3859.00,11499.37,487.29,,0,100,39.00,-183,4398805,-804981.31,4,fused
286708,000000286708.jpg,640x481,1,0.838611,0,0,FP,yolov8l_bsz4.ms,170.00,99.00,269.00,0.500,Mid (Meeting),4.22,19.23,343.81,3859.00,11499.37,487.29,,0,100,39.00,-183,4398805,-804981.31,4,fused
158956,000000158956.jpg,640x425,1,0.838272,1,1,TP,yolov8l_bsz4.ms,170.00,99.00,269.00,0.500,Mid (Meeting),4.22,19.23,343.81,3859.00,11499.37,487.29,,0,100,39.00,-183,4398805,-804981.31,4,fused
476215,000000476215.jpg,640x409,1,0.838244,1,1,TP,yolov8l_bsz4.ms,170.00,99.00,269.00,0.500,Mid (Meeting),4.22,19.23,343.81,3859.00,11499.37,487.29,,0,100,39.00,-183,4398805,-804981.31,4,fused
39785,000000039785.jpg,500x375,1,0.837965,1,1,TP,yolov8l_bsz4.ms,170.00,116.25,286.25,0.500,Mid (Meeting),4.17,15.37,289.91,3957.00,11499.37,585.04,,0,100,39.00,-208,4397942,-914771.94,4,fused
158548,000000158548.jpg,640x482,1,0.836709,1,1,TP,yolov8l_bsz4.ms,170.00,116.25,286.25,0.500,Mid (Meeting),4.17,15.37,289.91,3957.00,11499.37,585.04,,0,100,39.00,-208,4397942,-914771.94,4,fused
484404,000000484404.jpg,640x480,1,0.836595,1,1,TP,yolov8l_bsz4.ms,170.00,116.25,286.25,0.500,Mid (Meeting),4.17,15.37,289.91,3957.00,11499.37,585.04,,0,100,39.00,-208,4397942,-914771.94,4,fused
336658,000000336658.jpg,640x428,1,0.836552,1,1,TP,yolov8l_bsz4.ms,170.00,116.25,286.25,0.500,Mid (Meeting),4.17,15.37,289.91,3957.00,11499.37,585.04,,0,100,39.00,-208,4397942,-914771.94,4,fused
570448,000000570448.jpg,640x484,1,0.835520,1,1,TP,yolov8l_bsz4.ms,170.25,104.00,274.25,0.500,Mid (Meeting),4.06,15.37,367.80,3879.00,11499.37,506.28,,0,100,39.00,-112,4401097,-492922.86,4,fused
5529,000000005529.jpg,444x640,1,0.835324,1,1,TP,yolov8l_bsz4.ms,170.25,104.00,274.25,0.500,Mid (Meeting),4.06,15.37,367.80,3879.00,11499.37,506.28,,0,100,39.00,-112,4401097,-492922.86,4,fused
92053,000000092053.jpg,640x427,1,0.834018,1,1,TP,yolov8l_bsz4.ms,170.25,104.00,274.25,0.500,Mid (Meeting),4.06,15.37,367.80,3879.00,11499.37,506.28,,0,100,39.00,-112,4401097,-492922.86,4,fused
576052,000000576052.jpg,640x427,1,0.833617,1,1,TP,yolov8l_bsz4.ms,170.25,104.00,274.25,0.500,Mid (Meeting),4.06,15.37,367.80,3879.00,11499.37,506.28,,0,100,39.00,-112,4401097,-492922.86,4,fused
459153,000000459153.jpg,427x640,1,0.832476,1,1,TP,yolov8l_bsz4.ms,169.25,100.75,270.00,0.500,Mid (Meeting),4.03,16.40,364.16,3887.00,11499.37,512.66,,0,100,39.00,-141,4400341,-620448.08,4,fused
250282,000000250282.jpg,640x426,1,0.832430,1,1,TP,yolov8l_bsz4.ms,169.25,100.75,270.00,0.500,Mid (Meeting),4.03,16.40,364.16,3887.00,11499.37,512.66,,0,100,39.00,-141,4400341,-620448.08,4,fused
94157,000000094157.jpg,372x640,1,0.832191,1,1,TP,yolov8l_bsz4.ms,169.25,100.75,270.00,0.500,Mid (Meeting),4.03,16.40,364.16,3887.00,11499.37,512.66,,0,100,39.00,-141,4400341,-620448.08,4,fused
558558,000000558558.jpg,640x480,1,0.831830,0,0,FP,yolov8l_bsz4.ms,169.25,100.75,270.00,0.500,Mid (Meeting),4.03,16.40,364.16,3887.00,11499.37,512.66,,0,100,39.00,-141,4400341,-620448.08,4,fused
22892,000000022892.jpg,500x334,1,0.831825,0,0,FP,yolov8l_bsz4.ms,170.00,103.75,273.75,0.500,Mid (Meeting),4.04,16.40,342.48,3909.00,11499.37,534.30,,0,100,39.00,-278,4395534,-1221958.45,4,fused
341094,000000341094.jpg,500x375,1,0.831549,1,1,TP,yolov8l_bsz4.ms,170.00,103.75,273.75,0.500,Mid (Meeting),4.04,16.40,342.48,3909.00,11499.37,534.30,,0,100,39.00,-278,4395534,-1221958.45,4,fused
130386,000000130386.jpg,375x500,1,0.831287,1,1,TP,yolov8l_bsz4.ms,170.00,103.75,273.75,0.500,Mid (Meeting),4.04,16.40,342.48,3909.00,11499.37,534.30,,0,100,39.00,-278,4395534,-1221958.45,4,fused
575243,000000575243.jpg,640x427,1,0.831233,1,1,TP,yolov8l_bsz4.ms,170.00,103.75,273.75,0.500,Mid (Meeting),4.04,16.40,342.48,3909.00,11499.37,534.30,,0,100,39.00,-278,4395534,-1221958.45,4,fused
172935,000000172935.jpg,488x364,1,0.831065,1,1,TP,yolov8l_bsz4.ms,169.75,97.00,266.75,0.500,Mid (Meeting),4.06,16.87,289.43,3962.00,11499.37,586.28,,0,100,39.00,-186,4398887,-818192.98,4,fused
388215,000000388215.jpg,640x425,1,0.830926,1,1,TP,yolov8l_bsz4.ms,169.75,97.00,266.75,0.500,Mid (Meeting),4.06,16.87,289.43,3962.00,11499.37,586.28,,0,100,39.00,-186,4398887,-818192.98,4,fused
164885,000000164885.jpg,640x427,1,0.830600,1,1,TP,yolov8l_bsz4.ms,169.75,97.00,266.75,0.500,Mid (Meeting),4.06,16.87,289.43,3962.00,11499.37,586.28,,0,100,39.00,-186,4398887,-818192.98,4,fused
512403,000000512403.jpg,529x640,1,0.829350,0,0,FP,yolov8l_bsz4.ms,169.75,97.00,266.75,0.500,Mid (Meeting),4.06,16.87,289.43,3962.00,11499.37,586.28,,0,100,39.00,-186,4398887,-818192.98,4,fused
263403,000000263403.jpg,638x394,1,0.829139,1,1,TP,yolov8l_bsz4.ms,169.50,108.25,277.75,0.500,Mid (Meeting),4.02,16.87,365.44,3885.00,11499.37,509.33,,0,100,39.00,-135,4400318,-594042.93,4,fused
231747,000000231747.jpg,640x400,1,0.828867,1,1,TP,yolov8l_bsz4.ms,169.50,108.25,277.75,0.500,Mid (Meeting),4.02,16.87,365.44,3885.00,11499.37,509.33,,0,100,39.00,-135,4400318,-594042.93,4,fused
492077,000000492077.jpg,640x480,1,0.828820,1,1,TP,yolov8l_bsz4.ms,169.50,108.25,277.75,0.500,Mid (Meeting),4.02,16.87,365.44,3885.00,11499.37,509.33,,0,100,39.00,-135,4400318,-594042.93,4,fused
434204,000000434204.jpg,500x333,1,0.828556,1,1,TP,yolov8l_bsz4.ms,169.50,108.25,277.75,0.500,Mid (Meeting),4.02,16.87,365.44,3885.00,11499.37,509.33,,0,100,39.00,-135,4400318,-594042.93,4,fused
396568,000000396568.jpg,640x424,1,0.825009,0,0,FP,yolov8l_bsz4.ms,170.50,101.00,271.50,0.500,Mid (Meeting),4.04,17.12,364.28,3886.00,11499.37,509.62,,0,100,39.00,-186,4398668,-818152.25,4,fused
438774,000000438774.jpg,640x425,1,0.823714,1,1,TP,yolov8l_bsz4.ms,170.50,101.00,271.50,0.500,Mid (Meeting),4.04,17.12,364.28,3886.00,11499.37,509.62,,0,100,39.00,-186,4398668,-818152.25,4,fused
240754,000000240754.jpg,640x427,1,0.823521,0,0,FP,yolov8l_bsz4.ms,170.50,101.00,271.50,0.500,Mid (Meeting),4.04,17.12,364.28,3886.00,11499.37,509.62,,0,100,39.00,-186,4398668,-818152.25,4,fused
373315,000000373315.jpg,477x640,1,0.823458,1,1,TP,yolov8l_bsz4.ms,170.50,101.00,271.50,0.500,Mid (Meeting),4.04,17.12,364.28,3886.00,11499.37,509.62,,0,100,39.00,-186,4398668,-818152.25,4,fused
395180,000000395180.jpg,640x481,1,0.823443,1,1,TP,yolov8l_bsz4.ms,171.75,94.00,265.75,0.500,Mid (Meeting),8.13,17.12,343.18,3905.00,11499.37,527.51,,0,100,39.00,-127,4400587,-558874.55,4,fused
87470,000000087470.jpg,640x470,1,0.823140,1,1,TP,yolov8l_bsz4.ms,171.75,94.00,265.75,0.500,Mid (Meeting),8.13,17.12,343.18,3905.00,11499.37,527.51,,0,100,39.00,-127,4400587,-558874.55,4,fused
342006,000000342006.jpg,480x640,1,0.823111,0,0,FP,yolov8l_bsz4.ms,171.75,94.00,265.75,0.500,Mid (Meeting),8.13,17.12,343.18,3905.00,11499.37,527.51,,0,100,39.00,-127,4400587,-558874.55,4,fused
68409,000000068409.jpg,640x263,1,0.822808,1,1,TP,yolov8l_bsz4.ms,171.75,94.00,265.75,0.500,Mid (Meeting),8.13,17.12,343.18,3905.00,11499.37,527.51,,0,100,39.00,-127,4400587,-558874.55,4,fused
365642,000000365642.jpg,426x640,1,0.822344,1,1,TP,yolov8l_bsz4.ms,170.00,113.50,283.50,0.500,Mid (Meeting),4.61,14.90,298.88,3950.00,11499.37,572.42,,0,100,39.00,-181,4398955,-796210.85,4,fused
43435,000000043435.jpg,638x640,1,0.822278,1,1,TP,yolov8l_bsz4.ms,170.00,113.50,283.50,0.500,Mid (Meeting),4.61,14.90,298.88,3950.00,11499.37,572.42,,0,100,39.00,-181,4398955,-796210.85,4,fused
248334,000000248334.jpg,500x375,1,0.821556,1,1,TP,yolov8l_bsz4.ms,170.00,113.50,283.50,0.500,Mid (Meeting),4.61,14.90,298.88,3950.00,11499.37,572.42,,0,100,39.00,-181,4398955,-796210.85,4,fused
17178,000000017178.jpg,640x427,1,0.821067,0,0,FP,yolov8l_bsz4.ms,170.00,113.50,283.50,0.500,Mid (Meeting),4.61,14.90,298.88,3950.00,11499.37,572.42,,0,100,39.00,-181,4398955,-796210.85,4,fused
207306,000000207306.jpg,375x500,1,0.820973,1,1,TP,yolov8l_bsz4.ms,169.00,108.50,277.50,0.500,Mid (Meeting),4.23,14.90,366.25,3882.00,11499.37,502.91,,0,100,39.00,-224,4397494,-985038.66,4,fused
234366,000000234366.jpg,480x640,1,0.820493,0,0,FP,yolov8l_bsz4.ms,169.00,108.50,277.50,0.500,Mid (Meeting),4.23,14.90,366.25,3882.00,11499.37,502.91,,0,100,39.00,-224,4397494,-985038.66,4,fused
160728,000000160728.jpg,640x426,1,0.820277,1,1,TP,yolov8l_bsz4.ms,169.00,108.50,277.50,0.500,Mid (Meeting),4.23,14.90,366.25,3882.00,11499.37,502.91,,0,100,39.00,-224,4397494,-985038.66,4,fused
67213,000000067213.jpg,640x485,1,0.820150,1,1,TP,yolov8l_bsz4.ms,169.00,108.50,277.50,0.500,Mid (Meeting),4.23,14.90,366.25,3882.00,11499.37,502.91,,0,100,39.00,-224,4397494,-985038.66,4,fused
488166,000000488166.jpg,361x640,1,0.820116,1,1,TP,yolov8l_bsz4.ms,171.50,95.75,267.25,0.500,Mid (Meeting),4.10,17.35,365.19,3883.00,11499.37,502.82,,0,100,39.00,-174,4399039,-765432.79,4,fused
378515,000000378515.jpg,425x640,1,0.820097,1,1,TP,yolov8l_bsz4.ms,171.50,95.75,267.25,0.500,Mid (Meeting),4.10,17.35,365.19,3883.00,11499.37,502.82,,0,100,39.00,-174,4399039,-765432.79,4,fused
579655,000000579655.jpg,640x399,1,0.819778,1,1,TP,yolov8l_bsz4.ms,171.50,95.75,267.25,0.500,Mid (Meeting),4.10,17.35,365.19,3883.00,11499.37,502.82,,0,100,39.00,-174,4399039,-765432.79,4,fused
542625,000000542625.jpg,640x480,1,0.819726,0,0,FP,yolov8l_bsz4.ms,171.50,95.75,267.25,0.500,Mid (Meeting),4.10,17.35,365.19,3883.00,11499.37,502.82,,0,100,39.00,-174,4399039,-765432.79,4,fused
58393,000000058393.jpg,640x486,1,0.819389,1,1,TP,yolov8l_bsz4.ms,169.50,109.00,278.50,0.500,Mid (Meeting),4.19,17.35,347.08,3900.00,11499.37,519.75,,0,100,39.00,-154,4399751,-677561.65,4,fused
148719,000000148719.jpg,640x480,1,0.819277,1,1,TP,yolov8l_bsz4.ms,169.50,109.00,278.50,0.500,Mid (Meeting),4.19,17.35,347.08,3900.00,11499.37,519.75,,0,100,39.00,-154,4399751,-677561.65,4,fused
184611,000000184611.jpg,640x480,1,0.818864,1,1,TP,yolov8l_bsz4.ms,169.50,109.00,278.50,0.500,Mid (Meeting),4.19,17.35,347.08,3900.00,11499.37,519.75,,0,100,39.00,-154,4399751,-677561.65,4,fused
414795,000000414795.jpg,640x480,1,0.818064,1,1,TP,yolov8l_bsz4.ms,169.50,109.00,278.50,0.500,Mid (Meeting),4.19,17.35,347.08,3900.00,11499.37,519.75,,0,100,39.00,-154,4399751,-677561.65,4,fused
463802,000000463802.jpg,640x480,1,0.817701,1,1,TP,yolov8l_bsz4.ms,170.00,98.50,268.50,0.500,Mid (Meeting),4.10,17.60,289.62,3957.00,11499.37,576.10,,0,100,39.00,-258,4396207,-1134221.41,4,fused
88951,000000088951.jpg,500x374,1,0.817568,1,1,TP,yolov8l_bsz4.ms,170.00,98.50,268.50,0.500,Mid (Meeting),4.10,17.60,289.62,3957.00,11499.37,576.10,,0,100,39.00,-258,4396207,-1134221.41,4,fused
276285,000000276285.jpg,427x640,1,0.817083,1,1,TP,yolov8l_bsz4.ms,170.00,98.50,268.50,0.500,Mid (Meeting),4.10,17.60,289.62,3957.00,11499.37,576.10,,0,100,39.00,-258,4396207,-1134221.41,4,fused
368335,000000368335.jpg,411x640,1,0.816955,0,0,FP,yolov8l_bsz4.ms,170.00,98.50,268.50,0.500,Mid (Meeting),4.10,17.60,289.62,3957.00,11499.37,576.10,,0,100,39.00,-258,4396207,-1134221.41,4,fused
152771,000000152771.jpg,640x479,1,0.816641,0,0,FP,yolov8l_bsz4.ms,170.00,103.50,273.50,0.500,Mid (Meeting),4.01,17.60,366.89,3879.00,11499.37,497.14,,0,100,39.00,-240,4396652,-1055196.48,4,fused
467315,000000467315.jpg,640x426,1,0.816323,1,1,TP,yolov8l_bsz4.ms,170.00,103.50,273.50,0.500,Mid (Meeting),4.01,17.60,366.89,3879.00,11499.37,497.14,,0,100,39.00,-240,4396652,-1055196.48,4,fused
60090,000000060090.jpg,640x423,1,0.816065,1,1,TP,yolov8l_bsz4.ms,170.00,103.50,273.50,0.500,Mid (Meeting),4.01,17.60,366.89,3879.00,11499.37,497.14,,0,100,39.00,-240,4396652,-1055196.48,4,fused
98018,000000098018.jpg,640x427,1,0.815700,0,0,FP,yolov8l_bsz4.ms,170.00,103.50,273.50,0.500,Mid (Meeting),4.01,17.60,366.89,3879.00,11499.37,497.14,,0,100,39.00,-240,4396652,-1055196.48,4,fused
553669,000000553669.jpg,640x480,1,0.815452,1,1,TP,yolov8l_bsz4.ms,171.00,107.75,278.75,0.500,Mid (Meeting),4.06,17.87,366.35,3879.00,11499.37,496.79,,0,100,39.00,-145,4400134,-638019.43,4,fused
279774,000000279774.jpg,415x500,1,0.815439,1,1,TP,yolov8l_bsz4.ms,171.00,107.75,278.75,0.500,Mid (Meeting),4.06,17.87,366.35,3879.00,11499.37,496.79,,0,100,39.00,-145,4400134,-638019.43,4,fused
330790,000000330790.jpg,640x426,1,0.815430,0,0,FP,yolov8l_bsz4.ms,171.00,107.75,278.75,0.500,Mid (Meeting),4.06,17.87,366.35,3879.00,11499.37,496.79,,0,100,39.00,-145,4400134,-638019.43,4,fused
221754,000000221754.jpg,640x427,1,0.815347,1,1,TP,yolov8l_bsz4.ms,171.00,107.75,278.75,0.500,Mid (Meeting),4.06,17.87,366.35,3879.00,11499.37,496.79,,0,100,39.00,-145,4400134,-638019.43,4,fused
43314,000000043314.jpg,500x376,1,0.814941,1,1,TP,yolov8l_bsz4.ms,169.50,105.25,274.75,0.500,Mid (Meeting),4.05,17.87,344.66,3900.00,11499.37,516.53,,0,100,39.00,-219,4397429,-963036.95,4,fused
447465,000000447465.jpg,640x426,1,0.812979,1,1,TP,yolov8l_bsz4.ms,169.50,105.25,274.75,0.500,Mid (Meeting),4.05,17.87,344.66,3900.00,11499.37,516.53,,0,100,39.00,-219,4397429,-963036.95,4,fused
508730,000000508730.jpg,640x478,1,0.812909,1,1,TP,yolov8l_bsz4.ms,169.50,105.25,274.75,0.500,Mid (Meeting),4.05,17.87,344.66,3900.00,11499.37,516.53,,0,100,39.00,-219,4397429,-963036.95,4,fused
78823,000000078823.jpg,640x480,1,0.812756,0,0,FP,yolov8l_bsz4.ms,169.50,105.25,274.75,0.500,Mid (Meeting),4.05,17.87,344.66,3900.00,11499.37,516.53,,0,100,39.00,-219,4397429,-963036.95,4,fused
143068,000000143068.jpg,640x213,1,0.812600,1,1,TP,yolov8l_bsz4.ms,170.25,81.00,251.25,0.500,Mid (Meeting),7.29,18.39,288.91,3956.00,11499.37,570.76,,0,100,39.00,-157,4399400,-690705.80,4,fused
580757,000000580757.jpg,640x425,1,0.812593,0,0,FP,yolov8l_bsz4.ms,170.25,81.00,251.25,0.500,Mid (Meeting),7.29,18.39,288.91,3956.00,11499.37,570.76,,0,100,39.00,-157,4399400,-690705.80,4,fused
25228,000000025228.jpg,640x436,1,0.812426,1,1,TP,yolov8l_bsz4.ms,170.25,81.00,251.25,0.500,Mid (Meeting),7.29,18.39,288.91,3956.00,11499.37,570.76,,0,100,39.00,-157,4399400,-690705.80,4,fused
473237,000000473237.jpg,640x426,1,0.812179,1,1,TP,yolov8l_bsz4.ms,170.25,81.00,251.25,0.500,Mid (Meeting),7.29,18.39,288.91,3956.00,11499.37,570.76,,0,100,39.00,-157,4399400,-690705.80,4,fused
206487,000000206487.jpg,640x480,1,0.812053,1,1,TP,yolov8l_bsz4.ms,170.25,109.25,279.50,0.500,Mid (Meeting),4.83,18.39,368.28,3876.00,11499.37,490.25,,0,100,39.00,-195,4398228,-857654.46,4,fused
545594,000000545594.jpg,640x512,1,0.811973,1,1,TP,yolov8l_bsz4.ms,170.25,109.25,279.50,0.500,Mid (Meeting),4.83,18.39,368.28,3876.00,11499.37,490.25,,0,100,39.00,-195,4398228,-857654.46,4,fused
191013,000000191013.jpg,474x640,1,0.811354,1,1,TP,yolov8l_bsz4.ms,170.25,109.25,279.50,0.500,Mid (Meeting),4.83,18.39,368.28,3876.00,11499.37,490.25,,0,100,39.00,-195,4398228,-857654.46,4,fused
134322,000000134322.jpg,640x480,1,0.811254,1,1,TP,yolov8l_bsz4.ms,170.25,109.25,279.50,0.500,Mid (Meeting),4.83,18.39,368.28,3876.00,11499.37,490.25,,0,100,39.00,-195,4398228,-857654.46,4,fused
191761,000000191761.jpg,500x375,1,0.811028,0,0,FP,yolov8l_bsz4.ms,171.75,110.75,282.50,0.500,Mid (Meeting),4.46,18.01,362.33,3882.00,11499.37,495.25,,0,100,39.00,-228,4397035,-1002523.98,4,fused
81766,000000081766.jpg,640x480,1,0.810666,0,0,FP,yolov8l_bsz4.ms,171.75,110.75,282.50,0.500,Mid (Meeting),4.46,18.01,362.33,3882.00,11499.37,495.25,,0,100,39.00,-228,4397035,-1002523.98,4,fused
154087,000000154087.jpg,640x480,1,0.810638,1,1,TP,yolov8l_bsz4.ms,171.75,110.75,282.50,0.500,Mid (Meeting),4.46,18.01,362.33,3882.00,11499.37,495.25,,0,100,39.00,-228,4397035,-1002523.98,4,fused
272364,000000272364.jpg,428x640,1,0.810419,0,0,FP,yolov8l_bsz4.ms,171.75,110.75,282.50,0.500,Mid (Meeting),4.46,18.01,362.33,3882.00,11499.37,495.25,,0,100,39.00,-228,4397035,-1002523.98,4,fused
308793,000000308793.jpg,640x480,1,0.809626,1,1,TP,yolov8l_bsz4.ms,169.75,106.00,275.75,0.500,Mid (Meeting),4.46,18.01,343.19,3900.00,11499.37,513.58,,0,100,39.00,-248,4396372,-1090300.26,4,fused
457078,000000457078.jpg,640x480,1,0.809626,1,1,TP,yolov8l_bsz4.ms,169.75,106.00,275.75,0.500,Mid (Meeting),4.46,18.01,343.19,3900.00,11499.37,513.58,,0,100,39.00,-248,4396372,-1090300.26,4,fused
558854,000000558854.jpg,500x375,1,0.809358,1,1,TP,yolov8l_bsz4.ms,169.75,106.00,275.75,0.500,Mid (Meeting),4.46,18.01,343.19,3900.00,11499.37,513.58,,0,100,39.00,-248,4396372,-1090300.26,4,fused
176799,000000176799.jpg,640x426,1,0.809224,1,1,TP,yolov8l_bsz4.ms,169.75,106.00,275.75,0.500,Mid (Meeting),4.46,18.01,343.19,3900.00,11499.37,513.58,,0,100,39.00,-248,4396372,-1090300.26,4,fused
434230,000000434230.jpg,500x313,1,0.808134,1,1,TP,yolov8l_bsz4.ms,170.00,97.75,267.75,0.500,Mid (Meeting),4.31,17.57,289.04,3957.00,11499.37,569.18,,0,100,39.00,-203,4397888,-892771.26,4,fused
62355,000000062355.jpg,640x428,1,0.807934,1,1,TP,yolov8l_bsz4.ms,170.00,97.75,267.75,0.500,Mid (Meeting),4.31,17.57,289.04,3957.00,11499.37,569.18,,0,100,39.00,-203,4397888,-892771.26,4,fused
475387,000000475387.jpg,640x431,1,0.807710,1,1,TP,yolov8l_bsz4.ms,170.00,97.75,267.75,0.500,Mid (Meeting),4.31,17.57,289.04,3957.00,11499.37,569.18,,0,100,39.00,-203,4397888,-892771.26,4,fused
420230,000000420230.jpg,427x640,1,0.807412,0,0,FP,yolov8l_bsz4.ms,170.00,97.75,267.75,0.500,Mid (Meeting),4.31,17.57,289.04,3957.00,11499.37,569.18,,0,100,39.00,-203,4397888,-892771.26,4,fused
297085,000000297085.jpg,500x375,1,0.807187,0,0,FP,yolov8l_bsz4.ms,170.00,102.00,272.00,0.500,Mid (Meeting),4.17,17.57,366.45,3879.00,11499.37,490.90,,0,100,39.00,-285,4395217,-1252636.84,4,fused
263594,000000263594.jpg,500x381,1,0.807044,0,0,FP,yolov8l_bsz4.ms,170.00,102.00,272.00,0.500,Mid (Meeting),4.17,17.57,366.45,3879.00,11499.37,490.90,,0,100,39.00,-285,4395217,-1252636.84,4,fused
210394,000000210394.jpg,640x480,1,0.806113,1,1,TP,yolov8l_bsz4.ms,170.00,102.00,272.00,0.500,Mid (Meeting),4.17,17.57,366.45,3879.00,11499.37,490.90,,0,100,39.00,-285,4395217,-1252636.84,4,fused
229948,000000229948.jpg,640x428,1,0.805850,1,1,TP,yolov8l_bsz4.ms,170.00,102.00,272.00,0.500,Mid (Meeting),4.17,17.57,366.45,3879.00,11499.37,490.90,,0,100,39.00,-285,4395217,-1252636.84,4,fused
182805,000000182805.jpg,640x360,1,0.805768,1,1,TP,yolov8l_bsz4.ms,170.25,85.50,255.75,0.500,Mid (Meeting),4.15,18.04,362.65,3882.00,11499.37,492.65,,0,100,39.00,-148,4399729,-651159.89,4,fused
452784,000000452784.jpg,480x640,1,0.805760,1,1,TP,yolov8l_bsz4.ms,170.25,85.50,255.75,0.500,Mid (Meeting),4.15,18.04,362.65,3882.00,11499.37,492.65,,0,100,39.00,-148,4399729,-651159.89,4,fused
491130,000000491130.jpg,443x640,1,0.805750,1,1,TP,yolov8l_bsz4.ms,170.25,85.50,255.75,0.500,Mid (Meeting),4.15,18.04,362.65,3882.00,11499.37,492.65,,0,100,39.00,-148,4399729,-651159.89,4,fused
485237,000000485237.jpg,640x174,1,0.805155,0,0,FP,yolov8l_bsz4.ms,170.25,85.50,255.75,0.500,Mid (Meeting),4.15,18.04,362.65,3882.00,11499.37,492.65,,0,100,39.00,-148,4399729,-651159.89,4,fused
570834,000000570834.jpg,640x480,1,0.804731,1,1,TP,yolov8l_bsz4.ms,171.75,87.25,259.00,0.500,Mid (Meeting),4.13,18.04,345.96,3899.00,11499.37,507.63,,0,100,39.00,-313,4394432,-1375457.22,4,fused
17627,000000017627.jpg,640x480,1,0.804682,1,1,TP,yolov8l_bsz4.ms,171.75,87.25,259.00,0.500,Mid (Meeting),4.13,18.04,345.96,3899.00,11499.37,507.63,,0,100,39.00,-313,4394432,-1375457.22,4,fused
69138,000000069138.jpg,371x640,1,0.804341,0,0,FP,yolov8l_bsz4.ms,171.75,87.25,259.00,0.500,Mid (Meeting),4.13,18.04,345.96,3899.00,11499.37,507.63,,0,100,39.00,-313,4394432,-1375457.22,4,fused
274219,000000274219.jpg,464x640,1,0.804273,1,1,TP,yolov8l_bsz4.ms,171.75,87.25,259.00,0.500,Mid (Meeting),4.13,18.04,345.96,3899.00,11499.37,507.63,,0,100,39.00,-313,4394432,-1375457.22,4,fused
259571,000000259571.jpg,500x281,1,0.803993,1,1,TP,yolov8l_bsz4.ms,170.50,100.00,270.50,0.500,Mid (Meeting),4.09,18.12,288.39,3956.00,11499.37,564.13,,0,100,39.00,-164,4399023,-721439.77,4,fused
435299,000000435299.jpg,640x480,1,0.803979,0,0,FP,yolov8l_bsz4.ms,170.50,100.00,270.50,0.500,Mid (Meeting),4.09,18.12,288.39,3956.00,11499.37,564.13,,0,100,39.00,-164,4399023,-721439.77,4,fused
311190,000000311190.jpg,375x500,1,0.803827,1,1,TP,yolov8l_bsz4.ms,170.50,100.00,270.50,0.500,Mid (Meeting),4.09,18.12,288.39,3956.00,11499.37,564.13,,0,100,39.00,-164,4399023,-721439.77,4,fused
71877,000000071877.jpg,428x640,1,0.803076,1,1,TP,yolov8l_bsz4.ms,170.50,100.00,270.50,0.500,Mid (Meeting),4.09,18.12,288.39,3956.00,11499.37,564.13,,0,100,39.00,-164,4399023,-721439.77,4,fused
159791,000000159791.jpg,500x375,1,0.802917,1,1,TP,yolov8l_bsz4.ms,170.75,99.75,270.50,0.500,Mid (Meeting),4.90,18.12,365.20,3878.00,11499.37,485.80,,0,100,39.00,-227,4397121,-998146.47,4,fused
74058,000000074058.jpg,640x427,1,0.802851,1,1,TP,yolov8l_bsz4.ms,170.75,99.75,270.50,0.500,Mid (Meeting),4.90,18.12,365.20,3878.00,11499.37,485.80,,0,100,39.00,-227,4397121,-998146.47,4,fused
292488,000000292488.jpg,640x426,1,0.802655,1,1,TP,yolov8l_bsz4.ms,170.75,99.75,270.50,0.500,Mid (Meeting),4.90,18.12,365.20,3878.00,11499.37,485.80,,0,100,39.00,-227,4397121,-998146.47,4,fused
148508,000000148508.jpg,640x425,1,0.802511,1,1,TP,yolov8l_bsz4.ms,170.75,99.75,270.50,0.500,Mid (Meeting),4.90,18.12,365.20,3878.00,11499.37,485.80,,0,100,39.00,-227,4397121,-998146.47,4,fused
563653,000000563653.jpg,640x431,1,0.802508,1,1,TP,yolov8l_bsz4.ms,169.25,98.00,267.25,0.500,Mid (Meeting),4.22,19.09,363.57,3880.00,11499.37,486.40,,0,100,39.00,-237,4396653,-1042006.76,4,fused
446206,000000446206.jpg,640x385,1,0.802492,1,1,TP,yolov8l_bsz4.ms,169.25,98.00,267.25,0.500,Mid (Meeting),4.22,19.09,363.57,3880.00,11499.37,486.40,,0,100,39.00,-237,4396653,-1042006.76,4,fused
100274,000000100274.jpg,640x427,1,0.801749,0,0,FP,yolov8l_bsz4.ms,169.25,98.00,267.25,0.500,Mid (Meeting),4.22,19.09,363.57,3880.00,11499.37,486.40,,0,100,39.00,-237,4396653,-1042006.76,4,fused
142585,000000142585.jpg,375x500,1,0.801630,1,1,TP,yolov8l_bsz4.ms,169.25,98.00,267.25,0.500,Mid (Meeting),4.22,19.09,363.57,3880.00,11499.37,486.40,,0,100,39.00,-237,4396653,-1042006.76,4,fused
111179,000000111179.jpg,480x640,1,0.801414,0,0,FP,yolov8l_bsz4.ms,170.25,105.25,275.50,0.500,Mid (Meeting),4.24,19.09,289.74,3953.00,11499.37,559.41,,0,100,39.00,-215,4397567,-945476.91,4,fused
2006,000000002006.jpg,640x480,1,0.801300,1,1,TP,yolov8l_bsz4.ms,170.25,105.25,275.50,0.500,Mid (Meeting),4.24,19.09,289.74,3953.00,11499.37,559.41,,0,100,39.00,-215,4397567,-945476.91,4,fused
67896,000000067896.jpg,640x480,1,0.800006,0,0,FP,yolov8l_bsz4.ms,170.25,105.25,275.50,0.500,Mid (Meeting),4.24,19.09,289.74,3953.00,11499.37,559.41,,0,100,39.00,-215,4397567,-945476.91,4,fused
196442,000000196442.jpg,640x427,1,0.799903,1,1,TP,yolov8l_bsz4.ms,170.25,105.25,275.50,0.500,Mid (Meeting),4.24,19.09,289.74,3953.00,11499.37,559.41,,0,100,39.00,-215,4397567,-945476.91,4,fused
274708,000000274708.jpg,612x612,1,0.799548,1,1,TP,yolov8l_bsz4.ms,172.00,112.50,284.50,0.500,Mid (Meeting),4.10,18.24,367.83,3875.00,11499.37,480.48,,0,100,39.00,-289,4394767,-1270087.66,4,fused
278749,000000278749.jpg,500x333,1,0.798953,1,1,TP,yolov8l_bsz4.ms,172.00,112.50,284.50,0.500,Mid (Meeting),4.10,18.24,367.83,3875.00,11499.37,480.48,,0,100,39.00,-289,4394767,-1270087.66,4,fused
316054,000000316054.jpg,640x438,1,0.798907,1,1,TP,yolov8l_bsz4.ms,172.00,112.50,284.50,0.500,Mid (Meeting),4.10,18.24,367.83,3875.00,11499.37,480.48,,0,100,39.00,-289,4394767,-1270087.66,4,fused
466602,000000466602.jpg,480x640,1,0.798696,1,1,TP,yolov8l_bsz4.ms,172.00,112.50,284.50,0.500,Mid (Meeting),4.10,18.24,367.83,3875.00,11499.37,480.48,,0,100,39.00,-289,4394767,-1270087.66,4,fused
174018,000000174018.jpg,500x351,1,0.798571,0,0,FP,yolov8l_bsz4.ms,169.75,94.50,264.25,0.500,Mid (Meeting),4.04,18.24,367.60,3875.00,11499.37,480.09,,0,100,39.00,-250,4395847,-1098961.75,4,fused
15597,000000015597.jpg,433x640,1,0.798570,1,1,TP,yolov8l_bsz4.ms,169.75,94.50,264.25,0.500,Mid (Meeting),4.04,18.24,367.60,3875.00,11499.37,480.09,,0,100,39.00,-250,4395847,-1098961.75,4,fused
336053,000000336053.jpg,640x480,1,0.797857,1,1,TP,yolov8l_bsz4.ms,169.75,94.50,264.25,0.500,Mid (Meeting),4.04,18.24,367.60,3875.00,11499.37,480.09,,0,100,39.00,-250,4395847,-1098961.75,4,fused
456143,000000456143.jpg,640x361,1,0.797766,0,0,FP,yolov8l_bsz4.ms,169.75,94.50,264.25,0.500,Mid (Meeting),4.04,18.24,367.60,3875.00,11499.37,480.09,,0,100,39.00,-250,4395847,-1098961.75,4,fused
411817,000000411817.jpg,640x480,1,0.797675,1,1,TP,yolov8l_bsz4.ms,169.50,102.50,272.00,0.500,Mid (Meeting),4.05,18.08,345.70,3896.00,11499.37,500.02,,0,100,39.00,-136,4400140,-598419.04,4,fused
36494,000000036494.jpg,640x434,1,0.797388,1,1,TP,yolov8l_bsz4.ms,169.50,102.50,272.00,0.500,Mid (Meeting),4.05,18.08,345.70,3896.00,11499.37,500.02,,0,100,39.00,-136,4400140,-598419.04,4,fused
291490,000000291490.jpg,640x393,1,0.797108,0,0,FP,yolov8l_bsz4.ms,169.50,102.50,272.00,0.500,Mid (Meeting),4.05,18.08,345.70,3896.00,11499.37,500.02,,0,100,39.00,-136,4400140,-598419.04,4,fused
549136,000000549136.jpg,640x434,1,0.796841,0,0,FP,yolov8l_bsz4.ms,169.50,102.50,272.00,0.500,Mid (Meeting),4.05,18.08,345.70,3896.00,11499.37,500.02,,0,100,39.00,-136,4400140,-598419.04,4,fused
482735,000000482735.jpg,640x427,1,0.795952,1,1,TP,yolov8l_bsz4.ms,169.25,106.75,276.00,0.500,Mid (Meeting),4.03,18.08,290.31,3952.00,11499.37,554.43,,0,100,39.00,-182,4398616,-800548.11,4,fused
357501,000000357501.jpg,640x480,1,0.795891,0,0,FP,yolov8l_bsz4.ms,169.25,106.75,276.00,0.500,Mid (Meeting),4.03,18.08,290.31,3952.00,11499.37,554.43,,0,100,39.00,-182,4398616,-800548.11,4,fused
383337,000000383337.jpg,640x480,1,0.795799,1,1,TP,yolov8l_bsz4.ms,169.25,106.75,276.00,0.500,Mid (Meeting),4.03,18.08,290.31,3952.00,11499.37,554.43,,0,100,39.00,-182,4398616,-800548.11,4,fused
64523,000000064523.jpg,640x444,1,0.795625,1,1,TP,yolov8l_bsz4.ms,169.25,106.75,276.00,0.500,Mid (Meeting),4.03,18.08,290.31,3952.00,11499.37,554.43,,0,100,39.00,-182,4398616,-800548.11,4,fused
555597,000000555597.jpg,640x517,1,0.795358,1,1,TP,yolov8l_bsz4.ms,169.75,98.75,268.50,0.500,Mid (Meeting),4.00,18.14,367.47,3874.00,11499.37,476.34,,0,100,39.00,-235,4396562,-1033192.07,4,fused
155443,000000155443.jpg,640x423,1,0.795315,0,0,FP,yolov8l_bsz4.ms,169.75,98.75,268.50,0.500,Mid (Meeting),4.00,18.14,367.47,3874.00,11499.37,476.34,,0,100,39.00,-235,4396562,-1033192.07,4,fused
377393,000000377393.jpg,640x480,1,0.795303,1,1,TP,yolov8l_bsz4.ms,169.75,98.75,268.50,0.500,Mid (Meeting),4.00,18.14,367.47,3874.00,11499.37,476.34,,0,100,39.00,-235,4396562,-1033192.07,4,fused
85682,000000085682.jpg,640x427,1,0.793447,1,1,TP,yolov8l_bsz4.ms,169.75,98.75,268.50,0.500,Mid (Meeting),4.00,18.14,367.47,3874.00,11499.37,476.34,,0,100,39.00,-235,4396562,-1033192.07,4,fused
481480,000000481480.jpg,640x444,1,0.793376,1,1,TP,yolov8l_bsz4.ms,172.50,115.00,287.50,0.500,Mid (Meeting),4.01,18.14,362.98,3875.00,11499.37,476.24,,0,100,39.00,-235,4396707,-1033226.15,4,fused
81394,000000081394.jpg,640x480,1,0.793349,1,1,TP,yolov8l_bsz4.ms,172.50,115.00,287.50,0.500,Mid (Meeting),4.01,18.14,362.98,3875.00,11499.37,476.24,,0,100,39.00,-235,4396707,-1033226.15,4,fused
28993,000000028993.jpg,612x612,1,0.792637,1,1,TP,yolov8l_bsz4.ms,172.50,115.00,287.50,0.500,Mid (Meeting),4.01,18.14,362.98,3875.00,11499.37,476.24,,0,100,39.00,-235,4396707,-1033226.15,4,fused
258883,000000258883.jpg,426x640,1,0.792577,1,1,TP,yolov8l_bsz4.ms,172.50,115.00,287.50,0.500,Mid (Meeting),4.01,18.14,362.98,3875.00,11499.37,476.24,,0,100,39.00,-235,4396707,-1033226.15,4,fused
133233,000000133233.jpg,640x361,1,0.792108,0,0,FP,yolov8l_bsz4.ms,172.25,103.00,275.25,0.500,Mid (Meeting),3.63,15.09,343.94,3897.00,11499.37,497.20,,0,100,39.00,-135,4400080,-594010.80,4,fused
185950,000000185950.jpg,337x500,1,0.791824,1,1,TP,yolov8l_bsz4.ms,172.25,103.00,275.25,0.500,Mid (Meeting),3.63,15.09,343.94,3897.00,11499.37,497.20,,0,100,39.00,-135,4400080,-594010.80,4,fused
98287,000000098287.jpg,415x640,1,0.791636,1,1,TP,yolov8l_bsz4.ms,172.25,103.00,275.25,0.500,Mid (Meeting),3.63,15.09,343.94,3897.00,11499.37,497.20,,0,100,39.00,-135,4400080,-594010.80,4,fused
10707,000000010707.jpg,640x480,1,0.791610,1,1,TP,yolov8l_bsz4.ms,172.25,103.00,275.25,0.500,Mid (Meeting),3.63,15.09,343.94,3897.00,11499.37,497.20,,0,100,39.00,-135,4400080,-594010.80,4,fused
349152,000000349152.jpg,480x640,1,0.791513,0,0,FP,yolov8l_bsz4.ms,169.50,110.00,279.50,0.500,Mid (Meeting),3.96,15.09,289.51,3951.00,11499.37,550.38,,0,100,39.00,-229,4396996,-1006912.08,4,fused
66706,000000066706.jpg,612x612,1,0.791450,1,1,TP,yolov8l_bsz4.ms,169.50,110.00,279.50,0.500,Mid (Meeting),3.96,15.09,289.51,3951.00,11499.37,550.38,,0,100,39.00,-229,4396996,-1006912.08,4,fused
393093,000000393093.jpg,640x424,1,0.791346,1,1,TP,yolov8l_bsz4.ms,169.50,110.00,279.50,0.500,Mid (Meeting),3.96,15.09,289.51,3951.00,11499.37,550.38,,0,100,39.00,-229,4396996,-1006912.08,4,fused
157124,000000157124.jpg,640x424,1,0.791227,0,0,FP,yolov8l_bsz4.ms,169.50,110.00,279.50,0.500,Mid (Meeting),3.96,15.09,289.51,3951.00,11499.37,550.38,,0,100,39.00,-229,4396996,-1006912.08,4,fused
256941,000000256941.jpg,332x500,1,0.790495,0,0,FP,yolov8l_bsz4.ms,169.75,100.75,270.50,0.500,Mid (Meeting),3.82,17.69,367.37,3872.00,11499.37,470.69,,0,100,39.00,-237,4396483,-1041966.47,4,fused
100489,000000100489.jpg,479x640,1,0.790409,0,0,FP,yolov8l_bsz4.ms,169.75,100.75,270.50,0.500,Mid (Meeting),3.82,17.69,367.37,3872.00,11499.37,470.69,,0,100,39.00,-237,4396483,-1041966.47,4,fused
442822,000000442822.jpg,640x427,1,0.790181,0,0,FP,yolov8l_bsz4.ms,169.75,100.75,270.50,0.500,Mid (Meeting),3.82,17.69,367.37,3872.00,11499.37,470.69,,0,100,39.00,-237,4396483,-1041966.47,4,fused
433915,000000433915.jpg,640x480,1,0.790104,1,1,TP,yolov8l_bsz4.ms,169.75,100.75,270.50,0.500,Mid (Meeting),3.82,17.69,367.37,3872.00,11499.37,470.69,,0,100,39.00,-237,4396483,-1041966.47,4,fused
425226,000000425226.jpg,480x640,1,0.790063,1,1,TP,yolov8l_bsz4.ms,170.25,107.75,278.00,0.500,Mid (Meeting),3.88,17.69,363.69,3875.00,11499.37,473.29,,0,100,39.00,-147,4399527,-646730.47,4,fused
158945,000000158945.jpg,478x640,1,0.788170,1,1,TP,yolov8l_bsz4.ms,170.25,107.75,278.00,0.500,Mid (Meeting),3.88,17.69,363.69,3875.00,11499.37,473.29,,0,100,39.00,-147,4399527,-646730.47,4,fused
175443,000000175443.jpg,480x640,1,0.788045,0,0,FP,yolov8l_bsz4.ms,170.25,107.75,278.00,0.500,Mid (Meeting),3.88,17.69,363.69,3875.00,11499.37,473.29,,0,100,39.00,-147,4399527,-646730.47,4,fused
396518,000000396518.jpg,500x375,1,0.787889,1,1,TP,yolov8l_bsz4.ms,170.25,107.75,278.00,0.500,Mid (Meeting),3.88,17.69,363.69,3875.00,11499.37,473.29,,0,100,39.00,-147,4399527,-646730.47,4,fused
48504,000000048504.jpg,640x427,1,0.787624,1,1,TP,yolov8l_bsz4.ms,169.50,106.50,276.00,0.500,Mid (Meeting),3.94,18.03,344.54,3894.00,11499.37,491.32,,0,100,39.00,-202,4397670,-888329.34,4,fused
543043,000000543043.jpg,640x480,1,0.787419,0,0,FP,yolov8l_bsz4.ms,169.50,106.50,276.00,0.500,Mid (Meeting),3.94,18.03,344.54,3894.00,11499.37,491.32,,0,100,39.00,-202,4397670,-888329.34,4,fused
176037,000000176037.jpg,640x431,1,0.787307,1,1,TP,yolov8l_bsz4.ms,169.50,106.50,276.00,0.500,Mid (Meeting),3.94,18.03,344.54,3894.00,11499.37,491.32,,0,100,39.00,-202,4397670,-888329.34,4,fused
175438,000000175438.jpg,640x468,1,0.787167,0,0,FP,yolov8l_bsz4.ms,169.50,106.50,276.00,0.500,Mid (Meeting),3.94,18.03,344.54,3894.00,11499.37,491.32,,0,100,39.00,-202,4397670,-888329.34,4,fused
201148,000000201148.jpg,640x359,1,0.786834,1,1,TP,yolov8l_bsz4.ms,170.25,106.00,276.25,0.500,Mid (Meeting),3.97,18.03,290.19,3947.00,11499.37,544.11,,0,100,39.00,-207,4397926,-910370.68,4,fused
85376,000000085376.jpg,480x640,1,0.786339,1,1,TP,yolov8l_bsz4.ms,170.25,106.00,276.25,0.500,Mid (Meeting),3.97,18.03,290.19,3947.00,11499.37,544.11,,0,100,39.00,-207,4397926,-910370.68,4,fused
377368,000000377368.jpg,640x481,1,0.786166,1,1,TP,yolov8l_bsz4.ms,170.25,106.00,276.25,0.500,Mid (Meeting),3.97,18.03,290.19,3947.00,11499.37,544.11,,0,100,39.00,-207,4397926,-910370.68,4,fused
17031,000000017031.jpg,500x334,1,0.785204,0,0,FP,yolov8l_bsz4.ms,170.25,106.00,276.25,0.500,Mid (Meeting),3.97,18.03,290.19,3947.00,11499.37,544.11,,0,100,39.00,-207,4397926,-910370.68,4,fused
455555,000000455555.jpg,640x550,1,0.783395,1,1,TP,yolov8l_bsz4.ms,170.50,103.50,274.00,0.500,Mid (Meeting),3.93,18.07,367.80,3869.00,11499.37,465.44,,0,100,39.00,-243,4396256,-1068290.21,4,fused
469828,000000469828.jpg,640x480,1,0.783136,1,1,TP,yolov8l_bsz4.ms,170.50,103.50,274.00,0.500,Mid (Meeting),3.93,18.07,367.80,3869.00,11499.37,465.44,,0,100,39.00,-243,4396256,-1068290.21,4,fused
220764,000000220764.jpg,640x427,1,0.782399,1,1,TP,yolov8l_bsz4.ms,170.50,103.50,274.00,0.500,Mid (Meeting),3.93,18.07,367.80,3869.00,11499.37,465.44,,0,100,39.00,-243,4396256,-1068290.21,4,fused
67315,000000067315.jpg,640x427,1,0.782191,1,1,TP,yolov8l_bsz4.ms,170.50,103.50,274.00,0.500,Mid (Meeting),3.93,18.07,367.80,3869.00,11499.37,465.44,,0,100,39.00,-243,4396256,-1068290.21,4,fused
242287,000000242287.jpg,426x640,1,0.782162,0,0,FP,yolov8l_bsz4.ms,171.50,97.50,269.00,0.500,Mid (Meeting),3.89,18.07,364.46,3872.00,11499.37,467.64,,0,100,39.00,-223,4397272,-980591.66,4,fused
512564,000000512564.jpg,640x424,1,0.782093,1,1,TP,yolov8l_bsz4.ms,171.50,97.50,269.00,0.500,Mid (Meeting),3.89,18.07,364.46,3872.00,11499.37,467.64,,0,100,39.00,-223,4397272,-980591.66,4,fused
292997,000000292997.jpg,640x480,1,0.782088,1,1,TP,yolov8l_bsz4.ms,171.50,97.50,269.00,0.500,Mid (Meeting),3.89,18.07,364.46,3872.00,11499.37,467.64,,0,100,39.00,-223,4397272,-980591.66,4,fused
377723,000000377723.jpg,640x427,1,0.781836,1,1,TP,yolov8l_bsz4.ms,171.50,97.50,269.00,0.500,Mid (Meeting),3.89,18.07,364.46,3872.00,11499.37,467.64,,0,100,39.00,-223,4397272,-980591.66,4,fused
226802,000000226802.jpg,640x360,1,0.780360,1,1,TP,yolov8l_bsz4.ms,170.00,92.50,262.50,0.500,Mid (Meeting),8.17,18.17,344.91,3891.00,11499.37,485.73,,0,100,39.00,-313,4393708,-1375230.60,4,fused
570169,000000570169.jpg,423x640,1,0.779971,0,0,FP,yolov8l_bsz4.ms,170.00,92.50,262.50,0.500,Mid (Meeting),8.17,18.17,344.91,3891.00,11499.37,485.73,,0,100,39.00,-313,4393708,-1375230.60,4,fused
410735,000000410735.jpg,640x512,1,0.779355,1,1,TP,yolov8l_bsz4.ms,170.00,92.50,262.50,0.500,Mid (Meeting),8.17,18.17,344.91,3891.00,11499.37,485.73,,0,100,39.00,-313,4393708,-1375230.60,4,fused
161032,000000161032.jpg,640x480,1,0.778836,1,1,TP,yolov8l_bsz4.ms,170.00,92.50,262.50,0.500,Mid (Meeting),8.17,18.17,344.91,3891.00,11499.37,485.73,,0,100,39.00,-313,4393708,-1375230.60,4,fused
489842,000000489842.jpg,640x566,1,0.777878,1,1,TP,yolov8l_bsz4.ms,172.25,107.50,279.75,0.500,Mid (Meeting),4.71,18.17,289.62,3946.00,11499.37,539.02,,0,100,39.00,-275,4395693,-1208815.57,4,fused
42070,000000042070.jpg,640x512,1,0.777733,1,1,TP,yolov8l_bsz4.ms,172.25,107.50,279.75,0.500,Mid (Meeting),4.71,18.17,289.62,3946.00,11499.37,539.02,,0,100,39.00,-275,4395693,-1208815.57,4,fused
476787,000000476787.jpg,640x480,1,0.777502,0,0,FP,yolov8l_bsz4.ms,172.25,107.50,279.75,0.500,Mid (Meeting),4.71,18.17,289.62,3946.00,11499.37,539.02,,0,100,39.00,-275,4395693,-1208815.57,4,fused
265108,000000265108.jpg,427x640,1,0.777377,0,0,FP,yolov8l_bsz4.ms,172.25,107.50,279.75,0.500,Mid (Meeting),4.71,18.17,289.62,3946.00,11499.37,539.02,,0,100,39.00,-275,4395693,-1208815.57,4,fused
72852,000000072852.jpg,424x640,1,0.776838,1,1,TP,yolov8l_bsz4.ms,172.00,111.00,283.00,0.500,Mid (Meeting),4.32,17.40,367.16,3868.00,11499.37,460.75,,0,100,39.00,-137,4399846,-602778.90,4,fused
315187,000000315187.jpg,640x448,1,0.776264,1,1,TP,yolov8l_bsz4.ms,172.00,111.00,283.00,0.500,Mid (Meeting),4.32,17.40,367.16,3868.00,11499.37,460.75,,0,100,39.00,-137,4399846,-602778.90,4,fused
255718,000000255718.jpg,480x640,1,0.775905,0,0,FP,yolov8l_bsz4.ms,172.00,111.00,283.00,0.500,Mid (Meeting),4.32,17.40,367.16,3868.00,11499.37,460.75,,0,100,39.00,-137,4399846,-602778.90,4,fused
85576,000000085576.jpg,500x400,1,0.775797,0,0,FP,yolov8l_bsz4.ms,172.00,111.00,283.00,0.500,Mid (Meeting),4.32,17.40,367.16,3868.00,11499.37,460.75,,0,100,39.00,-137,4399846,-602778.90,4,fused
415194,000000415194.jpg,640x480,1,0.774704,0,0,FP,yolov8l_bsz4.ms,174.25,102.00,276.25,0.500,Mid (Meeting),4.24,17.40,364.42,3872.00,11499.37,464.58,,0,100,39.00,-222,4396848,-976100.26,4,fused
579902,000000579902.jpg,556x640,1,0.774694,1,1,TP,yolov8l_bsz4.ms,174.25,102.00,276.25,0.500,Mid (Meeting),4.24,17.40,364.42,3872.00,11499.37,464.58,,0,100,39.00,-222,4396848,-976100.26,4,fused
23899,000000023899.jpg,640x425,1,0.774451,1,1,TP,yolov8l_bsz4.ms,174.25,102.00,276.25,0.500,Mid (Meeting),4.24,17.40,364.42,3872.00,11499.37,464.58,,0,100,39.00,-222,4396848,-976100.26,4,fused
293324,000000293324.jpg,640x406,1,0.774060,0,0,FP,yolov8l_bsz4.ms,174.25,102.00,276.25,0.500,Mid (Meeting),4.24,17.40,364.42,3872.00,11499.37,464.58,,0,100,39.00,-222,4396848,-976100.26,4,fused
1584,000000001584.jpg,612x612,1,0.773194,1,1,TP,yolov8l_bsz4.ms,168.75,102.25,271.00,0.500,Mid (Meeting),4.17,17.51,343.92,3892.00,11499.37,484.23,,0,100,39.00,-278,4394723,-1221732.99,4,fused
214205,000000214205.jpg,640x439,1,0.772961,0,0,FP,yolov8l_bsz4.ms,168.75,102.25,271.00,0.500,Mid (Meeting),4.17,17.51,343.92,3892.00,11499.37,484.23,,0,100,39.00,-278,4394723,-1221732.99,4,fused
455448,000000455448.jpg,478x640,1,0.772909,1,1,TP,yolov8l_bsz4.ms,168.75,102.25,271.00,0.500,Mid (Meeting),4.17,17.51,343.92,3892.00,11499.37,484.23,,0,100,39.00,-278,4394723,-1221732.99,4,fused
44068,000000044068.jpg,480x640,1,0.772742,0,0,FP,yolov8l_bsz4.ms,168.75,102.25,271.00,0.500,Mid (Meeting),4.17,17.51,343.92,3892.00,11499.37,484.23,,0,100,39.00,-278,4394723,-1221732.99,4,fused
219283,000000219283.jpg,500x500,1,0.771342,0,0,FP,yolov8l_bsz4.ms,169.75,125.00,294.75,0.500,Mid (Meeting),4.16,17.51,289.79,3946.00,11499.37,537.24,,0,100,39.00,-202,4397430,-888280.86,4,fused
524108,000000524108.jpg,640x400,1,0.770797,0,0,FP,yolov8l_bsz4.ms,169.75,125.00,294.75,0.500,Mid (Meeting),4.16,17.51,289.79,3946.00,11499.37,537.24,,0,100,39.00,-202,4397430,-888280.86,4,fused
149406,000000149406.jpg,640x638,1,0.770111,0,0,FP,yolov8l_bsz4.ms,169.75,125.00,294.75,0.500,Mid (Meeting),4.16,17.51,289.79,3946.00,11499.37,537.24,,0,100,39.00,-202,4397430,-888280.86,4,fused
575187,000000575187.jpg,500x375,1,0.768879,1,1,TP,yolov8l_bsz4.ms,169.75,125.00,294.75,0.500,Mid (Meeting),4.16,17.51,289.79,3946.00,11499.37,537.24,,0,100,39.00,-202,4397430,-888280.86,4,fused
218362,000000218362.jpg,640x426,1,0.768438,0,0,FP,yolov8l_bsz4.ms,171.75,109.50,281.25,0.500,Mid (Meeting),4.13,16.76,365.75,3870.00,11499.37,459.65,,0,100,39.00,-155,4399307,-681892.58,4,fused
361571,000000361571.jpg,640x425,1,0.768163,0,0,FP,yolov8l_bsz4.ms,171.75,109.50,281.25,0.500,Mid (Meeting),4.13,16.76,365.75,3870.00,11499.37,459.65,,0,100,39.00,-155,4399307,-681892.58,4,fused
514376,000000514376.jpg,640x480,1,0.768125,0,0,FP,yolov8l_bsz4.ms,171.75,109.50,281.25,0.500,Mid (Meeting),4.13,16.76,365.75,3870.00,11499.37,459.65,,0,100,39.00,-155,4399307,-681892.58,4,fused
220858,000000220858.jpg,500x367,1,0.767426,1,1,TP,yolov8l_bsz4.ms,171.75,109.50,281.25,0.500,Mid (Meeting),4.13,16.76,365.75,3870.00,11499.37,459.65,,0,100,39.00,-155,4399307,-681892.58,4,fused
474854,000000474854.jpg,424x640,1,0.766499,1,1,TP,yolov8l_bsz4.ms,170.75,96.75,267.50,0.500,Mid (Meeting),4.10,16.76,366.34,3853.00,11499.37,442.57,,0,100,39.00,-204,4397516,-897093.26,4,fused
2431,000000002431.jpg,457x640,1,0.766166,1,1,TP,yolov8l_bsz4.ms,170.75,96.75,267.50,0.500,Mid (Meeting),4.10,16.76,366.34,3853.00,11499.37,442.57,,0,100,39.00,-204,4397516,-897093.26,4,fused
182162,000000182162.jpg,640x425,1,0.766092,0,0,FP,yolov8l_bsz4.ms,170.75,96.75,267.50,0.500,Mid (Meeting),4.10,16.76,366.34,3853.00,11499.37,442.57,,0,100,39.00,-204,4397516,-897093.26,4,fused
410510,000000410510.jpg,640x445,1,0.765810,1,1,TP,yolov8l_bsz4.ms,170.75,96.75,267.50,0.500,Mid (Meeting),4.10,16.76,366.34,3853.00,11499.37,442.57,,0,100,39.00,-204,4397516,-897093.26,4,fused
17029,000000017029.jpg,640x640,1,0.765590,0,0,FP,yolov8l_bsz4.ms,171.50,105.75,277.25,0.500,Mid (Meeting),4.13,18.66,343.80,3855.00,11499.37,443.11,,0,100,39.00,-214,4396987,-940955.22,4,fused
554291,000000554291.jpg,640x428,1,0.765544,0,0,FP,yolov8l_bsz4.ms,171.50,105.75,277.25,0.500,Mid (Meeting),4.13,18.66,343.80,3855.00,11499.37,443.11,,0,100,39.00,-214,4396987,-940955.22,4,fused
420472,000000420472.jpg,640x373,1,0.763796,0,0,FP,yolov8l_bsz4.ms,171.50,105.75,277.25,0.500,Mid (Meeting),4.13,18.66,343.80,3855.00,11499.37,443.11,,0,100,39.00,-214,4396987,-940955.22,4,fused
153527,000000153527.jpg,500x375,1,0.763467,1,1,TP,yolov8l_bsz4.ms,171.50,105.75,277.25,0.500,Mid (Meeting),4.13,18.66,343.80,3855.00,11499.37,443.11,,0,100,39.00,-214,4396987,-940955.22,4,fused
562818,000000562818.jpg,640x480,1,0.763038,1,1,TP,yolov8l_bsz4.ms,172.25,96.00,268.25,0.500,Mid (Meeting),4.82,18.66,290.13,3929.00,11499.37,516.43,,0,100,39.00,-186,4398334,-818090.12,4,fused
548555,000000548555.jpg,640x426,1,0.762951,1,1,TP,yolov8l_bsz4.ms,172.25,96.00,268.25,0.500,Mid (Meeting),4.82,18.66,290.13,3929.00,11499.37,516.43,,0,100,39.00,-186,4398334,-818090.12,4,fused
192871,000000192871.jpg,640x427,1,0.761289,0,0,FP,yolov8l_bsz4.ms,172.25,96.00,268.25,0.500,Mid (Meeting),4.82,18.66,290.13,3929.00,11499.37,516.43,,0,100,39.00,-186,4398334,-818090.12,4,fused
204329,000000204329.jpg,425x640,1,0.761272,1,1,TP,yolov8l_bsz4.ms,172.25,96.00,268.25,0.500,Mid (Meeting),4.82,18.66,290.13,3929.00,11499.37,516.43,,0,100,39.00,-186,4398334,-818090.12,4,fused
369757,000000369757.jpg,640x480,1,0.760968,0,0,FP,yolov8l_bsz4.ms,169.50,99.00,268.50,0.500,Mid (Meeting),4.09,16.82,365.95,3853.00,11499.37,439.48,,0,100,39.00,-193,4397853,-848785.63,4,fused
355240,000000355240.jpg,640x360,1,0.760089,0,0,FP,yolov8l_bsz4.ms,169.50,99.00,268.50,0.500,Mid (Meeting),4.09,16.82,365.95,3853.00,11499.37,439.48,,0,100,39.00,-193,4397853,-848785.63,4,fused
580418,000000580418.jpg,640x428,1,0.759111,1,1,TP,yolov8l_bsz4.ms,169.50,99.00,268.50,0.500,Mid (Meeting),4.09,16.82,365.95,3853.00,11499.37,439.48,,0,100,39.00,-193,4397853,-848785.63,4,fused
279730,000000279730.jpg,500x333,1,0.759094,1,1,TP,yolov8l_bsz4.ms,169.50,99.00,268.50,0.500,Mid (Meeting),4.09,16.82,365.95,3853.00,11499.37,439.48,,0,100,39.00,-193,4397853,-848785.63,4,fused
101884,000000101884.jpg,640x426,1,0.758831,0,0,FP,yolov8l_bsz4.ms,170.50,99.75,270.25,0.500,Mid (Meeting),4.10,16.82,364.94,3877.00,11499.37,462.89,,0,100,39.00,-242,4396153,-1063869.03,4,fused
262631,000000262631.jpg,480x640,1,0.758630,1,1,TP,yolov8l_bsz4.ms,170.50,99.75,270.25,0.500,Mid (Meeting),4.10,16.82,364.94,3877.00,11499.37,462.89,,0,100,39.00,-242,4396153,-1063869.03,4,fused
181816,000000181816.jpg,640x480,1,0.758526,1,1,TP,yolov8l_bsz4.ms,170.50,99.75,270.25,0.500,Mid (Meeting),4.10,16.82,364.94,3877.00,11499.37,462.89,,0,100,39.00,-242,4396153,-1063869.03,4,fused
106757,000000106757.jpg,426x640,1,0.757957,1,1,TP,yolov8l_bsz4.ms,170.50,99.75,270.25,0.500,Mid (Meeting),4.10,16.82,364.94,3877.00,11499.37,462.89,,0,100,39.00,-242,4396153,-1063869.03,4,fused
535608,000000535608.jpg,500x376,1,0.757496,1,1,TP,yolov8l_bsz4.ms,170.00,111.00,281.00,0.500,Mid (Meeting),4.08,16.68,342.90,3899.00,11499.37,484.00,,0,100,39.00,-169,4398766,-743391.45,4,fused
108503,000000108503.jpg,640x427,1,0.756737,1,1,TP,yolov8l_bsz4.ms,170.00,111.00,281.00,0.500,Mid (Meeting),4.08,16.68,342.90,3899.00,11499.37,484.00,,0,100,39.00,-169,4398766,-743391.45,4,fused
379476,000000379476.jpg,485x640,1,0.756217,0,0,FP,yolov8l_bsz4.ms,170.00,111.00,281.00,0.500,Mid (Meeting),4.08,16.68,342.90,3899.00,11499.37,484.00,,0,100,39.00,-169,4398766,-743391.45,4,fused
293794,000000293794.jpg,428x640,1,0.756137,1,1,TP,yolov8l_bsz4.ms,170.00,111.00,281.00,0.500,Mid (Meeting),4.08,16.68,342.90,3899.00,11499.37,484.00,,0,100,39.00,-169,4398766,-743391.45,4,fused
89697,000000089697.jpg,640x429,1,0.755845,1,1,TP,yolov8l_bsz4.ms,169.75,98.75,268.50,0.500,Mid (Meeting),4.06,16.68,288.96,3953.00,11499.37,537.42,,0,100,39.00,-189,4398114,-831243.55,4,fused
125472,000000125472.jpg,427x640,1,0.755171,1,1,TP,yolov8l_bsz4.ms,169.75,98.75,268.50,0.500,Mid (Meeting),4.06,16.68,288.96,3953.00,11499.37,537.42,,0,100,39.00,-189,4398114,-831243.55,4,fused
279927,000000279927.jpg,640x442,1,0.754838,1,1,TP,yolov8l_bsz4.ms,169.75,98.75,268.50,0.500,Mid (Meeting),4.06,16.68,288.96,3953.00,11499.37,537.42,,0,100,39.00,-189,4398114,-831243.55,4,fused
33638,000000033638.jpg,425x640,1,0.754675,1,1,TP,yolov8l_bsz4.ms,169.75,98.75,268.50,0.500,Mid (Meeting),4.06,16.68,288.96,3953.00,11499.37,537.42,,0,100,39.00,-189,4398114,-831243.55,4,fused
254016,000000254016.jpg,480x640,1,0.754506,1,1,TP,yolov8l_bsz4.ms,167.50,110.75,278.25,0.500,Mid (Meeting),4.04,16.12,367.09,3875.00,11499.37,458.27,,0,100,39.00,-188,4397908,-826806.70,4,fused
192904,000000192904.jpg,640x436,1,0.753788,0,0,FP,yolov8l_bsz4.ms,167.50,110.75,278.25,0.500,Mid (Meeting),4.04,16.12,367.09,3875.00,11499.37,458.27,,0,100,39.00,-188,4397908,-826806.70,4,fused
343934,000000343934.jpg,640x480,1,0.753715,0,0,FP,yolov8l_bsz4.ms,167.50,110.75,278.25,0.500,Mid (Meeting),4.04,16.12,367.09,3875.00,11499.37,458.27,,0,100,39.00,-188,4397908,-826806.70,4,fused
455597,000000455597.jpg,640x446,1,0.753356,1,1,TP,yolov8l_bsz4.ms,167.50,110.75,278.25,0.500,Mid (Meeting),4.04,16.12,367.09,3875.00,11499.37,458.27,,0,100,39.00,-188,4397908,-826806.70,4,fused
215778,000000215778.jpg,640x427,1,0.752651,0,0,FP,yolov8l_bsz4.ms,173.00,99.00,272.00,0.500,Mid (Meeting),4.05,16.12,362.94,3875.00,11499.37,458.53,,0,100,39.00,-152,4399110,-668664.72,4,fused
531495,000000531495.jpg,640x438,1,0.752479,0,0,FP,yolov8l_bsz4.ms,173.00,99.00,272.00,0.500,Mid (Meeting),4.05,16.12,362.94,3875.00,11499.37,458.53,,0,100,39.00,-152,4399110,-668664.72,4,fused
136334,000000136334.jpg,640x480,1,0.752109,1,1,TP,yolov8l_bsz4.ms,173.00,99.00,272.00,0.500,Mid (Meeting),4.05,16.12,362.94,3875.00,11499.37,458.53,,0,100,39.00,-152,4399110,-668664.72,4,fused
135902,000000135902.jpg,640x425,1,0.751995,1,1,TP,yolov8l_bsz4.ms,173.00,99.00,272.00,0.500,Mid (Meeting),4.05,16.12,362.94,3875.00,11499.37,458.53,,0,100,39.00,-152,4399110,-668664.72,4,fused
82846,000000082846.jpg,640x454,1,0.751953,0,0,FP,yolov8l_bsz4.ms,169.75,95.00,264.75,0.500,Mid (Meeting),4.04,16.12,343.40,3898.00,11499.37,480.63,,0,100,39.00,-310,4394146,-1362185.26,4,fused
40083,000000040083.jpg,500x333,1,0.751927,1,1,TP,yolov8l_bsz4.ms,169.75,95.00,264.75,0.500,Mid (Meeting),4.04,16.12,343.40,3898.00,11499.37,480.63,,0,100,39.00,-310,4394146,-1362185.26,4,fused
330396,000000330396.jpg,500x375,1,0.751810,1,1,TP,yolov8l_bsz4.ms,169.75,95.00,264.75,0.500,Mid (Meeting),4.04,16.12,343.40,3898.00,11499.37,480.63,,0,100,39.00,-310,4394146,-1362185.26,4,fused
166768,000000166768.jpg,426x640,1,0.751805,1,1,TP,yolov8l_bsz4.ms,169.75,95.00,264.75,0.500,Mid (Meeting),4.04,16.12,343.40,3898.00,11499.37,480.63,,0,100,39.00,-310,4394146,-1362185.26,4,fused
329319,000000329319.jpg,428x640,1,0.751784,0,0,FP,yolov8l_bsz4.ms,171.50,95.75,267.25,0.500,Mid (Meeting),3.99,16.12,288.08,3953.00,11499.37,535.07,,0,100,39.00,-114,4400395,-501645.03,4,fused
419601,000000419601.jpg,500x329,1,0.751556,0,0,FP,yolov8l_bsz4.ms,171.50,95.75,267.25,0.500,Mid (Meeting),3.99,16.12,288.08,3953.00,11499.37,535.07,,0,100,39.00,-114,4400395,-501645.03,4,fused
460841,000000460841.jpg,500x375,1,0.750750,1,1,TP,yolov8l_bsz4.ms,171.50,95.75,267.25,0.500,Mid (Meeting),3.99,16.12,288.08,3953.00,11499.37,535.07,,0,100,39.00,-114,4400395,-501645.03,4,fused
431848,000000431848.jpg,378x640,1,0.750433,1,1,TP,yolov8l_bsz4.ms,171.50,95.75,267.25,0.500,Mid (Meeting),3.99,16.12,288.08,3953.00,11499.37,535.07,,0,100,39.00,-114,4400395,-501645.03,4,fused
107339,000000107339.jpg,240x180,1,0.749358,1,1,TP,yolov8l_bsz4.ms,170.50,99.25,269.75,0.500,Mid (Meeting),3.57,14.20,364.49,3876.00,11499.37,457.20,,0,100,39.00,-276,4395009,-1213022.48,4,fused
520910,000000520910.jpg,427x640,1,0.749282,1,1,TP,yolov8l_bsz4.ms,170.50,99.25,269.75,0.500,Mid (Meeting),3.57,14.20,364.49,3876.00,11499.37,457.20,,0,100,39.00,-276,4395009,-1213022.48,4,fused
196754,000000196754.jpg,375x500,1,0.749270,0,0,FP,yolov8l_bsz4.ms,170.50,99.25,269.75,0.500,Mid (Meeting),3.57,14.20,364.49,3876.00,11499.37,457.20,,0,100,39.00,-276,4395009,-1213022.48,4,fused
85823,000000085823.jpg,640x427,1,0.748919,0,0,FP,yolov8l_bsz4.ms,170.50,99.25,269.75,0.500,Mid (Meeting),3.57,14.20,364.49,3876.00,11499.37,457.20,,0,100,39.00,-276,4395009,-1213022.48,4,fused
490125,000000490125.jpg,500x335,1,0.748896,0,0,FP,yolov8l_bsz4.ms,171.00,107.25,278.25,0.500,Mid (Meeting),3.94,14.20,362.43,3878.00,11499.37,457.72,,0,100,39.00,-175,4398051,-769658.93,4,fused
185292,000000185292.jpg,421x640,1,0.748790,1,1,TP,yolov8l_bsz4.ms,171.00,107.25,278.25,0.500,Mid (Meeting),3.94,14.20,362.43,3878.00,11499.37,457.72,,0,100,39.00,-175,4398051,-769658.93,4,fused
412531,000000412531.jpg,640x480,1,0.748772,0,0,FP,yolov8l_bsz4.ms,171.00,107.25,278.25,0.500,Mid (Meeting),3.94,14.20,362.43,3878.00,11499.37,457.72,,0,100,39.00,-175,4398051,-769658.93,4,fused
294855,000000294855.jpg,500x375,1,0.747829,0,0,FP,yolov8l_bsz4.ms,171.00,107.25,278.25,0.500,Mid (Meeting),3.94,14.20,362.43,3878.00,11499.37,457.72,,0,100,39.00,-175,4398051,-769658.93,4,fused
35197,000000035197.jpg,429x640,1,0.747759,1,1,TP,yolov8l_bsz4.ms,173.75,100.50,274.25,0.500,Mid (Meeting),3.94,17.08,346.21,3894.00,11499.37,472.97,,0,100,39.00,-325,4393328,-1427831.60,4,fused
206027,000000206027.jpg,640x480,1,0.747723,0,0,FP,yolov8l_bsz4.ms,173.75,100.50,274.25,0.500,Mid (Meeting),3.94,17.08,346.21,3894.00,11499.37,472.97,,0,100,39.00,-325,4393328,-1427831.60,4,fused
268375,000000268375.jpg,640x424,1,0.747619,0,0,FP,yolov8l_bsz4.ms,173.75,100.50,274.25,0.500,Mid (Meeting),3.94,17.08,346.21,3894.00,11499.37,472.97,,0,100,39.00,-325,4393328,-1427831.60,4,fused
549220,000000549220.jpg,480x640,1,0.747364,1,1,TP,yolov8l_bsz4.ms,173.75,100.50,274.25,0.500,Mid (Meeting),3.94,17.08,346.21,3894.00,11499.37,472.97,,0,100,39.00,-325,4393328,-1427831.60,4,fused
344909,000000344909.jpg,480x640,1,0.747244,0,0,FP,yolov8l_bsz4.ms,172.00,94.50,266.50,0.500,Mid (Meeting),4.00,17.08,289.89,3950.00,11499.37,528.23,,0,100,39.00,-240,4396274,-1055105.76,4,fused
151051,000000151051.jpg,640x478,1,0.746130,1,1,TP,yolov8l_bsz4.ms,172.00,94.50,266.50,0.500,Mid (Meeting),4.00,17.08,289.89,3950.00,11499.37,528.23,,0,100,39.00,-240,4396274,-1055105.76,4,fused
223959,000000223959.jpg,480x640,1,0.746116,1,1,TP,yolov8l_bsz4.ms,172.00,94.50,266.50,0.500,Mid (Meeting),4.00,17.08,289.89,3950.00,11499.37,528.23,,0,100,39.00,-240,4396274,-1055105.76,4,fused
500270,000000500270.jpg,640x425,1,0.745878,1,1,TP,yolov8l_bsz4.ms,172.00,94.50,266.50,0.500,Mid (Meeting),4.00,17.08,289.89,3950.00,11499.37,528.23,,0,100,39.00,-240,4396274,-1055105.76,4,fused
240049,000000240049.jpg,426x640,1,0.745367,1,1,TP,yolov8l_bsz4.ms,171.25,104.50,275.75,0.500,Mid (Meeting),3.91,18.11,367.11,3872.00,11499.37,449.88,,0,100,39.00,-324,4393344,-1423443.46,4,fused
289594,000000289594.jpg,519x640,1,0.745355,1,1,TP,yolov8l_bsz4.ms,171.25,104.50,275.75,0.500,Mid (Meeting),3.91,18.11,367.11,3872.00,11499.37,449.88,,0,100,39.00,-324,4393344,-1423443.46,4,fused
243034,000000243034.jpg,427x640,1,0.744818,1,1,TP,yolov8l_bsz4.ms,171.25,104.50,275.75,0.500,Mid (Meeting),3.91,18.11,367.11,3872.00,11499.37,449.88,,0,100,39.00,-324,4393344,-1423443.46,4,fused
272136,000000272136.jpg,640x428,1,0.744680,1,1,TP,yolov8l_bsz4.ms,171.25,104.50,275.75,0.500,Mid (Meeting),3.91,18.11,367.11,3872.00,11499.37,449.88,,0,100,39.00,-324,4393344,-1423443.46,4,fused
511453,000000511453.jpg,612x612,1,0.744501,0,0,FP,yolov8l_bsz4.ms,174.25,109.00,283.25,0.500,Mid (Meeting),3.90,18.11,367.57,3871.00,11499.37,447.94,,0,100,39.00,-303,4393550,-1331245.65,4,fused
480122,000000480122.jpg,640x640,1,0.744460,0,0,FP,yolov8l_bsz4.ms,174.25,109.00,283.25,0.500,Mid (Meeting),3.90,18.11,367.57,3871.00,11499.37,447.94,,0,100,39.00,-303,4393550,-1331245.65,4,fused
219271,000000219271.jpg,350x500,1,0.744354,1,1,TP,yolov8l_bsz4.ms,174.25,109.00,283.25,0.500,Mid (Meeting),3.90,18.11,367.57,3871.00,11499.37,447.94,,0,100,39.00,-303,4393550,-1331245.65,4,fused
491213,000000491213.jpg,640x480,1,0.743445,1,1,TP,yolov8l_bsz4.ms,174.25,109.00,283.25,0.500,Mid (Meeting),3.90,18.11,367.57,3871.00,11499.37,447.94,,0,100,39.00,-303,4393550,-1331245.65,4,fused
402473,000000402473.jpg,640x480,1,0.743359,0,0,FP,yolov8l_bsz4.ms,169.75,109.25,279.00,0.500,Mid (Meeting),3.98,18.42,346.38,3891.00,11499.37,468.02,,0,100,39.00,-179,4398204,-787278.52,4,fused
542423,000000542423.jpg,640x425,1,0.743314,1,1,TP,yolov8l_bsz4.ms,169.75,109.25,279.00,0.500,Mid (Meeting),3.98,18.42,346.38,3891.00,11499.37,468.02,,0,100,39.00,-179,4398204,-787278.52,4,fused
273551,000000273551.jpg,640x457,1,0.742822,0,0,FP,yolov8l_bsz4.ms,169.75,109.25,279.00,0.500,Mid (Meeting),3.98,18.42,346.38,3891.00,11499.37,468.02,,0,100,39.00,-179,4398204,-787278.52,4,fused
559547,000000559547.jpg,640x491,1,0.742678,1,1,TP,yolov8l_bsz4.ms,169.75,109.25,279.00,0.500,Mid (Meeting),3.98,18.42,346.38,3891.00,11499.37,468.02,,0,100,39.00,-179,4398204,-787278.52,4,fused
238866,000000238866.jpg,640x439,1,0.742147,0,0,FP,yolov8l_bsz4.ms,176.25,98.00,274.25,0.500,Mid (Meeting),3.97,18.42,289.92,3947.00,11499.37,522.48,,0,100,39.00,-256,4395872,-1125343.23,4,fused
254368,000000254368.jpg,392x640,1,0.742090,1,1,TP,yolov8l_bsz4.ms,176.25,98.00,274.25,0.500,Mid (Meeting),3.97,18.42,289.92,3947.00,11499.37,522.48,,0,100,39.00,-256,4395872,-1125343.23,4,fused
427055,000000427055.jpg,640x480,1,0.740646,0,0,FP,yolov8l_bsz4.ms,176.25,98.00,274.25,0.500,Mid (Meeting),3.97,18.42,289.92,3947.00,11499.37,522.48,,0,100,39.00,-256,4395872,-1125343.23,4,fused
429281,000000429281.jpg,480x640,1,0.740271,0,0,FP,yolov8l_bsz4.ms,176.25,98.00,274.25,0.500,Mid (Meeting),3.97,18.42,289.92,3947.00,11499.37,522.48,,0,100,39.00,-256,4395872,-1125343.23,4,fused
398810,000000398810.jpg,500x500,1,0.740176,0,0,FP,yolov8l_bsz4.ms,176.00,98.25,274.25,0.500,Mid (Meeting),8.63,18.34,365.30,3871.00,11499.37,445.96,,0,100,39.00,-389,4390812,-1708025.87,4,fused
117645,000000117645.jpg,640x480,1,0.738905,1,1,TP,yolov8l_bsz4.ms,176.00,98.25,274.25,0.500,Mid (Meeting),8.63,18.34,365.30,3871.00,11499.37,445.96,,0,100,39.00,-389,4390812,-1708025.87,4,fused
146825,000000146825.jpg,640x309,1,0.737335,1,1,TP,yolov8l_bsz4.ms,176.00,98.25,274.25,0.500,Mid (Meeting),8.63,18.34,365.30,3871.00,11499.37,445.96,,0,100,39.00,-389,4390812,-1708025.87,4,fused
552775,000000552775.jpg,375x500,1,0.737312,1,1,TP,yolov8l_bsz4.ms,176.00,98.25,274.25,0.500,Mid (Meeting),8.63,18.34,365.30,3871.00,11499.37,445.96,,0,100,39.00,-389,4390812,-1708025.87,4,fused
17436,000000017436.jpg,481x640,1,0.736799,1,1,TP,yolov8l_bsz4.ms,175.25,109.75,285.00,0.500,Mid (Meeting),5.04,18.34,367.83,3868.00,11499.37,441.83,,0,100,39.00,-283,4394769,-1243719.63,4,fused
124636,000000124636.jpg,640x480,1,0.736615,0,0,FP,yolov8l_bsz4.ms,175.25,109.75,285.00,0.500,Mid (Meeting),5.04,18.34,367.83,3868.00,11499.37,441.83,,0,100,39.00,-283,4394769,-1243719.63,4,fused
161879,000000161879.jpg,640x569,1,0.736400,1,1,TP,yolov8l_bsz4.ms,175.25,109.75,285.00,0.500,Mid (Meeting),5.04,18.34,367.83,3868.00,11499.37,441.83,,0,100,39.00,-283,4394769,-1243719.63,4,fused
563604,000000563604.jpg,640x479,1,0.735895,1,1,TP,yolov8l_bsz4.ms,175.25,109.75,285.00,0.500,Mid (Meeting),5.04,18.34,367.83,3868.00,11499.37,441.83,,0,100,39.00,-283,4394769,-1243719.63,4,fused
144706,000000144706.jpg,640x480,1,0.735521,0,0,FP,yolov8l_bsz4.ms,173.75,106.00,279.75,0.500,Mid (Meeting),4.58,19.13,347.33,3888.00,11499.37,460.95,,0,100,39.00,-193,4397827,-848780.61,4,fused
339442,000000339442.jpg,523x640,1,0.735476,0,0,FP,yolov8l_bsz4.ms,173.75,106.00,279.75,0.500,Mid (Meeting),4.58,19.13,347.33,3888.00,11499.37,460.95,,0,100,39.00,-193,4397827,-848780.61,4,fused
365208,000000365208.jpg,603x640,1,0.735017,1,1,TP,yolov8l_bsz4.ms,173.75,106.00,279.75,0.500,Mid (Meeting),4.58,19.13,347.33,3888.00,11499.37,460.95,,0,100,39.00,-193,4397827,-848780.61,4,fused
557916,000000557916.jpg,640x426,1,0.734199,1,1,TP,yolov8l_bsz4.ms,173.75,106.00,279.75,0.500,Mid (Meeting),4.58,19.13,347.33,3888.00,11499.37,460.95,,0,100,39.00,-193,4397827,-848780.61,4,fused
163951,000000163951.jpg,427x640,1,0.733187,0,0,FP,yolov8l_bsz4.ms,171.50,101.00,272.50,0.500,Mid (Meeting),4.45,19.13,288.75,3946.00,11499.37,518.42,,0,100,39.00,-213,4396839,-936526.71,4,fused
94614,000000094614.jpg,640x427,1,0.732866,1,1,TP,yolov8l_bsz4.ms,171.50,101.00,272.50,0.500,Mid (Meeting),4.45,19.13,288.75,3946.00,11499.37,518.42,,0,100,39.00,-213,4396839,-936526.71,4,fused
161875,000000161875.jpg,640x422,1,0.730922,1,1,TP,yolov8l_bsz4.ms,171.50,101.00,272.50,0.500,Mid (Meeting),4.45,19.13,288.75,3946.00,11499.37,518.42,,0,100,39.00,-213,4396839,-936526.71,4,fused
306437,000000306437.jpg,426x640,1,0.730418,1,1,TP,yolov8l_bsz4.ms,171.50,101.00,272.50,0.500,Mid (Meeting),4.45,19.13,288.75,3946.00,11499.37,518.42,,0,100,39.00,-213,4396839,-936526.71,4,fused
148730,000000148730.jpg,640x427,1,0.730170,0,0,FP,yolov8l_bsz4.ms,170.00,104.50,274.50,0.500,Mid (Meeting),4.24,18.61,366.76,3867.00,11499.37,439.48,,0,100,39.00,-203,4397271,-892646.01,4,fused
236721,000000236721.jpg,640x480,1,0.730151,0,0,FP,yolov8l_bsz4.ms,170.00,104.50,274.50,0.500,Mid (Meeting),4.24,18.61,366.76,3867.00,11499.37,439.48,,0,100,39.00,-203,4397271,-892646.01,4,fused
413404,000000413404.jpg,640x427,1,0.728976,1,1,TP,yolov8l_bsz4.ms,170.00,104.50,274.50,0.500,Mid (Meeting),4.24,18.61,366.76,3867.00,11499.37,439.48,,0,100,39.00,-203,4397271,-892646.01,4,fused
322968,000000322968.jpg,480x640,1,0.728847,0,0,FP,yolov8l_bsz4.ms,170.00,104.50,274.50,0.500,Mid (Meeting),4.24,18.61,366.76,3867.00,11499.37,439.48,,0,100,39.00,-203,4397271,-892646.01,4,fused
295420,000000295420.jpg,640x480,1,0.728726,1,1,TP,yolov8l_bsz4.ms,169.75,100.75,270.50,0.500,Mid (Meeting),4.21,18.61,366.98,3866.00,11499.37,437.01,,0,100,39.00,-149,4399084,-655463.52,4,fused
80153,000000080153.jpg,428x640,1,0.728418,1,1,TP,yolov8l_bsz4.ms,169.75,100.75,270.50,0.500,Mid (Meeting),4.21,18.61,366.98,3866.00,11499.37,437.01,,0,100,39.00,-149,4399084,-655463.52,4,fused
410612,000000410612.jpg,500x334,1,0.727430,0,0,FP,yolov8l_bsz4.ms,169.75,100.75,270.50,0.500,Mid (Meeting),4.21,18.61,366.98,3866.00,11499.37,437.01,,0,100,39.00,-149,4399084,-655463.52,4,fused
306582,000000306582.jpg,640x480,1,0.727166,0,0,FP,yolov8l_bsz4.ms,169.75,100.75,270.50,0.500,Mid (Meeting),4.21,18.61,366.98,3866.00,11499.37,437.01,,0,100,39.00,-149,4399084,-655463.52,4,fused
186345,000000186345.jpg,640x431,1,0.727108,0,0,FP,yolov8l_bsz4.ms,176.25,97.00,273.25,0.500,Mid (Meeting),4.18,18.78,288.00,3945.00,11499.37,515.25,,0,100,39.00,-214,4396883,-940932.96,4,fused
294831,000000294831.jpg,640x361,1,0.726668,1,1,TP,yolov8l_bsz4.ms,176.25,97.00,273.25,0.500,Mid (Meeting),4.18,18.78,288.00,3945.00,11499.37,515.25,,0,100,39.00,-214,4396883,-940932.96,4,fused
39769,000000039769.jpg,640x480,1,0.726531,0,0,FP,yolov8l_bsz4.ms,176.25,97.00,273.25,0.500,Mid (Meeting),4.18,18.78,288.00,3945.00,11499.37,515.25,,0,100,39.00,-214,4396883,-940932.96,4,fused
154718,000000154718.jpg,375x500,1,0.725991,1,1,TP,yolov8l_bsz4.ms,176.25,97.00,273.25,0.500,Mid (Meeting),4.18,18.78,288.00,3945.00,11499.37,515.25,,0,100,39.00,-214,4396883,-940932.96,4,fused
286507,000000286507.jpg,640x434,1,0.725825,0,0,FP,yolov8l_bsz4.ms,172.50,110.50,283.00,0.500,Mid (Meeting),4.11,18.78,367.17,3868.00,11499.37,437.08,,0,100,39.00,-109,4400156,-479617.00,4,fused
248284,000000248284.jpg,427x640,1,0.725219,1,1,TP,yolov8l_bsz4.ms,172.50,110.50,283.00,0.500,Mid (Meeting),4.11,18.78,367.17,3868.00,11499.37,437.08,,0,100,39.00,-109,4400156,-479617.00,4,fused
166521,000000166521.jpg,640x426,1,0.724911,0,0,FP,yolov8l_bsz4.ms,172.50,110.50,283.00,0.500,Mid (Meeting),4.11,18.78,367.17,3868.00,11499.37,437.08,,0,100,39.00,-109,4400156,-479617.00,4,fused
546964,000000546964.jpg,640x478,1,0.724897,1,1,TP,yolov8l_bsz4.ms,172.50,110.50,283.00,0.500,Mid (Meeting),4.11,18.78,367.17,3868.00,11499.37,437.08,,0,100,39.00,-109,4400156,-479617.00,4,fused
463522,000000463522.jpg,640x480,1,0.724656,1,1,TP,yolov8l_bsz4.ms,177.25,97.75,275.00,0.500,Mid (Meeting),4.11,18.95,364.67,3870.00,11499.37,438.46,,0,100,39.00,-175,4398098,-769667.15,4,fused
37751,000000037751.jpg,640x480,1,0.724581,1,1,TP,yolov8l_bsz4.ms,177.25,97.75,275.00,0.500,Mid (Meeting),4.11,18.95,364.67,3870.00,11499.37,438.46,,0,100,39.00,-175,4398098,-769667.15,4,fused
474167,000000474167.jpg,427x640,1,0.724520,1,1,TP,yolov8l_bsz4.ms,177.25,97.75,275.00,0.500,Mid (Meeting),4.11,18.95,364.67,3870.00,11499.37,438.46,,0,100,39.00,-175,4398098,-769667.15,4,fused
417911,000000417911.jpg,640x429,1,0.724485,1,1,TP,yolov8l_bsz4.ms,177.25,97.75,275.00,0.500,Mid (Meeting),4.11,18.95,364.67,3870.00,11499.37,438.46,,0,100,39.00,-175,4398098,-769667.15,4,fused
456496,000000456496.jpg,640x426,1,0.724195,1,1,TP,yolov8l_bsz4.ms,173.50,104.50,278.00,0.500,Mid (Meeting),5.28,18.95,344.78,3889.00,11499.37,456.45,,0,100,39.00,-151,4398930,-664238.43,4,fused
150224,000000150224.jpg,640x427,1,0.723886,1,1,TP,yolov8l_bsz4.ms,173.50,104.50,278.00,0.500,Mid (Meeting),5.28,18.95,344.78,3889.00,11499.37,456.45,,0,100,39.00,-151,4398930,-664238.43,4,fused
312263,000000312263.jpg,527x640,1,0.723884,0,0,FP,yolov8l_bsz4.ms,173.50,104.50,278.00,0.500,Mid (Meeting),5.28,18.95,344.78,3889.00,11499.37,456.45,,0,100,39.00,-151,4398930,-664238.43,4,fused
250901,000000250901.jpg,640x426,1,0.723465,1,1,TP,yolov8l_bsz4.ms,173.50,104.50,278.00,0.500,Mid (Meeting),5.28,18.95,344.78,3889.00,11499.37,456.45,,0,100,39.00,-151,4398930,-664238.43,4,fused
102707,000000102707.jpg,612x612,1,0.723463,0,0,FP,yolov8l_bsz4.ms,172.00,106.25,278.25,0.500,Mid (Meeting),4.51,19.10,288.16,3945.00,11499.37,512.27,,0,100,39.00,-338,4392862,-1484787.36,4,fused
534601,000000534601.jpg,500x332,1,0.723413,0,0,FP,yolov8l_bsz4.ms,172.00,106.25,278.25,0.500,Mid (Meeting),4.51,19.10,288.16,3945.00,11499.37,512.27,,0,100,39.00,-338,4392862,-1484787.36,4,fused
253819,000000253819.jpg,640x427,1,0.723194,1,1,TP,yolov8l_bsz4.ms,172.00,106.25,278.25,0.500,Mid (Meeting),4.51,19.10,288.16,3945.00,11499.37,512.27,,0,100,39.00,-338,4392862,-1484787.36,4,fused
544811,000000544811.jpg,640x429,1,0.722992,0,0,FP,yolov8l_bsz4.ms,172.00,106.25,278.25,0.500,Mid (Meeting),4.51,19.10,288.16,3945.00,11499.37,512.27,,0,100,39.00,-338,4392862,-1484787.36,4,fused
104803,000000104803.jpg,375x500,1,0.722035,0,0,FP,yolov8l_bsz4.ms,178.50,95.75,274.25,0.500,Mid (Meeting),4.24,19.10,365.07,3868.00,11499.37,433.54,,0,100,39.00,-332,4392605,-1458344.86,4,fused
236592,000000236592.jpg,640x480,1,0.721770,0,0,FP,yolov8l_bsz4.ms,178.50,95.75,274.25,0.500,Mid (Meeting),4.24,19.10,365.07,3868.00,11499.37,433.54,,0,100,39.00,-332,4392605,-1458344.86,4,fused
293804,000000293804.jpg,500x333,1,0.720309,0,0,FP,yolov8l_bsz4.ms,178.50,95.75,274.25,0.500,Mid (Meeting),4.24,19.10,365.07,3868.00,11499.37,433.54,,0,100,39.00,-332,4392605,-1458344.86,4,fused
523807,000000523807.jpg,500x375,1,0.719730,1,1,TP,yolov8l_bsz4.ms,178.50,95.75,274.25,0.500,Mid (Meeting),4.24,19.10,365.07,3868.00,11499.37,433.54,,0,100,39.00,-332,4392605,-1458344.86,4,fused
516143,000000516143.jpg,640x480,1,0.718421,1,1,TP,yolov8l_bsz4.ms,175.75,113.75,289.50,0.500,Mid (Meeting),4.16,19.54,366.72,3865.00,11499.37,430.29,,0,100,39.00,-281,4394278,-1234792.12,4,fused
329542,000000329542.jpg,612x612,1,0.717325,1,1,TP,yolov8l_bsz4.ms,175.75,113.75,289.50,0.500,Mid (Meeting),4.16,19.54,366.72,3865.00,11499.37,430.29,,0,100,39.00,-281,4394278,-1234792.12,4,fused
196843,000000196843.jpg,640x480,1,0.717189,0,0,FP,yolov8l_bsz4.ms,175.75,113.75,289.50,0.500,Mid (Meeting),4.16,19.54,366.72,3865.00,11499.37,430.29,,0,100,39.00,-281,4394278,-1234792.12,4,fused
49269,000000049269.jpg,431x640,1,0.716380,0,0,FP,yolov8l_bsz4.ms,175.75,113.75,289.50,0.500,Mid (Meeting),4.16,19.54,366.72,3865.00,11499.37,430.29,,0,100,39.00,-281,4394278,-1234792.12,4,fused
230362,000000230362.jpg,640x478,1,0.716148,0,0,FP,yolov8l_bsz4.ms,174.25,102.25,276.50,0.500,Mid (Meeting),4.14,19.54,363.75,3868.00,11499.37,432.65,,0,100,39.00,-182,4397908,-800419.26,4,fused
26941,000000026941.jpg,640x427,1,0.715903,1,1,TP,yolov8l_bsz4.ms,174.25,102.25,276.50,0.500,Mid (Meeting),4.14,19.54,363.75,3868.00,11499.37,432.65,,0,100,39.00,-182,4397908,-800419.26,4,fused
494869,000000494869.jpg,427x640,1,0.715824,1,1,TP,yolov8l_bsz4.ms,174.25,102.25,276.50,0.500,Mid (Meeting),4.14,19.54,363.75,3868.00,11499.37,432.65,,0,100,39.00,-182,4397908,-800419.26,4,fused
279714,000000279714.jpg,425x640,1,0.715543,0,0,FP,yolov8l_bsz4.ms,174.25,102.25,276.50,0.500,Mid (Meeting),4.14,19.54,363.75,3868.00,11499.37,432.65,,0,100,39.00,-182,4397908,-800419.26,4,fused
250127,000000250127.jpg,640x640,1,0.715496,1,1,TP,yolov8l_bsz4.ms,173.50,113.75,287.25,0.500,Mid (Meeting),4.09,19.18,365.73,3866.00,11499.37,429.83,,0,100,39.00,-270,4394785,-1186591.95,4,fused
120777,000000120777.jpg,500x375,1,0.715369,0,0,FP,yolov8l_bsz4.ms,173.50,113.75,287.25,0.500,Mid (Meeting),4.09,19.18,365.73,3866.00,11499.37,429.83,,0,100,39.00,-270,4394785,-1186591.95,4,fused
88265,000000088265.jpg,427x640,1,0.715367,0,0,FP,yolov8l_bsz4.ms,173.50,113.75,287.25,0.500,Mid (Meeting),4.09,19.18,365.73,3866.00,11499.37,429.83,,0,100,39.00,-270,4394785,-1186591.95,4,fused
499266,000000499266.jpg,640x480,1,0.715342,1,1,TP,yolov8l_bsz4.ms,173.50,113.75,287.25,0.500,Mid (Meeting),4.09,19.18,365.73,3866.00,11499.37,429.83,,0,100,39.00,-270,4394785,-1186591.95,4,fused
119233,000000119233.jpg,500x334,1,0.714810,0,0,FP,yolov8l_bsz4.ms,174.75,112.75,287.50,0.500,Mid (Meeting),4.12,19.18,363.05,3868.00,11499.37,431.57,,0,100,39.00,-325,4392987,-1427720.77,4,fused
393282,000000393282.jpg,640x640,1,0.714806,0,0,FP,yolov8l_bsz4.ms,174.75,112.75,287.50,0.500,Mid (Meeting),4.12,19.18,363.05,3868.00,11499.37,431.57,,0,100,39.00,-325,4392987,-1427720.77,4,fused
109900,000000109900.jpg,640x478,1,0.713617,1,1,TP,yolov8l_bsz4.ms,174.75,112.75,287.50,0.500,Mid (Meeting),4.12,19.18,363.05,3868.00,11499.37,431.57,,0,100,39.00,-325,4392987,-1427720.77,4,fused
568290,000000568290.jpg,640x427,1,0.711884,1,1,TP,yolov8l_bsz4.ms,174.75,112.75,287.50,0.500,Mid (Meeting),4.12,19.18,363.05,3868.00,11499.37,431.57,,0,100,39.00,-325,4392987,-1427720.77,4,fused
36660,000000036660.jpg,500x323,1,0.711658,1,1,TP,yolov8l_bsz4.ms,178.00,106.25,284.25,0.500,Mid (Meeting),4.11,19.03,363.11,3868.00,11499.37,430.68,,0,100,39.00,-145,4398995,-637854.28,4,fused
499775,000000499775.jpg,640x480,1,0.710953,0,0,FP,yolov8l_bsz4.ms,178.00,106.25,284.25,0.500,Mid (Meeting),4.11,19.03,363.11,3868.00,11499.37,430.68,,0,100,39.00,-145,4398995,-637854.28,4,fused
79031,000000079031.jpg,640x427,1,0.710635,1,1,TP,yolov8l_bsz4.ms,178.00,106.25,284.25,0.500,Mid (Meeting),4.11,19.03,363.11,3868.00,11499.37,430.68,,0,100,39.00,-145,4398995,-637854.28,4,fused
421060,000000421060.jpg,640x418,1,0.710313,1,1,TP,yolov8l_bsz4.ms,178.00,106.25,284.25,0.500,Mid (Meeting),4.11,19.03,363.11,3868.00,11499.37,430.68,,0,100,39.00,-145,4398995,-637854.28,4,fused
138550,000000138550.jpg,640x428,1,0.710249,0,0,FP,yolov8l_bsz4.ms,172.25,98.50,270.75,0.500,Mid (Meeting),8.38,19.03,342.71,3888.00,11499.37,449.20,,0,100,39.00,-311,4393729,-1366449.72,4,fused
168330,000000168330.jpg,640x390,1,0.710139,0,0,FP,yolov8l_bsz4.ms,172.25,98.50,270.75,0.500,Mid (Meeting),8.38,19.03,342.71,3888.00,11499.37,449.20,,0,100,39.00,-311,4393729,-1366449.72,4,fused
54628,000000054628.jpg,375x500,1,0.708908,1,1,TP,yolov8l_bsz4.ms,172.25,98.50,270.75,0.500,Mid (Meeting),8.38,19.03,342.71,3888.00,11499.37,449.20,,0,100,39.00,-311,4393729,-1366449.72,4,fused
319696,000000319696.jpg,500x333,1,0.707900,0,0,FP,yolov8l_bsz4.ms,172.25,98.50,270.75,0.500,Mid (Meeting),8.38,19.03,342.71,3888.00,11499.37,449.20,,0,100,39.00,-311,4393729,-1366449.72,4,fused
286908,000000286908.jpg,640x640,1,0.707765,0,0,FP,yolov8l_bsz4.ms,172.00,101.50,273.50,0.500,Mid (Meeting),4.84,15.35,289.00,3942.00,11499.37,501.94,,0,100,39.00,-168,4398355,-738923.64,4,fused
42628,000000042628.jpg,640x426,1,0.707729,1,1,TP,yolov8l_bsz4.ms,172.00,101.50,273.50,0.500,Mid (Meeting),4.84,15.35,289.00,3942.00,11499.37,501.94,,0,100,39.00,-168,4398355,-738923.64,4,fused
468124,000000468124.jpg,640x459,1,0.706879,1,1,TP,yolov8l_bsz4.ms,172.00,101.50,273.50,0.500,Mid (Meeting),4.84,15.35,289.00,3942.00,11499.37,501.94,,0,100,39.00,-168,4398355,-738923.64,4,fused
311789,000000311789.jpg,640x427,1,0.706390,0,0,FP,yolov8l_bsz4.ms,172.00,101.50,273.50,0.500,Mid (Meeting),4.84,15.35,289.00,3942.00,11499.37,501.94,,0,100,39.00,-168,4398355,-738923.64,4,fused
22192,000000022192.jpg,640x426,1,0.705606,0,0,FP,yolov8l_bsz4.ms,174.00,97.75,271.75,0.500,Mid (Meeting),4.19,15.35,365.55,3864.00,11499.37,423.88,,0,100,39.00,-169,4398155,-743288.19,4,fused
235784,000000235784.jpg,640x459,1,0.704172,1,1,TP,yolov8l_bsz4.ms,174.00,97.75,271.75,0.500,Mid (Meeting),4.19,15.35,365.55,3864.00,11499.37,423.88,,0,100,39.00,-169,4398155,-743288.19,4,fused
347163,000000347163.jpg,640x427,1,0.703822,0,0,FP,yolov8l_bsz4.ms,174.00,97.75,271.75,0.500,Mid (Meeting),4.19,15.35,365.55,3864.00,11499.37,423.88,,0,100,39.00,-169,4398155,-743288.19,4,fused
423798,000000423798.jpg,640x320,1,0.702686,0,0,FP,yolov8l_bsz4.ms,174.00,97.75,271.75,0.500,Mid (Meeting),4.19,15.35,365.55,3864.00,11499.37,423.88,,0,100,39.00,-169,4398155,-743288.19,4,fused
504074,000000504074.jpg,640x427,1,0.702664,1,1,TP,yolov8l_bsz4.ms,176.25,101.50,277.75,0.500,Mid (Meeting),4.05,17.44,365.26,3864.00,11499.37,422.89,,0,100,39.00,-208,4396738,-914521.50,4,fused
295809,000000295809.jpg,640x512,1,0.702389,1,1,TP,yolov8l_bsz4.ms,176.25,101.50,277.75,0.500,Mid (Meeting),4.05,17.44,365.26,3864.00,11499.37,422.89,,0,100,39.00,-208,4396738,-914521.50,4,fused
165681,000000165681.jpg,640x444,1,0.702195,1,1,TP,yolov8l_bsz4.ms,176.25,101.50,277.75,0.500,Mid (Meeting),4.05,17.44,365.26,3864.00,11499.37,422.89,,0,100,39.00,-208,4396738,-914521.50,4,fused
186449,000000186449.jpg,436x640,1,0.702033,1,1,TP,yolov8l_bsz4.ms,176.25,101.50,277.75,0.500,Mid (Meeting),4.05,17.44,365.26,3864.00,11499.37,422.89,,0,100,39.00,-208,4396738,-914521.50,4,fused
32941,000000032941.jpg,458x640,1,0.701639,1,1,TP,yolov8l_bsz4.ms,173.50,106.00,279.50,0.500,Mid (Meeting),4.10,17.44,344.18,3884.00,11499.37,442.81,,0,100,39.00,-192,4397543,-844328.26,4,fused
435208,000000435208.jpg,480x640,1,0.701142,1,1,TP,yolov8l_bsz4.ms,173.50,106.00,279.50,0.500,Mid (Meeting),4.10,17.44,344.18,3884.00,11499.37,442.81,,0,100,39.00,-192,4397543,-844328.26,4,fused
6723,000000006723.jpg,640x361,1,0.700983,0,0,FP,yolov8l_bsz4.ms,173.50,106.00,279.50,0.500,Mid (Meeting),4.10,17.44,344.18,3884.00,11499.37,442.81,,0,100,39.00,-192,4397543,-844328.26,4,fused
347174,000000347174.jpg,427x640,1,0.700828,1,1,TP,yolov8l_bsz4.ms,173.50,106.00,279.50,0.500,Mid (Meeting),4.10,17.44,344.18,3884.00,11499.37,442.81,,0,100,39.00,-192,4397543,-844328.26,4,fused
144932,000000144932.jpg,640x425,1,0.699336,1,1,TP,yolov8l_bsz4.ms,169.75,98.75,268.50,0.500,Mid (Meeting),4.06,17.75,288.50,3940.00,11499.37,496.70,,0,100,39.00,-146,4399180,-642280.28,4,fused
5600,000000005600.jpg,640x361,1,0.698713,0,0,FP,yolov8l_bsz4.ms,169.75,98.75,268.50,0.500,Mid (Meeting),4.06,17.75,288.50,3940.00,11499.37,496.70,,0,100,39.00,-146,4399180,-642280.28,4,fused
42276,000000042276.jpg,375x500,1,0.698574,0,0,FP,yolov8l_bsz4.ms,169.75,98.75,268.50,0.500,Mid (Meeting),4.06,17.75,288.50,3940.00,11499.37,496.70,,0,100,39.00,-146,4399180,-642280.28,4,fused
303305,000000303305.jpg,640x480,1,0.698030,1,1,TP,yolov8l_bsz4.ms,169.75,98.75,268.50,0.500,Mid (Meeting),4.06,17.75,288.50,3940.00,11499.37,496.70,,0,100,39.00,-146,4399180,-642280.28,4,fused
248810,000000248810.jpg,375x500,1,0.697234,1,1,TP,yolov8l_bsz4.ms,171.50,102.75,274.25,0.500,Mid (Meeting),4.01,17.75,367.38,3860.00,11499.37,416.81,,0,100,39.00,-347,4392326,-1524137.12,4,fused
220732,000000220732.jpg,640x480,1,0.697104,1,1,TP,yolov8l_bsz4.ms,171.50,102.75,274.25,0.500,Mid (Meeting),4.01,17.75,367.38,3860.00,11499.37,416.81,,0,100,39.00,-347,4392326,-1524137.12,4,fused
416330,000000416330.jpg,640x480,1,0.696846,0,0,FP,yolov8l_bsz4.ms,171.50,102.75,274.25,0.500,Mid (Meeting),4.01,17.75,367.38,3860.00,11499.37,416.81,,0,100,39.00,-347,4392326,-1524137.12,4,fused
289343,000000289343.jpg,529x640,1,0.695900,1,1,TP,yolov8l_bsz4.ms,171.50,102.75,274.25,0.500,Mid (Meeting),4.01,17.75,367.38,3860.00,11499.37,416.81,,0,100,39.00,-347,4392326,-1524137.12,4,fused
493334,000000493334.jpg,500x311,1,0.694910,0,0,FP,yolov8l_bsz4.ms,172.25,96.75,269.00,0.500,Mid (Meeting),3.98,17.73,361.36,3866.00,11499.37,421.36,,0,100,39.00,-139,4399305,-611503.40,4,fused
257084,000000257084.jpg,500x333,1,0.694564,1,1,TP,yolov8l_bsz4.ms,172.25,96.75,269.00,0.500,Mid (Meeting),3.98,17.73,361.36,3866.00,11499.37,421.36,,0,100,39.00,-139,4399305,-611503.40,4,fused
215114,000000215114.jpg,548x640,1,0.694434,1,1,TP,yolov8l_bsz4.ms,172.25,96.75,269.00,0.500,Mid (Meeting),3.98,17.73,361.36,3866.00,11499.37,421.36,,0,100,39.00,-139,4399305,-611503.40,4,fused
505451,000000505451.jpg,444x265,1,0.694343,1,1,TP,yolov8l_bsz4.ms,172.25,96.75,269.00,0.500,Mid (Meeting),3.98,17.73,361.36,3866.00,11499.37,421.36,,0,100,39.00,-139,4399305,-611503.40,4,fused
396903,000000396903.jpg,640x427,1,0.693979,1,1,TP,yolov8l_bsz4.ms,173.50,103.25,276.75,0.500,Mid (Meeting),3.96,17.73,345.32,3881.00,11499.37,436.35,,0,100,39.00,-195,4397254,-857464.53,4,fused
346638,000000346638.jpg,640x480,1,0.693377,0,0,FP,yolov8l_bsz4.ms,173.50,103.25,276.75,0.500,Mid (Meeting),3.96,17.73,345.32,3881.00,11499.37,436.35,,0,100,39.00,-195,4397254,-857464.53,4,fused
414385,000000414385.jpg,640x480,1,0.692229,1,1,TP,yolov8l_bsz4.ms,173.50,103.25,276.75,0.500,Mid (Meeting),3.96,17.73,345.32,3881.00,11499.37,436.35,,0,100,39.00,-195,4397254,-857464.53,4,fused
213593,000000213593.jpg,640x426,1,0.692165,1,1,TP,yolov8l_bsz4.ms,173.50,103.25,276.75,0.500,Mid (Meeting),3.96,17.73,345.32,3881.00,11499.37,436.35,,0,100,39.00,-195,4397254,-857464.53,4,fused
40036,000000040036.jpg,640x427,1,0.691947,1,1,TP,yolov8l_bsz4.ms,172.00,101.50,273.50,0.500,Mid (Meeting),7.84,17.54,290.17,3936.00,11499.37,489.95,,0,100,39.00,-220,4396525,-967235.50,4,fused
229997,000000229997.jpg,640x427,1,0.691879,0,0,FP,yolov8l_bsz4.ms,172.00,101.50,273.50,0.500,Mid (Meeting),7.84,17.54,290.17,3936.00,11499.37,489.95,,0,100,39.00,-220,4396525,-967235.50,4,fused
453584,000000453584.jpg,640x480,1,0.691415,0,0,FP,yolov8l_bsz4.ms,172.00,101.50,273.50,0.500,Mid (Meeting),7.84,17.54,290.17,3936.00,11499.37,489.95,,0,100,39.00,-220,4396525,-967235.50,4,fused
572303,000000572303.jpg,640x480,1,0.691008,0,0,FP,yolov8l_bsz4.ms,172.00,101.50,273.50,0.500,Mid (Meeting),7.84,17.54,290.17,3936.00,11499.37,489.95,,0,100,39.00,-220,4396525,-967235.50,4,fused
321887,000000321887.jpg,640x424,1,0.690963,0,0,FP,yolov8l_bsz4.ms,170.75,94.75,265.50,0.500,Mid (Meeting),4.87,17.54,366.89,3859.00,11499.37,412.31,,0,100,40.00,-159,4398548,-699369.13,4,fused
123131,000000123131.jpg,640x427,1,0.690571,0,0,FP,yolov8l_bsz4.ms,170.75,94.75,265.50,0.500,Mid (Meeting),4.87,17.54,366.89,3859.00,11499.37,412.31,,0,100,40.00,-159,4398548,-699369.13,4,fused
7386,000000007386.jpg,600x400,1,0.689710,0,0,FP,yolov8l_bsz4.ms,170.75,94.75,265.50,0.500,Mid (Meeting),4.87,17.54,366.89,3859.00,11499.37,412.31,,0,100,40.00,-159,4398548,-699369.13,4,fused
359855,000000359855.jpg,640x510,1,0.689478,0,0,FP,yolov8l_bsz4.ms,170.75,94.75,265.50,0.500,Mid (Meeting),4.87,17.54,366.89,3859.00,11499.37,412.31,,0,100,40.00,-159,4398548,-699369.13,4,fused
80659,000000080659.jpg,640x427,1,0.689298,1,1,TP,yolov8l_bsz4.ms,173.25,97.50,270.75,0.500,Mid (Meeting),4.44,15.97,366.41,3859.00,11499.37,412.05,,0,100,40.00,-210,4397017,-923373.57,4,fused
128051,000000128051.jpg,640x360,1,0.689268,0,0,FP,yolov8l_bsz4.ms,173.25,97.50,270.75,0.500,Mid (Meeting),4.44,15.97,366.41,3859.00,11499.37,412.05,,0,100,40.00,-210,4397017,-923373.57,4,fused
134856,000000134856.jpg,640x480,1,0.688319,1,1,TP,yolov8l_bsz4.ms,173.25,97.50,270.75,0.500,Mid (Meeting),4.44,15.97,366.41,3859.00,11499.37,412.05,,0,100,40.00,-210,4397017,-923373.57,4,fused
161609,000000161609.jpg,640x480,1,0.686814,1,1,TP,yolov8l_bsz4.ms,173.25,97.50,270.75,0.500,Mid (Meeting),4.44,15.97,366.41,3859.00,11499.37,412.05,,0,100,40.00,-210,4397017,-923373.57,4,fused
161799,000000161799.jpg,640x427,1,0.686365,1,1,TP,yolov8l_bsz4.ms,175.25,111.50,286.75,0.500,Mid (Meeting),4.43,15.97,342.99,3882.00,11499.37,433.32,,0,100,40.00,-284,4394213,-1247956.49,4,fused
315492,000000315492.jpg,612x612,1,0.686062,1,1,TP,yolov8l_bsz4.ms,175.25,111.50,286.75,0.500,Mid (Meeting),4.43,15.97,342.99,3882.00,11499.37,433.32,,0,100,40.00,-284,4394213,-1247956.49,4,fused
280325,000000280325.jpg,500x377,1,0.685916,0,0,FP,yolov8l_bsz4.ms,175.25,111.50,286.75,0.500,Mid (Meeting),4.43,15.97,342.99,3882.00,11499.37,433.32,,0,100,40.00,-284,4394213,-1247956.49,4,fused
173057,000000173057.jpg,480x640,1,0.685711,1,1,TP,yolov8l_bsz4.ms,175.25,111.50,286.75,0.500,Mid (Meeting),4.43,15.97,342.99,3882.00,11499.37,433.32,,0,100,40.00,-284,4394213,-1247956.49,4,fused
27982,000000027982.jpg,500x334,1,0.684686,0,0,FP,yolov8l_bsz4.ms,173.50,104.25,277.75,0.500,Mid (Meeting),4.30,17.39,289.10,3935.00,11499.37,485.48,,0,100,40.00,-256,4395405,-1125223.68,4,fused
369675,000000369675.jpg,640x429,1,0.684208,1,1,TP,yolov8l_bsz4.ms,173.50,104.25,277.75,0.500,Mid (Meeting),4.30,17.39,289.10,3935.00,11499.37,485.48,,0,100,40.00,-256,4395405,-1125223.68,4,fused
398237,000000398237.jpg,640x480,1,0.683766,1,1,TP,yolov8l_bsz4.ms,173.50,104.25,277.75,0.500,Mid (Meeting),4.30,17.39,289.10,3935.00,11499.37,485.48,,0,100,40.00,-256,4395405,-1125223.68,4,fused
392481,000000392481.jpg,640x427,1,0.683625,0,0,FP,yolov8l_bsz4.ms,173.50,104.25,277.75,0.500,Mid (Meeting),4.30,17.39,289.10,3935.00,11499.37,485.48,,0,100,40.00,-256,4395405,-1125223.68,4,fused
400161,000000400161.jpg,640x480,1,0.683602,1,1,TP,yolov8l_bsz4.ms,171.00,111.25,282.25,0.500,Mid (Meeting),4.22,17.39,367.94,3856.00,11499.37,405.84,,0,100,40.00,-132,4399469,-580729.91,4,fused
243344,000000243344.jpg,480x640,1,0.683284,0,0,FP,yolov8l_bsz4.ms,171.00,111.25,282.25,0.500,Mid (Meeting),4.22,17.39,367.94,3856.00,11499.37,405.84,,0,100,40.00,-132,4399469,-580729.91,4,fused
576566,000000576566.jpg,469x640,1,0.683233,1,1,TP,yolov8l_bsz4.ms,171.00,111.25,282.25,0.500,Mid (Meeting),4.22,17.39,367.94,3856.00,11499.37,405.84,,0,100,40.00,-132,4399469,-580729.91,4,fused
333237,000000333237.jpg,640x409,1,0.683202,0,0,FP,yolov8l_bsz4.ms,171.00,111.25,282.25,0.500,Mid (Meeting),4.22,17.39,367.94,3856.00,11499.37,405.84,,0,100,40.00,-132,4399469,-580729.91,4,fused
485844,000000485844.jpg,576x396,1,0.682215,1,1,TP,yolov8l_bsz4.ms,172.50,109.00,281.50,0.500,Mid (Meeting),4.16,17.94,364.97,3830.00,11499.37,379.59,,0,100,40.00,-195,4397401,-857493.19,4,fused
408774,000000408774.jpg,500x333,1,0.682209,1,1,TP,yolov8l_bsz4.ms,172.50,109.00,281.50,0.500,Mid (Meeting),4.16,17.94,364.97,3830.00,11499.37,379.59,,0,100,40.00,-195,4397401,-857493.19,4,fused
442661,000000442661.jpg,640x480,1,0.681732,0,0,FP,yolov8l_bsz4.ms,172.50,109.00,281.50,0.500,Mid (Meeting),4.16,17.94,364.97,3830.00,11499.37,379.59,,0,100,40.00,-195,4397401,-857493.19,4,fused
293245,000000293245.jpg,640x480,1,0.681567,0,0,FP,yolov8l_bsz4.ms,172.50,109.00,281.50,0.500,Mid (Meeting),4.16,17.94,364.97,3830.00,11499.37,379.59,,0,100,40.00,-195,4397401,-857493.19,4,fused
520832,000000520832.jpg,640x480,1,0.680613,1,1,TP,yolov8l_bsz4.ms,170.00,111.75,281.75,0.500,Mid (Meeting),4.19,17.94,344.83,3838.00,11499.37,388.70,,0,100,40.00,-238,4395933,-1046232.05,4,fused
276434,000000276434.jpg,640x427,1,0.680497,1,1,TP,yolov8l_bsz4.ms,170.00,111.75,281.75,0.500,Mid (Meeting),4.19,17.94,344.83,3838.00,11499.37,388.70,,0,100,40.00,-238,4395933,-1046232.05,4,fused
37670,000000037670.jpg,640x480,1,0.680348,1,1,TP,yolov8l_bsz4.ms,170.00,111.75,281.75,0.500,Mid (Meeting),4.19,17.94,344.83,3838.00,11499.37,388.70,,0,100,40.00,-238,4395933,-1046232.05,4,fused
315001,000000315001.jpg,640x639,1,0.680218,0,0,FP,yolov8l_bsz4.ms,170.00,111.75,281.75,0.500,Mid (Meeting),4.19,17.94,344.83,3838.00,11499.37,388.70,,0,100,40.00,-238,4395933,-1046232.05,4,fused
204871,000000204871.jpg,612x612,1,0.679776,1,1,TP,yolov8l_bsz4.ms,170.25,122.00,292.25,0.500,Mid (Meeting),4.21,18.95,287.69,3930.00,11499.37,478.11,,0,100,40.00,-258,4394824,-1133864.59,4,fused
495054,000000495054.jpg,640x433,1,0.679425,0,0,FP,yolov8l_bsz4.ms,170.25,122.00,292.25,0.500,Mid (Meeting),4.21,18.95,287.69,3930.00,11499.37,478.11,,0,100,40.00,-258,4394824,-1133864.59,4,fused
505565,000000505565.jpg,640x424,1,0.679313,0,0,FP,yolov8l_bsz4.ms,170.25,122.00,292.25,0.500,Mid (Meeting),4.21,18.95,287.69,3930.00,11499.37,478.11,,0,100,40.00,-258,4394824,-1133864.59,4,fused
318238,000000318238.jpg,478x640,1,0.679085,0,0,FP,yolov8l_bsz4.ms,170.25,122.00,292.25,0.500,Mid (Meeting),4.21,18.95,287.69,3930.00,11499.37,478.11,,0,100,40.00,-258,4394824,-1133864.59,4,fused
435880,000000435880.jpg,640x480,1,0.678744,0,0,FP,yolov8l_bsz4.ms,169.50,98.75,268.25,0.500,Mid (Meeting),3.35,18.95,365.73,3852.00,11499.37,398.63,,0,100,40.00,-230,4395973,-1011073.79,4,fused
332455,000000332455.jpg,425x640,1,0.678532,0,0,FP,yolov8l_bsz4.ms,169.50,98.75,268.25,0.500,Mid (Meeting),3.35,18.95,365.73,3852.00,11499.37,398.63,,0,100,40.00,-230,4395973,-1011073.79,4,fused
555705,000000555705.jpg,640x371,1,0.678038,0,0,FP,yolov8l_bsz4.ms,169.50,98.75,268.25,0.500,Mid (Meeting),3.35,18.95,365.73,3852.00,11499.37,398.63,,0,100,40.00,-230,4395973,-1011073.79,4,fused
132587,000000132587.jpg,640x425,1,0.677424,1,1,TP,yolov8l_bsz4.ms,169.50,98.75,268.25,0.500,Mid (Meeting),3.35,18.95,365.73,3852.00,11499.37,398.63,,0,100,40.00,-230,4395973,-1011073.79,4,fused
476258,000000476258.jpg,640x367,1,0.677356,1,1,TP,yolov8l_bsz4.ms,171.00,104.25,275.25,0.500,Mid (Meeting),3.85,14.14,364.19,3859.00,11499.37,404.86,,0,100,39.00,-167,4398342,-734523.11,4,fused
50844,000000050844.jpg,334x500,1,0.677241,0,0,FP,yolov8l_bsz4.ms,171.00,104.25,275.25,0.500,Mid (Meeting),3.85,14.14,364.19,3859.00,11499.37,404.86,,0,100,39.00,-167,4398342,-734523.11,4,fused
393838,000000393838.jpg,640x427,1,0.676786,0,0,FP,yolov8l_bsz4.ms,171.00,104.25,275.25,0.500,Mid (Meeting),3.85,14.14,364.19,3859.00,11499.37,404.86,,0,100,39.00,-167,4398342,-734523.11,4,fused
287874,000000287874.jpg,640x434,1,0.676694,1,1,TP,yolov8l_bsz4.ms,171.00,104.25,275.25,0.500,Mid (Meeting),3.85,14.14,364.19,3859.00,11499.37,404.86,,0,100,39.00,-167,4398342,-734523.11,4,fused
43737,000000043737.jpg,480x640,1,0.675861,0,0,FP,yolov8l_bsz4.ms,169.75,115.50,285.25,0.500,Mid (Meeting),3.97,14.14,343.76,3880.00,11499.37,425.29,,0,100,39.00,-160,4398555,-703768.80,4,fused
31735,000000031735.jpg,640x480,1,0.674541,0,0,FP,yolov8l_bsz4.ms,169.75,115.50,285.25,0.500,Mid (Meeting),3.97,14.14,343.76,3880.00,11499.37,425.29,,0,100,39.00,-160,4398555,-703768.80,4,fused
488673,000000488673.jpg,480x640,1,0.674462,1,1,TP,yolov8l_bsz4.ms,169.75,115.50,285.25,0.500,Mid (Meeting),3.97,14.14,343.76,3880.00,11499.37,425.29,,0,100,39.00,-160,4398555,-703768.80,4,fused
22396,000000022396.jpg,640x495,1,0.674375,0,0,FP,yolov8l_bsz4.ms,169.75,115.50,285.25,0.500,Mid (Meeting),3.97,14.14,343.76,3880.00,11499.37,425.29,,0,100,39.00,-160,4398555,-703768.80,4,fused
471789,000000471789.jpg,640x480,1,0.674121,1,1,TP,yolov8l_bsz4.ms,172.00,110.75,282.75,0.500,Mid (Meeting),3.98,14.77,288.36,3934.00,11499.37,480.18,,0,100,39.00,-256,4395301,-1125197.06,4,fused
331075,000000331075.jpg,640x606,1,0.674024,0,0,FP,yolov8l_bsz4.ms,172.00,110.75,282.75,0.500,Mid (Meeting),3.98,14.77,288.36,3934.00,11499.37,480.18,,0,100,39.00,-256,4395301,-1125197.06,4,fused
304180,000000304180.jpg,640x418,1,0.673842,1,1,TP,yolov8l_bsz4.ms,172.00,110.75,282.75,0.500,Mid (Meeting),3.98,14.77,288.36,3934.00,11499.37,480.18,,0,100,39.00,-256,4395301,-1125197.06,4,fused
507081,000000507081.jpg,640x640,1,0.673153,0,0,FP,yolov8l_bsz4.ms,172.00,110.75,282.75,0.500,Mid (Meeting),3.98,14.77,288.36,3934.00,11499.37,480.18,,0,100,39.00,-256,4395301,-1125197.06,4,fused
325031,000000325031.jpg,640x608,1,0.673084,1,1,TP,yolov8l_bsz4.ms,169.25,107.00,276.25,0.500,Mid (Meeting),3.96,14.77,367.98,3855.00,11499.37,398.88,,0,100,39.00,-317,4393295,-1392674.51,4,fused
525600,000000525600.jpg,640x326,1,0.672794,0,0,FP,yolov8l_bsz4.ms,169.25,107.00,276.25,0.500,Mid (Meeting),3.96,14.77,367.98,3855.00,11499.37,398.88,,0,100,39.00,-317,4393295,-1392674.51,4,fused
310862,000000310862.jpg,612x612,1,0.672781,1,1,TP,yolov8l_bsz4.ms,169.25,107.00,276.25,0.500,Mid (Meeting),3.96,14.77,367.98,3855.00,11499.37,398.88,,0,100,39.00,-317,4393295,-1392674.51,4,fused
524456,000000524456.jpg,640x480,1,0.672750,1,1,TP,yolov8l_bsz4.ms,169.25,107.00,276.25,0.500,Mid (Meeting),3.96,14.77,367.98,3855.00,11499.37,398.88,,0,100,39.00,-317,4393295,-1392674.51,4,fused
52007,000000052007.jpg,480x640,1,0.672520,1,1,TP,yolov8l_bsz4.ms,172.00,112.75,284.75,0.500,Mid (Meeting),3.96,15.09,365.46,3858.00,11499.37,400.85,,0,100,39.00,-218,4396359,-958406.26,4,fused
80413,000000080413.jpg,640x480,1,0.671518,0,0,FP,yolov8l_bsz4.ms,172.00,112.75,284.75,0.500,Mid (Meeting),3.96,15.09,365.46,3858.00,11499.37,400.85,,0,100,39.00,-218,4396359,-958406.26,4,fused
465129,000000465129.jpg,640x480,1,0.671144,1,1,TP,yolov8l_bsz4.ms,172.00,112.75,284.75,0.500,Mid (Meeting),3.96,15.09,365.46,3858.00,11499.37,400.85,,0,100,39.00,-218,4396359,-958406.26,4,fused
33109,000000033109.jpg,640x480,1,0.670871,0,0,FP,yolov8l_bsz4.ms,172.00,112.75,284.75,0.500,Mid (Meeting),3.96,15.09,365.46,3858.00,11499.37,400.85,,0,100,39.00,-218,4396359,-958406.26,4,fused
478393,000000478393.jpg,480x640,1,0.668623,0,0,FP,yolov8l_bsz4.ms,172.00,97.00,269.00,0.500,Mid (Meeting),3.93,15.09,288.82,3929.00,11499.37,471.55,,0,100,39.00,-214,4396892,-940934.89,4,fused
282046,000000282046.jpg,500x298,1,0.668171,0,0,FP,yolov8l_bsz4.ms,172.00,97.00,269.00,0.500,Mid (Meeting),3.93,15.09,288.82,3929.00,11499.37,471.55,,0,100,39.00,-214,4396892,-940934.89,4,fused
350023,000000350023.jpg,640x480,1,0.667472,1,1,TP,yolov8l_bsz4.ms,172.00,97.00,269.00,0.500,Mid (Meeting),3.93,15.09,288.82,3929.00,11499.37,471.55,,0,100,39.00,-214,4396892,-940934.89,4,fused
166563,000000166563.jpg,640x408,1,0.667378,0,0,FP,yolov8l_bsz4.ms,172.00,97.00,269.00,0.500,Mid (Meeting),3.93,15.09,288.82,3929.00,11499.37,471.55,,0,100,39.00,-214,4396892,-940934.89,4,fused
296231,000000296231.jpg,640x480,1,0.666761,1,1,TP,yolov8l_bsz4.ms,168.50,110.25,278.75,0.500,Mid (Meeting),3.93,15.32,367.30,3856.00,11499.37,397.41,,0,100,39.00,-196,4397156,-861842.58,4,fused
393469,000000393469.jpg,480x640,1,0.666225,1,1,TP,yolov8l_bsz4.ms,168.50,110.25,278.75,0.500,Mid (Meeting),3.93,15.32,367.30,3856.00,11499.37,397.41,,0,100,39.00,-196,4397156,-861842.58,4,fused
460967,000000460967.jpg,604x640,1,0.666096,1,1,TP,yolov8l_bsz4.ms,168.50,110.25,278.75,0.500,Mid (Meeting),3.93,15.32,367.30,3856.00,11499.37,397.41,,0,100,39.00,-196,4397156,-861842.58,4,fused
216636,000000216636.jpg,640x427,1,0.665532,0,0,FP,yolov8l_bsz4.ms,168.50,110.25,278.75,0.500,Mid (Meeting),3.93,15.32,367.30,3856.00,11499.37,397.41,,0,100,39.00,-196,4397156,-861842.58,4,fused
335529,000000335529.jpg,640x480,1,0.664769,0,0,FP,yolov8l_bsz4.ms,172.00,96.25,268.25,0.500,Mid (Meeting),8.43,15.32,366.91,3856.00,11499.37,396.52,,0,100,39.00,-295,4393832,-1296180.44,4,fused
91495,000000091495.jpg,640x447,1,0.663029,1,1,TP,yolov8l_bsz4.ms,172.00,96.25,268.25,0.500,Mid (Meeting),8.43,15.32,366.91,3856.00,11499.37,396.52,,0,100,39.00,-295,4393832,-1296180.44,4,fused
227511,000000227511.jpg,500x375,1,0.662505,0,0,FP,yolov8l_bsz4.ms,172.00,96.25,268.25,0.500,Mid (Meeting),8.43,15.32,366.91,3856.00,11499.37,396.52,,0,100,39.00,-295,4393832,-1296180.44,4,fused
110282,000000110282.jpg,640x418,1,0.662001,0,0,FP,yolov8l_bsz4.ms,172.00,96.25,268.25,0.500,Mid (Meeting),8.43,15.32,366.91,3856.00,11499.37,396.52,,0,100,39.00,-295,4393832,-1296180.44,4,fused
357238,000000357238.jpg,427x640,1,0.661874,1,1,TP,yolov8l_bsz4.ms,171.00,108.25,279.25,0.500,Mid (Meeting),5.41,14.90,347.34,3875.00,11499.37,415.43,,0,100,40.00,-120,4399765,-527971.80,4,fused
48924,000000048924.jpg,640x425,1,0.660460,0,0,FP,yolov8l_bsz4.ms,171.00,108.25,279.25,0.500,Mid (Meeting),5.41,14.90,347.34,3875.00,11499.37,415.43,,0,100,40.00,-120,4399765,-527971.80,4,fused
185472,000000185472.jpg,640x480,1,0.660267,1,1,TP,yolov8l_bsz4.ms,171.00,108.25,279.25,0.500,Mid (Meeting),5.41,14.90,347.34,3875.00,11499.37,415.43,,0,100,40.00,-120,4399765,-527971.80,4,fused
274687,000000274687.jpg,640x480,1,0.659808,0,0,FP,yolov8l_bsz4.ms,171.00,108.25,279.25,0.500,Mid (Meeting),5.41,14.90,347.34,3875.00,11499.37,415.43,,0,100,40.00,-120,4399765,-527971.80,4,fused
161044,000000161044.jpg,640x229,1,0.659803,0,0,FP,yolov8l_bsz4.ms,173.75,92.50,266.25,0.500,Mid (Meeting),4.73,14.90,299.36,3923.00,11499.37,462.42,,0,100,40.00,-261,4395078,-1147115.36,4,fused
366884,000000366884.jpg,640x480,1,0.658472,1,1,TP,yolov8l_bsz4.ms,173.75,92.50,266.25,0.500,Mid (Meeting),4.73,14.90,299.36,3923.00,11499.37,462.42,,0,100,40.00,-261,4395078,-1147115.36,4,fused
156372,000000156372.jpg,335x500,1,0.658358,0,0,FP,yolov8l_bsz4.ms,173.75,92.50,266.25,0.500,Mid (Meeting),4.73,14.90,299.36,3923.00,11499.37,462.42,,0,100,40.00,-261,4395078,-1147115.36,4,fused
581357,000000581357.jpg,612x612,1,0.658239,1,1,TP,yolov8l_bsz4.ms,173.75,92.50,266.25,0.500,Mid (Meeting),4.73,14.90,299.36,3923.00,11499.37,462.42,,0,100,40.00,-261,4395078,-1147115.36,4,fused
16451,000000016451.jpg,612x612,1,0.658122,1,1,TP,yolov8l_bsz4.ms,172.00,129.25,301.25,0.500,Mid (Meeting),4.46,15.64,369.44,3852.00,11499.37,390.76,,0,100,40.00,-212,4396399,-932036.59,4,fused
166426,000000166426.jpg,587x640,1,0.657989,0,0,FP,yolov8l_bsz4.ms,172.00,129.25,301.25,0.500,Mid (Meeting),4.46,15.64,369.44,3852.00,11499.37,390.76,,0,100,40.00,-212,4396399,-932036.59,4,fused
263966,000000263966.jpg,640x424,1,0.657365,1,1,TP,yolov8l_bsz4.ms,172.00,129.25,301.25,0.500,Mid (Meeting),4.46,15.64,369.44,3852.00,11499.37,390.76,,0,100,40.00,-212,4396399,-932036.59,4,fused
279145,000000279145.jpg,640x480,1,0.657173,0,0,FP,yolov8l_bsz4.ms,172.00,129.25,301.25,0.500,Mid (Meeting),4.46,15.64,369.44,3852.00,11499.37,390.76,,0,100,40.00,-212,4396399,-932036.59,4,fused
230993,000000230993.jpg,640x408,1,0.656926,1,1,TP,yolov8l_bsz4.ms,170.75,100.00,270.75,0.500,Mid (Meeting),4.38,15.64,364.24,3857.00,11499.37,394.75,,0,100,40.00,-259,4395141,-1138341.52,4,fused
183709,000000183709.jpg,480x640,1,0.656836,1,1,TP,yolov8l_bsz4.ms,170.75,100.00,270.75,0.500,Mid (Meeting),4.38,15.64,364.24,3857.00,11499.37,394.75,,0,100,40.00,-259,4395141,-1138341.52,4,fused
324818,000000324818.jpg,640x426,1,0.655929,0,0,FP,yolov8l_bsz4.ms,170.75,100.00,270.75,0.500,Mid (Meeting),4.38,15.64,364.24,3857.00,11499.37,394.75,,0,100,40.00,-259,4395141,-1138341.52,4,fused
295231,000000295231.jpg,480x640,1,0.655749,0,0,FP,yolov8l_bsz4.ms,170.75,100.00,270.75,0.500,Mid (Meeting),4.38,15.64,364.24,3857.00,11499.37,394.75,,0,100,40.00,-259,4395141,-1138341.52,4,fused
377946,000000377946.jpg,640x426,1,0.654857,1,1,TP,yolov8l_bsz4.ms,170.00,109.75,279.75,0.500,Mid (Meeting),4.31,16.46,309.07,3912.00,11499.37,449.24,,0,100,40.00,-121,4399727,-532366.97,4,fused
384513,000000384513.jpg,640x480,1,0.654663,0,0,FP,yolov8l_bsz4.ms,170.00,109.75,279.75,0.500,Mid (Meeting),4.31,16.46,309.07,3912.00,11499.37,449.24,,0,100,40.00,-121,4399727,-532366.97,4,fused
137950,000000137950.jpg,640x415,1,0.654642,0,0,FP,yolov8l_bsz4.ms,170.00,109.75,279.75,0.500,Mid (Meeting),4.31,16.46,309.07,3912.00,11499.37,449.24,,0,100,40.00,-121,4399727,-532366.97,4,fused
379800,000000379800.jpg,640x493,1,0.654369,0,0,FP,yolov8l_bsz4.ms,170.00,109.75,279.75,0.500,Mid (Meeting),4.31,16.46,309.07,3912.00,11499.37,449.24,,0,100,40.00,-121,4399727,-532366.97,4,fused
361268,000000361268.jpg,640x480,1,0.654190,0,0,FP,yolov8l_bsz4.ms,171.75,95.00,266.75,0.500,Mid (Meeting),4.22,16.46,370.27,3850.00,11499.37,386.91,,0,100,40.00,-367,4391323,-1611615.54,4,fused
356387,000000356387.jpg,500x335,1,0.653958,1,1,TP,yolov8l_bsz4.ms,171.75,95.00,266.75,0.500,Mid (Meeting),4.22,16.46,370.27,3850.00,11499.37,386.91,,0,100,40.00,-367,4391323,-1611615.54,4,fused
117719,000000117719.jpg,640x425,1,0.653814,1,1,TP,yolov8l_bsz4.ms,171.75,95.00,266.75,0.500,Mid (Meeting),4.22,16.46,370.27,3850.00,11499.37,386.91,,0,100,40.00,-367,4391323,-1611615.54,4,fused
171611,000000171611.jpg,640x443,1,0.653439,1,1,TP,yolov8l_bsz4.ms,171.75,95.00,266.75,0.500,Mid (Meeting),4.22,16.46,370.27,3850.00,11499.37,386.91,,0,100,40.00,-367,4391323,-1611615.54,4,fused
163314,000000163314.jpg,500x331,1,0.653338,1,1,TP,yolov8l_bsz4.ms,177.25,94.75,272.00,0.500,Mid (Meeting),4.16,17.04,362.91,3857.00,11499.37,393.36,,0,100,40.00,-334,4392240,-1467008.16,4,fused
140286,000000140286.jpg,640x521,1,0.652846,1,1,TP,yolov8l_bsz4.ms,177.25,94.75,272.00,0.500,Mid (Meeting),4.16,17.04,362.91,3857.00,11499.37,393.36,,0,100,40.00,-334,4392240,-1467008.16,4,fused
163117,000000163117.jpg,376x500,1,0.652139,1,1,TP,yolov8l_bsz4.ms,177.25,94.75,272.00,0.500,Mid (Meeting),4.16,17.04,362.91,3857.00,11499.37,393.36,,0,100,40.00,-334,4392240,-1467008.16,4,fused
402774,000000402774.jpg,425x640,1,0.651007,1,1,TP,yolov8l_bsz4.ms,177.25,94.75,272.00,0.500,Mid (Meeting),4.16,17.04,362.91,3857.00,11499.37,393.36,,0,100,40.00,-334,4392240,-1467008.16,4,fused
38048,000000038048.jpg,299x500,1,0.650883,1,1,TP,yolov8l_bsz4.ms,174.25,121.00,295.25,0.500,Mid (Meeting),4.16,17.04,346.61,3873.00,11499.37,407.47,,0,100,40.00,-226,4395964,-993487.86,4,fused
41633,000000041633.jpg,640x429,1,0.650398,0,0,FP,yolov8l_bsz4.ms,174.25,121.00,295.25,0.500,Mid (Meeting),4.16,17.04,346.61,3873.00,11499.37,407.47,,0,100,40.00,-226,4395964,-993487.86,4,fused
539445,000000539445.jpg,612x612,1,0.650168,0,0,FP,yolov8l_bsz4.ms,174.25,121.00,295.25,0.500,Mid (Meeting),4.16,17.04,346.61,3873.00,11499.37,407.47,,0,100,40.00,-226,4395964,-993487.86,4,fused
74733,000000074733.jpg,612x612,1,0.650118,1,1,TP,yolov8l_bsz4.ms,174.25,121.00,295.25,0.500,Mid (Meeting),4.16,17.04,346.61,3873.00,11499.37,407.47,,0,100,40.00,-226,4395964,-993487.86,4,fused
297022,000000297022.jpg,640x504,1,0.649935,1,1,TP,yolov8l_bsz4.ms,175.50,105.50,281.00,0.500,Mid (Meeting),4.89,13.82,288.86,3936.00,11499.37,484.31,,0,100,40.00,-133,4399160,-585088.28,4,fused
267191,000000267191.jpg,640x480,1,0.649544,1,1,TP,yolov8l_bsz4.ms,175.50,105.50,281.00,0.500,Mid (Meeting),4.89,13.82,288.86,3936.00,11499.37,484.31,,0,100,40.00,-133,4399160,-585088.28,4,fused
50679,000000050679.jpg,640x427,1,0.648795,0,0,FP,yolov8l_bsz4.ms,175.50,105.50,281.00,0.500,Mid (Meeting),4.89,13.82,288.86,3936.00,11499.37,484.31,,0,100,40.00,-133,4399160,-585088.28,4,fused
350405,000000350405.jpg,500x333,1,0.648426,1,1,TP,yolov8l_bsz4.ms,175.50,105.50,281.00,0.500,Mid (Meeting),4.89,13.82,288.86,3936.00,11499.37,484.31,,0,100,40.00,-133,4399160,-585088.28,4,fused
391648,000000391648.jpg,480x640,1,0.648415,0,0,FP,yolov8l_bsz4.ms,173.00,94.25,267.25,0.500,Mid (Meeting),4.12,13.82,364.73,3861.00,11499.37,407.80,,0,100,40.00,-202,4396789,-888151.38,4,fused
395633,000000395633.jpg,640x480,1,0.648353,1,1,TP,yolov8l_bsz4.ms,173.00,94.25,267.25,0.500,Mid (Meeting),4.12,13.82,364.73,3861.00,11499.37,407.80,,0,100,40.00,-202,4396789,-888151.38,4,fused
356094,000000356094.jpg,640x389,1,0.648300,1,1,TP,yolov8l_bsz4.ms,173.00,94.25,267.25,0.500,Mid (Meeting),4.12,13.82,364.73,3861.00,11499.37,407.80,,0,100,40.00,-202,4396789,-888151.38,4,fused
334977,000000334977.jpg,640x320,1,0.648153,0,0,FP,yolov8l_bsz4.ms,173.00,94.25,267.25,0.500,Mid (Meeting),4.12,13.82,364.73,3861.00,11499.37,407.80,,0,100,40.00,-202,4396789,-888151.38,4,fused
205289,000000205289.jpg,640x451,1,0.647772,1,1,TP,yolov8l_bsz4.ms,174.50,101.75,276.25,0.500,Mid (Meeting),4.09,17.43,364.21,3861.00,11499.37,407.45,,0,100,40.00,-185,4397249,-813491.06,4,fused
423519,000000423519.jpg,460x640,1,0.647482,0,0,FP,yolov8l_bsz4.ms,174.50,101.75,276.25,0.500,Mid (Meeting),4.09,17.43,364.21,3861.00,11499.37,407.45,,0,100,40.00,-185,4397249,-813491.06,4,fused
270908,000000270908.jpg,500x299,1,0.647047,1,1,TP,yolov8l_bsz4.ms,174.50,101.75,276.25,0.500,Mid (Meeting),4.09,17.43,364.21,3861.00,11499.37,407.45,,0,100,40.00,-185,4397249,-813491.06,4,fused
455716,000000455716.jpg,640x433,1,0.646299,0,0,FP,yolov8l_bsz4.ms,174.50,101.75,276.25,0.500,Mid (Meeting),4.09,17.43,364.21,3861.00,11499.37,407.45,,0,100,40.00,-185,4397249,-813491.06,4,fused
477623,000000477623.jpg,640x480,1,0.645468,0,0,FP,yolov8l_bsz4.ms,171.75,115.00,286.75,0.500,Mid (Meeting),4.09,17.43,344.10,3881.00,11499.37,426.68,,0,100,40.00,-256,4394876,-1125088.26,4,fused
424349,000000424349.jpg,640x426,1,0.644424,1,1,TP,yolov8l_bsz4.ms,171.75,115.00,286.75,0.500,Mid (Meeting),4.09,17.43,344.10,3881.00,11499.37,426.68,,0,100,40.00,-256,4394876,-1125088.26,4,fused
362434,000000362434.jpg,500x375,1,0.643597,0,0,FP,yolov8l_bsz4.ms,171.75,115.00,286.75,0.500,Mid (Meeting),4.09,17.43,344.10,3881.00,11499.37,426.68,,0,100,40.00,-256,4394876,-1125088.26,4,fused
561465,000000561465.jpg,612x612,1,0.643130,0,0,FP,yolov8l_bsz4.ms,171.75,115.00,286.75,0.500,Mid (Meeting),4.09,17.43,344.10,3881.00,11499.37,426.68,,0,100,40.00,-256,4394876,-1125088.26,4,fused
154000,000000154000.jpg,640x480,1,0.642756,0,0,FP,yolov8l_bsz4.ms,173.50,110.75,284.25,0.500,Mid (Meeting),4.09,17.25,290.34,3934.00,11499.37,479.41,,0,100,40.00,-127,4399343,-558716.56,4,fused
359219,000000359219.jpg,640x480,1,0.642462,0,0,FP,yolov8l_bsz4.ms,173.50,110.75,284.25,0.500,Mid (Meeting),4.09,17.25,290.34,3934.00,11499.37,479.41,,0,100,40.00,-127,4399343,-558716.56,4,fused
251119,000000251119.jpg,500x375,1,0.642223,0,0,FP,yolov8l_bsz4.ms,173.50,110.75,284.25,0.500,Mid (Meeting),4.09,17.25,290.34,3934.00,11499.37,479.41,,0,100,40.00,-127,4399343,-558716.56,4,fused
100283,000000100283.jpg,640x480,1,0.641842,0,0,FP,yolov8l_bsz4.ms,173.50,110.75,284.25,0.500,Mid (Meeting),4.09,17.25,290.34,3934.00,11499.37,479.41,,0,100,40.00,-127,4399343,-558716.56,4,fused
453708,000000453708.jpg,640x427,1,0.641254,1,1,TP,yolov8l_bsz4.ms,175.50,110.25,285.75,0.500,Mid (Meeting),4.05,17.25,366.25,3858.00,11499.37,401.87,,0,100,40.00,-248,4395396,-1090058.21,4,fused
724,000000000724.jpg,375x500,1,0.640654,0,0,FP,yolov8l_bsz4.ms,175.50,110.25,285.75,0.500,Mid (Meeting),4.05,17.25,366.25,3858.00,11499.37,401.87,,0,100,40.00,-248,4395396,-1090058.21,4,fused
23023,000000023023.jpg,612x612,1,0.640523,0,0,FP,yolov8l_bsz4.ms,175.50,110.25,285.75,0.500,Mid (Meeting),4.05,17.25,366.25,3858.00,11499.37,401.87,,0,100,40.00,-248,4395396,-1090058.21,4,fused
368212,000000368212.jpg,478x640,1,0.640413,1,1,TP,yolov8l_bsz4.ms,175.50,110.25,285.75,0.500,Mid (Meeting),4.05,17.25,366.25,3858.00,11499.37,401.87,,0,100,40.00,-248,4395396,-1090058.21,4,fused
188689,000000188689.jpg,333x500,1,0.640281,0,0,FP,yolov8l_bsz4.ms,171.25,98.50,269.75,0.500,Mid (Meeting),4.00,17.54,362.01,3862.00,11499.37,404.92,,0,100,40.00,-261,4394878,-1147063.16,4,fused
344888,000000344888.jpg,640x416,1,0.640026,0,0,FP,yolov8l_bsz4.ms,171.25,98.50,269.75,0.500,Mid (Meeting),4.00,17.54,362.01,3862.00,11499.37,404.92,,0,100,40.00,-261,4394878,-1147063.16,4,fused
262938,000000262938.jpg,640x480,1,0.639299,0,0,FP,yolov8l_bsz4.ms,171.25,98.50,269.75,0.500,Mid (Meeting),4.00,17.54,362.01,3862.00,11499.37,404.92,,0,100,40.00,-261,4394878,-1147063.16,4,fused
365655,000000365655.jpg,640x427,1,0.639130,1,1,TP,yolov8l_bsz4.ms,171.25,98.50,269.75,0.500,Mid (Meeting),4.00,17.54,362.01,3862.00,11499.37,404.92,,0,100,40.00,-261,4394878,-1147063.16,4,fused
509131,000000509131.jpg,640x425,1,0.638338,0,0,FP,yolov8l_bsz4.ms,173.50,95.00,268.50,0.500,Mid (Meeting),4.04,17.54,361.65,3862.00,11499.37,404.39,,0,100,40.00,-299,4393451,-1313641.85,4,fused
515577,000000515577.jpg,500x334,1,0.638199,1,1,TP,yolov8l_bsz4.ms,173.50,95.00,268.50,0.500,Mid (Meeting),4.04,17.54,361.65,3862.00,11499.37,404.39,,0,100,40.00,-299,4393451,-1313641.85,4,fused
147338,000000147338.jpg,480x640,1,0.638025,0,0,FP,yolov8l_bsz4.ms,173.50,95.00,268.50,0.500,Mid (Meeting),4.04,17.54,361.65,3862.00,11499.37,404.39,,0,100,40.00,-299,4393451,-1313641.85,4,fused
257169,000000257169.jpg,480x640,1,0.637956,1,1,TP,yolov8l_bsz4.ms,173.50,95.00,268.50,0.500,Mid (Meeting),4.04,17.54,361.65,3862.00,11499.37,404.39,,0,100,40.00,-299,4393451,-1313641.85,4,fused
127624,000000127624.jpg,612x612,1,0.637587,0,0,FP,yolov8l_bsz4.ms,178.00,105.00,283.00,0.500,Mid (Meeting),8.04,17.68,288.33,3935.00,11499.37,476.19,,0,100,40.00,-276,4394632,-1212918.43,4,fused
56344,000000056344.jpg,640x480,1,0.636810,0,0,FP,yolov8l_bsz4.ms,178.00,105.00,283.00,0.500,Mid (Meeting),8.04,17.68,288.33,3935.00,11499.37,476.19,,0,100,40.00,-276,4394632,-1212918.43,4,fused
573008,000000573008.jpg,640x480,1,0.636364,0,0,FP,yolov8l_bsz4.ms,178.00,105.00,283.00,0.500,Mid (Meeting),8.04,17.68,288.33,3935.00,11499.37,476.19,,0,100,40.00,-276,4394632,-1212918.43,4,fused
284725,000000284725.jpg,640x427,1,0.635488,1,1,TP,yolov8l_bsz4.ms,178.00,105.00,283.00,0.500,Mid (Meeting),8.04,17.68,288.33,3935.00,11499.37,476.19,,0,100,40.00,-276,4394632,-1212918.43,4,fused
389315,000000389315.jpg,640x640,1,0.635462,0,0,FP,yolov8l_bsz4.ms,171.75,116.00,287.75,0.500,Mid (Meeting),4.38,17.68,368.64,3853.00,11499.37,394.34,,0,100,40.00,-193,4397157,-848651.30,4,fused
241677,000000241677.jpg,640x480,1,0.635403,1,1,TP,yolov8l_bsz4.ms,171.75,116.00,287.75,0.500,Mid (Meeting),4.38,17.68,368.64,3853.00,11499.37,394.34,,0,100,40.00,-193,4397157,-848651.30,4,fused
361621,000000361621.jpg,640x427,1,0.635066,0,0,FP,yolov8l_bsz4.ms,171.75,116.00,287.75,0.500,Mid (Meeting),4.38,17.68,368.64,3853.00,11499.37,394.34,,0,100,40.00,-193,4397157,-848651.30,4,fused
226154,000000226154.jpg,640x507,1,0.635056,1,1,TP,yolov8l_bsz4.ms,171.75,116.00,287.75,0.500,Mid (Meeting),4.38,17.68,368.64,3853.00,11499.37,394.34,,0,100,40.00,-193,4397157,-848651.30,4,fused
152120,000000152120.jpg,640x427,1,0.634705,1,1,TP,yolov8l_bsz4.ms,178.50,107.00,285.50,0.500,Mid (Meeting),4.29,17.65,364.78,3857.00,11499.37,397.25,,0,100,39.00,-233,4395743,-1024208.12,4,fused
172856,000000172856.jpg,640x480,1,0.634488,0,0,FP,yolov8l_bsz4.ms,178.50,107.00,285.50,0.500,Mid (Meeting),4.29,17.65,364.78,3857.00,11499.37,397.25,,0,100,39.00,-233,4395743,-1024208.12,4,fused
208423,000000208423.jpg,640x480,1,0.634106,1,1,TP,yolov8l_bsz4.ms,178.50,107.00,285.50,0.500,Mid (Meeting),4.29,17.65,364.78,3857.00,11499.37,397.25,,0,100,39.00,-233,4395743,-1024208.12,4,fused
230450,000000230450.jpg,640x480,1,0.633932,0,0,FP,yolov8l_bsz4.ms,178.50,107.00,285.50,0.500,Mid (Meeting),4.29,17.65,364.78,3857.00,11499.37,397.25,,0,100,39.00,-233,4395743,-1024208.12,4,fused
480944,000000480944.jpg,480x640,1,0.632492,0,0,FP,yolov8l_bsz4.ms,174.25,114.50,288.75,0.500,Mid (Meeting),4.23,17.65,345.65,3875.00,11499.37,414.59,,0,100,39.00,-203,4396762,-892542.69,4,fused
426795,000000426795.jpg,640x480,1,0.632023,1,1,TP,yolov8l_bsz4.ms,174.25,114.50,288.75,0.500,Mid (Meeting),4.23,17.65,345.65,3875.00,11499.37,414.59,,0,100,39.00,-203,4396762,-892542.69,4,fused
451308,000000451308.jpg,441x640,1,0.631805,0,0,FP,yolov8l_bsz4.ms,174.25,114.50,288.75,0.500,Mid (Meeting),4.23,17.65,345.65,3875.00,11499.37,414.59,,0,100,39.00,-203,4396762,-892542.69,4,fused
301981,000000301981.jpg,640x480,1,0.631237,0,0,FP,yolov8l_bsz4.ms,174.25,114.50,288.75,0.500,Mid (Meeting),4.23,17.65,345.65,3875.00,11499.37,414.59,,0,100,39.00,-203,4396762,-892542.69,4,fused
348488,000000348488.jpg,640x480,1,0.630474,0,0,FP,yolov8l_bsz4.ms,173.75,105.00,278.75,0.500,Mid (Meeting),4.22,18.13,287.55,3933.00,11499.37,471.35,,0,100,39.00,-278,4394082,-1221554.80,4,fused
345261,000000345261.jpg,585x640,1,0.630366,0,0,FP,yolov8l_bsz4.ms,173.75,105.00,278.75,0.500,Mid (Meeting),4.22,18.13,287.55,3933.00,11499.37,471.35,,0,100,39.00,-278,4394082,-1221554.80,4,fused
368038,000000368038.jpg,640x317,1,0.629788,0,0,FP,yolov8l_bsz4.ms,173.75,105.00,278.75,0.500,Mid (Meeting),4.22,18.13,287.55,3933.00,11499.37,471.35,,0,100,39.00,-278,4394082,-1221554.80,4,fused
18833,000000018833.jpg,640x426,1,0.629769,0,0,FP,yolov8l_bsz4.ms,173.75,105.00,278.75,0.500,Mid (Meeting),4.22,18.13,287.55,3933.00,11499.37,471.35,,0,100,39.00,-278,4394082,-1221554.80,4,fused
51326,000000051326.jpg,640x427,1,0.629735,0,0,FP,yolov8l_bsz4.ms,172.25,107.75,280.00,0.500,Mid (Meeting),4.10,18.13,365.73,3855.00,11499.37,392.73,,0,100,39.00,-115,4399536,-505946.64,4,fused
530162,000000530162.jpg,640x427,1,0.629602,1,1,TP,yolov8l_bsz4.ms,172.25,107.75,280.00,0.500,Mid (Meeting),4.10,18.13,365.73,3855.00,11499.37,392.73,,0,100,39.00,-115,4399536,-505946.64,4,fused
180383,000000180383.jpg,640x480,1,0.629437,1,1,TP,yolov8l_bsz4.ms,172.25,107.75,280.00,0.500,Mid (Meeting),4.10,18.13,365.73,3855.00,11499.37,392.73,,0,100,39.00,-115,4399536,-505946.64,4,fused
491470,000000491470.jpg,375x500,1,0.628284,0,0,FP,yolov8l_bsz4.ms,172.25,107.75,280.00,0.500,Mid (Meeting),4.10,18.13,365.73,3855.00,11499.37,392.73,,0,100,39.00,-115,4399536,-505946.64,4,fused
553776,000000553776.jpg,640x489,1,0.627800,1,1,TP,yolov8l_bsz4.ms,170.75,111.25,282.00,0.500,Mid (Meeting),4.09,17.53,366.40,3854.00,11499.37,390.81,,0,100,39.00,-196,4397043,-861820.43,4,fused
15746,000000015746.jpg,427x640,1,0.627776,0,0,FP,yolov8l_bsz4.ms,170.75,111.25,282.00,0.500,Mid (Meeting),4.09,17.53,366.40,3854.00,11499.37,390.81,,0,100,39.00,-196,4397043,-861820.43,4,fused
438269,000000438269.jpg,429x640,1,0.626647,0,0,FP,yolov8l_bsz4.ms,170.75,111.25,282.00,0.500,Mid (Meeting),4.09,17.53,366.40,3854.00,11499.37,390.81,,0,100,39.00,-196,4397043,-861820.43,4,fused
151662,000000151662.jpg,640x480,1,0.625551,0,0,FP,yolov8l_bsz4.ms,170.75,111.25,282.00,0.500,Mid (Meeting),4.09,17.53,366.40,3854.00,11499.37,390.81,,0,100,39.00,-196,4397043,-861820.43,4,fused
27768,000000027768.jpg,612x612,1,0.625333,1,1,TP,yolov8l_bsz4.ms,170.00,112.00,282.00,0.500,Mid (Meeting),4.12,17.53,349.54,3870.00,11499.37,407.25,,0,100,39.00,-275,4394326,-1208439.65,4,fused
455352,000000455352.jpg,640x530,1,0.625328,0,0,FP,yolov8l_bsz4.ms,170.00,112.00,282.00,0.500,Mid (Meeting),4.12,17.53,349.54,3870.00,11499.37,407.25,,0,100,39.00,-275,4394326,-1208439.65,4,fused
506310,000000506310.jpg,640x425,1,0.625152,0,0,FP,yolov8l_bsz4.ms,170.00,112.00,282.00,0.500,Mid (Meeting),4.12,17.53,349.54,3870.00,11499.37,407.25,,0,100,39.00,-275,4394326,-1208439.65,4,fused
210032,000000210032.jpg,640x401,1,0.624596,1,1,TP,yolov8l_bsz4.ms,170.00,112.00,282.00,0.500,Mid (Meeting),4.12,17.53,349.54,3870.00,11499.37,407.25,,0,100,39.00,-275,4394326,-1208439.65,4,fused
531707,000000531707.jpg,640x480,1,0.624395,1,1,TP,yolov8l_bsz4.ms,174.00,108.25,282.25,0.500,Mid (Meeting),4.12,17.08,292.82,3925.00,11499.37,462.30,,0,100,39.00,-279,4394226,-1225989.05,4,fused
134886,000000134886.jpg,640x480,1,0.623784,1,1,TP,yolov8l_bsz4.ms,174.00,108.25,282.25,0.500,Mid (Meeting),4.12,17.08,292.82,3925.00,11499.37,462.30,,0,100,39.00,-279,4394226,-1225989.05,4,fused
526392,000000526392.jpg,500x333,1,0.623728,0,0,FP,yolov8l_bsz4.ms,174.00,108.25,282.25,0.500,Mid (Meeting),4.12,17.08,292.82,3925.00,11499.37,462.30,,0,100,39.00,-279,4394226,-1225989.05,4,fused
319607,000000319607.jpg,640x640,1,0.623286,1,1,TP,yolov8l_bsz4.ms,174.00,108.25,282.25,0.500,Mid (Meeting),4.12,17.08,292.82,3925.00,11499.37,462.30,,0,100,39.00,-279,4394226,-1225989.05,4,fused
341058,000000341058.jpg,359x640,1,0.623049,0,0,FP,yolov8l_bsz4.ms,173.00,111.25,284.25,0.500,Mid (Meeting),4.74,17.08,367.86,3852.00,11499.37,385.34,,0,100,39.00,-146,4398440,-642172.24,4,fused
279887,000000279887.jpg,640x427,1,0.623046,0,0,FP,yolov8l_bsz4.ms,173.00,111.25,284.25,0.500,Mid (Meeting),4.74,17.08,367.86,3852.00,11499.37,385.34,,0,100,39.00,-146,4398440,-642172.24,4,fused
494759,000000494759.jpg,640x480,1,0.622712,1,1,TP,yolov8l_bsz4.ms,173.00,111.25,284.25,0.500,Mid (Meeting),4.74,17.08,367.86,3852.00,11499.37,385.34,,0,100,39.00,-146,4398440,-642172.24,4,fused
274272,000000274272.jpg,640x480,1,0.622596,1,1,TP,yolov8l_bsz4.ms,173.00,111.25,284.25,0.500,Mid (Meeting),4.74,17.08,367.86,3852.00,11499.37,385.34,,0,100,39.00,-146,4398440,-642172.24,4,fused
367228,000000367228.jpg,333x500,1,0.622374,1,1,TP,yolov8l_bsz4.ms,170.75,110.00,280.75,0.500,Mid (Meeting),4.26,15.94,362.04,3857.00,11499.37,389.95,,0,100,40.00,-228,4395581,-1002192.47,4,fused
154947,000000154947.jpg,640x640,1,0.622368,0,0,FP,yolov8l_bsz4.ms,170.75,110.00,280.75,0.500,Mid (Meeting),4.26,15.94,362.04,3857.00,11499.37,389.95,,0,100,40.00,-228,4395581,-1002192.47,4,fused
478474,000000478474.jpg,480x640,1,0.622165,0,0,FP,yolov8l_bsz4.ms,170.75,110.00,280.75,0.500,Mid (Meeting),4.26,15.94,362.04,3857.00,11499.37,389.95,,0,100,40.00,-228,4395581,-1002192.47,4,fused
376284,000000376284.jpg,500x333,1,0.622088,0,0,FP,yolov8l_bsz4.ms,170.75,110.00,280.75,0.500,Mid (Meeting),4.26,15.94,362.04,3857.00,11499.37,389.95,,0,100,40.00,-228,4395581,-1002192.47,4,fused
50331,000000050331.jpg,640x480,1,0.622082,0,0,FP,yolov8l_bsz4.ms,170.75,120.50,291.25,0.500,Mid (Meeting),4.28,15.94,343.82,3873.00,11499.37,407.25,,0,100,40.00,-167,4397821,-734436.11,4,fused
186929,000000186929.jpg,333x500,1,0.620995,0,0,FP,yolov8l_bsz4.ms,170.75,120.50,291.25,0.500,Mid (Meeting),4.28,15.94,343.82,3873.00,11499.37,407.25,,0,100,40.00,-167,4397821,-734436.11,4,fused
367818,000000367818.jpg,640x427,1,0.620558,1,1,TP,yolov8l_bsz4.ms,170.75,120.50,291.25,0.500,Mid (Meeting),4.28,15.94,343.82,3873.00,11499.37,407.25,,0,100,40.00,-167,4397821,-734436.11,4,fused
493772,000000493772.jpg,640x640,1,0.619774,1,1,TP,yolov8l_bsz4.ms,170.75,120.50,291.25,0.500,Mid (Meeting),4.28,15.94,343.82,3873.00,11499.37,407.25,,0,100,40.00,-167,4397821,-734436.11,4,fused
23751,000000023751.jpg,430x640,1,0.619755,0,0,FP,yolov8l_bsz4.ms,170.00,95.75,265.75,0.500,Mid (Meeting),4.17,15.59,287.73,3930.00,11499.37,461.39,,0,100,40.00,-147,4398693,-646607.87,4,fused
78420,000000078420.jpg,640x480,1,0.619400,0,0,FP,yolov8l_bsz4.ms,170.00,95.75,265.75,0.500,Mid (Meeting),4.17,15.59,287.73,3930.00,11499.37,461.39,,0,100,40.00,-147,4398693,-646607.87,4,fused
179265,000000179265.jpg,640x426,1,0.619330,1,1,TP,yolov8l_bsz4.ms,170.00,95.75,265.75,0.500,Mid (Meeting),4.17,15.59,287.73,3930.00,11499.37,461.39,,0,100,40.00,-147,4398693,-646607.87,4,fused
504000,000000504000.jpg,640x243,1,0.619011,1,1,TP,yolov8l_bsz4.ms,170.00,95.75,265.75,0.500,Mid (Meeting),4.17,15.59,287.73,3930.00,11499.37,461.39,,0,100,40.00,-147,4398693,-646607.87,4,fused
155341,000000155341.jpg,640x480,1,0.618975,1,1,TP,yolov8l_bsz4.ms,169.75,112.25,282.00,0.500,Mid (Meeting),4.09,15.59,366.08,3851.00,11499.37,383.40,,0,100,40.00,-170,4397695,-747608.15,4,fused
433774,000000433774.jpg,640x427,1,0.618288,0,0,FP,yolov8l_bsz4.ms,169.75,112.25,282.00,0.500,Mid (Meeting),4.09,15.59,366.08,3851.00,11499.37,383.40,,0,100,40.00,-170,4397695,-747608.15,4,fused
534394,000000534394.jpg,640x359,1,0.616991,0,0,FP,yolov8l_bsz4.ms,169.75,112.25,282.00,0.500,Mid (Meeting),4.09,15.59,366.08,3851.00,11499.37,383.40,,0,100,40.00,-170,4397695,-747608.15,4,fused
287527,000000287527.jpg,640x640,1,0.616745,1,1,TP,yolov8l_bsz4.ms,169.75,112.25,282.00,0.500,Mid (Meeting),4.09,15.59,366.08,3851.00,11499.37,383.40,,0,100,40.00,-170,4397695,-747608.15,4,fused
12280,000000012280.jpg,480x640,1,0.616714,1,1,TP,yolov8l_bsz4.ms,171.25,103.00,274.25,0.500,Mid (Meeting),4.11,15.82,366.90,3851.00,11499.37,380.59,,0,100,40.00,-191,4397004,-839827.76,4,fused
556873,000000556873.jpg,427x640,1,0.616482,0,0,FP,yolov8l_bsz4.ms,171.25,103.00,274.25,0.500,Mid (Meeting),4.11,15.82,366.90,3851.00,11499.37,380.59,,0,100,40.00,-191,4397004,-839827.76,4,fused
65485,000000065485.jpg,640x364,1,0.616377,0,0,FP,yolov8l_bsz4.ms,171.25,103.00,274.25,0.500,Mid (Meeting),4.11,15.82,366.90,3851.00,11499.37,380.59,,0,100,40.00,-191,4397004,-839827.76,4,fused
488664,000000488664.jpg,629x489,1,0.616033,0,0,FP,yolov8l_bsz4.ms,171.25,103.00,274.25,0.500,Mid (Meeting),4.11,15.82,366.90,3851.00,11499.37,380.59,,0,100,40.00,-191,4397004,-839827.76,4,fused
494634,000000494634.jpg,640x480,1,0.615722,0,0,FP,yolov8l_bsz4.ms,171.50,106.00,277.50,0.500,Mid (Meeting),4.08,15.82,344.14,3873.00,11499.37,402.84,,0,100,40.00,-233,4395817,-1024225.36,4,fused
532493,000000532493.jpg,640x408,1,0.615623,1,1,TP,yolov8l_bsz4.ms,171.50,106.00,277.50,0.500,Mid (Meeting),4.08,15.82,344.14,3873.00,11499.37,402.84,,0,100,40.00,-233,4395817,-1024225.36,4,fused
371677,000000371677.jpg,640x480,1,0.615164,0,0,FP,yolov8l_bsz4.ms,171.50,106.00,277.50,0.500,Mid (Meeting),4.08,15.82,344.14,3873.00,11499.37,402.84,,0,100,40.00,-233,4395817,-1024225.36,4,fused
11511,000000011511.jpg,640x464,1,0.614234,1,1,TP,yolov8l_bsz4.ms,171.50,106.00,277.50,0.500,Mid (Meeting),4.08,15.82,344.14,3873.00,11499.37,402.84,,0,100,40.00,-233,4395817,-1024225.36,4,fused
51961,000000051961.jpg,427x640,1,0.614082,0,0,FP,yolov8l_bsz4.ms,169.75,106.25,276.00,0.500,Mid (Meeting),4.07,15.69,290.12,3927.00,11499.37,456.06,,0,100,40.00,-143,4398738,-629019.53,4,fused
482978,000000482978.jpg,640x360,1,0.613493,0,0,FP,yolov8l_bsz4.ms,169.75,106.25,276.00,0.500,Mid (Meeting),4.07,15.69,290.12,3927.00,11499.37,456.06,,0,100,40.00,-143,4398738,-629019.53,4,fused
112634,000000112634.jpg,640x443,1,0.612835,0,0,FP,yolov8l_bsz4.ms,169.75,106.25,276.00,0.500,Mid (Meeting),4.07,15.69,290.12,3927.00,11499.37,456.06,,0,100,40.00,-143,4398738,-629019.53,4,fused
509719,000000509719.jpg,640x427,1,0.612634,0,0,FP,yolov8l_bsz4.ms,169.75,106.25,276.00,0.500,Mid (Meeting),4.07,15.69,290.12,3927.00,11499.37,456.06,,0,100,40.00,-143,4398738,-629019.53,4,fused
153343,000000153343.jpg,640x480,1,0.612254,0,0,FP,yolov8l_bsz4.ms,171.25,112.50,283.75,0.500,Mid (Meeting),8.13,15.69,366.83,3852.00,11499.37,379.70,,0,100,40.00,-268,4394689,-1177776.65,4,fused
379441,000000379441.jpg,640x480,1,0.612105,0,0,FP,yolov8l_bsz4.ms,171.25,112.50,283.75,0.500,Mid (Meeting),8.13,15.69,366.83,3852.00,11499.37,379.70,,0,100,40.00,-268,4394689,-1177776.65,4,fused
508602,000000508602.jpg,500x429,1,0.612086,0,0,FP,yolov8l_bsz4.ms,171.25,112.50,283.75,0.500,Mid (Meeting),8.13,15.69,366.83,3852.00,11499.37,379.70,,0,100,40.00,-268,4394689,-1177776.65,4,fused
469246,000000469246.jpg,640x480,1,0.611314,1,1,TP,yolov8l_bsz4.ms,171.25,112.50,283.75,0.500,Mid (Meeting),8.13,15.69,366.83,3852.00,11499.37,379.70,,0,100,40.00,-268,4394689,-1177776.65,4,fused
407083,000000407083.jpg,480x640,1,0.611242,1,1,TP,yolov8l_bsz4.ms,172.00,106.00,278.00,0.500,Mid (Meeting),4.90,18.79,364.46,3854.00,11499.37,381.18,,0,100,40.00,-321,4392654,-1410041.93,4,fused
290768,000000290768.jpg,612x612,1,0.611119,0,0,FP,yolov8l_bsz4.ms,172.00,106.00,278.00,0.500,Mid (Meeting),4.90,18.79,364.46,3854.00,11499.37,381.18,,0,100,40.00,-321,4392654,-1410041.93,4,fused
343976,000000343976.jpg,500x375,1,0.609871,1,1,TP,yolov8l_bsz4.ms,172.00,106.00,278.00,0.500,Mid (Meeting),4.90,18.79,364.46,3854.00,11499.37,381.18,,0,100,40.00,-321,4392654,-1410041.93,4,fused
95707,000000095707.jpg,640x360,1,0.609793,0,0,FP,yolov8l_bsz4.ms,172.00,106.00,278.00,0.500,Mid (Meeting),4.90,18.79,364.46,3854.00,11499.37,381.18,,0,100,40.00,-321,4392654,-1410041.93,4,fused
513181,000000513181.jpg,640x423,1,0.609582,0,0,FP,yolov8l_bsz4.ms,173.25,100.75,274.00,0.500,Mid (Meeting),4.52,18.79,288.70,3930.00,11499.37,456.10,,0,100,40.00,-138,4398890,-607046.82,4,fused
166277,000000166277.jpg,480x640,1,0.608622,0,0,FP,yolov8l_bsz4.ms,173.25,100.75,274.00,0.500,Mid (Meeting),4.52,18.79,288.70,3930.00,11499.37,456.10,,0,100,40.00,-138,4398890,-607046.82,4,fused
560178,000000560178.jpg,640x480,1,0.608615,1,1,TP,yolov8l_bsz4.ms,173.25,100.75,274.00,0.500,Mid (Meeting),4.52,18.79,288.70,3930.00,11499.37,456.10,,0,100,40.00,-138,4398890,-607046.82,4,fused
188439,000000188439.jpg,640x408,1,0.608281,1,1,TP,yolov8l_bsz4.ms,173.25,100.75,274.00,0.500,Mid (Meeting),4.52,18.79,288.70,3930.00,11499.37,456.10,,0,100,40.00,-138,4398890,-607046.82,4,fused
7108,000000007108.jpg,640x426,1,0.607127,0,0,FP,yolov8l_bsz4.ms,174.00,103.50,277.50,0.500,Mid (Meeting),4.24,17.04,368.23,3850.00,11499.37,374.97,,0,100,40.00,-194,4396920,-853002.48,4,fused
554328,000000554328.jpg,640x499,1,0.606398,1,1,TP,yolov8l_bsz4.ms,174.00,103.50,277.50,0.500,Mid (Meeting),4.24,17.04,368.23,3850.00,11499.37,374.97,,0,100,40.00,-194,4396920,-853002.48,4,fused
209757,000000209757.jpg,426x640,1,0.606380,1,1,TP,yolov8l_bsz4.ms,174.00,103.50,277.50,0.500,Mid (Meeting),4.24,17.04,368.23,3850.00,11499.37,374.97,,0,100,40.00,-194,4396920,-853002.48,4,fused
234660,000000234660.jpg,640x480,1,0.606280,0,0,FP,yolov8l_bsz4.ms,174.00,103.50,277.50,0.500,Mid (Meeting),4.24,17.04,368.23,3850.00,11499.37,374.97,,0,100,40.00,-194,4396920,-853002.48,4,fused
41635,000000041635.jpg,640x480,1,0.605360,0,0,FP,yolov8l_bsz4.ms,175.50,114.50,290.00,0.500,Mid (Meeting),4.20,17.04,367.92,3850.00,11499.37,373.99,,0,100,40.00,-262,4394710,-1151414.02,4,fused
121153,000000121153.jpg,640x480,1,0.604771,0,0,FP,yolov8l_bsz4.ms,175.50,114.50,290.00,0.500,Mid (Meeting),4.20,17.04,367.92,3850.00,11499.37,373.99,,0,100,40.00,-262,4394710,-1151414.02,4,fused
261796,000000261796.jpg,523x640,1,0.604766,0,0,FP,yolov8l_bsz4.ms,175.50,114.50,290.00,0.500,Mid (Meeting),4.20,17.04,367.92,3850.00,11499.37,373.99,,0,100,40.00,-262,4394710,-1151414.02,4,fused
19924,000000019924.jpg,458x500,1,0.604754,1,1,TP,yolov8l_bsz4.ms,175.50,114.50,290.00,0.500,Mid (Meeting),4.20,17.04,367.92,3850.00,11499.37,373.99,,0,100,40.00,-262,4394710,-1151414.02,4,fused
456303,000000456303.jpg,321x500,1,0.603787,1,1,TP,yolov8l_bsz4.ms,176.75,91.50,268.25,0.500,Mid (Meeting),4.14,17.22,287.58,3892.00,11499.37,415.66,,0,100,40.00,-328,4392322,-1440681.62,4,fused
363784,000000363784.jpg,640x480,1,0.603476,0,0,FP,yolov8l_bsz4.ms,176.75,91.50,268.25,0.500,Mid (Meeting),4.14,17.22,287.58,3892.00,11499.37,415.66,,0,100,40.00,-328,4392322,-1440681.62,4,fused
231831,000000231831.jpg,481x640,1,0.603439,0,0,FP,yolov8l_bsz4.ms,176.75,91.50,268.25,0.500,Mid (Meeting),4.14,17.22,287.58,3892.00,11499.37,415.66,,0,100,40.00,-328,4392322,-1440681.62,4,fused
505573,000000505573.jpg,359x640,1,0.603413,0,0,FP,yolov8l_bsz4.ms,176.75,91.50,268.25,0.500,Mid (Meeting),4.14,17.22,287.58,3892.00,11499.37,415.66,,0,100,40.00,-328,4392322,-1440681.62,4,fused
405205,000000405205.jpg,550x410,1,0.602516,0,0,FP,yolov8l_bsz4.ms,177.00,104.50,281.50,0.500,Mid (Meeting),4.03,17.22,365.21,3793.00,11499.37,315.91,,0,100,40.00,-252,4394995,-1107538.74,4,fused
404479,000000404479.jpg,640x427,1,0.602023,0,0,FP,yolov8l_bsz4.ms,177.00,104.50,281.50,0.500,Mid (Meeting),4.03,17.22,365.21,3793.00,11499.37,315.91,,0,100,40.00,-252,4394995,-1107538.74,4,fused
289938,000000289938.jpg,640x426,1,0.601579,1,1,TP,yolov8l_bsz4.ms,177.00,104.50,281.50,0.500,Mid (Meeting),4.03,17.22,365.21,3793.00,11499.37,315.91,,0,100,40.00,-252,4394995,-1107538.74,4,fused
471087,000000471087.jpg,409x500,1,0.600814,1,1,TP,yolov8l_bsz4.ms,177.00,104.50,281.50,0.500,Mid (Meeting),4.03,17.22,365.21,3793.00,11499.37,315.91,,0,100,40.00,-252,4394995,-1107538.74,4,fused
410428,000000410428.jpg,640x427,1,0.600386,0,0,FP,yolov8l_bsz4.ms,186.50,97.25,283.75,0.500,Mid (Meeting),3.98,20.03,369.26,3818.00,11499.37,341.49,,0,100,40.00,-329,4392383,-1445094.01,4,fused
224200,000000224200.jpg,640x640,1,0.600370,0,0,FP,yolov8l_bsz4.ms,186.50,97.25,283.75,0.500,Mid (Meeting),3.98,20.03,369.26,3818.00,11499.37,341.49,,0,100,40.00,-329,4392383,-1445094.01,4,fused
178469,000000178469.jpg,640x427,1,0.599662,0,0,FP,yolov8l_bsz4.ms,186.50,97.25,283.75,0.500,Mid (Meeting),3.98,20.03,369.26,3818.00,11499.37,341.49,,0,100,40.00,-329,4392383,-1445094.01,4,fused
419098,000000419098.jpg,640x554,1,0.599481,0,0,FP,yolov8l_bsz4.ms,186.50,97.25,283.75,0.500,Mid (Meeting),3.98,20.03,369.26,3818.00,11499.37,341.49,,0,100,40.00,-329,4392383,-1445094.01,4,fused
437392,000000437392.jpg,480x640,1,0.599115,0,0,FP,yolov8l_bsz4.ms,180.25,99.00,279.25,0.500,Mid (Meeting),3.99,20.03,343.30,3853.00,11499.37,375.17,,0,100,40.00,-287,4393765,-1261010.55,4,fused
44652,000000044652.jpg,640x427,1,0.599103,0,0,FP,yolov8l_bsz4.ms,180.25,99.00,279.25,0.500,Mid (Meeting),3.99,20.03,343.30,3853.00,11499.37,375.17,,0,100,40.00,-287,4393765,-1261010.55,4,fused
134722,000000134722.jpg,640x480,1,0.599012,0,0,FP,yolov8l_bsz4.ms,180.25,99.00,279.25,0.500,Mid (Meeting),3.99,20.03,343.30,3853.00,11499.37,375.17,,0,100,40.00,-287,4393765,-1261010.55,4,fused
181499,000000181499.jpg,640x513,1,0.598246,1,1,TP,yolov8l_bsz4.ms,180.25,99.00,279.25,0.500,Mid (Meeting),3.99,20.03,343.30,3853.00,11499.37,375.17,,0,100,40.00,-287,4393765,-1261010.55,4,fused
283717,000000283717.jpg,640x480,1,0.598150,0,0,FP,yolov8l_bsz4.ms,176.50,104.75,281.25,0.500,Mid (Meeting),4.61,10.93,290.07,3921.00,11499.37,440.20,,0,100,40.00,-218,4395718,-958266.52,4,fused
70774,000000070774.jpg,640x425,1,0.598107,0,0,FP,yolov8l_bsz4.ms,176.50,104.75,281.25,0.500,Mid (Meeting),4.61,10.93,290.07,3921.00,11499.37,440.20,,0,100,40.00,-218,4395718,-958266.52,4,fused
466567,000000466567.jpg,480x640,1,0.596797,0,0,FP,yolov8l_bsz4.ms,176.50,104.75,281.25,0.500,Mid (Meeting),4.61,10.93,290.07,3921.00,11499.37,440.20,,0,100,40.00,-218,4395718,-958266.52,4,fused
128112,000000128112.jpg,425x640,1,0.596388,1,1,TP,yolov8l_bsz4.ms,176.50,104.75,281.25,0.500,Mid (Meeting),4.61,10.93,290.07,3921.00,11499.37,440.20,,0,100,40.00,-218,4395718,-958266.52,4,fused
42296,000000042296.jpg,640x425,1,0.596166,0,0,FP,yolov8l_bsz4.ms,177.75,107.25,285.00,0.500,Mid (Meeting),4.26,10.93,366.65,3844.00,11499.37,363.29,,0,100,40.00,-255,4394690,-1120645.95,4,fused
8899,000000008899.jpg,640x539,1,0.595897,0,0,FP,yolov8l_bsz4.ms,177.75,107.25,285.00,0.500,Mid (Meeting),4.26,10.93,366.65,3844.00,11499.37,363.29,,0,100,40.00,-255,4394690,-1120645.95,4,fused
190756,000000190756.jpg,640x480,1,0.595474,1,1,TP,yolov8l_bsz4.ms,177.75,107.25,285.00,0.500,Mid (Meeting),4.26,10.93,366.65,3844.00,11499.37,363.29,,0,100,40.00,-255,4394690,-1120645.95,4,fused
384527,000000384527.jpg,640x480,1,0.594982,0,0,FP,yolov8l_bsz4.ms,177.75,107.25,285.00,0.500,Mid (Meeting),4.26,10.93,366.65,3844.00,11499.37,363.29,,0,100,40.00,-255,4394690,-1120645.95,4,fused
527220,000000527220.jpg,500x169,1,0.594801,0,0,FP,yolov8l_bsz4.ms,170.25,93.75,264.00,0.500,Mid (Meeting),4.05,17.17,363.64,3847.00,11499.37,365.02,,0,100,40.00,-131,4398849,-576249.22,4,fused
525083,000000525083.jpg,640x428,1,0.593315,0,0,FP,yolov8l_bsz4.ms,170.25,93.75,264.00,0.500,Mid (Meeting),4.05,17.17,363.64,3847.00,11499.37,365.02,,0,100,40.00,-131,4398849,-576249.22,4,fused
571264,000000571264.jpg,640x426,1,0.592759,1,1,TP,yolov8l_bsz4.ms,170.25,93.75,264.00,0.500,Mid (Meeting),4.05,17.17,363.64,3847.00,11499.37,365.02,,0,100,40.00,-131,4398849,-576249.22,4,fused
426372,000000426372.jpg,640x427,1,0.592235,0,0,FP,yolov8l_bsz4.ms,170.25,93.75,264.00,0.500,Mid (Meeting),4.05,17.17,363.64,3847.00,11499.37,365.02,,0,100,40.00,-131,4398849,-576249.22,4,fused
145620,000000145620.jpg,640x436,1,0.591934,1,1,TP,yolov8l_bsz4.ms,178.50,98.00,276.50,0.500,Mid (Meeting),4.00,17.17,286.38,3924.00,11499.37,441.36,,0,100,40.00,-303,4393174,-1331131.72,4,fused
74200,000000074200.jpg,640x480,1,0.591823,1,1,TP,yolov8l_bsz4.ms,178.50,98.00,276.50,0.500,Mid (Meeting),4.00,17.17,286.38,3924.00,11499.37,441.36,,0,100,40.00,-303,4393174,-1331131.72,4,fused
263068,000000263068.jpg,330x500,1,0.591429,1,1,TP,yolov8l_bsz4.ms,178.50,98.00,276.50,0.500,Mid (Meeting),4.00,17.17,286.38,3924.00,11499.37,441.36,,0,100,40.00,-303,4393174,-1331131.72,4,fused
455872,000000455872.jpg,500x375,1,0.591126,0,0,FP,yolov8l_bsz4.ms,178.50,98.00,276.50,0.500,Mid (Meeting),4.00,17.17,286.38,3924.00,11499.37,441.36,,0,100,40.00,-303,4393174,-1331131.72,4,fused
32570,000000032570.jpg,640x427,1,0.590887,1,1,TP,yolov8l_bsz4.ms,172.50,111.75,284.25,0.500,Mid (Meeting),3.99,17.80,366.82,3843.00,11499.37,360.24,,0,100,40.00,-127,4398935,-558664.74,4,fused
534664,000000534664.jpg,640x404,1,0.590872,0,0,FP,yolov8l_bsz4.ms,172.50,111.75,284.25,0.500,Mid (Meeting),3.99,17.80,366.82,3843.00,11499.37,360.24,,0,100,40.00,-127,4398935,-558664.74,4,fused
66038,000000066038.jpg,640x480,1,0.589916,1,1,TP,yolov8l_bsz4.ms,172.50,111.75,284.25,0.500,Mid (Meeting),3.99,17.80,366.82,3843.00,11499.37,360.24,,0,100,40.00,-127,4398935,-558664.74,4,fused
98392,000000098392.jpg,480x640,1,0.589538,1,1,TP,yolov8l_bsz4.ms,172.50,111.75,284.25,0.500,Mid (Meeting),3.99,17.80,366.82,3843.00,11499.37,360.24,,0,100,40.00,-127,4398935,-558664.74,4,fused
577959,000000577959.jpg,640x427,1,0.589433,1,1,TP,yolov8l_bsz4.ms,178.75,112.50,291.25,0.500,Mid (Meeting),3.98,17.80,364.44,3845.00,11499.37,361.87,,0,100,40.00,-274,4394123,-1203989.70,4,fused
146363,000000146363.jpg,500x375,1,0.588810,0,0,FP,yolov8l_bsz4.ms,178.75,112.50,291.25,0.500,Mid (Meeting),3.98,17.80,364.44,3845.00,11499.37,361.87,,0,100,40.00,-274,4394123,-1203989.70,4,fused
534827,000000534827.jpg,612x612,1,0.588772,1,1,TP,yolov8l_bsz4.ms,178.75,112.50,291.25,0.500,Mid (Meeting),3.98,17.80,364.44,3845.00,11499.37,361.87,,0,100,40.00,-274,4394123,-1203989.70,4,fused
425925,000000425925.jpg,640x468,1,0.588657,1,1,TP,yolov8l_bsz4.ms,178.75,112.50,291.25,0.500,Mid (Meeting),3.98,17.80,364.44,3845.00,11499.37,361.87,,0,100,40.00,-274,4394123,-1203989.70,4,fused
424975,000000424975.jpg,640x480,1,0.588629,1,1,TP,yolov8l_bsz4.ms,173.00,118.75,291.75,0.500,Mid (Meeting),4.03,18.04,343.62,3866.00,11499.37,380.96,,0,100,40.00,-270,4394459,-1186503.93,4,fused
482100,000000482100.jpg,640x427,1,0.588607,0,0,FP,yolov8l_bsz4.ms,173.00,118.75,291.75,0.500,Mid (Meeting),4.03,18.04,343.62,3866.00,11499.37,380.96,,0,100,40.00,-270,4394459,-1186503.93,4,fused
544052,000000544052.jpg,640x640,1,0.588055,0,0,FP,yolov8l_bsz4.ms,173.00,118.75,291.75,0.500,Mid (Meeting),4.03,18.04,343.62,3866.00,11499.37,380.96,,0,100,40.00,-270,4394459,-1186503.93,4,fused
333772,000000333772.jpg,500x375,1,0.588036,0,0,FP,yolov8l_bsz4.ms,173.00,118.75,291.75,0.500,Mid (Meeting),4.03,18.04,343.62,3866.00,11499.37,380.96,,0,100,40.00,-270,4394459,-1186503.93,4,fused
234526,000000234526.jpg,612x612,1,0.587895,1,1,TP,yolov8l_bsz4.ms,171.75,110.50,282.25,0.500,Mid (Meeting),4.01,18.04,289.08,3920.00,11499.37,434.55,,0,100,40.00,-170,4397651,-747600.67,4,fused
295138,000000295138.jpg,640x423,1,0.587493,1,1,TP,yolov8l_bsz4.ms,171.75,110.50,282.25,0.500,Mid (Meeting),4.01,18.04,289.08,3920.00,11499.37,434.55,,0,100,40.00,-170,4397651,-747600.67,4,fused
171050,000000171050.jpg,480x640,1,0.587280,0,0,FP,yolov8l_bsz4.ms,171.75,110.50,282.25,0.500,Mid (Meeting),4.01,18.04,289.08,3920.00,11499.37,434.55,,0,100,40.00,-170,4397651,-747600.67,4,fused
488270,000000488270.jpg,640x426,1,0.586845,0,0,FP,yolov8l_bsz4.ms,171.75,110.50,282.25,0.500,Mid (Meeting),4.01,18.04,289.08,3920.00,11499.37,434.55,,0,100,40.00,-170,4397651,-747600.67,4,fused
203580,000000203580.jpg,640x427,1,0.586466,0,0,FP,yolov8l_bsz4.ms,176.50,98.75,275.25,0.500,Mid (Meeting),8.36,17.52,366.25,3843.00,11499.37,356.22,,0,100,40.00,-222,4396136,-975942.19,4,fused
432468,000000432468.jpg,427x640,1,0.586331,0,0,FP,yolov8l_bsz4.ms,176.50,98.75,275.25,0.500,Mid (Meeting),8.36,17.52,366.25,3843.00,11499.37,356.22,,0,100,40.00,-222,4396136,-975942.19,4,fused
528862,000000528862.jpg,500x375,1,0.586036,0,0,FP,yolov8l_bsz4.ms,176.50,98.75,275.25,0.500,Mid (Meeting),8.36,17.52,366.25,3843.00,11499.37,356.22,,0,100,40.00,-222,4396136,-975942.19,4,fused
32735,000000032735.jpg,640x427,1,0.585998,1,1,TP,yolov8l_bsz4.ms,176.50,98.75,275.25,0.500,Mid (Meeting),8.36,17.52,366.25,3843.00,11499.37,356.22,,0,100,40.00,-222,4396136,-975942.19,4,fused
552371,000000552371.jpg,640x426,1,0.585980,0,0,FP,yolov8l_bsz4.ms,179.25,101.00,280.25,0.500,Mid (Meeting),5.08,17.52,364.25,3844.00,11499.37,357.26,,0,100,40.00,-208,4396456,-914462.85,4,fused
370999,000000370999.jpg,640x480,1,0.585740,0,0,FP,yolov8l_bsz4.ms,179.25,101.00,280.25,0.500,Mid (Meeting),5.08,17.52,364.25,3844.00,11499.37,357.26,,0,100,40.00,-208,4396456,-914462.85,4,fused
307074,000000307074.jpg,500x333,1,0.585602,0,0,FP,yolov8l_bsz4.ms,179.25,101.00,280.25,0.500,Mid (Meeting),5.08,17.52,364.25,3844.00,11499.37,357.26,,0,100,40.00,-208,4396456,-914462.85,4,fused
41872,000000041872.jpg,640x426,1,0.584860,0,0,FP,yolov8l_bsz4.ms,179.25,101.00,280.25,0.500,Mid (Meeting),5.08,17.52,364.25,3844.00,11499.37,357.26,,0,100,40.00,-208,4396456,-914462.85,4,fused
89556,000000089556.jpg,640x480,1,0.583920,0,0,FP,yolov8l_bsz4.ms,171.75,101.25,273.00,0.500,Mid (Meeting),4.49,15.30,293.30,3915.00,11499.37,427.46,,0,100,40.00,-313,4392458,-1374839.35,4,fused
385205,000000385205.jpg,640x480,1,0.583285,0,0,FP,yolov8l_bsz4.ms,171.75,101.25,273.00,0.500,Mid (Meeting),4.49,15.30,293.30,3915.00,11499.37,427.46,,0,100,40.00,-313,4392458,-1374839.35,4,fused
289702,000000289702.jpg,640x427,1,0.583250,0,0,FP,yolov8l_bsz4.ms,171.75,101.25,273.00,0.500,Mid (Meeting),4.49,15.30,293.30,3915.00,11499.37,427.46,,0,100,40.00,-313,4392458,-1374839.35,4,fused
400367,000000400367.jpg,500x333,1,0.583171,0,0,FP,yolov8l_bsz4.ms,171.75,101.25,273.00,0.500,Mid (Meeting),4.49,15.30,293.30,3915.00,11499.37,427.46,,0,100,40.00,-313,4392458,-1374839.35,4,fused
553094,000000553094.jpg,640x426,1,0.582906,0,0,FP,yolov8l_bsz4.ms,172.25,96.75,269.00,0.500,Mid (Meeting),4.28,15.30,367.28,3841.00,11499.37,352.56,,0,100,40.00,-191,4396990,-839825.09,4,fused
575357,000000575357.jpg,640x453,1,0.582825,0,0,FP,yolov8l_bsz4.ms,172.25,96.75,269.00,0.500,Mid (Meeting),4.28,15.30,367.28,3841.00,11499.37,352.56,,0,100,40.00,-191,4396990,-839825.09,4,fused
26926,000000026926.jpg,423x640,1,0.582487,0,0,FP,yolov8l_bsz4.ms,172.25,96.75,269.00,0.500,Mid (Meeting),4.28,15.30,367.28,3841.00,11499.37,352.56,,0,100,40.00,-191,4396990,-839825.09,4,fused
258911,000000258911.jpg,640x426,1,0.582376,1,1,TP,yolov8l_bsz4.ms,172.25,96.75,269.00,0.500,Mid (Meeting),4.28,15.30,367.28,3841.00,11499.37,352.56,,0,100,40.00,-191,4396990,-839825.09,4,fused
356169,000000356169.jpg,640x480,1,0.582364,0,0,FP,yolov8l_bsz4.ms,171.50,107.00,278.50,0.500,Mid (Meeting),4.18,16.91,364.59,3843.00,11499.37,353.02,,0,100,40.00,-210,4396040,-923168.40,4,fused
417043,000000417043.jpg,640x480,1,0.582319,0,0,FP,yolov8l_bsz4.ms,171.50,107.00,278.50,0.500,Mid (Meeting),4.18,16.91,364.59,3843.00,11499.37,353.02,,0,100,40.00,-210,4396040,-923168.40,4,fused
377486,000000377486.jpg,640x427,1,0.581644,1,1,TP,yolov8l_bsz4.ms,171.50,107.00,278.50,0.500,Mid (Meeting),4.18,16.91,364.59,3843.00,11499.37,353.02,,0,100,40.00,-210,4396040,-923168.40,4,fused
479030,000000479030.jpg,640x424,1,0.581268,0,0,FP,yolov8l_bsz4.ms,171.50,107.00,278.50,0.500,Mid (Meeting),4.18,16.91,364.59,3843.00,11499.37,353.02,,0,100,40.00,-210,4396040,-923168.40,4,fused
73118,000000073118.jpg,612x612,1,0.581019,0,0,FP,yolov8l_bsz4.ms,176.50,104.75,281.25,0.500,Mid (Meeting),4.14,16.91,344.03,3863.00,11499.37,372.66,,0,100,40.00,-272,4393807,-1195115.50,4,fused
210915,000000210915.jpg,640x480,1,0.580876,1,1,TP,yolov8l_bsz4.ms,176.50,104.75,281.25,0.500,Mid (Meeting),4.14,16.91,344.03,3863.00,11499.37,372.66,,0,100,40.00,-272,4393807,-1195115.50,4,fused
344611,000000344611.jpg,640x426,1,0.580694,0,0,FP,yolov8l_bsz4.ms,176.50,104.75,281.25,0.500,Mid (Meeting),4.14,16.91,344.03,3863.00,11499.37,372.66,,0,100,40.00,-272,4393807,-1195115.50,4,fused
183049,000000183049.jpg,427x640,1,0.580396,0,0,FP,yolov8l_bsz4.ms,176.50,104.75,281.25,0.500,Mid (Meeting),4.14,16.91,344.03,3863.00,11499.37,372.66,,0,100,40.00,-272,4393807,-1195115.50,4,fused
115946,000000115946.jpg,480x640,1,0.579757,1,1,TP,yolov8l_bsz4.ms,177.75,109.25,287.00,0.500,Mid (Meeting),4.15,16.49,288.96,3918.00,11499.37,426.89,,0,100,40.00,-284,4393523,-1247760.53,4,fused
404534,000000404534.jpg,386x500,1,0.579422,0,0,FP,yolov8l_bsz4.ms,177.75,109.25,287.00,0.500,Mid (Meeting),4.15,16.49,288.96,3918.00,11499.37,426.89,,0,100,40.00,-284,4393523,-1247760.53,4,fused
20107,000000020107.jpg,333x500,1,0.579385,0,0,FP,yolov8l_bsz4.ms,177.75,109.25,287.00,0.500,Mid (Meeting),4.15,16.49,288.96,3918.00,11499.37,426.89,,0,100,40.00,-284,4393523,-1247760.53,4,fused
415727,000000415727.jpg,640x480,1,0.579333,1,1,TP,yolov8l_bsz4.ms,177.75,109.25,287.00,0.500,Mid (Meeting),4.15,16.49,288.96,3918.00,11499.37,426.89,,0,100,40.00,-284,4393523,-1247760.53,4,fused
9914,000000009914.jpg,640x480,1,0.579232,0,0,FP,yolov8l_bsz4.ms,172.75,111.50,284.25,0.500,Mid (Meeting),4.09,16.49,366.48,3840.00,11499.37,348.43,,0,100,40.00,-135,4398606,-593811.81,4,fused
145781,000000145781.jpg,640x480,1,0.578627,0,0,FP,yolov8l_bsz4.ms,172.75,111.50,284.25,0.500,Mid (Meeting),4.09,16.49,366.48,3840.00,11499.37,348.43,,0,100,40.00,-135,4398606,-593811.81,4,fused
567197,000000567197.jpg,500x407,1,0.578253,1,1,TP,yolov8l_bsz4.ms,172.75,111.50,284.25,0.500,Mid (Meeting),4.09,16.49,366.48,3840.00,11499.37,348.43,,0,100,40.00,-135,4398606,-593811.81,4,fused
446522,000000446522.jpg,480x640,1,0.577971,0,0,FP,yolov8l_bsz4.ms,172.75,111.50,284.25,0.500,Mid (Meeting),4.09,16.49,366.48,3840.00,11499.37,348.43,,0,100,40.00,-135,4398606,-593811.81,4,fused
166664,000000166664.jpg,640x427,1,0.577955,0,0,FP,yolov8l_bsz4.ms,177.50,91.25,268.75,0.500,Mid (Meeting),4.05,16.72,365.62,3840.00,11499.37,348.17,,0,100,40.00,-235,4395390,-1032916.65,4,fused
566758,000000566758.jpg,640x480,1,0.577383,0,0,FP,yolov8l_bsz4.ms,177.50,91.25,268.75,0.500,Mid (Meeting),4.05,16.72,365.62,3840.00,11499.37,348.17,,0,100,40.00,-235,4395390,-1032916.65,4,fused
266082,000000266082.jpg,375x500,1,0.577358,0,0,FP,yolov8l_bsz4.ms,177.50,91.25,268.75,0.500,Mid (Meeting),4.05,16.72,365.62,3840.00,11499.37,348.17,,0,100,40.00,-235,4395390,-1032916.65,4,fused
153217,000000153217.jpg,375x500,1,0.577337,0,0,FP,yolov8l_bsz4.ms,177.50,91.25,268.75,0.500,Mid (Meeting),4.05,16.72,365.62,3840.00,11499.37,348.17,,0,100,40.00,-235,4395390,-1032916.65,4,fused
338428,000000338428.jpg,640x366,1,0.576975,0,0,FP,yolov8l_bsz4.ms,175.00,93.50,268.50,0.500,Mid (Meeting),4.60,16.72,345.04,3860.00,11499.37,366.29,,0,100,40.00,-301,4392893,-1322260.79,4,fused
187990,000000187990.jpg,500x375,1,0.576890,1,1,TP,yolov8l_bsz4.ms,175.00,93.50,268.50,0.500,Mid (Meeting),4.60,16.72,345.04,3860.00,11499.37,366.29,,0,100,40.00,-301,4392893,-1322260.79,4,fused
222299,000000222299.jpg,500x375,1,0.576603,0,0,FP,yolov8l_bsz4.ms,175.00,93.50,268.50,0.500,Mid (Meeting),4.60,16.72,345.04,3860.00,11499.37,366.29,,0,100,40.00,-301,4392893,-1322260.79,4,fused
276707,000000276707.jpg,640x480,1,0.576533,1,1,TP,yolov8l_bsz4.ms,175.00,93.50,268.50,0.500,Mid (Meeting),4.60,16.72,345.04,3860.00,11499.37,366.29,,0,100,40.00,-301,4392893,-1322260.79,4,fused
323151,000000323151.jpg,480x640,1,0.576510,0,0,FP,yolov8l_bsz4.ms,178.25,107.75,286.00,0.500,Mid (Meeting),4.19,14.74,290.41,3915.00,11499.37,420.11,,0,100,40.00,-125,4398789,-549848.63,4,fused
184338,000000184338.jpg,640x427,1,0.575649,0,0,FP,yolov8l_bsz4.ms,178.25,107.75,286.00,0.500,Mid (Meeting),4.19,14.74,290.41,3915.00,11499.37,420.11,,0,100,40.00,-125,4398789,-549848.63,4,fused
540466,000000540466.jpg,640x427,1,0.575244,1,1,TP,yolov8l_bsz4.ms,178.25,107.75,286.00,0.500,Mid (Meeting),4.19,14.74,290.41,3915.00,11499.37,420.11,,0,100,40.00,-125,4398789,-549848.63,4,fused
331569,000000331569.jpg,612x612,1,0.575183,0,0,FP,yolov8l_bsz4.ms,178.25,107.75,286.00,0.500,Mid (Meeting),4.19,14.74,290.41,3915.00,11499.37,420.11,,0,100,40.00,-125,4398789,-549848.63,4,fused
509258,000000509258.jpg,640x428,1,0.575001,0,0,FP,yolov8l_bsz4.ms,170.50,107.25,277.75,0.500,Mid (Meeting),4.07,14.74,367.68,3837.00,11499.37,342.09,,0,100,40.00,-150,4398142,-659721.30,4,fused
173383,000000173383.jpg,640x425,1,0.574836,0,0,FP,yolov8l_bsz4.ms,170.50,107.25,277.75,0.500,Mid (Meeting),4.07,14.74,367.68,3837.00,11499.37,342.09,,0,100,40.00,-150,4398142,-659721.30,4,fused
165518,000000165518.jpg,612x612,1,0.574794,1,1,TP,yolov8l_bsz4.ms,170.50,107.25,277.75,0.500,Mid (Meeting),4.07,14.74,367.68,3837.00,11499.37,342.09,,0,100,40.00,-150,4398142,-659721.30,4,fused
1993,000000001993.jpg,640x419,1,0.574609,0,0,FP,yolov8l_bsz4.ms,170.50,107.25,277.75,0.500,Mid (Meeting),4.07,14.74,367.68,3837.00,11499.37,342.09,,0,100,40.00,-150,4398142,-659721.30,4,fused
279541,000000279541.jpg,478x640,1,0.573784,1,1,TP,yolov8l_bsz4.ms,179.00,102.00,281.00,0.500,Mid (Meeting),4.01,14.53,367.88,3837.00,11499.37,340.92,,0,100,40.00,-201,4396211,-883638.41,4,fused
163155,000000163155.jpg,640x427,1,0.573596,0,0,FP,yolov8l_bsz4.ms,179.00,102.00,281.00,0.500,Mid (Meeting),4.01,14.53,367.88,3837.00,11499.37,340.92,,0,100,40.00,-201,4396211,-883638.41,4,fused
535156,000000535156.jpg,640x505,1,0.573502,0,0,FP,yolov8l_bsz4.ms,179.00,102.00,281.00,0.500,Mid (Meeting),4.01,14.53,367.88,3837.00,11499.37,340.92,,0,100,40.00,-201,4396211,-883638.41,4,fused
511321,000000511321.jpg,427x640,1,0.572998,0,0,FP,yolov8l_bsz4.ms,179.00,102.00,281.00,0.500,Mid (Meeting),4.01,14.53,367.88,3837.00,11499.37,340.92,,0,100,40.00,-201,4396211,-883638.41,4,fused
224724,000000224724.jpg,480x640,1,0.572701,1,1,TP,yolov8l_bsz4.ms,176.00,118.75,294.75,0.500,Mid (Meeting),4.05,14.53,346.02,3858.00,11499.37,361.88,,0,100,40.00,-170,4397289,-747539.13,4,fused
463849,000000463849.jpg,564x640,1,0.571554,1,1,TP,yolov8l_bsz4.ms,176.00,118.75,294.75,0.500,Mid (Meeting),4.05,14.53,346.02,3858.00,11499.37,361.88,,0,100,40.00,-170,4397289,-747539.13,4,fused
109055,000000109055.jpg,640x480,1,0.571466,0,0,FP,yolov8l_bsz4.ms,176.00,118.75,294.75,0.500,Mid (Meeting),4.05,14.53,346.02,3858.00,11499.37,361.88,,0,100,40.00,-170,4397289,-747539.13,4,fused
242678,000000242678.jpg,640x481,1,0.571324,1,1,TP,yolov8l_bsz4.ms,176.00,118.75,294.75,0.500,Mid (Meeting),4.05,14.53,346.02,3858.00,11499.37,361.88,,0,100,40.00,-170,4397289,-747539.13,4,fused
116479,000000116479.jpg,411x640,1,0.571023,0,0,FP,yolov8l_bsz4.ms,173.75,100.50,274.25,0.500,Mid (Meeting),4.03,15.66,287.15,3917.00,11499.37,419.68,,0,100,40.00,-271,4394025,-1190780.77,4,fused
523033,000000523033.jpg,640x427,1,0.570269,1,1,TP,yolov8l_bsz4.ms,173.75,100.50,274.25,0.500,Mid (Meeting),4.03,15.66,287.15,3917.00,11499.37,419.68,,0,100,40.00,-271,4394025,-1190780.77,4,fused
178618,000000178618.jpg,446x640,1,0.569386,0,0,FP,yolov8l_bsz4.ms,173.75,100.50,274.25,0.500,Mid (Meeting),4.03,15.66,287.15,3917.00,11499.37,419.68,,0,100,40.00,-271,4394025,-1190780.77,4,fused
10092,000000010092.jpg,640x426,1,0.569366,0,0,FP,yolov8l_bsz4.ms,173.75,100.50,274.25,0.500,Mid (Meeting),4.03,15.66,287.15,3917.00,11499.37,419.68,,0,100,40.00,-271,4394025,-1190780.77,4,fused
447342,000000447342.jpg,640x416,1,0.569179,0,0,FP,yolov8l_bsz4.ms,177.25,108.00,285.25,0.500,Mid (Meeting),3.96,15.66,367.46,3835.00,11499.37,336.96,,0,100,40.00,-198,4396601,-870527.00,4,fused
438017,000000438017.jpg,480x640,1,0.569074,0,0,FP,yolov8l_bsz4.ms,177.25,108.00,285.25,0.500,Mid (Meeting),3.96,15.66,367.46,3835.00,11499.37,336.96,,0,100,40.00,-198,4396601,-870527.00,4,fused
186873,000000186873.jpg,612x612,1,0.568991,1,1,TP,yolov8l_bsz4.ms,177.25,108.00,285.25,0.500,Mid (Meeting),3.96,15.66,367.46,3835.00,11499.37,336.96,,0,100,40.00,-198,4396601,-870527.00,4,fused
125062,000000125062.jpg,427x640,1,0.568820,0,0,FP,yolov8l_bsz4.ms,177.25,108.00,285.25,0.500,Mid (Meeting),3.96,15.66,367.46,3835.00,11499.37,336.96,,0,100,40.00,-198,4396601,-870527.00,4,fused
481159,000000481159.jpg,640x463,1,0.568569,0,0,FP,yolov8l_bsz4.ms,178.75,96.50,275.25,0.500,Mid (Meeting),3.97,16.60,365.03,3838.00,11499.37,338.64,,0,100,40.00,-180,4397265,-791507.70,4,fused
2157,000000002157.jpg,640x427,1,0.568284,0,0,FP,yolov8l_bsz4.ms,178.75,96.50,275.25,0.500,Mid (Meeting),3.97,16.60,365.03,3838.00,11499.37,338.64,,0,100,40.00,-180,4397265,-791507.70,4,fused
521052,000000521052.jpg,640x480,1,0.568217,0,0,FP,yolov8l_bsz4.ms,178.75,96.50,275.25,0.500,Mid (Meeting),3.97,16.60,365.03,3838.00,11499.37,338.64,,0,100,40.00,-180,4397265,-791507.70,4,fused
226408,000000226408.jpg,640x469,1,0.568099,1,1,TP,yolov8l_bsz4.ms,178.75,96.50,275.25,0.500,Mid (Meeting),3.97,16.60,365.03,3838.00,11499.37,338.64,,0,100,40.00,-180,4397265,-791507.70,4,fused
207728,000000207728.jpg,640x373,1,0.567343,0,0,FP,yolov8l_bsz4.ms,172.00,95.50,267.50,0.500,Mid (Meeting),8.02,16.60,364.71,3837.00,11499.37,337.58,,0,100,40.00,-232,4395533,-1019763.66,4,fused
477955,000000477955.jpg,480x640,1,0.567148,1,1,TP,yolov8l_bsz4.ms,172.00,95.50,267.50,0.500,Mid (Meeting),8.02,16.60,364.71,3837.00,11499.37,337.58,,0,100,40.00,-232,4395533,-1019763.66,4,fused
290293,000000290293.jpg,640x326,1,0.567140,1,1,TP,yolov8l_bsz4.ms,172.00,95.50,267.50,0.500,Mid (Meeting),8.02,16.60,364.71,3837.00,11499.37,337.58,,0,100,40.00,-232,4395533,-1019763.66,4,fused
415882,000000415882.jpg,544x640,1,0.565950,1,1,TP,yolov8l_bsz4.ms,172.00,95.50,267.50,0.500,Mid (Meeting),8.02,16.60,364.71,3837.00,11499.37,337.58,,0,100,40.00,-232,4395533,-1019763.66,4,fused
500613,000000500613.jpg,640x425,1,0.565512,0,0,FP,yolov8l_bsz4.ms,176.00,96.75,272.75,0.500,Mid (Meeting),4.33,13.10,289.12,3913.00,11499.37,412.02,,0,100,40.00,-188,4397062,-826647.66,4,fused
161128,000000161128.jpg,375x500,1,0.565359,1,1,TP,yolov8l_bsz4.ms,176.00,96.75,272.75,0.500,Mid (Meeting),4.33,13.10,289.12,3913.00,11499.37,412.02,,0,100,40.00,-188,4397062,-826647.66,4,fused
229311,000000229311.jpg,500x375,1,0.564806,0,0,FP,yolov8l_bsz4.ms,176.00,96.75,272.75,0.500,Mid (Meeting),4.33,13.10,289.12,3913.00,11499.37,412.02,,0,100,40.00,-188,4397062,-826647.66,4,fused
519764,000000519764.jpg,500x375,1,0.564075,0,0,FP,yolov8l_bsz4.ms,176.00,96.75,272.75,0.500,Mid (Meeting),4.33,13.10,289.12,3913.00,11499.37,412.02,,0,100,40.00,-188,4397062,-826647.66,4,fused
78170,000000078170.jpg,640x640,1,0.563942,1,1,TP,yolov8l_bsz4.ms,173.25,125.25,298.50,0.500,Mid (Meeting),4.20,13.10,368.32,3833.00,11499.37,332.25,,0,100,40.00,-171,4397147,-751912.14,4,fused
70229,000000070229.jpg,481x640,1,0.563786,1,1,TP,yolov8l_bsz4.ms,173.25,125.25,298.50,0.500,Mid (Meeting),4.20,13.10,368.32,3833.00,11499.37,332.25,,0,100,40.00,-171,4397147,-751912.14,4,fused
409424,000000409424.jpg,480x640,1,0.563749,0,0,FP,yolov8l_bsz4.ms,173.25,125.25,298.50,0.500,Mid (Meeting),4.20,13.10,368.32,3833.00,11499.37,332.25,,0,100,40.00,-171,4397147,-751912.14,4,fused
387098,000000387098.jpg,640x480,1,0.563593,0,0,FP,yolov8l_bsz4.ms,173.25,125.25,298.50,0.500,Mid (Meeting),4.20,13.10,368.32,3833.00,11499.37,332.25,,0,100,40.00,-171,4397147,-751912.14,4,fused
430286,000000430286.jpg,640x473,1,0.563268,0,0,FP,yolov8l_bsz4.ms,173.25,105.50,278.75,0.500,Mid (Meeting),4.10,14.67,364.43,3837.00,11499.37,333.98,,0,100,40.00,-217,4395978,-953927.23,4,fused
554595,000000554595.jpg,500x376,1,0.562608,1,1,TP,yolov8l_bsz4.ms,173.25,105.50,278.75,0.500,Mid (Meeting),4.10,14.67,364.43,3837.00,11499.37,333.98,,0,100,40.00,-217,4395978,-953927.23,4,fused
340451,000000340451.jpg,640x424,1,0.562458,1,1,TP,yolov8l_bsz4.ms,173.25,105.50,278.75,0.500,Mid (Meeting),4.10,14.67,364.43,3837.00,11499.37,333.98,,0,100,40.00,-217,4395978,-953927.23,4,fused
298697,000000298697.jpg,640x480,1,0.562385,0,0,FP,yolov8l_bsz4.ms,173.25,105.50,278.75,0.500,Mid (Meeting),4.10,14.67,364.43,3837.00,11499.37,333.98,,0,100,40.00,-217,4395978,-953927.23,4,fused
516601,000000516601.jpg,640x360,1,0.562247,1,1,TP,yolov8l_bsz4.ms,175.25,99.50,274.75,0.500,Mid (Meeting),4.14,14.67,345.34,3855.00,11499.37,352.00,,0,100,40.00,-223,4395454,-980186.24,4,fused
395575,000000395575.jpg,500x339,1,0.562028,1,1,TP,yolov8l_bsz4.ms,175.25,99.50,274.75,0.500,Mid (Meeting),4.14,14.67,345.34,3855.00,11499.37,352.00,,0,100,40.00,-223,4395454,-980186.24,4,fused
423104,000000423104.jpg,427x640,1,0.561922,1,1,TP,yolov8l_bsz4.ms,175.25,99.50,274.75,0.500,Mid (Meeting),4.14,14.67,345.34,3855.00,11499.37,352.00,,0,100,40.00,-223,4395454,-980186.24,4,fused
463842,000000463842.jpg,640x480,1,0.561804,0,0,FP,yolov8l_bsz4.ms,175.25,99.50,274.75,0.500,Mid (Meeting),4.14,14.67,345.34,3855.00,11499.37,352.00,,0,100,40.00,-223,4395454,-980186.24,4,fused
448410,000000448410.jpg,640x437,1,0.561640,1,1,TP,yolov8l_bsz4.ms,179.25,95.25,274.50,0.500,Mid (Meeting),4.05,16.03,294.94,3906.00,11499.37,401.87,,0,100,40.00,-294,4393270,-1291621.38,4,fused
177539,000000177539.jpg,640x427,1,0.561573,1,1,TP,yolov8l_bsz4.ms,179.25,95.25,274.50,0.500,Mid (Meeting),4.05,16.03,294.94,3906.00,11499.37,401.87,,0,100,40.00,-294,4393270,-1291621.38,4,fused
555005,000000555005.jpg,640x480,1,0.561154,0,0,FP,yolov8l_bsz4.ms,179.25,95.25,274.50,0.500,Mid (Meeting),4.05,16.03,294.94,3906.00,11499.37,401.87,,0,100,40.00,-294,4393270,-1291621.38,4,fused
494913,000000494913.jpg,640x428,1,0.561069,1,1,TP,yolov8l_bsz4.ms,179.25,95.25,274.50,0.500,Mid (Meeting),4.05,16.03,294.94,3906.00,11499.37,401.87,,0,100,40.00,-294,4393270,-1291621.38,4,fused
19402,000000019402.jpg,640x480,1,0.560954,1,1,TP,yolov8l_bsz4.ms,173.50,105.75,279.25,0.500,Mid (Meeting),3.95,16.03,368.31,3832.00,11499.37,327.82,,0,100,40.00,-146,4398197,-642136.76,4,fused
476810,000000476810.jpg,640x480,1,0.560515,0,0,FP,yolov8l_bsz4.ms,173.50,105.75,279.25,0.500,Mid (Meeting),3.95,16.03,368.31,3832.00,11499.37,327.82,,0,100,40.00,-146,4398197,-642136.76,4,fused
383339,000000383339.jpg,640x428,1,0.560299,1,1,TP,yolov8l_bsz4.ms,173.50,105.75,279.25,0.500,Mid (Meeting),3.95,16.03,368.31,3832.00,11499.37,327.82,,0,100,40.00,-146,4398197,-642136.76,4,fused
162858,000000162858.jpg,428x640,1,0.559507,1,1,TP,yolov8l_bsz4.ms,173.50,105.75,279.25,0.500,Mid (Meeting),3.95,16.03,368.31,3832.00,11499.37,327.82,,0,100,40.00,-146,4398197,-642136.76,4,fused
355257,000000355257.jpg,640x427,1,0.559415,1,1,TP,yolov8l_bsz4.ms,177.75,109.50,287.25,0.500,Mid (Meeting),3.99,16.15,364.70,3835.00,11499.37,330.35,,0,100,40.00,-134,4398634,-589416.96,4,fused
31118,000000031118.jpg,640x427,1,0.559108,1,1,TP,yolov8l_bsz4.ms,177.75,109.50,287.25,0.500,Mid (Meeting),3.99,16.15,364.70,3835.00,11499.37,330.35,,0,100,40.00,-134,4398634,-589416.96,4,fused
565962,000000565962.jpg,479x322,1,0.559101,1,1,TP,yolov8l_bsz4.ms,177.75,109.50,287.25,0.500,Mid (Meeting),3.99,16.15,364.70,3835.00,11499.37,330.35,,0,100,40.00,-134,4398634,-589416.96,4,fused
578922,000000578922.jpg,598x640,1,0.558933,0,0,FP,yolov8l_bsz4.ms,177.75,109.50,287.25,0.500,Mid (Meeting),3.99,16.15,364.70,3835.00,11499.37,330.35,,0,100,40.00,-134,4398634,-589416.96,4,fused
300913,000000300913.jpg,500x375,1,0.558308,0,0,FP,yolov8l_bsz4.ms,176.25,106.75,283.00,0.500,Mid (Meeting),3.97,16.15,343.82,3854.00,11499.37,345.63,,0,100,40.00,-189,4396603,-830957.97,4,fused
129812,000000129812.jpg,640x426,1,0.557988,1,1,TP,yolov8l_bsz4.ms,176.25,106.75,283.00,0.500,Mid (Meeting),3.97,16.15,343.82,3854.00,11499.37,345.63,,0,100,40.00,-189,4396603,-830957.97,4,fused
371699,000000371699.jpg,480x640,1,0.556719,1,1,TP,yolov8l_bsz4.ms,176.25,106.75,283.00,0.500,Mid (Meeting),3.97,16.15,343.82,3854.00,11499.37,345.63,,0,100,40.00,-189,4396603,-830957.97,4,fused
205542,000000205542.jpg,480x640,1,0.556507,0,0,FP,yolov8l_bsz4.ms,176.25,106.75,283.00,0.500,Mid (Meeting),3.97,16.15,343.82,3854.00,11499.37,345.63,,0,100,40.00,-189,4396603,-830957.97,4,fused
157418,000000157418.jpg,480x640,1,0.556186,0,0,FP,yolov8l_bsz4.ms,171.75,104.25,276.00,0.500,Mid (Meeting),6.26,10.73,290.48,3907.00,11499.37,397.04,,0,100,40.00,-271,4394152,-1190815.19,4,fused
549930,000000549930.jpg,640x558,1,0.555325,1,1,TP,yolov8l_bsz4.ms,171.75,104.25,276.00,0.500,Mid (Meeting),6.26,10.73,290.48,3907.00,11499.37,397.04,,0,100,40.00,-271,4394152,-1190815.19,4,fused
245576,000000245576.jpg,640x472,1,0.555234,0,0,FP,yolov8l_bsz4.ms,171.75,104.25,276.00,0.500,Mid (Meeting),6.26,10.73,290.48,3907.00,11499.37,397.04,,0,100,40.00,-271,4394152,-1190815.19,4,fused
61108,000000061108.jpg,640x480,1,0.554909,0,0,FP,yolov8l_bsz4.ms,171.75,104.25,276.00,0.500,Mid (Meeting),6.26,10.73,290.48,3907.00,11499.37,397.04,,0,100,40.00,-271,4394152,-1190815.19,4,fused
342397,000000342397.jpg,640x427,1,0.554458,1,1,TP,yolov8l_bsz4.ms,170.75,106.00,276.75,0.500,Mid (Meeting),4.67,10.73,368.03,3830.00,11499.37,318.90,,0,100,40.00,-193,4396700,-848563.10,4,fused
241319,000000241319.jpg,640x476,1,0.553963,0,0,FP,yolov8l_bsz4.ms,170.75,106.00,276.75,0.500,Mid (Meeting),4.67,10.73,368.03,3830.00,11499.37,318.90,,0,100,40.00,-193,4396700,-848563.10,4,fused
189820,000000189820.jpg,640x427,1,0.553322,0,0,FP,yolov8l_bsz4.ms,170.75,106.00,276.75,0.500,Mid (Meeting),4.67,10.73,368.03,3830.00,11499.37,318.90,,0,100,40.00,-193,4396700,-848563.10,4,fused
103723,000000103723.jpg,480x640,1,0.553291,1,1,TP,yolov8l_bsz4.ms,170.75,106.00,276.75,0.500,Mid (Meeting),4.67,10.73,368.03,3830.00,11499.37,318.90,,0,100,40.00,-193,4396700,-848563.10,4,fused
369751,000000369751.jpg,426x640,1,0.553051,0,0,FP,yolov8l_bsz4.ms,177.25,95.00,272.25,0.500,Mid (Meeting),4.29,14.55,365.21,3832.00,11499.37,320.49,,0,100,40.00,-231,4395460,-1015351.26,4,fused
232244,000000232244.jpg,500x375,1,0.552394,0,0,FP,yolov8l_bsz4.ms,177.25,95.00,272.25,0.500,Mid (Meeting),4.29,14.55,365.21,3832.00,11499.37,320.49,,0,100,40.00,-231,4395460,-1015351.26,4,fused
235252,000000235252.jpg,640x427,1,0.552272,0,0,FP,yolov8l_bsz4.ms,177.25,95.00,272.25,0.500,Mid (Meeting),4.29,14.55,365.21,3832.00,11499.37,320.49,,0,100,40.00,-231,4395460,-1015351.26,4,fused
296224,000000296224.jpg,640x480,1,0.551481,1,1,TP,yolov8l_bsz4.ms,177.25,95.00,272.25,0.500,Mid (Meeting),4.29,14.55,365.21,3832.00,11499.37,320.49,,0,100,40.00,-231,4395460,-1015351.26,4,fused
436738,000000436738.jpg,500x486,1,0.551434,1,1,TP,yolov8l_bsz4.ms,174.75,105.75,280.50,0.500,Mid (Meeting),4.26,14.55,343.86,3853.00,11499.37,340.85,,0,100,40.00,-270,4394247,-1186446.69,4,fused
417085,000000417085.jpg,640x360,1,0.551107,0,0,FP,yolov8l_bsz4.ms,174.75,105.75,280.50,0.500,Mid (Meeting),4.26,14.55,343.86,3853.00,11499.37,340.85,,0,100,40.00,-270,4394247,-1186446.69,4,fused
305309,000000305309.jpg,640x406,1,0.551028,1,1,TP,yolov8l_bsz4.ms,174.75,105.75,280.50,0.500,Mid (Meeting),4.26,14.55,343.86,3853.00,11499.37,340.85,,0,100,40.00,-270,4394247,-1186446.69,4,fused
361506,000000361506.jpg,640x480,1,0.550650,1,1,TP,yolov8l_bsz4.ms,174.75,105.75,280.50,0.500,Mid (Meeting),4.26,14.55,343.86,3853.00,11499.37,340.85,,0,100,40.00,-270,4394247,-1186446.69,4,fused
538067,000000538067.jpg,500x375,1,0.550447,1,1,TP,yolov8l_bsz4.ms,173.50,122.75,296.25,0.500,Mid (Meeting),4.21,16.24,294.55,3905.00,11499.37,391.62,,0,100,40.00,-258,4394402,-1133755.72,4,fused
305695,000000305695.jpg,640x480,1,0.550024,0,0,FP,yolov8l_bsz4.ms,173.50,122.75,296.25,0.500,Mid (Meeting),4.21,16.24,294.55,3905.00,11499.37,391.62,,0,100,40.00,-258,4394402,-1133755.72,4,fused
158660,000000158660.jpg,612x612,1,0.549760,1,1,TP,yolov8l_bsz4.ms,173.50,122.75,296.25,0.500,Mid (Meeting),4.21,16.24,294.55,3905.00,11499.37,391.62,,0,100,40.00,-258,4394402,-1133755.72,4,fused
505169,000000505169.jpg,480x640,1,0.549210,0,0,FP,yolov8l_bsz4.ms,173.50,122.75,296.25,0.500,Mid (Meeting),4.21,16.24,294.55,3905.00,11499.37,391.62,,0,100,40.00,-258,4394402,-1133755.72,4,fused
200162,000000200162.jpg,640x425,1,0.548763,0,0,FP,yolov8l_bsz4.ms,177.50,100.25,277.75,0.500,Mid (Meeting),4.13,16.24,365.65,3831.00,11499.37,318.30,,0,100,40.00,-299,4393031,-1313516.27,4,fused
288391,000000288391.jpg,427x640,1,0.548717,0,0,FP,yolov8l_bsz4.ms,177.50,100.25,277.75,0.500,Mid (Meeting),4.13,16.24,365.65,3831.00,11499.37,318.30,,0,100,40.00,-299,4393031,-1313516.27,4,fused
480021,000000480021.jpg,640x471,1,0.548717,1,1,TP,yolov8l_bsz4.ms,177.50,100.25,277.75,0.500,Mid (Meeting),4.13,16.24,365.65,3831.00,11499.37,318.30,,0,100,40.00,-299,4393031,-1313516.27,4,fused
454404,000000454404.jpg,640x529,1,0.548016,1,1,TP,yolov8l_bsz4.ms,177.50,100.25,277.75,0.500,Mid (Meeting),4.13,16.24,365.65,3831.00,11499.37,318.30,,0,100,40.00,-299,4393031,-1313516.27,4,fused
365886,000000365886.jpg,500x375,1,0.547943,1,1,TP,yolov8l_bsz4.ms,180.00,102.50,282.50,0.500,Mid (Meeting),4.05,16.91,365.21,3833.00,11499.37,318.02,,0,100,40.00,-172,4397276,-756331.47,4,fused
87742,000000087742.jpg,400x500,1,0.547809,0,0,FP,yolov8l_bsz4.ms,180.00,102.50,282.50,0.500,Mid (Meeting),4.05,16.91,365.21,3833.00,11499.37,318.02,,0,100,40.00,-172,4397276,-756331.47,4,fused
440475,000000440475.jpg,640x427,1,0.547090,1,1,TP,yolov8l_bsz4.ms,180.00,102.50,282.50,0.500,Mid (Meeting),4.05,16.91,365.21,3833.00,11499.37,318.02,,0,100,40.00,-172,4397276,-756331.47,4,fused
502347,000000502347.jpg,500x375,1,0.546916,0,0,FP,yolov8l_bsz4.ms,180.00,102.50,282.50,0.500,Mid (Meeting),4.05,16.91,365.21,3833.00,11499.37,318.02,,0,100,40.00,-172,4397276,-756331.47,4,fused
222863,000000222863.jpg,640x427,1,0.546630,0,0,FP,yolov8l_bsz4.ms,173.00,125.25,298.25,0.500,Mid (Meeting),4.05,16.91,343.82,3854.00,11499.37,338.69,,0,100,40.00,-181,4396888,-795836.73,4,fused
470773,000000470773.jpg,640x480,1,0.545990,1,1,TP,yolov8l_bsz4.ms,173.00,125.25,298.25,0.500,Mid (Meeting),4.05,16.91,343.82,3854.00,11499.37,338.69,,0,100,40.00,-181,4396888,-795836.73,4,fused
562229,000000562229.jpg,640x640,1,0.545874,1,1,TP,yolov8l_bsz4.ms,173.00,125.25,298.25,0.500,Mid (Meeting),4.05,16.91,343.82,3854.00,11499.37,338.69,,0,100,40.00,-181,4396888,-795836.73,4,fused
309678,000000309678.jpg,640x411,1,0.545542,1,1,TP,yolov8l_bsz4.ms,173.00,125.25,298.25,0.500,Mid (Meeting),4.05,16.91,343.82,3854.00,11499.37,338.69,,0,100,40.00,-181,4396888,-795836.73,4,fused
111086,000000111086.jpg,500x336,1,0.545493,1,1,TP,yolov8l_bsz4.ms,172.00,103.75,275.75,0.500,Mid (Meeting),8.91,16.15,292.06,3905.00,11499.37,389.01,,0,100,40.00,-181,4396874,-795834.19,4,fused
57244,000000057244.jpg,640x425,1,0.545265,0,0,FP,yolov8l_bsz4.ms,172.00,103.75,275.75,0.500,Mid (Meeting),8.91,16.15,292.06,3905.00,11499.37,389.01,,0,100,40.00,-181,4396874,-795834.19,4,fused
1532,000000001532.jpg,640x480,1,0.545023,0,0,FP,yolov8l_bsz4.ms,172.00,103.75,275.75,0.500,Mid (Meeting),8.91,16.15,292.06,3905.00,11499.37,389.01,,0,100,40.00,-181,4396874,-795834.19,4,fused
233139,000000233139.jpg,640x427,1,0.544583,0,0,FP,yolov8l_bsz4.ms,172.00,103.75,275.75,0.500,Mid (Meeting),8.91,16.15,292.06,3905.00,11499.37,389.01,,0,100,40.00,-181,4396874,-795834.19,4,fused
431896,000000431896.jpg,640x428,1,0.543833,0,0,FP,yolov8l_bsz4.ms,171.25,106.50,277.75,0.500,Mid (Meeting),4.36,16.15,368.64,3829.00,11499.37,311.91,,0,100,40.00,-167,4397355,-734358.29,4,fused
232538,000000232538.jpg,640x480,1,0.543798,0,0,FP,yolov8l_bsz4.ms,171.25,106.50,277.75,0.500,Mid (Meeting),4.36,16.15,368.64,3829.00,11499.37,311.91,,0,100,40.00,-167,4397355,-734358.29,4,fused
420069,000000420069.jpg,640x457,1,0.543590,1,1,TP,yolov8l_bsz4.ms,171.25,106.50,277.75,0.500,Mid (Meeting),4.36,16.15,368.64,3829.00,11499.37,311.91,,0,100,40.00,-167,4397355,-734358.29,4,fused
408112,000000408112.jpg,640x480,1,0.542882,1,1,TP,yolov8l_bsz4.ms,171.25,106.50,277.75,0.500,Mid (Meeting),4.36,16.15,368.64,3829.00,11499.37,311.91,,0,100,40.00,-167,4397355,-734358.29,4,fused
537964,000000537964.jpg,640x430,1,0.542527,0,0,FP,yolov8l_bsz4.ms,172.25,102.25,274.50,0.500,Mid (Meeting),4.27,13.59,362.34,3835.00,11499.37,317.52,,0,100,40.00,-234,4395015,-1028433.51,4,fused
551350,000000551350.jpg,640x480,1,0.542520,0,0,FP,yolov8l_bsz4.ms,172.25,102.25,274.50,0.500,Mid (Meeting),4.27,13.59,362.34,3835.00,11499.37,317.52,,0,100,40.00,-234,4395015,-1028433.51,4,fused
190648,000000190648.jpg,640x480,1,0.542508,0,0,FP,yolov8l_bsz4.ms,172.25,102.25,274.50,0.500,Mid (Meeting),4.27,13.59,362.34,3835.00,11499.37,317.52,,0,100,40.00,-234,4395015,-1028433.51,4,fused
95843,000000095843.jpg,640x421,1,0.542488,0,0,FP,yolov8l_bsz4.ms,172.25,102.25,274.50,0.500,Mid (Meeting),4.27,13.59,362.34,3835.00,11499.37,317.52,,0,100,40.00,-234,4395015,-1028433.51,4,fused
292082,000000292082.jpg,640x640,1,0.542401,1,1,TP,yolov8l_bsz4.ms,177.25,106.50,283.75,0.500,Mid (Meeting),4.12,13.59,288.55,3908.00,11499.37,389.26,,0,100,40.00,-264,4394419,-1160126.62,4,fused
489924,000000489924.jpg,612x612,1,0.542386,1,1,TP,yolov8l_bsz4.ms,177.25,106.50,283.75,0.500,Mid (Meeting),4.12,13.59,288.55,3908.00,11499.37,389.26,,0,100,40.00,-264,4394419,-1160126.62,4,fused
127135,000000127135.jpg,427x640,1,0.542217,0,0,FP,yolov8l_bsz4.ms,177.25,106.50,283.75,0.500,Mid (Meeting),4.12,13.59,288.55,3908.00,11499.37,389.26,,0,100,40.00,-264,4394419,-1160126.62,4,fused
452515,000000452515.jpg,224x500,1,0.542115,1,1,TP,yolov8l_bsz4.ms,177.25,106.50,283.75,0.500,Mid (Meeting),4.12,13.59,288.55,3908.00,11499.37,389.26,,0,100,40.00,-264,4394419,-1160126.62,4,fused
578093,000000578093.jpg,640x480,1,0.542112,1,1,TP,yolov8l_bsz4.ms,180.75,106.00,286.75,0.500,Mid (Meeting),4.02,14.27,367.57,3820.00,11499.37,299.49,,0,100,40.00,-271,4393861,-1190736.33,4,fused
470121,000000470121.jpg,640x480,1,0.541761,0,0,FP,yolov8l_bsz4.ms,180.75,106.00,286.75,0.500,Mid (Meeting),4.02,14.27,367.57,3820.00,11499.37,299.49,,0,100,40.00,-271,4393861,-1190736.33,4,fused
200839,000000200839.jpg,640x480,1,0.539792,1,1,TP,yolov8l_bsz4.ms,180.75,106.00,286.75,0.500,Mid (Meeting),4.02,14.27,367.57,3820.00,11499.37,299.49,,0,100,40.00,-271,4393861,-1190736.33,4,fused
387148,000000387148.jpg,640x425,1,0.539768,0,0,FP,yolov8l_bsz4.ms,180.75,106.00,286.75,0.500,Mid (Meeting),4.02,14.27,367.57,3820.00,11499.37,299.49,,0,100,40.00,-271,4393861,-1190736.33,4,fused
476415,000000476415.jpg,426x640,1,0.539746,1,1,TP,yolov8l_bsz4.ms,184.75,108.25,293.00,0.500,Mid (Meeting),4.00,14.27,365.26,3820.00,11499.37,299.54,,0,100,40.00,-257,4394434,-1129369.54,4,fused
392818,000000392818.jpg,500x451,1,0.539394,0,0,FP,yolov8l_bsz4.ms,184.75,108.25,293.00,0.500,Mid (Meeting),4.00,14.27,365.26,3820.00,11499.37,299.54,,0,100,40.00,-257,4394434,-1129369.54,4,fused
136466,000000136466.jpg,332x500,1,0.539391,0,0,FP,yolov8l_bsz4.ms,184.75,108.25,293.00,0.500,Mid (Meeting),4.00,14.27,365.26,3820.00,11499.37,299.54,,0,100,40.00,-257,4394434,-1129369.54,4,fused
508639,000000508639.jpg,640x480,1,0.539078,0,0,FP,yolov8l_bsz4.ms,184.75,108.25,293.00,0.500,Mid (Meeting),4.00,14.27,365.26,3820.00,11499.37,299.54,,0,100,40.00,-257,4394434,-1129369.54,4,fused
243867,000000243867.jpg,640x428,1,0.538963,1,1,TP,yolov8l_bsz4.ms,186.50,97.50,284.00,0.500,Mid (Meeting),3.94,18.29,344.03,3831.00,11499.37,298.78,,0,100,40.00,-359,4390699,-1576260.94,4,fused
6614,000000006614.jpg,500x396,1,0.538693,0,0,FP,yolov8l_bsz4.ms,186.50,97.50,284.00,0.500,Mid (Meeting),3.94,18.29,344.03,3831.00,11499.37,298.78,,0,100,40.00,-359,4390699,-1576260.94,4,fused
231125,000000231125.jpg,375x500,1,0.538306,1,1,TP,yolov8l_bsz4.ms,186.50,97.50,284.00,0.500,Mid (Meeting),3.94,18.29,344.03,3831.00,11499.37,298.78,,0,100,40.00,-359,4390699,-1576260.94,4,fused
565012,000000565012.jpg,640x425,1,0.538006,0,0,FP,yolov8l_bsz4.ms,186.50,97.50,284.00,0.500,Mid (Meeting),3.94,18.29,344.03,3831.00,11499.37,298.78,,0,100,40.00,-359,4390699,-1576260.94,4,fused
520009,000000520009.jpg,500x412,1,0.537908,1,1,TP,yolov8l_bsz4.ms,188.75,99.75,288.50,0.500,Mid (Meeting),3.96,18.29,294.94,3883.00,11499.37,348.87,,0,100,40.00,-251,4393984,-1102889.98,4,fused
248111,000000248111.jpg,640x427,1,0.537836,0,0,FP,yolov8l_bsz4.ms,188.75,99.75,288.50,0.500,Mid (Meeting),3.96,18.29,294.94,3883.00,11499.37,348.87,,0,100,40.00,-251,4393984,-1102889.98,4,fused
429530,000000429530.jpg,640x478,1,0.537091,0,0,FP,yolov8l_bsz4.ms,188.75,99.75,288.50,0.500,Mid (Meeting),3.96,18.29,294.94,3883.00,11499.37,348.87,,0,100,40.00,-251,4393984,-1102889.98,4,fused
221017,000000221017.jpg,640x480,1,0.537077,0,0,FP,yolov8l_bsz4.ms,188.75,99.75,288.50,0.500,Mid (Meeting),3.96,18.29,294.94,3883.00,11499.37,348.87,,0,100,40.00,-251,4393984,-1102889.98,4,fused
245102,000000245102.jpg,640x427,1,0.536477,0,0,FP,yolov8l_bsz4.ms,184.25,99.50,283.75,0.500,Mid (Meeting),3.87,18.51,366.94,3835.00,11499.37,300.99,,0,100,40.00,-281,4393207,-1234491.17,4,fused
528524,000000528524.jpg,480x640,1,0.536393,0,0,FP,yolov8l_bsz4.ms,184.25,99.50,283.75,0.500,Mid (Meeting),3.87,18.51,366.94,3835.00,11499.37,300.99,,0,100,40.00,-281,4393207,-1234491.17,4,fused
166391,000000166391.jpg,640x427,1,0.535877,0,0,FP,yolov8l_bsz4.ms,184.25,99.50,283.75,0.500,Mid (Meeting),3.87,18.51,366.94,3835.00,11499.37,300.99,,0,100,40.00,-281,4393207,-1234491.17,4,fused
437514,000000437514.jpg,640x556,1,0.535496,1,1,TP,yolov8l_bsz4.ms,184.25,99.50,283.75,0.500,Mid (Meeting),3.87,18.51,366.94,3835.00,11499.37,300.99,,0,100,40.00,-281,4393207,-1234491.17,4,fused
149770,000000149770.jpg,200x145,1,0.535417,1,1,TP,yolov8l_bsz4.ms,187.00,92.50,279.50,0.500,Mid (Meeting),4.61,18.51,363.51,3839.00,11499.37,303.08,,0,100,40.00,-291,4393116,-1278396.76,4,fused
305317,000000305317.jpg,334x500,1,0.535364,1,1,TP,yolov8l_bsz4.ms,187.00,92.50,279.50,0.500,Mid (Meeting),4.61,18.51,363.51,3839.00,11499.37,303.08,,0,100,40.00,-291,4393116,-1278396.76,4,fused
459954,000000459954.jpg,500x375,1,0.535061,1,1,TP,yolov8l_bsz4.ms,187.00,92.50,279.50,0.500,Mid (Meeting),4.61,18.51,363.51,3839.00,11499.37,303.08,,0,100,40.00,-291,4393116,-1278396.76,4,fused
107087,000000107087.jpg,640x427,1,0.535033,0,0,FP,yolov8l_bsz4.ms,187.00,92.50,279.50,0.500,Mid (Meeting),4.61,18.51,363.51,3839.00,11499.37,303.08,,0,100,40.00,-291,4393116,-1278396.76,4,fused
35062,000000035062.jpg,425x640,1,0.534749,1,1,TP,yolov8l_bsz4.ms,188.50,106.50,295.00,0.500,Mid (Meeting),4.21,18.17,346.64,3857.00,11499.37,319.80,,0,100,40.00,-157,4397374,-690387.72,4,fused
312192,000000312192.jpg,640x480,1,0.533587,1,1,TP,yolov8l_bsz4.ms,188.50,106.50,295.00,0.500,Mid (Meeting),4.21,18.17,346.64,3857.00,11499.37,319.80,,0,100,40.00,-157,4397374,-690387.72,4,fused
355610,000000355610.jpg,640x427,1,0.533367,0,0,FP,yolov8l_bsz4.ms,188.50,106.50,295.00,0.500,Mid (Meeting),4.21,18.17,346.64,3857.00,11499.37,319.80,,0,100,40.00,-157,4397374,-690387.72,4,fused
255536,000000255536.jpg,400x400,1,0.533098,1,1,TP,yolov8l_bsz4.ms,188.50,106.50,295.00,0.500,Mid (Meeting),4.21,18.17,346.64,3857.00,11499.37,319.80,,0,100,40.00,-157,4397374,-690387.72,4,fused
412887,000000412887.jpg,483x640,1,0.532680,0,0,FP,yolov8l_bsz4.ms,180.25,104.50,284.75,0.500,Mid (Meeting),4.07,18.17,308.16,3895.00,11499.37,357.70,,0,100,40.00,-211,4395668,-927485.95,4,fused
549738,000000549738.jpg,640x426,1,0.532119,1,1,TP,yolov8l_bsz4.ms,180.25,104.50,284.75,0.500,Mid (Meeting),4.07,18.17,308.16,3895.00,11499.37,357.70,,0,100,40.00,-211,4395668,-927485.95,4,fused
100428,000000100428.jpg,640x491,1,0.531144,1,1,TP,yolov8l_bsz4.ms,180.25,104.50,284.75,0.500,Mid (Meeting),4.07,18.17,308.16,3895.00,11499.37,357.70,,0,100,40.00,-211,4395668,-927485.95,4,fused
15751,000000015751.jpg,640x427,1,0.531124,0,0,FP,yolov8l_bsz4.ms,180.25,104.50,284.75,0.500,Mid (Meeting),4.07,18.17,308.16,3895.00,11499.37,357.70,,0,100,40.00,-211,4395668,-927485.95,4,fused
121506,000000121506.jpg,612x612,1,0.529781,0,0,FP,yolov8l_bsz4.ms,179.75,110.00,289.75,0.500,Mid (Meeting),4.00,18.60,369.20,3834.00,11499.37,295.62,,0,100,40.00,-216,4395424,-949411.58,4,fused
458702,000000458702.jpg,427x640,1,0.529039,0,0,FP,yolov8l_bsz4.ms,179.75,110.00,289.75,0.500,Mid (Meeting),4.00,18.60,369.20,3834.00,11499.37,295.62,,0,100,40.00,-216,4395424,-949411.58,4,fused
96549,000000096549.jpg,640x214,1,0.528482,0,0,FP,yolov8l_bsz4.ms,179.75,110.00,289.75,0.500,Mid (Meeting),4.00,18.60,369.20,3834.00,11499.37,295.62,,0,100,40.00,-216,4395424,-949411.58,4,fused
499622,000000499622.jpg,412x456,1,0.528335,1,1,TP,yolov8l_bsz4.ms,179.75,110.00,289.75,0.500,Mid (Meeting),4.00,18.60,369.20,3834.00,11499.37,295.62,,0,100,40.00,-216,4395424,-949411.58,4,fused
403817,000000403817.jpg,500x375,1,0.528114,0,0,FP,yolov8l_bsz4.ms,176.25,101.00,277.25,0.500,Mid (Meeting),3.92,18.60,361.96,3841.00,11499.37,301.16,,0,100,40.00,-303,4392707,-1330990.22,4,fused
565391,000000565391.jpg,480x640,1,0.528074,0,0,FP,yolov8l_bsz4.ms,176.25,101.00,277.25,0.500,Mid (Meeting),3.92,18.60,361.96,3841.00,11499.37,301.16,,0,100,40.00,-303,4392707,-1330990.22,4,fused
532901,000000532901.jpg,600x354,1,0.527909,0,0,FP,yolov8l_bsz4.ms,176.25,101.00,277.25,0.500,Mid (Meeting),3.92,18.60,361.96,3841.00,11499.37,301.16,,0,100,40.00,-303,4392707,-1330990.22,4,fused
84477,000000084477.jpg,640x427,1,0.527828,1,1,TP,yolov8l_bsz4.ms,176.25,101.00,277.25,0.500,Mid (Meeting),3.92,18.60,361.96,3841.00,11499.37,301.16,,0,100,40.00,-303,4392707,-1330990.22,4,fused
95786,000000095786.jpg,500x334,1,0.525588,0,0,FP,yolov8l_bsz4.ms,182.75,109.00,291.75,0.500,Mid (Meeting),3.95,17.89,292.56,3910.00,11499.37,369.73,,0,100,40.00,-266,4393759,-1168739.89,4,fused
366141,000000366141.jpg,640x480,1,0.525428,0,0,FP,yolov8l_bsz4.ms,182.75,109.00,291.75,0.500,Mid (Meeting),3.95,17.89,292.56,3910.00,11499.37,369.73,,0,100,40.00,-266,4393759,-1168739.89,4,fused
554735,000000554735.jpg,640x480,1,0.525418,1,1,TP,yolov8l_bsz4.ms,182.75,109.00,291.75,0.500,Mid (Meeting),3.95,17.89,292.56,3910.00,11499.37,369.73,,0,100,40.00,-266,4393759,-1168739.89,4,fused
326462,000000326462.jpg,612x612,1,0.524299,1,1,TP,yolov8l_bsz4.ms,182.75,109.00,291.75,0.500,Mid (Meeting),3.95,17.89,292.56,3910.00,11499.37,369.73,,0,100,40.00,-266,4393759,-1168739.89,4,fused
287667,000000287667.jpg,640x480,1,0.524201,0,0,FP,yolov8l_bsz4.ms,176.50,113.75,290.25,0.500,Mid (Meeting),3.92,17.89,368.38,3834.00,11499.37,293.39,,0,100,40.00,-192,4396100,-844051.20,4,fused
434996,000000434996.jpg,500x375,1,0.523851,0,0,FP,yolov8l_bsz4.ms,176.50,113.75,290.25,0.500,Mid (Meeting),3.92,17.89,368.38,3834.00,11499.37,293.39,,0,100,40.00,-192,4396100,-844051.20,4,fused
488385,000000488385.jpg,480x640,1,0.523149,0,0,FP,yolov8l_bsz4.ms,176.50,113.75,290.25,0.500,Mid (Meeting),3.92,17.89,368.38,3834.00,11499.37,293.39,,0,100,40.00,-192,4396100,-844051.20,4,fused
151857,000000151857.jpg,640x453,1,0.522960,0,0,FP,yolov8l_bsz4.ms,176.50,113.75,290.25,0.500,Mid (Meeting),3.92,17.89,368.38,3834.00,11499.37,293.39,,0,100,40.00,-192,4396100,-844051.20,4,fused
632,000000000632.jpg,640x483,1,0.522879,0,0,FP,yolov8l_bsz4.ms,176.75,109.75,286.50,0.500,Mid (Meeting),3.93,17.10,362.67,3840.00,11499.37,298.00,,0,100,40.00,-327,4391839,-1436131.35,4,fused
312213,000000312213.jpg,640x480,1,0.521967,0,0,FP,yolov8l_bsz4.ms,176.75,109.75,286.50,0.500,Mid (Meeting),3.93,17.10,362.67,3840.00,11499.37,298.00,,0,100,40.00,-327,4391839,-1436131.35,4,fused
290081,000000290081.jpg,612x612,1,0.521765,0,0,FP,yolov8l_bsz4.ms,176.75,109.75,286.50,0.500,Mid (Meeting),3.93,17.10,362.67,3840.00,11499.37,298.00,,0,100,40.00,-327,4391839,-1436131.35,4,fused
225532,000000225532.jpg,500x375,1,0.521656,0,0,FP,yolov8l_bsz4.ms,176.75,109.75,286.50,0.500,Mid (Meeting),3.93,17.10,362.67,3840.00,11499.37,298.00,,0,100,40.00,-327,4391839,-1436131.35,4,fused
328286,000000328286.jpg,640x424,1,0.521571,0,0,FP,yolov8l_bsz4.ms,174.25,105.00,279.25,0.500,Mid (Meeting),9.37,17.10,342.99,3859.00,11499.37,315.48,,0,100,40.00,-136,4398092,-598140.51,4,fused
40471,000000040471.jpg,427x640,1,0.521556,0,0,FP,yolov8l_bsz4.ms,174.25,105.00,279.25,0.500,Mid (Meeting),9.37,17.10,342.99,3859.00,11499.37,315.48,,0,100,40.00,-136,4398092,-598140.51,4,fused
50006,000000050006.jpg,640x480,1,0.521402,1,1,TP,yolov8l_bsz4.ms,174.25,105.00,279.25,0.500,Mid (Meeting),9.37,17.10,342.99,3859.00,11499.37,315.48,,0,100,40.00,-136,4398092,-598140.51,4,fused
390301,000000390301.jpg,500x364,1,0.521098,0,0,FP,yolov8l_bsz4.ms,174.25,105.00,279.25,0.500,Mid (Meeting),9.37,17.10,342.99,3859.00,11499.37,315.48,,0,100,40.00,-136,4398092,-598140.51,4,fused
177213,000000177213.jpg,640x359,1,0.521007,1,1,TP,yolov8l_bsz4.ms,173.75,100.50,274.25,0.500,Mid (Meeting),5.17,15.42,294.06,3908.00,11499.37,363.89,,0,100,40.00,-142,4398114,-624532.19,4,fused
457848,000000457848.jpg,640x427,1,0.520863,1,1,TP,yolov8l_bsz4.ms,173.75,100.50,274.25,0.500,Mid (Meeting),5.17,15.42,294.06,3908.00,11499.37,363.89,,0,100,40.00,-142,4398114,-624532.19,4,fused
117908,000000117908.jpg,500x320,1,0.520493,1,1,TP,yolov8l_bsz4.ms,173.75,100.50,274.25,0.500,Mid (Meeting),5.17,15.42,294.06,3908.00,11499.37,363.89,,0,100,40.00,-142,4398114,-624532.19,4,fused
409542,000000409542.jpg,428x640,1,0.520123,1,1,TP,yolov8l_bsz4.ms,173.75,100.50,274.25,0.500,Mid (Meeting),5.17,15.42,294.06,3908.00,11499.37,363.89,,0,100,40.00,-142,4398114,-624532.19,4,fused
139883,000000139883.jpg,640x427,1,0.519879,0,0,FP,yolov8l_bsz4.ms,176.50,102.25,278.75,0.500,Mid (Meeting),4.49,15.42,367.26,3834.00,11499.37,289.78,,0,100,40.00,-197,4396051,-866022.05,4,fused
25560,000000025560.jpg,640x480,1,0.519613,1,1,TP,yolov8l_bsz4.ms,176.50,102.25,278.75,0.500,Mid (Meeting),4.49,15.42,367.26,3834.00,11499.37,289.78,,0,100,40.00,-197,4396051,-866022.05,4,fused
411665,000000411665.jpg,640x427,1,0.519498,0,0,FP,yolov8l_bsz4.ms,176.50,102.25,278.75,0.500,Mid (Meeting),4.49,15.42,367.26,3834.00,11499.37,289.78,,0,100,40.00,-197,4396051,-866022.05,4,fused
245173,000000245173.jpg,480x640,1,0.518918,0,0,FP,yolov8l_bsz4.ms,176.50,102.25,278.75,0.500,Mid (Meeting),4.49,15.42,367.26,3834.00,11499.37,289.78,,0,100,40.00,-197,4396051,-866022.05,4,fused
39551,000000039551.jpg,640x427,1,0.518362,1,1,TP,yolov8l_bsz4.ms,172.75,100.25,273.00,0.500,Mid (Meeting),4.35,15.46,365.30,3835.00,11499.37,290.18,,0,100,40.00,-191,4396237,-839681.27,4,fused
60932,000000060932.jpg,640x428,1,0.517193,1,1,TP,yolov8l_bsz4.ms,172.75,100.25,273.00,0.500,Mid (Meeting),4.35,15.46,365.30,3835.00,11499.37,290.18,,0,100,40.00,-191,4396237,-839681.27,4,fused
384949,000000384949.jpg,640x457,1,0.516920,0,0,FP,yolov8l_bsz4.ms,172.75,100.25,273.00,0.500,Mid (Meeting),4.35,15.46,365.30,3835.00,11499.37,290.18,,0,100,40.00,-191,4396237,-839681.27,4,fused
348881,000000348881.jpg,640x462,1,0.516892,1,1,TP,yolov8l_bsz4.ms,172.75,100.25,273.00,0.500,Mid (Meeting),4.35,15.46,365.30,3835.00,11499.37,290.18,,0,100,40.00,-191,4396237,-839681.27,4,fused
529528,000000529528.jpg,500x333,1,0.516747,0,0,FP,yolov8l_bsz4.ms,180.25,90.00,270.25,0.500,Mid (Meeting),4.19,15.46,344.10,3856.00,11499.37,310.30,,0,100,40.00,-272,4393620,-1195064.64,4,fused
578500,000000578500.jpg,640x290,1,0.516317,0,0,FP,yolov8l_bsz4.ms,180.25,90.00,270.25,0.500,Mid (Meeting),4.19,15.46,344.10,3856.00,11499.37,310.30,,0,100,40.00,-272,4393620,-1195064.64,4,fused
39670,000000039670.jpg,640x640,1,0.516136,0,0,FP,yolov8l_bsz4.ms,180.25,90.00,270.25,0.500,Mid (Meeting),4.19,15.46,344.10,3856.00,11499.37,310.30,,0,100,40.00,-272,4393620,-1195064.64,4,fused
426329,000000426329.jpg,640x428,1,0.515552,0,0,FP,yolov8l_bsz4.ms,180.25,90.00,270.25,0.500,Mid (Meeting),4.19,15.46,344.10,3856.00,11499.37,310.30,,0,100,40.00,-272,4393620,-1195064.64,4,fused
85665,000000085665.jpg,506x640,1,0.515522,0,0,FP,yolov8l_bsz4.ms,175.00,95.00,270.00,0.500,Mid (Meeting),4.10,14.79,287.65,3913.00,11499.37,366.95,,0,100,40.00,-271,4393734,-1190701.91,4,fused
473015,000000473015.jpg,640x427,1,0.515031,0,0,FP,yolov8l_bsz4.ms,175.00,95.00,270.00,0.500,Mid (Meeting),4.10,14.79,287.65,3913.00,11499.37,366.95,,0,100,40.00,-271,4393734,-1190701.91,4,fused
10363,000000010363.jpg,640x361,1,0.514869,0,0,FP,yolov8l_bsz4.ms,175.00,95.00,270.00,0.500,Mid (Meeting),4.10,14.79,287.65,3913.00,11499.37,366.95,,0,100,40.00,-271,4393734,-1190701.91,4,fused
277584,000000277584.jpg,640x480,1,0.514520,0,0,FP,yolov8l_bsz4.ms,175.00,95.00,270.00,0.500,Mid (Meeting),4.10,14.79,287.65,3913.00,11499.37,366.95,,0,100,40.00,-271,4393734,-1190701.91,4,fused
497568,000000497568.jpg,640x424,1,0.514256,1,1,TP,yolov8l_bsz4.ms,175.75,95.75,271.50,0.500,Mid (Meeting),4.05,14.79,365.83,3835.00,11499.37,287.98,,0,100,40.00,-178,4396862,-782641.44,4,fused
24027,000000024027.jpg,500x375,1,0.513994,1,1,TP,yolov8l_bsz4.ms,175.75,95.75,271.50,0.500,Mid (Meeting),4.05,14.79,365.83,3835.00,11499.37,287.98,,0,100,40.00,-178,4396862,-782641.44,4,fused
327617,000000327617.jpg,379x640,1,0.513630,1,1,TP,yolov8l_bsz4.ms,175.75,95.75,271.50,0.500,Mid (Meeting),4.05,14.79,365.83,3835.00,11499.37,287.98,,0,100,40.00,-178,4396862,-782641.44,4,fused
475904,000000475904.jpg,640x426,1,0.513566,0,0,FP,yolov8l_bsz4.ms,175.75,95.75,271.50,0.500,Mid (Meeting),4.05,14.79,365.83,3835.00,11499.37,287.98,,0,100,40.00,-178,4396862,-782641.44,4,fused
141597,000000141597.jpg,640x427,1,0.513032,0,0,FP,yolov8l_bsz4.ms,177.75,107.75,285.50,0.500,Mid (Meeting),4.03,14.91,363.94,3836.00,11499.37,288.31,,0,100,40.00,-122,4398535,-536621.27,4,fused
372203,000000372203.jpg,640x360,1,0.512960,0,0,FP,yolov8l_bsz4.ms,177.75,107.75,285.50,0.500,Mid (Meeting),4.03,14.91,363.94,3836.00,11499.37,288.31,,0,100,40.00,-122,4398535,-536621.27,4,fused
277197,000000277197.jpg,600x416,1,0.512673,0,0,FP,yolov8l_bsz4.ms,177.75,107.75,285.50,0.500,Mid (Meeting),4.03,14.91,363.94,3836.00,11499.37,288.31,,0,100,40.00,-122,4398535,-536621.27,4,fused
55022,000000055022.jpg,480x640,1,0.511787,1,1,TP,yolov8l_bsz4.ms,177.75,107.75,285.50,0.500,Mid (Meeting),4.03,14.91,363.94,3836.00,11499.37,288.31,,0,100,40.00,-122,4398535,-536621.27,4,fused
48153,000000048153.jpg,500x375,1,0.511406,1,1,TP,yolov8l_bsz4.ms,174.25,95.25,269.50,0.500,Mid (Meeting),4.06,14.91,343.70,3857.00,11499.37,307.83,,0,100,40.00,-291,4393038,-1278374.06,4,fused
402118,000000402118.jpg,640x428,1,0.510455,1,1,TP,yolov8l_bsz4.ms,174.25,95.25,269.50,0.500,Mid (Meeting),4.06,14.91,343.70,3857.00,11499.37,307.83,,0,100,40.00,-291,4393038,-1278374.06,4,fused
55299,000000055299.jpg,640x429,1,0.510227,0,0,FP,yolov8l_bsz4.ms,174.25,95.25,269.50,0.500,Mid (Meeting),4.06,14.91,343.70,3857.00,11499.37,307.83,,0,100,40.00,-291,4393038,-1278374.06,4,fused
296317,000000296317.jpg,640x480,1,0.510102,0,0,FP,yolov8l_bsz4.ms,174.25,95.25,269.50,0.500,Mid (Meeting),4.06,14.91,343.70,3857.00,11499.37,307.83,,0,100,40.00,-291,4393038,-1278374.06,4,fused
1425,000000001425.jpg,640x512,1,0.510046,0,0,FP,yolov8l_bsz4.ms,177.00,90.25,267.25,0.500,Mid (Meeting),5.48,11.71,286.04,3914.00,11499.37,364.49,,0,100,40.00,-139,4398043,-611327.98,4,fused
562059,000000562059.jpg,427x640,1,0.510034,0,0,FP,yolov8l_bsz4.ms,177.00,90.25,267.25,0.500,Mid (Meeting),5.48,11.71,286.04,3914.00,11499.37,364.49,,0,100,40.00,-139,4398043,-611327.98,4,fused
283037,000000283037.jpg,427x640,1,0.509499,0,0,FP,yolov8l_bsz4.ms,177.00,90.25,267.25,0.500,Mid (Meeting),5.48,11.71,286.04,3914.00,11499.37,364.49,,0,100,40.00,-139,4398043,-611327.98,4,fused
474095,000000474095.jpg,333x500,1,0.509407,1,1,TP,yolov8l_bsz4.ms,177.00,90.25,267.25,0.500,Mid (Meeting),5.48,11.71,286.04,3914.00,11499.37,364.49,,0,100,40.00,-139,4398043,-611327.98,4,fused
516871,000000516871.jpg,640x418,1,0.508743,0,0,FP,yolov8l_bsz4.ms,177.75,102.00,279.75,0.500,Mid (Meeting),4.32,11.71,363.60,3837.00,11499.37,286.31,,0,100,40.00,-181,4396592,-795783.15,4,fused
94336,000000094336.jpg,500x336,1,0.508657,0,0,FP,yolov8l_bsz4.ms,177.75,102.00,279.75,0.500,Mid (Meeting),4.32,11.71,363.60,3837.00,11499.37,286.31,,0,100,40.00,-181,4396592,-795783.15,4,fused
579900,000000579900.jpg,375x500,1,0.508448,0,0,FP,yolov8l_bsz4.ms,177.75,102.00,279.75,0.500,Mid (Meeting),4.32,11.71,363.60,3837.00,11499.37,286.31,,0,100,40.00,-181,4396592,-795783.15,4,fused
473821,000000473821.jpg,500x333,1,0.508291,0,0,FP,yolov8l_bsz4.ms,177.75,102.00,279.75,0.500,Mid (Meeting),4.32,11.71,363.60,3837.00,11499.37,286.31,,0,100,40.00,-181,4396592,-795783.15,4,fused
458054,000000458054.jpg,640x426,1,0.508105,0,0,FP,yolov8l_bsz4.ms,173.00,104.00,277.00,0.500,Mid (Meeting),4.18,13.49,365.50,3834.00,11499.37,283.25,,0,100,40.00,-170,4396891,-747471.47,4,fused
32861,000000032861.jpg,426x640,1,0.508028,1,1,TP,yolov8l_bsz4.ms,173.00,104.00,277.00,0.500,Mid (Meeting),4.18,13.49,365.50,3834.00,11499.37,283.25,,0,100,40.00,-170,4396891,-747471.47,4,fused
353518,000000353518.jpg,640x414,1,0.507811,1,1,TP,yolov8l_bsz4.ms,173.00,104.00,277.00,0.500,Mid (Meeting),4.18,13.49,365.50,3834.00,11499.37,283.25,,0,100,40.00,-170,4396891,-747471.47,4,fused
98520,000000098520.jpg,640x480,1,0.507753,0,0,FP,yolov8l_bsz4.ms,173.00,104.00,277.00,0.500,Mid (Meeting),4.18,13.49,365.50,3834.00,11499.37,283.25,,0,100,40.00,-170,4396891,-747471.47,4,fused
88462,000000088462.jpg,640x383,1,0.507487,0,0,FP,yolov8l_bsz4.ms,179.25,98.00,277.25,0.500,Mid (Meeting),4.09,13.49,344.51,3819.00,11499.37,267.21,,0,100,40.00,-246,4394688,-1081093.25,4,fused
560256,000000560256.jpg,640x480,1,0.507399,0,0,FP,yolov8l_bsz4.ms,179.25,98.00,277.25,0.500,Mid (Meeting),4.09,13.49,344.51,3819.00,11499.37,267.21,,0,100,40.00,-246,4394688,-1081093.25,4,fused
344100,000000344100.jpg,640x427,1,0.507031,0,0,FP,yolov8l_bsz4.ms,179.25,98.00,277.25,0.500,Mid (Meeting),4.09,13.49,344.51,3819.00,11499.37,267.21,,0,100,40.00,-246,4394688,-1081093.25,4,fused
134112,000000134112.jpg,500x357,1,0.507005,0,0,FP,yolov8l_bsz4.ms,179.25,98.00,277.25,0.500,Mid (Meeting),4.09,13.49,344.51,3819.00,11499.37,267.21,,0,100,40.00,-246,4394688,-1081093.25,4,fused
388258,000000388258.jpg,640x478,1,0.506667,0,0,FP,yolov8l_bsz4.ms,176.25,97.00,273.25,0.500,Mid (Meeting),4.05,15.53,287.20,3869.00,11499.37,316.24,,0,100,40.00,-222,4395514,-975804.11,4,fused
416991,000000416991.jpg,640x329,1,0.505580,0,0,FP,yolov8l_bsz4.ms,176.25,97.00,273.25,0.500,Mid (Meeting),4.05,15.53,287.20,3869.00,11499.37,316.24,,0,100,40.00,-222,4395514,-975804.11,4,fused
480275,000000480275.jpg,640x471,1,0.504823,1,1,TP,yolov8l_bsz4.ms,176.25,97.00,273.25,0.500,Mid (Meeting),4.05,15.53,287.20,3869.00,11499.37,316.24,,0,100,40.00,-222,4395514,-975804.11,4,fused
269314,000000269314.jpg,640x480,1,0.504633,0,0,FP,yolov8l_bsz4.ms,176.25,97.00,273.25,0.500,Mid (Meeting),4.05,15.53,287.20,3869.00,11499.37,316.24,,0,100,40.00,-222,4395514,-975804.11,4,fused
83531,000000083531.jpg,500x275,1,0.504295,1,1,TP,yolov8l_bsz4.ms,178.00,103.50,281.50,0.500,Mid (Meeting),3.95,15.53,365.72,3805.00,11499.37,251.23,,0,100,40.00,-123,4398430,-541006.89,4,fused
513524,000000513524.jpg,640x425,1,0.503912,1,1,TP,yolov8l_bsz4.ms,178.00,103.50,281.50,0.500,Mid (Meeting),3.95,15.53,365.72,3805.00,11499.37,251.23,,0,100,40.00,-123,4398430,-541006.89,4,fused
130465,000000130465.jpg,640x428,1,0.502974,0,0,FP,yolov8l_bsz4.ms,178.00,103.50,281.50,0.500,Mid (Meeting),3.95,15.53,365.72,3805.00,11499.37,251.23,,0,100,40.00,-123,4398430,-541006.89,4,fused
293300,000000293300.jpg,640x427,1,0.502315,1,1,TP,yolov8l_bsz4.ms,178.00,103.50,281.50,0.500,Mid (Meeting),3.95,15.53,365.72,3805.00,11499.37,251.23,,0,100,40.00,-123,4398430,-541006.89,4,fused
503841,000000503841.jpg,640x598,1,0.502042,0,0,FP,yolov8l_bsz4.ms,175.25,97.75,273.00,0.500,Mid (Meeting),3.91,16.30,364.93,3828.00,11499.37,274.11,,0,100,40.00,-206,4395435,-905459.61,4,fused
61268,000000061268.jpg,640x424,1,0.500452,1,1,TP,yolov8l_bsz4.ms,175.25,97.75,273.00,0.500,Mid (Meeting),3.91,16.30,364.93,3828.00,11499.37,274.11,,0,100,40.00,-206,4395435,-905459.61,4,fused
323828,000000323828.jpg,427x640,1,0.500334,0,0,FP,yolov8l_bsz4.ms,175.25,97.75,273.00,0.500,Mid (Meeting),3.91,16.30,364.93,3828.00,11499.37,274.11,,0,100,40.00,-206,4395435,-905459.61,4,fused
290179,000000290179.jpg,640x426,1,0.500319,1,1,TP,yolov8l_bsz4.ms,175.25,97.75,273.00,0.500,Mid (Meeting),3.91,16.30,364.93,3828.00,11499.37,274.11,,0,100,40.00,-206,4395435,-905459.61,4,fused
60052,000000060052.jpg,640x427,1,0.500185,1,1,TP,yolov8l_bsz4.ms,170.00,110.25,280.25,0.500,Mid (Meeting),3.96,16.30,344.31,3850.00,11499.37,294.45,,0,100,40.00,-144,4397744,-633275.14,4,fused
112298,000000112298.jpg,640x480,0,0.499857,1,0,FN,yolov8l_bsz4.ms,170.00,110.25,280.25,0.500,Mid (Meeting),3.96,16.30,344.31,3850.00,11499.37,294.45,,0,100,40.00,-144,4397744,-633275.14,4,fused
431727,000000431727.jpg,640x427,0,0.499811,0,1,TN,yolov8l_bsz4.ms,170.00,110.25,280.25,0.500,Mid (Meeting),3.96,16.30,344.31,3850.00,11499.37,294.45,,0,100,40.00,-144,4397744,-633275.14,4,fused
543300,000000543300.jpg,640x480,0,0.499738,0,1,TN,yolov8l_bsz4.ms,170.00,110.25,280.25,0.500,Mid (Meeting),3.96,16.30,344.31,3850.00,11499.37,294.45,,0,100,40.00,-144,4397744,-633275.14,4,fused
205401,000000205401.jpg,640x408,0,0.499664,1,0,FN,yolov8l_bsz4.ms,175.50,102.00,277.50,0.500,Mid (Meeting),3.95,15.91,287.39,3910.00,11499.37,353.45,,0,100,40.00,-145,4397671,-637662.30,4,fused
226662,000000226662.jpg,640x453,0,0.499476,1,0,FN,yolov8l_bsz4.ms,175.50,102.00,277.50,0.500,Mid (Meeting),3.95,15.91,287.39,3910.00,11499.37,353.45,,0,100,40.00,-145,4397671,-637662.30,4,fused
79651,000000079651.jpg,640x478,0,0.499294,0,1,TN,yolov8l_bsz4.ms,175.50,102.00,277.50,0.500,Mid (Meeting),3.95,15.91,287.39,3910.00,11499.37,353.45,,0,100,40.00,-145,4397671,-637662.30,4,fused
54967,000000054967.jpg,424x640,0,0.498672,1,0,FN,yolov8l_bsz4.ms,175.50,102.00,277.50,0.500,Mid (Meeting),3.95,15.91,287.39,3910.00,11499.37,353.45,,0,100,40.00,-145,4397671,-637662.30,4,fused
493613,000000493613.jpg,640x425,0,0.498414,0,1,TN,yolov8l_bsz4.ms,175.50,106.00,281.50,0.500,Mid (Meeting),3.90,15.91,366.87,3833.00,11499.37,274.96,,0,100,40.00,-200,4396063,-879212.60,4,fused
69795,000000069795.jpg,640x480,0,0.498145,0,1,TN,yolov8l_bsz4.ms,175.50,106.00,281.50,0.500,Mid (Meeting),3.90,15.91,366.87,3833.00,11499.37,274.96,,0,100,40.00,-200,4396063,-879212.60,4,fused
287649,000000287649.jpg,640x480,0,0.496906,0,1,TN,yolov8l_bsz4.ms,175.50,106.00,281.50,0.500,Mid (Meeting),3.90,15.91,366.87,3833.00,11499.37,274.96,,0,100,40.00,-200,4396063,-879212.60,4,fused
289222,000000289222.jpg,640x480,0,0.496586,1,0,FN,yolov8l_bsz4.ms,175.50,106.00,281.50,0.500,Mid (Meeting),3.90,15.91,366.87,3833.00,11499.37,274.96,,0,100,40.00,-200,4396063,-879212.60,4,fused
159282,000000159282.jpg,640x426,0,0.496437,0,1,TN,yolov8l_bsz4.ms,174.50,109.00,283.50,0.500,Mid (Meeting),3.80,16.36,365.59,3833.00,11499.37,273.46,,0,100,40.00,-195,4395867,-857194.06,4,fused
33114,000000033114.jpg,640x480,0,0.495664,0,1,TN,yolov8l_bsz4.ms,174.50,109.00,283.50,0.500,Mid (Meeting),3.80,16.36,365.59,3833.00,11499.37,273.46,,0,100,40.00,-195,4395867,-857194.06,4,fused
206994,000000206994.jpg,640x427,0,0.495407,0,1,TN,yolov8l_bsz4.ms,174.50,109.00,283.50,0.500,Mid (Meeting),3.80,16.36,365.59,3833.00,11499.37,273.46,,0,100,40.00,-195,4395867,-857194.06,4,fused
537053,000000537053.jpg,480x640,0,0.494949,0,1,TN,yolov8l_bsz4.ms,174.50,109.00,283.50,0.500,Mid (Meeting),3.80,16.36,365.59,3833.00,11499.37,273.46,,0,100,40.00,-195,4395867,-857194.06,4,fused
219440,000000219440.jpg,640x426,0,0.494703,0,1,TN,yolov8l_bsz4.ms,169.50,117.00,286.50,0.500,Mid (Meeting),3.95,16.36,346.94,3853.00,11499.37,292.08,,0,100,40.00,-176,4396500,-773784.00,4,fused
239274,000000239274.jpg,581x640,0,0.494228,1,0,FN,yolov8l_bsz4.ms,169.50,117.00,286.50,0.500,Mid (Meeting),3.95,16.36,346.94,3853.00,11499.37,292.08,,0,100,40.00,-176,4396500,-773784.00,4,fused
466085,000000466085.jpg,480x640,0,0.494227,0,1,TN,yolov8l_bsz4.ms,169.50,117.00,286.50,0.500,Mid (Meeting),3.95,16.36,346.94,3853.00,11499.37,292.08,,0,100,40.00,-176,4396500,-773784.00,4,fused
107554,000000107554.jpg,640x480,0,0.494207,0,1,TN,yolov8l_bsz4.ms,169.50,117.00,286.50,0.500,Mid (Meeting),3.95,16.36,346.94,3853.00,11499.37,292.08,,0,100,40.00,-176,4396500,-773784.00,4,fused
92177,000000092177.jpg,626x640,0,0.493300,0,1,TN,yolov8l_bsz4.ms,175.00,102.50,277.50,0.500,Mid (Meeting),3.99,15.54,290.98,3909.00,11499.37,346.74,,0,100,40.00,-176,4396500,-773784.00,4,fused
231169,000000231169.jpg,640x454,0,0.493051,0,1,TN,yolov8l_bsz4.ms,175.00,102.50,277.50,0.500,Mid (Meeting),3.99,15.54,290.98,3909.00,11499.37,346.74,,0,100,40.00,-176,4396500,-773784.00,4,fused
229221,000000229221.jpg,640x427,0,0.492698,0,1,TN,yolov8l_bsz4.ms,175.00,102.50,277.50,0.500,Mid (Meeting),3.99,15.54,290.98,3909.00,11499.37,346.74,,0,100,40.00,-176,4396500,-773784.00,4,fused
415990,000000415990.jpg,500x375,0,0.492435,1,0,FN,yolov8l_bsz4.ms,175.00,102.50,277.50,0.500,Mid (Meeting),3.99,15.54,290.98,3909.00,11499.37,346.74,,0,100,40.00,-176,4396500,-773784.00,4,fused
79034,000000079034.jpg,640x480,0,0.492334,0,1,TN,yolov8l_bsz4.ms,173.75,99.50,273.25,0.500,Mid (Meeting),3.90,15.54,366.15,3833.00,11499.37,269.86,,0,100,40.00,-194,4396293,-852880.84,4,fused
534673,000000534673.jpg,640x480,0,0.491791,1,0,FN,yolov8l_bsz4.ms,173.75,99.50,273.25,0.500,Mid (Meeting),3.90,15.54,366.15,3833.00,11499.37,269.86,,0,100,40.00,-194,4396293,-852880.84,4,fused
357060,000000357060.jpg,640x425,0,0.491772,0,1,TN,yolov8l_bsz4.ms,173.75,99.50,273.25,0.500,Mid (Meeting),3.90,15.54,366.15,3833.00,11499.37,269.86,,0,100,40.00,-194,4396293,-852880.84,4,fused
565469,000000565469.jpg,426x640,0,0.491643,0,1,TN,yolov8l_bsz4.ms,173.75,99.50,273.25,0.500,Mid (Meeting),3.90,15.54,366.15,3833.00,11499.37,269.86,,0,100,40.00,-194,4396293,-852880.84,4,fused
371529,000000371529.jpg,512x640,0,0.491513,1,0,FN,yolov8l_bsz4.ms,172.75,112.75,285.50,0.500,Mid (Meeting),3.92,15.28,364.50,3835.00,11499.37,270.55,,0,100,40.00,-186,4396480,-817745.28,4,fused
122672,000000122672.jpg,640x480,0,0.490909,1,0,FN,yolov8l_bsz4.ms,172.75,112.75,285.50,0.500,Mid (Meeting),3.92,15.28,364.50,3835.00,11499.37,270.55,,0,100,40.00,-186,4396480,-817745.28,4,fused
512985,000000512985.jpg,640x480,0,0.490669,1,0,FN,yolov8l_bsz4.ms,172.75,112.75,285.50,0.500,Mid (Meeting),3.92,15.28,364.50,3835.00,11499.37,270.55,,0,100,40.00,-186,4396480,-817745.28,4,fused
140583,000000140583.jpg,640x478,0,0.490457,1,0,FN,yolov8l_bsz4.ms,172.75,112.75,285.50,0.500,Mid (Meeting),3.92,15.28,364.50,3835.00,11499.37,270.55,,0,100,40.00,-186,4396480,-817745.28,4,fused
535253,000000535253.jpg,612x612,0,0.489716,0,1,TN,yolov8l_bsz4.ms,173.50,110.75,284.25,0.500,Mid (Meeting),3.96,15.28,344.21,3855.00,11499.37,288.50,,0,100,40.00,-242,4394512,-1063471.90,4,fused
5503,000000005503.jpg,333x500,0,0.489457,0,1,TN,yolov8l_bsz4.ms,173.50,110.75,284.25,0.500,Mid (Meeting),3.96,15.28,344.21,3855.00,11499.37,288.50,,0,100,40.00,-242,4394512,-1063471.90,4,fused
572555,000000572555.jpg,640x425,0,0.489157,0,1,TN,yolov8l_bsz4.ms,173.50,110.75,284.25,0.500,Mid (Meeting),3.96,15.28,344.21,3855.00,11499.37,288.50,,0,100,40.00,-242,4394512,-1063471.90,4,fused
475365,000000475365.jpg,640x426,0,0.489093,0,1,TN,yolov8l_bsz4.ms,173.50,110.75,284.25,0.500,Mid (Meeting),3.96,15.28,344.21,3855.00,11499.37,288.50,,0,100,40.00,-242,4394512,-1063471.90,4,fused
57238,000000057238.jpg,375x500,0,0.488259,0,1,TN,yolov8l_bsz4.ms,178.25,110.25,288.50,0.500,Mid (Meeting),3.96,14.84,288.94,3910.00,11499.37,342.71,,0,100,40.00,-336,4391283,-1475471.09,4,fused
267940,000000267940.jpg,640x480,0,0.487259,0,1,TN,yolov8l_bsz4.ms,178.25,110.25,288.50,0.500,Mid (Meeting),3.96,14.84,288.94,3910.00,11499.37,342.71,,0,100,40.00,-336,4391283,-1475471.09,4,fused
106912,000000106912.jpg,612x612,0,0.487034,1,0,FN,yolov8l_bsz4.ms,178.25,110.25,288.50,0.500,Mid (Meeting),3.96,14.84,288.94,3910.00,11499.37,342.71,,0,100,40.00,-336,4391283,-1475471.09,4,fused
369503,000000369503.jpg,500x375,0,0.486277,1,0,FN,yolov8l_bsz4.ms,178.25,110.25,288.50,0.500,Mid (Meeting),3.96,14.84,288.94,3910.00,11499.37,342.71,,0,100,40.00,-336,4391283,-1475471.09,4,fused
507235,000000507235.jpg,612x612,0,0.485824,0,1,TN,yolov8l_bsz4.ms,175.50,107.75,283.25,0.500,Mid (Meeting),7.39,14.84,366.34,3832.00,11499.37,263.65,,0,100,40.00,-228,4395162,-1002096.94,4,fused
400082,000000400082.jpg,500x283,0,0.485667,0,1,TN,yolov8l_bsz4.ms,175.50,107.75,283.25,0.500,Mid (Meeting),7.39,14.84,366.34,3832.00,11499.37,263.65,,0,100,40.00,-228,4395162,-1002096.94,4,fused
194746,000000194746.jpg,500x375,0,0.485519,0,1,TN,yolov8l_bsz4.ms,175.50,107.75,283.25,0.500,Mid (Meeting),7.39,14.84,366.34,3832.00,11499.37,263.65,,0,100,40.00,-228,4395162,-1002096.94,4,fused
502168,000000502168.jpg,640x458,0,0.485465,1,0,FN,yolov8l_bsz4.ms,175.50,107.75,283.25,0.500,Mid (Meeting),7.39,14.84,366.34,3832.00,11499.37,263.65,,0,100,40.00,-228,4395162,-1002096.94,4,fused
140076,000000140076.jpg,500x375,0,0.485280,0,1,TN,yolov8l_bsz4.ms,176.75,106.50,283.25,0.500,Mid (Meeting),4.96,14.54,365.00,3833.00,11499.37,263.68,,0,100,40.00,-170,4396804,-747456.68,4,fused
178744,000000178744.jpg,640x428,0,0.485171,1,0,FN,yolov8l_bsz4.ms,176.75,106.50,283.25,0.500,Mid (Meeting),4.96,14.54,365.00,3833.00,11499.37,263.68,,0,100,40.00,-170,4396804,-747456.68,4,fused
429011,000000429011.jpg,640x343,0,0.485125,0,1,TN,yolov8l_bsz4.ms,176.75,106.50,283.25,0.500,Mid (Meeting),4.96,14.54,365.00,3833.00,11499.37,263.68,,0,100,40.00,-170,4396804,-747456.68,4,fused
546659,000000546659.jpg,420x640,0,0.484956,1,0,FN,yolov8l_bsz4.ms,176.75,106.50,283.25,0.500,Mid (Meeting),4.96,14.54,365.00,3833.00,11499.37,263.68,,0,100,40.00,-170,4396804,-747456.68,4,fused
97337,000000097337.jpg,500x375,0,0.484605,1,0,FN,yolov8l_bsz4.ms,174.50,115.00,289.50,0.500,Mid (Meeting),4.55,14.54,345.73,3852.00,11499.37,281.13,,0,100,40.00,-211,4395523,-927455.35,4,fused
460929,000000460929.jpg,480x640,0,0.484571,0,1,TN,yolov8l_bsz4.ms,174.50,115.00,289.50,0.500,Mid (Meeting),4.55,14.54,345.73,3852.00,11499.37,281.13,,0,100,40.00,-211,4395523,-927455.35,4,fused
183246,000000183246.jpg,500x400,0,0.484372,1,0,FN,yolov8l_bsz4.ms,174.50,115.00,289.50,0.500,Mid (Meeting),4.55,14.54,345.73,3852.00,11499.37,281.13,,0,100,40.00,-211,4395523,-927455.35,4,fused
340930,000000340930.jpg,640x480,0,0.484089,0,1,TN,yolov8l_bsz4.ms,174.50,115.00,289.50,0.500,Mid (Meeting),4.55,14.54,345.73,3852.00,11499.37,281.13,,0,100,40.00,-211,4395523,-927455.35,4,fused
109916,000000109916.jpg,640x480,0,0.483841,0,1,TN,yolov8l_bsz4.ms,178.25,88.75,267.00,0.500,Mid (Meeting),4.37,15.35,300.51,3897.00,11499.37,324.16,,0,100,40.00,-259,4393724,-1137974.52,4,fused
15272,000000015272.jpg,424x640,0,0.482943,0,1,TN,yolov8l_bsz4.ms,178.25,88.75,267.00,0.500,Mid (Meeting),4.37,15.35,300.51,3897.00,11499.37,324.16,,0,100,40.00,-259,4393724,-1137974.52,4,fused
227478,000000227478.jpg,640x480,0,0.481853,1,0,FN,yolov8l_bsz4.ms,178.25,88.75,267.00,0.500,Mid (Meeting),4.37,15.35,300.51,3897.00,11499.37,324.16,,0,100,40.00,-259,4393724,-1137974.52,4,fused
401250,000000401250.jpg,640x332,0,0.480088,1,0,FN,yolov8l_bsz4.ms,178.25,88.75,267.00,0.500,Mid (Meeting),4.37,15.35,300.51,3897.00,11499.37,324.16,,0,100,40.00,-259,4393724,-1137974.52,4,fused
532530,000000532530.jpg,640x427,0,0.480066,1,0,FN,yolov8l_bsz4.ms,175.00,109.00,284.00,0.500,Mid (Meeting),4.22,15.35,369.12,3828.00,11499.37,254.21,,0,100,40.00,-200,4395574,-879114.80,4,fused
176634,000000176634.jpg,640x480,0,0.479653,0,1,TN,yolov8l_bsz4.ms,175.00,109.00,284.00,0.500,Mid (Meeting),4.22,15.35,369.12,3828.00,11499.37,254.21,,0,100,40.00,-200,4395574,-879114.80,4,fused
365207,000000365207.jpg,640x588,0,0.479483,0,1,TN,yolov8l_bsz4.ms,175.00,109.00,284.00,0.500,Mid (Meeting),4.22,15.35,369.12,3828.00,11499.37,254.21,,0,100,40.00,-200,4395574,-879114.80,4,fused
105923,000000105923.jpg,640x468,0,0.479104,1,0,FN,yolov8l_bsz4.ms,175.00,109.00,284.00,0.500,Mid (Meeting),4.22,15.35,369.12,3828.00,11499.37,254.21,,0,100,40.00,-200,4395574,-879114.80,4,fused
394275,000000394275.jpg,640x393,0,0.479049,1,0,FN,yolov8l_bsz4.ms,176.50,93.50,270.00,0.500,Mid (Meeting),4.17,14.94,367.49,3829.00,11499.37,254.00,,0,100,40.00,-191,4396175,-839669.43,4,fused
133000,000000133000.jpg,640x427,0,0.478193,1,0,FN,yolov8l_bsz4.ms,176.50,93.50,270.00,0.500,Mid (Meeting),4.17,14.94,367.49,3829.00,11499.37,254.00,,0,100,40.00,-191,4396175,-839669.43,4,fused
350607,000000350607.jpg,640x427,0,0.478182,0,1,TN,yolov8l_bsz4.ms,176.50,93.50,270.00,0.500,Mid (Meeting),4.17,14.94,367.49,3829.00,11499.37,254.00,,0,100,40.00,-191,4396175,-839669.43,4,fused
167572,000000167572.jpg,640x425,0,0.477856,1,0,FN,yolov8l_bsz4.ms,176.50,93.50,270.00,0.500,Mid (Meeting),4.17,14.94,367.49,3829.00,11499.37,254.00,,0,100,40.00,-191,4396175,-839669.43,4,fused
329080,000000329080.jpg,640x480,0,0.477549,0,1,TN,yolov8l_bsz4.ms,174.00,111.25,285.25,0.500,Mid (Meeting),4.14,14.94,348.94,3847.00,11499.37,271.65,,0,100,40.00,-207,4395398,-909847.39,4,fused
412240,000000412240.jpg,500x375,0,0.477327,0,1,TN,yolov8l_bsz4.ms,174.00,111.25,285.25,0.500,Mid (Meeting),4.14,14.94,348.94,3847.00,11499.37,271.65,,0,100,40.00,-207,4395398,-909847.39,4,fused
180188,000000180188.jpg,640x480,0,0.477286,0,1,TN,yolov8l_bsz4.ms,174.00,111.25,285.25,0.500,Mid (Meeting),4.14,14.94,348.94,3847.00,11499.37,271.65,,0,100,40.00,-207,4395398,-909847.39,4,fused
159399,000000159399.jpg,640x480,0,0.477189,1,0,FN,yolov8l_bsz4.ms,174.00,111.25,285.25,0.500,Mid (Meeting),4.14,14.94,348.94,3847.00,11499.37,271.65,,0,100,40.00,-207,4395398,-909847.39,4,fused
20553,000000020553.jpg,500x375,0,0.476950,0,1,TN,yolov8l_bsz4.ms,180.50,105.00,285.50,0.500,Mid (Meeting),4.09,15.29,299.38,3896.00,11499.37,319.96,,0,100,40.00,-282,4393186,-1238878.45,4,fused
455267,000000455267.jpg,640x480,0,0.476687,0,1,TN,yolov8l_bsz4.ms,180.50,105.00,285.50,0.500,Mid (Meeting),4.09,15.29,299.38,3896.00,11499.37,319.96,,0,100,40.00,-282,4393186,-1238878.45,4,fused
231237,000000231237.jpg,334x500,0,0.476658,0,1,TN,yolov8l_bsz4.ms,180.50,105.00,285.50,0.500,Mid (Meeting),4.09,15.29,299.38,3896.00,11499.37,319.96,,0,100,40.00,-282,4393186,-1238878.45,4,fused
157807,000000157807.jpg,640x427,0,0.476243,0,1,TN,yolov8l_bsz4.ms,180.50,105.00,285.50,0.500,Mid (Meeting),4.09,15.29,299.38,3896.00,11499.37,319.96,,0,100,40.00,-282,4393186,-1238878.45,4,fused
244019,000000244019.jpg,640x431,0,0.476008,0,1,TN,yolov8l_bsz4.ms,173.50,107.00,280.50,0.500,Mid (Meeting),1.67,15.29,365.87,3830.00,11499.37,252.51,,0,100,40.00,-173,4396505,-760595.36,4,fused
378139,000000378139.jpg,640x427,0,0.475886,1,0,FN,yolov8l_bsz4.ms,173.50,107.00,280.50,0.500,Mid (Meeting),1.67,15.29,365.87,3830.00,11499.37,252.51,,0,100,40.00,-173,4396505,-760595.36,4,fused
166509,000000166509.jpg,640x444,0,0.475549,0,1,TN,yolov8l_bsz4.ms,173.50,107.00,280.50,0.500,Mid (Meeting),1.67,15.29,365.87,3830.00,11499.37,252.51,,0,100,40.00,-173,4396505,-760595.36,4,fused
128148,000000128148.jpg,640x428,0,0.475233,0,1,TN,yolov8l_bsz4.ms,173.50,107.00,280.50,0.500,Mid (Meeting),1.67,15.29,365.87,3830.00,11499.37,252.51,,0,100,40.00,-173,4396505,-760595.36,4,fused
410880,000000410880.jpg,500x375,0,0.475142,1,0,FN,yolov8l_bsz4.ms,178.75,106.00,284.75,0.500,Mid (Meeting),3.77,12.26,364.19,3831.00,11499.37,251.14,,0,100,40.00,-154,4397331,-677188.97,4,fused
561366,000000561366.jpg,640x480,0,0.475013,0,1,TN,yolov8l_bsz4.ms,178.75,106.00,284.75,0.500,Mid (Meeting),3.77,12.26,364.19,3831.00,11499.37,251.14,,0,100,40.00,-154,4397331,-677188.97,4,fused
250766,000000250766.jpg,500x410,0,0.474956,0,1,TN,yolov8l_bsz4.ms,178.75,106.00,284.75,0.500,Mid (Meeting),3.77,12.26,364.19,3831.00,11499.37,251.14,,0,100,40.00,-154,4397331,-677188.97,4,fused
520301,000000520301.jpg,480x640,0,0.474862,0,1,TN,yolov8l_bsz4.ms,178.75,106.00,284.75,0.500,Mid (Meeting),3.77,12.26,364.19,3831.00,11499.37,251.14,,0,100,40.00,-154,4397331,-677188.97,4,fused
63602,000000063602.jpg,640x425,0,0.474761,0,1,TN,yolov8l_bsz4.ms,171.75,107.00,278.75,0.500,Mid (Meeting),4.04,12.26,345.66,3849.00,11499.37,268.30,,0,100,40.00,-139,4397838,-611299.48,4,fused
311518,000000311518.jpg,640x427,0,0.474685,0,1,TN,yolov8l_bsz4.ms,171.75,107.00,278.75,0.500,Mid (Meeting),4.04,12.26,345.66,3849.00,11499.37,268.30,,0,100,40.00,-139,4397838,-611299.48,4,fused
237864,000000237864.jpg,640x425,0,0.474306,0,1,TN,yolov8l_bsz4.ms,171.75,107.00,278.75,0.500,Mid (Meeting),4.04,12.26,345.66,3849.00,11499.37,268.30,,0,100,40.00,-139,4397838,-611299.48,4,fused
324927,000000324927.jpg,480x640,0,0.473861,0,1,TN,yolov8l_bsz4.ms,171.75,107.00,278.75,0.500,Mid (Meeting),4.04,12.26,345.66,3849.00,11499.37,268.30,,0,100,40.00,-139,4397838,-611299.48,4,fused
279769,000000279769.jpg,640x480,0,0.473856,0,1,TN,yolov8l_bsz4.ms,178.25,108.75,287.00,0.500,Mid (Meeting),3.96,16.14,286.19,3908.00,11499.37,325.91,,0,100,40.00,-158,4397155,-694750.49,4,fused
509008,000000509008.jpg,640x434,0,0.473827,0,1,TN,yolov8l_bsz4.ms,178.25,108.75,287.00,0.500,Mid (Meeting),3.96,16.14,286.19,3908.00,11499.37,325.91,,0,100,40.00,-158,4397155,-694750.49,4,fused
294783,000000294783.jpg,640x428,0,0.473765,0,1,TN,yolov8l_bsz4.ms,178.25,108.75,287.00,0.500,Mid (Meeting),3.96,16.14,286.19,3908.00,11499.37,325.91,,0,100,40.00,-158,4397155,-694750.49,4,fused
323751,000000323751.jpg,640x424,0,0.473468,1,0,FN,yolov8l_bsz4.ms,178.25,108.75,287.00,0.500,Mid (Meeting),3.96,16.14,286.19,3908.00,11499.37,325.91,,0,100,40.00,-158,4397155,-694750.49,4,fused
536947,000000536947.jpg,640x480,0,0.473088,0,1,TN,yolov8l_bsz4.ms,177.50,111.25,288.75,0.500,Mid (Meeting),3.85,16.14,365.73,3774.00,11499.37,191.76,,0,100,40.00,-142,4397592,-624458.06,4,fused
418281,000000418281.jpg,640x427,0,0.472814,0,1,TN,yolov8l_bsz4.ms,177.50,111.25,288.75,0.500,Mid (Meeting),3.85,16.14,365.73,3774.00,11499.37,191.76,,0,100,40.00,-142,4397592,-624458.06,4,fused
177893,000000177893.jpg,640x428,0,0.472011,0,1,TN,yolov8l_bsz4.ms,177.50,111.25,288.75,0.500,Mid (Meeting),3.85,16.14,365.73,3774.00,11499.37,191.76,,0,100,40.00,-142,4397592,-624458.06,4,fused
154213,000000154213.jpg,500x375,0,0.471628,0,1,TN,yolov8l_bsz4.ms,177.50,111.25,288.75,0.500,Mid (Meeting),3.85,16.14,365.73,3774.00,11499.37,191.76,,0,100,40.00,-142,4397592,-624458.06,4,fused
267537,000000267537.jpg,640x470,0,0.471529,1,0,FN,yolov8l_bsz4.ms,177.75,111.00,288.75,0.500,Mid (Meeting),3.92,18.96,361.48,3802.00,11499.37,338.06,,0,100,40.00,-169,4396809,-743060.72,4,fused
234757,000000234757.jpg,640x480,0,0.471461,0,1,TN,yolov8l_bsz4.ms,177.75,111.00,288.75,0.500,Mid (Meeting),3.92,18.96,361.48,3802.00,11499.37,338.06,,0,100,40.00,-169,4396809,-743060.72,4,fused
329041,000000329041.jpg,480x640,0,0.471029,1,0,FN,yolov8l_bsz4.ms,177.75,111.00,288.75,0.500,Mid (Meeting),3.92,18.96,361.48,3802.00,11499.37,338.06,,0,100,40.00,-169,4396809,-743060.72,4,fused
209753,000000209753.jpg,467x640,0,0.470370,1,0,FN,yolov8l_bsz4.ms,177.75,111.00,288.75,0.500,Mid (Meeting),3.92,18.96,361.48,3802.00,11499.37,338.06,,0,100,40.00,-169,4396809,-743060.72,4,fused
215723,000000215723.jpg,640x480,0,0.469818,1,0,FN,yolov8l_bsz4.ms,173.00,112.50,285.50,0.500,Mid (Meeting),3.96,18.96,340.16,3871.00,11499.37,404.69,,0,100,40.00,-202,4395511,-887893.22,4,fused
14888,000000014888.jpg,640x480,0,0.469752,0,1,TN,yolov8l_bsz4.ms,173.00,112.50,285.50,0.500,Mid (Meeting),3.96,18.96,340.16,3871.00,11499.37,404.69,,0,100,40.00,-202,4395511,-887893.22,4,fused
259625,000000259625.jpg,640x427,0,0.469638,0,1,TN,yolov8l_bsz4.ms,173.00,112.50,285.50,0.500,Mid (Meeting),3.96,18.96,340.16,3871.00,11499.37,404.69,,0,100,40.00,-202,4395511,-887893.22,4,fused
372260,000000372260.jpg,427x640,0,0.468743,0,1,TN,yolov8l_bsz4.ms,173.00,112.50,285.50,0.500,Mid (Meeting),3.96,18.96,340.16,3871.00,11499.37,404.69,,0,100,40.00,-202,4395511,-887893.22,4,fused
129135,000000129135.jpg,640x480,0,0.468720,0,1,TN,yolov8l_bsz4.ms,178.25,97.00,275.25,0.500,Mid (Meeting),3.95,18.63,284.36,3928.00,11499.37,459.13,,0,100,40.00,-180,4396559,-791380.62,4,fused
298904,000000298904.jpg,480x640,0,0.468537,0,1,TN,yolov8l_bsz4.ms,178.25,97.00,275.25,0.500,Mid (Meeting),3.95,18.63,284.36,3928.00,11499.37,459.13,,0,100,40.00,-180,4396559,-791380.62,4,fused
537812,000000537812.jpg,640x480,0,0.468452,0,1,TN,yolov8l_bsz4.ms,178.25,97.00,275.25,0.500,Mid (Meeting),3.95,18.63,284.36,3928.00,11499.37,459.13,,0,100,40.00,-180,4396559,-791380.62,4,fused
566436,000000566436.jpg,640x427,0,0.468366,1,0,FN,yolov8l_bsz4.ms,178.25,97.00,275.25,0.500,Mid (Meeting),3.95,18.63,284.36,3928.00,11499.37,459.13,,0,100,40.00,-180,4396559,-791380.62,4,fused
89045,000000089045.jpg,640x425,0,0.467268,0,1,TN,yolov8l_bsz4.ms,178.50,104.25,282.75,0.500,Mid (Meeting),3.89,18.63,362.17,3852.00,11499.37,382.32,,0,100,40.00,-171,4396748,-751843.91,4,fused
255747,000000255747.jpg,640x480,0,0.466921,0,1,TN,yolov8l_bsz4.ms,178.50,104.25,282.75,0.500,Mid (Meeting),3.89,18.63,362.17,3852.00,11499.37,382.32,,0,100,40.00,-171,4396748,-751843.91,4,fused
382088,000000382088.jpg,640x426,0,0.466609,0,1,TN,yolov8l_bsz4.ms,178.50,104.25,282.75,0.500,Mid (Meeting),3.89,18.63,362.17,3852.00,11499.37,382.32,,0,100,40.00,-171,4396748,-751843.91,4,fused
330554,000000330554.jpg,500x375,0,0.466573,0,1,TN,yolov8l_bsz4.ms,178.50,104.25,282.75,0.500,Mid (Meeting),3.89,18.63,362.17,3852.00,11499.37,382.32,,0,100,40.00,-171,4396748,-751843.91,4,fused
370813,000000370813.jpg,540x640,0,0.466307,1,0,FN,yolov8l_bsz4.ms,175.50,112.00,287.50,0.500,Mid (Meeting),5.86,15.25,360.42,3856.00,11499.37,383.04,,0,100,40.00,-233,4394572,-1023935.28,4,fused
349480,000000349480.jpg,640x450,0,0.466289,0,1,TN,yolov8l_bsz4.ms,175.50,112.00,287.50,0.500,Mid (Meeting),5.86,15.25,360.42,3856.00,11499.37,383.04,,0,100,40.00,-233,4394572,-1023935.28,4,fused
253002,000000253002.jpg,640x427,0,0.466229,0,1,TN,yolov8l_bsz4.ms,175.50,112.00,287.50,0.500,Mid (Meeting),5.86,15.25,360.42,3856.00,11499.37,383.04,,0,100,40.00,-233,4394572,-1023935.28,4,fused
140420,000000140420.jpg,640x428,0,0.465921,0,1,TN,yolov8l_bsz4.ms,175.50,112.00,287.50,0.500,Mid (Meeting),5.86,15.25,360.42,3856.00,11499.37,383.04,,0,100,40.00,-233,4394572,-1023935.28,4,fused
143931,000000143931.jpg,640x480,0,0.465917,1,0,FN,yolov8l_bsz4.ms,177.50,113.25,290.75,0.500,Mid (Meeting),4.95,15.25,339.01,3877.00,11499.37,402.81,,0,100,40.00,-183,4396262,-804515.95,4,fused
106330,000000106330.jpg,640x427,0,0.465437,0,1,TN,yolov8l_bsz4.ms,177.50,113.25,290.75,0.500,Mid (Meeting),4.95,15.25,339.01,3877.00,11499.37,402.81,,0,100,40.00,-183,4396262,-804515.95,4,fused
80274,000000080274.jpg,640x480,0,0.464774,0,1,TN,yolov8l_bsz4.ms,177.50,113.25,290.75,0.500,Mid (Meeting),4.95,15.25,339.01,3877.00,11499.37,402.81,,0,100,40.00,-183,4396262,-804515.95,4,fused
144784,000000144784.jpg,375x500,0,0.464745,1,0,FN,yolov8l_bsz4.ms,177.50,113.25,290.75,0.500,Mid (Meeting),4.95,15.25,339.01,3877.00,11499.37,402.81,,0,100,40.00,-183,4396262,-804515.95,4,fused
530466,000000530466.jpg,640x480,0,0.464546,0,1,TN,yolov8l_bsz4.ms,176.75,104.00,280.75,0.500,Mid (Meeting),4.54,18.24,284.37,3932.00,11499.37,455.67,,0,100,40.00,-196,4395974,-861610.90,4,fused
462756,000000462756.jpg,640x426,0,0.464225,0,1,TN,yolov8l_bsz4.ms,176.75,104.00,280.75,0.500,Mid (Meeting),4.54,18.24,284.37,3932.00,11499.37,455.67,,0,100,40.00,-196,4395974,-861610.90,4,fused
332901,000000332901.jpg,640x395,0,0.462719,1,0,FN,yolov8l_bsz4.ms,176.75,104.00,280.75,0.500,Mid (Meeting),4.54,18.24,284.37,3932.00,11499.37,455.67,,0,100,40.00,-196,4395974,-861610.90,4,fused
87244,000000087244.jpg,375x500,0,0.462348,1,0,FN,yolov8l_bsz4.ms,176.75,104.00,280.75,0.500,Mid (Meeting),4.54,18.24,284.37,3932.00,11499.37,455.67,,0,100,40.00,-196,4395974,-861610.90,4,fused
14380,000000014380.jpg,640x427,0,0.461421,0,1,TN,yolov8l_bsz4.ms,178.00,118.25,296.25,0.500,Mid (Meeting),4.38,18.24,362.67,3854.00,11499.37,376.34,,0,100,40.00,-228,4394821,-1002019.19,4,fused
260266,000000260266.jpg,479x640,0,0.461305,0,1,TN,yolov8l_bsz4.ms,178.00,118.25,296.25,0.500,Mid (Meeting),4.38,18.24,362.67,3854.00,11499.37,376.34,,0,100,40.00,-228,4394821,-1002019.19,4,fused
456662,000000456662.jpg,612x612,0,0.461042,1,0,FN,yolov8l_bsz4.ms,178.00,118.25,296.25,0.500,Mid (Meeting),4.38,18.24,362.67,3854.00,11499.37,376.34,,0,100,40.00,-228,4394821,-1002019.19,4,fused
52891,000000052891.jpg,640x427,0,0.460909,1,0,FN,yolov8l_bsz4.ms,178.00,118.25,296.25,0.500,Mid (Meeting),4.38,18.24,362.67,3854.00,11499.37,376.34,,0,100,40.00,-228,4394821,-1002019.19,4,fused
273617,000000273617.jpg,640x427,0,0.460677,0,1,TN,yolov8l_bsz4.ms,175.75,101.50,277.25,0.500,Mid (Meeting),4.26,18.07,362.15,3855.00,11499.37,375.42,,0,100,40.00,-202,4395502,-887891.40,4,fused
124277,000000124277.jpg,640x481,0,0.460310,0,1,TN,yolov8l_bsz4.ms,175.75,101.50,277.25,0.500,Mid (Meeting),4.26,18.07,362.15,3855.00,11499.37,375.42,,0,100,40.00,-202,4395502,-887891.40,4,fused
426376,000000426376.jpg,467x640,0,0.459506,1,0,FN,yolov8l_bsz4.ms,175.75,101.50,277.25,0.500,Mid (Meeting),4.26,18.07,362.15,3855.00,11499.37,375.42,,0,100,40.00,-202,4395502,-887891.40,4,fused
106281,000000106281.jpg,640x425,0,0.458935,0,1,TN,yolov8l_bsz4.ms,175.75,101.50,277.25,0.500,Mid (Meeting),4.26,18.07,362.15,3855.00,11499.37,375.42,,0,100,40.00,-202,4395502,-887891.40,4,fused
428111,000000428111.jpg,640x429,0,0.457691,1,0,FN,yolov8l_bsz4.ms,175.00,113.00,288.00,0.500,Mid (Meeting),4.22,18.07,284.86,3932.00,11499.37,451.93,,0,100,40.00,-233,4394418,-1023899.39,4,fused
551815,000000551815.jpg,640x480,0,0.457659,0,1,TN,yolov8l_bsz4.ms,175.00,113.00,288.00,0.500,Mid (Meeting),4.22,18.07,284.86,3932.00,11499.37,451.93,,0,100,40.00,-233,4394418,-1023899.39,4,fused
106563,000000106563.jpg,612x612,0,0.457552,0,1,TN,yolov8l_bsz4.ms,175.00,113.00,288.00,0.500,Mid (Meeting),4.22,18.07,284.86,3932.00,11499.37,451.93,,0,100,40.00,-233,4394418,-1023899.39,4,fused
374551,000000374551.jpg,500x300,0,0.457050,0,1,TN,yolov8l_bsz4.ms,175.00,113.00,288.00,0.500,Mid (Meeting),4.22,18.07,284.86,3932.00,11499.37,451.93,,0,100,40.00,-233,4394418,-1023899.39,4,fused
327306,000000327306.jpg,640x400,0,0.456691,1,0,FN,yolov8l_bsz4.ms,175.75,99.00,274.75,0.500,Mid (Meeting),4.15,17.36,362.60,3855.00,11499.37,373.29,,0,100,40.00,-154,4397376,-677195.90,4,fused
476491,000000476491.jpg,336x500,0,0.456615,0,1,TN,yolov8l_bsz4.ms,175.75,99.00,274.75,0.500,Mid (Meeting),4.15,17.36,362.60,3855.00,11499.37,373.29,,0,100,40.00,-154,4397376,-677195.90,4,fused
111036,000000111036.jpg,425x640,0,0.456267,0,1,TN,yolov8l_bsz4.ms,175.75,99.00,274.75,0.500,Mid (Meeting),4.15,17.36,362.60,3855.00,11499.37,373.29,,0,100,40.00,-154,4397376,-677195.90,4,fused
493442,000000493442.jpg,640x426,0,0.456022,1,0,FN,yolov8l_bsz4.ms,175.75,99.00,274.75,0.500,Mid (Meeting),4.15,17.36,362.60,3855.00,11499.37,373.29,,0,100,40.00,-154,4397376,-677195.90,4,fused
89880,000000089880.jpg,500x281,0,0.455978,0,1,TN,yolov8l_bsz4.ms,176.75,96.75,273.50,0.500,Mid (Meeting),4.11,17.36,362.80,3855.00,11499.37,372.38,,0,100,40.00,-178,4396282,-782538.20,4,fused
198805,000000198805.jpg,640x398,0,0.455644,0,1,TN,yolov8l_bsz4.ms,176.75,96.75,273.50,0.500,Mid (Meeting),4.11,17.36,362.80,3855.00,11499.37,372.38,,0,100,40.00,-178,4396282,-782538.20,4,fused
84170,000000084170.jpg,640x480,0,0.455420,1,0,FN,yolov8l_bsz4.ms,176.75,96.75,273.50,0.500,Mid (Meeting),4.11,17.36,362.80,3855.00,11499.37,372.38,,0,100,40.00,-178,4396282,-782538.20,4,fused
452891,000000452891.jpg,478x640,0,0.455382,0,1,TN,yolov8l_bsz4.ms,176.75,96.75,273.50,0.500,Mid (Meeting),4.11,17.36,362.80,3855.00,11499.37,372.38,,0,100,40.00,-178,4396282,-782538.20,4,fused
322352,000000322352.jpg,500x375,0,0.454712,0,1,TN,yolov8l_bsz4.ms,178.00,104.75,282.75,0.500,Mid (Meeting),8.33,16.61,339.85,3880.00,11499.37,393.44,,0,100,40.00,-323,4391667,-1418508.44,4,fused
534639,000000534639.jpg,640x475,0,0.454509,0,1,TN,yolov8l_bsz4.ms,178.00,104.75,282.75,0.500,Mid (Meeting),8.33,16.61,339.85,3880.00,11499.37,393.44,,0,100,40.00,-323,4391667,-1418508.44,4,fused
80666,000000080666.jpg,640x640,0,0.454391,0,1,TN,yolov8l_bsz4.ms,178.00,104.75,282.75,0.500,Mid (Meeting),8.33,16.61,339.85,3880.00,11499.37,393.44,,0,100,40.00,-323,4391667,-1418508.44,4,fused
86220,000000086220.jpg,640x428,0,0.453831,1,0,FN,yolov8l_bsz4.ms,178.00,104.75,282.75,0.500,Mid (Meeting),8.33,16.61,339.85,3880.00,11499.37,393.44,,0,100,40.00,-323,4391667,-1418508.44,4,fused
561679,000000561679.jpg,640x480,0,0.452564,0,1,TN,yolov8l_bsz4.ms,172.25,109.50,281.75,0.500,Mid (Meeting),4.40,16.61,294.93,3925.00,11499.37,437.61,,0,100,40.00,-244,4394093,-1072158.69,4,fused
127476,000000127476.jpg,480x640,0,0.452341,0,1,TN,yolov8l_bsz4.ms,172.25,109.50,281.75,0.500,Mid (Meeting),4.40,16.61,294.93,3925.00,11499.37,437.61,,0,100,40.00,-244,4394093,-1072158.69,4,fused
546626,000000546626.jpg,300x400,0,0.452222,0,1,TN,yolov8l_bsz4.ms,172.25,109.50,281.75,0.500,Mid (Meeting),4.40,16.61,294.93,3925.00,11499.37,437.61,,0,100,40.00,-244,4394093,-1072158.69,4,fused
57725,000000057725.jpg,640x480,0,0.452218,0,1,TN,yolov8l_bsz4.ms,172.25,109.50,281.75,0.500,Mid (Meeting),4.40,16.61,294.93,3925.00,11499.37,437.61,,0,100,40.00,-244,4394093,-1072158.69,4,fused
466156,000000466156.jpg,500x375,0,0.452187,0,1,TN,yolov8l_bsz4.ms,177.25,89.50,266.75,0.500,Mid (Meeting),3.91,13.48,361.54,3858.00,11499.37,369.99,,0,100,40.00,-252,4394064,-1107304.13,4,fused
405691,000000405691.jpg,640x427,0,0.451977,0,1,TN,yolov8l_bsz4.ms,177.25,89.50,266.75,0.500,Mid (Meeting),3.91,13.48,361.54,3858.00,11499.37,369.99,,0,100,40.00,-252,4394064,-1107304.13,4,fused
370208,000000370208.jpg,500x375,0,0.451942,1,0,FN,yolov8l_bsz4.ms,177.25,89.50,266.75,0.500,Mid (Meeting),3.91,13.48,361.54,3858.00,11499.37,369.99,,0,100,40.00,-252,4394064,-1107304.13,4,fused
458663,000000458663.jpg,640x425,0,0.451852,0,1,TN,yolov8l_bsz4.ms,177.25,89.50,266.75,0.500,Mid (Meeting),3.91,13.48,361.54,3858.00,11499.37,369.99,,0,100,40.00,-252,4394064,-1107304.13,4,fused
181796,000000181796.jpg,640x360,0,0.451117,0,1,TN,yolov8l_bsz4.ms,195.25,103.00,298.25,0.500,Mid (Meeting),3.96,13.48,359.66,3860.00,11499.37,371.05,,0,100,40.00,-194,4396005,-852824.97,4,fused
533145,000000533145.jpg,500x375,0,0.450500,1,0,FN,yolov8l_bsz4.ms,195.25,103.00,298.25,0.500,Mid (Meeting),3.96,13.48,359.66,3860.00,11499.37,371.05,,0,100,40.00,-194,4396005,-852824.97,4,fused
273198,000000273198.jpg,500x375,0,0.450459,1,0,FN,yolov8l_bsz4.ms,195.25,103.00,298.25,0.500,Mid (Meeting),3.96,13.48,359.66,3860.00,11499.37,371.05,,0,100,40.00,-194,4396005,-852824.97,4,fused
168619,000000168619.jpg,640x480,0,0.450177,0,1,TN,yolov8l_bsz4.ms,195.25,103.00,298.25,0.500,Mid (Meeting),3.96,13.48,359.66,3860.00,11499.37,371.05,,0,100,40.00,-194,4396005,-852824.97,4,fused
106048,000000106048.jpg,640x428,0,0.449331,0,1,TN,yolov8l_bsz4.ms,192.25,111.75,304.00,0.500,Mid (Meeting),3.93,13.65,339.91,3880.00,11499.37,390.18,,0,100,40.00,-244,4393822,-1072092.57,4,fused
354753,000000354753.jpg,640x480,0,0.449164,0,1,TN,yolov8l_bsz4.ms,192.25,111.75,304.00,0.500,Mid (Meeting),3.93,13.65,339.91,3880.00,11499.37,390.18,,0,100,40.00,-244,4393822,-1072092.57,4,fused
109827,000000109827.jpg,640x424,0,0.448776,0,1,TN,yolov8l_bsz4.ms,192.25,111.75,304.00,0.500,Mid (Meeting),3.93,13.65,339.91,3880.00,11499.37,390.18,,0,100,40.00,-244,4393822,-1072092.57,4,fused
479912,000000479912.jpg,478x640,0,0.447229,1,0,FN,yolov8l_bsz4.ms,192.25,111.75,304.00,0.500,Mid (Meeting),3.93,13.65,339.91,3880.00,11499.37,390.18,,0,100,40.00,-244,4393822,-1072092.57,4,fused
496409,000000496409.jpg,500x375,0,0.447027,1,0,FN,yolov8l_bsz4.ms,181.75,104.25,286.00,0.500,Mid (Meeting),3.94,13.65,285.72,3934.00,11499.37,442.78,,0,100,40.00,-335,4390858,-1470937.43,4,fused
440508,000000440508.jpg,640x424,0,0.446871,0,1,TN,yolov8l_bsz4.ms,181.75,104.25,286.00,0.500,Mid (Meeting),3.94,13.65,285.72,3934.00,11499.37,442.78,,0,100,40.00,-335,4390858,-1470937.43,4,fused
127517,000000127517.jpg,640x480,0,0.446080,0,1,TN,yolov8l_bsz4.ms,181.75,104.25,286.00,0.500,Mid (Meeting),3.94,13.65,285.72,3934.00,11499.37,442.78,,0,100,40.00,-335,4390858,-1470937.43,4,fused
303863,000000303863.jpg,640x431,0,0.445423,1,0,FN,yolov8l_bsz4.ms,181.75,104.25,286.00,0.500,Mid (Meeting),3.94,13.65,285.72,3934.00,11499.37,442.78,,0,100,40.00,-335,4390858,-1470937.43,4,fused
566524,000000566524.jpg,640x480,0,0.445011,1,0,FN,yolov8l_bsz4.ms,178.25,100.50,278.75,0.500,Mid (Meeting),3.87,13.85,364.29,3855.00,11499.37,363.23,,0,100,40.00,-213,4394802,-936092.83,4,fused
573943,000000573943.jpg,640x480,0,0.444775,0,1,TN,yolov8l_bsz4.ms,178.25,100.50,278.75,0.500,Mid (Meeting),3.87,13.85,364.29,3855.00,11499.37,363.23,,0,100,40.00,-213,4394802,-936092.83,4,fused
470173,000000470173.jpg,446x640,0,0.443621,0,1,TN,yolov8l_bsz4.ms,178.25,100.50,278.75,0.500,Mid (Meeting),3.87,13.85,364.29,3855.00,11499.37,363.23,,0,100,40.00,-213,4394802,-936092.83,4,fused
497628,000000497628.jpg,480x640,0,0.443462,0,1,TN,yolov8l_bsz4.ms,178.25,100.50,278.75,0.500,Mid (Meeting),3.87,13.85,364.29,3855.00,11499.37,363.23,,0,100,40.00,-213,4394802,-936092.83,4,fused
459634,000000459634.jpg,640x533,0,0.443219,1,0,FN,yolov8l_bsz4.ms,177.00,96.00,273.00,0.500,Mid (Meeting),3.83,13.85,358.50,3860.00,11499.37,368.23,,0,100,40.00,-311,4391725,-1365826.48,4,fused
115885,000000115885.jpg,500x375,0,0.443157,0,1,TN,yolov8l_bsz4.ms,177.00,96.00,273.00,0.500,Mid (Meeting),3.83,13.85,358.50,3860.00,11499.37,368.23,,0,100,40.00,-311,4391725,-1365826.48,4,fused
243204,000000243204.jpg,480x640,0,0.443053,1,0,FN,yolov8l_bsz4.ms,177.00,96.00,273.00,0.500,Mid (Meeting),3.83,13.85,358.50,3860.00,11499.37,368.23,,0,100,40.00,-311,4391725,-1365826.48,4,fused
14007,000000014007.jpg,640x426,0,0.442953,0,1,TN,yolov8l_bsz4.ms,177.00,96.00,273.00,0.500,Mid (Meeting),3.83,13.85,358.50,3860.00,11499.37,368.23,,0,100,40.00,-311,4391725,-1365826.48,4,fused
163611,000000163611.jpg,640x480,0,0.442802,0,1,TN,yolov8l_bsz4.ms,183.00,97.75,280.75,0.500,Mid (Meeting),3.88,13.90,340.38,3877.00,11499.37,385.68,,0,100,40.00,-122,4398074,-536565.03,4,fused
34071,000000034071.jpg,640x426,0,0.442742,0,1,TN,yolov8l_bsz4.ms,183.00,97.75,280.75,0.500,Mid (Meeting),3.88,13.90,340.38,3877.00,11499.37,385.68,,0,100,40.00,-122,4398074,-536565.03,4,fused
170191,000000170191.jpg,640x531,0,0.442657,1,0,FN,yolov8l_bsz4.ms,183.00,97.75,280.75,0.500,Mid (Meeting),3.88,13.90,340.38,3877.00,11499.37,385.68,,0,100,40.00,-122,4398074,-536565.03,4,fused
232646,000000232646.jpg,640x512,0,0.442496,0,1,TN,yolov8l_bsz4.ms,183.00,97.75,280.75,0.500,Mid (Meeting),3.88,13.90,340.38,3877.00,11499.37,385.68,,0,100,40.00,-122,4398074,-536565.03,4,fused
242060,000000242060.jpg,640x459,0,0.441893,0,1,TN,yolov8l_bsz4.ms,182.25,112.75,295.00,0.500,Mid (Meeting),4.68,13.90,283.10,3936.00,11499.37,441.81,,0,100,40.00,-177,4396407,-778164.04,4,fused
573094,000000573094.jpg,375x500,0,0.440740,0,1,TN,yolov8l_bsz4.ms,182.25,112.75,295.00,0.500,Mid (Meeting),4.68,13.90,283.10,3936.00,11499.37,441.81,,0,100,40.00,-177,4396407,-778164.04,4,fused
568147,000000568147.jpg,480x640,0,0.439992,1,0,FN,yolov8l_bsz4.ms,182.25,112.75,295.00,0.500,Mid (Meeting),4.68,13.90,283.10,3936.00,11499.37,441.81,,0,100,40.00,-177,4396407,-778164.04,4,fused
164115,000000164115.jpg,500x500,0,0.439936,0,1,TN,yolov8l_bsz4.ms,182.25,112.75,295.00,0.500,Mid (Meeting),4.68,13.90,283.10,3936.00,11499.37,441.81,,0,100,40.00,-177,4396407,-778164.04,4,fused
548506,000000548506.jpg,640x425,0,0.439669,0,1,TN,yolov8l_bsz4.ms,178.25,101.50,279.75,0.500,Mid (Meeting),4.15,12.88,362.00,3856.00,11499.37,361.04,,0,100,40.00,-125,4397903,-549737.88,4,fused
216277,000000216277.jpg,640x480,0,0.438880,1,0,FN,yolov8l_bsz4.ms,178.25,101.50,279.75,0.500,Mid (Meeting),4.15,12.88,362.00,3856.00,11499.37,361.04,,0,100,40.00,-125,4397903,-549737.88,4,fused
275791,000000275791.jpg,640x427,0,0.438858,0,1,TN,yolov8l_bsz4.ms,178.25,101.50,279.75,0.500,Mid (Meeting),4.15,12.88,362.00,3856.00,11499.37,361.04,,0,100,40.00,-125,4397903,-549737.88,4,fused
515266,000000515266.jpg,640x427,0,0.438847,0,1,TN,yolov8l_bsz4.ms,178.25,101.50,279.75,0.500,Mid (Meeting),4.15,12.88,362.00,3856.00,11499.37,361.04,,0,100,40.00,-125,4397903,-549737.88,4,fused
389684,000000389684.jpg,640x480,0,0.438748,1,0,FN,yolov8l_bsz4.ms,177.25,110.00,287.25,0.500,Mid (Meeting),4.09,12.88,360.07,3858.00,11499.37,361.81,,0,100,40.00,-164,4396806,-721076.18,4,fused
134034,000000134034.jpg,475x500,0,0.438369,0,1,TN,yolov8l_bsz4.ms,177.25,110.00,287.25,0.500,Mid (Meeting),4.09,12.88,360.07,3858.00,11499.37,361.81,,0,100,40.00,-164,4396806,-721076.18,4,fused
98261,000000098261.jpg,320x216,0,0.438282,0,1,TN,yolov8l_bsz4.ms,177.25,110.00,287.25,0.500,Mid (Meeting),4.09,12.88,360.07,3858.00,11499.37,361.81,,0,100,40.00,-164,4396806,-721076.18,4,fused
105455,000000105455.jpg,427x640,0,0.438265,0,1,TN,yolov8l_bsz4.ms,177.25,110.00,287.25,0.500,Mid (Meeting),4.09,12.88,360.07,3858.00,11499.37,361.81,,0,100,40.00,-164,4396806,-721076.18,4,fused
449661,000000449661.jpg,640x169,0,0.438095,1,0,FN,yolov8l_bsz4.ms,177.25,88.50,265.75,0.500,Mid (Meeting),3.98,13.84,341.68,3876.00,11499.37,378.98,,0,100,40.00,-182,4396157,-800100.57,4,fused
126107,000000126107.jpg,640x480,0,0.437848,1,0,FN,yolov8l_bsz4.ms,177.25,88.50,265.75,0.500,Mid (Meeting),3.98,13.84,341.68,3876.00,11499.37,378.98,,0,100,40.00,-182,4396157,-800100.57,4,fused
363840,000000363840.jpg,640x480,0,0.437759,1,0,FN,yolov8l_bsz4.ms,177.25,88.50,265.75,0.500,Mid (Meeting),3.98,13.84,341.68,3876.00,11499.37,378.98,,0,100,40.00,-182,4396157,-800100.57,4,fused
67180,000000067180.jpg,480x640,0,0.437722,1,0,FN,yolov8l_bsz4.ms,177.25,88.50,265.75,0.500,Mid (Meeting),3.98,13.84,341.68,3876.00,11499.37,378.98,,0,100,40.00,-182,4396157,-800100.57,4,fused
110784,000000110784.jpg,433x640,0,0.437121,1,0,FN,yolov8l_bsz4.ms,181.50,100.50,282.00,0.500,Mid (Meeting),3.97,13.84,286.62,3930.00,11499.37,433.00,,0,100,40.00,-283,4392776,-1243155.61,4,fused
364636,000000364636.jpg,640x533,0,0.437084,0,1,TN,yolov8l_bsz4.ms,181.50,100.50,282.00,0.500,Mid (Meeting),3.97,13.84,286.62,3930.00,11499.37,433.00,,0,100,40.00,-283,4392776,-1243155.61,4,fused
528399,000000528399.jpg,640x428,0,0.437015,1,0,FN,yolov8l_bsz4.ms,181.50,100.50,282.00,0.500,Mid (Meeting),3.97,13.84,286.62,3930.00,11499.37,433.00,,0,100,40.00,-283,4392776,-1243155.61,4,fused
15338,000000015338.jpg,640x424,0,0.436579,0,1,TN,yolov8l_bsz4.ms,181.50,100.50,282.00,0.500,Mid (Meeting),3.97,13.84,286.62,3930.00,11499.37,433.00,,0,100,40.00,-283,4392776,-1243155.61,4,fused
14473,000000014473.jpg,640x427,0,0.436393,1,0,FN,yolov8l_bsz4.ms,178.50,100.75,279.25,0.500,Mid (Meeting),3.88,14.30,362.40,3854.00,11499.37,356.59,,0,100,40.00,-122,4397940,-536548.68,4,fused
455085,000000455085.jpg,427x640,0,0.436325,1,0,FN,yolov8l_bsz4.ms,178.50,100.75,279.25,0.500,Mid (Meeting),3.88,14.30,362.40,3854.00,11499.37,356.59,,0,100,40.00,-122,4397940,-536548.68,4,fused
246522,000000246522.jpg,427x640,0,0.436153,0,1,TN,yolov8l_bsz4.ms,178.50,100.75,279.25,0.500,Mid (Meeting),3.88,14.30,362.40,3854.00,11499.37,356.59,,0,100,40.00,-122,4397940,-536548.68,4,fused
520324,000000520324.jpg,640x480,0,0.435333,1,0,FN,yolov8l_bsz4.ms,178.50,100.75,279.25,0.500,Mid (Meeting),3.88,14.30,362.40,3854.00,11499.37,356.59,,0,100,40.00,-122,4397940,-536548.68,4,fused
332570,000000332570.jpg,390x500,0,0.435095,1,0,FN,yolov8l_bsz4.ms,175.75,115.50,291.25,0.500,Mid (Meeting),3.95,14.30,358.96,3857.00,11499.37,357.97,,0,100,40.00,-237,4394347,-1041460.24,4,fused
272212,000000272212.jpg,640x480,0,0.434860,0,1,TN,yolov8l_bsz4.ms,175.75,115.50,291.25,0.500,Mid (Meeting),3.95,14.30,358.96,3857.00,11499.37,357.97,,0,100,40.00,-237,4394347,-1041460.24,4,fused
506933,000000506933.jpg,640x480,0,0.434451,1,0,FN,yolov8l_bsz4.ms,175.75,115.50,291.25,0.500,Mid (Meeting),3.95,14.30,358.96,3857.00,11499.37,357.97,,0,100,40.00,-237,4394347,-1041460.24,4,fused
492937,000000492937.jpg,612x612,0,0.433785,1,0,FN,yolov8l_bsz4.ms,175.75,115.50,291.25,0.500,Mid (Meeting),3.95,14.30,358.96,3857.00,11499.37,357.97,,0,100,40.00,-237,4394347,-1041460.24,4,fused
2587,000000002587.jpg,500x375,0,0.433697,0,1,TN,yolov8l_bsz4.ms,178.00,117.25,295.25,0.500,Mid (Meeting),3.97,15.10,340.46,3875.00,11499.37,375.18,,0,100,40.00,-236,4394735,-1037157.46,4,fused
116362,000000116362.jpg,612x612,0,0.433690,0,1,TN,yolov8l_bsz4.ms,178.00,117.25,295.25,0.500,Mid (Meeting),3.97,15.10,340.46,3875.00,11499.37,375.18,,0,100,40.00,-236,4394735,-1037157.46,4,fused
469192,000000469192.jpg,640x480,0,0.433577,1,0,FN,yolov8l_bsz4.ms,178.00,117.25,295.25,0.500,Mid (Meeting),3.97,15.10,340.46,3875.00,11499.37,375.18,,0,100,40.00,-236,4394735,-1037157.46,4,fused
440617,000000440617.jpg,640x480,0,0.433467,0,1,TN,yolov8l_bsz4.ms,178.00,117.25,295.25,0.500,Mid (Meeting),3.97,15.10,340.46,3875.00,11499.37,375.18,,0,100,40.00,-236,4394735,-1037157.46,4,fused
330369,000000330369.jpg,500x335,0,0.433176,1,0,FN,yolov8l_bsz4.ms,180.75,98.50,279.25,0.500,Mid (Meeting),8.30,15.10,283.62,3932.00,11499.37,430.99,,0,100,40.00,-223,4394700,-980018.10,4,fused
377575,000000377575.jpg,426x640,0,0.432793,0,1,TN,yolov8l_bsz4.ms,180.75,98.50,279.25,0.500,Mid (Meeting),8.30,15.10,283.62,3932.00,11499.37,430.99,,0,100,40.00,-223,4394700,-980018.10,4,fused
515445,000000515445.jpg,640x480,0,0.432769,1,0,FN,yolov8l_bsz4.ms,180.75,98.50,279.25,0.500,Mid (Meeting),8.30,15.10,283.62,3932.00,11499.37,430.99,,0,100,40.00,-223,4394700,-980018.10,4,fused
562561,000000562561.jpg,640x480,0,0.431797,0,1,TN,yolov8l_bsz4.ms,180.75,98.50,279.25,0.500,Mid (Meeting),8.30,15.10,283.62,3932.00,11499.37,430.99,,0,100,40.00,-223,4394700,-980018.10,4,fused
434247,000000434247.jpg,640x482,0,0.431351,1,0,FN,yolov8l_bsz4.ms,184.25,96.50,280.75,0.500,Mid (Meeting),4.93,17.00,362.19,3853.00,11499.37,351.54,,0,100,40.00,-319,4391240,-1400805.56,4,fused
372718,000000372718.jpg,640x638,0,0.431340,0,1,TN,yolov8l_bsz4.ms,184.25,96.50,280.75,0.500,Mid (Meeting),4.93,17.00,362.19,3853.00,11499.37,351.54,,0,100,40.00,-319,4391240,-1400805.56,4,fused
144798,000000144798.jpg,425x640,0,0.430962,0,1,TN,yolov8l_bsz4.ms,184.25,96.50,280.75,0.500,Mid (Meeting),4.93,17.00,362.19,3853.00,11499.37,351.54,,0,100,40.00,-319,4391240,-1400805.56,4,fused
222458,000000222458.jpg,640x424,0,0.430670,1,0,FN,yolov8l_bsz4.ms,184.25,96.50,280.75,0.500,Mid (Meeting),4.93,17.00,362.19,3853.00,11499.37,351.54,,0,100,40.00,-319,4391240,-1400805.56,4,fused
337498,000000337498.jpg,640x480,0,0.430323,0,1,TN,yolov8l_bsz4.ms,183.25,108.50,291.75,0.500,Mid (Meeting),4.44,17.00,360.58,3856.00,11499.37,353.39,,0,100,40.00,-288,4392437,-1265021.86,4,fused
174231,000000174231.jpg,375x500,0,0.429053,0,1,TN,yolov8l_bsz4.ms,183.25,108.50,291.75,0.500,Mid (Meeting),4.44,17.00,360.58,3856.00,11499.37,353.39,,0,100,40.00,-288,4392437,-1265021.86,4,fused
15517,000000015517.jpg,640x480,0,0.428526,0,1,TN,yolov8l_bsz4.ms,183.25,108.50,291.75,0.500,Mid (Meeting),4.44,17.00,360.58,3856.00,11499.37,353.39,,0,100,40.00,-288,4392437,-1265021.86,4,fused
376365,000000376365.jpg,500x375,0,0.428511,1,0,FN,yolov8l_bsz4.ms,183.25,108.50,291.75,0.500,Mid (Meeting),4.44,17.00,360.58,3856.00,11499.37,353.39,,0,100,40.00,-288,4392437,-1265021.86,4,fused
461405,000000461405.jpg,640x427,0,0.428447,0,1,TN,yolov8l_bsz4.ms,175.50,111.50,287.00,0.500,Mid (Meeting),4.39,16.76,340.17,3883.00,11499.37,379.24,,0,100,40.00,-173,4396111,-760527.20,4,fused
328030,000000328030.jpg,425x640,0,0.428251,0,1,TN,yolov8l_bsz4.ms,175.50,111.50,287.00,0.500,Mid (Meeting),4.39,16.76,340.17,3883.00,11499.37,379.24,,0,100,40.00,-173,4396111,-760527.20,4,fused
84650,000000084650.jpg,640x480,0,0.427749,0,1,TN,yolov8l_bsz4.ms,175.50,111.50,287.00,0.500,Mid (Meeting),4.39,16.76,340.17,3883.00,11499.37,379.24,,0,100,40.00,-173,4396111,-760527.20,4,fused
393014,000000393014.jpg,640x480,0,0.427682,0,1,TN,yolov8l_bsz4.ms,175.50,111.50,287.00,0.500,Mid (Meeting),4.39,16.76,340.17,3883.00,11499.37,379.24,,0,100,40.00,-173,4396111,-760527.20,4,fused
567432,000000567432.jpg,640x424,0,0.427614,0,1,TN,yolov8l_bsz4.ms,178.50,105.25,283.75,0.500,Mid (Meeting),4.27,16.76,284.50,3938.00,11499.37,434.01,,0,100,40.00,-235,4394250,-1032648.75,4,fused
106235,000000106235.jpg,640x480,0,0.426336,0,1,TN,yolov8l_bsz4.ms,178.50,105.25,283.75,0.500,Mid (Meeting),4.27,16.76,284.50,3938.00,11499.37,434.01,,0,100,40.00,-235,4394250,-1032648.75,4,fused
292908,000000292908.jpg,384x640,0,0.426271,1,0,FN,yolov8l_bsz4.ms,178.50,105.25,283.75,0.500,Mid (Meeting),4.27,16.76,284.50,3938.00,11499.37,434.01,,0,100,40.00,-235,4394250,-1032648.75,4,fused
419653,000000419653.jpg,640x480,0,0.425984,0,1,TN,yolov8l_bsz4.ms,178.50,105.25,283.75,0.500,Mid (Meeting),4.27,16.76,284.50,3938.00,11499.37,434.01,,0,100,40.00,-235,4394250,-1032648.75,4,fused
175535,000000175535.jpg,478x640,0,0.425916,0,1,TN,yolov8l_bsz4.ms,180.25,95.50,275.75,0.500,Mid (Meeting),4.11,16.80,362.16,3860.00,11499.37,355.36,,0,100,40.00,-215,4394957,-944915.76,4,fused
5477,000000005477.jpg,640x349,0,0.425156,0,1,TN,yolov8l_bsz4.ms,180.25,95.50,275.75,0.500,Mid (Meeting),4.11,16.80,362.16,3860.00,11499.37,355.36,,0,100,40.00,-215,4394957,-944915.76,4,fused
526103,000000526103.jpg,640x480,0,0.425058,0,1,TN,yolov8l_bsz4.ms,180.25,95.50,275.75,0.500,Mid (Meeting),4.11,16.80,362.16,3860.00,11499.37,355.36,,0,100,40.00,-215,4394957,-944915.76,4,fused
118405,000000118405.jpg,640x480,0,0.424956,1,0,FN,yolov8l_bsz4.ms,180.25,95.50,275.75,0.500,Mid (Meeting),4.11,16.80,362.16,3860.00,11499.37,355.36,,0,100,40.00,-215,4394957,-944915.76,4,fused
224119,000000224119.jpg,640x425,0,0.424918,1,0,FN,yolov8l_bsz4.ms,175.25,108.00,283.25,0.500,Mid (Meeting),4.11,16.80,361.75,3860.00,11499.37,354.89,,0,100,40.00,-144,4397233,-633201.55,4,fused
538236,000000538236.jpg,640x428,0,0.424793,1,0,FN,yolov8l_bsz4.ms,175.25,108.00,283.25,0.500,Mid (Meeting),4.11,16.80,361.75,3860.00,11499.37,354.89,,0,100,40.00,-144,4397233,-633201.55,4,fused
287545,000000287545.jpg,640x480,0,0.424353,0,1,TN,yolov8l_bsz4.ms,175.25,108.00,283.25,0.500,Mid (Meeting),4.11,16.80,361.75,3860.00,11499.37,354.89,,0,100,40.00,-144,4397233,-633201.55,4,fused
513688,000000513688.jpg,640x480,0,0.424008,0,1,TN,yolov8l_bsz4.ms,175.25,108.00,283.25,0.500,Mid (Meeting),4.11,16.80,361.75,3860.00,11499.37,354.89,,0,100,40.00,-144,4397233,-633201.55,4,fused
258793,000000258793.jpg,640x476,0,0.423532,1,0,FN,yolov8l_bsz4.ms,192.25,102.50,294.75,0.500,Mid (Meeting),4.08,16.54,339.33,3883.00,11499.37,376.62,,0,100,40.00,-184,4395941,-808853.14,4,fused
252216,000000252216.jpg,640x458,0,0.423163,0,1,TN,yolov8l_bsz4.ms,192.25,102.50,294.75,0.500,Mid (Meeting),4.08,16.54,339.33,3883.00,11499.37,376.62,,0,100,40.00,-184,4395941,-808853.14,4,fused
546829,000000546829.jpg,640x425,0,0.423128,0,1,TN,yolov8l_bsz4.ms,192.25,102.50,294.75,0.500,Mid (Meeting),4.08,16.54,339.33,3883.00,11499.37,376.62,,0,100,40.00,-184,4395941,-808853.14,4,fused
405432,000000405432.jpg,500x375,0,0.423026,0,1,TN,yolov8l_bsz4.ms,192.25,102.50,294.75,0.500,Mid (Meeting),4.08,16.54,339.33,3883.00,11499.37,376.62,,0,100,40.00,-184,4395941,-808853.14,4,fused
398652,000000398652.jpg,640x427,0,0.422843,0,1,TN,yolov8l_bsz4.ms,180.75,89.50,270.25,0.500,Mid (Meeting),8.33,16.54,282.58,3939.00,11499.37,432.54,,0,100,40.00,-311,4391557,-1365774.23,4,fused
539883,000000539883.jpg,640x427,0,0.422551,1,0,FN,yolov8l_bsz4.ms,180.75,89.50,270.25,0.500,Mid (Meeting),8.33,16.54,282.58,3939.00,11499.37,432.54,,0,100,40.00,-311,4391557,-1365774.23,4,fused
443498,000000443498.jpg,640x478,0,0.421391,0,1,TN,yolov8l_bsz4.ms,180.75,89.50,270.25,0.500,Mid (Meeting),8.33,16.54,282.58,3939.00,11499.37,432.54,,0,100,40.00,-311,4391557,-1365774.23,4,fused
172083,000000172083.jpg,640x360,0,0.420171,0,1,TN,yolov8l_bsz4.ms,180.75,89.50,270.25,0.500,Mid (Meeting),8.33,16.54,282.58,3939.00,11499.37,432.54,,0,100,40.00,-311,4391557,-1365774.23,4,fused
192191,000000192191.jpg,480x640,0,0.420165,0,1,TN,yolov8l_bsz4.ms,178.75,101.50,280.25,0.500,Mid (Meeting),3.55,11.28,361.99,3869.00,11499.37,327.45,,0,100,40.00,-127,4397616,-558497.23,4,fused
8021,000000008021.jpg,640x480,0,0.419896,1,0,FN,yolov8l_bsz4.ms,178.75,101.50,280.25,0.500,Mid (Meeting),3.55,11.28,361.99,3869.00,11499.37,327.45,,0,100,40.00,-127,4397616,-558497.23,4,fused
101022,000000101022.jpg,480x640,0,0.419563,0,1,TN,yolov8l_bsz4.ms,178.75,101.50,280.25,0.500,Mid (Meeting),3.55,11.28,361.99,3869.00,11499.37,327.45,,0,100,40.00,-127,4397616,-558497.23,4,fused
108440,000000108440.jpg,640x434,0,0.419529,0,1,TN,yolov8l_bsz4.ms,178.75,101.50,280.25,0.500,Mid (Meeting),3.55,11.28,361.99,3869.00,11499.37,327.45,,0,100,40.00,-127,4397616,-558497.23,4,fused
536073,000000536073.jpg,480x640,0,0.419462,0,1,TN,yolov8l_bsz4.ms,181.00,121.75,302.75,0.500,Mid (Meeting),3.80,11.28,360.32,3870.00,11499.37,328.20,,0,100,40.00,-135,4397399,-593648.86,4,fused
290771,000000290771.jpg,640x477,0,0.419412,0,1,TN,yolov8l_bsz4.ms,181.00,121.75,302.75,0.500,Mid (Meeting),3.80,11.28,360.32,3870.00,11499.37,328.20,,0,100,40.00,-135,4397399,-593648.86,4,fused
429718,000000429718.jpg,640x640,0,0.418765,1,0,FN,yolov8l_bsz4.ms,181.00,121.75,302.75,0.500,Mid (Meeting),3.80,11.28,360.32,3870.00,11499.37,328.20,,0,100,40.00,-135,4397399,-593648.86,4,fused
177383,000000177383.jpg,425x640,0,0.418631,0,1,TN,yolov8l_bsz4.ms,181.00,121.75,302.75,0.500,Mid (Meeting),3.80,11.28,360.32,3870.00,11499.37,328.20,,0,100,40.00,-135,4397399,-593648.86,4,fused
408120,000000408120.jpg,640x427,0,0.418556,1,0,FN,yolov8l_bsz4.ms,181.00,113.75,294.75,0.500,Mid (Meeting),4.01,14.32,340.13,3890.00,11499.37,347.28,,0,100,40.00,-270,4393148,-1186149.96,4,fused
452084,000000452084.jpg,640x639,0,0.418463,0,1,TN,yolov8l_bsz4.ms,181.00,113.75,294.75,0.500,Mid (Meeting),4.01,14.32,340.13,3890.00,11499.37,347.28,,0,100,40.00,-270,4393148,-1186149.96,4,fused
268000,000000268000.jpg,640x360,0,0.418275,1,0,FN,yolov8l_bsz4.ms,181.00,113.75,294.75,0.500,Mid (Meeting),4.01,14.32,340.13,3890.00,11499.37,347.28,,0,100,40.00,-270,4393148,-1186149.96,4,fused
552612,000000552612.jpg,612x612,0,0.417022,0,1,TN,yolov8l_bsz4.ms,181.00,113.75,294.75,0.500,Mid (Meeting),4.01,14.32,340.13,3890.00,11499.37,347.28,,0,100,40.00,-270,4393148,-1186149.96,4,fused
393569,000000393569.jpg,640x480,0,0.416802,1,0,FN,yolov8l_bsz4.ms,192.75,103.25,296.00,0.500,Mid (Meeting),3.96,14.32,283.09,3947.00,11499.37,403.93,,0,100,40.00,-225,4394613,-988787.93,4,fused
548524,000000548524.jpg,640x427,0,0.416343,1,0,FN,yolov8l_bsz4.ms,192.75,103.25,296.00,0.500,Mid (Meeting),3.96,14.32,283.09,3947.00,11499.37,403.93,,0,100,40.00,-225,4394613,-988787.93,4,fused
217400,000000217400.jpg,640x480,0,0.416329,1,0,FN,yolov8l_bsz4.ms,192.75,103.25,296.00,0.500,Mid (Meeting),3.96,14.32,283.09,3947.00,11499.37,403.93,,0,100,40.00,-225,4394613,-988787.93,4,fused
447200,000000447200.jpg,640x480,0,0.416043,0,1,TN,yolov8l_bsz4.ms,192.75,103.25,296.00,0.500,Mid (Meeting),3.96,14.32,283.09,3947.00,11499.37,403.93,,0,100,40.00,-225,4394613,-988787.93,4,fused
110721,000000110721.jpg,640x418,0,0.415127,1,0,FN,yolov8l_bsz4.ms,199.75,99.00,298.75,0.500,Mid (Meeting),3.84,13.97,360.94,3869.00,11499.37,324.61,,0,100,40.00,-183,4395710,-804414.93,4,fused
318080,000000318080.jpg,640x480,0,0.415093,0,1,TN,yolov8l_bsz4.ms,199.75,99.00,298.75,0.500,Mid (Meeting),3.84,13.97,360.94,3869.00,11499.37,324.61,,0,100,40.00,-183,4395710,-804414.93,4,fused
201775,000000201775.jpg,500x382,0,0.414143,0,1,TN,yolov8l_bsz4.ms,199.75,99.00,298.75,0.500,Mid (Meeting),3.84,13.97,360.94,3869.00,11499.37,324.61,,0,100,40.00,-183,4395710,-804414.93,4,fused
449198,000000449198.jpg,500x333,0,0.413814,0,1,TN,yolov8l_bsz4.ms,199.75,99.00,298.75,0.500,Mid (Meeting),3.84,13.97,360.94,3869.00,11499.37,324.61,,0,100,40.00,-183,4395710,-804414.93,4,fused
292225,000000292225.jpg,320x240,0,0.412579,1,0,FN,yolov8l_bsz4.ms,196.50,101.25,297.75,0.500,Mid (Meeting),3.81,13.97,360.05,3870.00,11499.37,324.47,,0,100,40.00,-248,4393288,-1089535.42,4,fused
500049,000000500049.jpg,640x426,0,0.412358,0,1,TN,yolov8l_bsz4.ms,196.50,101.25,297.75,0.500,Mid (Meeting),3.81,13.97,360.05,3870.00,11499.37,324.47,,0,100,40.00,-248,4393288,-1089535.42,4,fused
354072,000000354072.jpg,359x640,0,0.412318,0,1,TN,yolov8l_bsz4.ms,196.50,101.25,297.75,0.500,Mid (Meeting),3.81,13.97,360.05,3870.00,11499.37,324.47,,0,100,40.00,-248,4393288,-1089535.42,4,fused
30675,000000030675.jpg,640x360,0,0.412230,0,1,TN,yolov8l_bsz4.ms,196.50,101.25,297.75,0.500,Mid (Meeting),3.81,13.97,360.05,3870.00,11499.37,324.47,,0,100,40.00,-248,4393288,-1089535.42,4,fused
95069,000000095069.jpg,600x450,0,0.412046,0,1,TN,yolov8l_bsz4.ms,199.25,94.25,293.50,0.500,Mid (Meeting),3.78,13.93,340.33,3889.00,11499.37,343.54,,0,100,40.00,-413,4387685,-1812113.91,4,fused
528980,000000528980.jpg,426x640,0,0.411904,0,1,TN,yolov8l_bsz4.ms,199.25,94.25,293.50,0.500,Mid (Meeting),3.78,13.93,340.33,3889.00,11499.37,343.54,,0,100,40.00,-413,4387685,-1812113.91,4,fused
312278,000000312278.jpg,640x293,0,0.410924,0,1,TN,yolov8l_bsz4.ms,199.25,94.25,293.50,0.500,Mid (Meeting),3.78,13.93,340.33,3889.00,11499.37,343.54,,0,100,40.00,-413,4387685,-1812113.91,4,fused
356125,000000356125.jpg,640x480,0,0.410856,1,0,FN,yolov8l_bsz4.ms,199.25,94.25,293.50,0.500,Mid (Meeting),3.78,13.93,340.33,3889.00,11499.37,343.54,,0,100,40.00,-413,4387685,-1812113.91,4,fused
130613,000000130613.jpg,640x425,0,0.409652,0,1,TN,yolov8l_bsz4.ms,199.50,120.25,319.75,0.500,Mid (Meeting),3.82,13.93,282.95,3946.00,11499.37,400.13,,0,100,40.00,-354,4389485,-1553877.69,4,fused
350054,000000350054.jpg,500x375,0,0.409587,0,1,TN,yolov8l_bsz4.ms,199.50,120.25,319.75,0.500,Mid (Meeting),3.82,13.93,282.95,3946.00,11499.37,400.13,,0,100,40.00,-354,4389485,-1553877.69,4,fused
338191,000000338191.jpg,635x640,0,0.409387,0,1,TN,yolov8l_bsz4.ms,199.50,120.25,319.75,0.500,Mid (Meeting),3.82,13.93,282.95,3946.00,11499.37,400.13,,0,100,40.00,-354,4389485,-1553877.69,4,fused
46463,000000046463.jpg,500x400,0,0.409165,1,0,FN,yolov8l_bsz4.ms,199.50,120.25,319.75,0.500,Mid (Meeting),3.82,13.93,282.95,3946.00,11499.37,400.13,,0,100,40.00,-354,4389485,-1553877.69,4,fused
521719,000000521719.jpg,427x640,0,0.408891,0,1,TN,yolov8l_bsz4.ms,182.50,121.00,303.50,0.500,Mid (Meeting),3.42,10.47,361.95,3867.00,11499.37,319.38,,0,100,40.00,-134,4396743,-589163.56,4,fused
499181,000000499181.jpg,640x480,0,0.408194,1,0,FN,yolov8l_bsz4.ms,182.50,121.00,303.50,0.500,Mid (Meeting),3.42,10.47,361.95,3867.00,11499.37,319.38,,0,100,40.00,-134,4396743,-589163.56,4,fused
28809,000000028809.jpg,498x500,0,0.408156,0,1,TN,yolov8l_bsz4.ms,182.50,121.00,303.50,0.500,Mid (Meeting),3.42,10.47,361.95,3867.00,11499.37,319.38,,0,100,40.00,-134,4396743,-589163.56,4,fused
90062,000000090062.jpg,640x425,0,0.407307,0,1,TN,yolov8l_bsz4.ms,182.50,121.00,303.50,0.500,Mid (Meeting),3.42,10.47,361.95,3867.00,11499.37,319.38,,0,100,40.00,-134,4396743,-589163.56,4,fused
430871,000000430871.jpg,640x428,0,0.406702,0,1,TN,yolov8l_bsz4.ms,186.75,105.25,292.00,0.500,Mid (Meeting),3.70,10.47,362.16,3867.00,11499.37,318.16,,0,100,40.00,-147,4396520,-646288.44,4,fused
558421,000000558421.jpg,640x427,0,0.406672,1,0,FN,yolov8l_bsz4.ms,186.75,105.25,292.00,0.500,Mid (Meeting),3.70,10.47,362.16,3867.00,11499.37,318.16,,0,100,40.00,-147,4396520,-646288.44,4,fused
393115,000000393115.jpg,630x640,0,0.405567,1,0,FN,yolov8l_bsz4.ms,186.75,105.25,292.00,0.500,Mid (Meeting),3.70,10.47,362.16,3867.00,11499.37,318.16,,0,100,40.00,-147,4396520,-646288.44,4,fused
574425,000000574425.jpg,640x422,0,0.405101,0,1,TN,yolov8l_bsz4.ms,186.75,105.25,292.00,0.500,Mid (Meeting),3.70,10.47,362.16,3867.00,11499.37,318.16,,0,100,40.00,-147,4396520,-646288.44,4,fused
3255,000000003255.jpg,640x363,0,0.404470,1,0,FN,yolov8l_bsz4.ms,180.00,96.00,276.00,0.500,Mid (Meeting),3.71,14.83,339.51,3856.00,11499.37,307.13,,0,100,40.00,-162,4396174,-712180.19,4,fused
400803,000000400803.jpg,640x427,0,0.404420,1,0,FN,yolov8l_bsz4.ms,180.00,96.00,276.00,0.500,Mid (Meeting),3.71,14.83,339.51,3856.00,11499.37,307.13,,0,100,40.00,-162,4396174,-712180.19,4,fused
579893,000000579893.jpg,500x332,0,0.404306,0,1,TN,yolov8l_bsz4.ms,180.00,96.00,276.00,0.500,Mid (Meeting),3.71,14.83,339.51,3856.00,11499.37,307.13,,0,100,40.00,-162,4396174,-712180.19,4,fused
6040,000000006040.jpg,640x351,0,0.404293,1,0,FN,yolov8l_bsz4.ms,180.00,96.00,276.00,0.500,Mid (Meeting),3.71,14.83,339.51,3856.00,11499.37,307.13,,0,100,40.00,-162,4396174,-712180.19,4,fused
112110,000000112110.jpg,640x480,0,0.404185,1,0,FN,yolov8l_bsz4.ms,186.50,100.75,287.25,0.500,Mid (Meeting),3.78,14.83,284.19,3909.00,11499.37,363.00,,0,100,40.00,-235,4393897,-1032565.80,4,fused
581781,000000581781.jpg,640x478,0,0.403499,0,1,TN,yolov8l_bsz4.ms,186.50,100.75,287.25,0.500,Mid (Meeting),3.78,14.83,284.19,3909.00,11499.37,363.00,,0,100,40.00,-235,4393897,-1032565.80,4,fused
322864,000000322864.jpg,427x640,0,0.403494,1,0,FN,yolov8l_bsz4.ms,186.50,100.75,287.25,0.500,Mid (Meeting),3.78,14.83,284.19,3909.00,11499.37,363.00,,0,100,40.00,-235,4393897,-1032565.80,4,fused
463037,000000463037.jpg,640x427,0,0.403110,0,1,TN,yolov8l_bsz4.ms,186.50,100.75,287.25,0.500,Mid (Meeting),3.78,14.83,284.19,3909.00,11499.37,363.00,,0,100,40.00,-235,4393897,-1032565.80,4,fused
304812,000000304812.jpg,428x640,0,0.402103,1,0,FN,yolov8l_bsz4.ms,184.50,100.50,285.00,0.500,Mid (Meeting),3.70,16.74,361.58,3859.00,11499.37,309.31,,0,100,40.00,-183,4395479,-804372.66,4,fused
83113,000000083113.jpg,640x480,0,0.402039,0,1,TN,yolov8l_bsz4.ms,184.50,100.50,285.00,0.500,Mid (Meeting),3.70,16.74,361.58,3859.00,11499.37,309.31,,0,100,40.00,-183,4395479,-804372.66,4,fused
290833,000000290833.jpg,640x427,0,0.401516,0,1,TN,yolov8l_bsz4.ms,184.50,100.50,285.00,0.500,Mid (Meeting),3.70,16.74,361.58,3859.00,11499.37,309.31,,0,100,40.00,-183,4395479,-804372.66,4,fused
504439,000000504439.jpg,500x243,0,0.401217,0,1,TN,yolov8l_bsz4.ms,184.50,100.50,285.00,0.500,Mid (Meeting),3.70,16.74,361.58,3859.00,11499.37,309.31,,0,100,40.00,-183,4395479,-804372.66,4,fused
309452,000000309452.jpg,640x480,0,0.400789,0,1,TN,yolov8l_bsz4.ms,184.50,90.25,274.75,0.500,Mid (Meeting),3.67,16.74,360.11,3860.00,11499.37,309.74,,0,100,40.00,-135,4397168,-593617.68,4,fused
491216,000000491216.jpg,480x640,0,0.400498,0,1,TN,yolov8l_bsz4.ms,184.50,90.25,274.75,0.500,Mid (Meeting),3.67,16.74,360.11,3860.00,11499.37,309.74,,0,100,40.00,-135,4397168,-593617.68,4,fused
116825,000000116825.jpg,640x360,0,0.400183,0,1,TN,yolov8l_bsz4.ms,184.50,90.25,274.75,0.500,Mid (Meeting),3.67,16.74,360.11,3860.00,11499.37,309.74,,0,100,40.00,-135,4397168,-593617.68,4,fused
255965,000000255965.jpg,640x427,0,0.399247,0,1,TN,yolov8l_bsz4.ms,184.50,90.25,274.75,0.500,Mid (Meeting),3.67,16.74,360.11,3860.00,11499.37,309.74,,0,100,40.00,-135,4397168,-593617.68,4,fused
25181,000000025181.jpg,640x427,0,0.398888,1,0,FN,yolov8l_bsz4.ms,181.50,97.75,279.25,0.500,Mid (Meeting),3.71,16.38,359.48,3860.00,11499.37,309.35,,0,100,40.00,-130,4397286,-571647.18,4,fused
300659,000000300659.jpg,640x360,0,0.397709,0,1,TN,yolov8l_bsz4.ms,181.50,97.75,279.25,0.500,Mid (Meeting),3.71,16.38,359.48,3860.00,11499.37,309.35,,0,100,40.00,-130,4397286,-571647.18,4,fused
227044,000000227044.jpg,640x480,0,0.397562,0,1,TN,yolov8l_bsz4.ms,181.50,97.75,279.25,0.500,Mid (Meeting),3.71,16.38,359.48,3860.00,11499.37,309.35,,0,100,40.00,-130,4397286,-571647.18,4,fused
482585,000000482585.jpg,640x480,0,0.397544,1,0,FN,yolov8l_bsz4.ms,181.50,97.75,279.25,0.500,Mid (Meeting),3.71,16.38,359.48,3860.00,11499.37,309.35,,0,100,40.00,-130,4397286,-571647.18,4,fused
372307,000000372307.jpg,640x428,0,0.397499,0,1,TN,yolov8l_bsz4.ms,185.75,97.25,283.00,0.500,Mid (Meeting),3.70,16.38,282.16,3938.00,11499.37,386.77,,0,100,40.00,-228,4394211,-1001880.11,4,fused
453634,000000453634.jpg,480x640,0,0.396518,0,1,TN,yolov8l_bsz4.ms,185.75,97.25,283.00,0.500,Mid (Meeting),3.70,16.38,282.16,3938.00,11499.37,386.77,,0,100,40.00,-228,4394211,-1001880.11,4,fused
424135,000000424135.jpg,480x640,0,0.396484,1,0,FN,yolov8l_bsz4.ms,185.75,97.25,283.00,0.500,Mid (Meeting),3.70,16.38,282.16,3938.00,11499.37,386.77,,0,100,40.00,-228,4394211,-1001880.11,4,fused
304984,000000304984.jpg,385x289,0,0.396402,0,1,TN,yolov8l_bsz4.ms,185.75,97.25,283.00,0.500,Mid (Meeting),3.70,16.38,282.16,3938.00,11499.37,386.77,,0,100,40.00,-228,4394211,-1001880.11,4,fused
21839,000000021839.jpg,480x640,0,0.396358,1,0,FN,yolov8l_bsz4.ms,183.00,93.25,276.25,0.500,Mid (Meeting),5.12,12.57,361.89,3859.00,11499.37,305.75,,0,100,40.00,-224,4394293,-984321.63,4,fused
465718,000000465718.jpg,640x429,0,0.395942,1,0,FN,yolov8l_bsz4.ms,183.00,93.25,276.25,0.500,Mid (Meeting),5.12,12.57,361.89,3859.00,11499.37,305.75,,0,100,40.00,-224,4394293,-984321.63,4,fused
347664,000000347664.jpg,640x427,0,0.395644,0,1,TN,yolov8l_bsz4.ms,183.00,93.25,276.25,0.500,Mid (Meeting),5.12,12.57,361.89,3859.00,11499.37,305.75,,0,100,40.00,-224,4394293,-984321.63,4,fused
190236,000000190236.jpg,640x393,0,0.395402,0,1,TN,yolov8l_bsz4.ms,183.00,93.25,276.25,0.500,Mid (Meeting),5.12,12.57,361.89,3859.00,11499.37,305.75,,0,100,40.00,-224,4394293,-984321.63,4,fused
243075,000000243075.jpg,640x573,0,0.395291,0,1,TN,yolov8l_bsz4.ms,184.75,103.75,288.50,0.500,Mid (Meeting),4.24,12.57,358.37,3863.00,11499.37,307.31,,0,100,40.00,-296,4391591,-1299910.94,4,fused
550084,000000550084.jpg,500x375,0,0.394971,0,1,TN,yolov8l_bsz4.ms,184.75,103.75,288.50,0.500,Mid (Meeting),4.24,12.57,358.37,3863.00,11499.37,307.31,,0,100,40.00,-296,4391591,-1299910.94,4,fused
270066,000000270066.jpg,640x480,0,0.394587,0,1,TN,yolov8l_bsz4.ms,184.75,103.75,288.50,0.500,Mid (Meeting),4.24,12.57,358.37,3863.00,11499.37,307.31,,0,100,40.00,-296,4391591,-1299910.94,4,fused
415536,000000415536.jpg,640x480,0,0.394273,1,0,FN,yolov8l_bsz4.ms,184.75,103.75,288.50,0.500,Mid (Meeting),4.24,12.57,358.37,3863.00,11499.37,307.31,,0,100,40.00,-296,4391591,-1299910.94,4,fused
384661,000000384661.jpg,500x375,0,0.394200,0,1,TN,yolov8l_bsz4.ms,192.50,118.75,311.25,0.500,Mid (Meeting),4.20,17.01,338.39,3882.00,11499.37,326.29,,0,100,40.00,-262,4392823,-1150919.63,4,fused
191614,000000191614.jpg,612x612,0,0.394065,1,0,FN,yolov8l_bsz4.ms,192.50,118.75,311.25,0.500,Mid (Meeting),4.20,17.01,338.39,3882.00,11499.37,326.29,,0,100,40.00,-262,4392823,-1150919.63,4,fused
565153,000000565153.jpg,379x500,0,0.393494,0,1,TN,yolov8l_bsz4.ms,192.50,118.75,311.25,0.500,Mid (Meeting),4.20,17.01,338.39,3882.00,11499.37,326.29,,0,100,40.00,-262,4392823,-1150919.63,4,fused
135890,000000135890.jpg,428x640,0,0.393126,1,0,FN,yolov8l_bsz4.ms,192.50,118.75,311.25,0.500,Mid (Meeting),4.20,17.01,338.39,3882.00,11499.37,326.29,,0,100,40.00,-262,4392823,-1150919.63,4,fused
550322,000000550322.jpg,427x640,0,0.392681,0,1,TN,yolov8l_bsz4.ms,187.00,95.50,282.50,0.500,Mid (Meeting),4.10,17.01,284.42,3935.00,11499.37,378.96,,0,100,40.00,-264,4392970,-1159744.08,4,fused
466416,000000466416.jpg,640x425,0,0.392316,0,1,TN,yolov8l_bsz4.ms,187.00,95.50,282.50,0.500,Mid (Meeting),4.10,17.01,284.42,3935.00,11499.37,378.96,,0,100,40.00,-264,4392970,-1159744.08,4,fused
334521,000000334521.jpg,500x375,0,0.392135,1,0,FN,yolov8l_bsz4.ms,187.00,95.50,282.50,0.500,Mid (Meeting),4.10,17.01,284.42,3935.00,11499.37,378.96,,0,100,40.00,-264,4392970,-1159744.08,4,fused
193494,000000193494.jpg,426x640,0,0.392040,0,1,TN,yolov8l_bsz4.ms,187.00,95.50,282.50,0.500,Mid (Meeting),4.10,17.01,284.42,3935.00,11499.37,378.96,,0,100,40.00,-264,4392970,-1159744.08,4,fused
416269,000000416269.jpg,640x428,0,0.392009,0,1,TN,yolov8l_bsz4.ms,183.25,103.50,286.75,0.500,Mid (Meeting),3.96,16.07,362.61,3857.00,11499.37,300.30,,0,100,40.00,-218,4394285,-957954.13,4,fused
338560,000000338560.jpg,480x640,0,0.391676,0,1,TN,yolov8l_bsz4.ms,183.25,103.50,286.75,0.500,Mid (Meeting),3.96,16.07,362.61,3857.00,11499.37,300.30,,0,100,40.00,-218,4394285,-957954.13,4,fused
410487,000000410487.jpg,427x640,0,0.391304,0,1,TN,yolov8l_bsz4.ms,183.25,103.50,286.75,0.500,Mid (Meeting),3.96,16.07,362.61,3857.00,11499.37,300.30,,0,100,40.00,-218,4394285,-957954.13,4,fused
336587,000000336587.jpg,640x480,0,0.389895,0,1,TN,yolov8l_bsz4.ms,183.25,103.50,286.75,0.500,Mid (Meeting),3.96,16.07,362.61,3857.00,11499.37,300.30,,0,100,40.00,-218,4394285,-957954.13,4,fused
94185,000000094185.jpg,640x480,0,0.388971,1,0,FN,yolov8l_bsz4.ms,183.75,104.25,288.00,0.500,Mid (Meeting),3.97,16.07,358.12,3861.00,11499.37,303.65,,0,100,40.00,-314,4391350,-1378883.90,4,fused
281693,000000281693.jpg,640x481,0,0.388424,0,1,TN,yolov8l_bsz4.ms,183.75,104.25,288.00,0.500,Mid (Meeting),3.97,16.07,358.12,3861.00,11499.37,303.65,,0,100,40.00,-314,4391350,-1378883.90,4,fused
574810,000000574810.jpg,377x500,0,0.388252,0,1,TN,yolov8l_bsz4.ms,183.75,104.25,288.00,0.500,Mid (Meeting),3.97,16.07,358.12,3861.00,11499.37,303.65,,0,100,40.00,-314,4391350,-1378883.90,4,fused
541291,000000541291.jpg,640x426,0,0.388174,0,1,TN,yolov8l_bsz4.ms,183.75,104.25,288.00,0.500,Mid (Meeting),3.97,16.07,358.12,3861.00,11499.37,303.65,,0,100,40.00,-314,4391350,-1378883.90,4,fused
64495,000000064495.jpg,640x480,0,0.387783,0,1,TN,yolov8l_bsz4.ms,177.75,118.50,296.25,0.500,Mid (Meeting),3.98,15.45,359.34,3860.00,11499.37,301.08,,0,100,40.00,-160,4396251,-703400.16,4,fused
34452,000000034452.jpg,640x480,0,0.387754,1,0,FN,yolov8l_bsz4.ms,177.75,118.50,296.25,0.500,Mid (Meeting),3.98,15.45,359.34,3860.00,11499.37,301.08,,0,100,40.00,-160,4396251,-703400.16,4,fused
522940,000000522940.jpg,511x640,0,0.387673,0,1,TN,yolov8l_bsz4.ms,177.75,118.50,296.25,0.500,Mid (Meeting),3.98,15.45,359.34,3860.00,11499.37,301.08,,0,100,40.00,-160,4396251,-703400.16,4,fused
179765,000000179765.jpg,640x480,0,0.386645,0,1,TN,yolov8l_bsz4.ms,177.75,118.50,296.25,0.500,Mid (Meeting),3.98,15.45,359.34,3860.00,11499.37,301.08,,0,100,40.00,-160,4396251,-703400.16,4,fused
530470,000000530470.jpg,500x375,0,0.386642,0,1,TN,yolov8l_bsz4.ms,180.75,106.50,287.25,0.500,Mid (Meeting),3.97,15.45,284.50,3934.00,11499.37,375.00,,0,100,40.00,-243,4393520,-1067625.36,4,fused
562581,000000562581.jpg,640x444,0,0.386495,1,0,FN,yolov8l_bsz4.ms,180.75,106.50,287.25,0.500,Mid (Meeting),3.97,15.45,284.50,3934.00,11499.37,375.00,,0,100,40.00,-243,4393520,-1067625.36,4,fused
327890,000000327890.jpg,640x480,0,0.386467,0,1,TN,yolov8l_bsz4.ms,180.75,106.50,287.25,0.500,Mid (Meeting),3.97,15.45,284.50,3934.00,11499.37,375.00,,0,100,40.00,-243,4393520,-1067625.36,4,fused
498032,000000498032.jpg,640x464,0,0.386334,1,0,FN,yolov8l_bsz4.ms,180.75,106.50,287.25,0.500,Mid (Meeting),3.97,15.45,284.50,3934.00,11499.37,375.00,,0,100,40.00,-243,4393520,-1067625.36,4,fused
261982,000000261982.jpg,457x640,0,0.386177,1,0,FN,yolov8l_bsz4.ms,184.50,101.75,286.25,0.500,Mid (Meeting),7.52,15.52,363.23,3856.00,11499.37,295.17,,0,100,40.00,-284,4392201,-1247385.08,4,fused
139684,000000139684.jpg,500x333,0,0.385924,0,1,TN,yolov8l_bsz4.ms,184.50,101.75,286.25,0.500,Mid (Meeting),7.52,15.52,363.23,3856.00,11499.37,295.17,,0,100,40.00,-284,4392201,-1247385.08,4,fused
238039,000000238039.jpg,480x640,0,0.385844,0,1,TN,yolov8l_bsz4.ms,184.50,101.75,286.25,0.500,Mid (Meeting),7.52,15.52,363.23,3856.00,11499.37,295.17,,0,100,40.00,-284,4392201,-1247385.08,4,fused
77460,000000077460.jpg,428x640,0,0.385466,1,0,FN,yolov8l_bsz4.ms,184.50,101.75,286.25,0.500,Mid (Meeting),7.52,15.52,363.23,3856.00,11499.37,295.17,,0,100,40.00,-284,4392201,-1247385.08,4,fused
184384,000000184384.jpg,640x480,0,0.385361,1,0,FN,yolov8l_bsz4.ms,179.75,97.00,276.75,0.500,Mid (Meeting),4.87,15.52,361.90,3857.00,11499.37,295.34,,0,100,40.00,-218,4394561,-958014.30,4,fused
553339,000000553339.jpg,500x375,0,0.384712,0,1,TN,yolov8l_bsz4.ms,179.75,97.00,276.75,0.500,Mid (Meeting),4.87,15.52,361.90,3857.00,11499.37,295.34,,0,100,40.00,-218,4394561,-958014.30,4,fused
292415,000000292415.jpg,333x500,0,0.384368,1,0,FN,yolov8l_bsz4.ms,179.75,97.00,276.75,0.500,Mid (Meeting),4.87,15.52,361.90,3857.00,11499.37,295.34,,0,100,40.00,-218,4394561,-958014.30,4,fused
88040,000000088040.jpg,427x640,0,0.384299,0,1,TN,yolov8l_bsz4.ms,179.75,97.00,276.75,0.500,Mid (Meeting),4.87,15.52,361.90,3857.00,11499.37,295.34,,0,100,40.00,-218,4394561,-958014.30,4,fused
139872,000000139872.jpg,640x480,0,0.384200,1,0,FN,yolov8l_bsz4.ms,184.00,109.75,293.75,0.500,Mid (Meeting),4.57,16.12,341.23,3877.00,11499.37,315.02,,0,100,40.00,-192,4395222,-843882.62,4,fused
368961,000000368961.jpg,640x480,0,0.384013,1,0,FN,yolov8l_bsz4.ms,184.00,109.75,293.75,0.500,Mid (Meeting),4.57,16.12,341.23,3877.00,11499.37,315.02,,0,100,40.00,-192,4395222,-843882.62,4,fused
101420,000000101420.jpg,500x375,0,0.383715,0,1,TN,yolov8l_bsz4.ms,184.00,109.75,293.75,0.500,Mid (Meeting),4.57,16.12,341.23,3877.00,11499.37,315.02,,0,100,40.00,-192,4395222,-843882.62,4,fused
475678,000000475678.jpg,640x480,0,0.383606,0,1,TN,yolov8l_bsz4.ms,184.00,109.75,293.75,0.500,Mid (Meeting),4.57,16.12,341.23,3877.00,11499.37,315.02,,0,100,40.00,-192,4395222,-843882.62,4,fused
276284,000000276284.jpg,500x640,0,0.383519,0,1,TN,yolov8l_bsz4.ms,178.75,110.25,289.00,0.500,Mid (Meeting),4.31,16.12,285.95,3932.00,11499.37,368.93,,0,100,40.00,-261,4393059,-1146588.40,4,fused
52565,000000052565.jpg,640x458,0,0.383208,0,1,TN,yolov8l_bsz4.ms,178.75,110.25,289.00,0.500,Mid (Meeting),4.31,16.12,285.95,3932.00,11499.37,368.93,,0,100,40.00,-261,4393059,-1146588.40,4,fused
305609,000000305609.jpg,612x612,0,0.383127,1,0,FN,yolov8l_bsz4.ms,178.75,110.25,289.00,0.500,Mid (Meeting),4.31,16.12,285.95,3932.00,11499.37,368.93,,0,100,40.00,-261,4393059,-1146588.40,4,fused
578792,000000578792.jpg,640x427,0,0.382935,1,0,FN,yolov8l_bsz4.ms,178.75,110.25,289.00,0.500,Mid (Meeting),4.31,16.12,285.95,3932.00,11499.37,368.93,,0,100,40.00,-261,4393059,-1146588.40,4,fused
509699,000000509699.jpg,640x440,0,0.382922,0,1,TN,yolov8l_bsz4.ms,188.00,100.50,288.50,0.500,Mid (Meeting),4.16,16.74,362.90,3855.00,11499.37,291.16,,0,100,40.00,-339,4390274,-1488302.89,4,fused
45090,000000045090.jpg,500x259,0,0.382888,1,0,FN,yolov8l_bsz4.ms,188.00,100.50,288.50,0.500,Mid (Meeting),4.16,16.74,362.90,3855.00,11499.37,291.16,,0,100,40.00,-339,4390274,-1488302.89,4,fused
409358,000000409358.jpg,612x612,0,0.382852,0,1,TN,yolov8l_bsz4.ms,188.00,100.50,288.50,0.500,Mid (Meeting),4.16,16.74,362.90,3855.00,11499.37,291.16,,0,100,40.00,-339,4390274,-1488302.89,4,fused
13923,000000013923.jpg,640x427,0,0.382606,0,1,TN,yolov8l_bsz4.ms,188.00,100.50,288.50,0.500,Mid (Meeting),4.16,16.74,362.90,3855.00,11499.37,291.16,,0,100,40.00,-339,4390274,-1488302.89,4,fused
294162,000000294162.jpg,480x640,0,0.382313,0,1,TN,yolov8l_bsz4.ms,188.25,101.00,289.25,0.500,Mid (Meeting),4.11,16.74,358.24,3859.00,11499.37,294.34,,0,100,40.00,-244,4393264,-1071956.42,4,fused
129062,000000129062.jpg,640x480,0,0.382182,1,0,FN,yolov8l_bsz4.ms,188.25,101.00,289.25,0.500,Mid (Meeting),4.11,16.74,358.24,3859.00,11499.37,294.34,,0,100,40.00,-244,4393264,-1071956.42,4,fused
475732,000000475732.jpg,640x480,0,0.381542,0,1,TN,yolov8l_bsz4.ms,188.25,101.00,289.25,0.500,Mid (Meeting),4.11,16.74,358.24,3859.00,11499.37,294.34,,0,100,40.00,-244,4393264,-1071956.42,4,fused
16439,000000016439.jpg,640x480,0,0.381529,0,1,TN,yolov8l_bsz4.ms,188.25,101.00,289.25,0.500,Mid (Meeting),4.11,16.74,358.24,3859.00,11499.37,294.34,,0,100,40.00,-244,4393264,-1071956.42,4,fused
94751,000000094751.jpg,375x500,0,0.381406,1,0,FN,yolov8l_bsz4.ms,188.00,89.50,277.50,0.500,Mid (Meeting),4.05,17.38,339.14,3878.00,11499.37,312.48,,0,100,40.00,-143,4396983,-628768.57,4,fused
565045,000000565045.jpg,333x500,0,0.380971,1,0,FN,yolov8l_bsz4.ms,188.00,89.50,277.50,0.500,Mid (Meeting),4.05,17.38,339.14,3878.00,11499.37,312.48,,0,100,40.00,-143,4396983,-628768.57,4,fused
272148,000000272148.jpg,640x378,0,0.380912,1,0,FN,yolov8l_bsz4.ms,188.00,89.50,277.50,0.500,Mid (Meeting),4.05,17.38,339.14,3878.00,11499.37,312.48,,0,100,40.00,-143,4396983,-628768.57,4,fused
530854,000000530854.jpg,640x425,0,0.380769,1,0,FN,yolov8l_bsz4.ms,188.00,89.50,277.50,0.500,Mid (Meeting),4.05,17.38,339.14,3878.00,11499.37,312.48,,0,100,40.00,-143,4396983,-628768.57,4,fused
248314,000000248314.jpg,640x480,0,0.380699,0,1,TN,yolov8l_bsz4.ms,183.50,112.75,296.25,0.500,Mid (Meeting),4.06,17.38,289.29,3927.00,11499.37,360.84,,0,100,40.00,-213,4394546,-936038.30,4,fused
322429,000000322429.jpg,472x640,0,0.380608,0,1,TN,yolov8l_bsz4.ms,183.50,112.75,296.25,0.500,Mid (Meeting),4.06,17.38,289.29,3927.00,11499.37,360.84,,0,100,40.00,-213,4394546,-936038.30,4,fused
505638,000000505638.jpg,640x483,0,0.380177,1,0,FN,yolov8l_bsz4.ms,183.50,112.75,296.25,0.500,Mid (Meeting),4.06,17.38,289.29,3927.00,11499.37,360.84,,0,100,40.00,-213,4394546,-936038.30,4,fused
270402,000000270402.jpg,640x426,0,0.379553,0,1,TN,yolov8l_bsz4.ms,183.50,112.75,296.25,0.500,Mid (Meeting),4.06,17.38,289.29,3927.00,11499.37,360.84,,0,100,40.00,-213,4394546,-936038.30,4,fused
276720,000000276720.jpg,640x480,0,0.379148,0,1,TN,yolov8l_bsz4.ms,180.25,103.25,283.50,0.500,Mid (Meeting),8.40,16.71,360.78,3855.00,11499.37,287.28,,0,100,40.00,-128,4397250,-562848.00,4,fused
477227,000000477227.jpg,640x427,0,0.379024,1,0,FN,yolov8l_bsz4.ms,180.25,103.25,283.50,0.500,Mid (Meeting),8.40,16.71,360.78,3855.00,11499.37,287.28,,0,100,40.00,-128,4397250,-562848.00,4,fused
46378,000000046378.jpg,640x360,0,0.378956,0,1,TN,yolov8l_bsz4.ms,180.25,103.25,283.50,0.500,Mid (Meeting),8.40,16.71,360.78,3855.00,11499.37,287.28,,0,100,40.00,-128,4397250,-562848.00,4,fused
571718,000000571718.jpg,640x427,0,0.378858,1,0,FN,yolov8l_bsz4.ms,180.25,103.25,283.50,0.500,Mid (Meeting),8.40,16.71,360.78,3855.00,11499.37,287.28,,0,100,40.00,-128,4397250,-562848.00,4,fused
27932,000000027932.jpg,288x307,0,0.378799,0,1,TN,yolov8l_bsz4.ms,184.00,118.50,302.50,0.500,Mid (Meeting),4.36,16.71,359.54,3856.00,11499.37,288.06,,0,100,40.00,-176,4395590,-773623.84,4,fused
530052,000000530052.jpg,640x427,0,0.378653,0,1,TN,yolov8l_bsz4.ms,184.00,118.50,302.50,0.500,Mid (Meeting),4.36,16.71,359.54,3856.00,11499.37,288.06,,0,100,40.00,-176,4395590,-773623.84,4,fused
366225,000000366225.jpg,541x640,0,0.378637,0,1,TN,yolov8l_bsz4.ms,184.00,118.50,302.50,0.500,Mid (Meeting),4.36,16.71,359.54,3856.00,11499.37,288.06,,0,100,40.00,-176,4395590,-773623.84,4,fused
297681,000000297681.jpg,640x433,0,0.378510,0,1,TN,yolov8l_bsz4.ms,184.00,118.50,302.50,0.500,Mid (Meeting),4.36,16.71,359.54,3856.00,11499.37,288.06,,0,100,40.00,-176,4395590,-773623.84,4,fused
345469,000000345469.jpg,480x640,0,0.377808,0,1,TN,yolov8l_bsz4.ms,175.75,113.75,289.50,0.500,Mid (Meeting),4.28,15.67,338.75,3876.00,11499.37,307.57,,0,100,40.00,-206,4394842,-905337.45,4,fused
185599,000000185599.jpg,640x480,0,0.377405,0,1,TN,yolov8l_bsz4.ms,175.75,113.75,289.50,0.500,Mid (Meeting),4.28,15.67,338.75,3876.00,11499.37,307.57,,0,100,40.00,-206,4394842,-905337.45,4,fused
227686,000000227686.jpg,427x640,0,0.377273,0,1,TN,yolov8l_bsz4.ms,175.75,113.75,289.50,0.500,Mid (Meeting),4.28,15.67,338.75,3876.00,11499.37,307.57,,0,100,40.00,-206,4394842,-905337.45,4,fused
491497,000000491497.jpg,375x500,0,0.377272,0,1,TN,yolov8l_bsz4.ms,175.75,113.75,289.50,0.500,Mid (Meeting),4.28,15.67,338.75,3876.00,11499.37,307.57,,0,100,40.00,-206,4394842,-905337.45,4,fused
414133,000000414133.jpg,640x480,0,0.377065,0,1,TN,yolov8l_bsz4.ms,180.25,91.75,272.00,0.500,Mid (Meeting),4.06,15.67,284.37,3930.00,11499.37,360.75,,0,100,40.00,-224,4394308,-984324.99,4,fused
304396,000000304396.jpg,425x640,0,0.376919,0,1,TN,yolov8l_bsz4.ms,180.25,91.75,272.00,0.500,Mid (Meeting),4.06,15.67,284.37,3930.00,11499.37,360.75,,0,100,40.00,-224,4394308,-984324.99,4,fused
172595,000000172595.jpg,640x360,0,0.376261,0,1,TN,yolov8l_bsz4.ms,180.25,91.75,272.00,0.500,Mid (Meeting),4.06,15.67,284.37,3930.00,11499.37,360.75,,0,100,40.00,-224,4394308,-984324.99,4,fused
3553,000000003553.jpg,640x427,0,0.376109,1,0,FN,yolov8l_bsz4.ms,180.25,91.75,272.00,0.500,Mid (Meeting),4.06,15.67,284.37,3930.00,11499.37,360.75,,0,100,40.00,-224,4394308,-984324.99,4,fused
414340,000000414340.jpg,427x640,0,0.375744,0,1,TN,yolov8l_bsz4.ms,183.50,97.00,280.50,0.500,Mid (Meeting),3.98,15.77,361.81,3852.00,11499.37,281.30,,0,100,40.00,-291,4392145,-1278114.20,4,fused
468233,000000468233.jpg,600x399,0,0.375656,0,1,TN,yolov8l_bsz4.ms,183.50,97.00,280.50,0.500,Mid (Meeting),3.98,15.77,361.81,3852.00,11499.37,281.30,,0,100,40.00,-291,4392145,-1278114.20,4,fused
68833,000000068833.jpg,640x480,0,0.375292,0,1,TN,yolov8l_bsz4.ms,183.50,97.00,280.50,0.500,Mid (Meeting),3.98,15.77,361.81,3852.00,11499.37,281.30,,0,100,40.00,-291,4392145,-1278114.20,4,fused
125405,000000125405.jpg,640x428,0,0.374992,0,1,TN,yolov8l_bsz4.ms,183.50,97.00,280.50,0.500,Mid (Meeting),3.98,15.77,361.81,3852.00,11499.37,281.30,,0,100,40.00,-291,4392145,-1278114.20,4,fused
540928,000000540928.jpg,640x455,0,0.374929,0,1,TN,yolov8l_bsz4.ms,184.00,98.75,282.75,0.500,Mid (Meeting),3.92,15.77,358.40,3855.00,11499.37,283.85,,0,100,40.00,-243,4393290,-1067569.47,4,fused
487583,000000487583.jpg,426x640,0,0.374903,0,1,TN,yolov8l_bsz4.ms,184.00,98.75,282.75,0.500,Mid (Meeting),3.92,15.77,358.40,3855.00,11499.37,283.85,,0,100,40.00,-243,4393290,-1067569.47,4,fused
348481,000000348481.jpg,640x480,0,0.374747,0,1,TN,yolov8l_bsz4.ms,184.00,98.75,282.75,0.500,Mid (Meeting),3.92,15.77,358.40,3855.00,11499.37,283.85,,0,100,40.00,-243,4393290,-1067569.47,4,fused
150930,000000150930.jpg,411x640,0,0.374628,0,1,TN,yolov8l_bsz4.ms,184.00,98.75,282.75,0.500,Mid (Meeting),3.92,15.77,358.40,3855.00,11499.37,283.85,,0,100,40.00,-243,4393290,-1067569.47,4,fused
407614,000000407614.jpg,640x426,0,0.373922,0,1,TN,yolov8l_bsz4.ms,175.75,102.75,278.50,0.500,Mid (Meeting),3.89,15.46,283.46,3930.00,11499.37,357.44,,0,100,40.00,-204,4394657,-896510.03,4,fused
275727,000000275727.jpg,640x475,0,0.372832,0,1,TN,yolov8l_bsz4.ms,175.75,102.75,278.50,0.500,Mid (Meeting),3.89,15.46,283.46,3930.00,11499.37,357.44,,0,100,40.00,-204,4394657,-896510.03,4,fused
561009,000000561009.jpg,640x427,0,0.372566,0,1,TN,yolov8l_bsz4.ms,175.75,102.75,278.50,0.500,Mid (Meeting),3.89,15.46,283.46,3930.00,11499.37,357.44,,0,100,40.00,-204,4394657,-896510.03,4,fused
460229,000000460229.jpg,383x640,0,0.372310,0,1,TN,yolov8l_bsz4.ms,175.75,102.75,278.50,0.500,Mid (Meeting),3.89,15.46,283.46,3930.00,11499.37,357.44,,0,100,40.00,-204,4394657,-896510.03,4,fused
166166,000000166166.jpg,500x375,0,0.371899,0,1,TN,yolov8l_bsz4.ms,183.00,117.00,300.00,0.500,Mid (Meeting),3.90,15.46,362.07,3852.00,11499.37,278.46,,0,100,40.00,-156,4396374,-685834.34,4,fused
425221,000000425221.jpg,480x640,0,0.371093,1,0,FN,yolov8l_bsz4.ms,183.00,117.00,300.00,0.500,Mid (Meeting),3.90,15.46,362.07,3852.00,11499.37,278.46,,0,100,40.00,-156,4396374,-685834.34,4,fused
58111,000000058111.jpg,500x490,0,0.371050,0,1,TN,yolov8l_bsz4.ms,183.00,117.00,300.00,0.500,Mid (Meeting),3.90,15.46,362.07,3852.00,11499.37,278.46,,0,100,40.00,-156,4396374,-685834.34,4,fused
405279,000000405279.jpg,640x480,0,0.370776,1,0,FN,yolov8l_bsz4.ms,183.00,117.00,300.00,0.500,Mid (Meeting),3.90,15.46,362.07,3852.00,11499.37,278.46,,0,100,40.00,-156,4396374,-685834.34,4,fused
426836,000000426836.jpg,640x640,0,0.370732,1,0,FN,yolov8l_bsz4.ms,182.25,117.00,299.25,0.500,Mid (Meeting),3.91,15.15,362.35,3851.00,11499.37,277.35,,0,100,40.00,-185,4395364,-813142.34,4,fused
519611,000000519611.jpg,640x480,0,0.370346,0,1,TN,yolov8l_bsz4.ms,182.25,117.00,299.25,0.500,Mid (Meeting),3.91,15.15,362.35,3851.00,11499.37,277.35,,0,100,40.00,-185,4395364,-813142.34,4,fused
263463,000000263463.jpg,640x427,0,0.370147,0,1,TN,yolov8l_bsz4.ms,182.25,117.00,299.25,0.500,Mid (Meeting),3.91,15.15,362.35,3851.00,11499.37,277.35,,0,100,40.00,-185,4395364,-813142.34,4,fused
483050,000000483050.jpg,640x478,0,0.370055,0,1,TN,yolov8l_bsz4.ms,182.25,117.00,299.25,0.500,Mid (Meeting),3.91,15.15,362.35,3851.00,11499.37,277.35,,0,100,40.00,-185,4395364,-813142.34,4,fused
205647,000000205647.jpg,640x427,0,0.369921,0,1,TN,yolov8l_bsz4.ms,182.75,95.75,278.50,0.500,Mid (Meeting),4.18,15.15,338.18,3875.00,11499.37,299.40,,0,100,40.00,-133,4397077,-584811.24,4,fused
85329,000000085329.jpg,640x449,0,0.369834,1,0,FN,yolov8l_bsz4.ms,182.75,95.75,278.50,0.500,Mid (Meeting),4.18,15.15,338.18,3875.00,11499.37,299.40,,0,100,40.00,-133,4397077,-584811.24,4,fused
172396,000000172396.jpg,640x351,0,0.369834,0,1,TN,yolov8l_bsz4.ms,182.75,95.75,278.50,0.500,Mid (Meeting),4.18,15.15,338.18,3875.00,11499.37,299.40,,0,100,40.00,-133,4397077,-584811.24,4,fused
545730,000000545730.jpg,640x427,0,0.369724,0,1,TN,yolov8l_bsz4.ms,182.75,95.75,278.50,0.500,Mid (Meeting),4.18,15.15,338.18,3875.00,11499.37,299.40,,0,100,40.00,-133,4397077,-584811.24,4,fused
157046,000000157046.jpg,500x375,0,0.369504,1,0,FN,yolov8l_bsz4.ms,178.75,92.50,271.25,0.500,Mid (Meeting),3.84,13.26,299.35,3914.00,11499.37,337.27,,0,100,40.00,-218,4394375,-957973.75,4,fused
214224,000000214224.jpg,640x427,0,0.369153,0,1,TN,yolov8l_bsz4.ms,178.75,92.50,271.25,0.500,Mid (Meeting),3.84,13.26,299.35,3914.00,11499.37,337.27,,0,100,40.00,-218,4394375,-957973.75,4,fused
221155,000000221155.jpg,640x512,0,0.368971,0,1,TN,yolov8l_bsz4.ms,178.75,92.50,271.25,0.500,Mid (Meeting),3.84,13.26,299.35,3914.00,11499.37,337.27,,0,100,40.00,-218,4394375,-957973.75,4,fused
92124,000000092124.jpg,360x640,0,0.368861,0,1,TN,yolov8l_bsz4.ms,178.75,92.50,271.25,0.500,Mid (Meeting),3.84,13.26,299.35,3914.00,11499.37,337.27,,0,100,40.00,-218,4394375,-957973.75,4,fused
23272,000000023272.jpg,500x375,0,0.368461,0,1,TN,yolov8l_bsz4.ms,184.50,108.50,293.00,0.500,Mid (Meeting),3.77,13.26,361.05,3851.00,11499.37,274.30,,0,100,40.00,-312,4391417,-1370122.10,4,fused
178028,000000178028.jpg,375x500,0,0.368238,0,1,TN,yolov8l_bsz4.ms,184.50,108.50,293.00,0.500,Mid (Meeting),3.77,13.26,361.05,3851.00,11499.37,274.30,,0,100,40.00,-312,4391417,-1370122.10,4,fused
399655,000000399655.jpg,500x375,0,0.368155,0,1,TN,yolov8l_bsz4.ms,184.50,108.50,293.00,0.500,Mid (Meeting),3.77,13.26,361.05,3851.00,11499.37,274.30,,0,100,40.00,-312,4391417,-1370122.10,4,fused
569273,000000569273.jpg,640x480,0,0.367669,1,0,FN,yolov8l_bsz4.ms,184.50,108.50,293.00,0.500,Mid (Meeting),3.77,13.26,361.05,3851.00,11499.37,274.30,,0,100,40.00,-312,4391417,-1370122.10,4,fused
416534,000000416534.jpg,640x355,0,0.366262,0,1,TN,yolov8l_bsz4.ms,183.75,105.00,288.75,0.500,Mid (Meeting),3.85,14.19,360.75,3851.00,11499.37,273.76,,0,100,40.00,-208,4394461,-914047.89,4,fused
147415,000000147415.jpg,640x480,0,0.365684,1,0,FN,yolov8l_bsz4.ms,183.75,105.00,288.75,0.500,Mid (Meeting),3.85,14.19,360.75,3851.00,11499.37,273.76,,0,100,40.00,-208,4394461,-914047.89,4,fused
49091,000000049091.jpg,640x428,0,0.365583,0,1,TN,yolov8l_bsz4.ms,183.75,105.00,288.75,0.500,Mid (Meeting),3.85,14.19,360.75,3851.00,11499.37,273.76,,0,100,40.00,-208,4394461,-914047.89,4,fused
464689,000000464689.jpg,586x640,0,0.365367,0,1,TN,yolov8l_bsz4.ms,183.75,105.00,288.75,0.500,Mid (Meeting),3.85,14.19,360.75,3851.00,11499.37,273.76,,0,100,40.00,-208,4394461,-914047.89,4,fused
79837,000000079837.jpg,427x640,0,0.364457,0,1,TN,yolov8l_bsz4.ms,176.00,105.00,281.00,0.500,Mid (Meeting),3.84,14.19,358.06,3854.00,11499.37,275.64,,0,100,40.00,-172,4395642,-756050.42,4,fused
78032,000000078032.jpg,640x383,0,0.364415,0,1,TN,yolov8l_bsz4.ms,176.00,105.00,281.00,0.500,Mid (Meeting),3.84,14.19,358.06,3854.00,11499.37,275.64,,0,100,40.00,-172,4395642,-756050.42,4,fused
507042,000000507042.jpg,427x640,0,0.363611,0,1,TN,yolov8l_bsz4.ms,176.00,105.00,281.00,0.500,Mid (Meeting),3.84,14.19,358.06,3854.00,11499.37,275.64,,0,100,40.00,-172,4395642,-756050.42,4,fused
426253,000000426253.jpg,640x427,0,0.363479,0,1,TN,yolov8l_bsz4.ms,176.00,105.00,281.00,0.500,Mid (Meeting),3.84,14.19,358.06,3854.00,11499.37,275.64,,0,100,40.00,-172,4395642,-756050.42,4,fused
159112,000000159112.jpg,640x450,0,0.363373,0,1,TN,yolov8l_bsz4.ms,177.25,99.50,276.75,0.500,Mid (Meeting),3.87,14.22,357.50,3854.00,11499.37,274.25,,0,100,40.00,-242,4393518,-1063231.36,4,fused
485802,000000485802.jpg,426x640,0,0.363124,0,1,TN,yolov8l_bsz4.ms,177.25,99.50,276.75,0.500,Mid (Meeting),3.87,14.22,357.50,3854.00,11499.37,274.25,,0,100,40.00,-242,4393518,-1063231.36,4,fused
82696,000000082696.jpg,427x640,0,0.362961,1,0,FN,yolov8l_bsz4.ms,177.25,99.50,276.75,0.500,Mid (Meeting),3.87,14.22,357.50,3854.00,11499.37,274.25,,0,100,40.00,-242,4393518,-1063231.36,4,fused
212072,000000212072.jpg,500x375,0,0.362570,0,1,TN,yolov8l_bsz4.ms,177.25,99.50,276.75,0.500,Mid (Meeting),3.87,14.22,357.50,3854.00,11499.37,274.25,,0,100,40.00,-242,4393518,-1063231.36,4,fused
368684,000000368684.jpg,640x480,0,0.362388,0,1,TN,yolov8l_bsz4.ms,176.25,108.00,284.25,0.500,Mid (Meeting),3.88,14.22,361.48,3850.00,11499.37,269.67,,0,100,40.00,-141,4396531,-619910.87,4,fused
348045,000000348045.jpg,588x640,0,0.361935,0,1,TN,yolov8l_bsz4.ms,176.25,108.00,284.25,0.500,Mid (Meeting),3.88,14.22,361.48,3850.00,11499.37,269.67,,0,100,40.00,-141,4396531,-619910.87,4,fused
166259,000000166259.jpg,640x427,0,0.361573,0,1,TN,yolov8l_bsz4.ms,176.25,108.00,284.25,0.500,Mid (Meeting),3.88,14.22,361.48,3850.00,11499.37,269.67,,0,100,40.00,-141,4396531,-619910.87,4,fused
311180,000000311180.jpg,480x640,0,0.361550,1,0,FN,yolov8l_bsz4.ms,176.25,108.00,284.25,0.500,Mid (Meeting),3.88,14.22,361.48,3850.00,11499.37,269.67,,0,100,40.00,-141,4396531,-619910.87,4,fused
53624,000000053624.jpg,640x427,0,0.361534,1,0,FN,yolov8l_bsz4.ms,186.25,89.50,275.75,0.500,Mid (Meeting),3.83,14.06,284.17,3927.00,11499.37,345.54,,0,100,40.00,-197,4395033,-865821.50,4,fused
311883,000000311883.jpg,640x289,0,0.361039,0,1,TN,yolov8l_bsz4.ms,186.25,89.50,275.75,0.500,Mid (Meeting),3.83,14.06,284.17,3927.00,11499.37,345.54,,0,100,40.00,-197,4395033,-865821.50,4,fused
231822,000000231822.jpg,500x361,0,0.360925,0,1,TN,yolov8l_bsz4.ms,186.25,89.50,275.75,0.500,Mid (Meeting),3.83,14.06,284.17,3927.00,11499.37,345.54,,0,100,40.00,-197,4395033,-865821.50,4,fused
57760,000000057760.jpg,500x313,0,0.360162,1,0,FN,yolov8l_bsz4.ms,186.25,89.50,275.75,0.500,Mid (Meeting),3.83,14.06,284.17,3927.00,11499.37,345.54,,0,100,40.00,-197,4395033,-865821.50,4,fused
423229,000000423229.jpg,640x423,0,0.359707,1,0,FN,yolov8l_bsz4.ms,176.75,97.75,274.50,0.500,Mid (Meeting),8.33,14.06,360.89,3850.00,11499.37,267.84,,0,100,40.00,-296,4391593,-1299911.53,4,fused
240767,000000240767.jpg,500x375,0,0.359373,0,1,TN,yolov8l_bsz4.ms,176.75,97.75,274.50,0.500,Mid (Meeting),8.33,14.06,360.89,3850.00,11499.37,267.84,,0,100,40.00,-296,4391593,-1299911.53,4,fused
152740,000000152740.jpg,640x331,0,0.358643,0,1,TN,yolov8l_bsz4.ms,176.75,97.75,274.50,0.500,Mid (Meeting),8.33,14.06,360.89,3850.00,11499.37,267.84,,0,100,40.00,-296,4391593,-1299911.53,4,fused
48555,000000048555.jpg,640x465,0,0.358625,1,0,FN,yolov8l_bsz4.ms,176.75,97.75,274.50,0.500,Mid (Meeting),8.33,14.06,360.89,3850.00,11499.37,267.84,,0,100,40.00,-296,4391593,-1299911.53,4,fused
404128,000000404128.jpg,640x427,0,0.358452,0,1,TN,yolov8l_bsz4.ms,183.00,101.25,284.25,0.500,Mid (Meeting),4.82,16.64,362.21,3848.00,11499.37,265.19,,0,100,40.00,-237,4393616,-1041286.99,4,fused
336265,000000336265.jpg,480x640,0,0.357807,1,0,FN,yolov8l_bsz4.ms,183.00,101.25,284.25,0.500,Mid (Meeting),4.82,16.64,362.21,3848.00,11499.37,265.19,,0,100,40.00,-237,4393616,-1041286.99,4,fused
26564,000000026564.jpg,640x426,0,0.357241,0,1,TN,yolov8l_bsz4.ms,183.00,101.25,284.25,0.500,Mid (Meeting),4.82,16.64,362.21,3848.00,11499.37,265.19,,0,100,40.00,-237,4393616,-1041286.99,4,fused
500464,000000500464.jpg,430x640,0,0.356974,0,1,TN,yolov8l_bsz4.ms,183.00,101.25,284.25,0.500,Mid (Meeting),4.82,16.64,362.21,3848.00,11499.37,265.19,,0,100,40.00,-237,4393616,-1041286.99,4,fused
411953,000000411953.jpg,500x375,0,0.356891,1,0,FN,yolov8l_bsz4.ms,183.00,111.50,294.50,0.500,Mid (Meeting),4.58,16.64,358.03,3851.00,11499.37,267.09,,0,100,40.00,-295,4391731,-1295560.65,4,fused
198510,000000198510.jpg,640x640,0,0.355977,1,0,FN,yolov8l_bsz4.ms,183.00,111.50,294.50,0.500,Mid (Meeting),4.58,16.64,358.03,3851.00,11499.37,267.09,,0,100,40.00,-295,4391731,-1295560.65,4,fused
424776,000000424776.jpg,640x426,0,0.355458,0,1,TN,yolov8l_bsz4.ms,183.00,111.50,294.50,0.500,Mid (Meeting),4.58,16.64,358.03,3851.00,11499.37,267.09,,0,100,40.00,-295,4391731,-1295560.65,4,fused
206218,000000206218.jpg,640x480,0,0.355397,0,1,TN,yolov8l_bsz4.ms,183.00,111.50,294.50,0.500,Mid (Meeting),4.58,16.64,358.03,3851.00,11499.37,267.09,,0,100,40.00,-295,4391731,-1295560.65,4,fused
417249,000000417249.jpg,480x640,0,0.354873,1,0,FN,yolov8l_bsz4.ms,181.25,114.25,295.50,0.500,Mid (Meeting),4.34,17.37,287.51,3922.00,11499.37,336.71,,0,100,40.00,-268,4392544,-1177201.79,4,fused
217753,000000217753.jpg,640x480,0,0.354859,0,1,TN,yolov8l_bsz4.ms,181.25,114.25,295.50,0.500,Mid (Meeting),4.34,17.37,287.51,3922.00,11499.37,336.71,,0,100,40.00,-268,4392544,-1177201.79,4,fused
321557,000000321557.jpg,547x640,0,0.354768,0,1,TN,yolov8l_bsz4.ms,181.25,114.25,295.50,0.500,Mid (Meeting),4.34,17.37,287.51,3922.00,11499.37,336.71,,0,100,40.00,-268,4392544,-1177201.79,4,fused
459437,000000459437.jpg,640x426,0,0.354374,1,0,FN,yolov8l_bsz4.ms,181.25,114.25,295.50,0.500,Mid (Meeting),4.34,17.37,287.51,3922.00,11499.37,336.71,,0,100,40.00,-268,4392544,-1177201.79,4,fused
568584,000000568584.jpg,640x426,0,0.354139,1,0,FN,yolov8l_bsz4.ms,181.75,97.25,279.00,0.500,Mid (Meeting),4.10,17.37,363.78,3845.00,11499.37,259.07,,0,100,40.00,-161,4396075,-707768.07,4,fused
86582,000000086582.jpg,640x427,0,0.354080,1,0,FN,yolov8l_bsz4.ms,181.75,97.25,279.00,0.500,Mid (Meeting),4.10,17.37,363.78,3845.00,11499.37,259.07,,0,100,40.00,-161,4396075,-707768.07,4,fused
310980,000000310980.jpg,640x427,0,0.353545,0,1,TN,yolov8l_bsz4.ms,181.75,97.25,279.00,0.500,Mid (Meeting),4.10,17.37,363.78,3845.00,11499.37,259.07,,0,100,40.00,-161,4396075,-707768.07,4,fused
129113,000000129113.jpg,640x480,0,0.353364,0,1,TN,yolov8l_bsz4.ms,181.75,97.25,279.00,0.500,Mid (Meeting),4.10,17.37,363.78,3845.00,11499.37,259.07,,0,100,40.00,-161,4396075,-707768.07,4,fused
418696,000000418696.jpg,640x427,0,0.352602,0,1,TN,yolov8l_bsz4.ms,184.75,100.25,285.00,0.500,Mid (Meeting),4.08,17.68,360.55,3847.00,11499.37,261.05,,0,100,40.00,-175,4395534,-769218.45,4,fused
333697,000000333697.jpg,426x640,0,0.352188,0,1,TN,yolov8l_bsz4.ms,184.75,100.25,285.00,0.500,Mid (Meeting),4.08,17.68,360.55,3847.00,11499.37,261.05,,0,100,40.00,-175,4395534,-769218.45,4,fused
186296,000000186296.jpg,640x480,0,0.351909,0,1,TN,yolov8l_bsz4.ms,184.75,100.25,285.00,0.500,Mid (Meeting),4.08,17.68,360.55,3847.00,11499.37,261.05,,0,100,40.00,-175,4395534,-769218.45,4,fused
39477,000000039477.jpg,640x421,0,0.351797,0,1,TN,yolov8l_bsz4.ms,184.75,100.25,285.00,0.500,Mid (Meeting),4.08,17.68,360.55,3847.00,11499.37,261.05,,0,100,40.00,-175,4395534,-769218.45,4,fused
322959,000000322959.jpg,612x612,0,0.351779,0,1,TN,yolov8l_bsz4.ms,187.50,105.00,292.50,0.500,Mid (Meeting),4.04,17.68,338.11,3867.00,11499.37,281.84,,0,100,40.00,-308,4391341,-1352533.03,4,fused
174004,000000174004.jpg,640x480,0,0.351187,0,1,TN,yolov8l_bsz4.ms,187.50,105.00,292.50,0.500,Mid (Meeting),4.04,17.68,338.11,3867.00,11499.37,281.84,,0,100,40.00,-308,4391341,-1352533.03,4,fused
536343,000000536343.jpg,263x175,0,0.350764,0,1,TN,yolov8l_bsz4.ms,187.50,105.00,292.50,0.500,Mid (Meeting),4.04,17.68,338.11,3867.00,11499.37,281.84,,0,100,40.00,-308,4391341,-1352533.03,4,fused
82807,000000082807.jpg,640x601,0,0.350599,0,1,TN,yolov8l_bsz4.ms,187.50,105.00,292.50,0.500,Mid (Meeting),4.04,17.68,338.11,3867.00,11499.37,281.84,,0,100,40.00,-308,4391341,-1352533.03,4,fused
532575,000000532575.jpg,640x427,0,0.350562,0,1,TN,yolov8l_bsz4.ms,184.75,95.75,280.50,0.500,Mid (Meeting),4.01,17.93,284.75,3922.00,11499.37,333.43,,0,100,40.00,-250,4393301,-1098325.25,4,fused
523811,000000523811.jpg,640x480,0,0.350527,0,1,TN,yolov8l_bsz4.ms,184.75,95.75,280.50,0.500,Mid (Meeting),4.01,17.93,284.75,3922.00,11499.37,333.43,,0,100,40.00,-250,4393301,-1098325.25,4,fused
247838,000000247838.jpg,640x425,0,0.350125,0,1,TN,yolov8l_bsz4.ms,184.75,95.75,280.50,0.500,Mid (Meeting),4.01,17.93,284.75,3922.00,11499.37,333.43,,0,100,40.00,-250,4393301,-1098325.25,4,fused
85911,000000085911.jpg,640x403,0,0.350102,0,1,TN,yolov8l_bsz4.ms,184.75,95.75,280.50,0.500,Mid (Meeting),4.01,17.93,284.75,3922.00,11499.37,333.43,,0,100,40.00,-250,4393301,-1098325.25,4,fused
10583,000000010583.jpg,612x612,0,0.349951,0,1,TN,yolov8l_bsz4.ms,192.25,99.50,291.75,0.500,Mid (Meeting),3.94,17.93,362.70,3843.00,11499.37,254.56,,0,100,40.00,-387,4388657,-1698410.26,4,fused
530836,000000530836.jpg,640x464,0,0.349793,0,1,TN,yolov8l_bsz4.ms,192.25,99.50,291.75,0.500,Mid (Meeting),3.94,17.93,362.70,3843.00,11499.37,254.56,,0,100,40.00,-387,4388657,-1698410.26,4,fused
7818,000000007818.jpg,640x427,0,0.349266,0,1,TN,yolov8l_bsz4.ms,192.25,99.50,291.75,0.500,Mid (Meeting),3.94,17.93,362.70,3843.00,11499.37,254.56,,0,100,40.00,-387,4388657,-1698410.26,4,fused
278463,000000278463.jpg,640x480,0,0.349032,0,1,TN,yolov8l_bsz4.ms,192.25,99.50,291.75,0.500,Mid (Meeting),3.94,17.93,362.70,3843.00,11499.37,254.56,,0,100,40.00,-387,4388657,-1698410.26,4,fused
523241,000000523241.jpg,500x333,0,0.348538,0,1,TN,yolov8l_bsz4.ms,189.25,93.00,282.25,0.500,Mid (Meeting),2.99,14.62,362.68,3845.00,11499.37,254.93,,0,100,40.00,-260,4392349,-1142010.74,4,fused
407518,000000407518.jpg,640x427,0,0.348453,0,1,TN,yolov8l_bsz4.ms,189.25,93.00,282.25,0.500,Mid (Meeting),2.99,14.62,362.68,3845.00,11499.37,254.93,,0,100,40.00,-260,4392349,-1142010.74,4,fused
160556,000000160556.jpg,640x428,0,0.347658,1,0,FN,yolov8l_bsz4.ms,189.25,93.00,282.25,0.500,Mid (Meeting),2.99,14.62,362.68,3845.00,11499.37,254.93,,0,100,40.00,-260,4392349,-1142010.74,4,fused
212453,000000212453.jpg,480x640,0,0.347184,1,0,FN,yolov8l_bsz4.ms,189.25,93.00,282.25,0.500,Mid (Meeting),2.99,14.62,362.68,3845.00,11499.37,254.93,,0,100,40.00,-260,4392349,-1142010.74,4,fused
490470,000000490470.jpg,640x480,0,0.347104,0,1,TN,yolov8l_bsz4.ms,193.25,106.25,299.50,0.500,Mid (Meeting),3.53,14.62,340.44,3830.00,11499.37,239.20,,0,100,40.00,-188,4394813,-826224.84,4,fused
117374,000000117374.jpg,640x428,0,0.346966,0,1,TN,yolov8l_bsz4.ms,193.25,106.25,299.50,0.500,Mid (Meeting),3.53,14.62,340.44,3830.00,11499.37,239.20,,0,100,40.00,-188,4394813,-826224.84,4,fused
159684,000000159684.jpg,640x388,0,0.346851,0,1,TN,yolov8l_bsz4.ms,193.25,106.25,299.50,0.500,Mid (Meeting),3.53,14.62,340.44,3830.00,11499.37,239.20,,0,100,40.00,-188,4394813,-826224.84,4,fused
408830,000000408830.jpg,640x427,0,0.346721,0,1,TN,yolov8l_bsz4.ms,193.25,106.25,299.50,0.500,Mid (Meeting),3.53,14.62,340.44,3830.00,11499.37,239.20,,0,100,40.00,-188,4394813,-826224.84,4,fused
47828,000000047828.jpg,640x318,0,0.346182,1,0,FN,yolov8l_bsz4.ms,189.50,109.75,299.25,0.500,Mid (Meeting),3.60,20.02,291.02,3863.00,11499.37,270.64,,0,100,41.00,-246,4393058,-1080692.27,4,fused
345941,000000345941.jpg,640x640,0,0.346048,1,0,FN,yolov8l_bsz4.ms,189.50,109.75,299.25,0.500,Mid (Meeting),3.60,20.02,291.02,3863.00,11499.37,270.64,,0,100,41.00,-246,4393058,-1080692.27,4,fused
367569,000000367569.jpg,469x640,0,0.345942,0,1,TN,yolov8l_bsz4.ms,189.50,109.75,299.25,0.500,Mid (Meeting),3.60,20.02,291.02,3863.00,11499.37,270.64,,0,100,41.00,-246,4393058,-1080692.27,4,fused
42563,000000042563.jpg,624x640,0,0.345892,0,1,TN,yolov8l_bsz4.ms,189.50,109.75,299.25,0.500,Mid (Meeting),3.60,20.02,291.02,3863.00,11499.37,270.64,,0,100,41.00,-246,4393058,-1080692.27,4,fused
474452,000000474452.jpg,500x375,0,0.345614,0,1,TN,yolov8l_bsz4.ms,187.75,99.50,287.25,0.500,Mid (Meeting),3.57,20.02,365.80,3817.00,11499.37,224.48,,0,100,41.00,-377,4388582,-1654495.41,4,fused
189806,000000189806.jpg,500x400,0,0.345460,0,1,TN,yolov8l_bsz4.ms,187.75,99.50,287.25,0.500,Mid (Meeting),3.57,20.02,365.80,3817.00,11499.37,224.48,,0,100,41.00,-377,4388582,-1654495.41,4,fused
235399,000000235399.jpg,500x375,0,0.344667,0,1,TN,yolov8l_bsz4.ms,187.75,99.50,287.25,0.500,Mid (Meeting),3.57,20.02,365.80,3817.00,11499.37,224.48,,0,100,41.00,-377,4388582,-1654495.41,4,fused
328683,000000328683.jpg,480x640,0,0.343443,0,1,TN,yolov8l_bsz4.ms,187.75,99.50,287.25,0.500,Mid (Meeting),3.57,20.02,365.80,3817.00,11499.37,224.48,,0,100,41.00,-377,4388582,-1654495.41,4,fused
308531,000000308531.jpg,359x640,0,0.343422,0,1,TN,yolov8l_bsz4.ms,185.00,99.25,284.25,0.500,Mid (Meeting),3.60,20.51,359.51,3840.00,11499.37,247.34,,0,100,41.00,-110,4397464,-483721.04,4,fused
136033,000000136033.jpg,640x428,0,0.343243,0,1,TN,yolov8l_bsz4.ms,185.00,99.25,284.25,0.500,Mid (Meeting),3.60,20.51,359.51,3840.00,11499.37,247.34,,0,100,41.00,-110,4397464,-483721.04,4,fused
418961,000000418961.jpg,640x427,0,0.342118,0,1,TN,yolov8l_bsz4.ms,185.00,99.25,284.25,0.500,Mid (Meeting),3.60,20.51,359.51,3840.00,11499.37,247.34,,0,100,41.00,-110,4397464,-483721.04,4,fused
196185,000000196185.jpg,640x427,0,0.341901,0,1,TN,yolov8l_bsz4.ms,185.00,99.25,284.25,0.500,Mid (Meeting),3.60,20.51,359.51,3840.00,11499.37,247.34,,0,100,41.00,-110,4397464,-483721.04,4,fused
281179,000000281179.jpg,640x480,0,0.341378,0,1,TN,yolov8l_bsz4.ms,192.75,98.75,291.50,0.500,Mid (Meeting),3.65,20.51,338.88,3861.00,11499.37,267.43,,0,100,41.00,-224,4394145,-984288.48,4,fused
268831,000000268831.jpg,256x200,0,0.341300,0,1,TN,yolov8l_bsz4.ms,192.75,98.75,291.50,0.500,Mid (Meeting),3.65,20.51,338.88,3861.00,11499.37,267.43,,0,100,41.00,-224,4394145,-984288.48,4,fused
530820,000000530820.jpg,640x428,0,0.340938,1,0,FN,yolov8l_bsz4.ms,192.75,98.75,291.50,0.500,Mid (Meeting),3.65,20.51,338.88,3861.00,11499.37,267.43,,0,100,41.00,-224,4394145,-984288.48,4,fused
519522,000000519522.jpg,427x640,0,0.340586,0,1,TN,yolov8l_bsz4.ms,192.75,98.75,291.50,0.500,Mid (Meeting),3.65,20.51,338.88,3861.00,11499.37,267.43,,0,100,41.00,-224,4394145,-984288.48,4,fused
302030,000000302030.jpg,640x359,0,0.340520,0,1,TN,yolov8l_bsz4.ms,187.50,82.75,270.25,0.500,Mid (Meeting),3.63,19.77,281.46,3919.00,11499.37,324.78,,0,100,41.00,-140,4396682,-615535.48,4,fused
282296,000000282296.jpg,480x640,0,0.339189,0,1,TN,yolov8l_bsz4.ms,187.50,82.75,270.25,0.500,Mid (Meeting),3.63,19.77,281.46,3919.00,11499.37,324.78,,0,100,41.00,-140,4396682,-615535.48,4,fused
205333,000000205333.jpg,640x164,0,0.339010,1,0,FN,yolov8l_bsz4.ms,187.50,82.75,270.25,0.500,Mid (Meeting),3.63,19.77,281.46,3919.00,11499.37,324.78,,0,100,41.00,-140,4396682,-615535.48,4,fused
245513,000000245513.jpg,500x381,0,0.338977,0,1,TN,yolov8l_bsz4.ms,187.50,82.75,270.25,0.500,Mid (Meeting),3.63,19.77,281.46,3919.00,11499.37,324.78,,0,100,41.00,-140,4396682,-615535.48,4,fused
320425,000000320425.jpg,640x480,0,0.338966,0,1,TN,yolov8l_bsz4.ms,188.75,102.00,290.75,0.500,Mid (Meeting),3.59,19.77,361.41,3839.00,11499.37,243.32,,0,100,41.00,-213,4394154,-935954.80,4,fused
1761,000000001761.jpg,427x640,0,0.338856,1,0,FN,yolov8l_bsz4.ms,188.75,102.00,290.75,0.500,Mid (Meeting),3.59,19.77,361.41,3839.00,11499.37,243.32,,0,100,41.00,-213,4394154,-935954.80,4,fused
138856,000000138856.jpg,640x480,0,0.338456,0,1,TN,yolov8l_bsz4.ms,188.75,102.00,290.75,0.500,Mid (Meeting),3.59,19.77,361.41,3839.00,11499.37,243.32,,0,100,41.00,-213,4394154,-935954.80,4,fused
135673,000000135673.jpg,640x427,0,0.338455,0,1,TN,yolov8l_bsz4.ms,188.75,102.00,290.75,0.500,Mid (Meeting),3.59,19.77,361.41,3839.00,11499.37,243.32,,0,100,41.00,-213,4394154,-935954.80,4,fused
490413,000000490413.jpg,640x238,0,0.336768,0,1,TN,yolov8l_bsz4.ms,186.00,99.25,285.25,0.500,Mid (Meeting),4.86,15.89,361.14,3838.00,11499.37,242.06,,0,100,41.00,-174,4395403,-764800.12,4,fused
13774,000000013774.jpg,640x480,0,0.336275,1,0,FN,yolov8l_bsz4.ms,186.00,99.25,285.25,0.500,Mid (Meeting),4.86,15.89,361.14,3838.00,11499.37,242.06,,0,100,41.00,-174,4395403,-764800.12,4,fused
328117,000000328117.jpg,480x640,0,0.336228,0,1,TN,yolov8l_bsz4.ms,186.00,99.25,285.25,0.500,Mid (Meeting),4.86,15.89,361.14,3838.00,11499.37,242.06,,0,100,41.00,-174,4395403,-764800.12,4,fused
416256,000000416256.jpg,500x375,0,0.335705,0,1,TN,yolov8l_bsz4.ms,186.00,99.25,285.25,0.500,Mid (Meeting),4.86,15.89,361.14,3838.00,11499.37,242.06,,0,100,41.00,-174,4395403,-764800.12,4,fused
544605,000000544605.jpg,500x375,0,0.335180,0,1,TN,yolov8l_bsz4.ms,184.50,94.25,278.75,0.500,Mid (Meeting),4.25,15.89,339.36,3860.00,11499.37,262.11,,0,100,41.00,-430,4387057,-1886434.51,4,fused
311909,000000311909.jpg,640x496,0,0.335085,0,1,TN,yolov8l_bsz4.ms,184.50,94.25,278.75,0.500,Mid (Meeting),4.25,15.89,339.36,3860.00,11499.37,262.11,,0,100,41.00,-430,4387057,-1886434.51,4,fused
214200,000000214200.jpg,427x640,0,0.334983,0,1,TN,yolov8l_bsz4.ms,184.50,94.25,278.75,0.500,Mid (Meeting),4.25,15.89,339.36,3860.00,11499.37,262.11,,0,100,41.00,-430,4387057,-1886434.51,4,fused
107851,000000107851.jpg,640x480,0,0.334222,1,0,FN,yolov8l_bsz4.ms,184.50,94.25,278.75,0.500,Mid (Meeting),4.25,15.89,339.36,3860.00,11499.37,262.11,,0,100,41.00,-430,4387057,-1886434.51,4,fused
562121,000000562121.jpg,640x454,0,0.333719,0,1,TN,yolov8l_bsz4.ms,198.25,109.00,307.25,0.500,Mid (Meeting),4.03,17.91,285.08,3913.00,11499.37,314.61,,0,100,41.00,-134,4396646,-589150.56,4,fused
502229,000000502229.jpg,612x612,0,0.333157,0,1,TN,yolov8l_bsz4.ms,198.25,109.00,307.25,0.500,Mid (Meeting),4.03,17.91,285.08,3913.00,11499.37,314.61,,0,100,41.00,-134,4396646,-589150.56,4,fused
449996,000000449996.jpg,640x428,0,0.333098,0,1,TN,yolov8l_bsz4.ms,198.25,109.00,307.25,0.500,Mid (Meeting),4.03,17.91,285.08,3913.00,11499.37,314.61,,0,100,41.00,-134,4396646,-589150.56,4,fused
501023,000000501023.jpg,500x375,0,0.332389,0,1,TN,yolov8l_bsz4.ms,198.25,109.00,307.25,0.500,Mid (Meeting),4.03,17.91,285.08,3913.00,11499.37,314.61,,0,100,41.00,-134,4396646,-589150.56,4,fused
198641,000000198641.jpg,640x479,0,0.332375,0,1,TN,yolov8l_bsz4.ms,190.25,96.00,286.25,0.500,Mid (Meeting),3.86,17.91,360.97,3837.00,11499.37,238.06,,0,100,40.00,-198,4394757,-870161.89,4,fused
369081,000000369081.jpg,640x426,0,0.332066,0,1,TN,yolov8l_bsz4.ms,190.25,96.00,286.25,0.500,Mid (Meeting),3.86,17.91,360.97,3837.00,11499.37,238.06,,0,100,40.00,-198,4394757,-870161.89,4,fused
15335,000000015335.jpg,640x480,0,0.332064,1,0,FN,yolov8l_bsz4.ms,190.25,96.00,286.25,0.500,Mid (Meeting),3.86,17.91,360.97,3837.00,11499.37,238.06,,0,100,40.00,-198,4394757,-870161.89,4,fused
201934,000000201934.jpg,500x375,0,0.331856,0,1,TN,yolov8l_bsz4.ms,190.25,96.00,286.25,0.500,Mid (Meeting),3.86,17.91,360.97,3837.00,11499.37,238.06,,0,100,40.00,-198,4394757,-870161.89,4,fused
460333,000000460333.jpg,640x480,0,0.331113,1,0,FN,yolov8l_bsz4.ms,193.50,119.75,313.25,0.500,Mid (Meeting),3.83,17.54,361.89,3835.00,11499.37,235.24,,0,100,40.00,-278,4391817,-1220925.13,4,fused
210030,000000210030.jpg,500x400,0,0.331091,0,1,TN,yolov8l_bsz4.ms,193.50,119.75,313.25,0.500,Mid (Meeting),3.83,17.54,361.89,3835.00,11499.37,235.24,,0,100,40.00,-278,4391817,-1220925.13,4,fused
84664,000000084664.jpg,612x612,0,0.330966,0,1,TN,yolov8l_bsz4.ms,193.50,119.75,313.25,0.500,Mid (Meeting),3.83,17.54,361.89,3835.00,11499.37,235.24,,0,100,40.00,-278,4391817,-1220925.13,4,fused
369771,000000369771.jpg,640x480,0,0.330553,0,1,TN,yolov8l_bsz4.ms,193.50,119.75,313.25,0.500,Mid (Meeting),3.83,17.54,361.89,3835.00,11499.37,235.24,,0,100,40.00,-278,4391817,-1220925.13,4,fused
7574,000000007574.jpg,640x480,0,0.330493,0,1,TN,yolov8l_bsz4.ms,188.75,102.00,290.75,0.500,Mid (Meeting),3.86,17.54,338.57,3858.00,11499.37,257.11,,0,100,40.00,-250,4392869,-1098217.25,4,fused
464522,000000464522.jpg,494x640,0,0.330328,0,1,TN,yolov8l_bsz4.ms,188.75,102.00,290.75,0.500,Mid (Meeting),3.86,17.54,338.57,3858.00,11499.37,257.11,,0,100,40.00,-250,4392869,-1098217.25,4,fused
306136,000000306136.jpg,428x640,0,0.330237,1,0,FN,yolov8l_bsz4.ms,188.75,102.00,290.75,0.500,Mid (Meeting),3.86,17.54,338.57,3858.00,11499.37,257.11,,0,100,40.00,-250,4392869,-1098217.25,4,fused
139260,000000139260.jpg,640x388,0,0.330183,0,1,TN,yolov8l_bsz4.ms,188.75,102.00,290.75,0.500,Mid (Meeting),3.86,17.54,338.57,3858.00,11499.37,257.11,,0,100,40.00,-250,4392869,-1098217.25,4,fused
264441,000000264441.jpg,375x500,0,0.329971,0,1,TN,yolov8l_bsz4.ms,192.25,90.25,282.50,0.500,Mid (Meeting),3.78,17.38,284.66,3912.00,11499.37,310.11,,0,100,40.00,-116,4397186,-510073.58,4,fused
189698,000000189698.jpg,640x428,0,0.328910,0,1,TN,yolov8l_bsz4.ms,192.25,90.25,282.50,0.500,Mid (Meeting),3.78,17.38,284.66,3912.00,11499.37,310.11,,0,100,40.00,-116,4397186,-510073.58,4,fused
231088,000000231088.jpg,425x640,0,0.328873,0,1,TN,yolov8l_bsz4.ms,192.25,90.25,282.50,0.500,Mid (Meeting),3.78,17.38,284.66,3912.00,11499.37,310.11,,0,100,40.00,-116,4397186,-510073.58,4,fused
533206,000000533206.jpg,640x427,0,0.327868,0,1,TN,yolov8l_bsz4.ms,192.25,90.25,282.50,0.500,Mid (Meeting),3.78,17.38,284.66,3912.00,11499.37,310.11,,0,100,40.00,-116,4397186,-510073.58,4,fused
560266,000000560266.jpg,640x425,0,0.327842,0,1,TN,yolov8l_bsz4.ms,191.25,99.25,290.50,0.500,Mid (Meeting),3.71,17.38,362.54,3833.00,11499.37,231.30,,0,100,40.00,-155,4395964,-681374.42,4,fused
321118,000000321118.jpg,640x426,0,0.326875,0,1,TN,yolov8l_bsz4.ms,191.25,99.25,290.50,0.500,Mid (Meeting),3.71,17.38,362.54,3833.00,11499.37,231.30,,0,100,40.00,-155,4395964,-681374.42,4,fused
453841,000000453841.jpg,500x339,0,0.325797,1,0,FN,yolov8l_bsz4.ms,191.25,99.25,290.50,0.500,Mid (Meeting),3.71,17.38,362.54,3833.00,11499.37,231.30,,0,100,40.00,-155,4395964,-681374.42,4,fused
359937,000000359937.jpg,640x480,0,0.325577,0,1,TN,yolov8l_bsz4.ms,191.25,99.25,290.50,0.500,Mid (Meeting),3.71,17.38,362.54,3833.00,11499.37,231.30,,0,100,40.00,-155,4395964,-681374.42,4,fused
97679,000000097679.jpg,640x480,0,0.325060,1,0,FN,yolov8l_bsz4.ms,197.75,105.25,303.00,0.500,Mid (Meeting),7.10,17.39,361.28,3834.00,11499.37,231.03,,0,100,40.00,-181,4395160,-795523.96,4,fused
543047,000000543047.jpg,640x480,0,0.324723,0,1,TN,yolov8l_bsz4.ms,197.75,105.25,303.00,0.500,Mid (Meeting),7.10,17.39,361.28,3834.00,11499.37,231.03,,0,100,40.00,-181,4395160,-795523.96,4,fused
293474,000000293474.jpg,500x333,0,0.324454,0,1,TN,yolov8l_bsz4.ms,197.75,105.25,303.00,0.500,Mid (Meeting),7.10,17.39,361.28,3834.00,11499.37,231.03,,0,100,40.00,-181,4395160,-795523.96,4,fused
56127,000000056127.jpg,580x640,0,0.324156,0,1,TN,yolov8l_bsz4.ms,197.75,105.25,303.00,0.500,Mid (Meeting),7.10,17.39,361.28,3834.00,11499.37,231.03,,0,100,40.00,-181,4395160,-795523.96,4,fused
581482,000000581482.jpg,640x427,0,0.324138,0,1,TN,yolov8l_bsz4.ms,198.50,102.00,300.50,0.500,Mid (Meeting),4.59,17.39,283.55,3911.00,11499.37,306.36,,0,100,40.00,-201,4394641,-883322.84,4,fused
104198,000000104198.jpg,500x375,0,0.324027,0,1,TN,yolov8l_bsz4.ms,198.50,102.00,300.50,0.500,Mid (Meeting),4.59,17.39,283.55,3911.00,11499.37,306.36,,0,100,40.00,-201,4394641,-883322.84,4,fused
221213,000000221213.jpg,640x480,0,0.323874,0,1,TN,yolov8l_bsz4.ms,198.50,102.00,300.50,0.500,Mid (Meeting),4.59,17.39,283.55,3911.00,11499.37,306.36,,0,100,40.00,-201,4394641,-883322.84,4,fused
558073,000000558073.jpg,500x375,0,0.323323,0,1,TN,yolov8l_bsz4.ms,198.50,102.00,300.50,0.500,Mid (Meeting),4.59,17.39,283.55,3911.00,11499.37,306.36,,0,100,40.00,-201,4394641,-883322.84,4,fused
496597,000000496597.jpg,640x480,0,0.323287,1,0,FN,yolov8l_bsz4.ms,190.75,113.75,304.50,0.500,Mid (Meeting),4.20,16.91,362.05,3832.00,11499.37,227.02,,0,100,40.00,-262,4392191,-1150754.04,4,fused
437351,000000437351.jpg,399x500,0,0.323248,1,0,FN,yolov8l_bsz4.ms,190.75,113.75,304.50,0.500,Mid (Meeting),4.20,16.91,362.05,3832.00,11499.37,227.02,,0,100,40.00,-262,4392191,-1150754.04,4,fused
545219,000000545219.jpg,640x480,0,0.322788,1,0,FN,yolov8l_bsz4.ms,190.75,113.75,304.50,0.500,Mid (Meeting),4.20,16.91,362.05,3832.00,11499.37,227.02,,0,100,40.00,-262,4392191,-1150754.04,4,fused
527616,000000527616.jpg,640x496,0,0.322781,1,0,FN,yolov8l_bsz4.ms,190.75,113.75,304.50,0.500,Mid (Meeting),4.20,16.91,362.05,3832.00,11499.37,227.02,,0,100,40.00,-262,4392191,-1150754.04,4,fused
570456,000000570456.jpg,640x480,0,0.322753,0,1,TN,yolov8l_bsz4.ms,192.50,99.75,292.25,0.500,Mid (Meeting),4.01,16.91,361.25,3832.00,11499.37,226.41,,0,100,41.00,-350,4389420,-1536297.00,4,fused
452122,000000452122.jpg,640x427,0,0.322319,0,1,TN,yolov8l_bsz4.ms,192.50,99.75,292.25,0.500,Mid (Meeting),4.01,16.91,361.25,3832.00,11499.37,226.41,,0,100,41.00,-350,4389420,-1536297.00,4,fused
173091,000000173091.jpg,612x612,0,0.322188,0,1,TN,yolov8l_bsz4.ms,192.50,99.75,292.25,0.500,Mid (Meeting),4.01,16.91,361.25,3832.00,11499.37,226.41,,0,100,41.00,-350,4389420,-1536297.00,4,fused
122217,000000122217.jpg,425x640,0,0.322169,1,0,FN,yolov8l_bsz4.ms,192.50,99.75,292.25,0.500,Mid (Meeting),4.01,16.91,361.25,3832.00,11499.37,226.41,,0,100,41.00,-350,4389420,-1536297.00,4,fused
213445,000000213445.jpg,408x500,0,0.322035,0,1,TN,yolov8l_bsz4.ms,190.50,106.25,296.75,0.500,Mid (Meeting),4.04,17.57,339.37,3853.00,11499.37,246.61,,0,100,41.00,-260,4392276,-1141991.76,4,fused
286907,000000286907.jpg,480x640,0,0.322034,0,1,TN,yolov8l_bsz4.ms,190.50,106.25,296.75,0.500,Mid (Meeting),4.04,17.57,339.37,3853.00,11499.37,246.61,,0,100,41.00,-260,4392276,-1141991.76,4,fused
261706,000000261706.jpg,480x640,0,0.321790,0,1,TN,yolov8l_bsz4.ms,190.50,106.25,296.75,0.500,Mid (Meeting),4.04,17.57,339.37,3853.00,11499.37,246.61,,0,100,41.00,-260,4392276,-1141991.76,4,fused
460494,000000460494.jpg,640x426,0,0.321697,0,1,TN,yolov8l_bsz4.ms,190.50,106.25,296.75,0.500,Mid (Meeting),4.04,17.57,339.37,3853.00,11499.37,246.61,,0,100,41.00,-260,4392276,-1141991.76,4,fused
528578,000000528578.jpg,640x427,0,0.321638,1,0,FN,yolov8l_bsz4.ms,184.75,100.50,285.25,0.500,Mid (Meeting),3.97,17.57,284.88,3907.00,11499.37,299.15,,0,100,41.00,-231,4393358,-1014865.70,4,fused
572388,000000572388.jpg,349x500,0,0.321087,0,1,TN,yolov8l_bsz4.ms,184.75,100.50,285.25,0.500,Mid (Meeting),3.97,17.57,284.88,3907.00,11499.37,299.15,,0,100,41.00,-231,4393358,-1014865.70,4,fused
110638,000000110638.jpg,640x427,0,0.320964,0,1,TN,yolov8l_bsz4.ms,184.75,100.50,285.25,0.500,Mid (Meeting),3.97,17.57,284.88,3907.00,11499.37,299.15,,0,100,41.00,-231,4393358,-1014865.70,4,fused
4795,000000004795.jpg,640x480,0,0.320433,0,1,TN,yolov8l_bsz4.ms,184.75,100.50,285.25,0.500,Mid (Meeting),3.97,17.57,284.88,3907.00,11499.37,299.15,,0,100,41.00,-231,4393358,-1014865.70,4,fused
527960,000000527960.jpg,640x427,0,0.320116,0,1,TN,yolov8l_bsz4.ms,190.00,111.00,301.00,0.500,Mid (Meeting),3.91,17.50,361.58,3830.00,11499.37,221.98,,0,100,41.00,-286,4391612,-1256001.03,4,fused
563281,000000563281.jpg,489x500,0,0.320103,1,0,FN,yolov8l_bsz4.ms,190.00,111.00,301.00,0.500,Mid (Meeting),3.91,17.50,361.58,3830.00,11499.37,221.98,,0,100,41.00,-286,4391612,-1256001.03,4,fused
154431,000000154431.jpg,640x444,0,0.320095,0,1,TN,yolov8l_bsz4.ms,190.00,111.00,301.00,0.500,Mid (Meeting),3.91,17.50,361.58,3830.00,11499.37,221.98,,0,100,41.00,-286,4391612,-1256001.03,4,fused
198960,000000198960.jpg,640x425,0,0.319811,0,1,TN,yolov8l_bsz4.ms,190.00,111.00,301.00,0.500,Mid (Meeting),3.91,17.50,361.58,3830.00,11499.37,221.98,,0,100,41.00,-286,4391612,-1256001.03,4,fused
302165,000000302165.jpg,640x480,0,0.319643,0,1,TN,yolov8l_bsz4.ms,186.00,107.25,293.25,0.500,Mid (Meeting),3.91,17.50,358.94,3833.00,11499.37,223.71,,0,100,41.00,-257,4392307,-1128822.90,4,fused
396526,000000396526.jpg,500x338,0,0.319236,0,1,TN,yolov8l_bsz4.ms,186.00,107.25,293.25,0.500,Mid (Meeting),3.91,17.50,358.94,3833.00,11499.37,223.71,,0,100,41.00,-257,4392307,-1128822.90,4,fused
491757,000000491757.jpg,640x479,0,0.319230,0,1,TN,yolov8l_bsz4.ms,186.00,107.25,293.25,0.500,Mid (Meeting),3.91,17.50,358.94,3833.00,11499.37,223.71,,0,100,41.00,-257,4392307,-1128822.90,4,fused
573391,000000573391.jpg,640x480,0,0.318868,0,1,TN,yolov8l_bsz4.ms,186.00,107.25,293.25,0.500,Mid (Meeting),3.91,17.50,358.94,3833.00,11499.37,223.71,,0,100,41.00,-257,4392307,-1128822.90,4,fused
122606,000000122606.jpg,640x480,0,0.318655,1,0,FN,yolov8l_bsz4.ms,185.75,99.00,284.75,0.500,Mid (Meeting),8.29,16.96,339.96,3851.00,11499.37,241.34,,0,100,41.00,-194,4394811,-852593.33,4,fused
135561,000000135561.jpg,640x480,0,0.318195,0,1,TN,yolov8l_bsz4.ms,185.75,99.00,284.75,0.500,Mid (Meeting),8.29,16.96,339.96,3851.00,11499.37,241.34,,0,100,41.00,-194,4394811,-852593.33,4,fused
355677,000000355677.jpg,640x480,0,0.318085,0,1,TN,yolov8l_bsz4.ms,185.75,99.00,284.75,0.500,Mid (Meeting),8.29,16.96,339.96,3851.00,11499.37,241.34,,0,100,41.00,-194,4394811,-852593.33,4,fused
222317,000000222317.jpg,640x480,0,0.317497,0,1,TN,yolov8l_bsz4.ms,185.75,99.00,284.75,0.500,Mid (Meeting),8.29,16.96,339.96,3851.00,11499.37,241.34,,0,100,41.00,-194,4394811,-852593.33,4,fused
27696,000000027696.jpg,640x410,0,0.317272,1,0,FN,yolov8l_bsz4.ms,188.50,98.50,287.00,0.500,Mid (Meeting),4.98,16.96,287.32,3899.00,11499.37,288.78,,0,100,41.00,-119,4397044,-523248.24,4,fused
502732,000000502732.jpg,480x640,0,0.317155,0,1,TN,yolov8l_bsz4.ms,188.50,98.50,287.00,0.500,Mid (Meeting),4.98,16.96,287.32,3899.00,11499.37,288.78,,0,100,41.00,-119,4397044,-523248.24,4,fused
32038,000000032038.jpg,333x500,0,0.317077,1,0,FN,yolov8l_bsz4.ms,188.50,98.50,287.00,0.500,Mid (Meeting),4.98,16.96,287.32,3899.00,11499.37,288.78,,0,100,41.00,-119,4397044,-523248.24,4,fused
428280,000000428280.jpg,500x333,0,0.316979,0,1,TN,yolov8l_bsz4.ms,188.50,98.50,287.00,0.500,Mid (Meeting),4.98,16.96,287.32,3899.00,11499.37,288.78,,0,100,41.00,-119,4397044,-523248.24,4,fused
183500,000000183500.jpg,640x430,0,0.316843,1,0,FN,yolov8l_bsz4.ms,188.75,100.50,289.25,0.500,Mid (Meeting),4.24,15.35,360.55,3831.00,11499.37,218.71,,0,100,41.00,-152,4395878,-668173.46,4,fused
190140,000000190140.jpg,640x428,0,0.316265,1,0,FN,yolov8l_bsz4.ms,188.75,100.50,289.25,0.500,Mid (Meeting),4.24,15.35,360.55,3831.00,11499.37,218.71,,0,100,41.00,-152,4395878,-668173.46,4,fused
255749,000000255749.jpg,640x424,0,0.316143,1,0,FN,yolov8l_bsz4.ms,188.75,100.50,289.25,0.500,Mid (Meeting),4.24,15.35,360.55,3831.00,11499.37,218.71,,0,100,41.00,-152,4395878,-668173.46,4,fused
332318,000000332318.jpg,640x429,0,0.315895,0,1,TN,yolov8l_bsz4.ms,188.75,100.50,289.25,0.500,Mid (Meeting),4.24,15.35,360.55,3831.00,11499.37,218.71,,0,100,41.00,-152,4395878,-668173.46,4,fused
187249,000000187249.jpg,640x480,0,0.314576,1,0,FN,yolov8l_bsz4.ms,193.25,115.25,308.50,0.500,Mid (Meeting),4.16,15.35,365.89,3824.00,11499.37,211.88,,0,100,41.00,-295,4391411,-1295466.25,4,fused
78426,000000078426.jpg,500x334,0,0.314332,0,1,TN,yolov8l_bsz4.ms,193.25,115.25,308.50,0.500,Mid (Meeting),4.16,15.35,365.89,3824.00,11499.37,211.88,,0,100,41.00,-295,4391411,-1295466.25,4,fused
170595,000000170595.jpg,612x612,0,0.313717,0,1,TN,yolov8l_bsz4.ms,193.25,115.25,308.50,0.500,Mid (Meeting),4.16,15.35,365.89,3824.00,11499.37,211.88,,0,100,41.00,-295,4391411,-1295466.25,4,fused
189828,000000189828.jpg,612x612,0,0.313281,0,1,TN,yolov8l_bsz4.ms,193.25,115.25,308.50,0.500,Mid (Meeting),4.16,15.35,365.89,3824.00,11499.37,211.88,,0,100,41.00,-295,4391411,-1295466.25,4,fused
523194,000000523194.jpg,640x425,0,0.312939,0,1,TN,yolov8l_bsz4.ms,178.50,94.75,273.25,0.500,Mid (Meeting),4.07,15.94,339.28,3851.00,11499.37,237.99,,0,100,41.00,-125,4396884,-549610.50,4,fused
81061,000000081061.jpg,640x442,0,0.312520,0,1,TN,yolov8l_bsz4.ms,178.50,94.75,273.25,0.500,Mid (Meeting),4.07,15.94,339.28,3851.00,11499.37,237.99,,0,100,41.00,-125,4396884,-549610.50,4,fused
13348,000000013348.jpg,640x427,0,0.312212,1,0,FN,yolov8l_bsz4.ms,178.50,94.75,273.25,0.500,Mid (Meeting),4.07,15.94,339.28,3851.00,11499.37,237.99,,0,100,41.00,-125,4396884,-549610.50,4,fused
209972,000000209972.jpg,640x299,0,0.312118,0,1,TN,yolov8l_bsz4.ms,178.50,94.75,273.25,0.500,Mid (Meeting),4.07,15.94,339.28,3851.00,11499.37,237.99,,0,100,41.00,-125,4396884,-549610.50,4,fused
225946,000000225946.jpg,640x463,0,0.311794,0,1,TN,yolov8l_bsz4.ms,187.00,100.00,287.00,0.500,Mid (Meeting),4.00,15.94,284.96,3907.00,11499.37,293.23,,0,100,41.00,-327,4390358,-1435647.07,4,fused
343315,000000343315.jpg,640x478,0,0.310956,0,1,TN,yolov8l_bsz4.ms,187.00,100.00,287.00,0.500,Mid (Meeting),4.00,15.94,284.96,3907.00,11499.37,293.23,,0,100,41.00,-327,4390358,-1435647.07,4,fused
236412,000000236412.jpg,640x480,0,0.310896,0,1,TN,yolov8l_bsz4.ms,187.00,100.00,287.00,0.500,Mid (Meeting),4.00,15.94,284.96,3907.00,11499.37,293.23,,0,100,41.00,-327,4390358,-1435647.07,4,fused
61333,000000061333.jpg,500x361,0,0.310559,0,1,TN,yolov8l_bsz4.ms,187.00,100.00,287.00,0.500,Mid (Meeting),4.00,15.94,284.96,3907.00,11499.37,293.23,,0,100,41.00,-327,4390358,-1435647.07,4,fused
227985,000000227985.jpg,640x480,0,0.310520,0,1,TN,yolov8l_bsz4.ms,193.00,108.25,301.25,0.500,Mid (Meeting),3.95,15.99,362.72,3830.00,11499.37,214.60,,0,100,41.00,-273,4392003,-1199016.82,4,fused
500423,000000500423.jpg,640x427,0,0.308988,1,0,FN,yolov8l_bsz4.ms,193.00,108.25,301.25,0.500,Mid (Meeting),3.95,15.99,362.72,3830.00,11499.37,214.60,,0,100,41.00,-273,4392003,-1199016.82,4,fused
360137,000000360137.jpg,640x640,0,0.308891,1,0,FN,yolov8l_bsz4.ms,193.00,108.25,301.25,0.500,Mid (Meeting),3.95,15.99,362.72,3830.00,11499.37,214.60,,0,100,41.00,-273,4392003,-1199016.82,4,fused
2923,000000002923.jpg,500x375,0,0.308611,0,1,TN,yolov8l_bsz4.ms,193.00,108.25,301.25,0.500,Mid (Meeting),3.95,15.99,362.72,3830.00,11499.37,214.60,,0,100,41.00,-273,4392003,-1199016.82,4,fused
489014,000000489014.jpg,640x480,0,0.307741,1,0,FN,yolov8l_bsz4.ms,186.25,111.75,298.00,0.500,Mid (Meeting),3.92,15.99,361.65,3830.00,11499.37,214.39,,0,100,41.00,-233,4393148,-1023603.48,4,fused
440507,000000440507.jpg,500x375,0,0.307706,0,1,TN,yolov8l_bsz4.ms,186.25,111.75,298.00,0.500,Mid (Meeting),3.92,15.99,361.65,3830.00,11499.37,214.39,,0,100,41.00,-233,4393148,-1023603.48,4,fused
191471,000000191471.jpg,640x480,0,0.307603,0,1,TN,yolov8l_bsz4.ms,186.25,111.75,298.00,0.500,Mid (Meeting),3.92,15.99,361.65,3830.00,11499.37,214.39,,0,100,41.00,-233,4393148,-1023603.48,4,fused
227187,000000227187.jpg,640x480,0,0.306585,0,1,TN,yolov8l_bsz4.ms,186.25,111.75,298.00,0.500,Mid (Meeting),3.92,15.99,361.65,3830.00,11499.37,214.39,,0,100,41.00,-233,4393148,-1023603.48,4,fused
176446,000000176446.jpg,640x480,0,0.305257,0,1,TN,yolov8l_bsz4.ms,188.75,116.50,305.25,0.500,Mid (Meeting),8.29,16.30,287.37,3903.00,11499.37,287.84,,0,100,41.00,-235,4393319,-1032429.96,4,fused
96960,000000096960.jpg,640x478,0,0.304859,0,1,TN,yolov8l_bsz4.ms,188.75,116.50,305.25,0.500,Mid (Meeting),8.29,16.30,287.37,3903.00,11499.37,287.84,,0,100,41.00,-235,4393319,-1032429.96,4,fused
419096,000000419096.jpg,612x612,0,0.304723,0,1,TN,yolov8l_bsz4.ms,188.75,116.50,305.25,0.500,Mid (Meeting),8.29,16.30,287.37,3903.00,11499.37,287.84,,0,100,41.00,-235,4393319,-1032429.96,4,fused
524280,000000524280.jpg,640x640,0,0.304718,0,1,TN,yolov8l_bsz4.ms,188.75,116.50,305.25,0.500,Mid (Meeting),8.29,16.30,287.37,3903.00,11499.37,287.84,,0,100,41.00,-235,4393319,-1032429.96,4,fused
26465,000000026465.jpg,500x375,0,0.304644,1,0,FN,yolov8l_bsz4.ms,186.50,110.75,297.25,0.500,Mid (Meeting),4.23,16.30,363.44,3828.00,11499.37,210.80,,0,100,41.00,-215,4393726,-944651.09,4,fused
173033,000000173033.jpg,480x640,0,0.303651,0,1,TN,yolov8l_bsz4.ms,186.50,110.75,297.25,0.500,Mid (Meeting),4.23,16.30,363.44,3828.00,11499.37,210.80,,0,100,41.00,-215,4393726,-944651.09,4,fused
414676,000000414676.jpg,423x640,0,0.303201,0,1,TN,yolov8l_bsz4.ms,186.50,110.75,297.25,0.500,Mid (Meeting),4.23,16.30,363.44,3828.00,11499.37,210.80,,0,100,41.00,-215,4393726,-944651.09,4,fused
338901,000000338901.jpg,640x480,0,0.302713,0,1,TN,yolov8l_bsz4.ms,186.50,110.75,297.25,0.500,Mid (Meeting),4.23,16.30,363.44,3828.00,11499.37,210.80,,0,100,41.00,-215,4393726,-944651.09,4,fused
293044,000000293044.jpg,288x160,0,0.302489,0,1,TN,yolov8l_bsz4.ms,183.50,96.75,280.25,0.500,Mid (Meeting),3.94,16.97,363.44,3827.00,11499.37,209.02,,0,100,41.00,-130,4396508,-571546.04,4,fused
36861,000000036861.jpg,480x640,0,0.302399,0,1,TN,yolov8l_bsz4.ms,183.50,96.75,280.25,0.500,Mid (Meeting),3.94,16.97,363.44,3827.00,11499.37,209.02,,0,100,41.00,-130,4396508,-571546.04,4,fused
427649,000000427649.jpg,480x640,0,0.300951,0,1,TN,yolov8l_bsz4.ms,183.50,96.75,280.25,0.500,Mid (Meeting),3.94,16.97,363.44,3827.00,11499.37,209.02,,0,100,41.00,-130,4396508,-571546.04,4,fused
579818,000000579818.jpg,640x360,0,0.300753,1,0,FN,yolov8l_bsz4.ms,183.50,96.75,280.25,0.500,Mid (Meeting),3.94,16.97,363.44,3827.00,11499.37,209.02,,0,100,41.00,-130,4396508,-571546.04,4,fused
179653,000000179653.jpg,640x480,0,0.300394,0,1,TN,yolov8l_bsz4.ms,189.75,100.50,290.25,0.500,Mid (Meeting),3.97,16.97,341.06,3849.00,11499.37,230.14,,0,100,41.00,-298,4391078,-1308541.24,4,fused
86483,000000086483.jpg,500x375,0,0.300367,1,0,FN,yolov8l_bsz4.ms,189.75,100.50,290.25,0.500,Mid (Meeting),3.97,16.97,341.06,3849.00,11499.37,230.14,,0,100,41.00,-298,4391078,-1308541.24,4,fused
42178,000000042178.jpg,640x480,0,0.299687,0,1,TN,yolov8l_bsz4.ms,189.75,100.50,290.25,0.500,Mid (Meeting),3.97,16.97,341.06,3849.00,11499.37,230.14,,0,100,41.00,-298,4391078,-1308541.24,4,fused
479596,000000479596.jpg,640x428,0,0.299460,0,1,TN,yolov8l_bsz4.ms,189.75,100.50,290.25,0.500,Mid (Meeting),3.97,16.97,341.06,3849.00,11499.37,230.14,,0,100,41.00,-298,4391078,-1308541.24,4,fused
97585,000000097585.jpg,480x640,0,0.299252,0,1,TN,yolov8l_bsz4.ms,185.00,108.75,293.75,0.500,Mid (Meeting),3.88,17.41,290.59,3899.00,11499.37,279.64,,0,100,40.00,-222,4393574,-975373.43,4,fused
281447,000000281447.jpg,640x421,0,0.297238,0,1,TN,yolov8l_bsz4.ms,185.00,108.75,293.75,0.500,Mid (Meeting),3.88,17.41,290.59,3899.00,11499.37,279.64,,0,100,40.00,-222,4393574,-975373.43,4,fused
19042,000000019042.jpg,640x371,0,0.296976,0,1,TN,yolov8l_bsz4.ms,185.00,108.75,293.75,0.500,Mid (Meeting),3.88,17.41,290.59,3899.00,11499.37,279.64,,0,100,40.00,-222,4393574,-975373.43,4,fused
402346,000000402346.jpg,640x480,0,0.296910,0,1,TN,yolov8l_bsz4.ms,185.00,108.75,293.75,0.500,Mid (Meeting),3.88,17.41,290.59,3899.00,11499.37,279.64,,0,100,40.00,-222,4393574,-975373.43,4,fused
140658,000000140658.jpg,480x640,0,0.296643,0,1,TN,yolov8l_bsz4.ms,184.00,107.75,291.75,0.500,Mid (Meeting),3.86,17.41,362.52,3827.00,11499.37,206.73,,0,100,40.00,-230,4393251,-1010447.73,4,fused
249643,000000249643.jpg,640x461,0,0.296467,1,0,FN,yolov8l_bsz4.ms,184.00,107.75,291.75,0.500,Mid (Meeting),3.86,17.41,362.52,3827.00,11499.37,206.73,,0,100,40.00,-230,4393251,-1010447.73,4,fused
251824,000000251824.jpg,500x375,0,0.296110,1,0,FN,yolov8l_bsz4.ms,184.00,107.75,291.75,0.500,Mid (Meeting),3.86,17.41,362.52,3827.00,11499.37,206.73,,0,100,40.00,-230,4393251,-1010447.73,4,fused
50149,000000050149.jpg,500x376,0,0.296023,0,1,TN,yolov8l_bsz4.ms,184.00,107.75,291.75,0.500,Mid (Meeting),3.86,17.41,362.52,3827.00,11499.37,206.73,,0,100,40.00,-230,4393251,-1010447.73,4,fused
59598,000000059598.jpg,640x480,0,0.295700,1,0,FN,yolov8l_bsz4.ms,194.75,99.50,294.25,0.500,Mid (Meeting),3.80,17.69,367.07,3823.00,11499.37,205.09,,0,100,40.00,-336,4389646,-1474921.06,4,fused
560279,000000560279.jpg,612x612,0,0.295691,0,1,TN,yolov8l_bsz4.ms,194.75,99.50,294.25,0.500,Mid (Meeting),3.80,17.69,367.07,3823.00,11499.37,205.09,,0,100,40.00,-336,4389646,-1474921.06,4,fused
154339,000000154339.jpg,640x427,0,0.294584,0,1,TN,yolov8l_bsz4.ms,194.75,99.50,294.25,0.500,Mid (Meeting),3.80,17.69,367.07,3823.00,11499.37,205.09,,0,100,40.00,-336,4389646,-1474921.06,4,fused
330818,000000330818.jpg,426x640,0,0.294266,1,0,FN,yolov8l_bsz4.ms,194.75,99.50,294.25,0.500,Mid (Meeting),3.80,17.69,367.07,3823.00,11499.37,205.09,,0,100,40.00,-336,4389646,-1474921.06,4,fused
28285,000000028285.jpg,640x425,0,0.294240,0,1,TN,yolov8l_bsz4.ms,188.50,121.00,309.50,0.500,Mid (Meeting),3.83,17.69,341.57,3849.00,11499.37,229.07,,0,100,40.00,-186,4394655,-817405.83,4,fused
125257,000000125257.jpg,640x480,0,0.294157,1,0,FN,yolov8l_bsz4.ms,188.50,121.00,309.50,0.500,Mid (Meeting),3.83,17.69,341.57,3849.00,11499.37,229.07,,0,100,40.00,-186,4394655,-817405.83,4,fused
173371,000000173371.jpg,612x612,0,0.293765,0,1,TN,yolov8l_bsz4.ms,188.50,121.00,309.50,0.500,Mid (Meeting),3.83,17.69,341.57,3849.00,11499.37,229.07,,0,100,40.00,-186,4394655,-817405.83,4,fused
190853,000000190853.jpg,383x640,0,0.293754,1,0,FN,yolov8l_bsz4.ms,188.50,121.00,309.50,0.500,Mid (Meeting),3.83,17.69,341.57,3849.00,11499.37,229.07,,0,100,40.00,-186,4394655,-817405.83,4,fused
445722,000000445722.jpg,318x500,0,0.293607,1,0,FN,yolov8l_bsz4.ms,192.75,104.75,297.50,0.500,Mid (Meeting),3.84,17.74,287.08,3903.00,11499.37,282.29,,0,100,40.00,-232,4393230,-1019229.36,4,fused
189226,000000189226.jpg,640x427,0,0.293522,0,1,TN,yolov8l_bsz4.ms,192.75,104.75,297.50,0.500,Mid (Meeting),3.84,17.74,287.08,3903.00,11499.37,282.29,,0,100,40.00,-232,4393230,-1019229.36,4,fused
160772,000000160772.jpg,640x512,0,0.293478,1,0,FN,yolov8l_bsz4.ms,192.75,104.75,297.50,0.500,Mid (Meeting),3.84,17.74,287.08,3903.00,11499.37,282.29,,0,100,40.00,-232,4393230,-1019229.36,4,fused
308193,000000308193.jpg,480x640,0,0.293119,0,1,TN,yolov8l_bsz4.ms,192.75,104.75,297.50,0.500,Mid (Meeting),3.84,17.74,287.08,3903.00,11499.37,282.29,,0,100,40.00,-232,4393230,-1019229.36,4,fused
389933,000000389933.jpg,640x480,0,0.293119,0,1,TN,yolov8l_bsz4.ms,189.25,112.50,301.75,0.500,Mid (Meeting),3.41,17.74,364.77,3825.00,11499.37,203.21,,0,100,40.00,-197,4394342,-865685.37,4,fused
60449,000000060449.jpg,480x640,0,0.292567,0,1,TN,yolov8l_bsz4.ms,189.25,112.50,301.75,0.500,Mid (Meeting),3.41,17.74,364.77,3825.00,11499.37,203.21,,0,100,40.00,-197,4394342,-865685.37,4,fused
447169,000000447169.jpg,640x480,0,0.292320,0,1,TN,yolov8l_bsz4.ms,189.25,112.50,301.75,0.500,Mid (Meeting),3.41,17.74,364.77,3825.00,11499.37,203.21,,0,100,40.00,-197,4394342,-865685.37,4,fused
109441,000000109441.jpg,640x480,0,0.292238,0,1,TN,yolov8l_bsz4.ms,189.25,112.50,301.75,0.500,Mid (Meeting),3.41,17.74,364.77,3825.00,11499.37,203.21,,0,100,40.00,-197,4394342,-865685.37,4,fused
437110,000000437110.jpg,480x640,0,0.292182,0,1,TN,yolov8l_bsz4.ms,183.50,106.00,289.50,0.500,Mid (Meeting),3.70,17.25,361.66,3827.00,11499.37,205.23,,0,100,40.00,-169,4395237,-742795.05,4,fused
236845,000000236845.jpg,495x640,0,0.292076,0,1,TN,yolov8l_bsz4.ms,183.50,106.00,289.50,0.500,Mid (Meeting),3.70,17.25,361.66,3827.00,11499.37,205.23,,0,100,40.00,-169,4395237,-742795.05,4,fused
565607,000000565607.jpg,640x313,0,0.291683,0,1,TN,yolov8l_bsz4.ms,183.50,106.00,289.50,0.500,Mid (Meeting),3.70,17.25,361.66,3827.00,11499.37,205.23,,0,100,40.00,-169,4395237,-742795.05,4,fused
357567,000000357567.jpg,480x640,0,0.291360,0,1,TN,yolov8l_bsz4.ms,183.50,106.00,289.50,0.500,Mid (Meeting),3.70,17.25,361.66,3827.00,11499.37,205.23,,0,100,40.00,-169,4395237,-742795.05,4,fused
212559,000000212559.jpg,640x528,0,0.291273,0,1,TN,yolov8l_bsz4.ms,187.25,97.75,285.00,0.500,Mid (Meeting),3.68,17.25,339.79,3848.00,11499.37,225.04,,0,100,40.00,-276,4391904,-1212165.50,4,fused
517523,000000517523.jpg,640x435,0,0.290639,0,1,TN,yolov8l_bsz4.ms,187.25,97.75,285.00,0.500,Mid (Meeting),3.68,17.25,339.79,3848.00,11499.37,225.04,,0,100,40.00,-276,4391904,-1212165.50,4,fused
250205,000000250205.jpg,640x457,0,0.290556,0,1,TN,yolov8l_bsz4.ms,187.25,97.75,285.00,0.500,Mid (Meeting),3.68,17.25,339.79,3848.00,11499.37,225.04,,0,100,40.00,-276,4391904,-1212165.50,4,fused
6818,000000006818.jpg,427x640,0,0.290489,0,1,TN,yolov8l_bsz4.ms,187.25,97.75,285.00,0.500,Mid (Meeting),3.68,17.25,339.79,3848.00,11499.37,225.04,,0,100,40.00,-276,4391904,-1212165.50,4,fused
474164,000000474164.jpg,633x640,0,0.290462,0,1,TN,yolov8l_bsz4.ms,190.25,110.50,300.75,0.500,Mid (Meeting),3.73,17.53,286.69,3901.00,11499.37,277.11,,0,100,41.00,-316,4390215,-1387307.94,4,fused
482477,000000482477.jpg,492x640,0,0.290387,0,1,TN,yolov8l_bsz4.ms,190.25,110.50,300.75,0.500,Mid (Meeting),3.73,17.53,286.69,3901.00,11499.37,277.11,,0,100,41.00,-316,4390215,-1387307.94,4,fused
267300,000000267300.jpg,640x480,0,0.289877,0,1,TN,yolov8l_bsz4.ms,190.25,110.50,300.75,0.500,Mid (Meeting),3.73,17.53,286.69,3901.00,11499.37,277.11,,0,100,41.00,-316,4390215,-1387307.94,4,fused
197022,000000197022.jpg,640x478,0,0.289413,0,1,TN,yolov8l_bsz4.ms,190.25,110.50,300.75,0.500,Mid (Meeting),3.73,17.53,286.69,3901.00,11499.37,277.11,,0,100,41.00,-316,4390215,-1387307.94,4,fused
115118,000000115118.jpg,640x427,0,0.289325,0,1,TN,yolov8l_bsz4.ms,188.75,110.25,299.00,0.500,Mid (Meeting),3.70,17.53,361.37,3826.00,11499.37,201.38,,0,100,41.00,-255,4392678,-1120132.89,4,fused
311950,000000311950.jpg,448x640,0,0.289047,0,1,TN,yolov8l_bsz4.ms,188.75,110.25,299.00,0.500,Mid (Meeting),3.70,17.53,361.37,3826.00,11499.37,201.38,,0,100,41.00,-255,4392678,-1120132.89,4,fused
286660,000000286660.jpg,371x500,0,0.288961,1,0,FN,yolov8l_bsz4.ms,188.75,110.25,299.00,0.500,Mid (Meeting),3.70,17.53,361.37,3826.00,11499.37,201.38,,0,100,41.00,-255,4392678,-1120132.89,4,fused
512836,000000512836.jpg,480x640,0,0.288652,1,0,FN,yolov8l_bsz4.ms,188.75,110.25,299.00,0.500,Mid (Meeting),3.70,17.53,361.37,3826.00,11499.37,201.38,,0,100,41.00,-255,4392678,-1120132.89,4,fused
125952,000000125952.jpg,358x640,0,0.288442,0,1,TN,yolov8l_bsz4.ms,184.75,102.75,287.50,0.500,Mid (Meeting),3.69,17.44,361.35,3825.00,11499.37,199.94,,0,100,41.00,-227,4393404,-997302.71,4,fused
435206,000000435206.jpg,640x427,0,0.288195,1,0,FN,yolov8l_bsz4.ms,184.75,102.75,287.50,0.500,Mid (Meeting),3.69,17.44,361.35,3825.00,11499.37,199.94,,0,100,41.00,-227,4393404,-997302.71,4,fused
153299,000000153299.jpg,461x500,0,0.287400,0,1,TN,yolov8l_bsz4.ms,184.75,102.75,287.50,0.500,Mid (Meeting),3.69,17.44,361.35,3825.00,11499.37,199.94,,0,100,41.00,-227,4393404,-997302.71,4,fused
312340,000000312340.jpg,640x425,0,0.287282,0,1,TN,yolov8l_bsz4.ms,184.75,102.75,287.50,0.500,Mid (Meeting),3.69,17.44,361.35,3825.00,11499.37,199.94,,0,100,41.00,-227,4393404,-997302.71,4,fused
308476,000000308476.jpg,640x480,0,0.287187,0,1,TN,yolov8l_bsz4.ms,189.25,97.00,286.25,0.500,Mid (Meeting),3.75,17.44,338.44,3848.00,11499.37,221.19,,0,100,41.00,-266,4391779,-1168213.21,4,fused
376478,000000376478.jpg,480x640,0,0.286889,0,1,TN,yolov8l_bsz4.ms,189.25,97.00,286.25,0.500,Mid (Meeting),3.75,17.44,338.44,3848.00,11499.37,221.19,,0,100,41.00,-266,4391779,-1168213.21,4,fused
245915,000000245915.jpg,500x333,0,0.286847,0,1,TN,yolov8l_bsz4.ms,189.25,97.00,286.25,0.500,Mid (Meeting),3.75,17.44,338.44,3848.00,11499.37,221.19,,0,100,41.00,-266,4391779,-1168213.21,4,fused
323709,000000323709.jpg,640x320,0,0.286567,0,1,TN,yolov8l_bsz4.ms,189.25,97.00,286.25,0.500,Mid (Meeting),3.75,17.44,338.44,3848.00,11499.37,221.19,,0,100,41.00,-266,4391779,-1168213.21,4,fused
162543,000000162543.jpg,640x360,0,0.286371,0,1,TN,yolov8l_bsz4.ms,183.75,91.75,275.50,0.500,Mid (Meeting),3.70,17.12,293.78,3892.00,11499.37,265.01,,0,100,41.00,-104,4397123,-457300.79,4,fused
186938,000000186938.jpg,640x427,0,0.286302,0,1,TN,yolov8l_bsz4.ms,183.75,91.75,275.50,0.500,Mid (Meeting),3.70,17.12,293.78,3892.00,11499.37,265.01,,0,100,41.00,-104,4397123,-457300.79,4,fused
131386,000000131386.jpg,640x427,0,0.286170,0,1,TN,yolov8l_bsz4.ms,183.75,91.75,275.50,0.500,Mid (Meeting),3.70,17.12,293.78,3892.00,11499.37,265.01,,0,100,41.00,-104,4397123,-457300.79,4,fused
43581,000000043581.jpg,640x427,0,0.286118,0,1,TN,yolov8l_bsz4.ms,183.75,91.75,275.50,0.500,Mid (Meeting),3.70,17.12,293.78,3892.00,11499.37,265.01,,0,100,41.00,-104,4397123,-457300.79,4,fused
144114,000000144114.jpg,600x400,0,0.285829,1,0,FN,yolov8l_bsz4.ms,187.75,97.75,285.50,0.500,Mid (Meeting),4.45,17.12,360.34,3825.00,11499.37,196.91,,0,100,41.00,-221,4393395,-970940.30,4,fused
312406,000000312406.jpg,640x480,0,0.285718,0,1,TN,yolov8l_bsz4.ms,187.75,97.75,285.50,0.500,Mid (Meeting),4.45,17.12,360.34,3825.00,11499.37,196.91,,0,100,41.00,-221,4393395,-970940.30,4,fused
277689,000000277689.jpg,640x424,0,0.285691,0,1,TN,yolov8l_bsz4.ms,187.75,97.75,285.50,0.500,Mid (Meeting),4.45,17.12,360.34,3825.00,11499.37,196.91,,0,100,41.00,-221,4393395,-970940.30,4,fused
542073,000000542073.jpg,375x500,0,0.285619,0,1,TN,yolov8l_bsz4.ms,187.75,97.75,285.50,0.500,Mid (Meeting),4.45,17.12,360.34,3825.00,11499.37,196.91,,0,100,41.00,-221,4393395,-970940.30,4,fused
182417,000000182417.jpg,640x480,0,0.285580,0,1,TN,yolov8l_bsz4.ms,195.25,103.25,298.50,0.500,Mid (Meeting),4.17,19.99,360.79,3824.00,11499.37,231.38,,0,100,41.00,-225,4393382,-988510.95,4,fused
459500,000000459500.jpg,375x500,0,0.285079,0,1,TN,yolov8l_bsz4.ms,195.25,103.25,298.50,0.500,Mid (Meeting),4.17,19.99,360.79,3824.00,11499.37,231.38,,0,100,41.00,-225,4393382,-988510.95,4,fused
244379,000000244379.jpg,640x464,0,0.284635,0,1,TN,yolov8l_bsz4.ms,195.25,103.25,298.50,0.500,Mid (Meeting),4.17,19.99,360.79,3824.00,11499.37,231.38,,0,100,41.00,-225,4393382,-988510.95,4,fused
355169,000000355169.jpg,640x480,0,0.284626,0,1,TN,yolov8l_bsz4.ms,195.25,103.25,298.50,0.500,Mid (Meeting),4.17,19.99,360.79,3824.00,11499.37,231.38,,0,100,41.00,-225,4393382,-988510.95,4,fused
439854,000000439854.jpg,500x333,0,0.283789,1,0,FN,yolov8l_bsz4.ms,190.25,101.25,291.50,0.500,Mid (Meeting),3.91,19.99,283.98,3899.00,11499.37,320.00,,0,100,41.00,-300,4391109,-1317332.70,4,fused
241326,000000241326.jpg,500x375,0,0.283674,0,1,TN,yolov8l_bsz4.ms,190.25,101.25,291.50,0.500,Mid (Meeting),3.91,19.99,283.98,3899.00,11499.37,320.00,,0,100,41.00,-300,4391109,-1317332.70,4,fused
573626,000000573626.jpg,500x375,0,0.283344,0,1,TN,yolov8l_bsz4.ms,190.25,101.25,291.50,0.500,Mid (Meeting),3.91,19.99,283.98,3899.00,11499.37,320.00,,0,100,41.00,-300,4391109,-1317332.70,4,fused
126592,000000126592.jpg,640x433,0,0.282451,0,1,TN,yolov8l_bsz4.ms,190.25,101.25,291.50,0.500,Mid (Meeting),3.91,19.99,283.98,3899.00,11499.37,320.00,,0,100,41.00,-300,4391109,-1317332.70,4,fused
352760,000000352760.jpg,544x640,0,0.282429,1,0,FN,yolov8l_bsz4.ms,189.50,101.25,290.75,0.500,Mid (Meeting),3.80,21.48,361.46,3830.00,11499.37,249.26,,0,100,40.00,-225,4393404,-988515.90,4,fused
407943,000000407943.jpg,640x427,0,0.282151,1,0,FN,yolov8l_bsz4.ms,189.50,101.25,290.75,0.500,Mid (Meeting),3.80,21.48,361.46,3830.00,11499.37,249.26,,0,100,40.00,-225,4393404,-988515.90,4,fused
162366,000000162366.jpg,640x451,0,0.281921,0,1,TN,yolov8l_bsz4.ms,189.50,101.25,290.75,0.500,Mid (Meeting),3.80,21.48,361.46,3830.00,11499.37,249.26,,0,100,40.00,-225,4393404,-988515.90,4,fused
300842,000000300842.jpg,640x426,0,0.281883,0,1,TN,yolov8l_bsz4.ms,189.50,101.25,290.75,0.500,Mid (Meeting),3.80,21.48,361.46,3830.00,11499.37,249.26,,0,100,40.00,-225,4393404,-988515.90,4,fused
340175,000000340175.jpg,640x394,0,0.280715,0,1,TN,yolov8l_bsz4.ms,187.75,110.50,298.25,0.500,Mid (Meeting),3.76,21.48,358.96,3831.00,11499.37,250.02,,0,100,40.00,-114,4396813,-501236.68,4,fused
464786,000000464786.jpg,640x428,0,0.280713,1,0,FN,yolov8l_bsz4.ms,187.75,110.50,298.25,0.500,Mid (Meeting),3.76,21.48,358.96,3831.00,11499.37,250.02,,0,100,40.00,-114,4396813,-501236.68,4,fused
208208,000000208208.jpg,640x480,0,0.280473,0,1,TN,yolov8l_bsz4.ms,187.75,110.50,298.25,0.500,Mid (Meeting),3.76,21.48,358.96,3831.00,11499.37,250.02,,0,100,40.00,-114,4396813,-501236.68,4,fused
160666,000000160666.jpg,640x480,0,0.280417,0,1,TN,yolov8l_bsz4.ms,187.75,110.50,298.25,0.500,Mid (Meeting),3.76,21.48,358.96,3831.00,11499.37,250.02,,0,100,40.00,-114,4396813,-501236.68,4,fused
562843,000000562843.jpg,500x375,0,0.280394,0,1,TN,yolov8l_bsz4.ms,190.25,103.25,293.50,0.500,Mid (Meeting),3.78,19.17,337.58,3880.00,11499.37,297.55,,0,100,40.00,-258,4392174,-1133180.89,4,fused
217872,000000217872.jpg,334x500,0,0.279667,1,0,FN,yolov8l_bsz4.ms,190.25,103.25,293.50,0.500,Mid (Meeting),3.78,19.17,337.58,3880.00,11499.37,297.55,,0,100,40.00,-258,4392174,-1133180.89,4,fused
263299,000000263299.jpg,500x335,0,0.279485,0,1,TN,yolov8l_bsz4.ms,190.25,103.25,293.50,0.500,Mid (Meeting),3.78,19.17,337.58,3880.00,11499.37,297.55,,0,100,40.00,-258,4392174,-1133180.89,4,fused
368900,000000368900.jpg,640x480,0,0.279436,0,1,TN,yolov8l_bsz4.ms,190.25,103.25,293.50,0.500,Mid (Meeting),3.78,19.17,337.58,3880.00,11499.37,297.55,,0,100,40.00,-258,4392174,-1133180.89,4,fused
304817,000000304817.jpg,640x480,0,0.278915,0,1,TN,yolov8l_bsz4.ms,185.75,97.25,283.00,0.500,Mid (Meeting),3.75,19.17,283.41,3934.00,11499.37,350.13,,0,100,40.00,-280,4391766,-1229694.48,4,fused
5992,000000005992.jpg,640x428,0,0.278833,0,1,TN,yolov8l_bsz4.ms,185.75,97.25,283.00,0.500,Mid (Meeting),3.75,19.17,283.41,3934.00,11499.37,350.13,,0,100,40.00,-280,4391766,-1229694.48,4,fused
57149,000000057149.jpg,640x427,0,0.278779,0,1,TN,yolov8l_bsz4.ms,185.75,97.25,283.00,0.500,Mid (Meeting),3.75,19.17,283.41,3934.00,11499.37,350.13,,0,100,40.00,-280,4391766,-1229694.48,4,fused
430875,000000430875.jpg,500x375,0,0.278595,0,1,TN,yolov8l_bsz4.ms,185.75,97.25,283.00,0.500,Mid (Meeting),3.75,19.17,283.41,3934.00,11499.37,350.13,,0,100,40.00,-280,4391766,-1229694.48,4,fused
89271,000000089271.jpg,640x524,0,0.277988,0,1,TN,yolov8l_bsz4.ms,194.00,100.50,294.50,0.500,Mid (Meeting),3.71,18.14,360.34,3858.00,11499.37,272.42,,0,100,40.00,-261,4392182,-1146359.50,4,fused
162035,000000162035.jpg,500x375,0,0.277532,1,0,FN,yolov8l_bsz4.ms,194.00,100.50,294.50,0.500,Mid (Meeting),3.71,18.14,360.34,3858.00,11499.37,272.42,,0,100,40.00,-261,4392182,-1146359.50,4,fused
546556,000000546556.jpg,640x301,0,0.277387,0,1,TN,yolov8l_bsz4.ms,194.00,100.50,294.50,0.500,Mid (Meeting),3.71,18.14,360.34,3858.00,11499.37,272.42,,0,100,40.00,-261,4392182,-1146359.50,4,fused
382122,000000382122.jpg,424x640,0,0.276568,0,1,TN,yolov8l_bsz4.ms,194.00,100.50,294.50,0.500,Mid (Meeting),3.71,18.14,360.34,3858.00,11499.37,272.42,,0,100,40.00,-261,4392182,-1146359.50,4,fused
155291,000000155291.jpg,640x427,0,0.276516,0,1,TN,yolov8l_bsz4.ms,183.50,109.00,292.50,0.500,Mid (Meeting),6.62,18.14,360.80,3859.00,11499.37,269.25,,0,100,40.00,-189,4394546,-830569.19,4,fused
513484,000000513484.jpg,640x425,0,0.276377,0,1,TN,yolov8l_bsz4.ms,183.50,109.00,292.50,0.500,Mid (Meeting),6.62,18.14,360.80,3859.00,11499.37,269.25,,0,100,40.00,-189,4394546,-830569.19,4,fused
482487,000000482487.jpg,480x640,0,0.276343,0,1,TN,yolov8l_bsz4.ms,183.50,109.00,292.50,0.500,Mid (Meeting),6.62,18.14,360.80,3859.00,11499.37,269.25,,0,100,40.00,-189,4394546,-830569.19,4,fused
173004,000000173004.jpg,640x480,0,0.276160,0,1,TN,yolov8l_bsz4.ms,183.50,109.00,292.50,0.500,Mid (Meeting),6.62,18.14,360.80,3859.00,11499.37,269.25,,0,100,40.00,-189,4394546,-830569.19,4,fused
259640,000000259640.jpg,640x427,0,0.276052,1,0,FN,yolov8l_bsz4.ms,177.75,110.00,287.75,0.500,Mid (Meeting),4.81,16.50,339.43,3880.00,11499.37,289.31,,0,100,40.00,-161,4395329,-707647.97,4,fused
375078,000000375078.jpg,480x640,0,0.275381,0,1,TN,yolov8l_bsz4.ms,177.75,110.00,287.75,0.500,Mid (Meeting),4.81,16.50,339.43,3880.00,11499.37,289.31,,0,100,40.00,-161,4395329,-707647.97,4,fused
297343,000000297343.jpg,640x432,0,0.275179,0,1,TN,yolov8l_bsz4.ms,177.75,110.00,287.75,0.500,Mid (Meeting),4.81,16.50,339.43,3880.00,11499.37,289.31,,0,100,40.00,-161,4395329,-707647.97,4,fused
252716,000000252716.jpg,426x640,0,0.275085,1,0,FN,yolov8l_bsz4.ms,177.75,110.00,287.75,0.500,Mid (Meeting),4.81,16.50,339.43,3880.00,11499.37,289.31,,0,100,40.00,-161,4395329,-707647.97,4,fused
139,000000000139.jpg,640x426,0,0.274823,1,0,FN,yolov8l_bsz4.ms,186.25,92.50,278.75,0.500,Mid (Meeting),4.38,16.50,284.03,3936.00,11499.37,343.24,,0,100,40.00,-291,4391104,-1277811.26,4,fused
496722,000000496722.jpg,640x360,0,0.274351,0,1,TN,yolov8l_bsz4.ms,186.25,92.50,278.75,0.500,Mid (Meeting),4.38,16.50,284.03,3936.00,11499.37,343.24,,0,100,40.00,-291,4391104,-1277811.26,4,fused
194832,000000194832.jpg,640x425,0,0.273998,0,1,TN,yolov8l_bsz4.ms,186.25,92.50,278.75,0.500,Mid (Meeting),4.38,16.50,284.03,3936.00,11499.37,343.24,,0,100,40.00,-291,4391104,-1277811.26,4,fused
132375,000000132375.jpg,640x480,0,0.273744,1,0,FN,yolov8l_bsz4.ms,186.25,92.50,278.75,0.500,Mid (Meeting),4.38,16.50,284.03,3936.00,11499.37,343.24,,0,100,40.00,-291,4391104,-1277811.26,4,fused
129416,000000129416.jpg,500x375,0,0.273651,0,1,TN,yolov8l_bsz4.ms,183.75,103.25,287.00,0.500,Mid (Meeting),4.15,16.54,360.22,3859.00,11499.37,264.88,,0,100,41.00,-145,4395724,-637379.98,4,fused
298396,000000298396.jpg,640x480,0,0.273355,0,1,TN,yolov8l_bsz4.ms,183.75,103.25,287.00,0.500,Mid (Meeting),4.15,16.54,360.22,3859.00,11499.37,264.88,,0,100,41.00,-145,4395724,-637379.98,4,fused
569700,000000569700.jpg,500x341,0,0.273165,0,1,TN,yolov8l_bsz4.ms,183.75,103.25,287.00,0.500,Mid (Meeting),4.15,16.54,360.22,3859.00,11499.37,264.88,,0,100,41.00,-145,4395724,-637379.98,4,fused
7991,000000007991.jpg,640x359,0,0.272598,0,1,TN,yolov8l_bsz4.ms,183.75,103.25,287.00,0.500,Mid (Meeting),4.15,16.54,360.22,3859.00,11499.37,264.88,,0,100,41.00,-145,4395724,-637379.98,4,fused
304365,000000304365.jpg,640x427,0,0.272485,1,0,FN,yolov8l_bsz4.ms,184.75,102.75,287.50,0.500,Mid (Meeting),4.03,16.54,360.56,3860.00,11499.37,264.18,,0,100,41.00,-151,4395711,-663752.36,4,fused
364322,000000364322.jpg,640x480,0,0.271929,0,1,TN,yolov8l_bsz4.ms,184.75,102.75,287.50,0.500,Mid (Meeting),4.03,16.54,360.56,3860.00,11499.37,264.18,,0,100,41.00,-151,4395711,-663752.36,4,fused
106266,000000106266.jpg,640x480,0,0.271344,0,1,TN,yolov8l_bsz4.ms,184.75,102.75,287.50,0.500,Mid (Meeting),4.03,16.54,360.56,3860.00,11499.37,264.18,,0,100,41.00,-151,4395711,-663752.36,4,fused
314294,000000314294.jpg,640x360,0,0.270928,0,1,TN,yolov8l_bsz4.ms,184.75,102.75,287.50,0.500,Mid (Meeting),4.03,16.54,360.56,3860.00,11499.37,264.18,,0,100,41.00,-151,4395711,-663752.36,4,fused
106389,000000106389.jpg,640x480,0,0.270678,0,1,TN,yolov8l_bsz4.ms,180.25,113.75,294.00,0.500,Mid (Meeting),4.07,16.25,341.04,3879.00,11499.37,281.66,,0,100,41.00,-152,4395594,-668130.29,4,fused
78959,000000078959.jpg,384x640,0,0.270101,0,1,TN,yolov8l_bsz4.ms,180.25,113.75,294.00,0.500,Mid (Meeting),4.07,16.25,341.04,3879.00,11499.37,281.66,,0,100,41.00,-152,4395594,-668130.29,4,fused
269942,000000269942.jpg,480x640,0,0.270078,0,1,TN,yolov8l_bsz4.ms,180.25,113.75,294.00,0.500,Mid (Meeting),4.07,16.25,341.04,3879.00,11499.37,281.66,,0,100,41.00,-152,4395594,-668130.29,4,fused
91654,000000091654.jpg,640x480,0,0.269560,0,1,TN,yolov8l_bsz4.ms,180.25,113.75,294.00,0.500,Mid (Meeting),4.07,16.25,341.04,3879.00,11499.37,281.66,,0,100,41.00,-152,4395594,-668130.29,4,fused
297396,000000297396.jpg,500x375,0,0.268845,0,1,TN,yolov8l_bsz4.ms,187.75,105.25,293.00,0.500,Mid (Meeting),3.99,16.25,282.30,3937.00,11499.37,338.79,,0,100,41.00,-229,4393119,-1006024.25,4,fused
507575,000000507575.jpg,640x480,0,0.268590,0,1,TN,yolov8l_bsz4.ms,187.75,105.25,293.00,0.500,Mid (Meeting),3.99,16.25,282.30,3937.00,11499.37,338.79,,0,100,41.00,-229,4393119,-1006024.25,4,fused
255664,000000255664.jpg,500x375,0,0.268541,0,1,TN,yolov8l_bsz4.ms,187.75,105.25,293.00,0.500,Mid (Meeting),3.99,16.25,282.30,3937.00,11499.37,338.79,,0,100,41.00,-229,4393119,-1006024.25,4,fused
269932,000000269932.jpg,375x500,0,0.268048,0,1,TN,yolov8l_bsz4.ms,187.75,105.25,293.00,0.500,Mid (Meeting),3.99,16.25,282.30,3937.00,11499.37,338.79,,0,100,41.00,-229,4393119,-1006024.25,4,fused
235057,000000235057.jpg,480x640,0,0.267949,0,1,TN,yolov8l_bsz4.ms,188.00,109.25,297.25,0.500,Mid (Meeting),3.97,15.85,360.37,3859.00,11499.37,260.01,,0,100,41.00,-211,4393525,-927033.78,4,fused
560312,000000560312.jpg,640x425,0,0.267516,0,1,TN,yolov8l_bsz4.ms,188.00,109.25,297.25,0.500,Mid (Meeting),3.97,15.85,360.37,3859.00,11499.37,260.01,,0,100,41.00,-211,4393525,-927033.78,4,fused
187513,000000187513.jpg,427x640,0,0.267264,0,1,TN,yolov8l_bsz4.ms,188.00,109.25,297.25,0.500,Mid (Meeting),3.97,15.85,360.37,3859.00,11499.37,260.01,,0,100,41.00,-211,4393525,-927033.78,4,fused
123585,000000123585.jpg,480x640,0,0.267237,0,1,TN,yolov8l_bsz4.ms,188.00,109.25,297.25,0.500,Mid (Meeting),3.97,15.85,360.37,3859.00,11499.37,260.01,,0,100,41.00,-211,4393525,-927033.78,4,fused
44260,000000044260.jpg,640x425,0,0.266953,0,1,TN,yolov8l_bsz4.ms,184.00,106.25,290.25,0.500,Mid (Meeting),8.30,15.85,360.37,3859.00,11499.37,257.27,,0,100,41.00,-146,4395702,-641772.49,4,fused
7795,000000007795.jpg,640x427,0,0.266640,0,1,TN,yolov8l_bsz4.ms,184.00,106.25,290.25,0.500,Mid (Meeting),8.30,15.85,360.37,3859.00,11499.37,257.27,,0,100,41.00,-146,4395702,-641772.49,4,fused
236784,000000236784.jpg,500x400,0,0.266523,0,1,TN,yolov8l_bsz4.ms,184.00,106.25,290.25,0.500,Mid (Meeting),8.30,15.85,360.37,3859.00,11499.37,257.27,,0,100,41.00,-146,4395702,-641772.49,4,fused
256518,000000256518.jpg,640x426,0,0.266231,0,1,TN,yolov8l_bsz4.ms,184.00,106.25,290.25,0.500,Mid (Meeting),8.30,15.85,360.37,3859.00,11499.37,257.27,,0,100,41.00,-146,4395702,-641772.49,4,fused
291664,000000291664.jpg,588x640,0,0.265918,0,1,TN,yolov8l_bsz4.ms,181.50,109.75,291.25,0.500,Mid (Meeting),4.84,16.50,343.98,3874.00,11499.37,271.16,,0,100,41.00,-158,4395472,-694484.58,4,fused
482970,000000482970.jpg,640x360,0,0.265882,0,1,TN,yolov8l_bsz4.ms,181.50,109.75,291.25,0.500,Mid (Meeting),4.84,16.50,343.98,3874.00,11499.37,271.16,,0,100,41.00,-158,4395472,-694484.58,4,fused
389566,000000389566.jpg,640x427,0,0.265543,0,1,TN,yolov8l_bsz4.ms,181.50,109.75,291.25,0.500,Mid (Meeting),4.84,16.50,343.98,3874.00,11499.37,271.16,,0,100,41.00,-158,4395472,-694484.58,4,fused
523782,000000523782.jpg,640x480,0,0.265154,0,1,TN,yolov8l_bsz4.ms,181.50,109.75,291.25,0.500,Mid (Meeting),4.84,16.50,343.98,3874.00,11499.37,271.16,,0,100,41.00,-158,4395472,-694484.58,4,fused
17207,000000017207.jpg,640x480,0,0.265068,1,0,FN,yolov8l_bsz4.ms,186.25,107.25,293.50,0.500,Mid (Meeting),4.47,16.50,295.70,3923.00,11499.37,318.39,,0,100,41.00,-259,4392083,-1137549.50,4,fused
333956,000000333956.jpg,428x640,0,0.264300,0,1,TN,yolov8l_bsz4.ms,186.25,107.25,293.50,0.500,Mid (Meeting),4.47,16.50,295.70,3923.00,11499.37,318.39,,0,100,41.00,-259,4392083,-1137549.50,4,fused
113867,000000113867.jpg,633x640,0,0.264126,0,1,TN,yolov8l_bsz4.ms,186.25,107.25,293.50,0.500,Mid (Meeting),4.47,16.50,295.70,3923.00,11499.37,318.39,,0,100,41.00,-259,4392083,-1137549.50,4,fused
533536,000000533536.jpg,640x480,0,0.263873,0,1,TN,yolov8l_bsz4.ms,186.25,107.25,293.50,0.500,Mid (Meeting),4.47,16.50,295.70,3923.00,11499.37,318.39,,0,100,41.00,-259,4392083,-1137549.50,4,fused
74209,000000074209.jpg,640x480,0,0.263658,0,1,TN,yolov8l_bsz4.ms,181.25,107.50,288.75,0.500,Mid (Meeting),4.16,15.39,363.75,3855.00,11499.37,248.78,,0,100,41.00,-234,4392887,-1027935.56,4,fused
382030,000000382030.jpg,500x375,0,0.262900,0,1,TN,yolov8l_bsz4.ms,181.25,107.50,288.75,0.500,Mid (Meeting),4.16,15.39,363.75,3855.00,11499.37,248.78,,0,100,41.00,-234,4392887,-1027935.56,4,fused
368982,000000368982.jpg,640x480,0,0.262825,0,1,TN,yolov8l_bsz4.ms,181.25,107.50,288.75,0.500,Mid (Meeting),4.16,15.39,363.75,3855.00,11499.37,248.78,,0,100,41.00,-234,4392887,-1027935.56,4,fused
226984,000000226984.jpg,640x427,0,0.261946,0,1,TN,yolov8l_bsz4.ms,181.25,107.50,288.75,0.500,Mid (Meeting),4.16,15.39,363.75,3855.00,11499.37,248.78,,0,100,41.00,-234,4392887,-1027935.56,4,fused
300155,000000300155.jpg,640x427,0,0.261943,0,1,TN,yolov8l_bsz4.ms,189.50,108.00,297.50,0.500,Mid (Meeting),4.10,15.39,358.20,3860.00,11499.37,252.32,,0,100,41.00,-233,4392986,-1023565.74,4,fused
297147,000000297147.jpg,640x480,0,0.261698,1,0,FN,yolov8l_bsz4.ms,189.50,108.00,297.50,0.500,Mid (Meeting),4.10,15.39,358.20,3860.00,11499.37,252.32,,0,100,41.00,-233,4392986,-1023565.74,4,fused
541664,000000541664.jpg,500x375,0,0.261518,0,1,TN,yolov8l_bsz4.ms,189.50,108.00,297.50,0.500,Mid (Meeting),4.10,15.39,358.20,3860.00,11499.37,252.32,,0,100,41.00,-233,4392986,-1023565.74,4,fused
196759,000000196759.jpg,640x480,0,0.261417,0,1,TN,yolov8l_bsz4.ms,189.50,108.00,297.50,0.500,Mid (Meeting),4.10,15.39,358.20,3860.00,11499.37,252.32,,0,100,41.00,-233,4392986,-1023565.74,4,fused
354829,000000354829.jpg,500x375,0,0.261015,0,1,TN,yolov8l_bsz4.ms,184.25,105.00,289.25,0.500,Mid (Meeting),4.02,16.28,339.56,3878.00,11499.37,268.55,,0,100,41.00,-294,4391084,-1290978.70,4,fused
125245,000000125245.jpg,500x331,0,0.260978,0,1,TN,yolov8l_bsz4.ms,184.25,105.00,289.25,0.500,Mid (Meeting),4.02,16.28,339.56,3878.00,11499.37,268.55,,0,100,41.00,-294,4391084,-1290978.70,4,fused
501368,000000501368.jpg,375x500,0,0.260677,1,0,FN,yolov8l_bsz4.ms,184.25,105.00,289.25,0.500,Mid (Meeting),4.02,16.28,339.56,3878.00,11499.37,268.55,,0,100,41.00,-294,4391084,-1290978.70,4,fused
347930,000000347930.jpg,640x480,0,0.260672,0,1,TN,yolov8l_bsz4.ms,184.25,105.00,289.25,0.500,Mid (Meeting),4.02,16.28,339.56,3878.00,11499.37,268.55,,0,100,41.00,-294,4391084,-1290978.70,4,fused
385997,000000385997.jpg,640x480,0,0.260565,0,1,TN,yolov8l_bsz4.ms,189.75,99.00,288.75,0.500,Mid (Meeting),3.98,16.28,283.01,3934.00,11499.37,324.02,,0,100,41.00,-263,4391827,-1155050.50,4,fused
112798,000000112798.jpg,640x359,0,0.260378,0,1,TN,yolov8l_bsz4.ms,189.75,99.00,288.75,0.500,Mid (Meeting),3.98,16.28,283.01,3934.00,11499.37,324.02,,0,100,41.00,-263,4391827,-1155050.50,4,fused
39956,000000039956.jpg,640x427,0,0.260170,0,1,TN,yolov8l_bsz4.ms,189.75,99.00,288.75,0.500,Mid (Meeting),3.98,16.28,283.01,3934.00,11499.37,324.02,,0,100,41.00,-263,4391827,-1155050.50,4,fused
47769,000000047769.jpg,500x375,0,0.260116,0,1,TN,yolov8l_bsz4.ms,189.75,99.00,288.75,0.500,Mid (Meeting),3.98,16.28,283.01,3934.00,11499.37,324.02,,0,100,41.00,-263,4391827,-1155050.50,4,fused
15079,000000015079.jpg,640x424,0,0.259733,0,1,TN,yolov8l_bsz4.ms,184.25,119.50,303.75,0.500,Mid (Meeting),3.94,16.63,362.43,3855.00,11499.37,243.23,,0,100,41.00,-175,4394753,-769081.78,4,fused
485424,000000485424.jpg,640x480,0,0.259544,0,1,TN,yolov8l_bsz4.ms,184.25,119.50,303.75,0.500,Mid (Meeting),3.94,16.63,362.43,3855.00,11499.37,243.23,,0,100,41.00,-175,4394753,-769081.78,4,fused
544565,000000544565.jpg,640x640,0,0.259216,0,1,TN,yolov8l_bsz4.ms,184.25,119.50,303.75,0.500,Mid (Meeting),3.94,16.63,362.43,3855.00,11499.37,243.23,,0,100,41.00,-175,4394753,-769081.78,4,fused
397351,000000397351.jpg,640x426,0,0.259002,1,0,FN,yolov8l_bsz4.ms,184.25,119.50,303.75,0.500,Mid (Meeting),3.94,16.63,362.43,3855.00,11499.37,243.23,,0,100,41.00,-175,4394753,-769081.78,4,fused
284623,000000284623.jpg,640x480,0,0.258545,0,1,TN,yolov8l_bsz4.ms,180.25,120.25,300.50,0.500,Mid (Meeting),8.12,16.63,360.06,3856.00,11499.37,242.85,,0,100,41.00,-152,4395236,-668075.87,4,fused
226592,000000226592.jpg,640x480,0,0.257788,0,1,TN,yolov8l_bsz4.ms,180.25,120.25,300.50,0.500,Mid (Meeting),8.12,16.63,360.06,3856.00,11499.37,242.85,,0,100,41.00,-152,4395236,-668075.87,4,fused
60835,000000060835.jpg,640x480,0,0.256959,0,1,TN,yolov8l_bsz4.ms,180.25,120.25,300.50,0.500,Mid (Meeting),8.12,16.63,360.06,3856.00,11499.37,242.85,,0,100,41.00,-152,4395236,-668075.87,4,fused
65074,000000065074.jpg,424x640,0,0.256784,0,1,TN,yolov8l_bsz4.ms,180.25,120.25,300.50,0.500,Mid (Meeting),8.12,16.63,360.06,3856.00,11499.37,242.85,,0,100,41.00,-152,4395236,-668075.87,4,fused
527784,000000527784.jpg,640x512,0,0.256691,0,1,TN,yolov8l_bsz4.ms,181.50,109.75,291.25,0.500,Mid (Meeting),4.15,15.16,282.05,3934.00,11499.37,318.82,,0,100,41.00,-166,4394803,-729537.30,4,fused
184321,000000184321.jpg,640x480,0,0.256205,0,1,TN,yolov8l_bsz4.ms,181.50,109.75,291.25,0.500,Mid (Meeting),4.15,15.16,282.05,3934.00,11499.37,318.82,,0,100,41.00,-166,4394803,-729537.30,4,fused
405972,000000405972.jpg,640x426,0,0.255923,0,1,TN,yolov8l_bsz4.ms,181.50,109.75,291.25,0.500,Mid (Meeting),4.15,15.16,282.05,3934.00,11499.37,318.82,,0,100,41.00,-166,4394803,-729537.30,4,fused
307145,000000307145.jpg,396x297,0,0.255731,0,1,TN,yolov8l_bsz4.ms,181.50,109.75,291.25,0.500,Mid (Meeting),4.15,15.16,282.05,3934.00,11499.37,318.82,,0,100,41.00,-166,4394803,-729537.30,4,fused
575205,000000575205.jpg,640x427,0,0.255539,0,1,TN,yolov8l_bsz4.ms,188.25,117.25,305.50,0.500,Mid (Meeting),3.90,15.16,362.83,3853.00,11499.37,236.60,,0,100,41.00,-190,4394160,-834890.40,4,fused
167540,000000167540.jpg,640x427,0,0.255220,0,1,TN,yolov8l_bsz4.ms,188.25,117.25,305.50,0.500,Mid (Meeting),3.90,15.16,362.83,3853.00,11499.37,236.60,,0,100,41.00,-190,4394160,-834890.40,4,fused
306733,000000306733.jpg,640x426,0,0.254733,0,1,TN,yolov8l_bsz4.ms,188.25,117.25,305.50,0.500,Mid (Meeting),3.90,15.16,362.83,3853.00,11499.37,236.60,,0,100,41.00,-190,4394160,-834890.40,4,fused
222455,000000222455.jpg,612x612,0,0.254712,0,1,TN,yolov8l_bsz4.ms,188.25,117.25,305.50,0.500,Mid (Meeting),3.90,15.16,362.83,3853.00,11499.37,236.60,,0,100,41.00,-190,4394160,-834890.40,4,fused
134882,000000134882.jpg,640x639,0,0.254535,0,1,TN,yolov8l_bsz4.ms,186.25,138.25,324.50,0.500,Mid (Meeting),4.09,17.15,364.97,3850.00,11499.37,232.46,,0,100,41.00,-232,4392840,-1019138.88,4,fused
322829,000000322829.jpg,640x427,0,0.253936,0,1,TN,yolov8l_bsz4.ms,186.25,138.25,324.50,0.500,Mid (Meeting),4.09,17.15,364.97,3850.00,11499.37,232.46,,0,100,41.00,-232,4392840,-1019138.88,4,fused
525286,000000525286.jpg,640x640,0,0.253905,0,1,TN,yolov8l_bsz4.ms,186.25,138.25,324.50,0.500,Mid (Meeting),4.09,17.15,364.97,3850.00,11499.37,232.46,,0,100,41.00,-232,4392840,-1019138.88,4,fused
262048,000000262048.jpg,612x612,0,0.253706,1,0,FN,yolov8l_bsz4.ms,186.25,138.25,324.50,0.500,Mid (Meeting),4.09,17.15,364.97,3850.00,11499.37,232.46,,0,100,41.00,-232,4392840,-1019138.88,4,fused
537672,000000537672.jpg,427x640,0,0.253628,0,1,TN,yolov8l_bsz4.ms,184.75,97.75,282.50,0.500,Mid (Meeting),3.93,17.15,363.26,3851.00,11499.37,232.21,,0,100,41.00,-165,4395240,-725214.60,4,fused
217957,000000217957.jpg,480x640,0,0.253423,0,1,TN,yolov8l_bsz4.ms,184.75,97.75,282.50,0.500,Mid (Meeting),3.93,17.15,363.26,3851.00,11499.37,232.21,,0,100,41.00,-165,4395240,-725214.60,4,fused
320554,000000320554.jpg,500x375,0,0.253318,0,1,TN,yolov8l_bsz4.ms,184.75,97.75,282.50,0.500,Mid (Meeting),3.93,17.15,363.26,3851.00,11499.37,232.21,,0,100,41.00,-165,4395240,-725214.60,4,fused
151516,000000151516.jpg,640x427,0,0.253052,0,1,TN,yolov8l_bsz4.ms,184.75,97.75,282.50,0.500,Mid (Meeting),3.93,17.15,363.26,3851.00,11499.37,232.21,,0,100,41.00,-165,4395240,-725214.60,4,fused
113051,000000113051.jpg,640x480,0,0.252994,0,1,TN,yolov8l_bsz4.ms,182.75,115.50,298.25,0.500,Mid (Meeting),3.96,17.15,363.16,3851.00,11499.37,231.16,,0,100,41.00,-127,4396169,-558313.46,4,fused
263796,000000263796.jpg,480x640,0,0.252964,0,1,TN,yolov8l_bsz4.ms,182.75,115.50,298.25,0.500,Mid (Meeting),3.96,17.15,363.16,3851.00,11499.37,231.16,,0,100,41.00,-127,4396169,-558313.46,4,fused
477441,000000477441.jpg,640x480,0,0.251974,1,0,FN,yolov8l_bsz4.ms,182.75,115.50,298.25,0.500,Mid (Meeting),3.96,17.15,363.16,3851.00,11499.37,231.16,,0,100,41.00,-127,4396169,-558313.46,4,fused
153568,000000153568.jpg,500x400,0,0.251847,0,1,TN,yolov8l_bsz4.ms,182.75,115.50,298.25,0.500,Mid (Meeting),3.96,17.15,363.16,3851.00,11499.37,231.16,,0,100,41.00,-127,4396169,-558313.46,4,fused
213935,000000213935.jpg,640x425,0,0.251719,0,1,TN,yolov8l_bsz4.ms,184.25,105.50,289.75,0.500,Mid (Meeting),3.95,17.15,285.46,3928.00,11499.37,306.79,,0,100,41.00,-236,4392990,-1036745.64,4,fused
316015,000000316015.jpg,500x400,0,0.251698,0,1,TN,yolov8l_bsz4.ms,184.25,105.50,289.75,0.500,Mid (Meeting),3.95,17.15,285.46,3928.00,11499.37,306.79,,0,100,41.00,-236,4392990,-1036745.64,4,fused
344816,000000344816.jpg,640x427,0,0.251532,0,1,TN,yolov8l_bsz4.ms,184.25,105.50,289.75,0.500,Mid (Meeting),3.95,17.15,285.46,3928.00,11499.37,306.79,,0,100,41.00,-236,4392990,-1036745.64,4,fused
233567,000000233567.jpg,480x640,0,0.251307,0,1,TN,yolov8l_bsz4.ms,184.25,105.50,289.75,0.500,Mid (Meeting),3.95,17.15,285.46,3928.00,11499.37,306.79,,0,100,41.00,-236,4392990,-1036745.64,4,fused
530624,000000530624.jpg,640x478,0,0.251305,0,1,TN,yolov8l_bsz4.ms,182.75,108.75,291.50,0.500,Mid (Meeting),3.89,16.99,364.85,3848.00,11499.37,226.70,,0,100,41.00,-199,4393964,-874398.84,4,fused
197528,000000197528.jpg,480x640,0,0.251014,0,1,TN,yolov8l_bsz4.ms,182.75,108.75,291.50,0.500,Mid (Meeting),3.89,16.99,364.85,3848.00,11499.37,226.70,,0,100,41.00,-199,4393964,-874398.84,4,fused
161642,000000161642.jpg,480x640,0,0.250423,0,1,TN,yolov8l_bsz4.ms,182.75,108.75,291.50,0.500,Mid (Meeting),3.89,16.99,364.85,3848.00,11499.37,226.70,,0,100,41.00,-199,4393964,-874398.84,4,fused
15440,000000015440.jpg,404x640,0,0.250364,0,1,TN,yolov8l_bsz4.ms,182.75,108.75,291.50,0.500,Mid (Meeting),3.89,16.99,364.85,3848.00,11499.37,226.70,,0,100,41.00,-199,4393964,-874398.84,4,fused
8762,000000008762.jpg,640x427,0,0.250354,0,1,TN,yolov8l_bsz4.ms,189.75,94.25,284.00,0.500,Mid (Meeting),3.90,16.99,364.21,3848.00,11499.37,225.99,,0,100,41.00,-258,4392011,-1133138.84,4,fused
195165,000000195165.jpg,640x478,0,0.250296,0,1,TN,yolov8l_bsz4.ms,189.75,94.25,284.00,0.500,Mid (Meeting),3.90,16.99,364.21,3848.00,11499.37,225.99,,0,100,41.00,-258,4392011,-1133138.84,4,fused
307598,000000307598.jpg,640x426,0,0.250014,0,1,TN,yolov8l_bsz4.ms,189.75,94.25,284.00,0.500,Mid (Meeting),3.90,16.99,364.21,3848.00,11499.37,225.99,,0,100,41.00,-258,4392011,-1133138.84,4,fused
197870,000000197870.jpg,640x425,0,0.249966,1,0,FN,yolov8l_bsz4.ms,189.75,94.25,284.00,0.500,Mid (Meeting),3.90,16.99,364.21,3848.00,11499.37,225.99,,0,100,41.00,-258,4392011,-1133138.84,4,fused
530099,000000530099.jpg,500x375,0,0.249029,0,1,TN,yolov8l_bsz4.ms,182.00,97.50,279.50,0.500,Mid (Meeting),3.35,11.08,340.24,3872.00,11499.37,248.74,,0,100,41.00,-230,4392960,-1010380.80,4,fused
163290,000000163290.jpg,480x640,0,0.248801,0,1,TN,yolov8l_bsz4.ms,182.00,97.50,279.50,0.500,Mid (Meeting),3.35,11.08,340.24,3872.00,11499.37,248.74,,0,100,41.00,-230,4392960,-1010380.80,4,fused
567825,000000567825.jpg,427x640,0,0.248618,0,1,TN,yolov8l_bsz4.ms,182.00,97.50,279.50,0.500,Mid (Meeting),3.35,11.08,340.24,3872.00,11499.37,248.74,,0,100,41.00,-230,4392960,-1010380.80,4,fused
131131,000000131131.jpg,640x480,0,0.248454,0,1,TN,yolov8l_bsz4.ms,182.00,97.50,279.50,0.500,Mid (Meeting),3.35,11.08,340.24,3872.00,11499.37,248.74,,0,100,41.00,-230,4392960,-1010380.80,4,fused
564280,000000564280.jpg,640x425,0,0.248344,0,1,TN,yolov8l_bsz4.ms,189.75,103.75,293.50,0.500,Mid (Meeting),3.65,11.08,286.13,3926.00,11499.37,301.99,,0,100,41.00,-275,4391518,-1207667.45,4,fused
80057,000000080057.jpg,423x640,0,0.248111,0,1,TN,yolov8l_bsz4.ms,189.75,103.75,293.50,0.500,Mid (Meeting),3.65,11.08,286.13,3926.00,11499.37,301.99,,0,100,41.00,-275,4391518,-1207667.45,4,fused
335954,000000335954.jpg,612x612,0,0.247404,0,1,TN,yolov8l_bsz4.ms,189.75,103.75,293.50,0.500,Mid (Meeting),3.65,11.08,286.13,3926.00,11499.37,301.99,,0,100,41.00,-275,4391518,-1207667.45,4,fused
379842,000000379842.jpg,640x360,0,0.247081,0,1,TN,yolov8l_bsz4.ms,189.75,103.75,293.50,0.500,Mid (Meeting),3.65,11.08,286.13,3926.00,11499.37,301.99,,0,100,41.00,-275,4391518,-1207667.45,4,fused
181859,000000181859.jpg,426x640,0,0.246910,0,1,TN,yolov8l_bsz4.ms,182.75,104.75,287.50,0.500,Mid (Meeting),3.61,13.52,362.98,3848.00,11499.37,223.44,,0,100,41.00,-159,4395224,-698840.62,4,fused
104619,000000104619.jpg,640x480,0,0.246356,0,1,TN,yolov8l_bsz4.ms,182.75,104.75,287.50,0.500,Mid (Meeting),3.61,13.52,362.98,3848.00,11499.37,223.44,,0,100,41.00,-159,4395224,-698840.62,4,fused
571893,000000571893.jpg,640x428,0,0.246123,0,1,TN,yolov8l_bsz4.ms,182.75,104.75,287.50,0.500,Mid (Meeting),3.61,13.52,362.98,3848.00,11499.37,223.44,,0,100,41.00,-159,4395224,-698840.62,4,fused
249550,000000249550.jpg,415x625,0,0.245880,0,1,TN,yolov8l_bsz4.ms,182.75,104.75,287.50,0.500,Mid (Meeting),3.61,13.52,362.98,3848.00,11499.37,223.44,,0,100,41.00,-159,4395224,-698840.62,4,fused
489046,000000489046.jpg,640x427,0,0.245639,0,1,TN,yolov8l_bsz4.ms,184.75,100.25,285.00,0.500,Mid (Meeting),3.65,13.52,363.12,3848.00,11499.37,222.04,,0,100,41.00,-229,4392936,-1005982.34,4,fused
278006,000000278006.jpg,640x427,0,0.245600,0,1,TN,yolov8l_bsz4.ms,184.75,100.25,285.00,0.500,Mid (Meeting),3.65,13.52,363.12,3848.00,11499.37,222.04,,0,100,41.00,-229,4392936,-1005982.34,4,fused
189436,000000189436.jpg,480x640,0,0.245521,0,1,TN,yolov8l_bsz4.ms,184.75,100.25,285.00,0.500,Mid (Meeting),3.65,13.52,363.12,3848.00,11499.37,222.04,,0,100,41.00,-229,4392936,-1005982.34,4,fused
228771,000000228771.jpg,640x427,0,0.245253,0,1,TN,yolov8l_bsz4.ms,184.75,100.25,285.00,0.500,Mid (Meeting),3.65,13.52,363.12,3848.00,11499.37,222.04,,0,100,41.00,-229,4392936,-1005982.34,4,fused
502599,000000502599.jpg,640x426,0,0.244130,0,1,TN,yolov8l_bsz4.ms,174.25,100.00,274.25,0.500,Mid (Meeting),3.73,14.14,339.89,3871.00,11499.37,244.85,,0,100,41.00,-120,4396472,-527576.64,4,fused
147725,000000147725.jpg,640x393,0,0.243627,1,0,FN,yolov8l_bsz4.ms,174.25,100.00,274.25,0.500,Mid (Meeting),3.73,14.14,339.89,3871.00,11499.37,244.85,,0,100,41.00,-120,4396472,-527576.64,4,fused
486573,000000486573.jpg,480x640,0,0.243376,0,1,TN,yolov8l_bsz4.ms,174.25,100.00,274.25,0.500,Mid (Meeting),3.73,14.14,339.89,3871.00,11499.37,244.85,,0,100,41.00,-120,4396472,-527576.64,4,fused
35326,000000035326.jpg,640x480,0,0.243308,0,1,TN,yolov8l_bsz4.ms,174.25,100.00,274.25,0.500,Mid (Meeting),3.73,14.14,339.89,3871.00,11499.37,244.85,,0,100,41.00,-120,4396472,-527576.64,4,fused
549674,000000549674.jpg,640x480,0,0.243197,0,1,TN,yolov8l_bsz4.ms,182.25,103.75,286.00,0.500,Mid (Meeting),3.75,14.14,286.61,3924.00,11499.37,297.18,,0,100,41.00,-217,4393349,-953356.73,4,fused
478286,000000478286.jpg,640x480,0,0.243191,0,1,TN,yolov8l_bsz4.ms,182.25,103.75,286.00,0.500,Mid (Meeting),3.75,14.14,286.61,3924.00,11499.37,297.18,,0,100,41.00,-217,4393349,-953356.73,4,fused
494863,000000494863.jpg,640x480,0,0.242930,0,1,TN,yolov8l_bsz4.ms,182.25,103.75,286.00,0.500,Mid (Meeting),3.75,14.14,286.61,3924.00,11499.37,297.18,,0,100,41.00,-217,4393349,-953356.73,4,fused
267933,000000267933.jpg,500x328,0,0.242723,0,1,TN,yolov8l_bsz4.ms,182.25,103.75,286.00,0.500,Mid (Meeting),3.75,14.14,286.61,3924.00,11499.37,297.18,,0,100,41.00,-217,4393349,-953356.73,4,fused
164969,000000164969.jpg,640x428,0,0.242641,0,1,TN,yolov8l_bsz4.ms,187.00,99.50,286.50,0.500,Mid (Meeting),3.70,14.30,363.77,3847.00,11499.37,219.33,,0,100,41.00,-260,4392159,-1141961.34,4,fused
327780,000000327780.jpg,640x480,0,0.242550,0,1,TN,yolov8l_bsz4.ms,187.00,99.50,286.50,0.500,Mid (Meeting),3.70,14.30,363.77,3847.00,11499.37,219.33,,0,100,41.00,-260,4392159,-1141961.34,4,fused
557884,000000557884.jpg,480x640,0,0.242461,0,1,TN,yolov8l_bsz4.ms,187.00,99.50,286.50,0.500,Mid (Meeting),3.70,14.30,363.77,3847.00,11499.37,219.33,,0,100,41.00,-260,4392159,-1141961.34,4,fused
213816,000000213816.jpg,640x480,0,0.242456,0,1,TN,yolov8l_bsz4.ms,187.00,99.50,286.50,0.500,Mid (Meeting),3.70,14.30,363.77,3847.00,11499.37,219.33,,0,100,41.00,-260,4392159,-1141961.34,4,fused
156278,000000156278.jpg,640x425,0,0.242150,0,1,TN,yolov8l_bsz4.ms,185.25,103.75,289.00,0.500,Mid (Meeting),3.74,14.30,359.28,3850.00,11499.37,221.28,,0,100,41.00,-252,4392266,-1106851.03,4,fused
7888,000000007888.jpg,638x640,0,0.242074,0,1,TN,yolov8l_bsz4.ms,185.25,103.75,289.00,0.500,Mid (Meeting),3.74,14.30,359.28,3850.00,11499.37,221.28,,0,100,41.00,-252,4392266,-1106851.03,4,fused
495448,000000495448.jpg,480x640,0,0.241999,0,1,TN,yolov8l_bsz4.ms,185.25,103.75,289.00,0.500,Mid (Meeting),3.74,14.30,359.28,3850.00,11499.37,221.28,,0,100,41.00,-252,4392266,-1106851.03,4,fused
450439,000000450439.jpg,500x234,0,0.241941,0,1,TN,yolov8l_bsz4.ms,185.25,103.75,289.00,0.500,Mid (Meeting),3.74,14.30,359.28,3850.00,11499.37,221.28,,0,100,41.00,-252,4392266,-1106851.03,4,fused
349678,000000349678.jpg,427x640,0,0.241771,0,1,TN,yolov8l_bsz4.ms,190.00,91.50,281.50,0.500,Mid (Meeting),5.57,26.39,341.80,3867.00,11499.37,236.85,,0,100,41.00,-242,4392039,-1062873.44,4,fused
482719,000000482719.jpg,640x480,0,0.241541,0,1,TN,yolov8l_bsz4.ms,190.00,91.50,281.50,0.500,Mid (Meeting),5.57,26.39,341.80,3867.00,11499.37,236.85,,0,100,41.00,-242,4392039,-1062873.44,4,fused
180878,000000180878.jpg,640x427,0,0.241537,0,1,TN,yolov8l_bsz4.ms,190.00,91.50,281.50,0.500,Mid (Meeting),5.57,26.39,341.80,3867.00,11499.37,236.85,,0,100,41.00,-242,4392039,-1062873.44,4,fused
271471,000000271471.jpg,640x428,0,0.241280,1,0,FN,yolov8l_bsz4.ms,190.00,91.50,281.50,0.500,Mid (Meeting),5.57,26.39,341.80,3867.00,11499.37,236.85,,0,100,41.00,-242,4392039,-1062873.44,4,fused
84362,000000084362.jpg,640x480,0,0.240415,1,0,FN,yolov8l_bsz4.ms,195.00,89.75,284.75,0.500,Mid (Meeting),4.45,26.39,291.00,3916.00,11499.37,285.47,,0,100,41.00,-262,4392031,-1150712.12,4,fused
236914,000000236914.jpg,640x449,0,0.240387,0,1,TN,yolov8l_bsz4.ms,195.00,89.75,284.75,0.500,Mid (Meeting),4.45,26.39,291.00,3916.00,11499.37,285.47,,0,100,41.00,-262,4392031,-1150712.12,4,fused
318908,000000318908.jpg,500x333,0,0.240186,0,1,TN,yolov8l_bsz4.ms,195.00,89.75,284.75,0.500,Mid (Meeting),4.45,26.39,291.00,3916.00,11499.37,285.47,,0,100,41.00,-262,4392031,-1150712.12,4,fused
370478,000000370478.jpg,640x480,0,0.240112,0,1,TN,yolov8l_bsz4.ms,195.00,89.75,284.75,0.500,Mid (Meeting),4.45,26.39,291.00,3916.00,11499.37,285.47,,0,100,41.00,-262,4392031,-1150712.12,4,fused
472046,000000472046.jpg,640x425,0,0.239897,0,1,TN,yolov8l_bsz4.ms,190.75,104.00,294.75,0.500,Mid (Meeting),3.99,18.56,362.95,3844.00,11499.37,213.38,,0,100,41.00,-207,4393442,-909442.49,4,fused
225757,000000225757.jpg,500x367,0,0.239665,0,1,TN,yolov8l_bsz4.ms,190.75,104.00,294.75,0.500,Mid (Meeting),3.99,18.56,362.95,3844.00,11499.37,213.38,,0,100,41.00,-207,4393442,-909442.49,4,fused
320664,000000320664.jpg,640x480,0,0.239260,0,1,TN,yolov8l_bsz4.ms,190.75,104.00,294.75,0.500,Mid (Meeting),3.99,18.56,362.95,3844.00,11499.37,213.38,,0,100,41.00,-207,4393442,-909442.49,4,fused
469652,000000469652.jpg,640x439,0,0.238450,0,1,TN,yolov8l_bsz4.ms,190.75,104.00,294.75,0.500,Mid (Meeting),3.99,18.56,362.95,3844.00,11499.37,213.38,,0,100,41.00,-207,4393442,-909442.49,4,fused
251537,000000251537.jpg,640x640,0,0.238279,0,1,TN,yolov8l_bsz4.ms,186.75,115.50,302.25,0.500,Mid (Meeting),3.93,18.56,360.75,3846.00,11499.37,214.32,,0,100,41.00,-281,4391209,-1233929.73,4,fused
424545,000000424545.jpg,500x375,0,0.238139,0,1,TN,yolov8l_bsz4.ms,186.75,115.50,302.25,0.500,Mid (Meeting),3.93,18.56,360.75,3846.00,11499.37,214.32,,0,100,41.00,-281,4391209,-1233929.73,4,fused
17115,000000017115.jpg,443x640,0,0.237772,0,1,TN,yolov8l_bsz4.ms,186.75,115.50,302.25,0.500,Mid (Meeting),3.93,18.56,360.75,3846.00,11499.37,214.32,,0,100,41.00,-281,4391209,-1233929.73,4,fused
46804,000000046804.jpg,640x480,0,0.237707,0,1,TN,yolov8l_bsz4.ms,186.75,115.50,302.25,0.500,Mid (Meeting),3.93,18.56,360.75,3846.00,11499.37,214.32,,0,100,41.00,-281,4391209,-1233929.73,4,fused
503823,000000503823.jpg,500x333,0,0.237631,0,1,TN,yolov8l_bsz4.ms,187.75,94.50,282.25,0.500,Mid (Meeting),3.94,18.12,295.66,3910.00,11499.37,277.55,,0,100,41.00,-215,4393271,-944553.27,4,fused
514914,000000514914.jpg,640x366,0,0.237441,0,1,TN,yolov8l_bsz4.ms,187.75,94.50,282.25,0.500,Mid (Meeting),3.94,18.12,295.66,3910.00,11499.37,277.55,,0,100,41.00,-215,4393271,-944553.27,4,fused
134096,000000134096.jpg,640x480,0,0.237201,0,1,TN,yolov8l_bsz4.ms,187.75,94.50,282.25,0.500,Mid (Meeting),3.94,18.12,295.66,3910.00,11499.37,277.55,,0,100,41.00,-215,4393271,-944553.27,4,fused
456865,000000456865.jpg,640x427,0,0.236878,0,1,TN,yolov8l_bsz4.ms,187.75,94.50,282.25,0.500,Mid (Meeting),3.94,18.12,295.66,3910.00,11499.37,277.55,,0,100,41.00,-215,4393271,-944553.27,4,fused
271457,000000271457.jpg,500x333,0,0.236858,0,1,TN,yolov8l_bsz4.ms,191.75,98.50,290.25,0.500,Mid (Meeting),3.83,18.12,362.83,3843.00,11499.37,209.38,,0,100,41.00,-175,4394449,-769028.57,4,fused
217948,000000217948.jpg,640x425,0,0.236182,0,1,TN,yolov8l_bsz4.ms,191.75,98.50,290.25,0.500,Mid (Meeting),3.83,18.12,362.83,3843.00,11499.37,209.38,,0,100,41.00,-175,4394449,-769028.57,4,fused
355905,000000355905.jpg,640x480,0,0.234868,0,1,TN,yolov8l_bsz4.ms,191.75,98.50,290.25,0.500,Mid (Meeting),3.83,18.12,362.83,3843.00,11499.37,209.38,,0,100,41.00,-175,4394449,-769028.57,4,fused
528314,000000528314.jpg,423x640,0,0.234472,1,0,FN,yolov8l_bsz4.ms,191.75,98.50,290.25,0.500,Mid (Meeting),3.83,18.12,362.83,3843.00,11499.37,209.38,,0,100,41.00,-175,4394449,-769028.57,4,fused
54592,000000054592.jpg,640x418,0,0.234409,1,0,FN,yolov8l_bsz4.ms,195.25,96.00,291.25,0.500,Mid (Meeting),3.80,17.64,362.19,3842.00,11499.37,208.57,,0,100,41.00,-234,4392569,-1027861.15,4,fused
390555,000000390555.jpg,640x435,0,0.233928,1,0,FN,yolov8l_bsz4.ms,195.25,96.00,291.25,0.500,Mid (Meeting),3.80,17.64,362.19,3842.00,11499.37,208.57,,0,100,41.00,-234,4392569,-1027861.15,4,fused
167240,000000167240.jpg,640x427,0,0.233784,0,1,TN,yolov8l_bsz4.ms,195.25,96.00,291.25,0.500,Mid (Meeting),3.80,17.64,362.19,3842.00,11499.37,208.57,,0,100,41.00,-234,4392569,-1027861.15,4,fused
356261,000000356261.jpg,640x480,0,0.233609,0,1,TN,yolov8l_bsz4.ms,195.25,96.00,291.25,0.500,Mid (Meeting),3.80,17.64,362.19,3842.00,11499.37,208.57,,0,100,41.00,-234,4392569,-1027861.15,4,fused
99054,000000099054.jpg,427x640,0,0.233539,1,0,FN,yolov8l_bsz4.ms,181.75,104.75,286.50,0.500,Mid (Meeting),3.80,17.64,339.73,3864.00,11499.37,229.95,,0,100,41.00,-148,4395295,-650503.66,4,fused
211042,000000211042.jpg,458x640,0,0.233099,0,1,TN,yolov8l_bsz4.ms,181.75,104.75,286.50,0.500,Mid (Meeting),3.80,17.64,339.73,3864.00,11499.37,229.95,,0,100,41.00,-148,4395295,-650503.66,4,fused
417465,000000417465.jpg,640x425,0,0.232898,0,1,TN,yolov8l_bsz4.ms,181.75,104.75,286.50,0.500,Mid (Meeting),3.80,17.64,339.73,3864.00,11499.37,229.95,,0,100,41.00,-148,4395295,-650503.66,4,fused
404568,000000404568.jpg,640x480,0,0.232480,0,1,TN,yolov8l_bsz4.ms,181.75,104.75,286.50,0.500,Mid (Meeting),3.80,17.64,339.73,3864.00,11499.37,229.95,,0,100,41.00,-148,4395295,-650503.66,4,fused
316666,000000316666.jpg,640x480,0,0.232082,0,1,TN,yolov8l_bsz4.ms,194.50,97.00,291.50,0.500,Mid (Meeting),8.97,17.55,290.68,3877.00,11499.37,254.24,,0,100,41.00,-396,4387495,-1737448.02,4,fused
93154,000000093154.jpg,427x640,0,0.231986,0,1,TN,yolov8l_bsz4.ms,194.50,97.00,291.50,0.500,Mid (Meeting),8.97,17.55,290.68,3877.00,11499.37,254.24,,0,100,41.00,-396,4387495,-1737448.02,4,fused
491683,000000491683.jpg,366x500,0,0.231702,0,1,TN,yolov8l_bsz4.ms,194.50,97.00,291.50,0.500,Mid (Meeting),8.97,17.55,290.68,3877.00,11499.37,254.24,,0,100,41.00,-396,4387495,-1737448.02,4,fused
496954,000000496954.jpg,640x480,0,0.231672,0,1,TN,yolov8l_bsz4.ms,194.50,97.00,291.50,0.500,Mid (Meeting),8.97,17.55,290.68,3877.00,11499.37,254.24,,0,100,41.00,-396,4387495,-1737448.02,4,fused
484029,000000484029.jpg,480x640,0,0.230659,0,1,TN,yolov8l_bsz4.ms,194.75,99.75,294.50,0.500,Mid (Meeting),4.34,17.55,361.03,3801.00,11499.37,176.92,,0,100,41.00,-335,4389446,-1470464.41,4,fused
290843,000000290843.jpg,428x640,0,0.230531,1,0,FN,yolov8l_bsz4.ms,194.75,99.75,294.50,0.500,Mid (Meeting),4.34,17.55,361.03,3801.00,11499.37,176.92,,0,100,41.00,-335,4389446,-1470464.41,4,fused
162130,000000162130.jpg,640x480,0,0.229920,0,1,TN,yolov8l_bsz4.ms,194.75,99.75,294.50,0.500,Mid (Meeting),4.34,17.55,361.03,3801.00,11499.37,176.92,,0,100,41.00,-335,4389446,-1470464.41,4,fused
32811,000000032811.jpg,375x500,0,0.229805,0,1,TN,yolov8l_bsz4.ms,194.75,99.75,294.50,0.500,Mid (Meeting),4.34,17.55,361.03,3801.00,11499.37,176.92,,0,100,41.00,-335,4389446,-1470464.41,4,fused
570782,000000570782.jpg,640x427,0,0.229595,0,1,TN,yolov8l_bsz4.ms,196.75,95.75,292.50,0.500,Mid (Meeting),3.93,24.87,357.98,3808.00,11499.37,452.22,,0,100,41.00,-271,4391258,-1190030.92,4,fused
357459,000000357459.jpg,640x427,0,0.229527,1,0,FN,yolov8l_bsz4.ms,196.75,95.75,292.50,0.500,Mid (Meeting),3.93,24.87,357.98,3808.00,11499.37,452.22,,0,100,41.00,-271,4391258,-1190030.92,4,fused
353970,000000353970.jpg,640x426,0,0.229476,0,1,TN,yolov8l_bsz4.ms,196.75,95.75,292.50,0.500,Mid (Meeting),3.93,24.87,357.98,3808.00,11499.37,452.22,,0,100,41.00,-271,4391258,-1190030.92,4,fused
539143,000000539143.jpg,640x458,0,0.229086,0,1,TN,yolov8l_bsz4.ms,196.75,95.75,292.50,0.500,Mid (Meeting),3.93,24.87,357.98,3808.00,11499.37,452.22,,0,100,41.00,-271,4391258,-1190030.92,4,fused
272049,000000272049.jpg,640x427,0,0.227820,0,1,TN,yolov8l_bsz4.ms,193.50,108.50,302.00,0.500,Mid (Meeting),3.97,24.87,338.95,3843.00,11499.37,483.67,,0,100,41.00,-152,4395063,-668049.58,4,fused
565989,000000565989.jpg,480x640,0,0.227115,0,1,TN,yolov8l_bsz4.ms,193.50,108.50,302.00,0.500,Mid (Meeting),3.97,24.87,338.95,3843.00,11499.37,483.67,,0,100,41.00,-152,4395063,-668049.58,4,fused
186637,000000186637.jpg,640x425,0,0.227098,0,1,TN,yolov8l_bsz4.ms,193.50,108.50,302.00,0.500,Mid (Meeting),3.97,24.87,338.95,3843.00,11499.37,483.67,,0,100,41.00,-152,4395063,-668049.58,4,fused
157847,000000157847.jpg,640x385,0,0.227060,0,1,TN,yolov8l_bsz4.ms,193.50,108.50,302.00,0.500,Mid (Meeting),3.97,24.87,338.95,3843.00,11499.37,483.67,,0,100,41.00,-152,4395063,-668049.58,4,fused
165500,000000165500.jpg,640x480,0,0.227020,0,1,TN,yolov8l_bsz4.ms,188.50,104.25,292.75,0.500,Mid (Meeting),3.86,21.09,283.08,3908.00,11499.37,546.93,,0,100,41.00,-232,4392597,-1019082.50,4,fused
260925,000000260925.jpg,640x480,0,0.226940,1,0,FN,yolov8l_bsz4.ms,188.50,104.25,292.75,0.500,Mid (Meeting),3.86,21.09,283.08,3908.00,11499.37,546.93,,0,100,41.00,-232,4392597,-1019082.50,4,fused
402519,000000402519.jpg,640x427,0,0.226515,0,1,TN,yolov8l_bsz4.ms,188.50,104.25,292.75,0.500,Mid (Meeting),3.86,21.09,283.08,3908.00,11499.37,546.93,,0,100,41.00,-232,4392597,-1019082.50,4,fused
347370,000000347370.jpg,500x375,0,0.226409,1,0,FN,yolov8l_bsz4.ms,188.50,104.25,292.75,0.500,Mid (Meeting),3.86,21.09,283.08,3908.00,11499.37,546.93,,0,100,41.00,-232,4392597,-1019082.50,4,fused
441491,000000441491.jpg,640x480,0,0.226353,1,0,FN,yolov8l_bsz4.ms,190.50,101.50,292.00,0.500,Mid (Meeting),3.77,21.09,361.93,3832.00,11499.37,466.58,,0,100,41.00,-291,4390858,-1277739.68,4,fused
166287,000000166287.jpg,640x480,0,0.226299,0,1,TN,yolov8l_bsz4.ms,190.50,101.50,292.00,0.500,Mid (Meeting),3.77,21.09,361.93,3832.00,11499.37,466.58,,0,100,41.00,-291,4390858,-1277739.68,4,fused
492992,000000492992.jpg,427x640,0,0.225426,0,1,TN,yolov8l_bsz4.ms,190.50,101.50,292.00,0.500,Mid (Meeting),3.77,21.09,361.93,3832.00,11499.37,466.58,,0,100,41.00,-291,4390858,-1277739.68,4,fused
310200,000000310200.jpg,640x480,0,0.225387,0,1,TN,yolov8l_bsz4.ms,190.50,101.50,292.00,0.500,Mid (Meeting),3.77,21.09,361.93,3832.00,11499.37,466.58,,0,100,41.00,-291,4390858,-1277739.68,4,fused
101780,000000101780.jpg,480x640,0,0.225194,0,1,TN,yolov8l_bsz4.ms,191.75,98.75,290.50,0.500,Mid (Meeting),3.77,19.87,359.97,3837.00,11499.37,463.38,,0,100,41.00,-325,4389797,-1426684.02,4,fused
446703,000000446703.jpg,500x333,0,0.225105,0,1,TN,yolov8l_bsz4.ms,191.75,98.75,290.50,0.500,Mid (Meeting),3.77,19.87,359.97,3837.00,11499.37,463.38,,0,100,41.00,-325,4389797,-1426684.02,4,fused
194940,000000194940.jpg,500x375,0,0.224932,0,1,TN,yolov8l_bsz4.ms,191.75,98.75,290.50,0.500,Mid (Meeting),3.77,19.87,359.97,3837.00,11499.37,463.38,,0,100,41.00,-325,4389797,-1426684.02,4,fused
220310,000000220310.jpg,333x500,0,0.224856,0,1,TN,yolov8l_bsz4.ms,191.75,98.75,290.50,0.500,Mid (Meeting),3.77,19.87,359.97,3837.00,11499.37,463.38,,0,100,41.00,-325,4389797,-1426684.02,4,fused
35963,000000035963.jpg,480x640,0,0.224501,0,1,TN,yolov8l_bsz4.ms,192.00,101.75,293.75,0.500,Mid (Meeting),3.76,19.87,342.97,3854.00,11499.37,478.86,,0,100,41.00,-279,4391266,-1225163.21,4,fused
87875,000000087875.jpg,640x487,0,0.224244,0,1,TN,yolov8l_bsz4.ms,192.00,101.75,293.75,0.500,Mid (Meeting),3.76,19.87,342.97,3854.00,11499.37,478.86,,0,100,41.00,-279,4391266,-1225163.21,4,fused
72813,000000072813.jpg,640x480,0,0.224199,0,1,TN,yolov8l_bsz4.ms,192.00,101.75,293.75,0.500,Mid (Meeting),3.76,19.87,342.97,3854.00,11499.37,478.86,,0,100,41.00,-279,4391266,-1225163.21,4,fused
561335,000000561335.jpg,500x376,0,0.223909,0,1,TN,yolov8l_bsz4.ms,192.00,101.75,293.75,0.500,Mid (Meeting),3.76,19.87,342.97,3854.00,11499.37,478.86,,0,100,41.00,-279,4391266,-1225163.21,4,fused
462614,000000462614.jpg,640x484,0,0.223724,0,1,TN,yolov8l_bsz4.ms,195.50,113.75,309.25,0.500,Mid (Meeting),8.33,19.23,294.56,3904.00,11499.37,525.30,,0,100,41.00,-288,4390737,-1264532.26,4,fused
544306,000000544306.jpg,612x612,0,0.223503,0,1,TN,yolov8l_bsz4.ms,195.50,113.75,309.25,0.500,Mid (Meeting),8.33,19.23,294.56,3904.00,11499.37,525.30,,0,100,41.00,-288,4390737,-1264532.26,4,fused
322895,000000322895.jpg,640x480,0,0.222747,0,1,TN,yolov8l_bsz4.ms,195.50,113.75,309.25,0.500,Mid (Meeting),8.33,19.23,294.56,3904.00,11499.37,525.30,,0,100,41.00,-288,4390737,-1264532.26,4,fused
249025,000000249025.jpg,394x500,0,0.222396,0,1,TN,yolov8l_bsz4.ms,195.50,113.75,309.25,0.500,Mid (Meeting),8.33,19.23,294.56,3904.00,11499.37,525.30,,0,100,41.00,-288,4390737,-1264532.26,4,fused
460160,000000460160.jpg,640x480,0,0.222316,0,1,TN,yolov8l_bsz4.ms,190.75,95.75,286.50,0.500,Mid (Meeting),3.76,19.23,362.77,3837.00,11499.37,454.77,,0,100,41.00,-248,4391903,-1089191.94,4,fused
405306,000000405306.jpg,640x417,0,0.222109,0,1,TN,yolov8l_bsz4.ms,190.75,95.75,286.50,0.500,Mid (Meeting),3.76,19.23,362.77,3837.00,11499.37,454.77,,0,100,41.00,-248,4391903,-1089191.94,4,fused
409867,000000409867.jpg,428x640,0,0.221977,0,1,TN,yolov8l_bsz4.ms,190.75,95.75,286.50,0.500,Mid (Meeting),3.76,19.23,362.77,3837.00,11499.37,454.77,,0,100,41.00,-248,4391903,-1089191.94,4,fused
413247,000000413247.jpg,640x426,0,0.221783,0,1,TN,yolov8l_bsz4.ms,190.75,95.75,286.50,0.500,Mid (Meeting),3.76,19.23,362.77,3837.00,11499.37,454.77,,0,100,41.00,-248,4391903,-1089191.94,4,fused
545826,000000545826.jpg,500x333,0,0.221449,0,1,TN,yolov8l_bsz4.ms,195.75,103.75,299.50,0.500,Mid (Meeting),3.89,16.68,358.16,3842.00,11499.37,458.16,,0,100,41.00,-149,4395046,-654861.85,4,fused
417285,000000417285.jpg,640x320,0,0.221039,1,0,FN,yolov8l_bsz4.ms,195.75,103.75,299.50,0.500,Mid (Meeting),3.89,16.68,358.16,3842.00,11499.37,458.16,,0,100,41.00,-149,4395046,-654861.85,4,fused
270705,000000270705.jpg,475x640,0,0.220882,0,1,TN,yolov8l_bsz4.ms,195.75,103.75,299.50,0.500,Mid (Meeting),3.89,16.68,358.16,3842.00,11499.37,458.16,,0,100,41.00,-149,4395046,-654861.85,4,fused
537355,000000537355.jpg,640x428,0,0.220836,0,1,TN,yolov8l_bsz4.ms,195.75,103.75,299.50,0.500,Mid (Meeting),3.89,16.68,358.16,3842.00,11499.37,458.16,,0,100,41.00,-149,4395046,-654861.85,4,fused
260105,000000260105.jpg,640x480,0,0.220608,0,1,TN,yolov8l_bsz4.ms,182.25,112.25,294.50,0.500,Mid (Meeting),3.85,16.68,341.95,3859.00,11499.37,472.22,,0,100,41.00,-132,4395752,-580239.26,4,fused
444879,000000444879.jpg,640x479,0,0.220397,0,1,TN,yolov8l_bsz4.ms,182.25,112.25,294.50,0.500,Mid (Meeting),3.85,16.68,341.95,3859.00,11499.37,472.22,,0,100,41.00,-132,4395752,-580239.26,4,fused
338986,000000338986.jpg,403x640,0,0.220002,0,1,TN,yolov8l_bsz4.ms,182.25,112.25,294.50,0.500,Mid (Meeting),3.85,16.68,341.95,3859.00,11499.37,472.22,,0,100,41.00,-132,4395752,-580239.26,4,fused
382743,000000382743.jpg,640x480,0,0.219944,0,1,TN,yolov8l_bsz4.ms,182.25,112.25,294.50,0.500,Mid (Meeting),3.85,16.68,341.95,3859.00,11499.37,472.22,,0,100,41.00,-132,4395752,-580239.26,4,fused
17182,000000017182.jpg,640x428,0,0.219842,0,1,TN,yolov8l_bsz4.ms,191.50,103.00,294.50,0.500,Mid (Meeting),3.87,17.46,293.84,3907.00,11499.37,518.57,,0,100,41.00,-119,4396050,-523129.95,4,fused
45472,000000045472.jpg,640x428,0,0.219728,0,1,TN,yolov8l_bsz4.ms,191.50,103.00,294.50,0.500,Mid (Meeting),3.87,17.46,293.84,3907.00,11499.37,518.57,,0,100,41.00,-119,4396050,-523129.95,4,fused
269682,000000269682.jpg,640x480,0,0.219436,0,1,TN,yolov8l_bsz4.ms,191.50,103.00,294.50,0.500,Mid (Meeting),3.87,17.46,293.84,3907.00,11499.37,518.57,,0,100,41.00,-119,4396050,-523129.95,4,fused
526197,000000526197.jpg,428x640,0,0.219235,0,1,TN,yolov8l_bsz4.ms,191.50,103.00,294.50,0.500,Mid (Meeting),3.87,17.46,293.84,3907.00,11499.37,518.57,,0,100,41.00,-119,4396050,-523129.95,4,fused
545007,000000545007.jpg,425x640,0,0.219203,1,0,FN,yolov8l_bsz4.ms,186.00,101.00,287.00,0.500,Mid (Meeting),3.80,17.46,364.40,3837.00,11499.37,445.70,,0,100,41.00,-155,4395159,-681249.65,4,fused
1675,000000001675.jpg,640x480,0,0.218763,0,1,TN,yolov8l_bsz4.ms,186.00,101.00,287.00,0.500,Mid (Meeting),3.80,17.46,364.40,3837.00,11499.37,445.70,,0,100,41.00,-155,4395159,-681249.65,4,fused
170670,000000170670.jpg,640x426,0,0.218463,0,1,TN,yolov8l_bsz4.ms,186.00,101.00,287.00,0.500,Mid (Meeting),3.80,17.46,364.40,3837.00,11499.37,445.70,,0,100,41.00,-155,4395159,-681249.65,4,fused
410712,000000410712.jpg,640x426,0,0.218053,1,0,FN,yolov8l_bsz4.ms,186.00,101.00,287.00,0.500,Mid (Meeting),3.80,17.46,364.40,3837.00,11499.37,445.70,,0,100,41.00,-155,4395159,-681249.65,4,fused
184762,000000184762.jpg,500x375,0,0.217788,0,1,TN,yolov8l_bsz4.ms,189.75,94.25,284.00,0.500,Mid (Meeting),3.77,17.67,358.33,3843.00,11499.37,449.67,,0,100,41.00,-317,4389930,-1391607.81,4,fused
522638,000000522638.jpg,640x428,0,0.217537,0,1,TN,yolov8l_bsz4.ms,189.75,94.25,284.00,0.500,Mid (Meeting),3.77,17.67,358.33,3843.00,11499.37,449.67,,0,100,41.00,-317,4389930,-1391607.81,4,fused
170278,000000170278.jpg,640x504,0,0.217460,0,1,TN,yolov8l_bsz4.ms,189.75,94.25,284.00,0.500,Mid (Meeting),3.77,17.67,358.33,3843.00,11499.37,449.67,,0,100,41.00,-317,4389930,-1391607.81,4,fused
550797,000000550797.jpg,361x640,0,0.216856,0,1,TN,yolov8l_bsz4.ms,189.75,94.25,284.00,0.500,Mid (Meeting),3.77,17.67,358.33,3843.00,11499.37,449.67,,0,100,41.00,-317,4389930,-1391607.81,4,fused
578967,000000578967.jpg,640x469,0,0.216808,0,1,TN,yolov8l_bsz4.ms,189.25,106.25,295.50,0.500,Mid (Meeting),3.81,17.67,339.93,3862.00,11499.37,466.82,,0,100,41.00,-162,4394718,-711944.32,4,fused
516916,000000516916.jpg,640x480,0,0.216654,0,1,TN,yolov8l_bsz4.ms,189.25,106.25,295.50,0.500,Mid (Meeting),3.81,17.67,339.93,3862.00,11499.37,466.82,,0,100,41.00,-162,4394718,-711944.32,4,fused
530457,000000530457.jpg,482x640,0,0.216580,0,1,TN,yolov8l_bsz4.ms,189.25,106.25,295.50,0.500,Mid (Meeting),3.81,17.67,339.93,3862.00,11499.37,466.82,,0,100,41.00,-162,4394718,-711944.32,4,fused
217219,000000217219.jpg,640x359,0,0.216302,0,1,TN,yolov8l_bsz4.ms,189.25,106.25,295.50,0.500,Mid (Meeting),3.81,17.67,339.93,3862.00,11499.37,466.82,,0,100,41.00,-162,4394718,-711944.32,4,fused
284106,000000284106.jpg,640x421,0,0.216088,0,1,TN,yolov8l_bsz4.ms,184.50,91.75,276.25,0.500,Mid (Meeting),3.78,17.09,290.89,3912.00,11499.37,514.61,,0,100,41.00,-216,4393281,-948948.70,4,fused
36678,000000036678.jpg,640x361,0,0.215949,0,1,TN,yolov8l_bsz4.ms,184.50,91.75,276.25,0.500,Mid (Meeting),3.78,17.09,290.89,3912.00,11499.37,514.61,,0,100,41.00,-216,4393281,-948948.70,4,fused
352618,000000352618.jpg,640x426,0,0.215454,0,1,TN,yolov8l_bsz4.ms,184.50,91.75,276.25,0.500,Mid (Meeting),3.78,17.09,290.89,3912.00,11499.37,514.61,,0,100,41.00,-216,4393281,-948948.70,4,fused
344795,000000344795.jpg,640x361,0,0.215260,0,1,TN,yolov8l_bsz4.ms,184.50,91.75,276.25,0.500,Mid (Meeting),3.78,17.09,290.89,3912.00,11499.37,514.61,,0,100,41.00,-216,4393281,-948948.70,4,fused
547502,000000547502.jpg,640x480,0,0.215154,0,1,TN,yolov8l_bsz4.ms,186.25,112.25,298.50,0.500,Mid (Meeting),3.35,17.09,362.83,3841.00,11499.37,439.98,,0,100,41.00,-162,4394870,-711968.94,4,fused
483531,000000483531.jpg,640x480,0,0.215054,0,1,TN,yolov8l_bsz4.ms,186.25,112.25,298.50,0.500,Mid (Meeting),3.35,17.09,362.83,3841.00,11499.37,439.98,,0,100,41.00,-162,4394870,-711968.94,4,fused
459467,000000459467.jpg,640x423,0,0.214195,0,1,TN,yolov8l_bsz4.ms,186.25,112.25,298.50,0.500,Mid (Meeting),3.35,17.09,362.83,3841.00,11499.37,439.98,,0,100,41.00,-162,4394870,-711968.94,4,fused
55002,000000055002.jpg,500x375,0,0.213735,1,0,FN,yolov8l_bsz4.ms,186.25,112.25,298.50,0.500,Mid (Meeting),3.35,17.09,362.83,3841.00,11499.37,439.98,,0,100,41.00,-162,4394870,-711968.94,4,fused
325306,000000325306.jpg,640x480,0,0.213408,0,1,TN,yolov8l_bsz4.ms,180.75,110.75,291.50,0.500,Mid (Meeting),3.71,14.67,359.36,3850.00,11499.37,446.81,,0,100,41.00,-146,4395025,-641673.65,4,fused
377882,000000377882.jpg,640x480,0,0.213300,0,1,TN,yolov8l_bsz4.ms,180.75,110.75,291.50,0.500,Mid (Meeting),3.71,14.67,359.36,3850.00,11499.37,446.81,,0,100,41.00,-146,4395025,-641673.65,4,fused
484760,000000484760.jpg,640x426,0,0.212752,0,1,TN,yolov8l_bsz4.ms,180.75,110.75,291.50,0.500,Mid (Meeting),3.71,14.67,359.36,3850.00,11499.37,446.81,,0,100,41.00,-146,4395025,-641673.65,4,fused
379332,000000379332.jpg,500x334,0,0.212594,1,0,FN,yolov8l_bsz4.ms,180.75,110.75,291.50,0.500,Mid (Meeting),3.71,14.67,359.36,3850.00,11499.37,446.81,,0,100,41.00,-146,4395025,-641673.65,4,fused
120572,000000120572.jpg,640x427,0,0.212593,0,1,TN,yolov8l_bsz4.ms,184.50,110.00,294.50,0.500,Mid (Meeting),3.80,14.67,341.37,3872.00,11499.37,464.20,,0,100,41.00,-168,4394516,-738278.69,4,fused
205834,000000205834.jpg,640x428,0,0.212536,0,1,TN,yolov8l_bsz4.ms,184.50,110.00,294.50,0.500,Mid (Meeting),3.80,14.67,341.37,3872.00,11499.37,464.20,,0,100,41.00,-168,4394516,-738278.69,4,fused
537153,000000537153.jpg,640x396,0,0.211324,1,0,FN,yolov8l_bsz4.ms,184.50,110.00,294.50,0.500,Mid (Meeting),3.80,14.67,341.37,3872.00,11499.37,464.20,,0,100,41.00,-168,4394516,-738278.69,4,fused
445675,000000445675.jpg,480x640,0,0.210670,0,1,TN,yolov8l_bsz4.ms,184.50,110.00,294.50,0.500,Mid (Meeting),3.80,14.67,341.37,3872.00,11499.37,464.20,,0,100,41.00,-168,4394516,-738278.69,4,fused
338718,000000338718.jpg,500x445,0,0.210353,0,1,TN,yolov8l_bsz4.ms,191.25,120.00,311.25,0.500,Mid (Meeting),3.89,16.28,291.05,3923.00,11499.37,512.81,,0,100,41.00,-316,4389785,-1387172.06,4,fused
192047,000000192047.jpg,480x640,0,0.209832,0,1,TN,yolov8l_bsz4.ms,191.25,120.00,311.25,0.500,Mid (Meeting),3.89,16.28,291.05,3923.00,11499.37,512.81,,0,100,41.00,-316,4389785,-1387172.06,4,fused
115245,000000115245.jpg,612x612,0,0.208526,1,0,FN,yolov8l_bsz4.ms,191.25,120.00,311.25,0.500,Mid (Meeting),3.89,16.28,291.05,3923.00,11499.37,512.81,,0,100,41.00,-316,4389785,-1387172.06,4,fused
203317,000000203317.jpg,500x423,0,0.208011,0,1,TN,yolov8l_bsz4.ms,191.25,120.00,311.25,0.500,Mid (Meeting),3.89,16.28,291.05,3923.00,11499.37,512.81,,0,100,41.00,-316,4389785,-1387172.06,4,fused
314914,000000314914.jpg,480x640,0,0.207877,0,1,TN,yolov8l_bsz4.ms,190.75,114.25,305.00,0.500,Mid (Meeting),3.81,16.28,363.63,3852.00,11499.37,439.94,,0,100,41.00,-183,4394128,-804125.42,4,fused
323571,000000323571.jpg,478x640,0,0.207513,0,1,TN,yolov8l_bsz4.ms,190.75,114.25,305.00,0.500,Mid (Meeting),3.81,16.28,363.63,3852.00,11499.37,439.94,,0,100,41.00,-183,4394128,-804125.42,4,fused
478136,000000478136.jpg,533x640,0,0.207322,0,1,TN,yolov8l_bsz4.ms,190.75,114.25,305.00,0.500,Mid (Meeting),3.81,16.28,363.63,3852.00,11499.37,439.94,,0,100,41.00,-183,4394128,-804125.42,4,fused
323202,000000323202.jpg,480x640,0,0.207249,0,1,TN,yolov8l_bsz4.ms,190.75,114.25,305.00,0.500,Mid (Meeting),3.81,16.28,363.63,3852.00,11499.37,439.94,,0,100,41.00,-183,4394128,-804125.42,4,fused
429623,000000429623.jpg,640x480,0,0.207021,0,1,TN,yolov8l_bsz4.ms,186.50,111.00,297.50,0.500,Mid (Meeting),3.81,16.76,363.01,3854.00,11499.37,438.22,,0,100,41.00,-236,4392047,-1036523.09,4,fused
155154,000000155154.jpg,375x500,0,0.206810,0,1,TN,yolov8l_bsz4.ms,186.50,111.00,297.50,0.500,Mid (Meeting),3.81,16.76,363.01,3854.00,11499.37,438.22,,0,100,41.00,-236,4392047,-1036523.09,4,fused
185802,000000185802.jpg,480x640,0,0.206646,0,1,TN,yolov8l_bsz4.ms,186.50,111.00,297.50,0.500,Mid (Meeting),3.81,16.76,363.01,3854.00,11499.37,438.22,,0,100,41.00,-236,4392047,-1036523.09,4,fused
283412,000000283412.jpg,640x427,0,0.206615,0,1,TN,yolov8l_bsz4.ms,186.50,111.00,297.50,0.500,Mid (Meeting),3.81,16.76,363.01,3854.00,11499.37,438.22,,0,100,41.00,-236,4392047,-1036523.09,4,fused
85195,000000085195.jpg,640x480,0,0.205875,0,1,TN,yolov8l_bsz4.ms,185.50,99.75,285.25,0.500,Mid (Meeting),3.83,16.76,341.44,3875.00,11499.37,458.30,,0,100,41.00,-136,4395584,-597799.42,4,fused
53994,000000053994.jpg,481x640,0,0.205591,0,1,TN,yolov8l_bsz4.ms,185.50,99.75,285.25,0.500,Mid (Meeting),3.83,16.76,341.44,3875.00,11499.37,458.30,,0,100,41.00,-136,4395584,-597799.42,4,fused
242411,000000242411.jpg,424x640,0,0.205208,1,0,FN,yolov8l_bsz4.ms,185.50,99.75,285.25,0.500,Mid (Meeting),3.83,16.76,341.44,3875.00,11499.37,458.30,,0,100,41.00,-136,4395584,-597799.42,4,fused
469174,000000469174.jpg,640x460,0,0.205019,0,1,TN,yolov8l_bsz4.ms,185.50,99.75,285.25,0.500,Mid (Meeting),3.83,16.76,341.44,3875.00,11499.37,458.30,,0,100,41.00,-136,4395584,-597799.42,4,fused
161008,000000161008.jpg,640x480,0,0.204921,0,1,TN,yolov8l_bsz4.ms,190.25,116.75,307.00,0.500,Mid (Meeting),3.84,16.92,292.78,3923.00,11499.37,505.14,,0,100,41.00,-223,4392311,-979485.35,4,fused
492878,000000492878.jpg,640x640,0,0.204761,0,1,TN,yolov8l_bsz4.ms,190.25,116.75,307.00,0.500,Mid (Meeting),3.84,16.92,292.78,3923.00,11499.37,505.14,,0,100,41.00,-223,4392311,-979485.35,4,fused
405195,000000405195.jpg,640x480,0,0.204674,1,0,FN,yolov8l_bsz4.ms,190.25,116.75,307.00,0.500,Mid (Meeting),3.84,16.92,292.78,3923.00,11499.37,505.14,,0,100,41.00,-223,4392311,-979485.35,4,fused
152465,000000152465.jpg,640x516,0,0.204149,0,1,TN,yolov8l_bsz4.ms,190.25,116.75,307.00,0.500,Mid (Meeting),3.84,16.92,292.78,3923.00,11499.37,505.14,,0,100,41.00,-223,4392311,-979485.35,4,fused
519338,000000519338.jpg,640x426,0,0.204049,0,1,TN,yolov8l_bsz4.ms,188.75,106.75,295.50,0.500,Mid (Meeting),3.63,16.92,365.50,3854.00,11499.37,430.16,,0,100,41.00,-217,4392614,-953197.24,4,fused
210502,000000210502.jpg,640x480,0,0.203808,0,1,TN,yolov8l_bsz4.ms,188.75,106.75,295.50,0.500,Mid (Meeting),3.63,16.92,365.50,3854.00,11499.37,430.16,,0,100,41.00,-217,4392614,-953197.24,4,fused
488736,000000488736.jpg,640x480,0,0.202421,0,1,TN,yolov8l_bsz4.ms,188.75,106.75,295.50,0.500,Mid (Meeting),3.63,16.92,365.50,3854.00,11499.37,430.16,,0,100,41.00,-217,4392614,-953197.24,4,fused
344614,000000344614.jpg,478x640,0,0.202380,0,1,TN,yolov8l_bsz4.ms,188.75,106.75,295.50,0.500,Mid (Meeting),3.63,16.92,365.50,3854.00,11499.37,430.16,,0,100,41.00,-217,4392614,-953197.24,4,fused
363072,000000363072.jpg,640x640,0,0.202173,0,1,TN,yolov8l_bsz4.ms,193.25,109.50,302.75,0.500,Mid (Meeting),3.65,18.71,365.56,3855.00,11499.37,427.64,,0,100,41.00,-277,4390538,-1216179.03,4,fused
320706,000000320706.jpg,480x640,0,0.201723,0,1,TN,yolov8l_bsz4.ms,193.25,109.50,302.75,0.500,Mid (Meeting),3.65,18.71,365.56,3855.00,11499.37,427.64,,0,100,41.00,-277,4390538,-1216179.03,4,fused
243199,000000243199.jpg,500x333,0,0.201646,0,1,TN,yolov8l_bsz4.ms,193.25,109.50,302.75,0.500,Mid (Meeting),3.65,18.71,365.56,3855.00,11499.37,427.64,,0,100,41.00,-277,4390538,-1216179.03,4,fused
292155,000000292155.jpg,640x480,0,0.201590,1,0,FN,yolov8l_bsz4.ms,193.25,109.50,302.75,0.500,Mid (Meeting),3.65,18.71,365.56,3855.00,11499.37,427.64,,0,100,41.00,-277,4390538,-1216179.03,4,fused
113403,000000113403.jpg,640x451,0,0.201364,0,1,TN,yolov8l_bsz4.ms,189.00,94.75,283.75,0.500,Mid (Meeting),3.74,18.71,284.11,3937.00,11499.37,507.91,,0,100,41.00,-298,4390137,-1308260.83,4,fused
3661,000000003661.jpg,640x384,0,0.201349,0,1,TN,yolov8l_bsz4.ms,189.00,94.75,283.75,0.500,Mid (Meeting),3.74,18.71,284.11,3937.00,11499.37,507.91,,0,100,41.00,-298,4390137,-1308260.83,4,fused
96001,000000096001.jpg,640x426,0,0.201341,0,1,TN,yolov8l_bsz4.ms,189.00,94.75,283.75,0.500,Mid (Meeting),3.74,18.71,284.11,3937.00,11499.37,507.91,,0,100,41.00,-298,4390137,-1308260.83,4,fused
168458,000000168458.jpg,425x640,0,0.200635,0,1,TN,yolov8l_bsz4.ms,189.00,94.75,283.75,0.500,Mid (Meeting),3.74,18.71,284.11,3937.00,11499.37,507.91,,0,100,41.00,-298,4390137,-1308260.83,4,fused
461573,000000461573.jpg,500x376,0,0.199512,0,1,TN,yolov8l_bsz4.ms,185.75,112.50,298.25,0.500,Mid (Meeting),3.66,17.97,362.24,3859.00,11499.37,428.09,,0,100,41.00,-183,4393887,-804081.32,4,fused
255824,000000255824.jpg,640x478,0,0.199398,0,1,TN,yolov8l_bsz4.ms,185.75,112.50,298.25,0.500,Mid (Meeting),3.66,17.97,362.24,3859.00,11499.37,428.09,,0,100,41.00,-183,4393887,-804081.32,4,fused
480212,000000480212.jpg,640x480,0,0.199144,0,1,TN,yolov8l_bsz4.ms,185.75,112.50,298.25,0.500,Mid (Meeting),3.66,17.97,362.24,3859.00,11499.37,428.09,,0,100,41.00,-183,4393887,-804081.32,4,fused
23781,000000023781.jpg,640x427,0,0.198824,0,1,TN,yolov8l_bsz4.ms,185.75,112.50,298.25,0.500,Mid (Meeting),3.66,17.97,362.24,3859.00,11499.37,428.09,,0,100,41.00,-183,4393887,-804081.32,4,fused
201025,000000201025.jpg,400x604,0,0.198815,0,1,TN,yolov8l_bsz4.ms,194.50,93.75,288.25,0.500,Mid (Meeting),3.66,17.97,362.33,3860.00,11499.37,426.32,,0,100,41.00,-128,4395709,-562650.75,4,fused
205776,000000205776.jpg,640x425,0,0.198338,0,1,TN,yolov8l_bsz4.ms,194.50,93.75,288.25,0.500,Mid (Meeting),3.66,17.97,362.33,3860.00,11499.37,426.32,,0,100,41.00,-128,4395709,-562650.75,4,fused
375430,000000375430.jpg,640x427,0,0.197928,0,1,TN,yolov8l_bsz4.ms,194.50,93.75,288.25,0.500,Mid (Meeting),3.66,17.97,362.33,3860.00,11499.37,426.32,,0,100,41.00,-128,4395709,-562650.75,4,fused
97994,000000097994.jpg,640x427,0,0.197854,0,1,TN,yolov8l_bsz4.ms,194.50,93.75,288.25,0.500,Mid (Meeting),3.66,17.97,362.33,3860.00,11499.37,426.32,,0,100,41.00,-128,4395709,-562650.75,4,fused
419882,000000419882.jpg,612x612,0,0.197758,0,1,TN,yolov8l_bsz4.ms,187.00,113.75,300.75,0.500,Mid (Meeting),3.73,17.90,343.94,3880.00,11499.37,442.41,,0,100,41.00,-193,4393362,-847918.87,4,fused
410934,000000410934.jpg,640x480,0,0.197156,0,1,TN,yolov8l_bsz4.ms,187.00,113.75,300.75,0.500,Mid (Meeting),3.73,17.90,343.94,3880.00,11499.37,442.41,,0,100,41.00,-193,4393362,-847918.87,4,fused
224051,000000224051.jpg,640x428,0,0.196403,0,1,TN,yolov8l_bsz4.ms,187.00,113.75,300.75,0.500,Mid (Meeting),3.73,17.90,343.94,3880.00,11499.37,442.41,,0,100,41.00,-193,4393362,-847918.87,4,fused
365385,000000365385.jpg,640x427,0,0.195800,0,1,TN,yolov8l_bsz4.ms,187.00,113.75,300.75,0.500,Mid (Meeting),3.73,17.90,343.94,3880.00,11499.37,442.41,,0,100,41.00,-193,4393362,-847918.87,4,fused
231097,000000231097.jpg,640x480,0,0.195250,0,1,TN,yolov8l_bsz4.ms,191.25,93.50,284.75,0.500,Mid (Meeting),3.70,17.90,295.43,3928.00,11499.37,488.96,,0,100,41.00,-232,4392346,-1019024.27,4,fused
197004,000000197004.jpg,640x427,0,0.195097,0,1,TN,yolov8l_bsz4.ms,191.25,93.50,284.75,0.500,Mid (Meeting),3.70,17.90,295.43,3928.00,11499.37,488.96,,0,100,41.00,-232,4392346,-1019024.27,4,fused
218249,000000218249.jpg,640x427,0,0.194560,0,1,TN,yolov8l_bsz4.ms,191.25,93.50,284.75,0.500,Mid (Meeting),3.70,17.90,295.43,3928.00,11499.37,488.96,,0,100,41.00,-232,4392346,-1019024.27,4,fused
241297,000000241297.jpg,640x428,0,0.194499,0,1,TN,yolov8l_bsz4.ms,191.25,93.50,284.75,0.500,Mid (Meeting),3.70,17.90,295.43,3928.00,11499.37,488.96,,0,100,41.00,-232,4392346,-1019024.27,4,fused
409268,000000409268.jpg,511x640,0,0.194104,0,1,TN,yolov8l_bsz4.ms,189.75,97.50,287.25,0.500,Mid (Meeting),3.68,18.04,362.83,3861.00,11499.37,419.75,,0,100,41.00,-223,4392761,-979585.70,4,fused
415741,000000415741.jpg,640x360,0,0.193957,0,1,TN,yolov8l_bsz4.ms,189.75,97.50,287.25,0.500,Mid (Meeting),3.68,18.04,362.83,3861.00,11499.37,419.75,,0,100,41.00,-223,4392761,-979585.70,4,fused
131379,000000131379.jpg,640x480,0,0.193522,0,1,TN,yolov8l_bsz4.ms,189.75,97.50,287.25,0.500,Mid (Meeting),3.68,18.04,362.83,3861.00,11499.37,419.75,,0,100,41.00,-223,4392761,-979585.70,4,fused
16958,000000016958.jpg,640x428,0,0.193396,0,1,TN,yolov8l_bsz4.ms,189.75,97.50,287.25,0.500,Mid (Meeting),3.68,18.04,362.83,3861.00,11499.37,419.75,,0,100,41.00,-223,4392761,-979585.70,4,fused
91619,000000091619.jpg,427x640,0,0.193178,0,1,TN,yolov8l_bsz4.ms,197.25,110.50,307.75,0.500,Mid (Meeting),3.98,18.04,359.25,3865.00,11499.37,420.77,,0,100,41.00,-150,4394842,-659226.30,4,fused
431568,000000431568.jpg,640x426,0,0.193093,0,1,TN,yolov8l_bsz4.ms,197.25,110.50,307.75,0.500,Mid (Meeting),3.98,18.04,359.25,3865.00,11499.37,420.77,,0,100,41.00,-150,4394842,-659226.30,4,fused
159458,000000159458.jpg,640x480,0,0.192976,0,1,TN,yolov8l_bsz4.ms,197.25,110.50,307.75,0.500,Mid (Meeting),3.98,18.04,359.25,3865.00,11499.37,420.77,,0,100,41.00,-150,4394842,-659226.30,4,fused
193926,000000193926.jpg,640x477,0,0.192575,1,0,FN,yolov8l_bsz4.ms,197.25,110.50,307.75,0.500,Mid (Meeting),3.98,18.04,359.25,3865.00,11499.37,420.77,,0,100,41.00,-150,4394842,-659226.30,4,fused
521282,000000521282.jpg,424x640,0,0.191033,0,1,TN,yolov8l_bsz4.ms,188.75,97.50,286.25,0.500,Mid (Meeting),3.79,17.59,339.99,3885.00,11499.37,437.76,,0,100,41.00,-281,4390685,-1233782.49,4,fused
214869,000000214869.jpg,640x480,0,0.190725,1,0,FN,yolov8l_bsz4.ms,188.75,97.50,286.25,0.500,Mid (Meeting),3.79,17.59,339.99,3885.00,11499.37,437.76,,0,100,41.00,-281,4390685,-1233782.49,4,fused
36844,000000036844.jpg,640x480,0,0.190509,0,1,TN,yolov8l_bsz4.ms,188.75,97.50,286.25,0.500,Mid (Meeting),3.79,17.59,339.99,3885.00,11499.37,437.76,,0,100,41.00,-281,4390685,-1233782.49,4,fused
51598,000000051598.jpg,360x640,0,0.189979,0,1,TN,yolov8l_bsz4.ms,188.75,97.50,286.25,0.500,Mid (Meeting),3.79,17.59,339.99,3885.00,11499.37,437.76,,0,100,41.00,-281,4390685,-1233782.49,4,fused
324715,000000324715.jpg,500x333,0,0.189886,0,1,TN,yolov8l_bsz4.ms,195.50,111.25,306.75,0.500,Mid (Meeting),3.86,17.59,288.27,3935.00,11499.37,487.24,,0,100,41.00,-275,4390765,-1207460.38,4,fused
145591,000000145591.jpg,640x480,0,0.189600,0,1,TN,yolov8l_bsz4.ms,195.50,111.25,306.75,0.500,Mid (Meeting),3.86,17.59,288.27,3935.00,11499.37,487.24,,0,100,41.00,-275,4390765,-1207460.38,4,fused
565597,000000565597.jpg,478x640,0,0.189321,0,1,TN,yolov8l_bsz4.ms,195.50,111.25,306.75,0.500,Mid (Meeting),3.86,17.59,288.27,3935.00,11499.37,487.24,,0,100,41.00,-275,4390765,-1207460.38,4,fused
517832,000000517832.jpg,640x640,0,0.189219,0,1,TN,yolov8l_bsz4.ms,195.50,111.25,306.75,0.500,Mid (Meeting),3.86,17.59,288.27,3935.00,11499.37,487.24,,0,100,41.00,-275,4390765,-1207460.38,4,fused
387383,000000387383.jpg,640x480,0,0.188908,0,1,TN,yolov8l_bsz4.ms,190.00,110.25,300.25,0.500,Mid (Meeting),3.78,17.85,365.69,3861.00,11499.37,407.73,,0,100,41.00,-196,4393245,-861076.02,4,fused
492284,000000492284.jpg,640x480,0,0.188080,1,0,FN,yolov8l_bsz4.ms,190.00,110.25,300.25,0.500,Mid (Meeting),3.78,17.85,365.69,3861.00,11499.37,407.73,,0,100,41.00,-196,4393245,-861076.02,4,fused
521405,000000521405.jpg,426x640,0,0.187050,0,1,TN,yolov8l_bsz4.ms,190.00,110.25,300.25,0.500,Mid (Meeting),3.78,17.85,365.69,3861.00,11499.37,407.73,,0,100,41.00,-196,4393245,-861076.02,4,fused
172330,000000172330.jpg,640x480,0,0.186812,0,1,TN,yolov8l_bsz4.ms,190.00,110.25,300.25,0.500,Mid (Meeting),3.78,17.85,365.69,3861.00,11499.37,407.73,,0,100,41.00,-196,4393245,-861076.02,4,fused
535578,000000535578.jpg,427x640,0,0.186495,0,1,TN,yolov8l_bsz4.ms,186.50,101.00,287.50,0.500,Mid (Meeting),3.78,17.85,357.85,3870.00,11499.37,413.45,,0,100,41.00,-226,4392144,-992624.54,4,fused
360325,000000360325.jpg,640x428,0,0.186150,0,1,TN,yolov8l_bsz4.ms,186.50,101.00,287.50,0.500,Mid (Meeting),3.78,17.85,357.85,3870.00,11499.37,413.45,,0,100,41.00,-226,4392144,-992624.54,4,fused
511398,000000511398.jpg,640x427,0,0.185861,0,1,TN,yolov8l_bsz4.ms,186.50,101.00,287.50,0.500,Mid (Meeting),3.78,17.85,357.85,3870.00,11499.37,413.45,,0,100,41.00,-226,4392144,-992624.54,4,fused
451435,000000451435.jpg,640x385,0,0.185480,1,0,FN,yolov8l_bsz4.ms,186.50,101.00,287.50,0.500,Mid (Meeting),3.78,17.85,357.85,3870.00,11499.37,413.45,,0,100,41.00,-226,4392144,-992624.54,4,fused
512330,000000512330.jpg,426x640,0,0.185420,0,1,TN,yolov8l_bsz4.ms,191.25,98.75,290.00,0.500,Mid (Meeting),3.77,17.82,339.24,3890.00,11499.37,430.15,,0,100,41.00,-226,4392144,-992624.54,4,fused
310622,000000310622.jpg,640x428,0,0.184924,0,1,TN,yolov8l_bsz4.ms,191.25,98.75,290.00,0.500,Mid (Meeting),3.77,17.82,339.24,3890.00,11499.37,430.15,,0,100,41.00,-226,4392144,-992624.54,4,fused
42888,000000042888.jpg,500x374,0,0.184437,0,1,TN,yolov8l_bsz4.ms,191.25,98.75,290.00,0.500,Mid (Meeting),3.77,17.82,339.24,3890.00,11499.37,430.15,,0,100,41.00,-226,4392144,-992624.54,4,fused
195754,000000195754.jpg,640x425,0,0.184306,0,1,TN,yolov8l_bsz4.ms,191.25,98.75,290.00,0.500,Mid (Meeting),3.77,17.82,339.24,3890.00,11499.37,430.15,,0,100,41.00,-226,4392144,-992624.54,4,fused
50165,000000050165.jpg,640x431,0,0.183855,0,1,TN,yolov8l_bsz4.ms,187.75,114.00,301.75,0.500,Mid (Meeting),3.80,17.82,285.24,3945.00,11499.37,482.61,,0,100,41.00,-182,4393777,-799667.41,4,fused
404601,000000404601.jpg,480x640,0,0.183835,0,1,TN,yolov8l_bsz4.ms,187.75,114.00,301.75,0.500,Mid (Meeting),3.80,17.82,285.24,3945.00,11499.37,482.61,,0,100,41.00,-182,4393777,-799667.41,4,fused
384616,000000384616.jpg,640x480,0,0.183691,0,1,TN,yolov8l_bsz4.ms,187.75,114.00,301.75,0.500,Mid (Meeting),3.80,17.82,285.24,3945.00,11499.37,482.61,,0,100,41.00,-182,4393777,-799667.41,4,fused
277051,000000277051.jpg,640x427,0,0.183585,0,1,TN,yolov8l_bsz4.ms,187.75,114.00,301.75,0.500,Mid (Meeting),3.80,17.82,285.24,3945.00,11499.37,482.61,,0,100,41.00,-182,4393777,-799667.41,4,fused
176606,000000176606.jpg,640x480,0,0.183455,1,0,FN,yolov8l_bsz4.ms,188.25,111.50,299.75,0.500,Mid (Meeting),3.76,17.93,361.94,3869.00,11499.37,404.04,,0,100,41.00,-278,4390967,-1220688.83,4,fused
554838,000000554838.jpg,480x640,0,0.183410,0,1,TN,yolov8l_bsz4.ms,188.25,111.50,299.75,0.500,Mid (Meeting),3.76,17.93,361.94,3869.00,11499.37,404.04,,0,100,41.00,-278,4390967,-1220688.83,4,fused
259097,000000259097.jpg,500x333,0,0.183074,1,0,FN,yolov8l_bsz4.ms,188.25,111.50,299.75,0.500,Mid (Meeting),3.76,17.93,361.94,3869.00,11499.37,404.04,,0,100,41.00,-278,4390967,-1220688.83,4,fused
12062,000000012062.jpg,640x427,0,0.182755,0,1,TN,yolov8l_bsz4.ms,188.25,111.50,299.75,0.500,Mid (Meeting),3.76,17.93,361.94,3869.00,11499.37,404.04,,0,100,41.00,-278,4390967,-1220688.83,4,fused
292330,000000292330.jpg,640x512,0,0.181253,0,1,TN,yolov8l_bsz4.ms,188.00,95.00,283.00,0.500,Mid (Meeting),4.14,17.93,358.25,3873.00,11499.37,405.30,,0,100,41.00,-336,4388671,-1474593.46,4,fused
445658,000000445658.jpg,640x427,0,0.180684,0,1,TN,yolov8l_bsz4.ms,188.00,95.00,283.00,0.500,Mid (Meeting),4.14,17.93,358.25,3873.00,11499.37,405.30,,0,100,41.00,-336,4388671,-1474593.46,4,fused
498286,000000498286.jpg,640x480,0,0.180582,0,1,TN,yolov8l_bsz4.ms,188.00,95.00,283.00,0.500,Mid (Meeting),4.14,17.93,358.25,3873.00,11499.37,405.30,,0,100,41.00,-336,4388671,-1474593.46,4,fused
509260,000000509260.jpg,500x375,0,0.180575,0,1,TN,yolov8l_bsz4.ms,188.00,95.00,283.00,0.500,Mid (Meeting),4.14,17.93,358.25,3873.00,11499.37,405.30,,0,100,41.00,-336,4388671,-1474593.46,4,fused
512194,000000512194.jpg,640x476,0,0.180194,0,1,TN,yolov8l_bsz4.ms,190.75,107.25,298.00,0.500,Mid (Meeting),3.97,17.33,285.34,3948.00,11499.37,476.54,,0,100,41.00,-255,4391469,-1119824.59,4,fused
267903,000000267903.jpg,640x426,0,0.180131,0,1,TN,yolov8l_bsz4.ms,190.75,107.25,298.00,0.500,Mid (Meeting),3.97,17.33,285.34,3948.00,11499.37,476.54,,0,100,41.00,-255,4391469,-1119824.59,4,fused
16502,000000016502.jpg,375x500,0,0.179517,0,1,TN,yolov8l_bsz4.ms,190.75,107.25,298.00,0.500,Mid (Meeting),3.97,17.33,285.34,3948.00,11499.37,476.54,,0,100,41.00,-255,4391469,-1119824.59,4,fused
165713,000000165713.jpg,425x640,0,0.179516,0,1,TN,yolov8l_bsz4.ms,190.75,107.25,298.00,0.500,Mid (Meeting),3.97,17.33,285.34,3948.00,11499.37,476.54,,0,100,41.00,-255,4391469,-1119824.59,4,fused
308799,000000308799.jpg,375x500,0,0.179358,0,1,TN,yolov8l_bsz4.ms,195.75,107.75,303.50,0.500,Mid (Meeting),3.78,17.33,361.85,3872.00,11499.37,398.80,,0,100,41.00,-199,4393142,-874235.26,4,fused
581100,000000581100.jpg,640x480,0,0.179170,0,1,TN,yolov8l_bsz4.ms,195.75,107.75,303.50,0.500,Mid (Meeting),3.78,17.33,361.85,3872.00,11499.37,398.80,,0,100,41.00,-199,4393142,-874235.26,4,fused
38576,000000038576.jpg,438x640,0,0.179118,0,1,TN,yolov8l_bsz4.ms,195.75,107.75,303.50,0.500,Mid (Meeting),3.78,17.33,361.85,3872.00,11499.37,398.80,,0,100,41.00,-199,4393142,-874235.26,4,fused
575372,000000575372.jpg,640x480,0,0.178968,0,1,TN,yolov8l_bsz4.ms,195.75,107.75,303.50,0.500,Mid (Meeting),3.78,17.33,361.85,3872.00,11499.37,398.80,,0,100,41.00,-199,4393142,-874235.26,4,fused
28449,000000028449.jpg,640x427,0,0.177974,0,1,TN,yolov8l_bsz4.ms,189.25,107.00,296.25,0.500,Mid (Meeting),3.78,17.54,360.13,3877.00,11499.37,400.66,,0,100,41.00,-150,4394772,-659215.80,4,fused
253452,000000253452.jpg,640x426,0,0.177691,0,1,TN,yolov8l_bsz4.ms,189.25,107.00,296.25,0.500,Mid (Meeting),3.78,17.54,360.13,3877.00,11499.37,400.66,,0,100,41.00,-150,4394772,-659215.80,4,fused
298738,000000298738.jpg,427x640,0,0.177663,0,1,TN,yolov8l_bsz4.ms,189.25,107.00,296.25,0.500,Mid (Meeting),3.78,17.54,360.13,3877.00,11499.37,400.66,,0,100,41.00,-150,4394772,-659215.80,4,fused
500663,000000500663.jpg,640x480,0,0.177618,0,1,TN,yolov8l_bsz4.ms,189.25,107.00,296.25,0.500,Mid (Meeting),3.78,17.54,360.13,3877.00,11499.37,400.66,,0,100,41.00,-150,4394772,-659215.80,4,fused
146498,000000146498.jpg,640x480,0,0.177466,0,1,TN,yolov8l_bsz4.ms,189.00,127.00,316.00,0.500,Mid (Meeting),3.82,17.54,338.21,3900.00,11499.37,420.56,,0,100,41.00,-134,4395252,-588963.77,4,fused
314541,000000314541.jpg,640x425,0,0.177465,0,1,TN,yolov8l_bsz4.ms,189.00,127.00,316.00,0.500,Mid (Meeting),3.82,17.54,338.21,3900.00,11499.37,420.56,,0,100,41.00,-134,4395252,-588963.77,4,fused
66817,000000066817.jpg,612x612,0,0.177347,0,1,TN,yolov8l_bsz4.ms,189.00,127.00,316.00,0.500,Mid (Meeting),3.82,17.54,338.21,3900.00,11499.37,420.56,,0,100,41.00,-134,4395252,-588963.77,4,fused
299355,000000299355.jpg,500x375,0,0.176642,0,1,TN,yolov8l_bsz4.ms,189.00,127.00,316.00,0.500,Mid (Meeting),3.82,17.54,338.21,3900.00,11499.37,420.56,,0,100,41.00,-134,4395252,-588963.77,4,fused
99053,000000099053.jpg,640x559,0,0.176380,0,1,TN,yolov8l_bsz4.ms,193.25,112.25,305.50,0.500,Mid (Meeting),3.83,17.70,282.69,3956.00,11499.37,473.66,,0,100,41.00,-303,4390054,-1330186.36,4,fused
49761,000000049761.jpg,640x479,0,0.175913,0,1,TN,yolov8l_bsz4.ms,193.25,112.25,305.50,0.500,Mid (Meeting),3.83,17.70,282.69,3956.00,11499.37,473.66,,0,100,41.00,-303,4390054,-1330186.36,4,fused
153782,000000153782.jpg,416x640,0,0.175830,0,1,TN,yolov8l_bsz4.ms,193.25,112.25,305.50,0.500,Mid (Meeting),3.83,17.70,282.69,3956.00,11499.37,473.66,,0,100,41.00,-303,4390054,-1330186.36,4,fused
357941,000000357941.jpg,500x375,0,0.175826,0,1,TN,yolov8l_bsz4.ms,193.25,112.25,305.50,0.500,Mid (Meeting),3.83,17.70,282.69,3956.00,11499.37,473.66,,0,100,41.00,-303,4390054,-1330186.36,4,fused
451571,000000451571.jpg,640x480,0,0.175615,0,1,TN,yolov8l_bsz4.ms,179.75,120.75,300.50,0.500,Mid (Meeting),3.83,17.70,361.93,3876.00,11499.37,392.65,,0,100,41.00,-167,4394131,-733819.88,4,fused
219485,000000219485.jpg,422x640,0,0.175078,0,1,TN,yolov8l_bsz4.ms,179.75,120.75,300.50,0.500,Mid (Meeting),3.83,17.70,361.93,3876.00,11499.37,392.65,,0,100,41.00,-167,4394131,-733819.88,4,fused
148707,000000148707.jpg,640x480,0,0.174566,0,1,TN,yolov8l_bsz4.ms,179.75,120.75,300.50,0.500,Mid (Meeting),3.83,17.70,361.93,3876.00,11499.37,392.65,,0,100,41.00,-167,4394131,-733819.88,4,fused
152870,000000152870.jpg,512x640,0,0.174542,0,1,TN,yolov8l_bsz4.ms,179.75,120.75,300.50,0.500,Mid (Meeting),3.83,17.70,361.93,3876.00,11499.37,392.65,,0,100,41.00,-167,4394131,-733819.88,4,fused
131273,000000131273.jpg,480x640,0,0.174199,0,1,TN,yolov8l_bsz4.ms,192.50,100.75,293.25,0.500,Mid (Meeting),3.82,18.19,360.07,3849.00,11499.37,361.59,,0,100,41.00,-310,4389802,-1360838.62,4,fused
340894,000000340894.jpg,640x480,0,0.174189,1,0,FN,yolov8l_bsz4.ms,192.50,100.75,293.25,0.500,Mid (Meeting),3.82,18.19,360.07,3849.00,11499.37,361.59,,0,100,41.00,-310,4389802,-1360838.62,4,fused
286422,000000286422.jpg,640x425,0,0.173084,1,0,FN,yolov8l_bsz4.ms,192.50,100.75,293.25,0.500,Mid (Meeting),3.82,18.19,360.07,3849.00,11499.37,361.59,,0,100,41.00,-310,4389802,-1360838.62,4,fused
555009,000000555009.jpg,500x375,0,0.172863,0,1,TN,yolov8l_bsz4.ms,192.50,100.75,293.25,0.500,Mid (Meeting),3.82,18.19,360.07,3849.00,11499.37,361.59,,0,100,41.00,-310,4389802,-1360838.62,4,fused
155179,000000155179.jpg,640x468,0,0.172791,0,1,TN,yolov8l_bsz4.ms,195.75,105.25,301.00,0.500,Mid (Meeting),4.85,18.19,357.96,3828.00,11499.37,341.78,,0,100,41.00,-280,4390281,-1229278.68,4,fused
51008,000000051008.jpg,640x480,0,0.172704,0,1,TN,yolov8l_bsz4.ms,195.75,105.25,301.00,0.500,Mid (Meeting),4.85,18.19,357.96,3828.00,11499.37,341.78,,0,100,41.00,-280,4390281,-1229278.68,4,fused
308391,000000308391.jpg,500x338,0,0.172438,0,1,TN,yolov8l_bsz4.ms,195.75,105.25,301.00,0.500,Mid (Meeting),4.85,18.19,357.96,3828.00,11499.37,341.78,,0,100,41.00,-280,4390281,-1229278.68,4,fused
555972,000000555972.jpg,480x640,0,0.171568,0,1,TN,yolov8l_bsz4.ms,195.75,105.25,301.00,0.500,Mid (Meeting),4.85,18.19,357.96,3828.00,11499.37,341.78,,0,100,41.00,-280,4390281,-1229278.68,4,fused
498857,000000498857.jpg,500x375,0,0.171440,0,1,TN,yolov8l_bsz4.ms,196.75,95.50,292.25,0.500,Mid (Meeting),4.04,20.22,283.12,3948.00,11499.37,457.29,,0,100,41.00,-356,4387809,-1562060.00,4,fused
210273,000000210273.jpg,640x428,0,0.171347,1,0,FN,yolov8l_bsz4.ms,196.75,95.50,292.25,0.500,Mid (Meeting),4.04,20.22,283.12,3948.00,11499.37,457.29,,0,100,41.00,-356,4387809,-1562060.00,4,fused
464251,000000464251.jpg,640x458,0,0.170437,0,1,TN,yolov8l_bsz4.ms,196.75,95.50,292.25,0.500,Mid (Meeting),4.04,20.22,283.12,3948.00,11499.37,457.29,,0,100,41.00,-356,4387809,-1562060.00,4,fused
528977,000000528977.jpg,375x500,0,0.170333,0,1,TN,yolov8l_bsz4.ms,196.75,95.50,292.25,0.500,Mid (Meeting),4.04,20.22,283.12,3948.00,11499.37,457.29,,0,100,41.00,-356,4387809,-1562060.00,4,fused
456292,000000456292.jpg,480x640,0,0.170107,0,1,TN,yolov8l_bsz4.ms,202.00,99.00,301.00,0.500,Mid (Meeting),3.85,20.22,360.98,3870.00,11499.37,377.94,,0,100,41.00,-342,4388435,-1500844.77,4,fused
563758,000000563758.jpg,429x640,0,0.170051,0,1,TN,yolov8l_bsz4.ms,202.00,99.00,301.00,0.500,Mid (Meeting),3.85,20.22,360.98,3870.00,11499.37,377.94,,0,100,41.00,-342,4388435,-1500844.77,4,fused
352584,000000352584.jpg,375x500,0,0.169784,0,1,TN,yolov8l_bsz4.ms,202.00,99.00,301.00,0.500,Mid (Meeting),3.85,20.22,360.98,3870.00,11499.37,377.94,,0,100,41.00,-342,4388435,-1500844.77,4,fused
458790,000000458790.jpg,500x375,0,0.169290,0,1,TN,yolov8l_bsz4.ms,202.00,99.00,301.00,0.500,Mid (Meeting),3.85,20.22,360.98,3870.00,11499.37,377.94,,0,100,41.00,-342,4388435,-1500844.77,4,fused
167122,000000167122.jpg,640x480,0,0.169285,1,0,FN,yolov8l_bsz4.ms,196.00,103.25,299.25,0.500,Mid (Meeting),3.74,18.72,360.94,3872.00,11499.37,379.36,,0,100,41.00,-225,4392366,-988282.35,4,fused
287714,000000287714.jpg,640x480,0,0.168872,0,1,TN,yolov8l_bsz4.ms,196.00,103.25,299.25,0.500,Mid (Meeting),3.74,18.72,360.94,3872.00,11499.37,379.36,,0,100,41.00,-225,4392366,-988282.35,4,fused
11813,000000011813.jpg,333x500,0,0.168722,0,1,TN,yolov8l_bsz4.ms,196.00,103.25,299.25,0.500,Mid (Meeting),3.74,18.72,360.94,3872.00,11499.37,379.36,,0,100,41.00,-225,4392366,-988282.35,4,fused
351589,000000351589.jpg,640x427,0,0.168549,0,1,TN,yolov8l_bsz4.ms,196.00,103.25,299.25,0.500,Mid (Meeting),3.74,18.72,360.94,3872.00,11499.37,379.36,,0,100,41.00,-225,4392366,-988282.35,4,fused
27620,000000027620.jpg,640x480,0,0.168046,0,1,TN,yolov8l_bsz4.ms,189.25,106.50,295.75,0.500,Mid (Meeting),3.77,18.72,339.81,3894.00,11499.37,400.57,,0,100,41.00,-217,4392603,-953194.85,4,fused
34257,000000034257.jpg,500x309,0,0.167490,0,1,TN,yolov8l_bsz4.ms,189.25,106.50,295.75,0.500,Mid (Meeting),3.77,18.72,339.81,3894.00,11499.37,400.57,,0,100,41.00,-217,4392603,-953194.85,4,fused
91779,000000091779.jpg,640x480,0,0.166593,0,1,TN,yolov8l_bsz4.ms,189.25,106.50,295.75,0.500,Mid (Meeting),3.77,18.72,339.81,3894.00,11499.37,400.57,,0,100,41.00,-217,4392603,-953194.85,4,fused
357903,000000357903.jpg,480x640,0,0.165890,0,1,TN,yolov8l_bsz4.ms,189.25,106.50,295.75,0.500,Mid (Meeting),3.77,18.72,339.81,3894.00,11499.37,400.57,,0,100,41.00,-217,4392603,-953194.85,4,fused
347544,000000347544.jpg,640x480,0,0.165838,0,1,TN,yolov8l_bsz4.ms,194.75,109.25,304.00,0.500,Mid (Meeting),3.80,17.78,293.03,3940.00,11499.37,445.98,,0,100,41.00,-174,4394081,-764570.09,4,fused
261712,000000261712.jpg,640x476,0,0.165710,0,1,TN,yolov8l_bsz4.ms,194.75,109.25,304.00,0.500,Mid (Meeting),3.80,17.78,293.03,3940.00,11499.37,445.98,,0,100,41.00,-174,4394081,-764570.09,4,fused
331317,000000331317.jpg,640x484,0,0.165376,1,0,FN,yolov8l_bsz4.ms,194.75,109.25,304.00,0.500,Mid (Meeting),3.80,17.78,293.03,3940.00,11499.37,445.98,,0,100,41.00,-174,4394081,-764570.09,4,fused
423971,000000423971.jpg,640x425,0,0.165121,0,1,TN,yolov8l_bsz4.ms,194.75,109.25,304.00,0.500,Mid (Meeting),3.80,17.78,293.03,3940.00,11499.37,445.98,,0,100,41.00,-174,4394081,-764570.09,4,fused
379453,000000379453.jpg,442x442,0,0.164454,0,1,TN,yolov8l_bsz4.ms,193.75,100.50,294.25,0.500,Mid (Meeting),3.72,17.78,359.61,3874.00,11499.37,377.97,,0,100,41.00,-276,4390695,-1211831.82,4,fused
338532,000000338532.jpg,375x500,0,0.164333,1,0,FN,yolov8l_bsz4.ms,193.75,100.50,294.25,0.500,Mid (Meeting),3.72,17.78,359.61,3874.00,11499.37,377.97,,0,100,41.00,-276,4390695,-1211831.82,4,fused
512648,000000512648.jpg,640x427,0,0.163932,0,1,TN,yolov8l_bsz4.ms,193.75,100.50,294.25,0.500,Mid (Meeting),3.72,17.78,359.61,3874.00,11499.37,377.97,,0,100,41.00,-276,4390695,-1211831.82,4,fused
242934,000000242934.jpg,500x227,0,0.163779,0,1,TN,yolov8l_bsz4.ms,193.75,100.50,294.25,0.500,Mid (Meeting),3.72,17.78,359.61,3874.00,11499.37,377.97,,0,100,41.00,-276,4390695,-1211831.82,4,fused
418959,000000418959.jpg,640x427,0,0.163637,0,1,TN,yolov8l_bsz4.ms,197.25,102.00,299.25,0.500,Mid (Meeting),3.75,17.78,365.46,3868.00,11499.37,371.11,,0,100,41.00,-252,4391656,-1106697.31,4,fused
148957,000000148957.jpg,640x480,0,0.163616,0,1,TN,yolov8l_bsz4.ms,197.25,102.00,299.25,0.500,Mid (Meeting),3.75,17.78,365.46,3868.00,11499.37,371.11,,0,100,41.00,-252,4391656,-1106697.31,4,fused
545407,000000545407.jpg,640x424,0,0.163576,0,1,TN,yolov8l_bsz4.ms,197.25,102.00,299.25,0.500,Mid (Meeting),3.75,17.78,365.46,3868.00,11499.37,371.11,,0,100,41.00,-252,4391656,-1106697.31,4,fused
123321,000000123321.jpg,612x612,0,0.163396,0,1,TN,yolov8l_bsz4.ms,197.25,102.00,299.25,0.500,Mid (Meeting),3.75,17.78,365.46,3868.00,11499.37,371.11,,0,100,41.00,-252,4391656,-1106697.31,4,fused
360951,000000360951.jpg,640x427,0,0.163372,0,1,TN,yolov8l_bsz4.ms,191.25,94.75,286.00,0.500,Mid (Meeting),5.16,17.78,286.63,3946.00,11499.37,448.56,,0,100,41.00,-280,4390536,-1229350.08,4,fused
79014,000000079014.jpg,291x455,0,0.163297,1,0,FN,yolov8l_bsz4.ms,191.25,94.75,286.00,0.500,Mid (Meeting),5.16,17.78,286.63,3946.00,11499.37,448.56,,0,100,41.00,-280,4390536,-1229350.08,4,fused
522156,000000522156.jpg,640x427,0,0.163036,0,1,TN,yolov8l_bsz4.ms,191.25,94.75,286.00,0.500,Mid (Meeting),5.16,17.78,286.63,3946.00,11499.37,448.56,,0,100,41.00,-280,4390536,-1229350.08,4,fused
262227,000000262227.jpg,474x640,0,0.162766,0,1,TN,yolov8l_bsz4.ms,191.25,94.75,286.00,0.500,Mid (Meeting),5.16,17.78,286.63,3946.00,11499.37,448.56,,0,100,41.00,-280,4390536,-1229350.08,4,fused
352900,000000352900.jpg,640x427,0,0.162600,0,1,TN,yolov8l_bsz4.ms,190.75,110.50,301.25,0.500,Mid (Meeting),4.19,16.89,363.84,3868.00,11499.37,369.49,,0,100,41.00,-132,4395187,-580164.68,4,fused
371472,000000371472.jpg,480x640,0,0.162582,0,1,TN,yolov8l_bsz4.ms,190.75,110.50,301.25,0.500,Mid (Meeting),4.19,16.89,363.84,3868.00,11499.37,369.49,,0,100,41.00,-132,4395187,-580164.68,4,fused
415238,000000415238.jpg,640x474,0,0.162161,0,1,TN,yolov8l_bsz4.ms,190.75,110.50,301.25,0.500,Mid (Meeting),4.19,16.89,363.84,3868.00,11499.37,369.49,,0,100,41.00,-132,4395187,-580164.68,4,fused
400922,000000400922.jpg,640x480,0,0.161593,0,1,TN,yolov8l_bsz4.ms,190.75,110.50,301.25,0.500,Mid (Meeting),4.19,16.89,363.84,3868.00,11499.37,369.49,,0,100,41.00,-132,4395187,-580164.68,4,fused
421923,000000421923.jpg,426x640,0,0.161007,0,1,TN,yolov8l_bsz4.ms,185.50,104.25,289.75,0.500,Mid (Meeting),4.09,16.89,360.22,3872.00,11499.37,371.96,,0,100,41.00,-127,4395559,-558235.99,4,fused
521540,000000521540.jpg,640x480,0,0.160666,0,1,TN,yolov8l_bsz4.ms,185.50,104.25,289.75,0.500,Mid (Meeting),4.09,16.89,360.22,3872.00,11499.37,371.96,,0,100,41.00,-127,4395559,-558235.99,4,fused
110999,000000110999.jpg,359x640,0,0.160530,1,0,FN,yolov8l_bsz4.ms,185.50,104.25,289.75,0.500,Mid (Meeting),4.09,16.89,360.22,3872.00,11499.37,371.96,,0,100,41.00,-127,4395559,-558235.99,4,fused
200152,000000200152.jpg,640x427,0,0.160328,0,1,TN,yolov8l_bsz4.ms,185.50,104.25,289.75,0.500,Mid (Meeting),4.09,16.89,360.22,3872.00,11499.37,371.96,,0,100,41.00,-127,4395559,-558235.99,4,fused
140929,000000140929.jpg,640x401,0,0.160146,0,1,TN,yolov8l_bsz4.ms,191.25,92.50,283.75,0.500,Mid (Meeting),4.01,17.84,341.18,3890.00,11499.37,389.63,,0,100,41.00,-219,4392656,-961991.66,4,fused
378605,000000378605.jpg,426x640,0,0.160066,0,1,TN,yolov8l_bsz4.ms,191.25,92.50,283.75,0.500,Mid (Meeting),4.01,17.84,341.18,3890.00,11499.37,389.63,,0,100,41.00,-219,4392656,-961991.66,4,fused
119677,000000119677.jpg,640x480,0,0.160057,0,1,TN,yolov8l_bsz4.ms,191.25,92.50,283.75,0.500,Mid (Meeting),4.01,17.84,341.18,3890.00,11499.37,389.63,,0,100,41.00,-219,4392656,-961991.66,4,fused
468925,000000468925.jpg,640x480,0,0.159982,0,1,TN,yolov8l_bsz4.ms,191.25,92.50,283.75,0.500,Mid (Meeting),4.01,17.84,341.18,3890.00,11499.37,389.63,,0,100,41.00,-219,4392656,-961991.66,4,fused
111951,000000111951.jpg,640x425,0,0.159736,0,1,TN,yolov8l_bsz4.ms,193.50,112.00,305.50,0.500,Mid (Meeting),3.99,17.84,295.19,3935.00,11499.37,434.23,,0,100,41.00,-148,4394653,-650408.64,4,fused
463527,000000463527.jpg,640x480,0,0.159345,0,1,TN,yolov8l_bsz4.ms,193.50,112.00,305.50,0.500,Mid (Meeting),3.99,17.84,295.19,3935.00,11499.37,434.23,,0,100,41.00,-148,4394653,-650408.64,4,fused
9772,000000009772.jpg,550x640,0,0.159173,1,0,FN,yolov8l_bsz4.ms,193.50,112.00,305.50,0.500,Mid (Meeting),3.99,17.84,295.19,3935.00,11499.37,434.23,,0,100,41.00,-148,4394653,-650408.64,4,fused
231527,000000231527.jpg,427x640,0,0.158957,0,1,TN,yolov8l_bsz4.ms,193.50,112.00,305.50,0.500,Mid (Meeting),3.99,17.84,295.19,3935.00,11499.37,434.23,,0,100,41.00,-148,4394653,-650408.64,4,fused
269196,000000269196.jpg,640x427,0,0.158830,0,1,TN,yolov8l_bsz4.ms,188.50,103.75,292.25,0.500,Mid (Meeting),3.87,17.57,363.73,3866.00,11499.37,363.99,,0,100,41.00,-141,4394951,-619688.09,4,fused
222235,000000222235.jpg,640x427,0,0.158741,0,1,TN,yolov8l_bsz4.ms,188.50,103.75,292.25,0.500,Mid (Meeting),3.87,17.57,363.73,3866.00,11499.37,363.99,,0,100,41.00,-141,4394951,-619688.09,4,fused
186422,000000186422.jpg,640x427,0,0.158576,0,1,TN,yolov8l_bsz4.ms,188.50,103.75,292.25,0.500,Mid (Meeting),3.87,17.57,363.73,3866.00,11499.37,363.99,,0,100,41.00,-141,4394951,-619688.09,4,fused
571313,000000571313.jpg,480x640,0,0.158525,0,1,TN,yolov8l_bsz4.ms,188.50,103.75,292.25,0.500,Mid (Meeting),3.87,17.57,363.73,3866.00,11499.37,363.99,,0,100,41.00,-141,4394951,-619688.09,4,fused
356347,000000356347.jpg,640x480,0,0.157950,0,1,TN,yolov8l_bsz4.ms,191.25,98.25,289.50,0.500,Mid (Meeting),3.89,17.57,363.49,3866.00,11499.37,362.96,,0,100,41.00,-238,4391982,-1045291.72,4,fused
347693,000000347693.jpg,640x427,0,0.157658,0,1,TN,yolov8l_bsz4.ms,191.25,98.25,289.50,0.500,Mid (Meeting),3.89,17.57,363.49,3866.00,11499.37,362.96,,0,100,41.00,-238,4391982,-1045291.72,4,fused
288062,000000288062.jpg,519x640,0,0.157520,0,1,TN,yolov8l_bsz4.ms,191.25,98.25,289.50,0.500,Mid (Meeting),3.89,17.57,363.49,3866.00,11499.37,362.96,,0,100,41.00,-238,4391982,-1045291.72,4,fused
459757,000000459757.jpg,640x480,0,0.157400,0,1,TN,yolov8l_bsz4.ms,191.25,98.25,289.50,0.500,Mid (Meeting),3.89,17.57,363.49,3866.00,11499.37,362.96,,0,100,41.00,-238,4391982,-1045291.72,4,fused
22755,000000022755.jpg,640x479,0,0.157084,0,1,TN,yolov8l_bsz4.ms,189.25,115.50,304.75,0.500,Mid (Meeting),3.86,17.40,294.95,3936.00,11499.37,432.00,,0,100,41.00,-304,4389884,-1334524.74,4,fused
414638,000000414638.jpg,612x612,0,0.157008,0,1,TN,yolov8l_bsz4.ms,189.25,115.50,304.75,0.500,Mid (Meeting),3.86,17.40,294.95,3936.00,11499.37,432.00,,0,100,41.00,-304,4389884,-1334524.74,4,fused
147498,000000147498.jpg,640x524,0,0.156979,0,1,TN,yolov8l_bsz4.ms,189.25,115.50,304.75,0.500,Mid (Meeting),3.86,17.40,294.95,3936.00,11499.37,432.00,,0,100,41.00,-304,4389884,-1334524.74,4,fused
434479,000000434479.jpg,640x426,0,0.156822,0,1,TN,yolov8l_bsz4.ms,189.25,115.50,304.75,0.500,Mid (Meeting),3.86,17.40,294.95,3936.00,11499.37,432.00,,0,100,41.00,-304,4389884,-1334524.74,4,fused
10977,000000010977.jpg,500x375,0,0.156693,0,1,TN,yolov8l_bsz4.ms,184.75,105.25,290.00,0.500,Mid (Meeting),5.96,17.40,362.15,3869.00,11499.37,364.57,,0,100,41.00,-195,4393313,-856696.04,4,fused
531771,000000531771.jpg,424x640,0,0.156142,0,1,TN,yolov8l_bsz4.ms,184.75,105.25,290.00,0.500,Mid (Meeting),5.96,17.40,362.15,3869.00,11499.37,364.57,,0,100,41.00,-195,4393313,-856696.04,4,fused
471991,000000471991.jpg,640x424,0,0.155952,0,1,TN,yolov8l_bsz4.ms,184.75,105.25,290.00,0.500,Mid (Meeting),5.96,17.40,362.15,3869.00,11499.37,364.57,,0,100,41.00,-195,4393313,-856696.04,4,fused
127955,000000127955.jpg,640x425,0,0.155712,0,1,TN,yolov8l_bsz4.ms,184.75,105.25,290.00,0.500,Mid (Meeting),5.96,17.40,362.15,3869.00,11499.37,364.57,,0,100,41.00,-195,4393313,-856696.04,4,fused
464358,000000464358.jpg,640x427,0,0.155691,0,1,TN,yolov8l_bsz4.ms,192.00,96.75,288.75,0.500,Mid (Meeting),4.69,17.89,362.51,3869.00,11499.37,362.41,,0,100,41.00,-237,4391689,-1040830.29,4,fused
224664,000000224664.jpg,640x480,0,0.155070,1,0,FN,yolov8l_bsz4.ms,192.00,96.75,288.75,0.500,Mid (Meeting),4.69,17.89,362.51,3869.00,11499.37,362.41,,0,100,41.00,-237,4391689,-1040830.29,4,fused
395343,000000395343.jpg,640x480,0,0.154929,0,1,TN,yolov8l_bsz4.ms,192.00,96.75,288.75,0.500,Mid (Meeting),4.69,17.89,362.51,3869.00,11499.37,362.41,,0,100,41.00,-237,4391689,-1040830.29,4,fused
276921,000000276921.jpg,469x640,0,0.153788,0,1,TN,yolov8l_bsz4.ms,192.00,96.75,288.75,0.500,Mid (Meeting),4.69,17.89,362.51,3869.00,11499.37,362.41,,0,100,41.00,-237,4391689,-1040830.29,4,fused
351559,000000351559.jpg,640x343,0,0.153429,0,1,TN,yolov8l_bsz4.ms,183.50,121.00,304.50,0.500,Mid (Meeting),4.41,17.89,341.44,3889.00,11499.37,382.44,,0,100,41.00,-99,4396247,-435228.45,4,fused
140439,000000140439.jpg,428x640,0,0.153271,0,1,TN,yolov8l_bsz4.ms,183.50,121.00,304.50,0.500,Mid (Meeting),4.41,17.89,341.44,3889.00,11499.37,382.44,,0,100,41.00,-99,4396247,-435228.45,4,fused
71756,000000071756.jpg,640x512,0,0.152817,0,1,TN,yolov8l_bsz4.ms,183.50,121.00,304.50,0.500,Mid (Meeting),4.41,17.89,341.44,3889.00,11499.37,382.44,,0,100,41.00,-99,4396247,-435228.45,4,fused
366611,000000366611.jpg,640x478,0,0.152547,0,1,TN,yolov8l_bsz4.ms,183.50,121.00,304.50,0.500,Mid (Meeting),4.41,17.89,341.44,3889.00,11499.37,382.44,,0,100,41.00,-99,4396247,-435228.45,4,fused
563603,000000563603.jpg,459x640,0,0.152429,0,1,TN,yolov8l_bsz4.ms,186.75,108.00,294.75,0.500,Mid (Meeting),4.28,18.12,289.81,3944.00,11499.37,437.06,,0,100,41.00,-235,4392037,-1032128.69,4,fused
426241,000000426241.jpg,500x375,0,0.152274,1,0,FN,yolov8l_bsz4.ms,186.75,108.00,294.75,0.500,Mid (Meeting),4.28,18.12,289.81,3944.00,11499.37,437.06,,0,100,41.00,-235,4392037,-1032128.69,4,fused
130566,000000130566.jpg,640x427,0,0.152070,0,1,TN,yolov8l_bsz4.ms,186.75,108.00,294.75,0.500,Mid (Meeting),4.28,18.12,289.81,3944.00,11499.37,437.06,,0,100,41.00,-235,4392037,-1032128.69,4,fused
186980,000000186980.jpg,457x640,0,0.151772,0,1,TN,yolov8l_bsz4.ms,186.75,108.00,294.75,0.500,Mid (Meeting),4.28,18.12,289.81,3944.00,11499.37,437.06,,0,100,41.00,-235,4392037,-1032128.69,4,fused
448810,000000448810.jpg,500x375,0,0.151314,1,0,FN,yolov8l_bsz4.ms,184.25,99.50,283.75,0.500,Mid (Meeting),4.09,18.12,360.03,3874.00,11499.37,366.23,,0,100,41.00,-253,4391317,-1111003.20,4,fused
118515,000000118515.jpg,640x299,0,0.151185,0,1,TN,yolov8l_bsz4.ms,184.25,99.50,283.75,0.500,Mid (Meeting),4.09,18.12,360.03,3874.00,11499.37,366.23,,0,100,41.00,-253,4391317,-1111003.20,4,fused
76261,000000076261.jpg,640x427,0,0.150714,0,1,TN,yolov8l_bsz4.ms,184.25,99.50,283.75,0.500,Mid (Meeting),4.09,18.12,360.03,3874.00,11499.37,366.23,,0,100,41.00,-253,4391317,-1111003.20,4,fused
22969,000000022969.jpg,500x375,0,0.150462,0,1,TN,yolov8l_bsz4.ms,184.25,99.50,283.75,0.500,Mid (Meeting),4.09,18.12,360.03,3874.00,11499.37,366.23,,0,100,41.00,-253,4391317,-1111003.20,4,fused
367195,000000367195.jpg,500x312,0,0.150422,1,0,FN,yolov8l_bsz4.ms,191.50,100.75,292.25,0.500,Mid (Meeting),4.04,17.82,360.00,3874.00,11499.37,364.94,,0,100,41.00,-230,4392091,-1010180.93,4,fused
502136,000000502136.jpg,500x423,0,0.149946,0,1,TN,yolov8l_bsz4.ms,191.50,100.75,292.25,0.500,Mid (Meeting),4.04,17.82,360.00,3874.00,11499.37,364.94,,0,100,41.00,-230,4392091,-1010180.93,4,fused
308430,000000308430.jpg,640x480,0,0.149847,0,1,TN,yolov8l_bsz4.ms,191.50,100.75,292.25,0.500,Mid (Meeting),4.04,17.82,360.00,3874.00,11499.37,364.94,,0,100,41.00,-230,4392091,-1010180.93,4,fused
302760,000000302760.jpg,500x375,0,0.149712,0,1,TN,yolov8l_bsz4.ms,191.50,100.75,292.25,0.500,Mid (Meeting),4.04,17.82,360.00,3874.00,11499.37,364.94,,0,100,41.00,-230,4392091,-1010180.93,4,fused
221281,000000221281.jpg,359x640,0,0.149108,0,1,TN,yolov8l_bsz4.ms,191.25,91.50,282.75,0.500,Mid (Meeting),3.99,17.82,286.36,3947.00,11499.37,437.10,,0,100,41.00,-249,4391541,-1093493.71,4,fused
572517,000000572517.jpg,640x424,0,0.149041,0,1,TN,yolov8l_bsz4.ms,191.25,91.50,282.75,0.500,Mid (Meeting),3.99,17.82,286.36,3947.00,11499.37,437.10,,0,100,41.00,-249,4391541,-1093493.71,4,fused
437898,000000437898.jpg,640x427,0,0.148896,0,1,TN,yolov8l_bsz4.ms,191.25,91.50,282.75,0.500,Mid (Meeting),3.99,17.82,286.36,3947.00,11499.37,437.10,,0,100,41.00,-249,4391541,-1093493.71,4,fused
327769,000000327769.jpg,640x424,0,0.148407,0,1,TN,yolov8l_bsz4.ms,191.25,91.50,282.75,0.500,Mid (Meeting),3.99,17.82,286.36,3947.00,11499.37,437.10,,0,100,41.00,-249,4391541,-1093493.71,4,fused
446207,000000446207.jpg,640x480,0,0.148171,0,1,TN,yolov8l_bsz4.ms,185.25,108.00,293.25,0.500,Mid (Meeting),3.92,17.68,363.00,3870.00,11499.37,359.78,,0,100,41.00,-229,4392163,-1005805.33,4,fused
318455,000000318455.jpg,640x480,0,0.148156,0,1,TN,yolov8l_bsz4.ms,185.25,108.00,293.25,0.500,Mid (Meeting),3.92,17.68,363.00,3870.00,11499.37,359.78,,0,100,41.00,-229,4392163,-1005805.33,4,fused
270386,000000270386.jpg,500x375,0,0.148024,0,1,TN,yolov8l_bsz4.ms,185.25,108.00,293.25,0.500,Mid (Meeting),3.92,17.68,363.00,3870.00,11499.37,359.78,,0,100,41.00,-229,4392163,-1005805.33,4,fused
173183,000000173183.jpg,640x480,0,0.147889,0,1,TN,yolov8l_bsz4.ms,185.25,108.00,293.25,0.500,Mid (Meeting),3.92,17.68,363.00,3870.00,11499.37,359.78,,0,100,41.00,-229,4392163,-1005805.33,4,fused
322574,000000322574.jpg,640x480,0,0.147757,0,1,TN,yolov8l_bsz4.ms,192.75,101.00,293.75,0.500,Mid (Meeting),8.21,17.68,361.36,3872.00,11499.37,360.07,,0,100,41.00,-421,4385960,-1846489.16,4,fused
407825,000000407825.jpg,499x500,0,0.147698,0,1,TN,yolov8l_bsz4.ms,192.75,101.00,293.75,0.500,Mid (Meeting),8.21,17.68,361.36,3872.00,11499.37,360.07,,0,100,41.00,-421,4385960,-1846489.16,4,fused
63552,000000063552.jpg,640x586,0,0.147435,0,1,TN,yolov8l_bsz4.ms,192.75,101.00,293.75,0.500,Mid (Meeting),8.21,17.68,361.36,3872.00,11499.37,360.07,,0,100,41.00,-421,4385960,-1846489.16,4,fused
125072,000000125072.jpg,640x314,0,0.147375,0,1,TN,yolov8l_bsz4.ms,192.75,101.00,293.75,0.500,Mid (Meeting),8.21,17.68,361.36,3872.00,11499.37,360.07,,0,100,41.00,-421,4385960,-1846489.16,4,fused
63740,000000063740.jpg,640x480,0,0.147152,1,0,FN,yolov8l_bsz4.ms,187.75,104.75,292.50,0.500,Mid (Meeting),4.78,18.12,342.67,3890.00,11499.37,377.98,,0,100,41.00,-236,4391782,-1036460.55,4,fused
50896,000000050896.jpg,640x640,0,0.146845,0,1,TN,yolov8l_bsz4.ms,187.75,104.75,292.50,0.500,Mid (Meeting),4.78,18.12,342.67,3890.00,11499.37,377.98,,0,100,41.00,-236,4391782,-1036460.55,4,fused
88218,000000088218.jpg,480x640,0,0.146040,0,1,TN,yolov8l_bsz4.ms,187.75,104.75,292.50,0.500,Mid (Meeting),4.78,18.12,342.67,3890.00,11499.37,377.98,,0,100,41.00,-236,4391782,-1036460.55,4,fused
427500,000000427500.jpg,428x640,0,0.146017,0,1,TN,yolov8l_bsz4.ms,187.75,104.75,292.50,0.500,Mid (Meeting),4.78,18.12,342.67,3890.00,11499.37,377.98,,0,100,41.00,-236,4391782,-1036460.55,4,fused
579970,000000579970.jpg,500x336,0,0.145984,0,1,TN,yolov8l_bsz4.ms,193.50,102.00,295.50,0.500,Mid (Meeting),4.38,18.12,281.41,3937.00,11499.37,423.89,,0,100,41.00,-342,4388361,-1500819.46,4,fused
244592,000000244592.jpg,500x374,0,0.144617,0,1,TN,yolov8l_bsz4.ms,193.50,102.00,295.50,0.500,Mid (Meeting),4.38,18.12,281.41,3937.00,11499.37,423.89,,0,100,41.00,-342,4388361,-1500819.46,4,fused
255401,000000255401.jpg,416x500,0,0.144549,0,1,TN,yolov8l_bsz4.ms,193.50,102.00,295.50,0.500,Mid (Meeting),4.38,18.12,281.41,3937.00,11499.37,423.89,,0,100,41.00,-342,4388361,-1500819.46,4,fused
227765,000000227765.jpg,640x480,0,0.144513,0,1,TN,yolov8l_bsz4.ms,193.50,102.00,295.50,0.500,Mid (Meeting),4.38,18.12,281.41,3937.00,11499.37,423.89,,0,100,41.00,-342,4388361,-1500819.46,4,fused
41888,000000041888.jpg,640x480,0,0.144500,0,1,TN,yolov8l_bsz4.ms,193.50,103.25,296.75,0.500,Mid (Meeting),4.13,17.68,360.95,3871.00,11499.37,357.21,,0,100,41.00,-293,4389993,-1286267.95,4,fused
319617,000000319617.jpg,320x240,0,0.144248,0,1,TN,yolov8l_bsz4.ms,193.50,103.25,296.75,0.500,Mid (Meeting),4.13,17.68,360.95,3871.00,11499.37,357.21,,0,100,41.00,-293,4389993,-1286267.95,4,fused
14831,000000014831.jpg,480x640,0,0.144202,0,1,TN,yolov8l_bsz4.ms,193.50,103.25,296.75,0.500,Mid (Meeting),4.13,17.68,360.95,3871.00,11499.37,357.21,,0,100,41.00,-293,4389993,-1286267.95,4,fused
138241,000000138241.jpg,480x640,0,0.144128,0,1,TN,yolov8l_bsz4.ms,193.50,103.25,296.75,0.500,Mid (Meeting),4.13,17.68,360.95,3871.00,11499.37,357.21,,0,100,41.00,-293,4389993,-1286267.95,4,fused
243495,000000243495.jpg,375x500,0,0.143935,0,1,TN,yolov8l_bsz4.ms,195.25,97.00,292.25,0.500,Mid (Meeting),4.00,17.68,359.76,3873.00,11499.37,357.93,,0,100,41.00,-269,4390519,-1181049.61,4,fused
289586,000000289586.jpg,426x640,0,0.143535,0,1,TN,yolov8l_bsz4.ms,195.25,97.00,292.25,0.500,Mid (Meeting),4.00,17.68,359.76,3873.00,11499.37,357.93,,0,100,41.00,-269,4390519,-1181049.61,4,fused
533855,000000533855.jpg,640x428,0,0.143491,0,1,TN,yolov8l_bsz4.ms,195.25,97.00,292.25,0.500,Mid (Meeting),4.00,17.68,359.76,3873.00,11499.37,357.93,,0,100,41.00,-269,4390519,-1181049.61,4,fused
203488,000000203488.jpg,640x480,0,0.143382,0,1,TN,yolov8l_bsz4.ms,195.25,97.00,292.25,0.500,Mid (Meeting),4.00,17.68,359.76,3873.00,11499.37,357.93,,0,100,41.00,-269,4390519,-1181049.61,4,fused
270297,000000270297.jpg,640x427,0,0.142809,1,0,FN,yolov8l_bsz4.ms,197.50,106.50,304.00,0.500,Mid (Meeting),3.98,17.93,338.91,3893.00,11499.37,377.67,,0,100,41.00,-164,4393963,-720609.93,4,fused
282912,000000282912.jpg,480x640,0,0.142807,0,1,TN,yolov8l_bsz4.ms,197.50,106.50,304.00,0.500,Mid (Meeting),3.98,17.93,338.91,3893.00,11499.37,377.67,,0,100,41.00,-164,4393963,-720609.93,4,fused
326627,000000326627.jpg,640x480,0,0.142283,0,1,TN,yolov8l_bsz4.ms,197.50,106.50,304.00,0.500,Mid (Meeting),3.98,17.93,338.91,3893.00,11499.37,377.67,,0,100,41.00,-164,4393963,-720609.93,4,fused
577182,000000577182.jpg,640x427,0,0.142173,0,1,TN,yolov8l_bsz4.ms,197.50,106.50,304.00,0.500,Mid (Meeting),3.98,17.93,338.91,3893.00,11499.37,377.67,,0,100,41.00,-164,4393963,-720609.93,4,fused
16010,000000016010.jpg,640x471,0,0.141472,0,1,TN,yolov8l_bsz4.ms,193.00,107.50,300.50,0.500,Mid (Meeting),3.93,17.93,290.27,3941.00,11499.37,424.48,,0,100,41.00,-185,4393374,-812774.19,4,fused
193884,000000193884.jpg,640x480,0,0.141303,0,1,TN,yolov8l_bsz4.ms,193.00,107.50,300.50,0.500,Mid (Meeting),3.93,17.93,290.27,3941.00,11499.37,424.48,,0,100,41.00,-185,4393374,-812774.19,4,fused
167353,000000167353.jpg,480x640,0,0.140793,0,1,TN,yolov8l_bsz4.ms,193.00,107.50,300.50,0.500,Mid (Meeting),3.93,17.93,290.27,3941.00,11499.37,424.48,,0,100,41.00,-185,4393374,-812774.19,4,fused
540502,000000540502.jpg,640x427,0,0.140578,0,1,TN,yolov8l_bsz4.ms,193.00,107.50,300.50,0.500,Mid (Meeting),3.93,17.93,290.27,3941.00,11499.37,424.48,,0,100,41.00,-185,4393374,-812774.19,4,fused
103548,000000103548.jpg,640x480,0,0.140478,1,0,FN,yolov8l_bsz4.ms,194.50,109.75,304.25,0.500,Mid (Meeting),3.91,18.11,363.45,3868.00,11499.37,350.24,,0,100,41.00,-194,4393338,-852307.57,4,fused
386134,000000386134.jpg,612x612,0,0.139909,0,1,TN,yolov8l_bsz4.ms,194.50,109.75,304.25,0.500,Mid (Meeting),3.91,18.11,363.45,3868.00,11499.37,350.24,,0,100,41.00,-194,4393338,-852307.57,4,fused
309938,000000309938.jpg,640x480,0,0.139396,0,1,TN,yolov8l_bsz4.ms,194.50,109.75,304.25,0.500,Mid (Meeting),3.91,18.11,363.45,3868.00,11499.37,350.24,,0,100,41.00,-194,4393338,-852307.57,4,fused
203095,000000203095.jpg,640x480,0,0.139396,0,1,TN,yolov8l_bsz4.ms,194.50,109.75,304.25,0.500,Mid (Meeting),3.91,18.11,363.45,3868.00,11499.37,350.24,,0,100,41.00,-194,4393338,-852307.57,4,fused
232088,000000232088.jpg,640x480,0,0.139138,0,1,TN,yolov8l_bsz4.ms,202.50,91.50,294.00,0.500,Mid (Meeting),8.36,18.11,362.82,3870.00,11499.37,368.98,,0,100,41.00,-358,4387823,-1570840.63,4,fused
17714,000000017714.jpg,640x480,0,0.138814,0,1,TN,yolov8l_bsz4.ms,202.50,91.50,294.00,0.500,Mid (Meeting),8.36,18.11,362.82,3870.00,11499.37,368.98,,0,100,41.00,-358,4387823,-1570840.63,4,fused
185157,000000185157.jpg,426x640,0,0.138431,0,1,TN,yolov8l_bsz4.ms,202.50,91.50,294.00,0.500,Mid (Meeting),8.36,18.11,362.82,3870.00,11499.37,368.98,,0,100,41.00,-358,4387823,-1570840.63,4,fused
90003,000000090003.jpg,640x480,0,0.138218,0,1,TN,yolov8l_bsz4.ms,202.50,91.50,294.00,0.500,Mid (Meeting),8.36,18.11,362.82,3870.00,11499.37,368.98,,0,100,41.00,-358,4387823,-1570840.63,4,fused
526751,000000526751.jpg,640x427,0,0.138217,0,1,TN,yolov8l_bsz4.ms,191.25,101.75,293.00,0.500,Mid (Meeting),4.60,17.94,341.45,3892.00,11499.37,389.46,,0,100,41.00,-226,4392084,-992610.98,4,fused
226058,000000226058.jpg,640x480,0,0.137809,0,1,TN,yolov8l_bsz4.ms,191.25,101.75,293.00,0.500,Mid (Meeting),4.60,17.94,341.45,3892.00,11499.37,389.46,,0,100,41.00,-226,4392084,-992610.98,4,fused
172547,000000172547.jpg,640x480,0,0.137373,0,1,TN,yolov8l_bsz4.ms,191.25,101.75,293.00,0.500,Mid (Meeting),4.60,17.94,341.45,3892.00,11499.37,389.46,,0,100,41.00,-226,4392084,-992610.98,4,fused
499109,000000499109.jpg,480x640,0,0.137087,0,1,TN,yolov8l_bsz4.ms,191.25,101.75,293.00,0.500,Mid (Meeting),4.60,17.94,341.45,3892.00,11499.37,389.46,,0,100,41.00,-226,4392084,-992610.98,4,fused
76731,000000076731.jpg,640x406,0,0.137037,0,1,TN,yolov8l_bsz4.ms,194.25,96.50,290.75,0.500,Mid (Meeting),4.27,17.94,286.34,3946.00,11499.37,442.29,,0,100,41.00,-174,4393772,-764516.33,4,fused
567898,000000567898.jpg,640x454,0,0.135903,0,1,TN,yolov8l_bsz4.ms,194.25,96.50,290.75,0.500,Mid (Meeting),4.27,17.94,286.34,3946.00,11499.37,442.29,,0,100,41.00,-174,4393772,-764516.33,4,fused
486040,000000486040.jpg,480x640,0,0.135754,0,1,TN,yolov8l_bsz4.ms,194.25,96.50,290.75,0.500,Mid (Meeting),4.27,17.94,286.34,3946.00,11499.37,442.29,,0,100,41.00,-174,4393772,-764516.33,4,fused
389804,000000389804.jpg,640x425,0,0.135424,0,1,TN,yolov8l_bsz4.ms,194.25,96.50,290.75,0.500,Mid (Meeting),4.27,17.94,286.34,3946.00,11499.37,442.29,,0,100,41.00,-174,4393772,-764516.33,4,fused
57027,000000057027.jpg,640x426,0,0.135283,0,1,TN,yolov8l_bsz4.ms,190.75,104.25,295.00,0.500,Mid (Meeting),4.00,17.84,363.75,3869.00,11499.37,363.96,,0,100,41.00,-202,4392801,-887345.80,4,fused
128598,000000128598.jpg,480x640,0,0.135222,0,1,TN,yolov8l_bsz4.ms,190.75,104.25,295.00,0.500,Mid (Meeting),4.00,17.84,363.75,3869.00,11499.37,363.96,,0,100,41.00,-202,4392801,-887345.80,4,fused
385719,000000385719.jpg,640x421,0,0.135189,0,1,TN,yolov8l_bsz4.ms,190.75,104.25,295.00,0.500,Mid (Meeting),4.00,17.84,363.75,3869.00,11499.37,363.96,,0,100,41.00,-202,4392801,-887345.80,4,fused
176847,000000176847.jpg,640x480,0,0.135073,0,1,TN,yolov8l_bsz4.ms,190.75,104.25,295.00,0.500,Mid (Meeting),4.00,17.84,363.75,3869.00,11499.37,363.96,,0,100,41.00,-202,4392801,-887345.80,4,fused
433980,000000433980.jpg,375x500,0,0.134804,1,0,FN,yolov8l_bsz4.ms,198.00,96.75,294.75,0.500,Mid (Meeting),3.96,17.84,357.81,3875.00,11499.37,368.80,,0,100,41.00,-229,4391964,-1005759.76,4,fused
453722,000000453722.jpg,640x427,0,0.134740,0,1,TN,yolov8l_bsz4.ms,198.00,96.75,294.75,0.500,Mid (Meeting),3.96,17.84,357.81,3875.00,11499.37,368.80,,0,100,41.00,-229,4391964,-1005759.76,4,fused
366178,000000366178.jpg,375x500,0,0.134460,0,1,TN,yolov8l_bsz4.ms,198.00,96.75,294.75,0.500,Mid (Meeting),3.96,17.84,357.81,3875.00,11499.37,368.80,,0,100,41.00,-229,4391964,-1005759.76,4,fused
472678,000000472678.jpg,640x480,0,0.134265,1,0,FN,yolov8l_bsz4.ms,198.00,96.75,294.75,0.500,Mid (Meeting),3.96,17.84,357.81,3875.00,11499.37,368.80,,0,100,41.00,-229,4391964,-1005759.76,4,fused
110884,000000110884.jpg,640x640,0,0.134139,0,1,TN,yolov8l_bsz4.ms,195.75,106.25,302.00,0.500,Mid (Meeting),3.88,18.00,293.49,3937.00,11499.37,431.02,,0,100,41.00,-152,4394303,-667934.06,4,fused
234413,000000234413.jpg,640x480,0,0.133609,0,1,TN,yolov8l_bsz4.ms,195.75,106.25,302.00,0.500,Mid (Meeting),3.88,18.00,293.49,3937.00,11499.37,431.02,,0,100,41.00,-152,4394303,-667934.06,4,fused
309495,000000309495.jpg,326x500,0,0.133200,0,1,TN,yolov8l_bsz4.ms,195.75,106.25,302.00,0.500,Mid (Meeting),3.88,18.00,293.49,3937.00,11499.37,431.02,,0,100,41.00,-152,4394303,-667934.06,4,fused
396580,000000396580.jpg,640x430,0,0.133027,0,1,TN,yolov8l_bsz4.ms,195.75,106.25,302.00,0.500,Mid (Meeting),3.88,18.00,293.49,3937.00,11499.37,431.02,,0,100,41.00,-152,4394303,-667934.06,4,fused
524742,000000524742.jpg,640x480,0,0.131662,0,1,TN,yolov8l_bsz4.ms,191.00,105.25,296.25,0.500,Mid (Meeting),3.80,18.00,360.80,3872.00,11499.37,363.02,,0,100,41.00,-293,4389872,-1286232.50,4,fused
134689,000000134689.jpg,427x640,0,0.131010,0,1,TN,yolov8l_bsz4.ms,191.00,105.25,296.25,0.500,Mid (Meeting),3.80,18.00,360.80,3872.00,11499.37,363.02,,0,100,41.00,-293,4389872,-1286232.50,4,fused
184400,000000184400.jpg,640x480,0,0.130635,0,1,TN,yolov8l_bsz4.ms,191.00,105.25,296.25,0.500,Mid (Meeting),3.80,18.00,360.80,3872.00,11499.37,363.02,,0,100,41.00,-293,4389872,-1286232.50,4,fused
516708,000000516708.jpg,500x375,0,0.130026,0,1,TN,yolov8l_bsz4.ms,191.00,105.25,296.25,0.500,Mid (Meeting),3.80,18.00,360.80,3872.00,11499.37,363.02,,0,100,41.00,-293,4389872,-1286232.50,4,fused
471567,000000471567.jpg,640x480,0,0.129718,1,0,FN,yolov8l_bsz4.ms,190.25,104.25,294.50,0.500,Mid (Meeting),3.81,17.57,360.73,3871.00,11499.37,361.92,,0,100,41.00,-284,4389962,-1246749.21,4,fused
94326,000000094326.jpg,375x500,0,0.129242,1,0,FN,yolov8l_bsz4.ms,190.25,104.25,294.50,0.500,Mid (Meeting),3.81,17.57,360.73,3871.00,11499.37,361.92,,0,100,41.00,-284,4389962,-1246749.21,4,fused
475572,000000475572.jpg,640x431,0,0.128978,1,0,FN,yolov8l_bsz4.ms,190.25,104.25,294.50,0.500,Mid (Meeting),3.81,17.57,360.73,3871.00,11499.37,361.92,,0,100,41.00,-284,4389962,-1246749.21,4,fused
433134,000000433134.jpg,640x480,0,0.128889,0,1,TN,yolov8l_bsz4.ms,190.25,104.25,294.50,0.500,Mid (Meeting),3.81,17.57,360.73,3871.00,11499.37,361.92,,0,100,41.00,-284,4389962,-1246749.21,4,fused
506279,000000506279.jpg,640x640,0,0.128881,0,1,TN,yolov8l_bsz4.ms,194.25,101.75,296.00,0.500,Mid (Meeting),8.24,17.57,341.45,3891.00,11499.37,380.08,,0,100,41.00,-375,4386899,-1645087.13,4,fused
520531,000000520531.jpg,640x480,0,0.128825,0,1,TN,yolov8l_bsz4.ms,194.25,101.75,296.00,0.500,Mid (Meeting),8.24,17.57,341.45,3891.00,11499.37,380.08,,0,100,41.00,-375,4386899,-1645087.13,4,fused
287959,000000287959.jpg,640x480,0,0.128603,0,1,TN,yolov8l_bsz4.ms,194.25,101.75,296.00,0.500,Mid (Meeting),8.24,17.57,341.45,3891.00,11499.37,380.08,,0,100,41.00,-375,4386899,-1645087.13,4,fused
481404,000000481404.jpg,640x424,0,0.128446,0,1,TN,yolov8l_bsz4.ms,194.25,101.75,296.00,0.500,Mid (Meeting),8.24,17.57,341.45,3891.00,11499.37,380.08,,0,100,41.00,-375,4386899,-1645087.13,4,fused
135670,000000135670.jpg,375x500,0,0.128151,0,1,TN,yolov8l_bsz4.ms,195.25,103.50,298.75,0.500,Mid (Meeting),4.61,17.60,284.33,3947.00,11499.37,435.82,,0,100,41.00,-279,4389869,-1224773.45,4,fused
382696,000000382696.jpg,640x480,0,0.127928,0,1,TN,yolov8l_bsz4.ms,195.25,103.50,298.75,0.500,Mid (Meeting),4.61,17.60,284.33,3947.00,11499.37,435.82,,0,100,41.00,-279,4389869,-1224773.45,4,fused
156292,000000156292.jpg,428x640,0,0.127770,1,0,FN,yolov8l_bsz4.ms,195.25,103.50,298.75,0.500,Mid (Meeting),4.61,17.60,284.33,3947.00,11499.37,435.82,,0,100,41.00,-279,4389869,-1224773.45,4,fused
200667,000000200667.jpg,640x425,0,0.127384,0,1,TN,yolov8l_bsz4.ms,195.25,103.50,298.75,0.500,Mid (Meeting),4.61,17.60,284.33,3947.00,11499.37,435.82,,0,100,41.00,-279,4389869,-1224773.45,4,fused
32610,000000032610.jpg,640x427,0,0.126699,0,1,TN,yolov8l_bsz4.ms,195.50,94.50,290.00,0.500,Mid (Meeting),3.97,17.60,361.43,3872.00,11499.37,359.46,,0,100,41.00,-267,4390415,-1172240.80,4,fused
267351,000000267351.jpg,640x426,0,0.126510,0,1,TN,yolov8l_bsz4.ms,195.50,94.50,290.00,0.500,Mid (Meeting),3.97,17.60,361.43,3872.00,11499.37,359.46,,0,100,41.00,-267,4390415,-1172240.80,4,fused
61471,000000061471.jpg,640x480,0,0.125876,0,1,TN,yolov8l_bsz4.ms,195.50,94.50,290.00,0.500,Mid (Meeting),3.97,17.60,361.43,3872.00,11499.37,359.46,,0,100,41.00,-267,4390415,-1172240.80,4,fused
500826,000000500826.jpg,640x426,0,0.125857,0,1,TN,yolov8l_bsz4.ms,195.50,94.50,290.00,0.500,Mid (Meeting),3.97,17.60,361.43,3872.00,11499.37,359.46,,0,100,41.00,-267,4390415,-1172240.80,4,fused
301421,000000301421.jpg,640x427,0,0.125410,0,1,TN,yolov8l_bsz4.ms,192.75,104.00,296.75,0.500,Mid (Meeting),3.95,18.50,361.27,3872.00,11499.37,358.83,,0,100,41.00,-273,4390403,-1198580.02,4,fused
90631,000000090631.jpg,640x389,0,0.125210,0,1,TN,yolov8l_bsz4.ms,192.75,104.00,296.75,0.500,Mid (Meeting),3.95,18.50,361.27,3872.00,11499.37,358.83,,0,100,41.00,-273,4390403,-1198580.02,4,fused
202445,000000202445.jpg,612x612,0,0.125186,0,1,TN,yolov8l_bsz4.ms,192.75,104.00,296.75,0.500,Mid (Meeting),3.95,18.50,361.27,3872.00,11499.37,358.83,,0,100,41.00,-273,4390403,-1198580.02,4,fused
35770,000000035770.jpg,480x640,0,0.124826,0,1,TN,yolov8l_bsz4.ms,192.75,104.00,296.75,0.500,Mid (Meeting),3.95,18.50,361.27,3872.00,11499.37,358.83,,0,100,41.00,-273,4390403,-1198580.02,4,fused
304545,000000304545.jpg,640x522,0,0.124302,0,1,TN,yolov8l_bsz4.ms,192.25,104.25,296.50,0.500,Mid (Meeting),3.87,18.50,341.63,3892.00,11499.37,377.85,,0,100,41.00,-211,4392086,-926730.15,4,fused
148783,000000148783.jpg,448x640,0,0.123687,0,1,TN,yolov8l_bsz4.ms,192.25,104.25,296.50,0.500,Mid (Meeting),3.87,18.50,341.63,3892.00,11499.37,377.85,,0,100,41.00,-211,4392086,-926730.15,4,fused
234779,000000234779.jpg,640x427,0,0.123275,0,1,TN,yolov8l_bsz4.ms,192.25,104.25,296.50,0.500,Mid (Meeting),3.87,18.50,341.63,3892.00,11499.37,377.85,,0,100,41.00,-211,4392086,-926730.15,4,fused
233033,000000233033.jpg,640x480,0,0.123234,0,1,TN,yolov8l_bsz4.ms,192.25,104.25,296.50,0.500,Mid (Meeting),3.87,18.50,341.63,3892.00,11499.37,377.85,,0,100,41.00,-211,4392086,-926730.15,4,fused
506454,000000506454.jpg,640x480,0,0.122806,1,0,FN,yolov8l_bsz4.ms,189.50,88.25,277.75,0.500,Mid (Meeting),3.81,18.22,284.60,3949.00,11499.37,434.16,,0,100,41.00,-112,4395523,-492298.58,4,fused
384350,000000384350.jpg,640x480,0,0.122554,0,1,TN,yolov8l_bsz4.ms,189.50,88.25,277.75,0.500,Mid (Meeting),3.81,18.22,284.60,3949.00,11499.37,434.16,,0,100,41.00,-112,4395523,-492298.58,4,fused
151962,000000151962.jpg,640x479,0,0.122522,1,0,FN,yolov8l_bsz4.ms,189.50,88.25,277.75,0.500,Mid (Meeting),3.81,18.22,284.60,3949.00,11499.37,434.16,,0,100,41.00,-112,4395523,-492298.58,4,fused
372466,000000372466.jpg,640x360,0,0.122214,0,1,TN,yolov8l_bsz4.ms,189.50,88.25,277.75,0.500,Mid (Meeting),3.81,18.22,284.60,3949.00,11499.37,434.16,,0,100,41.00,-112,4395523,-492298.58,4,fused
222559,000000222559.jpg,640x426,0,0.121864,1,0,FN,yolov8l_bsz4.ms,189.50,111.25,300.75,0.500,Mid (Meeting),3.80,18.22,361.41,3872.00,11499.37,355.79,,0,100,41.00,-162,4393906,-711812.77,4,fused
61171,000000061171.jpg,640x480,0,0.121412,0,1,TN,yolov8l_bsz4.ms,189.50,111.25,300.75,0.500,Mid (Meeting),3.80,18.22,361.41,3872.00,11499.37,355.79,,0,100,41.00,-162,4393906,-711812.77,4,fused
433243,000000433243.jpg,640x424,0,0.119669,0,1,TN,yolov8l_bsz4.ms,189.50,111.25,300.75,0.500,Mid (Meeting),3.80,18.22,361.41,3872.00,11499.37,355.79,,0,100,41.00,-162,4393906,-711812.77,4,fused
475150,000000475150.jpg,640x427,0,0.119550,0,1,TN,yolov8l_bsz4.ms,189.50,111.25,300.75,0.500,Mid (Meeting),3.80,18.22,361.41,3872.00,11499.37,355.79,,0,100,41.00,-162,4393906,-711812.77,4,fused
360393,000000360393.jpg,640x427,0,0.119015,0,1,TN,yolov8l_bsz4.ms,189.00,112.50,301.50,0.500,Mid (Meeting),3.80,17.88,362.65,3841.00,11499.37,323.84,,0,100,41.00,-200,4392558,-878511.60,4,fused
104119,000000104119.jpg,640x480,0,0.118902,0,1,TN,yolov8l_bsz4.ms,189.00,112.50,301.50,0.500,Mid (Meeting),3.80,17.88,362.65,3841.00,11499.37,323.84,,0,100,41.00,-200,4392558,-878511.60,4,fused
164363,000000164363.jpg,640x604,0,0.118695,0,1,TN,yolov8l_bsz4.ms,189.00,112.50,301.50,0.500,Mid (Meeting),3.80,17.88,362.65,3841.00,11499.37,323.84,,0,100,41.00,-200,4392558,-878511.60,4,fused
298994,000000298994.jpg,640x428,0,0.118295,0,1,TN,yolov8l_bsz4.ms,189.00,112.50,301.50,0.500,Mid (Meeting),3.80,17.88,362.65,3841.00,11499.37,323.84,,0,100,41.00,-200,4392558,-878511.60,4,fused
520077,000000520077.jpg,640x427,0,0.118011,0,1,TN,yolov8l_bsz4.ms,192.50,99.50,292.00,0.500,Mid (Meeting),8.28,17.88,339.03,3855.00,11499.37,337.73,,0,100,41.00,-238,4391562,-1045191.76,4,fused
173302,000000173302.jpg,640x425,0,0.117751,1,0,FN,yolov8l_bsz4.ms,192.50,99.50,292.00,0.500,Mid (Meeting),8.28,17.88,339.03,3855.00,11499.37,337.73,,0,100,41.00,-238,4391562,-1045191.76,4,fused
314034,000000314034.jpg,640x480,0,0.117225,0,1,TN,yolov8l_bsz4.ms,192.50,99.50,292.00,0.500,Mid (Meeting),8.28,17.88,339.03,3855.00,11499.37,337.73,,0,100,41.00,-238,4391562,-1045191.76,4,fused
209747,000000209747.jpg,500x350,0,0.116975,0,1,TN,yolov8l_bsz4.ms,192.50,99.50,292.00,0.500,Mid (Meeting),8.28,17.88,339.03,3855.00,11499.37,337.73,,0,100,41.00,-238,4391562,-1045191.76,4,fused
392228,000000392228.jpg,480x640,0,0.116784,0,1,TN,yolov8l_bsz4.ms,193.00,91.50,284.50,0.500,Mid (Meeting),4.01,15.84,284.47,3942.00,11499.37,423.82,,0,100,41.00,-449,4384705,-1968732.54,4,fused
425390,000000425390.jpg,500x375,0,0.116650,0,1,TN,yolov8l_bsz4.ms,193.00,91.50,284.50,0.500,Mid (Meeting),4.01,15.84,284.47,3942.00,11499.37,423.82,,0,100,41.00,-449,4384705,-1968732.54,4,fused
433374,000000433374.jpg,640x428,0,0.116474,0,1,TN,yolov8l_bsz4.ms,193.00,91.50,284.50,0.500,Mid (Meeting),4.01,15.84,284.47,3942.00,11499.37,423.82,,0,100,41.00,-449,4384705,-1968732.54,4,fused
200252,000000200252.jpg,500x375,0,0.116440,0,1,TN,yolov8l_bsz4.ms,193.00,91.50,284.50,0.500,Mid (Meeting),4.01,15.84,284.47,3942.00,11499.37,423.82,,0,100,41.00,-449,4384705,-1968732.54,4,fused
19742,000000019742.jpg,500x374,0,0.115784,0,1,TN,yolov8l_bsz4.ms,193.75,99.25,293.00,0.500,Mid (Meeting),3.70,15.84,361.00,3865.00,11499.37,345.57,,0,100,41.00,-273,4390222,-1198530.61,4,fused
221872,000000221872.jpg,640x427,0,0.115556,0,1,TN,yolov8l_bsz4.ms,193.75,99.25,293.00,0.500,Mid (Meeting),3.70,15.84,361.00,3865.00,11499.37,345.57,,0,100,41.00,-273,4390222,-1198530.61,4,fused
407403,000000407403.jpg,346x500,0,0.115463,0,1,TN,yolov8l_bsz4.ms,193.75,99.25,293.00,0.500,Mid (Meeting),3.70,15.84,361.00,3865.00,11499.37,345.57,,0,100,41.00,-273,4390222,-1198530.61,4,fused
384651,000000384651.jpg,640x436,0,0.115412,0,1,TN,yolov8l_bsz4.ms,193.75,99.25,293.00,0.500,Mid (Meeting),3.70,15.84,361.00,3865.00,11499.37,345.57,,0,100,41.00,-273,4390222,-1198530.61,4,fused
92839,000000092839.jpg,640x517,0,0.115104,0,1,TN,yolov8l_bsz4.ms,196.50,117.75,314.25,0.500,Mid (Meeting),3.84,15.31,362.67,3863.00,11499.37,343.02,,0,100,41.00,-263,4390541,-1154712.28,4,fused
416745,000000416745.jpg,612x612,0,0.114627,0,1,TN,yolov8l_bsz4.ms,196.50,117.75,314.25,0.500,Mid (Meeting),3.84,15.31,362.67,3863.00,11499.37,343.02,,0,100,41.00,-263,4390541,-1154712.28,4,fused
30785,000000030785.jpg,640x480,0,0.114127,0,1,TN,yolov8l_bsz4.ms,196.50,117.75,314.25,0.500,Mid (Meeting),3.84,15.31,362.67,3863.00,11499.37,343.02,,0,100,41.00,-263,4390541,-1154712.28,4,fused
23230,000000023230.jpg,640x480,0,0.113796,0,1,TN,yolov8l_bsz4.ms,196.50,117.75,314.25,0.500,Mid (Meeting),3.84,15.31,362.67,3863.00,11499.37,343.02,,0,100,41.00,-263,4390541,-1154712.28,4,fused
522751,000000522751.jpg,640x335,0,0.113652,0,1,TN,yolov8l_bsz4.ms,184.00,103.75,287.75,0.500,Mid (Meeting),3.80,15.31,357.20,3869.00,11499.37,348.22,,0,100,41.00,-118,4395234,-518637.61,4,fused
326082,000000326082.jpg,640x426,0,0.113596,0,1,TN,yolov8l_bsz4.ms,184.00,103.75,287.75,0.500,Mid (Meeting),3.80,15.31,357.20,3869.00,11499.37,348.22,,0,100,41.00,-118,4395234,-518637.61,4,fused
357081,000000357081.jpg,640x427,0,0.113368,0,1,TN,yolov8l_bsz4.ms,184.00,103.75,287.75,0.500,Mid (Meeting),3.80,15.31,357.20,3869.00,11499.37,348.22,,0,100,41.00,-118,4395234,-518637.61,4,fused
459887,000000459887.jpg,480x640,0,0.113240,0,1,TN,yolov8l_bsz4.ms,184.00,103.75,287.75,0.500,Mid (Meeting),3.80,15.31,357.20,3869.00,11499.37,348.22,,0,100,41.00,-118,4395234,-518637.61,4,fused
92660,000000092660.jpg,640x427,0,0.112421,0,1,TN,yolov8l_bsz4.ms,185.50,101.25,286.75,0.500,Mid (Meeting),3.86,14.97,338.73,3888.00,11499.37,366.14,,0,100,41.00,-190,4393101,-834689.19,4,fused
545958,000000545958.jpg,640x428,0,0.112366,0,1,TN,yolov8l_bsz4.ms,185.50,101.25,286.75,0.500,Mid (Meeting),3.86,14.97,338.73,3888.00,11499.37,366.14,,0,100,41.00,-190,4393101,-834689.19,4,fused
383921,000000383921.jpg,640x480,0,0.112223,0,1,TN,yolov8l_bsz4.ms,185.50,101.25,286.75,0.500,Mid (Meeting),3.86,14.97,338.73,3888.00,11499.37,366.14,,0,100,41.00,-190,4393101,-834689.19,4,fused
239318,000000239318.jpg,375x500,0,0.111386,0,1,TN,yolov8l_bsz4.ms,185.50,101.25,286.75,0.500,Mid (Meeting),3.86,14.97,338.73,3888.00,11499.37,366.14,,0,100,41.00,-190,4393101,-834689.19,4,fused
288762,000000288762.jpg,640x425,0,0.110712,0,1,TN,yolov8l_bsz4.ms,189.75,95.00,284.75,0.500,Mid (Meeting),3.82,14.97,288.68,3938.00,11499.37,414.86,,0,100,41.00,-249,4391145,-1093395.10,4,fused
296284,000000296284.jpg,270x360,0,0.110253,0,1,TN,yolov8l_bsz4.ms,189.75,95.00,284.75,0.500,Mid (Meeting),3.82,14.97,288.68,3938.00,11499.37,414.86,,0,100,41.00,-249,4391145,-1093395.10,4,fused
289659,000000289659.jpg,640x426,0,0.110128,0,1,TN,yolov8l_bsz4.ms,189.75,95.00,284.75,0.500,Mid (Meeting),3.82,14.97,288.68,3938.00,11499.37,414.86,,0,100,41.00,-249,4391145,-1093395.10,4,fused
289516,000000289516.jpg,304x640,0,0.110002,0,1,TN,yolov8l_bsz4.ms,189.75,95.00,284.75,0.500,Mid (Meeting),3.82,14.97,288.68,3938.00,11499.37,414.86,,0,100,41.00,-249,4391145,-1093395.10,4,fused
331352,000000331352.jpg,351x500,0,0.109983,0,1,TN,yolov8l_bsz4.ms,189.50,100.75,290.25,0.500,Mid (Meeting),3.77,14.73,359.91,3866.00,11499.37,342.80,,0,100,41.00,-250,4391021,-1097755.25,4,fused
557501,000000557501.jpg,640x480,0,0.109576,0,1,TN,yolov8l_bsz4.ms,189.50,100.75,290.25,0.500,Mid (Meeting),3.77,14.73,359.91,3866.00,11499.37,342.80,,0,100,41.00,-250,4391021,-1097755.25,4,fused
180798,000000180798.jpg,375x500,0,0.109145,0,1,TN,yolov8l_bsz4.ms,189.50,100.75,290.25,0.500,Mid (Meeting),3.77,14.73,359.91,3866.00,11499.37,342.80,,0,100,41.00,-250,4391021,-1097755.25,4,fused
426166,000000426166.jpg,500x332,0,0.108896,0,1,TN,yolov8l_bsz4.ms,189.50,100.75,290.25,0.500,Mid (Meeting),3.77,14.73,359.91,3866.00,11499.37,342.80,,0,100,41.00,-250,4391021,-1097755.25,4,fused
51738,000000051738.jpg,500x375,0,0.108404,0,1,TN,yolov8l_bsz4.ms,190.25,114.50,304.75,0.500,Mid (Meeting),3.79,14.73,359.68,3866.00,11499.37,341.90,,0,100,41.00,-185,4393030,-812710.55,4,fused
444275,000000444275.jpg,640x480,0,0.108301,0,1,TN,yolov8l_bsz4.ms,190.25,114.50,304.75,0.500,Mid (Meeting),3.79,14.73,359.68,3866.00,11499.37,341.90,,0,100,41.00,-185,4393030,-812710.55,4,fused
31749,000000031749.jpg,640x640,0,0.108034,0,1,TN,yolov8l_bsz4.ms,190.25,114.50,304.75,0.500,Mid (Meeting),3.79,14.73,359.68,3866.00,11499.37,341.90,,0,100,41.00,-185,4393030,-812710.55,4,fused
559099,000000559099.jpg,640x360,0,0.107733,0,1,TN,yolov8l_bsz4.ms,190.25,114.50,304.75,0.500,Mid (Meeting),3.79,14.73,359.68,3866.00,11499.37,341.90,,0,100,41.00,-185,4393030,-812710.55,4,fused
118594,000000118594.jpg,640x480,0,0.106993,0,1,TN,yolov8l_bsz4.ms,187.25,104.00,291.25,0.500,Mid (Meeting),3.65,10.56,339.19,3886.00,11499.37,361.69,,0,100,41.00,-229,4391965,-1005759.98,4,fused
2592,000000002592.jpg,640x366,0,0.106846,0,1,TN,yolov8l_bsz4.ms,187.25,104.00,291.25,0.500,Mid (Meeting),3.65,10.56,339.19,3886.00,11499.37,361.69,,0,100,41.00,-229,4391965,-1005759.98,4,fused
551780,000000551780.jpg,640x480,0,0.106641,0,1,TN,yolov8l_bsz4.ms,187.25,104.00,291.25,0.500,Mid (Meeting),3.65,10.56,339.19,3886.00,11499.37,361.69,,0,100,41.00,-229,4391965,-1005759.98,4,fused
155571,000000155571.jpg,640x428,0,0.106587,0,1,TN,yolov8l_bsz4.ms,187.25,104.00,291.25,0.500,Mid (Meeting),3.65,10.56,339.19,3886.00,11499.37,361.69,,0,100,41.00,-229,4391965,-1005759.98,4,fused
51309,000000051309.jpg,640x360,0,0.106570,0,1,TN,yolov8l_bsz4.ms,189.50,91.50,281.00,0.500,Mid (Meeting),3.68,10.56,285.00,3940.00,11499.37,415.01,,0,100,41.00,-296,4389592,-1299319.23,4,fused
207585,000000207585.jpg,640x480,0,0.106137,0,1,TN,yolov8l_bsz4.ms,189.50,91.50,281.00,0.500,Mid (Meeting),3.68,10.56,285.00,3940.00,11499.37,415.01,,0,100,41.00,-296,4389592,-1299319.23,4,fused
383676,000000383676.jpg,640x480,0,0.106091,0,1,TN,yolov8l_bsz4.ms,189.50,91.50,281.00,0.500,Mid (Meeting),3.68,10.56,285.00,3940.00,11499.37,415.01,,0,100,41.00,-296,4389592,-1299319.23,4,fused
221502,000000221502.jpg,640x320,0,0.105456,0,1,TN,yolov8l_bsz4.ms,189.50,91.50,281.00,0.500,Mid (Meeting),3.68,10.56,285.00,3940.00,11499.37,415.01,,0,100,41.00,-296,4389592,-1299319.23,4,fused
297698,000000297698.jpg,640x441,0,0.105221,1,0,FN,yolov8l_bsz4.ms,183.25,98.75,282.00,0.500,Mid (Meeting),3.55,12.92,361.85,3866.00,11499.37,339.42,,0,100,41.00,-147,4394321,-645965.19,4,fused
259854,000000259854.jpg,640x480,0,0.104991,1,0,FN,yolov8l_bsz4.ms,183.25,98.75,282.00,0.500,Mid (Meeting),3.55,12.92,361.85,3866.00,11499.37,339.42,,0,100,41.00,-147,4394321,-645965.19,4,fused
1503,000000001503.jpg,320x240,0,0.104847,0,1,TN,yolov8l_bsz4.ms,183.25,98.75,282.00,0.500,Mid (Meeting),3.55,12.92,361.85,3866.00,11499.37,339.42,,0,100,41.00,-147,4394321,-645965.19,4,fused
25593,000000025593.jpg,640x480,0,0.104224,0,1,TN,yolov8l_bsz4.ms,183.25,98.75,282.00,0.500,Mid (Meeting),3.55,12.92,361.85,3866.00,11499.37,339.42,,0,100,41.00,-147,4394321,-645965.19,4,fused
529568,000000529568.jpg,480x640,0,0.104179,0,1,TN,yolov8l_bsz4.ms,189.25,100.50,289.75,0.500,Mid (Meeting),3.67,12.92,359.57,3868.00,11499.37,340.69,,0,100,41.00,-232,4391683,-1018870.46,4,fused
101762,000000101762.jpg,640x480,0,0.104133,0,1,TN,yolov8l_bsz4.ms,189.25,100.50,289.75,0.500,Mid (Meeting),3.67,12.92,359.57,3868.00,11499.37,340.69,,0,100,41.00,-232,4391683,-1018870.46,4,fused
11122,000000011122.jpg,640x480,0,0.103705,0,1,TN,yolov8l_bsz4.ms,189.25,100.50,289.75,0.500,Mid (Meeting),3.67,12.92,359.57,3868.00,11499.37,340.69,,0,100,41.00,-232,4391683,-1018870.46,4,fused
402334,000000402334.jpg,427x640,0,0.103260,0,1,TN,yolov8l_bsz4.ms,189.25,100.50,289.75,0.500,Mid (Meeting),3.67,12.92,359.57,3868.00,11499.37,340.69,,0,100,41.00,-232,4391683,-1018870.46,4,fused
165351,000000165351.jpg,612x612,0,0.103093,0,1,TN,yolov8l_bsz4.ms,185.25,121.75,307.00,0.500,Mid (Meeting),3.72,13.63,340.88,3887.00,11499.37,358.66,,0,100,41.00,-261,4390733,-1145981.31,4,fused
232489,000000232489.jpg,640x640,0,0.102842,0,1,TN,yolov8l_bsz4.ms,185.25,121.75,307.00,0.500,Mid (Meeting),3.72,13.63,340.88,3887.00,11499.37,358.66,,0,100,41.00,-261,4390733,-1145981.31,4,fused
122745,000000122745.jpg,480x640,0,0.102624,0,1,TN,yolov8l_bsz4.ms,185.25,121.75,307.00,0.500,Mid (Meeting),3.72,13.63,340.88,3887.00,11499.37,358.66,,0,100,41.00,-261,4390733,-1145981.31,4,fused
453302,000000453302.jpg,500x375,0,0.102609,0,1,TN,yolov8l_bsz4.ms,185.25,121.75,307.00,0.500,Mid (Meeting),3.72,13.63,340.88,3887.00,11499.37,358.66,,0,100,41.00,-261,4390733,-1145981.31,4,fused
568690,000000568690.jpg,480x640,0,0.102201,0,1,TN,yolov8l_bsz4.ms,189.75,102.75,292.50,0.500,Mid (Meeting),3.73,13.63,285.71,3942.00,11499.37,412.87,,0,100,41.00,-114,4395386,-501074.00,4,fused
466256,000000466256.jpg,640x425,0,0.102043,0,1,TN,yolov8l_bsz4.ms,189.75,102.75,292.50,0.500,Mid (Meeting),3.73,13.63,285.71,3942.00,11499.37,412.87,,0,100,41.00,-114,4395386,-501074.00,4,fused
550426,000000550426.jpg,416x640,0,0.101849,0,1,TN,yolov8l_bsz4.ms,189.75,102.75,292.50,0.500,Mid (Meeting),3.73,13.63,285.71,3942.00,11499.37,412.87,,0,100,41.00,-114,4395386,-501074.00,4,fused
501523,000000501523.jpg,640x480,0,0.101758,0,1,TN,yolov8l_bsz4.ms,189.75,102.75,292.50,0.500,Mid (Meeting),3.73,13.63,285.71,3942.00,11499.37,412.87,,0,100,41.00,-114,4395386,-501074.00,4,fused
59920,000000059920.jpg,427x640,0,0.101503,0,1,TN,yolov8l_bsz4.ms,185.75,98.50,284.25,0.500,Mid (Meeting),3.71,13.91,362.53,3873.00,11499.37,342.66,,0,100,41.00,-181,4393502,-795223.86,4,fused
245651,000000245651.jpg,375x500,0,0.101487,0,1,TN,yolov8l_bsz4.ms,185.75,98.50,284.25,0.500,Mid (Meeting),3.71,13.91,362.53,3873.00,11499.37,342.66,,0,100,41.00,-181,4393502,-795223.86,4,fused
98497,000000098497.jpg,640x480,0,0.101283,0,1,TN,yolov8l_bsz4.ms,185.75,98.50,284.25,0.500,Mid (Meeting),3.71,13.91,362.53,3873.00,11499.37,342.66,,0,100,41.00,-181,4393502,-795223.86,4,fused
125806,000000125806.jpg,640x425,0,0.100561,0,1,TN,yolov8l_bsz4.ms,185.75,98.50,284.25,0.500,Mid (Meeting),3.71,13.91,362.53,3873.00,11499.37,342.66,,0,100,41.00,-181,4393502,-795223.86,4,fused
541634,000000541634.jpg,612x612,0,0.100257,0,1,TN,yolov8l_bsz4.ms,190.25,115.00,305.25,0.500,Mid (Meeting),3.73,13.91,361.52,3874.00,11499.37,343.16,,0,100,41.00,-164,4393716,-720569.42,4,fused
221708,000000221708.jpg,480x640,0,0.100244,0,1,TN,yolov8l_bsz4.ms,190.25,115.00,305.25,0.500,Mid (Meeting),3.73,13.91,361.52,3874.00,11499.37,343.16,,0,100,41.00,-164,4393716,-720569.42,4,fused
468245,000000468245.jpg,640x427,0,0.100042,0,1,TN,yolov8l_bsz4.ms,190.25,115.00,305.25,0.500,Mid (Meeting),3.73,13.91,361.52,3874.00,11499.37,343.16,,0,100,41.00,-164,4393716,-720569.42,4,fused
532761,000000532761.jpg,640x480,0,0.099361,0,1,TN,yolov8l_bsz4.ms,190.25,115.00,305.25,0.500,Mid (Meeting),3.73,13.91,361.52,3874.00,11499.37,343.16,,0,100,41.00,-164,4393716,-720569.42,4,fused
176778,000000176778.jpg,427x640,0,0.099355,0,1,TN,yolov8l_bsz4.ms,187.25,99.50,286.75,0.500,Mid (Meeting),4.13,9.93,340.00,3895.00,11499.37,363.34,,0,100,41.00,-106,4395701,-465944.31,4,fused
348216,000000348216.jpg,480x640,0,0.099097,0,1,TN,yolov8l_bsz4.ms,187.25,99.50,286.75,0.500,Mid (Meeting),4.13,9.93,340.00,3895.00,11499.37,363.34,,0,100,41.00,-106,4395701,-465944.31,4,fused
127182,000000127182.jpg,427x640,0,0.098916,0,1,TN,yolov8l_bsz4.ms,187.25,99.50,286.75,0.500,Mid (Meeting),4.13,9.93,340.00,3895.00,11499.37,363.34,,0,100,41.00,-106,4395701,-465944.31,4,fused
178982,000000178982.jpg,640x427,0,0.098687,1,0,FN,yolov8l_bsz4.ms,187.25,99.50,286.75,0.500,Mid (Meeting),4.13,9.93,340.00,3895.00,11499.37,363.34,,0,100,41.00,-106,4395701,-465944.31,4,fused
64499,000000064499.jpg,640x480,0,0.098489,0,1,TN,yolov8l_bsz4.ms,184.75,107.75,292.50,0.500,Mid (Meeting),3.94,9.93,286.74,3948.00,11499.37,415.70,,0,100,41.00,-108,4395582,-474722.86,4,fused
465430,000000465430.jpg,640x513,0,0.098406,0,1,TN,yolov8l_bsz4.ms,184.75,107.75,292.50,0.500,Mid (Meeting),3.94,9.93,286.74,3948.00,11499.37,415.70,,0,100,41.00,-108,4395582,-474722.86,4,fused
239041,000000239041.jpg,640x427,0,0.098371,0,1,TN,yolov8l_bsz4.ms,184.75,107.75,292.50,0.500,Mid (Meeting),3.94,9.93,286.74,3948.00,11499.37,415.70,,0,100,41.00,-108,4395582,-474722.86,4,fused
565776,000000565776.jpg,640x421,0,0.098320,0,1,TN,yolov8l_bsz4.ms,184.75,107.75,292.50,0.500,Mid (Meeting),3.94,9.93,286.74,3948.00,11499.37,415.70,,0,100,41.00,-108,4395582,-474722.86,4,fused
485130,000000485130.jpg,640x467,0,0.098168,0,1,TN,yolov8l_bsz4.ms,181.25,99.75,281.00,0.500,Mid (Meeting),3.76,15.50,363.21,3871.00,11499.37,338.52,,0,100,41.00,-115,4395235,-505452.03,4,fused
392933,000000392933.jpg,383x640,0,0.098159,0,1,TN,yolov8l_bsz4.ms,181.25,99.75,281.00,0.500,Mid (Meeting),3.76,15.50,363.21,3871.00,11499.37,338.52,,0,100,41.00,-115,4395235,-505452.03,4,fused
283038,000000283038.jpg,500x281,0,0.098110,0,1,TN,yolov8l_bsz4.ms,181.25,99.75,281.00,0.500,Mid (Meeting),3.76,15.50,363.21,3871.00,11499.37,338.52,,0,100,41.00,-115,4395235,-505452.03,4,fused
176701,000000176701.jpg,640x480,0,0.098013,0,1,TN,yolov8l_bsz4.ms,181.25,99.75,281.00,0.500,Mid (Meeting),3.76,15.50,363.21,3871.00,11499.37,338.52,,0,100,41.00,-115,4395235,-505452.03,4,fused
436315,000000436315.jpg,478x640,0,0.097623,0,1,TN,yolov8l_bsz4.ms,185.25,99.50,284.75,0.500,Mid (Meeting),3.79,15.50,359.83,3874.00,11499.37,340.32,,0,100,41.00,-167,4393786,-733762.26,4,fused
575970,000000575970.jpg,640x480,0,0.097608,0,1,TN,yolov8l_bsz4.ms,185.25,99.50,284.75,0.500,Mid (Meeting),3.79,15.50,359.83,3874.00,11499.37,340.32,,0,100,41.00,-167,4393786,-733762.26,4,fused
578236,000000578236.jpg,429x640,0,0.097155,0,1,TN,yolov8l_bsz4.ms,185.25,99.50,284.75,0.500,Mid (Meeting),3.79,15.50,359.83,3874.00,11499.37,340.32,,0,100,41.00,-167,4393786,-733762.26,4,fused
525322,000000525322.jpg,640x428,0,0.097103,0,1,TN,yolov8l_bsz4.ms,185.25,99.50,284.75,0.500,Mid (Meeting),3.79,15.50,359.83,3874.00,11499.37,340.32,,0,100,41.00,-167,4393786,-733762.26,4,fused
176232,000000176232.jpg,480x640,0,0.097051,0,1,TN,yolov8l_bsz4.ms,182.25,101.50,283.75,0.500,Mid (Meeting),3.81,14.74,339.58,3894.00,11499.37,359.54,,0,100,41.00,-246,4391243,-1080245.78,4,fused
396274,000000396274.jpg,640x480,0,0.096544,0,1,TN,yolov8l_bsz4.ms,182.25,101.50,283.75,0.500,Mid (Meeting),3.81,14.74,339.58,3894.00,11499.37,359.54,,0,100,41.00,-246,4391243,-1080245.78,4,fused
22589,000000022589.jpg,640x480,0,0.096498,0,1,TN,yolov8l_bsz4.ms,182.25,101.50,283.75,0.500,Mid (Meeting),3.81,14.74,339.58,3894.00,11499.37,359.54,,0,100,41.00,-246,4391243,-1080245.78,4,fused
442993,000000442993.jpg,427x640,0,0.096175,0,1,TN,yolov8l_bsz4.ms,182.25,101.50,283.75,0.500,Mid (Meeting),3.81,14.74,339.58,3894.00,11499.37,359.54,,0,100,41.00,-246,4391243,-1080245.78,4,fused
387387,000000387387.jpg,640x480,0,0.095729,0,1,TN,yolov8l_bsz4.ms,184.75,105.25,290.00,0.500,Mid (Meeting),3.83,14.74,286.45,3947.00,11499.37,411.67,,0,100,41.00,-198,4392646,-869743.91,4,fused
181969,000000181969.jpg,573x640,0,0.095201,0,1,TN,yolov8l_bsz4.ms,184.75,105.25,290.00,0.500,Mid (Meeting),3.83,14.74,286.45,3947.00,11499.37,411.67,,0,100,41.00,-198,4392646,-869743.91,4,fused
131431,000000131431.jpg,425x640,0,0.094875,0,1,TN,yolov8l_bsz4.ms,184.75,105.25,290.00,0.500,Mid (Meeting),3.83,14.74,286.45,3947.00,11499.37,411.67,,0,100,41.00,-198,4392646,-869743.91,4,fused
543581,000000543581.jpg,640x427,0,0.094333,0,1,TN,yolov8l_bsz4.ms,184.75,105.25,290.00,0.500,Mid (Meeting),3.83,14.74,286.45,3947.00,11499.37,411.67,,0,100,41.00,-198,4392646,-869743.91,4,fused
537802,000000537802.jpg,640x480,0,0.093937,0,1,TN,yolov8l_bsz4.ms,191.00,98.50,289.50,0.500,Mid (Meeting),3.75,14.83,362.59,3871.00,11499.37,334.74,,0,100,41.00,-218,4392010,-957458.18,4,fused
84431,000000084431.jpg,361x640,0,0.093914,0,1,TN,yolov8l_bsz4.ms,191.00,98.50,289.50,0.500,Mid (Meeting),3.75,14.83,362.59,3871.00,11499.37,334.74,,0,100,41.00,-218,4392010,-957458.18,4,fused
311081,000000311081.jpg,480x640,0,0.093759,0,1,TN,yolov8l_bsz4.ms,191.00,98.50,289.50,0.500,Mid (Meeting),3.75,14.83,362.59,3871.00,11499.37,334.74,,0,100,41.00,-218,4392010,-957458.18,4,fused
75393,000000075393.jpg,640x435,0,0.093649,0,1,TN,yolov8l_bsz4.ms,191.00,98.50,289.50,0.500,Mid (Meeting),3.75,14.83,362.59,3871.00,11499.37,334.74,,0,100,41.00,-218,4392010,-957458.18,4,fused
458410,000000458410.jpg,640x480,0,0.093493,0,1,TN,yolov8l_bsz4.ms,189.25,99.75,289.00,0.500,Mid (Meeting),3.74,14.83,360.20,3873.00,11499.37,336.17,,0,100,41.00,-266,4390411,-1167849.33,4,fused
342186,000000342186.jpg,480x640,0,0.092744,0,1,TN,yolov8l_bsz4.ms,189.25,99.75,289.00,0.500,Mid (Meeting),3.74,14.83,360.20,3873.00,11499.37,336.17,,0,100,41.00,-266,4390411,-1167849.33,4,fused
82765,000000082765.jpg,426x640,0,0.092644,0,1,TN,yolov8l_bsz4.ms,189.25,99.75,289.00,0.500,Mid (Meeting),3.74,14.83,360.20,3873.00,11499.37,336.17,,0,100,41.00,-266,4390411,-1167849.33,4,fused
451155,000000451155.jpg,640x480,0,0.092606,1,0,FN,yolov8l_bsz4.ms,189.25,99.75,289.00,0.500,Mid (Meeting),3.74,14.83,360.20,3873.00,11499.37,336.17,,0,100,41.00,-266,4390411,-1167849.33,4,fused
401991,000000401991.jpg,640x379,0,0.092064,0,1,TN,yolov8l_bsz4.ms,181.75,105.00,286.75,0.500,Mid (Meeting),5.34,11.89,340.41,3892.00,11499.37,353.77,,0,100,41.00,-157,4393913,-689844.34,4,fused
12667,000000012667.jpg,640x480,0,0.092043,0,1,TN,yolov8l_bsz4.ms,181.75,105.00,286.75,0.500,Mid (Meeting),5.34,11.89,340.41,3892.00,11499.37,353.77,,0,100,41.00,-157,4393913,-689844.34,4,fused
126216,000000126216.jpg,640x428,0,0.091634,0,1,TN,yolov8l_bsz4.ms,181.75,105.00,286.75,0.500,Mid (Meeting),5.34,11.89,340.41,3892.00,11499.37,353.77,,0,100,41.00,-157,4393913,-689844.34,4,fused
499313,000000499313.jpg,640x478,0,0.091596,0,1,TN,yolov8l_bsz4.ms,181.75,105.00,286.75,0.500,Mid (Meeting),5.34,11.89,340.41,3892.00,11499.37,353.77,,0,100,41.00,-157,4393913,-689844.34,4,fused
30213,000000030213.jpg,640x449,0,0.091378,0,1,TN,yolov8l_bsz4.ms,185.75,104.75,290.50,0.500,Mid (Meeting),4.42,11.89,286.83,3946.00,11499.37,406.82,,0,100,41.00,-289,4389495,-1268564.05,4,fused
485895,000000485895.jpg,500x332,0,0.091041,0,1,TN,yolov8l_bsz4.ms,185.75,104.75,290.50,0.500,Mid (Meeting),4.42,11.89,286.83,3946.00,11499.37,406.82,,0,100,41.00,-289,4389495,-1268564.05,4,fused
229858,000000229858.jpg,640x555,0,0.091038,0,1,TN,yolov8l_bsz4.ms,185.75,104.75,290.50,0.500,Mid (Meeting),4.42,11.89,286.83,3946.00,11499.37,406.82,,0,100,41.00,-289,4389495,-1268564.05,4,fused
517687,000000517687.jpg,640x360,0,0.090696,0,1,TN,yolov8l_bsz4.ms,185.75,104.75,290.50,0.500,Mid (Meeting),4.42,11.89,286.83,3946.00,11499.37,406.82,,0,100,41.00,-289,4389495,-1268564.05,4,fused
465585,000000465585.jpg,427x640,0,0.090679,0,1,TN,yolov8l_bsz4.ms,185.75,100.75,286.50,0.500,Mid (Meeting),4.12,15.59,362.88,3870.00,11499.37,329.96,,0,100,41.00,-278,4390057,-1220435.85,4,fused
138819,000000138819.jpg,640x480,0,0.090656,0,1,TN,yolov8l_bsz4.ms,185.75,100.75,286.50,0.500,Mid (Meeting),4.12,15.59,362.88,3870.00,11499.37,329.96,,0,100,41.00,-278,4390057,-1220435.85,4,fused
149222,000000149222.jpg,500x383,0,0.090548,1,0,FN,yolov8l_bsz4.ms,185.75,100.75,286.50,0.500,Mid (Meeting),4.12,15.59,362.88,3870.00,11499.37,329.96,,0,100,41.00,-278,4390057,-1220435.85,4,fused
256407,000000256407.jpg,480x640,0,0.090264,0,1,TN,yolov8l_bsz4.ms,185.75,100.75,286.50,0.500,Mid (Meeting),4.12,15.59,362.88,3870.00,11499.37,329.96,,0,100,41.00,-278,4390057,-1220435.85,4,fused
529966,000000529966.jpg,640x421,0,0.089875,0,1,TN,yolov8l_bsz4.ms,187.75,103.00,290.75,0.500,Mid (Meeting),3.99,15.59,358.71,3874.00,11499.37,333.25,,0,100,41.00,-225,4391930,-988184.25,4,fused
556765,000000556765.jpg,640x428,0,0.089848,0,1,TN,yolov8l_bsz4.ms,187.75,103.00,290.75,0.500,Mid (Meeting),3.99,15.59,358.71,3874.00,11499.37,333.25,,0,100,41.00,-225,4391930,-988184.25,4,fused
89670,000000089670.jpg,640x427,0,0.089828,0,1,TN,yolov8l_bsz4.ms,187.75,103.00,290.75,0.500,Mid (Meeting),3.99,15.59,358.71,3874.00,11499.37,333.25,,0,100,41.00,-225,4391930,-988184.25,4,fused
226111,000000226111.jpg,480x640,0,0.089720,0,1,TN,yolov8l_bsz4.ms,187.75,103.00,290.75,0.500,Mid (Meeting),3.99,15.59,358.71,3874.00,11499.37,333.25,,0,100,41.00,-225,4391930,-988184.25,4,fused
288882,000000288882.jpg,640x359,0,0.089508,0,1,TN,yolov8l_bsz4.ms,182.75,98.75,281.50,0.500,Mid (Meeting),3.96,16.18,339.06,3892.00,11499.37,350.73,,0,100,41.00,-95,4395773,-417598.43,4,fused
59386,000000059386.jpg,427x640,0,0.089493,0,1,TN,yolov8l_bsz4.ms,182.75,98.75,281.50,0.500,Mid (Meeting),3.96,16.18,339.06,3892.00,11499.37,350.73,,0,100,41.00,-95,4395773,-417598.43,4,fused
104572,000000104572.jpg,640x419,0,0.089436,0,1,TN,yolov8l_bsz4.ms,182.75,98.75,281.50,0.500,Mid (Meeting),3.96,16.18,339.06,3892.00,11499.37,350.73,,0,100,41.00,-95,4395773,-417598.43,4,fused
409630,000000409630.jpg,500x375,0,0.089337,0,1,TN,yolov8l_bsz4.ms,182.75,98.75,281.50,0.500,Mid (Meeting),3.96,16.18,339.06,3892.00,11499.37,350.73,,0,100,41.00,-95,4395773,-417598.43,4,fused
68765,000000068765.jpg,640x480,0,0.089199,0,1,TN,yolov8l_bsz4.ms,195.00,99.50,294.50,0.500,Mid (Meeting),3.95,16.18,283.99,3947.00,11499.37,404.00,,0,100,41.00,-232,4391722,-1018879.50,4,fused
559707,000000559707.jpg,478x640,0,0.088929,0,1,TN,yolov8l_bsz4.ms,195.00,99.50,294.50,0.500,Mid (Meeting),3.95,16.18,283.99,3947.00,11499.37,404.00,,0,100,41.00,-232,4391722,-1018879.50,4,fused
491725,000000491725.jpg,500x375,0,0.088821,0,1,TN,yolov8l_bsz4.ms,195.00,99.50,294.50,0.500,Mid (Meeting),3.95,16.18,283.99,3947.00,11499.37,404.00,,0,100,41.00,-232,4391722,-1018879.50,4,fused
1818,000000001818.jpg,640x425,0,0.088734,0,1,TN,yolov8l_bsz4.ms,195.00,99.50,294.50,0.500,Mid (Meeting),3.95,16.18,283.99,3947.00,11499.37,404.00,,0,100,41.00,-232,4391722,-1018879.50,4,fused
173044,000000173044.jpg,359x640,0,0.088697,0,1,TN,yolov8l_bsz4.ms,203.50,95.75,299.25,0.500,Mid (Meeting),3.83,17.33,362.51,3862.00,11499.37,318.26,,0,100,41.00,-476,4383157,-2086382.73,4,fused
315257,000000315257.jpg,640x514,0,0.088519,0,1,TN,yolov8l_bsz4.ms,203.50,95.75,299.25,0.500,Mid (Meeting),3.83,17.33,362.51,3862.00,11499.37,318.26,,0,100,41.00,-476,4383157,-2086382.73,4,fused
333069,000000333069.jpg,428x640,0,0.088246,0,1,TN,yolov8l_bsz4.ms,203.50,95.75,299.25,0.500,Mid (Meeting),3.83,17.33,362.51,3862.00,11499.37,318.26,,0,100,41.00,-476,4383157,-2086382.73,4,fused
553664,000000553664.jpg,640x414,0,0.088186,0,1,TN,yolov8l_bsz4.ms,203.50,95.75,299.25,0.500,Mid (Meeting),3.83,17.33,362.51,3862.00,11499.37,318.26,,0,100,41.00,-476,4383157,-2086382.73,4,fused
18575,000000018575.jpg,640x480,0,0.086918,0,1,TN,yolov8l_bsz4.ms,211.50,107.75,319.25,0.500,Mid (Meeting),3.84,17.33,358.83,3869.00,11499.37,359.09,,0,100,41.00,-175,4392661,-768715.68,4,fused
124659,000000124659.jpg,640x480,0,0.086855,0,1,TN,yolov8l_bsz4.ms,211.50,107.75,319.25,0.500,Mid (Meeting),3.84,17.33,358.83,3869.00,11499.37,359.09,,0,100,41.00,-175,4392661,-768715.68,4,fused
186632,000000186632.jpg,480x640,0,0.086791,0,1,TN,yolov8l_bsz4.ms,211.50,107.75,319.25,0.500,Mid (Meeting),3.84,17.33,358.83,3869.00,11499.37,359.09,,0,100,41.00,-175,4392661,-768715.68,4,fused
210099,000000210099.jpg,640x538,0,0.086782,0,1,TN,yolov8l_bsz4.ms,211.50,107.75,319.25,0.500,Mid (Meeting),3.84,17.33,358.83,3869.00,11499.37,359.09,,0,100,41.00,-175,4392661,-768715.68,4,fused
350388,000000350388.jpg,480x640,0,0.086635,0,1,TN,yolov8l_bsz4.ms,202.00,104.75,306.75,0.500,Mid (Meeting),7.11,31.58,340.00,3889.00,11499.37,375.55,,0,100,41.00,-254,4390209,-1115113.09,4,fused
232348,000000232348.jpg,640x502,0,0.086563,0,1,TN,yolov8l_bsz4.ms,202.00,104.75,306.75,0.500,Mid (Meeting),7.11,31.58,340.00,3889.00,11499.37,375.55,,0,100,41.00,-254,4390209,-1115113.09,4,fused
153632,000000153632.jpg,640x480,0,0.085980,0,1,TN,yolov8l_bsz4.ms,202.00,104.75,306.75,0.500,Mid (Meeting),7.11,31.58,340.00,3889.00,11499.37,375.55,,0,100,41.00,-254,4390209,-1115113.09,4,fused
577735,000000577735.jpg,640x480,0,0.085793,0,1,TN,yolov8l_bsz4.ms,202.00,104.75,306.75,0.500,Mid (Meeting),7.11,31.58,340.00,3889.00,11499.37,375.55,,0,100,41.00,-254,4390209,-1115113.09,4,fused
406570,000000406570.jpg,427x640,0,0.085616,0,1,TN,yolov8l_bsz4.ms,199.25,102.25,301.50,0.500,Mid (Meeting),4.80,31.58,290.80,3938.00,11499.37,423.62,,0,100,41.00,-210,4392048,-922330.08,4,fused
290592,000000290592.jpg,640x426,0,0.085542,0,1,TN,yolov8l_bsz4.ms,199.25,102.25,301.50,0.500,Mid (Meeting),4.80,31.58,290.80,3938.00,11499.37,423.62,,0,100,41.00,-210,4392048,-922330.08,4,fused
562448,000000562448.jpg,640x480,0,0.085245,1,0,FN,yolov8l_bsz4.ms,199.25,102.25,301.50,0.500,Mid (Meeting),4.80,31.58,290.80,3938.00,11499.37,423.62,,0,100,41.00,-210,4392048,-922330.08,4,fused
403353,000000403353.jpg,640x480,0,0.085123,0,1,TN,yolov8l_bsz4.ms,199.25,102.25,301.50,0.500,Mid (Meeting),4.80,31.58,290.80,3938.00,11499.37,423.62,,0,100,41.00,-210,4392048,-922330.08,4,fused
347335,000000347335.jpg,480x640,0,0.085055,0,1,TN,yolov8l_bsz4.ms,198.75,99.75,298.50,0.500,Mid (Meeting),4.10,17.25,362.35,3866.00,11499.37,351.05,,0,100,41.00,-329,4388216,-1443723.06,4,fused
492905,000000492905.jpg,500x343,0,0.084787,0,1,TN,yolov8l_bsz4.ms,198.75,99.75,298.50,0.500,Mid (Meeting),4.10,17.25,362.35,3866.00,11499.37,351.05,,0,100,41.00,-329,4388216,-1443723.06,4,fused
3845,000000003845.jpg,500x375,0,0.084769,0,1,TN,yolov8l_bsz4.ms,198.75,99.75,298.50,0.500,Mid (Meeting),4.10,17.25,362.35,3866.00,11499.37,351.05,,0,100,41.00,-329,4388216,-1443723.06,4,fused
165336,000000165336.jpg,640x480,0,0.084569,0,1,TN,yolov8l_bsz4.ms,198.75,99.75,298.50,0.500,Mid (Meeting),4.10,17.25,362.35,3866.00,11499.37,351.05,,0,100,41.00,-329,4388216,-1443723.06,4,fused
117914,000000117914.jpg,333x500,0,0.084462,0,1,TN,yolov8l_bsz4.ms,200.00,105.25,305.25,0.500,Mid (Meeting),3.97,17.25,362.10,3866.00,11499.37,350.18,,0,100,41.00,-194,4392336,-852113.18,4,fused
135872,000000135872.jpg,640x427,0,0.084329,0,1,TN,yolov8l_bsz4.ms,200.00,105.25,305.25,0.500,Mid (Meeting),3.97,17.25,362.10,3866.00,11499.37,350.18,,0,100,41.00,-194,4392336,-852113.18,4,fused
521231,000000521231.jpg,424x640,0,0.084220,0,1,TN,yolov8l_bsz4.ms,200.00,105.25,305.25,0.500,Mid (Meeting),3.97,17.25,362.10,3866.00,11499.37,350.18,,0,100,41.00,-194,4392336,-852113.18,4,fused
183965,000000183965.jpg,640x480,0,0.084128,0,1,TN,yolov8l_bsz4.ms,200.00,105.25,305.25,0.500,Mid (Meeting),3.97,17.25,362.10,3866.00,11499.37,350.18,,0,100,41.00,-194,4392336,-852113.18,4,fused
161820,000000161820.jpg,428x640,0,0.083829,0,1,TN,yolov8l_bsz4.ms,198.50,102.50,301.00,0.500,Mid (Meeting),3.94,17.35,338.72,3888.00,11499.37,371.33,,0,100,41.00,-180,4393085,-790755.30,4,fused
368456,000000368456.jpg,640x480,0,0.083434,0,1,TN,yolov8l_bsz4.ms,198.50,102.50,301.00,0.500,Mid (Meeting),3.94,17.35,338.72,3888.00,11499.37,371.33,,0,100,41.00,-180,4393085,-790755.30,4,fused
502910,000000502910.jpg,426x640,0,0.083289,0,1,TN,yolov8l_bsz4.ms,198.50,102.50,301.00,0.500,Mid (Meeting),3.94,17.35,338.72,3888.00,11499.37,371.33,,0,100,41.00,-180,4393085,-790755.30,4,fused
568710,000000568710.jpg,640x427,0,0.083227,1,0,FN,yolov8l_bsz4.ms,198.50,102.50,301.00,0.500,Mid (Meeting),3.94,17.35,338.72,3888.00,11499.37,371.33,,0,100,41.00,-180,4393085,-790755.30,4,fused
463283,000000463283.jpg,612x612,0,0.083033,0,1,TN,yolov8l_bsz4.ms,195.25,111.50,306.75,0.500,Mid (Meeting),3.91,17.35,284.23,3942.00,11499.37,424.48,,0,100,41.00,-191,4392585,-838983.73,4,fused
292005,000000292005.jpg,480x640,0,0.082881,0,1,TN,yolov8l_bsz4.ms,195.25,111.50,306.75,0.500,Mid (Meeting),3.91,17.35,284.23,3942.00,11499.37,424.48,,0,100,41.00,-191,4392585,-838983.73,4,fused
267946,000000267946.jpg,500x332,0,0.082850,0,1,TN,yolov8l_bsz4.ms,195.25,111.50,306.75,0.500,Mid (Meeting),3.91,17.35,284.23,3942.00,11499.37,424.48,,0,100,41.00,-191,4392585,-838983.73,4,fused
37740,000000037740.jpg,640x480,0,0.082575,0,1,TN,yolov8l_bsz4.ms,195.25,111.50,306.75,0.500,Mid (Meeting),3.91,17.35,284.23,3942.00,11499.37,424.48,,0,100,41.00,-191,4392585,-838983.73,4,fused
182202,000000182202.jpg,640x385,0,0.082555,0,1,TN,yolov8l_bsz4.ms,195.00,98.50,293.50,0.500,Mid (Meeting),3.82,16.36,361.75,3865.00,11499.37,346.79,,0,100,41.00,-89,4395503,-391199.77,4,fused
546325,000000546325.jpg,480x640,0,0.082468,0,1,TN,yolov8l_bsz4.ms,195.00,98.50,293.50,0.500,Mid (Meeting),3.82,16.36,361.75,3865.00,11499.37,346.79,,0,100,41.00,-89,4395503,-391199.77,4,fused
77396,000000077396.jpg,640x480,0,0.082451,0,1,TN,yolov8l_bsz4.ms,195.00,98.50,293.50,0.500,Mid (Meeting),3.82,16.36,361.75,3865.00,11499.37,346.79,,0,100,41.00,-89,4395503,-391199.77,4,fused
228144,000000228144.jpg,640x426,0,0.082339,0,1,TN,yolov8l_bsz4.ms,195.00,98.50,293.50,0.500,Mid (Meeting),3.82,16.36,361.75,3865.00,11499.37,346.79,,0,100,41.00,-89,4395503,-391199.77,4,fused
526256,000000526256.jpg,640x480,0,0.082312,0,1,TN,yolov8l_bsz4.ms,197.25,92.00,289.25,0.500,Mid (Meeting),3.79,16.36,361.69,3865.00,11499.37,345.85,,0,100,41.00,-182,4392952,-799517.26,4,fused
154358,000000154358.jpg,427x640,0,0.082278,1,0,FN,yolov8l_bsz4.ms,197.25,92.00,289.25,0.500,Mid (Meeting),3.79,16.36,361.69,3865.00,11499.37,345.85,,0,100,41.00,-182,4392952,-799517.26,4,fused
146489,000000146489.jpg,640x480,0,0.081924,0,1,TN,yolov8l_bsz4.ms,197.25,92.00,289.25,0.500,Mid (Meeting),3.79,16.36,361.69,3865.00,11499.37,345.85,,0,100,41.00,-182,4392952,-799517.26,4,fused
47121,000000047121.jpg,640x480,0,0.081751,0,1,TN,yolov8l_bsz4.ms,197.25,92.00,289.25,0.500,Mid (Meeting),3.79,16.36,361.69,3865.00,11499.37,345.85,,0,100,41.00,-182,4392952,-799517.26,4,fused
150726,000000150726.jpg,480x640,0,0.081658,0,1,TN,yolov8l_bsz4.ms,193.25,101.75,295.00,0.500,Mid (Meeting),7.07,16.67,340.41,3886.00,11499.37,365.75,,0,100,41.00,-124,4394659,-544937.72,4,fused
479448,000000479448.jpg,500x375,0,0.081213,0,1,TN,yolov8l_bsz4.ms,193.25,101.75,295.00,0.500,Mid (Meeting),7.07,16.67,340.41,3886.00,11499.37,365.75,,0,100,41.00,-124,4394659,-544937.72,4,fused
119452,000000119452.jpg,640x480,0,0.081032,0,1,TN,yolov8l_bsz4.ms,193.25,101.75,295.00,0.500,Mid (Meeting),7.07,16.67,340.41,3886.00,11499.37,365.75,,0,100,41.00,-124,4394659,-544937.72,4,fused
237984,000000237984.jpg,640x427,0,0.080846,0,1,TN,yolov8l_bsz4.ms,193.25,101.75,295.00,0.500,Mid (Meeting),7.07,16.67,340.41,3886.00,11499.37,365.75,,0,100,41.00,-124,4394659,-544937.72,4,fused
104666,000000104666.jpg,640x427,0,0.080584,0,1,TN,yolov8l_bsz4.ms,196.50,98.75,295.25,0.500,Mid (Meeting),4.69,16.67,283.77,3943.00,11499.37,421.49,,0,100,41.00,-125,4394569,-549321.13,4,fused
455219,000000455219.jpg,640x426,0,0.080453,1,0,FN,yolov8l_bsz4.ms,196.50,98.75,295.25,0.500,Mid (Meeting),4.69,16.67,283.77,3943.00,11499.37,421.49,,0,100,41.00,-125,4394569,-549321.13,4,fused
384850,000000384850.jpg,480x640,0,0.080170,0,1,TN,yolov8l_bsz4.ms,196.50,98.75,295.25,0.500,Mid (Meeting),4.69,16.67,283.77,3943.00,11499.37,421.49,,0,100,41.00,-125,4394569,-549321.13,4,fused
125850,000000125850.jpg,640x489,0,0.080038,0,1,TN,yolov8l_bsz4.ms,196.50,98.75,295.25,0.500,Mid (Meeting),4.69,16.67,283.77,3943.00,11499.37,421.49,,0,100,41.00,-125,4394569,-549321.13,4,fused
364587,000000364587.jpg,640x422,0,0.079965,0,1,TN,yolov8l_bsz4.ms,192.00,95.75,287.75,0.500,Mid (Meeting),4.15,14.01,362.59,3863.00,11499.37,341.81,,0,100,41.00,-133,4394475,-584465.18,4,fused
490171,000000490171.jpg,640x427,0,0.079407,1,0,FN,yolov8l_bsz4.ms,192.00,95.75,287.75,0.500,Mid (Meeting),4.15,14.01,362.59,3863.00,11499.37,341.81,,0,100,41.00,-133,4394475,-584465.18,4,fused
364166,000000364166.jpg,500x375,0,0.079092,0,1,TN,yolov8l_bsz4.ms,192.00,95.75,287.75,0.500,Mid (Meeting),4.15,14.01,362.59,3863.00,11499.37,341.81,,0,100,41.00,-133,4394475,-584465.18,4,fused
77595,000000077595.jpg,640x425,0,0.078778,0,1,TN,yolov8l_bsz4.ms,192.00,95.75,287.75,0.500,Mid (Meeting),4.15,14.01,362.59,3863.00,11499.37,341.81,,0,100,41.00,-133,4394475,-584465.18,4,fused
263860,000000263860.jpg,640x426,0,0.078750,0,1,TN,yolov8l_bsz4.ms,200.00,90.50,290.50,0.500,Mid (Meeting),4.03,14.01,361.02,3865.00,11499.37,342.56,,0,100,41.00,-259,4390292,-1137085.63,4,fused
556498,000000556498.jpg,640x480,0,0.078648,0,1,TN,yolov8l_bsz4.ms,200.00,90.50,290.50,0.500,Mid (Meeting),4.03,14.01,361.02,3865.00,11499.37,342.56,,0,100,41.00,-259,4390292,-1137085.63,4,fused
206831,000000206831.jpg,640x427,0,0.078578,0,1,TN,yolov8l_bsz4.ms,200.00,90.50,290.50,0.500,Mid (Meeting),4.03,14.01,361.02,3865.00,11499.37,342.56,,0,100,41.00,-259,4390292,-1137085.63,4,fused
69106,000000069106.jpg,500x334,0,0.078428,0,1,TN,yolov8l_bsz4.ms,200.00,90.50,290.50,0.500,Mid (Meeting),4.03,14.01,361.02,3865.00,11499.37,342.56,,0,100,41.00,-259,4390292,-1137085.63,4,fused
68078,000000068078.jpg,360x640,0,0.078214,0,1,TN,yolov8l_bsz4.ms,195.50,101.50,297.00,0.500,Mid (Meeting),3.95,16.08,341.81,3883.00,11499.37,360.11,,0,100,41.00,-183,4392814,-803884.96,4,fused
164637,000000164637.jpg,480x640,0,0.078160,0,1,TN,yolov8l_bsz4.ms,195.50,101.50,297.00,0.500,Mid (Meeting),3.95,16.08,341.81,3883.00,11499.37,360.11,,0,100,41.00,-183,4392814,-803884.96,4,fused
269113,000000269113.jpg,640x457,0,0.077743,0,1,TN,yolov8l_bsz4.ms,195.50,101.50,297.00,0.500,Mid (Meeting),3.95,16.08,341.81,3883.00,11499.37,360.11,,0,100,41.00,-183,4392814,-803884.96,4,fused
112378,000000112378.jpg,640x480,0,0.077715,0,1,TN,yolov8l_bsz4.ms,195.50,101.50,297.00,0.500,Mid (Meeting),3.95,16.08,341.81,3883.00,11499.37,360.11,,0,100,41.00,-183,4392814,-803884.96,4,fused
340272,000000340272.jpg,640x360,0,0.077599,0,1,TN,yolov8l_bsz4.ms,189.75,99.50,289.25,0.500,Mid (Meeting),3.94,16.08,284.83,3940.00,11499.37,416.01,,0,100,41.00,-158,4393528,-694177.42,4,fused
147205,000000147205.jpg,640x437,0,0.077411,0,1,TN,yolov8l_bsz4.ms,189.75,99.50,289.25,0.500,Mid (Meeting),3.94,16.08,284.83,3940.00,11499.37,416.01,,0,100,41.00,-158,4393528,-694177.42,4,fused
29675,000000029675.jpg,478x640,0,0.077342,0,1,TN,yolov8l_bsz4.ms,189.75,99.50,289.25,0.500,Mid (Meeting),3.94,16.08,284.83,3940.00,11499.37,416.01,,0,100,41.00,-158,4393528,-694177.42,4,fused
138492,000000138492.jpg,427x640,0,0.077316,0,1,TN,yolov8l_bsz4.ms,189.75,99.50,289.25,0.500,Mid (Meeting),3.94,16.08,284.83,3940.00,11499.37,416.01,,0,100,41.00,-158,4393528,-694177.42,4,fused
109798,000000109798.jpg,500x333,0,0.077062,0,1,TN,yolov8l_bsz4.ms,195.25,105.00,300.25,0.500,Mid (Meeting),3.83,17.03,363.66,3831.00,11499.37,305.80,,0,100,41.00,-161,4393460,-707347.06,4,fused
446117,000000446117.jpg,640x426,0,0.077055,0,1,TN,yolov8l_bsz4.ms,195.25,105.00,300.25,0.500,Mid (Meeting),3.83,17.03,363.66,3831.00,11499.37,305.80,,0,100,41.00,-161,4393460,-707347.06,4,fused
572678,000000572678.jpg,640x425,0,0.076468,0,1,TN,yolov8l_bsz4.ms,195.25,105.00,300.25,0.500,Mid (Meeting),3.83,17.03,363.66,3831.00,11499.37,305.80,,0,100,41.00,-161,4393460,-707347.06,4,fused
363461,000000363461.jpg,640x478,0,0.076379,0,1,TN,yolov8l_bsz4.ms,195.25,105.00,300.25,0.500,Mid (Meeting),3.83,17.03,363.66,3831.00,11499.37,305.80,,0,100,41.00,-161,4393460,-707347.06,4,fused
516804,000000516804.jpg,480x640,0,0.076014,0,1,TN,yolov8l_bsz4.ms,196.00,100.50,296.50,0.500,Mid (Meeting),3.82,17.03,359.79,3837.00,11499.37,310.56,,0,100,41.00,-141,4393923,-619543.14,4,fused
79229,000000079229.jpg,640x426,0,0.075736,1,0,FN,yolov8l_bsz4.ms,196.00,100.50,296.50,0.500,Mid (Meeting),3.82,17.03,359.79,3837.00,11499.37,310.56,,0,100,41.00,-141,4393923,-619543.14,4,fused
504711,000000504711.jpg,640x483,0,0.075177,0,1,TN,yolov8l_bsz4.ms,196.00,100.50,296.50,0.500,Mid (Meeting),3.82,17.03,359.79,3837.00,11499.37,310.56,,0,100,41.00,-141,4393923,-619543.14,4,fused
191580,000000191580.jpg,478x640,0,0.074939,0,1,TN,yolov8l_bsz4.ms,196.00,100.50,296.50,0.500,Mid (Meeting),3.82,17.03,359.79,3837.00,11499.37,310.56,,0,100,41.00,-141,4393923,-619543.14,4,fused
356968,000000356968.jpg,640x480,0,0.074762,0,1,TN,yolov8l_bsz4.ms,197.75,95.75,293.50,0.500,Mid (Meeting),8.35,18.12,340.32,3881.00,11499.37,352.59,,0,100,41.00,-157,4393625,-689799.13,4,fused
464476,000000464476.jpg,500x375,0,0.074222,1,0,FN,yolov8l_bsz4.ms,197.75,95.75,293.50,0.500,Mid (Meeting),8.35,18.12,340.32,3881.00,11499.37,352.59,,0,100,41.00,-157,4393625,-689799.13,4,fused
462629,000000462629.jpg,640x426,0,0.074107,0,1,TN,yolov8l_bsz4.ms,197.75,95.75,293.50,0.500,Mid (Meeting),8.35,18.12,340.32,3881.00,11499.37,352.59,,0,100,41.00,-157,4393625,-689799.13,4,fused
179214,000000179214.jpg,428x640,0,0.074087,0,1,TN,yolov8l_bsz4.ms,197.75,95.75,293.50,0.500,Mid (Meeting),8.35,18.12,340.32,3881.00,11499.37,352.59,,0,100,41.00,-157,4393625,-689799.13,4,fused
357430,000000357430.jpg,640x427,0,0.074017,0,1,TN,yolov8l_bsz4.ms,194.25,102.00,296.25,0.500,Mid (Meeting),4.64,18.12,285.09,3935.00,11499.37,406.51,,0,100,41.00,-273,4389898,-1198442.15,4,fused
196009,000000196009.jpg,640x480,0,0.073973,0,1,TN,yolov8l_bsz4.ms,194.25,102.00,296.25,0.500,Mid (Meeting),4.64,18.12,285.09,3935.00,11499.37,406.51,,0,100,41.00,-273,4389898,-1198442.15,4,fused
194506,000000194506.jpg,640x498,0,0.073592,0,1,TN,yolov8l_bsz4.ms,194.25,102.00,296.25,0.500,Mid (Meeting),4.64,18.12,285.09,3935.00,11499.37,406.51,,0,100,41.00,-273,4389898,-1198442.15,4,fused
435003,000000435003.jpg,640x427,0,0.073506,0,1,TN,yolov8l_bsz4.ms,194.25,102.00,296.25,0.500,Mid (Meeting),4.64,18.12,285.09,3935.00,11499.37,406.51,,0,100,41.00,-273,4389898,-1198442.15,4,fused
367386,000000367386.jpg,640x480,0,0.072585,0,1,TN,yolov8l_bsz4.ms,194.25,102.25,296.50,0.500,Mid (Meeting),4.22,17.13,362.08,3858.00,11499.37,328.79,,0,100,41.00,-218,4391424,-957330.43,4,fused
579091,000000579091.jpg,640x425,0,0.072298,0,1,TN,yolov8l_bsz4.ms,194.25,102.25,296.50,0.500,Mid (Meeting),4.22,17.13,362.08,3858.00,11499.37,328.79,,0,100,41.00,-218,4391424,-957330.43,4,fused
78266,000000078266.jpg,640x428,0,0.072186,0,1,TN,yolov8l_bsz4.ms,194.25,102.25,296.50,0.500,Mid (Meeting),4.22,17.13,362.08,3858.00,11499.37,328.79,,0,100,41.00,-218,4391424,-957330.43,4,fused
547816,000000547816.jpg,427x640,0,0.072013,0,1,TN,yolov8l_bsz4.ms,194.25,102.25,296.50,0.500,Mid (Meeting),4.22,17.13,362.08,3858.00,11499.37,328.79,,0,100,41.00,-218,4391424,-957330.43,4,fused
79408,000000079408.jpg,640x427,0,0.071977,0,1,TN,yolov8l_bsz4.ms,196.75,100.25,297.00,0.500,Mid (Meeting),4.02,17.13,361.93,3859.00,11499.37,328.90,,0,100,41.00,-243,4390706,-1066941.56,4,fused
22623,000000022623.jpg,640x480,0,0.071361,0,1,TN,yolov8l_bsz4.ms,196.75,100.25,297.00,0.500,Mid (Meeting),4.02,17.13,361.93,3859.00,11499.37,328.90,,0,100,41.00,-243,4390706,-1066941.56,4,fused
226171,000000226171.jpg,640x480,0,0.071013,0,1,TN,yolov8l_bsz4.ms,196.75,100.25,297.00,0.500,Mid (Meeting),4.02,17.13,361.93,3859.00,11499.37,328.90,,0,100,41.00,-243,4390706,-1066941.56,4,fused
195918,000000195918.jpg,640x428,0,0.070834,0,1,TN,yolov8l_bsz4.ms,196.75,100.25,297.00,0.500,Mid (Meeting),4.02,17.13,361.93,3859.00,11499.37,328.90,,0,100,41.00,-243,4390706,-1066941.56,4,fused
14038,000000014038.jpg,640x427,0,0.070789,0,1,TN,yolov8l_bsz4.ms,187.00,107.25,294.25,0.500,Mid (Meeting),3.97,17.07,338.52,3882.00,11499.37,350.60,,0,100,41.00,-251,4390421,-1101995.67,4,fused
344621,000000344621.jpg,500x333,0,0.070616,0,1,TN,yolov8l_bsz4.ms,187.00,107.25,294.25,0.500,Mid (Meeting),3.97,17.07,338.52,3882.00,11499.37,350.60,,0,100,41.00,-251,4390421,-1101995.67,4,fused
223130,000000223130.jpg,425x640,0,0.070599,0,1,TN,yolov8l_bsz4.ms,187.00,107.25,294.25,0.500,Mid (Meeting),3.97,17.07,338.52,3882.00,11499.37,350.60,,0,100,41.00,-251,4390421,-1101995.67,4,fused
386210,000000386210.jpg,478x640,0,0.069802,0,1,TN,yolov8l_bsz4.ms,187.00,107.25,294.25,0.500,Mid (Meeting),3.97,17.07,338.52,3882.00,11499.37,350.60,,0,100,41.00,-251,4390421,-1101995.67,4,fused
187745,000000187745.jpg,640x480,0,0.069673,0,1,TN,yolov8l_bsz4.ms,193.75,100.25,294.00,0.500,Mid (Meeting),3.95,17.07,284.83,3936.00,11499.37,403.69,,0,100,41.00,-215,4391559,-944185.19,4,fused
85478,000000085478.jpg,640x403,0,0.069589,0,1,TN,yolov8l_bsz4.ms,193.75,100.25,294.00,0.500,Mid (Meeting),3.95,17.07,284.83,3936.00,11499.37,403.69,,0,100,41.00,-215,4391559,-944185.19,4,fused
358427,000000358427.jpg,640x427,0,0.069543,0,1,TN,yolov8l_bsz4.ms,193.75,100.25,294.00,0.500,Mid (Meeting),3.95,17.07,284.83,3936.00,11499.37,403.69,,0,100,41.00,-215,4391559,-944185.19,4,fused
386277,000000386277.jpg,640x428,0,0.069071,0,1,TN,yolov8l_bsz4.ms,193.75,100.25,294.00,0.500,Mid (Meeting),3.95,17.07,284.83,3936.00,11499.37,403.69,,0,100,41.00,-215,4391559,-944185.19,4,fused
133631,000000133631.jpg,425x640,0,0.068775,0,1,TN,yolov8l_bsz4.ms,201.00,104.00,305.00,0.500,Mid (Meeting),3.87,17.11,361.40,3858.00,11499.37,326.48,,0,100,41.00,-216,4391475,-948558.60,4,fused
402096,000000402096.jpg,480x640,0,0.068532,0,1,TN,yolov8l_bsz4.ms,201.00,104.00,305.00,0.500,Mid (Meeting),3.87,17.11,361.40,3858.00,11499.37,326.48,,0,100,41.00,-216,4391475,-948558.60,4,fused
453860,000000453860.jpg,640x428,0,0.068269,0,1,TN,yolov8l_bsz4.ms,201.00,104.00,305.00,0.500,Mid (Meeting),3.87,17.11,361.40,3858.00,11499.37,326.48,,0,100,41.00,-216,4391475,-948558.60,4,fused
106881,000000106881.jpg,640x533,0,0.068256,0,1,TN,yolov8l_bsz4.ms,201.00,104.00,305.00,0.500,Mid (Meeting),3.87,17.11,361.40,3858.00,11499.37,326.48,,0,100,41.00,-216,4391475,-948558.60,4,fused
45596,000000045596.jpg,408x640,0,0.068019,1,0,FN,yolov8l_bsz4.ms,200.00,100.50,300.50,0.500,Mid (Meeting),3.84,17.11,359.52,3859.00,11499.37,325.48,,0,100,41.00,-174,4392756,-764339.54,4,fused
491613,000000491613.jpg,480x640,0,0.068011,0,1,TN,yolov8l_bsz4.ms,200.00,100.50,300.50,0.500,Mid (Meeting),3.84,17.11,359.52,3859.00,11499.37,325.48,,0,100,41.00,-174,4392756,-764339.54,4,fused
105014,000000105014.jpg,427x640,0,0.067921,0,1,TN,yolov8l_bsz4.ms,200.00,100.50,300.50,0.500,Mid (Meeting),3.84,17.11,359.52,3859.00,11499.37,325.48,,0,100,41.00,-174,4392756,-764339.54,4,fused
66926,000000066926.jpg,640x480,0,0.067832,0,1,TN,yolov8l_bsz4.ms,200.00,100.50,300.50,0.500,Mid (Meeting),3.84,17.11,359.52,3859.00,11499.37,325.48,,0,100,41.00,-174,4392756,-764339.54,4,fused
417608,000000417608.jpg,640x426,0,0.067653,0,1,TN,yolov8l_bsz4.ms,192.00,96.25,288.25,0.500,Mid (Meeting),8.36,17.66,341.65,3878.00,11499.37,342.31,,0,100,41.00,-270,4389882,-1185268.14,4,fused
365098,000000365098.jpg,640x427,0,0.067352,0,1,TN,yolov8l_bsz4.ms,192.00,96.25,288.25,0.500,Mid (Meeting),8.36,17.66,341.65,3878.00,11499.37,342.31,,0,100,41.00,-270,4389882,-1185268.14,4,fused
24610,000000024610.jpg,640x480,0,0.067235,0,1,TN,yolov8l_bsz4.ms,192.00,96.25,288.25,0.500,Mid (Meeting),8.36,17.66,341.65,3878.00,11499.37,342.31,,0,100,41.00,-270,4389882,-1185268.14,4,fused
255165,000000255165.jpg,640x480,0,0.067164,0,1,TN,yolov8l_bsz4.ms,192.00,96.25,288.25,0.500,Mid (Meeting),8.36,17.66,341.65,3878.00,11499.37,342.31,,0,100,41.00,-270,4389882,-1185268.14,4,fused
266206,000000266206.jpg,427x640,0,0.067075,0,1,TN,yolov8l_bsz4.ms,191.50,106.00,297.50,0.500,Mid (Meeting),4.84,17.66,285.73,3934.00,11499.37,397.41,,0,100,41.00,-280,4389601,-1229088.28,4,fused
129054,000000129054.jpg,500x375,0,0.066991,0,1,TN,yolov8l_bsz4.ms,191.50,106.00,297.50,0.500,Mid (Meeting),4.84,17.66,285.73,3934.00,11499.37,397.41,,0,100,41.00,-280,4389601,-1229088.28,4,fused
366199,000000366199.jpg,640x427,0,0.066562,0,1,TN,yolov8l_bsz4.ms,191.50,106.00,297.50,0.500,Mid (Meeting),4.84,17.66,285.73,3934.00,11499.37,397.41,,0,100,41.00,-280,4389601,-1229088.28,4,fused
58029,000000058029.jpg,640x478,0,0.066558,0,1,TN,yolov8l_bsz4.ms,191.50,106.00,297.50,0.500,Mid (Meeting),4.84,17.66,285.73,3934.00,11499.37,397.41,,0,100,41.00,-280,4389601,-1229088.28,4,fused
315219,000000315219.jpg,333x500,0,0.066341,0,1,TN,yolov8l_bsz4.ms,198.25,105.75,304.00,0.500,Mid (Meeting),4.18,17.06,362.33,3857.00,11499.37,319.81,,0,100,41.00,-192,4392109,-843284.93,4,fused
383386,000000383386.jpg,640x480,0,0.066317,0,1,TN,yolov8l_bsz4.ms,198.25,105.75,304.00,0.500,Mid (Meeting),4.18,17.06,362.33,3857.00,11499.37,319.81,,0,100,41.00,-192,4392109,-843284.93,4,fused
540280,000000540280.jpg,427x640,0,0.066284,0,1,TN,yolov8l_bsz4.ms,198.25,105.75,304.00,0.500,Mid (Meeting),4.18,17.06,362.33,3857.00,11499.37,319.81,,0,100,41.00,-192,4392109,-843284.93,4,fused
97230,000000097230.jpg,640x480,0,0.065992,0,1,TN,yolov8l_bsz4.ms,198.25,105.75,304.00,0.500,Mid (Meeting),4.18,17.06,362.33,3857.00,11499.37,319.81,,0,100,41.00,-192,4392109,-843284.93,4,fused
188906,000000188906.jpg,500x364,0,0.065920,0,1,TN,yolov8l_bsz4.ms,192.25,119.75,312.00,0.500,Mid (Meeting),4.06,17.06,360.59,3858.00,11499.37,320.68,,0,100,41.00,-180,4392666,-790679.88,4,fused
335800,000000335800.jpg,640x427,0,0.065866,0,1,TN,yolov8l_bsz4.ms,192.25,119.75,312.00,0.500,Mid (Meeting),4.06,17.06,360.59,3858.00,11499.37,320.68,,0,100,41.00,-180,4392666,-790679.88,4,fused
265518,000000265518.jpg,612x612,0,0.065846,0,1,TN,yolov8l_bsz4.ms,192.25,119.75,312.00,0.500,Mid (Meeting),4.06,17.06,360.59,3858.00,11499.37,320.68,,0,100,41.00,-180,4392666,-790679.88,4,fused
494427,000000494427.jpg,480x640,0,0.065565,0,1,TN,yolov8l_bsz4.ms,192.25,119.75,312.00,0.500,Mid (Meeting),4.06,17.06,360.59,3858.00,11499.37,320.68,,0,100,41.00,-180,4392666,-790679.88,4,fused
467776,000000467776.jpg,640x427,0,0.065457,0,1,TN,yolov8l_bsz4.ms,194.25,98.50,292.75,0.500,Mid (Meeting),4.04,17.64,341.55,3876.00,11499.37,337.36,,0,100,41.00,-202,4392051,-887194.30,4,fused
376442,000000376442.jpg,480x640,0,0.065286,0,1,TN,yolov8l_bsz4.ms,194.25,98.50,292.75,0.500,Mid (Meeting),4.04,17.64,341.55,3876.00,11499.37,337.36,,0,100,41.00,-202,4392051,-887194.30,4,fused
561889,000000561889.jpg,640x480,0,0.065065,0,1,TN,yolov8l_bsz4.ms,194.25,98.50,292.75,0.500,Mid (Meeting),4.04,17.64,341.55,3876.00,11499.37,337.36,,0,100,41.00,-202,4392051,-887194.30,4,fused
368940,000000368940.jpg,640x480,0,0.065042,0,1,TN,yolov8l_bsz4.ms,194.25,98.50,292.75,0.500,Mid (Meeting),4.04,17.64,341.55,3876.00,11499.37,337.36,,0,100,41.00,-202,4392051,-887194.30,4,fused
213422,000000213422.jpg,640x428,0,0.064953,0,1,TN,yolov8l_bsz4.ms,196.00,105.50,301.50,0.500,Mid (Meeting),3.98,17.64,286.68,3931.00,11499.37,391.35,,0,100,41.00,-221,4391576,-970538.30,4,fused
56545,000000056545.jpg,505x640,0,0.064447,0,1,TN,yolov8l_bsz4.ms,196.00,105.50,301.50,0.500,Mid (Meeting),3.98,17.64,286.68,3931.00,11499.37,391.35,,0,100,41.00,-221,4391576,-970538.30,4,fused
486479,000000486479.jpg,500x375,0,0.064340,0,1,TN,yolov8l_bsz4.ms,196.00,105.50,301.50,0.500,Mid (Meeting),3.98,17.64,286.68,3931.00,11499.37,391.35,,0,100,41.00,-221,4391576,-970538.30,4,fused
514540,000000514540.jpg,429x640,0,0.064286,0,1,TN,yolov8l_bsz4.ms,196.00,105.50,301.50,0.500,Mid (Meeting),3.98,17.64,286.68,3931.00,11499.37,391.35,,0,100,41.00,-221,4391576,-970538.30,4,fused
262682,000000262682.jpg,427x640,0,0.064249,0,1,TN,yolov8l_bsz4.ms,190.50,104.25,294.75,0.500,Mid (Meeting),3.91,16.89,363.07,3854.00,11499.37,314.16,,0,100,41.00,-129,4394371,-566873.86,4,fused
244181,000000244181.jpg,640x480,0,0.064241,0,1,TN,yolov8l_bsz4.ms,190.50,104.25,294.75,0.500,Mid (Meeting),3.91,16.89,363.07,3854.00,11499.37,314.16,,0,100,41.00,-129,4394371,-566873.86,4,fused
546826,000000546826.jpg,640x480,0,0.064133,0,1,TN,yolov8l_bsz4.ms,190.50,104.25,294.75,0.500,Mid (Meeting),3.91,16.89,363.07,3854.00,11499.37,314.16,,0,100,41.00,-129,4394371,-566873.86,4,fused
212895,000000212895.jpg,480x640,0,0.063983,0,1,TN,yolov8l_bsz4.ms,190.50,104.25,294.75,0.500,Mid (Meeting),3.91,16.89,363.07,3854.00,11499.37,314.16,,0,100,41.00,-129,4394371,-566873.86,4,fused
23666,000000023666.jpg,480x640,0,0.063839,0,1,TN,yolov8l_bsz4.ms,196.75,94.25,291.00,0.500,Mid (Meeting),3.86,16.89,359.18,3858.00,11499.37,317.13,,0,100,41.00,-180,4392793,-790702.74,4,fused
343076,000000343076.jpg,480x640,0,0.063767,0,1,TN,yolov8l_bsz4.ms,196.75,94.25,291.00,0.500,Mid (Meeting),3.86,16.89,359.18,3858.00,11499.37,317.13,,0,100,41.00,-180,4392793,-790702.74,4,fused
439290,000000439290.jpg,640x427,0,0.063729,0,1,TN,yolov8l_bsz4.ms,196.75,94.25,291.00,0.500,Mid (Meeting),3.86,16.89,359.18,3858.00,11499.37,317.13,,0,100,41.00,-180,4392793,-790702.74,4,fused
155051,000000155051.jpg,640x480,0,0.063548,0,1,TN,yolov8l_bsz4.ms,196.75,94.25,291.00,0.500,Mid (Meeting),3.86,16.89,359.18,3858.00,11499.37,317.13,,0,100,41.00,-180,4392793,-790702.74,4,fused
245764,000000245764.jpg,640x480,0,0.063007,0,1,TN,yolov8l_bsz4.ms,201.00,108.25,309.25,0.500,Mid (Meeting),8.14,16.43,341.16,3876.00,11499.37,333.16,,0,100,41.00,-142,4393816,-623921.87,4,fused
8629,000000008629.jpg,640x640,0,0.062458,0,1,TN,yolov8l_bsz4.ms,201.00,108.25,309.25,0.500,Mid (Meeting),8.14,16.43,341.16,3876.00,11499.37,333.16,,0,100,41.00,-142,4393816,-623921.87,4,fused
480842,000000480842.jpg,640x590,0,0.062388,0,1,TN,yolov8l_bsz4.ms,201.00,108.25,309.25,0.500,Mid (Meeting),8.14,16.43,341.16,3876.00,11499.37,333.16,,0,100,41.00,-142,4393816,-623921.87,4,fused
472030,000000472030.jpg,640x480,0,0.062221,0,1,TN,yolov8l_bsz4.ms,201.00,108.25,309.25,0.500,Mid (Meeting),8.14,16.43,341.16,3876.00,11499.37,333.16,,0,100,41.00,-142,4393816,-623921.87,4,fused
509824,000000509824.jpg,640x640,0,0.062042,0,1,TN,yolov8l_bsz4.ms,199.25,109.25,308.50,0.500,Mid (Meeting),4.82,16.43,289.57,3927.00,11499.37,383.80,,0,100,41.00,-230,4390828,-1009890.44,4,fused
29397,000000029397.jpg,640x449,0,0.061813,1,0,FN,yolov8l_bsz4.ms,199.25,109.25,308.50,0.500,Mid (Meeting),4.82,16.43,289.57,3927.00,11499.37,383.80,,0,100,41.00,-230,4390828,-1009890.44,4,fused
391144,000000391144.jpg,640x427,0,0.061412,0,1,TN,yolov8l_bsz4.ms,199.25,109.25,308.50,0.500,Mid (Meeting),4.82,16.43,289.57,3927.00,11499.37,383.80,,0,100,41.00,-230,4390828,-1009890.44,4,fused
308466,000000308466.jpg,640x480,0,0.061352,0,1,TN,yolov8l_bsz4.ms,199.25,109.25,308.50,0.500,Mid (Meeting),4.82,16.43,289.57,3927.00,11499.37,383.80,,0,100,41.00,-230,4390828,-1009890.44,4,fused
471869,000000471869.jpg,413x500,0,0.061283,0,1,TN,yolov8l_bsz4.ms,192.25,108.50,300.75,0.500,Mid (Meeting),4.17,16.47,362.56,3853.00,11499.37,310.02,,0,100,41.00,-239,4390824,-1049406.94,4,fused
216419,000000216419.jpg,640x467,0,0.060438,0,1,TN,yolov8l_bsz4.ms,192.25,108.50,300.75,0.500,Mid (Meeting),4.17,16.47,362.56,3853.00,11499.37,310.02,,0,100,41.00,-239,4390824,-1049406.94,4,fused
216497,000000216497.jpg,640x480,0,0.059637,0,1,TN,yolov8l_bsz4.ms,192.25,108.50,300.75,0.500,Mid (Meeting),4.17,16.47,362.56,3853.00,11499.37,310.02,,0,100,41.00,-239,4390824,-1049406.94,4,fused
580410,000000580410.jpg,427x640,0,0.059305,0,1,TN,yolov8l_bsz4.ms,192.25,108.50,300.75,0.500,Mid (Meeting),4.17,16.47,362.56,3853.00,11499.37,310.02,,0,100,41.00,-239,4390824,-1049406.94,4,fused
433192,000000433192.jpg,500x375,0,0.059204,0,1,TN,yolov8l_bsz4.ms,193.25,103.50,296.75,0.500,Mid (Meeting),4.11,16.47,358.77,3858.00,11499.37,312.88,,0,100,41.00,-243,4390718,-1066944.47,4,fused
240940,000000240940.jpg,357x500,0,0.059125,0,1,TN,yolov8l_bsz4.ms,193.25,103.50,296.75,0.500,Mid (Meeting),4.11,16.47,358.77,3858.00,11499.37,312.88,,0,100,41.00,-243,4390718,-1066944.47,4,fused
460347,000000460347.jpg,427x640,0,0.058621,1,0,FN,yolov8l_bsz4.ms,193.25,103.50,296.75,0.500,Mid (Meeting),4.11,16.47,358.77,3858.00,11499.37,312.88,,0,100,41.00,-243,4390718,-1066944.47,4,fused
485972,000000485972.jpg,426x640,0,0.058521,0,1,TN,yolov8l_bsz4.ms,193.25,103.50,296.75,0.500,Mid (Meeting),4.11,16.47,358.77,3858.00,11499.37,312.88,,0,100,41.00,-243,4390718,-1066944.47,4,fused
416170,000000416170.jpg,424x640,0,0.057258,0,1,TN,yolov8l_bsz4.ms,191.50,113.25,304.75,0.500,Mid (Meeting),4.05,16.78,341.76,3875.00,11499.37,328.14,,0,100,41.00,-178,4392593,-781881.55,4,fused
90155,000000090155.jpg,640x427,0,0.056423,0,1,TN,yolov8l_bsz4.ms,191.50,113.25,304.75,0.500,Mid (Meeting),4.05,16.78,341.76,3875.00,11499.37,328.14,,0,100,41.00,-178,4392593,-781881.55,4,fused
335658,000000335658.jpg,640x480,0,0.056350,0,1,TN,yolov8l_bsz4.ms,191.50,113.25,304.75,0.500,Mid (Meeting),4.05,16.78,341.76,3875.00,11499.37,328.14,,0,100,41.00,-178,4392593,-781881.55,4,fused
296634,000000296634.jpg,640x453,0,0.056127,0,1,TN,yolov8l_bsz4.ms,191.50,113.25,304.75,0.500,Mid (Meeting),4.05,16.78,341.76,3875.00,11499.37,328.14,,0,100,41.00,-178,4392593,-781881.55,4,fused
370900,000000370900.jpg,640x478,0,0.056027,0,1,TN,yolov8l_bsz4.ms,193.75,89.00,282.75,0.500,Mid (Meeting),4.01,16.78,286.01,3930.00,11499.37,382.71,,0,100,41.00,-309,4388612,-1356081.11,4,fused
349302,000000349302.jpg,640x427,0,0.055993,0,1,TN,yolov8l_bsz4.ms,193.75,89.00,282.75,0.500,Mid (Meeting),4.01,16.78,286.01,3930.00,11499.37,382.71,,0,100,41.00,-309,4388612,-1356081.11,4,fused
97022,000000097022.jpg,640x428,0,0.055529,0,1,TN,yolov8l_bsz4.ms,193.75,89.00,282.75,0.500,Mid (Meeting),4.01,16.78,286.01,3930.00,11499.37,382.71,,0,100,41.00,-309,4388612,-1356081.11,4,fused
365766,000000365766.jpg,640x480,0,0.055432,0,1,TN,yolov8l_bsz4.ms,193.75,89.00,282.75,0.500,Mid (Meeting),4.01,16.78,286.01,3930.00,11499.37,382.71,,0,100,41.00,-309,4388612,-1356081.11,4,fused
304560,000000304560.jpg,640x425,0,0.055304,0,1,TN,yolov8l_bsz4.ms,195.00,95.00,290.00,0.500,Mid (Meeting),3.88,16.78,361.10,3855.00,11499.37,306.87,,0,100,41.00,-269,4389721,-1180834.95,4,fused
37777,000000037777.jpg,352x230,0,0.055283,0,1,TN,yolov8l_bsz4.ms,195.00,95.00,290.00,0.500,Mid (Meeting),3.88,16.78,361.10,3855.00,11499.37,306.87,,0,100,41.00,-269,4389721,-1180834.95,4,fused
380203,000000380203.jpg,429x640,0,0.054862,0,1,TN,yolov8l_bsz4.ms,195.00,95.00,290.00,0.500,Mid (Meeting),3.88,16.78,361.10,3855.00,11499.37,306.87,,0,100,41.00,-269,4389721,-1180834.95,4,fused
7784,000000007784.jpg,500x375,0,0.054800,0,1,TN,yolov8l_bsz4.ms,195.00,95.00,290.00,0.500,Mid (Meeting),3.88,16.78,361.10,3855.00,11499.37,306.87,,0,100,41.00,-269,4389721,-1180834.95,4,fused
223090,000000223090.jpg,640x480,0,0.054442,0,1,TN,yolov8l_bsz4.ms,201.00,110.25,311.25,0.500,Mid (Meeting),3.85,16.78,360.79,3855.00,11499.37,306.10,,0,100,41.00,-316,4388407,-1386736.61,4,fused
33707,000000033707.jpg,612x612,0,0.054121,0,1,TN,yolov8l_bsz4.ms,201.00,110.25,311.25,0.500,Mid (Meeting),3.85,16.78,360.79,3855.00,11499.37,306.10,,0,100,41.00,-316,4388407,-1386736.61,4,fused
560371,000000560371.jpg,640x427,0,0.053707,0,1,TN,yolov8l_bsz4.ms,201.00,110.25,311.25,0.500,Mid (Meeting),3.85,16.78,360.79,3855.00,11499.37,306.10,,0,100,41.00,-316,4388407,-1386736.61,4,fused
283113,000000283113.jpg,480x640,0,0.053271,0,1,TN,yolov8l_bsz4.ms,201.00,110.25,311.25,0.500,Mid (Meeting),3.85,16.78,360.79,3855.00,11499.37,306.10,,0,100,41.00,-316,4388407,-1386736.61,4,fused
235064,000000235064.jpg,640x480,0,0.052955,0,1,TN,yolov8l_bsz4.ms,199.25,92.25,291.50,0.500,Mid (Meeting),8.31,16.87,341.26,3874.00,11499.37,323.64,,0,100,41.00,-275,4389621,-1207145.77,4,fused
350833,000000350833.jpg,640x480,0,0.052780,0,1,TN,yolov8l_bsz4.ms,199.25,92.25,291.50,0.500,Mid (Meeting),8.31,16.87,341.26,3874.00,11499.37,323.64,,0,100,41.00,-275,4389621,-1207145.77,4,fused
283070,000000283070.jpg,640x428,0,0.052728,0,1,TN,yolov8l_bsz4.ms,199.25,92.25,291.50,0.500,Mid (Meeting),8.31,16.87,341.26,3874.00,11499.37,323.64,,0,100,41.00,-275,4389621,-1207145.77,4,fused
407524,000000407524.jpg,640x480,0,0.052584,0,1,TN,yolov8l_bsz4.ms,199.25,92.25,291.50,0.500,Mid (Meeting),8.31,16.87,341.26,3874.00,11499.37,323.64,,0,100,41.00,-275,4389621,-1207145.77,4,fused
424721,000000424721.jpg,500x375,0,0.052487,0,1,TN,yolov8l_bsz4.ms,191.50,114.25,305.75,0.500,Mid (Meeting),4.76,16.87,289.57,3925.00,11499.37,373.98,,0,100,41.00,-175,4392830,-768745.25,4,fused
346905,000000346905.jpg,640x426,0,0.051930,0,1,TN,yolov8l_bsz4.ms,191.50,114.25,305.75,0.500,Mid (Meeting),4.76,16.87,289.57,3925.00,11499.37,373.98,,0,100,41.00,-175,4392830,-768745.25,4,fused
132116,000000132116.jpg,612x612,0,0.050855,0,1,TN,yolov8l_bsz4.ms,191.50,114.25,305.75,0.500,Mid (Meeting),4.76,16.87,289.57,3925.00,11499.37,373.98,,0,100,41.00,-175,4392830,-768745.25,4,fused
179285,000000179285.jpg,428x640,0,0.050800,0,1,TN,yolov8l_bsz4.ms,191.50,114.25,305.75,0.500,Mid (Meeting),4.76,16.87,289.57,3925.00,11499.37,373.98,,0,100,41.00,-175,4392830,-768745.25,4,fused
522007,000000522007.jpg,640x480,0,0.050747,0,1,TN,yolov8l_bsz4.ms,190.75,107.75,298.50,0.500,Mid (Meeting),4.24,14.51,363.12,3851.00,11499.37,299.68,,0,100,41.00,-127,4394144,-558056.29,4,fused
322211,000000322211.jpg,640x480,0,0.050153,0,1,TN,yolov8l_bsz4.ms,190.75,107.75,298.50,0.500,Mid (Meeting),4.24,14.51,363.12,3851.00,11499.37,299.68,,0,100,41.00,-127,4394144,-558056.29,4,fused
305343,000000305343.jpg,640x427,0,0.050029,0,1,TN,yolov8l_bsz4.ms,190.75,107.75,298.50,0.500,Mid (Meeting),4.24,14.51,363.12,3851.00,11499.37,299.68,,0,100,41.00,-127,4394144,-558056.29,4,fused
293390,000000293390.jpg,640x480,0,0.049948,0,1,TN,yolov8l_bsz4.ms,190.75,107.75,298.50,0.500,Mid (Meeting),4.24,14.51,363.12,3851.00,11499.37,299.68,,0,100,41.00,-127,4394144,-558056.29,4,fused
542089,000000542089.jpg,375x500,0,0.049926,0,1,TN,yolov8l_bsz4.ms,190.50,110.00,300.50,0.500,Mid (Meeting),4.05,14.51,359.43,3854.00,11499.37,302.56,,0,100,41.00,-266,4389763,-1167676.96,4,fused
45229,000000045229.jpg,640x480,0,0.049892,0,1,TN,yolov8l_bsz4.ms,190.50,110.00,300.50,0.500,Mid (Meeting),4.05,14.51,359.43,3854.00,11499.37,302.56,,0,100,41.00,-266,4389763,-1167676.96,4,fused
79144,000000079144.jpg,640x458,0,0.049542,0,1,TN,yolov8l_bsz4.ms,190.50,110.00,300.50,0.500,Mid (Meeting),4.05,14.51,359.43,3854.00,11499.37,302.56,,0,100,41.00,-266,4389763,-1167676.96,4,fused
273712,000000273712.jpg,480x640,0,0.049324,0,1,TN,yolov8l_bsz4.ms,190.50,110.00,300.50,0.500,Mid (Meeting),4.05,14.51,359.43,3854.00,11499.37,302.56,,0,100,41.00,-266,4389763,-1167676.96,4,fused
236730,000000236730.jpg,480x640,0,0.049173,0,1,TN,yolov8l_bsz4.ms,195.25,103.00,298.25,0.500,Mid (Meeting),4.00,14.74,340.25,3873.00,11499.37,320.16,,0,100,41.00,-286,4389039,-1255265.15,4,fused
360564,000000360564.jpg,640x427,0,0.049158,0,1,TN,yolov8l_bsz4.ms,195.25,103.00,298.25,0.500,Mid (Meeting),4.00,14.74,340.25,3873.00,11499.37,320.16,,0,100,41.00,-286,4389039,-1255265.15,4,fused
211069,000000211069.jpg,640x480,0,0.049053,0,1,TN,yolov8l_bsz4.ms,195.25,103.00,298.25,0.500,Mid (Meeting),4.00,14.74,340.25,3873.00,11499.37,320.16,,0,100,41.00,-286,4389039,-1255265.15,4,fused
102644,000000102644.jpg,375x500,0,0.048776,0,1,TN,yolov8l_bsz4.ms,195.25,103.00,298.25,0.500,Mid (Meeting),4.00,14.74,340.25,3873.00,11499.37,320.16,,0,100,41.00,-286,4389039,-1255265.15,4,fused
289992,000000289992.jpg,640x424,0,0.048572,0,1,TN,yolov8l_bsz4.ms,194.50,94.75,289.25,0.500,Mid (Meeting),3.98,14.74,284.22,3929.00,11499.37,375.12,,0,100,41.00,-155,4393269,-680956.69,4,fused
374727,000000374727.jpg,640x426,0,0.048441,0,1,TN,yolov8l_bsz4.ms,194.50,94.75,289.25,0.500,Mid (Meeting),3.98,14.74,284.22,3929.00,11499.37,375.12,,0,100,41.00,-155,4393269,-680956.69,4,fused
431140,000000431140.jpg,640x480,0,0.048212,0,1,TN,yolov8l_bsz4.ms,194.50,94.75,289.25,0.500,Mid (Meeting),3.98,14.74,284.22,3929.00,11499.37,375.12,,0,100,41.00,-155,4393269,-680956.69,4,fused
549167,000000549167.jpg,426x640,0,0.047978,0,1,TN,yolov8l_bsz4.ms,194.50,94.75,289.25,0.500,Mid (Meeting),3.98,14.74,284.22,3929.00,11499.37,375.12,,0,100,41.00,-155,4393269,-680956.69,4,fused
143998,000000143998.jpg,612x612,0,0.047852,0,1,TN,yolov8l_bsz4.ms,194.75,109.50,304.25,0.500,Mid (Meeting),3.89,14.48,362.76,3850.00,11499.37,295.74,,0,100,41.00,-291,4388789,-1277137.60,4,fused
474786,000000474786.jpg,375x500,0,0.047558,0,1,TN,yolov8l_bsz4.ms,194.75,109.50,304.25,0.500,Mid (Meeting),3.89,14.48,362.76,3850.00,11499.37,295.74,,0,100,41.00,-291,4388789,-1277137.60,4,fused
451693,000000451693.jpg,640x480,0,0.047535,0,1,TN,yolov8l_bsz4.ms,194.75,109.50,304.25,0.500,Mid (Meeting),3.89,14.48,362.76,3850.00,11499.37,295.74,,0,100,41.00,-291,4388789,-1277137.60,4,fused
70048,000000070048.jpg,640x480,0,0.047513,0,1,TN,yolov8l_bsz4.ms,194.75,109.50,304.25,0.500,Mid (Meeting),3.89,14.48,362.76,3850.00,11499.37,295.74,,0,100,41.00,-291,4388789,-1277137.60,4,fused
365387,000000365387.jpg,640x425,0,0.047280,0,1,TN,yolov8l_bsz4.ms,194.75,95.50,290.25,0.500,Mid (Meeting),3.85,14.48,361.64,3849.00,11499.37,296.14,,0,100,41.00,-332,4387395,-1456615.14,4,fused
223789,000000223789.jpg,346x500,0,0.047227,0,1,TN,yolov8l_bsz4.ms,194.75,95.50,290.25,0.500,Mid (Meeting),3.85,14.48,361.64,3849.00,11499.37,296.14,,0,100,41.00,-332,4387395,-1456615.14,4,fused
342295,000000342295.jpg,333x500,0,0.046983,0,1,TN,yolov8l_bsz4.ms,194.75,95.50,290.25,0.500,Mid (Meeting),3.85,14.48,361.64,3849.00,11499.37,296.14,,0,100,41.00,-332,4387395,-1456615.14,4,fused
533958,000000533958.jpg,640x640,0,0.046966,0,1,TN,yolov8l_bsz4.ms,194.75,95.50,290.25,0.500,Mid (Meeting),3.85,14.48,361.64,3849.00,11499.37,296.14,,0,100,41.00,-332,4387395,-1456615.14,4,fused
13004,000000013004.jpg,375x500,0,0.046760,0,1,TN,yolov8l_bsz4.ms,196.00,101.75,297.75,0.500,Mid (Meeting),8.28,15.02,338.92,3874.00,11499.37,317.10,,0,100,41.00,-298,4388676,-1307825.45,4,fused
519491,000000519491.jpg,480x640,0,0.046550,0,1,TN,yolov8l_bsz4.ms,196.00,101.75,297.75,0.500,Mid (Meeting),8.28,15.02,338.92,3874.00,11499.37,317.10,,0,100,41.00,-298,4388676,-1307825.45,4,fused
228981,000000228981.jpg,640x480,0,0.046549,0,1,TN,yolov8l_bsz4.ms,196.00,101.75,297.75,0.500,Mid (Meeting),8.28,15.02,338.92,3874.00,11499.37,317.10,,0,100,41.00,-298,4388676,-1307825.45,4,fused
419312,000000419312.jpg,375x500,0,0.046351,0,1,TN,yolov8l_bsz4.ms,196.00,101.75,297.75,0.500,Mid (Meeting),8.28,15.02,338.92,3874.00,11499.37,317.10,,0,100,41.00,-298,4388676,-1307825.45,4,fused
479099,000000479099.jpg,640x480,0,0.046135,0,1,TN,yolov8l_bsz4.ms,196.50,104.75,301.25,0.500,Mid (Meeting),4.81,15.02,289.18,3923.00,11499.37,365.38,,0,100,41.00,-282,4388987,-1237694.33,4,fused
360943,000000360943.jpg,501x640,0,0.046010,0,1,TN,yolov8l_bsz4.ms,196.50,104.75,301.25,0.500,Mid (Meeting),4.81,15.02,289.18,3923.00,11499.37,365.38,,0,100,41.00,-282,4388987,-1237694.33,4,fused
66523,000000066523.jpg,480x640,0,0.045827,0,1,TN,yolov8l_bsz4.ms,196.50,104.75,301.25,0.500,Mid (Meeting),4.81,15.02,289.18,3923.00,11499.37,365.38,,0,100,41.00,-282,4388987,-1237694.33,4,fused
20247,000000020247.jpg,640x457,0,0.045765,0,1,TN,yolov8l_bsz4.ms,196.50,104.75,301.25,0.500,Mid (Meeting),4.81,15.02,289.18,3923.00,11499.37,365.38,,0,100,41.00,-282,4388987,-1237694.33,4,fused
189078,000000189078.jpg,500x334,0,0.045447,0,1,TN,yolov8l_bsz4.ms,192.75,102.00,294.75,0.500,Mid (Meeting),4.10,14.85,360.69,3850.00,11499.37,292.66,,0,100,41.00,-287,4388992,-1259640.70,4,fused
263644,000000263644.jpg,473x640,0,0.045382,0,1,TN,yolov8l_bsz4.ms,192.75,102.00,294.75,0.500,Mid (Meeting),4.10,14.85,360.69,3850.00,11499.37,292.66,,0,100,41.00,-287,4388992,-1259640.70,4,fused
64574,000000064574.jpg,479x640,0,0.045334,0,1,TN,yolov8l_bsz4.ms,192.75,102.00,294.75,0.500,Mid (Meeting),4.10,14.85,360.69,3850.00,11499.37,292.66,,0,100,41.00,-287,4388992,-1259640.70,4,fused
404191,000000404191.jpg,375x500,0,0.045115,0,1,TN,yolov8l_bsz4.ms,192.75,102.00,294.75,0.500,Mid (Meeting),4.10,14.85,360.69,3850.00,11499.37,292.66,,0,100,41.00,-287,4388992,-1259640.70,4,fused
268729,000000268729.jpg,640x480,0,0.044887,1,0,FN,yolov8l_bsz4.ms,195.75,94.50,290.25,0.500,Mid (Meeting),3.93,14.85,359.72,3851.00,11499.37,292.98,,0,100,41.00,-261,4389767,-1145729.19,4,fused
353027,000000353027.jpg,640x424,0,0.044504,1,0,FN,yolov8l_bsz4.ms,195.75,94.50,290.25,0.500,Mid (Meeting),3.93,14.85,359.72,3851.00,11499.37,292.98,,0,100,41.00,-261,4389767,-1145729.19,4,fused
522713,000000522713.jpg,640x480,0,0.044389,1,0,FN,yolov8l_bsz4.ms,195.75,94.50,290.25,0.500,Mid (Meeting),3.93,14.85,359.72,3851.00,11499.37,292.98,,0,100,41.00,-261,4389767,-1145729.19,4,fused
226130,000000226130.jpg,640x426,0,0.044363,0,1,TN,yolov8l_bsz4.ms,195.75,94.50,290.25,0.500,Mid (Meeting),3.93,14.85,359.72,3851.00,11499.37,292.98,,0,100,41.00,-261,4389767,-1145729.19,4,fused
414261,000000414261.jpg,640x427,0,0.044341,0,1,TN,yolov8l_bsz4.ms,190.00,105.00,295.00,0.500,Mid (Meeting),3.94,15.48,339.11,3871.00,11499.37,311.45,,0,100,41.00,-286,4388801,-1255197.09,4,fused
543528,000000543528.jpg,640x480,0,0.043884,0,1,TN,yolov8l_bsz4.ms,190.00,105.00,295.00,0.500,Mid (Meeting),3.94,15.48,339.11,3871.00,11499.37,311.45,,0,100,41.00,-286,4388801,-1255197.09,4,fused
10995,000000010995.jpg,640x480,0,0.043621,0,1,TN,yolov8l_bsz4.ms,190.00,105.00,295.00,0.500,Mid (Meeting),3.94,15.48,339.11,3871.00,11499.37,311.45,,0,100,41.00,-286,4388801,-1255197.09,4,fused
56288,000000056288.jpg,640x480,0,0.043448,0,1,TN,yolov8l_bsz4.ms,190.00,105.00,295.00,0.500,Mid (Meeting),3.94,15.48,339.11,3871.00,11499.37,311.45,,0,100,41.00,-286,4388801,-1255197.09,4,fused
104612,000000104612.jpg,640x480,0,0.043296,0,1,TN,yolov8l_bsz4.ms,196.50,99.75,296.25,0.500,Mid (Meeting),3.88,15.48,284.39,3924.00,11499.37,363.90,,0,100,41.00,-255,4390014,-1119453.57,4,fused
24144,000000024144.jpg,640x480,0,0.043232,0,1,TN,yolov8l_bsz4.ms,196.50,99.75,296.25,0.500,Mid (Meeting),3.88,15.48,284.39,3924.00,11499.37,363.90,,0,100,41.00,-255,4390014,-1119453.57,4,fused
479732,000000479732.jpg,640x428,0,0.042700,0,1,TN,yolov8l_bsz4.ms,196.50,99.75,296.25,0.500,Mid (Meeting),3.88,15.48,284.39,3924.00,11499.37,363.90,,0,100,41.00,-255,4390014,-1119453.57,4,fused
239627,000000239627.jpg,640x427,0,0.042552,0,1,TN,yolov8l_bsz4.ms,196.50,99.75,296.25,0.500,Mid (Meeting),3.88,15.48,284.39,3924.00,11499.37,363.90,,0,100,41.00,-255,4390014,-1119453.57,4,fused
376856,000000376856.jpg,480x640,0,0.042538,0,1,TN,yolov8l_bsz4.ms,193.75,95.50,289.25,0.500,Mid (Meeting),3.80,16.02,362.00,3846.00,11499.37,286.31,,0,100,41.00,-352,4386834,-1544165.57,4,fused
71451,000000071451.jpg,383x640,0,0.041776,0,1,TN,yolov8l_bsz4.ms,193.75,95.50,289.25,0.500,Mid (Meeting),3.80,16.02,362.00,3846.00,11499.37,286.31,,0,100,41.00,-352,4386834,-1544165.57,4,fused
458768,000000458768.jpg,640x427,0,0.041256,0,1,TN,yolov8l_bsz4.ms,193.75,95.50,289.25,0.500,Mid (Meeting),3.80,16.02,362.00,3846.00,11499.37,286.31,,0,100,41.00,-352,4386834,-1544165.57,4,fused
562197,000000562197.jpg,640x640,0,0.041200,0,1,TN,yolov8l_bsz4.ms,193.75,95.50,289.25,0.500,Mid (Meeting),3.80,16.02,362.00,3846.00,11499.37,286.31,,0,100,41.00,-352,4386834,-1544165.57,4,fused
438226,000000438226.jpg,640x291,0,0.041143,0,1,TN,yolov8l_bsz4.ms,190.50,104.25,294.75,0.500,Mid (Meeting),3.76,16.02,359.47,3850.00,11499.37,288.10,,0,100,41.00,-176,4392578,-773093.73,4,fused
116206,000000116206.jpg,640x480,0,0.040931,0,1,TN,yolov8l_bsz4.ms,190.50,104.25,294.75,0.500,Mid (Meeting),3.76,16.02,359.47,3850.00,11499.37,288.10,,0,100,41.00,-176,4392578,-773093.73,4,fused
29640,000000029640.jpg,640x426,0,0.040644,0,1,TN,yolov8l_bsz4.ms,190.50,104.25,294.75,0.500,Mid (Meeting),3.76,16.02,359.47,3850.00,11499.37,288.10,,0,100,41.00,-176,4392578,-773093.73,4,fused
286994,000000286994.jpg,640x480,0,0.040627,0,1,TN,yolov8l_bsz4.ms,190.50,104.25,294.75,0.500,Mid (Meeting),3.76,16.02,359.47,3850.00,11499.37,288.10,,0,100,41.00,-176,4392578,-773093.73,4,fused
300233,000000300233.jpg,640x489,0,0.040411,0,1,TN,yolov8l_bsz4.ms,190.25,104.25,294.50,0.500,Mid (Meeting),8.20,16.18,338.77,3871.00,11499.37,308.13,,0,100,41.00,-284,4389119,-1246509.80,4,fused
79565,000000079565.jpg,500x375,0,0.040252,0,1,TN,yolov8l_bsz4.ms,190.25,104.25,294.50,0.500,Mid (Meeting),8.20,16.18,338.77,3871.00,11499.37,308.13,,0,100,41.00,-284,4389119,-1246509.80,4,fused
186282,000000186282.jpg,640x427,0,0.040231,0,1,TN,yolov8l_bsz4.ms,190.25,104.25,294.50,0.500,Mid (Meeting),8.20,16.18,338.77,3871.00,11499.37,308.13,,0,100,41.00,-284,4389119,-1246509.80,4,fused
248980,000000248980.jpg,500x375,0,0.039885,0,1,TN,yolov8l_bsz4.ms,190.25,104.25,294.50,0.500,Mid (Meeting),8.20,16.18,338.77,3871.00,11499.37,308.13,,0,100,41.00,-284,4389119,-1246509.80,4,fused
551304,000000551304.jpg,480x640,0,0.039468,0,1,TN,yolov8l_bsz4.ms,191.25,104.00,295.25,0.500,Mid (Meeting),4.33,16.18,284.80,3924.00,11499.37,360.16,,0,100,41.00,-215,4391217,-944111.66,4,fused
192716,000000192716.jpg,518x640,0,0.039305,1,0,FN,yolov8l_bsz4.ms,191.25,104.00,295.25,0.500,Mid (Meeting),4.33,16.18,284.80,3924.00,11499.37,360.16,,0,100,41.00,-215,4391217,-944111.66,4,fused
68286,000000068286.jpg,640x366,0,0.038969,0,1,TN,yolov8l_bsz4.ms,191.25,104.00,295.25,0.500,Mid (Meeting),4.33,16.18,284.80,3924.00,11499.37,360.16,,0,100,41.00,-215,4391217,-944111.66,4,fused
498919,000000498919.jpg,432x324,0,0.038875,0,1,TN,yolov8l_bsz4.ms,191.25,104.00,295.25,0.500,Mid (Meeting),4.33,16.18,284.80,3924.00,11499.37,360.16,,0,100,41.00,-215,4391217,-944111.66,4,fused
127494,000000127494.jpg,500x333,0,0.038445,0,1,TN,yolov8l_bsz4.ms,186.25,104.50,290.75,0.500,Mid (Meeting),3.88,16.00,361.77,3849.00,11499.37,284.77,,0,100,41.00,-132,4393961,-580002.85,4,fused
218091,000000218091.jpg,640x429,0,0.038156,0,1,TN,yolov8l_bsz4.ms,186.25,104.50,290.75,0.500,Mid (Meeting),3.88,16.00,361.77,3849.00,11499.37,284.77,,0,100,41.00,-132,4393961,-580002.85,4,fused
262440,000000262440.jpg,400x640,0,0.038147,0,1,TN,yolov8l_bsz4.ms,186.25,104.50,290.75,0.500,Mid (Meeting),3.88,16.00,361.77,3849.00,11499.37,284.77,,0,100,41.00,-132,4393961,-580002.85,4,fused
442009,000000442009.jpg,600x399,0,0.037941,0,1,TN,yolov8l_bsz4.ms,186.25,104.50,290.75,0.500,Mid (Meeting),3.88,16.00,361.77,3849.00,11499.37,284.77,,0,100,41.00,-132,4393961,-580002.85,4,fused
395701,000000395701.jpg,640x480,0,0.037343,0,1,TN,yolov8l_bsz4.ms,190.75,106.50,297.25,0.500,Mid (Meeting),3.95,16.00,360.67,3850.00,11499.37,285.09,,0,100,41.00,-239,4390594,-1049351.97,4,fused
386457,000000386457.jpg,426x640,0,0.036992,0,1,TN,yolov8l_bsz4.ms,190.75,106.50,297.25,0.500,Mid (Meeting),3.95,16.00,360.67,3850.00,11499.37,285.09,,0,100,41.00,-239,4390594,-1049351.97,4,fused
147518,000000147518.jpg,480x640,0,0.036878,0,1,TN,yolov8l_bsz4.ms,190.75,106.50,297.25,0.500,Mid (Meeting),3.95,16.00,360.67,3850.00,11499.37,285.09,,0,100,41.00,-239,4390594,-1049351.97,4,fused
564127,000000564127.jpg,428x640,0,0.036835,0,1,TN,yolov8l_bsz4.ms,190.75,106.50,297.25,0.500,Mid (Meeting),3.95,16.00,360.67,3850.00,11499.37,285.09,,0,100,41.00,-239,4390594,-1049351.97,4,fused
138954,000000138954.jpg,612x612,0,0.036105,0,1,TN,yolov8l_bsz4.ms,185.00,121.00,306.00,0.500,Mid (Meeting),3.95,15.83,339.65,3871.00,11499.37,305.39,,0,100,41.00,-214,4391190,-939714.66,4,fused
89761,000000089761.jpg,480x640,0,0.035893,0,1,TN,yolov8l_bsz4.ms,185.00,121.00,306.00,0.500,Mid (Meeting),3.95,15.83,339.65,3871.00,11499.37,305.39,,0,100,41.00,-214,4391190,-939714.66,4,fused
416758,000000416758.jpg,640x480,0,0.035869,0,1,TN,yolov8l_bsz4.ms,185.00,121.00,306.00,0.500,Mid (Meeting),3.95,15.83,339.65,3871.00,11499.37,305.39,,0,100,41.00,-214,4391190,-939714.66,4,fused
4495,000000004495.jpg,500x375,0,0.035650,0,1,TN,yolov8l_bsz4.ms,185.00,121.00,306.00,0.500,Mid (Meeting),3.95,15.83,339.65,3871.00,11499.37,305.39,,0,100,41.00,-214,4391190,-939714.66,4,fused
415716,000000415716.jpg,640x480,0,0.035539,0,1,TN,yolov8l_bsz4.ms,196.00,105.25,301.25,0.500,Mid (Meeting),3.97,15.83,285.74,3899.00,11499.37,331.41,,0,100,41.00,-308,4388352,-1351612.42,4,fused
109976,000000109976.jpg,640x480,0,0.035330,0,1,TN,yolov8l_bsz4.ms,196.00,105.25,301.25,0.500,Mid (Meeting),3.97,15.83,285.74,3899.00,11499.37,331.41,,0,100,41.00,-308,4388352,-1351612.42,4,fused
417876,000000417876.jpg,500x375,0,0.035201,0,1,TN,yolov8l_bsz4.ms,196.00,105.25,301.25,0.500,Mid (Meeting),3.97,15.83,285.74,3899.00,11499.37,331.41,,0,100,41.00,-308,4388352,-1351612.42,4,fused
378453,000000378453.jpg,500x346,0,0.034922,0,1,TN,yolov8l_bsz4.ms,196.00,105.25,301.25,0.500,Mid (Meeting),3.97,15.83,285.74,3899.00,11499.37,331.41,,0,100,41.00,-308,4388352,-1351612.42,4,fused
112626,000000112626.jpg,423x640,0,0.034778,0,1,TN,yolov8l_bsz4.ms,198.50,93.25,291.75,0.500,Mid (Meeting),3.83,17.23,361.93,3825.00,11499.37,257.08,,0,100,41.00,-288,4388943,-1264015.58,4,fused
267434,000000267434.jpg,640x480,0,0.034617,0,1,TN,yolov8l_bsz4.ms,198.50,93.25,291.75,0.500,Mid (Meeting),3.83,17.23,361.93,3825.00,11499.37,257.08,,0,100,41.00,-288,4388943,-1264015.58,4,fused
263474,000000263474.jpg,479x640,0,0.034553,0,1,TN,yolov8l_bsz4.ms,198.50,93.25,291.75,0.500,Mid (Meeting),3.83,17.23,361.93,3825.00,11499.37,257.08,,0,100,41.00,-288,4388943,-1264015.58,4,fused
560011,000000560011.jpg,332x500,0,0.034499,0,1,TN,yolov8l_bsz4.ms,198.50,93.25,291.75,0.500,Mid (Meeting),3.83,17.23,361.93,3825.00,11499.37,257.08,,0,100,41.00,-288,4388943,-1264015.58,4,fused
328959,000000328959.jpg,308x500,0,0.034177,0,1,TN,yolov8l_bsz4.ms,201.00,94.75,295.75,0.500,Mid (Meeting),3.76,17.23,360.51,3814.00,11499.37,245.61,,0,100,41.00,-218,4390580,-957146.44,4,fused
76211,000000076211.jpg,640x500,0,0.034088,0,1,TN,yolov8l_bsz4.ms,201.00,94.75,295.75,0.500,Mid (Meeting),3.76,17.23,360.51,3814.00,11499.37,245.61,,0,100,41.00,-218,4390580,-957146.44,4,fused
29596,000000029596.jpg,640x428,0,0.033995,0,1,TN,yolov8l_bsz4.ms,201.00,94.75,295.75,0.500,Mid (Meeting),3.76,17.23,360.51,3814.00,11499.37,245.61,,0,100,41.00,-218,4390580,-957146.44,4,fused
46031,000000046031.jpg,640x480,0,0.033964,0,1,TN,yolov8l_bsz4.ms,201.00,94.75,295.75,0.500,Mid (Meeting),3.76,17.23,360.51,3814.00,11499.37,245.61,,0,100,41.00,-218,4390580,-957146.44,4,fused
309173,000000309173.jpg,335x500,0,0.033807,1,0,FN,yolov8l_bsz4.ms,195.25,96.50,291.75,0.500,Mid (Meeting),8.13,18.19,338.32,3865.00,11499.37,295.26,,0,100,41.00,-277,4388926,-1215732.50,4,fused
180792,000000180792.jpg,375x500,0,0.033644,0,1,TN,yolov8l_bsz4.ms,195.25,96.50,291.75,0.500,Mid (Meeting),8.13,18.19,338.32,3865.00,11499.37,295.26,,0,100,41.00,-277,4388926,-1215732.50,4,fused
308753,000000308753.jpg,640x480,0,0.033270,0,1,TN,yolov8l_bsz4.ms,195.25,96.50,291.75,0.500,Mid (Meeting),8.13,18.19,338.32,3865.00,11499.37,295.26,,0,100,41.00,-277,4388926,-1215732.50,4,fused
206271,000000206271.jpg,323x640,0,0.033110,0,1,TN,yolov8l_bsz4.ms,195.25,96.50,291.75,0.500,Mid (Meeting),8.13,18.19,338.32,3865.00,11499.37,295.26,,0,100,41.00,-277,4388926,-1215732.50,4,fused
231549,000000231549.jpg,640x480,0,0.033008,0,1,TN,yolov8l_bsz4.ms,200.25,101.25,301.50,0.500,Mid (Meeting),3.94,18.19,284.90,3919.00,11499.37,347.44,,0,100,41.00,-296,4388484,-1298991.26,4,fused
126110,000000126110.jpg,320x240,0,0.032960,1,0,FN,yolov8l_bsz4.ms,200.25,101.25,301.50,0.500,Mid (Meeting),3.94,18.19,284.90,3919.00,11499.37,347.44,,0,100,41.00,-296,4388484,-1298991.26,4,fused
312549,000000312549.jpg,640x480,0,0.032853,0,1,TN,yolov8l_bsz4.ms,200.25,101.25,301.50,0.500,Mid (Meeting),3.94,18.19,284.90,3919.00,11499.37,347.44,,0,100,41.00,-296,4388484,-1298991.26,4,fused
566042,000000566042.jpg,500x333,0,0.032589,0,1,TN,yolov8l_bsz4.ms,200.25,101.25,301.50,0.500,Mid (Meeting),3.94,18.19,284.90,3919.00,11499.37,347.44,,0,100,41.00,-296,4388484,-1298991.26,4,fused
153510,000000153510.jpg,640x426,0,0.032472,0,1,TN,yolov8l_bsz4.ms,191.75,108.25,300.00,0.500,Mid (Meeting),3.71,14.16,362.46,3842.00,11499.37,269.89,,0,100,41.00,-166,4392644,-729178.90,4,fused
217614,000000217614.jpg,480x640,0,0.032359,0,1,TN,yolov8l_bsz4.ms,191.75,108.25,300.00,0.500,Mid (Meeting),3.71,14.16,362.46,3842.00,11499.37,269.89,,0,100,41.00,-166,4392644,-729178.90,4,fused
294163,000000294163.jpg,429x640,0,0.032275,0,1,TN,yolov8l_bsz4.ms,191.75,108.25,300.00,0.500,Mid (Meeting),3.71,14.16,362.46,3842.00,11499.37,269.89,,0,100,41.00,-166,4392644,-729178.90,4,fused
405970,000000405970.jpg,640x427,0,0.031969,0,1,TN,yolov8l_bsz4.ms,191.75,108.25,300.00,0.500,Mid (Meeting),3.71,14.16,362.46,3842.00,11499.37,269.89,,0,100,41.00,-166,4392644,-729178.90,4,fused
548267,000000548267.jpg,640x480,0,0.031669,0,1,TN,yolov8l_bsz4.ms,191.25,112.00,303.25,0.500,Mid (Meeting),3.78,14.16,359.86,3844.00,11499.37,271.66,,0,100,41.00,-261,4389818,-1145742.50,4,fused
170893,000000170893.jpg,640x480,0,0.031610,0,1,TN,yolov8l_bsz4.ms,191.25,112.00,303.25,0.500,Mid (Meeting),3.78,14.16,359.86,3844.00,11499.37,271.66,,0,100,41.00,-261,4389818,-1145742.50,4,fused
234807,000000234807.jpg,640x462,0,0.031376,0,1,TN,yolov8l_bsz4.ms,191.25,112.00,303.25,0.500,Mid (Meeting),3.78,14.16,359.86,3844.00,11499.37,271.66,,0,100,41.00,-261,4389818,-1145742.50,4,fused
459396,000000459396.jpg,612x612,0,0.031042,0,1,TN,yolov8l_bsz4.ms,191.25,112.00,303.25,0.500,Mid (Meeting),3.78,14.16,359.86,3844.00,11499.37,271.66,,0,100,41.00,-261,4389818,-1145742.50,4,fused
453981,000000453981.jpg,640x427,0,0.030985,0,1,TN,yolov8l_bsz4.ms,192.50,98.25,290.75,0.500,Mid (Meeting),3.77,15.59,358.08,3845.00,11499.37,272.29,,0,100,41.00,-267,4389587,-1172019.73,4,fused
120584,000000120584.jpg,480x640,0,0.030860,0,1,TN,yolov8l_bsz4.ms,192.50,98.25,290.75,0.500,Mid (Meeting),3.77,15.59,358.08,3845.00,11499.37,272.29,,0,100,41.00,-267,4389587,-1172019.73,4,fused
307658,000000307658.jpg,589x640,0,0.030785,0,1,TN,yolov8l_bsz4.ms,192.50,98.25,290.75,0.500,Mid (Meeting),3.77,15.59,358.08,3845.00,11499.37,272.29,,0,100,41.00,-267,4389587,-1172019.73,4,fused
41488,000000041488.jpg,640x369,0,0.030511,0,1,TN,yolov8l_bsz4.ms,192.50,98.25,290.75,0.500,Mid (Meeting),3.77,15.59,358.08,3845.00,11499.37,272.29,,0,100,41.00,-267,4389587,-1172019.73,4,fused
2149,000000002149.jpg,640x427,0,0.030496,0,1,TN,yolov8l_bsz4.ms,202.50,76.00,278.50,0.500,Mid (Meeting),3.69,15.59,357.98,3846.00,11499.37,271.17,,0,100,41.00,-281,4389028,-1233316.87,4,fused
430048,000000430048.jpg,500x375,0,0.030413,0,1,TN,yolov8l_bsz4.ms,202.50,76.00,278.50,0.500,Mid (Meeting),3.69,15.59,357.98,3846.00,11499.37,271.17,,0,100,41.00,-281,4389028,-1233316.87,4,fused
298251,000000298251.jpg,640x159,0,0.030326,0,1,TN,yolov8l_bsz4.ms,202.50,76.00,278.50,0.500,Mid (Meeting),3.69,15.59,357.98,3846.00,11499.37,271.17,,0,100,41.00,-281,4389028,-1233316.87,4,fused
194216,000000194216.jpg,640x294,0,0.030318,0,1,TN,yolov8l_bsz4.ms,202.50,76.00,278.50,0.500,Mid (Meeting),3.69,15.59,357.98,3846.00,11499.37,271.17,,0,100,41.00,-281,4389028,-1233316.87,4,fused
477118,000000477118.jpg,500x333,0,0.030178,0,1,TN,yolov8l_bsz4.ms,194.25,106.50,300.75,0.500,Mid (Meeting),3.69,16.29,338.67,3864.00,11499.37,289.44,,0,100,41.00,-232,4390575,-1018613.40,4,fused
403385,000000403385.jpg,640x511,0,0.029888,0,1,TN,yolov8l_bsz4.ms,194.25,106.50,300.75,0.500,Mid (Meeting),3.69,16.29,338.67,3864.00,11499.37,289.44,,0,100,41.00,-232,4390575,-1018613.40,4,fused
15278,000000015278.jpg,640x480,0,0.029649,0,1,TN,yolov8l_bsz4.ms,194.25,106.50,300.75,0.500,Mid (Meeting),3.69,16.29,338.67,3864.00,11499.37,289.44,,0,100,41.00,-232,4390575,-1018613.40,4,fused
325527,000000325527.jpg,500x374,0,0.029211,0,1,TN,yolov8l_bsz4.ms,194.25,106.50,300.75,0.500,Mid (Meeting),3.69,16.29,338.67,3864.00,11499.37,289.44,,0,100,41.00,-232,4390575,-1018613.40,4,fused
419201,000000419201.jpg,640x425,0,0.028891,0,1,TN,yolov8l_bsz4.ms,193.00,106.50,299.50,0.500,Mid (Meeting),3.71,16.29,284.88,3918.00,11499.37,342.70,,0,100,41.00,-242,4390314,-1062455.99,4,fused
8277,000000008277.jpg,612x612,0,0.028768,0,1,TN,yolov8l_bsz4.ms,193.00,106.50,299.50,0.500,Mid (Meeting),3.71,16.29,284.88,3918.00,11499.37,342.70,,0,100,41.00,-242,4390314,-1062455.99,4,fused
338325,000000338325.jpg,640x428,0,0.028693,0,1,TN,yolov8l_bsz4.ms,193.00,106.50,299.50,0.500,Mid (Meeting),3.71,16.29,284.88,3918.00,11499.37,342.70,,0,100,41.00,-242,4390314,-1062455.99,4,fused
383621,000000383621.jpg,640x427,0,0.028669,0,1,TN,yolov8l_bsz4.ms,193.00,106.50,299.50,0.500,Mid (Meeting),3.71,16.29,284.88,3918.00,11499.37,342.70,,0,100,41.00,-242,4390314,-1062455.99,4,fused
208901,000000208901.jpg,640x427,0,0.028642,0,1,TN,yolov8l_bsz4.ms,194.25,103.50,297.75,0.500,Mid (Meeting),3.67,16.16,362.88,3840.00,11499.37,263.86,,0,100,41.00,-182,4392205,-799381.31,4,fused
66561,000000066561.jpg,640x427,0,0.028531,0,1,TN,yolov8l_bsz4.ms,194.25,103.50,297.75,0.500,Mid (Meeting),3.67,16.16,362.88,3840.00,11499.37,263.86,,0,100,41.00,-182,4392205,-799381.31,4,fused
31248,000000031248.jpg,500x333,0,0.028256,0,1,TN,yolov8l_bsz4.ms,194.25,103.50,297.75,0.500,Mid (Meeting),3.67,16.16,362.88,3840.00,11499.37,263.86,,0,100,41.00,-182,4392205,-799381.31,4,fused
402992,000000402992.jpg,640x480,0,0.028120,0,1,TN,yolov8l_bsz4.ms,194.25,103.50,297.75,0.500,Mid (Meeting),3.67,16.16,362.88,3840.00,11499.37,263.86,,0,100,41.00,-182,4392205,-799381.31,4,fused
189310,000000189310.jpg,640x480,0,0.028084,0,1,TN,yolov8l_bsz4.ms,194.00,94.00,288.00,0.500,Mid (Meeting),3.39,16.16,361.76,3841.00,11499.37,262.68,,0,100,41.00,-279,4389094,-1224557.23,4,fused
402765,000000402765.jpg,500x375,0,0.028004,1,0,FN,yolov8l_bsz4.ms,194.00,94.00,288.00,0.500,Mid (Meeting),3.39,16.16,361.76,3841.00,11499.37,262.68,,0,100,41.00,-279,4389094,-1224557.23,4,fused
13597,000000013597.jpg,640x425,0,0.027945,0,1,TN,yolov8l_bsz4.ms,194.00,94.00,288.00,0.500,Mid (Meeting),3.39,16.16,361.76,3841.00,11499.37,262.68,,0,100,41.00,-279,4389094,-1224557.23,4,fused
452793,000000452793.jpg,640x427,0,0.027075,0,1,TN,yolov8l_bsz4.ms,194.00,94.00,288.00,0.500,Mid (Meeting),3.39,16.16,361.76,3841.00,11499.37,262.68,,0,100,41.00,-279,4389094,-1224557.23,4,fused
569917,000000569917.jpg,480x640,0,0.026948,0,1,TN,yolov8l_bsz4.ms,191.50,101.25,292.75,0.500,Mid (Meeting),3.64,16.43,339.38,3863.00,11499.37,284.12,,0,100,41.00,-359,4386470,-1574742.73,4,fused
284282,000000284282.jpg,500x333,0,0.026875,0,1,TN,yolov8l_bsz4.ms,191.50,101.25,292.75,0.500,Mid (Meeting),3.64,16.43,339.38,3863.00,11499.37,284.12,,0,100,41.00,-359,4386470,-1574742.73,4,fused
318114,000000318114.jpg,385x308,0,0.026839,0,1,TN,yolov8l_bsz4.ms,191.50,101.25,292.75,0.500,Mid (Meeting),3.64,16.43,339.38,3863.00,11499.37,284.12,,0,100,41.00,-359,4386470,-1574742.73,4,fused
129322,000000129322.jpg,480x640,0,0.026741,0,1,TN,yolov8l_bsz4.ms,191.50,101.25,292.75,0.500,Mid (Meeting),3.64,16.43,339.38,3863.00,11499.37,284.12,,0,100,41.00,-359,4386470,-1574742.73,4,fused
570736,000000570736.jpg,427x640,0,0.026597,0,1,TN,yolov8l_bsz4.ms,192.50,95.25,287.75,0.500,Mid (Meeting),3.64,16.43,284.45,3917.00,11499.37,337.95,,0,100,41.00,-287,4388816,-1259590.19,4,fused
442323,000000442323.jpg,640x480,0,0.026466,0,1,TN,yolov8l_bsz4.ms,192.50,95.25,287.75,0.500,Mid (Meeting),3.64,16.43,284.45,3917.00,11499.37,337.95,,0,100,41.00,-287,4388816,-1259590.19,4,fused
352491,000000352491.jpg,640x480,0,0.026080,1,0,FN,yolov8l_bsz4.ms,192.50,95.25,287.75,0.500,Mid (Meeting),3.64,16.43,284.45,3917.00,11499.37,337.95,,0,100,41.00,-287,4388816,-1259590.19,4,fused
175364,000000175364.jpg,614x461,0,0.026059,0,1,TN,yolov8l_bsz4.ms,192.50,95.25,287.75,0.500,Mid (Meeting),3.64,16.43,284.45,3917.00,11499.37,337.95,,0,100,41.00,-287,4388816,-1259590.19,4,fused
547144,000000547144.jpg,640x480,0,0.025889,0,1,TN,yolov8l_bsz4.ms,194.25,110.75,305.00,0.500,Mid (Meeting),3.63,16.50,361.92,3840.00,11499.37,259.77,,0,100,41.00,-186,4391847,-816883.54,4,fused
394328,000000394328.jpg,480x640,0,0.025846,0,1,TN,yolov8l_bsz4.ms,194.25,110.75,305.00,0.500,Mid (Meeting),3.63,16.50,361.92,3840.00,11499.37,259.77,,0,100,41.00,-186,4391847,-816883.54,4,fused
34873,000000034873.jpg,640x480,0,0.025782,0,1,TN,yolov8l_bsz4.ms,194.25,110.75,305.00,0.500,Mid (Meeting),3.63,16.50,361.92,3840.00,11499.37,259.77,,0,100,41.00,-186,4391847,-816883.54,4,fused
209142,000000209142.jpg,640x425,0,0.025592,0,1,TN,yolov8l_bsz4.ms,194.25,110.75,305.00,0.500,Mid (Meeting),3.63,16.50,361.92,3840.00,11499.37,259.77,,0,100,41.00,-186,4391847,-816883.54,4,fused
460379,000000460379.jpg,426x640,0,0.025394,0,1,TN,yolov8l_bsz4.ms,195.00,109.75,304.75,0.500,Mid (Meeting),3.66,16.50,360.80,3840.00,11499.37,258.42,,0,100,41.00,-185,4392006,-812521.11,4,fused
181753,000000181753.jpg,640x423,0,0.025316,0,1,TN,yolov8l_bsz4.ms,195.00,109.75,304.75,0.500,Mid (Meeting),3.66,16.50,360.80,3840.00,11499.37,258.42,,0,100,41.00,-185,4392006,-812521.11,4,fused
251065,000000251065.jpg,480x640,0,0.025213,0,1,TN,yolov8l_bsz4.ms,195.00,109.75,304.75,0.500,Mid (Meeting),3.66,16.50,360.80,3840.00,11499.37,258.42,,0,100,41.00,-185,4392006,-812521.11,4,fused
377000,000000377000.jpg,527x640,0,0.025112,0,1,TN,yolov8l_bsz4.ms,195.00,109.75,304.75,0.500,Mid (Meeting),3.66,16.50,360.80,3840.00,11499.37,258.42,,0,100,41.00,-185,4392006,-812521.11,4,fused
20059,000000020059.jpg,640x427,0,0.024787,0,1,TN,yolov8l_bsz4.ms,195.50,89.00,284.50,0.500,Mid (Meeting),3.68,16.76,341.19,3859.00,11499.37,276.64,,0,100,41.00,-243,4390442,-1066877.41,4,fused
491071,000000491071.jpg,414x640,0,0.024730,0,1,TN,yolov8l_bsz4.ms,195.50,89.00,284.50,0.500,Mid (Meeting),3.68,16.76,341.19,3859.00,11499.37,276.64,,0,100,41.00,-243,4390442,-1066877.41,4,fused
15254,000000015254.jpg,640x427,0,0.024721,0,1,TN,yolov8l_bsz4.ms,195.50,89.00,284.50,0.500,Mid (Meeting),3.68,16.76,341.19,3859.00,11499.37,276.64,,0,100,41.00,-243,4390442,-1066877.41,4,fused
402433,000000402433.jpg,640x426,0,0.024665,0,1,TN,yolov8l_bsz4.ms,195.50,89.00,284.50,0.500,Mid (Meeting),3.68,16.76,341.19,3859.00,11499.37,276.64,,0,100,41.00,-243,4390442,-1066877.41,4,fused
461275,000000461275.jpg,500x335,0,0.024535,0,1,TN,yolov8l_bsz4.ms,188.50,108.50,297.00,0.500,Mid (Meeting),3.69,16.76,286.66,3913.00,11499.37,330.52,,0,100,41.00,-214,4390993,-939672.50,4,fused
332845,000000332845.jpg,640x480,0,0.024525,1,0,FN,yolov8l_bsz4.ms,188.50,108.50,297.00,0.500,Mid (Meeting),3.69,16.76,286.66,3913.00,11499.37,330.52,,0,100,41.00,-214,4390993,-939672.50,4,fused
430973,000000430973.jpg,640x478,0,0.024455,0,1,TN,yolov8l_bsz4.ms,188.50,108.50,297.00,0.500,Mid (Meeting),3.69,16.76,286.66,3913.00,11499.37,330.52,,0,100,41.00,-214,4390993,-939672.50,4,fused
113354,000000113354.jpg,640x480,0,0.024201,0,1,TN,yolov8l_bsz4.ms,188.50,108.50,297.00,0.500,Mid (Meeting),3.69,16.76,286.66,3913.00,11499.37,330.52,,0,100,41.00,-214,4390993,-939672.50,4,fused
248631,000000248631.jpg,640x480,0,0.024081,0,1,TN,yolov8l_bsz4.ms,190.50,97.75,288.25,0.500,Mid (Meeting),3.65,16.78,363.22,3836.00,11499.37,253.29,,0,100,41.00,-229,4390717,-1005474.19,4,fused
299720,000000299720.jpg,640x427,0,0.024041,0,1,TN,yolov8l_bsz4.ms,190.50,97.75,288.25,0.500,Mid (Meeting),3.65,16.78,363.22,3836.00,11499.37,253.29,,0,100,41.00,-229,4390717,-1005474.19,4,fused
165257,000000165257.jpg,640x359,0,0.023699,0,1,TN,yolov8l_bsz4.ms,190.50,97.75,288.25,0.500,Mid (Meeting),3.65,16.78,363.22,3836.00,11499.37,253.29,,0,100,41.00,-229,4390717,-1005474.19,4,fused
445365,000000445365.jpg,427x640,0,0.023514,0,1,TN,yolov8l_bsz4.ms,190.50,97.75,288.25,0.500,Mid (Meeting),3.65,16.78,363.22,3836.00,11499.37,253.29,,0,100,41.00,-229,4390717,-1005474.19,4,fused
508312,000000508312.jpg,500x333,0,0.023447,1,0,FN,yolov8l_bsz4.ms,196.25,96.50,292.75,0.500,Mid (Meeting),3.89,16.78,362.88,3836.00,11499.37,252.03,,0,100,41.00,-244,4390153,-1071197.33,4,fused
103585,000000103585.jpg,425x640,0,0.023435,0,1,TN,yolov8l_bsz4.ms,196.25,96.50,292.75,0.500,Mid (Meeting),3.89,16.78,362.88,3836.00,11499.37,252.03,,0,100,41.00,-244,4390153,-1071197.33,4,fused
98839,000000098839.jpg,640x480,0,0.023364,0,1,TN,yolov8l_bsz4.ms,196.25,96.50,292.75,0.500,Mid (Meeting),3.89,16.78,362.88,3836.00,11499.37,252.03,,0,100,41.00,-244,4390153,-1071197.33,4,fused
776,000000000776.jpg,428x640,0,0.023232,0,1,TN,yolov8l_bsz4.ms,196.25,96.50,292.75,0.500,Mid (Meeting),3.89,16.78,362.88,3836.00,11499.37,252.03,,0,100,41.00,-244,4390153,-1071197.33,4,fused
474170,000000474170.jpg,640x480,0,0.023197,0,1,TN,yolov8l_bsz4.ms,186.50,99.00,285.50,0.500,Mid (Meeting),3.76,14.54,340.77,3858.00,11499.37,272.72,,0,100,41.00,-279,4389116,-1224563.36,4,fused
356432,000000356432.jpg,640x416,0,0.022243,0,1,TN,yolov8l_bsz4.ms,186.50,99.00,285.50,0.500,Mid (Meeting),3.76,14.54,340.77,3858.00,11499.37,272.72,,0,100,41.00,-279,4389116,-1224563.36,4,fused
508482,000000508482.jpg,480x640,0,0.022138,0,1,TN,yolov8l_bsz4.ms,186.50,99.00,285.50,0.500,Mid (Meeting),3.76,14.54,340.77,3858.00,11499.37,272.72,,0,100,41.00,-279,4389116,-1224563.36,4,fused
205514,000000205514.jpg,640x426,0,0.022137,0,1,TN,yolov8l_bsz4.ms,186.50,99.00,285.50,0.500,Mid (Meeting),3.76,14.54,340.77,3858.00,11499.37,272.72,,0,100,41.00,-279,4389116,-1224563.36,4,fused
168593,000000168593.jpg,640x480,0,0.021858,0,1,TN,yolov8l_bsz4.ms,188.25,93.25,281.50,0.500,Mid (Meeting),3.78,14.54,287.09,3912.00,11499.37,325.57,,0,100,41.00,-301,4388044,-1320801.24,4,fused
537241,000000537241.jpg,640x427,0,0.021829,0,1,TN,yolov8l_bsz4.ms,188.25,93.25,281.50,0.500,Mid (Meeting),3.78,14.54,287.09,3912.00,11499.37,325.57,,0,100,41.00,-301,4388044,-1320801.24,4,fused
64359,000000064359.jpg,500x332,0,0.021758,0,1,TN,yolov8l_bsz4.ms,188.25,93.25,281.50,0.500,Mid (Meeting),3.78,14.54,287.09,3912.00,11499.37,325.57,,0,100,41.00,-301,4388044,-1320801.24,4,fused
113589,000000113589.jpg,640x480,0,0.021553,0,1,TN,yolov8l_bsz4.ms,188.25,93.25,281.50,0.500,Mid (Meeting),3.78,14.54,287.09,3912.00,11499.37,325.57,,0,100,41.00,-301,4388044,-1320801.24,4,fused
121586,000000121586.jpg,640x478,0,0.021478,0,1,TN,yolov8l_bsz4.ms,189.75,120.25,310.00,0.500,Mid (Meeting),3.70,15.51,363.25,3835.00,11499.37,248.74,,0,100,41.00,-168,4392282,-737903.38,4,fused
351609,000000351609.jpg,500x333,0,0.021073,0,1,TN,yolov8l_bsz4.ms,189.75,120.25,310.00,0.500,Mid (Meeting),3.70,15.51,363.25,3835.00,11499.37,248.74,,0,100,41.00,-168,4392282,-737903.38,4,fused
284296,000000284296.jpg,640x427,0,0.020903,0,1,TN,yolov8l_bsz4.ms,189.75,120.25,310.00,0.500,Mid (Meeting),3.70,15.51,363.25,3835.00,11499.37,248.74,,0,100,41.00,-168,4392282,-737903.38,4,fused
457262,000000457262.jpg,612x612,0,0.020832,0,1,TN,yolov8l_bsz4.ms,189.75,120.25,310.00,0.500,Mid (Meeting),3.70,15.51,363.25,3835.00,11499.37,248.74,,0,100,41.00,-168,4392282,-737903.38,4,fused
348012,000000348012.jpg,640x428,0,0.020793,0,1,TN,yolov8l_bsz4.ms,192.00,103.25,295.25,0.500,Mid (Meeting),3.70,15.51,362.36,3835.00,11499.37,247.95,,0,100,41.00,-185,4391906,-812502.61,4,fused
461036,000000461036.jpg,500x332,0,0.020745,0,1,TN,yolov8l_bsz4.ms,192.00,103.25,295.25,0.500,Mid (Meeting),3.70,15.51,362.36,3835.00,11499.37,247.95,,0,100,41.00,-185,4391906,-812502.61,4,fused
325114,000000325114.jpg,640x480,0,0.020626,0,1,TN,yolov8l_bsz4.ms,192.00,103.25,295.25,0.500,Mid (Meeting),3.70,15.51,362.36,3835.00,11499.37,247.95,,0,100,41.00,-185,4391906,-812502.61,4,fused
575815,000000575815.jpg,640x451,0,0.020464,0,1,TN,yolov8l_bsz4.ms,192.00,103.25,295.25,0.500,Mid (Meeting),3.70,15.51,362.36,3835.00,11499.37,247.95,,0,100,41.00,-185,4391906,-812502.61,4,fused
166642,000000166642.jpg,640x480,0,0.020448,0,1,TN,yolov8l_bsz4.ms,187.50,106.75,294.25,0.500,Mid (Meeting),3.77,15.57,339.66,3858.00,11499.37,269.83,,0,100,41.00,-328,4387645,-1439147.56,4,fused
30494,000000030494.jpg,640x480,0,0.020333,0,1,TN,yolov8l_bsz4.ms,187.50,106.75,294.25,0.500,Mid (Meeting),3.77,15.57,339.66,3858.00,11499.37,269.83,,0,100,41.00,-328,4387645,-1439147.56,4,fused
23937,000000023937.jpg,640x428,0,0.020299,0,1,TN,yolov8l_bsz4.ms,187.50,106.75,294.25,0.500,Mid (Meeting),3.77,15.57,339.66,3858.00,11499.37,269.83,,0,100,41.00,-328,4387645,-1439147.56,4,fused
183104,000000183104.jpg,640x476,0,0.020146,0,1,TN,yolov8l_bsz4.ms,187.50,106.75,294.25,0.500,Mid (Meeting),3.77,15.57,339.66,3858.00,11499.37,269.83,,0,100,41.00,-328,4387645,-1439147.56,4,fused
50828,000000050828.jpg,640x480,0,0.020065,0,1,TN,yolov8l_bsz4.ms,192.75,94.50,287.25,0.500,Mid (Meeting),3.73,15.57,284.39,3912.00,11499.37,323.23,,0,100,41.00,-427,4383969,-1871954.76,4,fused
430056,000000430056.jpg,500x375,0,0.019968,0,1,TN,yolov8l_bsz4.ms,192.75,94.50,287.25,0.500,Mid (Meeting),3.73,15.57,284.39,3912.00,11499.37,323.23,,0,100,41.00,-427,4383969,-1871954.76,4,fused
105335,000000105335.jpg,612x612,0,0.019926,1,0,FN,yolov8l_bsz4.ms,192.75,94.50,287.25,0.500,Mid (Meeting),3.73,15.57,284.39,3912.00,11499.37,323.23,,0,100,41.00,-427,4383969,-1871954.76,4,fused
550939,000000550939.jpg,418x640,0,0.019698,0,1,TN,yolov8l_bsz4.ms,192.75,94.50,287.25,0.500,Mid (Meeting),3.73,15.57,284.39,3912.00,11499.37,323.23,,0,100,41.00,-427,4383969,-1871954.76,4,fused
62025,000000062025.jpg,480x640,0,0.019689,0,1,TN,yolov8l_bsz4.ms,193.25,106.75,300.00,0.500,Mid (Meeting),3.71,16.36,362.01,3834.00,11499.37,244.20,,0,100,41.00,-162,4392621,-711604.60,4,fused
449190,000000449190.jpg,640x359,0,0.019119,0,1,TN,yolov8l_bsz4.ms,193.25,106.75,300.00,0.500,Mid (Meeting),3.71,16.36,362.01,3834.00,11499.37,244.20,,0,100,41.00,-162,4392621,-711604.60,4,fused
498463,000000498463.jpg,640x480,0,0.018818,0,1,TN,yolov8l_bsz4.ms,193.25,106.75,300.00,0.500,Mid (Meeting),3.71,16.36,362.01,3834.00,11499.37,244.20,,0,100,41.00,-162,4392621,-711604.60,4,fused
264335,000000264335.jpg,480x640,0,0.018601,0,1,TN,yolov8l_bsz4.ms,193.25,106.75,300.00,0.500,Mid (Meeting),3.71,16.36,362.01,3834.00,11499.37,244.20,,0,100,41.00,-162,4392621,-711604.60,4,fused
460927,000000460927.jpg,640x360,0,0.018476,0,1,TN,yolov8l_bsz4.ms,192.75,94.25,287.00,0.500,Mid (Meeting),4.38,16.36,362.33,3832.00,11499.37,241.27,,0,100,41.00,-164,4392612,-720388.37,4,fused
353096,000000353096.jpg,500x344,0,0.018341,0,1,TN,yolov8l_bsz4.ms,192.75,94.25,287.00,0.500,Mid (Meeting),4.38,16.36,362.33,3832.00,11499.37,241.27,,0,100,41.00,-164,4392612,-720388.37,4,fused
255912,000000255912.jpg,640x359,0,0.018254,0,1,TN,yolov8l_bsz4.ms,192.75,94.25,287.00,0.500,Mid (Meeting),4.38,16.36,362.33,3832.00,11499.37,241.27,,0,100,41.00,-164,4392612,-720388.37,4,fused
455981,000000455981.jpg,480x640,0,0.017945,0,1,TN,yolov8l_bsz4.ms,192.75,94.25,287.00,0.500,Mid (Meeting),4.38,16.36,362.33,3832.00,11499.37,241.27,,0,100,41.00,-164,4392612,-720388.37,4,fused
197796,000000197796.jpg,640x478,0,0.017859,0,1,TN,yolov8l_bsz4.ms,199.50,98.25,297.75,0.500,Mid (Meeting),3.96,17.07,340.86,3855.00,11499.37,263.89,,0,100,41.00,-287,4388819,-1259591.05,4,fused
375763,000000375763.jpg,640x480,0,0.017828,0,1,TN,yolov8l_bsz4.ms,199.50,98.25,297.75,0.500,Mid (Meeting),3.96,17.07,340.86,3855.00,11499.37,263.89,,0,100,41.00,-287,4388819,-1259591.05,4,fused
244411,000000244411.jpg,640x480,0,0.017744,0,1,TN,yolov8l_bsz4.ms,199.50,98.25,297.75,0.500,Mid (Meeting),3.96,17.07,340.86,3855.00,11499.37,263.89,,0,100,41.00,-287,4388819,-1259591.05,4,fused
285,000000000285.jpg,586x640,0,0.017687,0,1,TN,yolov8l_bsz4.ms,199.50,98.25,297.75,0.500,Mid (Meeting),3.96,17.07,340.86,3855.00,11499.37,263.89,,0,100,41.00,-287,4388819,-1259591.05,4,fused
396729,000000396729.jpg,640x425,0,0.017647,0,1,TN,yolov8l_bsz4.ms,200.25,100.50,300.75,0.500,Mid (Meeting),3.84,17.07,286.89,3909.00,11499.37,316.28,,0,100,41.00,-140,4393142,-615039.88,4,fused
203546,000000203546.jpg,640x457,0,0.017590,0,1,TN,yolov8l_bsz4.ms,200.25,100.50,300.75,0.500,Mid (Meeting),3.84,17.07,286.89,3909.00,11499.37,316.28,,0,100,41.00,-140,4393142,-615039.88,4,fused
243626,000000243626.jpg,385x289,0,0.017303,0,1,TN,yolov8l_bsz4.ms,200.25,100.50,300.75,0.500,Mid (Meeting),3.84,17.07,286.89,3909.00,11499.37,316.28,,0,100,41.00,-140,4393142,-615039.88,4,fused
466835,000000466835.jpg,480x640,0,0.017273,0,1,TN,yolov8l_bsz4.ms,200.25,100.50,300.75,0.500,Mid (Meeting),3.84,17.07,286.89,3909.00,11499.37,316.28,,0,100,41.00,-140,4393142,-615039.88,4,fused
434297,000000434297.jpg,640x480,0,0.017253,0,1,TN,yolov8l_bsz4.ms,197.75,101.25,299.00,0.500,Mid (Meeting),3.65,17.74,363.06,3833.00,11499.37,239.50,,0,100,41.00,-291,4388431,-1277033.42,4,fused
141328,000000141328.jpg,640x480,0,0.017208,0,1,TN,yolov8l_bsz4.ms,197.75,101.25,299.00,0.500,Mid (Meeting),3.65,17.74,363.06,3833.00,11499.37,239.50,,0,100,41.00,-291,4388431,-1277033.42,4,fused
31269,000000031269.jpg,640x480,0,0.017199,0,1,TN,yolov8l_bsz4.ms,197.75,101.25,299.00,0.500,Mid (Meeting),3.65,17.74,363.06,3833.00,11499.37,239.50,,0,100,41.00,-291,4388431,-1277033.42,4,fused
47010,000000047010.jpg,640x480,0,0.017115,0,1,TN,yolov8l_bsz4.ms,197.75,101.25,299.00,0.500,Mid (Meeting),3.65,17.74,363.06,3833.00,11499.37,239.50,,0,100,41.00,-291,4388431,-1277033.42,4,fused
44699,000000044699.jpg,640x426,0,0.017002,0,1,TN,yolov8l_bsz4.ms,202.25,89.75,292.00,0.500,Mid (Meeting),3.66,17.74,362.09,3835.00,11499.37,240.95,,0,100,41.00,-143,4393120,-628216.16,4,fused
519569,000000519569.jpg,426x640,0,0.016913,0,1,TN,yolov8l_bsz4.ms,202.25,89.75,292.00,0.500,Mid (Meeting),3.66,17.74,362.09,3835.00,11499.37,240.95,,0,100,41.00,-143,4393120,-628216.16,4,fused
25139,000000025139.jpg,500x334,0,0.016825,0,1,TN,yolov8l_bsz4.ms,202.25,89.75,292.00,0.500,Mid (Meeting),3.66,17.74,362.09,3835.00,11499.37,240.95,,0,100,41.00,-143,4393120,-628216.16,4,fused
132329,000000132329.jpg,426x640,0,0.016185,0,1,TN,yolov8l_bsz4.ms,202.25,89.75,292.00,0.500,Mid (Meeting),3.66,17.74,362.09,3835.00,11499.37,240.95,,0,100,41.00,-143,4393120,-628216.16,4,fused
239843,000000239843.jpg,500x375,0,0.015955,0,1,TN,yolov8l_bsz4.ms,194.75,105.75,300.50,0.500,Mid (Meeting),3.65,17.91,340.52,3856.00,11499.37,261.53,,0,100,41.00,-252,4389454,-1106142.41,4,fused
165831,000000165831.jpg,640x480,0,0.015950,0,1,TN,yolov8l_bsz4.ms,194.75,105.75,300.50,0.500,Mid (Meeting),3.65,17.91,340.52,3856.00,11499.37,261.53,,0,100,41.00,-252,4389454,-1106142.41,4,fused
132622,000000132622.jpg,640x512,0,0.015889,0,1,TN,yolov8l_bsz4.ms,194.75,105.75,300.50,0.500,Mid (Meeting),3.65,17.91,340.52,3856.00,11499.37,261.53,,0,100,41.00,-252,4389454,-1106142.41,4,fused
562443,000000562443.jpg,640x480,0,0.015837,0,1,TN,yolov8l_bsz4.ms,194.75,105.75,300.50,0.500,Mid (Meeting),3.65,17.91,340.52,3856.00,11499.37,261.53,,0,100,41.00,-252,4389454,-1106142.41,4,fused
100582,000000100582.jpg,640x427,0,0.015807,0,1,TN,yolov8l_bsz4.ms,198.25,93.00,291.25,0.500,Mid (Meeting),3.69,17.91,282.85,3914.00,11499.37,318.70,,0,100,41.00,-109,4394357,-478984.91,4,fused
450488,000000450488.jpg,334x500,0,0.015751,0,1,TN,yolov8l_bsz4.ms,198.25,93.00,291.25,0.500,Mid (Meeting),3.69,17.91,282.85,3914.00,11499.37,318.70,,0,100,41.00,-109,4394357,-478984.91,4,fused
217060,000000217060.jpg,640x440,0,0.015731,0,1,TN,yolov8l_bsz4.ms,198.25,93.00,291.25,0.500,Mid (Meeting),3.69,17.91,282.85,3914.00,11499.37,318.70,,0,100,41.00,-109,4394357,-478984.91,4,fused
290619,000000290619.jpg,640x480,0,0.015704,0,1,TN,yolov8l_bsz4.ms,198.25,93.00,291.25,0.500,Mid (Meeting),3.69,17.91,282.85,3914.00,11499.37,318.70,,0,100,41.00,-109,4394357,-478984.91,4,fused
110359,000000110359.jpg,640x428,0,0.015675,0,1,TN,yolov8l_bsz4.ms,196.00,107.75,303.75,0.500,Mid (Meeting),3.63,17.25,361.36,3835.00,11499.37,238.74,,0,100,41.00,-185,4391819,-812486.52,4,fused
304291,000000304291.jpg,640x427,0,0.015334,0,1,TN,yolov8l_bsz4.ms,196.00,107.75,303.75,0.500,Mid (Meeting),3.63,17.25,361.36,3835.00,11499.37,238.74,,0,100,41.00,-185,4391819,-812486.52,4,fused
222991,000000222991.jpg,480x640,0,0.015242,0,1,TN,yolov8l_bsz4.ms,196.00,107.75,303.75,0.500,Mid (Meeting),3.63,17.25,361.36,3835.00,11499.37,238.74,,0,100,41.00,-185,4391819,-812486.52,4,fused
210855,000000210855.jpg,640x427,0,0.015220,0,1,TN,yolov8l_bsz4.ms,196.00,107.75,303.75,0.500,Mid (Meeting),3.63,17.25,361.36,3835.00,11499.37,238.74,,0,100,41.00,-185,4391819,-812486.52,4,fused
175387,000000175387.jpg,500x375,0,0.015167,0,1,TN,yolov8l_bsz4.ms,196.50,103.25,299.75,0.500,Mid (Meeting),5.16,17.25,361.14,3835.00,11499.37,237.37,,0,100,41.00,-179,4391654,-786106.07,4,fused
527695,000000527695.jpg,640x426,0,0.015088,0,1,TN,yolov8l_bsz4.ms,196.50,103.25,299.75,0.500,Mid (Meeting),5.16,17.25,361.14,3835.00,11499.37,237.37,,0,100,41.00,-179,4391654,-786106.07,4,fused
98633,000000098633.jpg,428x640,0,0.014964,0,1,TN,yolov8l_bsz4.ms,196.50,103.25,299.75,0.500,Mid (Meeting),5.16,17.25,361.14,3835.00,11499.37,237.37,,0,100,41.00,-179,4391654,-786106.07,4,fused
209613,000000209613.jpg,640x427,0,0.014944,0,1,TN,yolov8l_bsz4.ms,196.50,103.25,299.75,0.500,Mid (Meeting),5.16,17.25,361.14,3835.00,11499.37,237.37,,0,100,41.00,-179,4391654,-786106.07,4,fused
128658,000000128658.jpg,640x427,0,0.014897,0,1,TN,yolov8l_bsz4.ms,193.00,96.00,289.00,0.500,Mid (Meeting),4.32,17.92,338.19,3857.00,11499.37,259.56,,0,100,41.00,-261,4389404,-1145634.44,4,fused
557172,000000557172.jpg,640x480,0,0.014684,0,1,TN,yolov8l_bsz4.ms,193.00,96.00,289.00,0.500,Mid (Meeting),4.32,17.92,338.19,3857.00,11499.37,259.56,,0,100,41.00,-261,4389404,-1145634.44,4,fused
260657,000000260657.jpg,500x269,0,0.014514,0,1,TN,yolov8l_bsz4.ms,193.00,96.00,289.00,0.500,Mid (Meeting),4.32,17.92,338.19,3857.00,11499.37,259.56,,0,100,41.00,-261,4389404,-1145634.44,4,fused
493284,000000493284.jpg,640x427,0,0.014257,0,1,TN,yolov8l_bsz4.ms,193.00,96.00,289.00,0.500,Mid (Meeting),4.32,17.92,338.19,3857.00,11499.37,259.56,,0,100,41.00,-261,4389404,-1145634.44,4,fused
17379,000000017379.jpg,478x640,0,0.014232,1,0,FN,yolov8l_bsz4.ms,185.00,119.25,304.25,0.500,Mid (Meeting),4.14,17.92,284.18,3911.00,11499.37,312.01,,0,100,41.00,-179,4391999,-786167.82,4,fused
493799,000000493799.jpg,640x483,0,0.014114,0,1,TN,yolov8l_bsz4.ms,185.00,119.25,304.25,0.500,Mid (Meeting),4.14,17.92,284.18,3911.00,11499.37,312.01,,0,100,41.00,-179,4391999,-786167.82,4,fused
278353,000000278353.jpg,596x640,0,0.014023,0,1,TN,yolov8l_bsz4.ms,185.00,119.25,304.25,0.500,Mid (Meeting),4.14,17.92,284.18,3911.00,11499.37,312.01,,0,100,41.00,-179,4391999,-786167.82,4,fused
154705,000000154705.jpg,640x464,0,0.013917,0,1,TN,yolov8l_bsz4.ms,185.00,119.25,304.25,0.500,Mid (Meeting),4.14,17.92,284.18,3911.00,11499.37,312.01,,0,100,41.00,-179,4391999,-786167.82,4,fused
199977,000000199977.jpg,480x640,0,0.013695,0,1,TN,yolov8l_bsz4.ms,192.50,118.50,311.00,0.500,Mid (Meeting),4.04,16.52,361.96,3832.00,11499.37,233.60,,0,100,41.00,-160,4392663,-702826.08,4,fused
159977,000000159977.jpg,640x424,0,0.013334,0,1,TN,yolov8l_bsz4.ms,192.50,118.50,311.00,0.500,Mid (Meeting),4.04,16.52,361.96,3832.00,11499.37,233.60,,0,100,41.00,-160,4392663,-702826.08,4,fused
104669,000000104669.jpg,500x375,0,0.013328,0,1,TN,yolov8l_bsz4.ms,192.50,118.50,311.00,0.500,Mid (Meeting),4.04,16.52,361.96,3832.00,11499.37,233.60,,0,100,41.00,-160,4392663,-702826.08,4,fused
530146,000000530146.jpg,640x640,0,0.013197,0,1,TN,yolov8l_bsz4.ms,192.50,118.50,311.00,0.500,Mid (Meeting),4.04,16.52,361.96,3832.00,11499.37,233.60,,0,100,41.00,-160,4392663,-702826.08,4,fused
475223,000000475223.jpg,640x438,0,0.012997,0,1,TN,yolov8l_bsz4.ms,197.50,89.25,286.75,0.500,Mid (Meeting),3.95,16.52,360.11,3835.00,11499.37,234.05,,0,100,41.00,-247,4389894,-1084303.82,4,fused
446574,000000446574.jpg,428x640,0,0.012907,0,1,TN,yolov8l_bsz4.ms,197.50,89.25,286.75,0.500,Mid (Meeting),3.95,16.52,360.11,3835.00,11499.37,234.05,,0,100,41.00,-247,4389894,-1084303.82,4,fused
348708,000000348708.jpg,383x640,0,0.012794,0,1,TN,yolov8l_bsz4.ms,197.50,89.25,286.75,0.500,Mid (Meeting),3.95,16.52,360.11,3835.00,11499.37,234.05,,0,100,41.00,-247,4389894,-1084303.82,4,fused
488075,000000488075.jpg,640x480,0,0.012784,0,1,TN,yolov8l_bsz4.ms,197.50,89.25,286.75,0.500,Mid (Meeting),3.95,16.52,360.11,3835.00,11499.37,234.05,,0,100,41.00,-247,4389894,-1084303.82,4,fused
163258,000000163258.jpg,640x480,0,0.012709,0,1,TN,yolov8l_bsz4.ms,200.75,91.75,292.50,0.500,Mid (Meeting),3.84,16.05,341.11,3853.00,11499.37,250.84,,0,100,41.00,-338,4387107,-1482842.17,4,fused
571008,000000571008.jpg,640x425,0,0.012697,0,1,TN,yolov8l_bsz4.ms,200.75,91.75,292.50,0.500,Mid (Meeting),3.84,16.05,341.11,3853.00,11499.37,250.84,,0,100,41.00,-338,4387107,-1482842.17,4,fused
157390,000000157390.jpg,640x480,0,0.012415,0,1,TN,yolov8l_bsz4.ms,200.75,91.75,292.50,0.500,Mid (Meeting),3.84,16.05,341.11,3853.00,11499.37,250.84,,0,100,41.00,-338,4387107,-1482842.17,4,fused
136355,000000136355.jpg,640x427,0,0.012362,0,1,TN,yolov8l_bsz4.ms,200.75,91.75,292.50,0.500,Mid (Meeting),3.84,16.05,341.11,3853.00,11499.37,250.84,,0,100,41.00,-338,4387107,-1482842.17,4,fused
552883,000000552883.jpg,640x426,0,0.012226,0,1,TN,yolov8l_bsz4.ms,198.50,101.25,299.75,0.500,Mid (Meeting),3.82,16.05,281.19,3909.00,11499.37,306.88,,0,100,41.00,-201,4391392,-882669.79,4,fused
269866,000000269866.jpg,640x427,0,0.012093,0,1,TN,yolov8l_bsz4.ms,198.50,101.25,299.75,0.500,Mid (Meeting),3.82,16.05,281.19,3909.00,11499.37,306.88,,0,100,41.00,-201,4391392,-882669.79,4,fused
91615,000000091615.jpg,640x425,0,0.012047,0,1,TN,yolov8l_bsz4.ms,198.50,101.25,299.75,0.500,Mid (Meeting),3.82,16.05,281.19,3909.00,11499.37,306.88,,0,100,41.00,-201,4391392,-882669.79,4,fused
314182,000000314182.jpg,375x500,0,0.011814,0,1,TN,yolov8l_bsz4.ms,198.50,101.25,299.75,0.500,Mid (Meeting),3.82,16.05,281.19,3909.00,11499.37,306.88,,0,100,41.00,-201,4391392,-882669.79,4,fused
136600,000000136600.jpg,640x457,0,0.011745,0,1,TN,yolov8l_bsz4.ms,187.25,118.25,305.50,0.500,Mid (Meeting),3.79,16.78,362.01,3832.00,11499.37,227.97,,0,100,41.00,-215,4390811,-944024.36,4,fused
450758,000000450758.jpg,640x479,0,0.011695,0,1,TN,yolov8l_bsz4.ms,187.25,118.25,305.50,0.500,Mid (Meeting),3.79,16.78,362.01,3832.00,11499.37,227.97,,0,100,41.00,-215,4390811,-944024.36,4,fused
252332,000000252332.jpg,640x480,0,0.011227,0,1,TN,yolov8l_bsz4.ms,187.25,118.25,305.50,0.500,Mid (Meeting),3.79,16.78,362.01,3832.00,11499.37,227.97,,0,100,41.00,-215,4390811,-944024.36,4,fused
337987,000000337987.jpg,640x480,0,0.011070,0,1,TN,yolov8l_bsz4.ms,187.25,118.25,305.50,0.500,Mid (Meeting),3.79,16.78,362.01,3832.00,11499.37,227.97,,0,100,41.00,-215,4390811,-944024.36,4,fused
397639,000000397639.jpg,640x480,0,0.010876,0,1,TN,yolov8l_bsz4.ms,198.25,96.50,294.75,0.500,Mid (Meeting),6.04,16.78,361.94,3832.00,11499.37,226.68,,0,100,41.00,-207,4390892,-908914.64,4,fused
571804,000000571804.jpg,640x426,0,0.010862,0,1,TN,yolov8l_bsz4.ms,198.25,96.50,294.75,0.500,Mid (Meeting),6.04,16.78,361.94,3832.00,11499.37,226.68,,0,100,41.00,-207,4390892,-908914.64,4,fused
250758,000000250758.jpg,640x480,0,0.010747,0,1,TN,yolov8l_bsz4.ms,198.25,96.50,294.75,0.500,Mid (Meeting),6.04,16.78,361.94,3832.00,11499.37,226.68,,0,100,41.00,-207,4390892,-908914.64,4,fused
377497,000000377497.jpg,432x640,0,0.010553,0,1,TN,yolov8l_bsz4.ms,198.25,96.50,294.75,0.500,Mid (Meeting),6.04,16.78,361.94,3832.00,11499.37,226.68,,0,100,41.00,-207,4390892,-908914.64,4,fused
207538,000000207538.jpg,500x375,0,0.010430,0,1,TN,yolov8l_bsz4.ms,188.75,102.50,291.25,0.500,Mid (Meeting),4.42,17.49,338.16,3855.00,11499.37,249.43,,0,100,41.00,-212,4390905,-930871.86,4,fused
557258,000000557258.jpg,331x500,0,0.010386,0,1,TN,yolov8l_bsz4.ms,188.75,102.50,291.25,0.500,Mid (Meeting),4.42,17.49,338.16,3855.00,11499.37,249.43,,0,100,41.00,-212,4390905,-930871.86,4,fused
523229,000000523229.jpg,480x640,0,0.010236,0,1,TN,yolov8l_bsz4.ms,188.75,102.50,291.25,0.500,Mid (Meeting),4.42,17.49,338.16,3855.00,11499.37,249.43,,0,100,41.00,-212,4390905,-930871.86,4,fused
532071,000000532071.jpg,640x360,0,0.010184,0,1,TN,yolov8l_bsz4.ms,188.75,102.50,291.25,0.500,Mid (Meeting),4.42,17.49,338.16,3855.00,11499.37,249.43,,0,100,41.00,-212,4390905,-930871.86,4,fused
177935,000000177935.jpg,480x640,0,0.010182,0,1,TN,yolov8l_bsz4.ms,191.75,111.75,303.50,0.500,Mid (Meeting),4.30,17.49,285.66,3907.00,11499.37,301.04,,0,100,41.00,-141,4393124,-619430.48,4,fused
447789,000000447789.jpg,640x427,0,0.010160,0,1,TN,yolov8l_bsz4.ms,191.75,111.75,303.50,0.500,Mid (Meeting),4.30,17.49,285.66,3907.00,11499.37,301.04,,0,100,41.00,-141,4393124,-619430.48,4,fused
541952,000000541952.jpg,480x640,0,0.010136,0,1,TN,yolov8l_bsz4.ms,191.75,111.75,303.50,0.500,Mid (Meeting),4.30,17.49,285.66,3907.00,11499.37,301.04,,0,100,41.00,-141,4393124,-619430.48,4,fused
489091,000000489091.jpg,336x448,0,0.010094,0,1,TN,yolov8l_bsz4.ms,191.75,111.75,303.50,0.500,Mid (Meeting),4.30,17.49,285.66,3907.00,11499.37,301.04,,0,100,41.00,-141,4393124,-619430.48,4,fused
429598,000000429598.jpg,640x480,0,0.009997,0,1,TN,yolov8l_bsz4.ms,190.25,110.75,301.00,0.500,Mid (Meeting),4.02,15.98,362.02,3831.00,11499.37,223.57,,0,100,41.00,-155,4392630,-680857.65,4,fused
88269,000000088269.jpg,640x480,0,0.009745,0,1,TN,yolov8l_bsz4.ms,190.25,110.75,301.00,0.500,Mid (Meeting),4.02,15.98,362.02,3831.00,11499.37,223.57,,0,100,41.00,-155,4392630,-680857.65,4,fused
340015,000000340015.jpg,640x480,0,0.009740,0,1,TN,yolov8l_bsz4.ms,190.25,110.75,301.00,0.500,Mid (Meeting),4.02,15.98,362.02,3831.00,11499.37,223.57,,0,100,41.00,-155,4392630,-680857.65,4,fused
267670,000000267670.jpg,450x600,0,0.009687,0,1,TN,yolov8l_bsz4.ms,190.25,110.75,301.00,0.500,Mid (Meeting),4.02,15.98,362.02,3831.00,11499.37,223.57,,0,100,41.00,-155,4392630,-680857.65,4,fused
359781,000000359781.jpg,640x494,0,0.009597,0,1,TN,yolov8l_bsz4.ms,202.00,95.50,297.50,0.500,Mid (Meeting),3.97,15.98,359.86,3795.00,11499.37,187.39,,0,100,41.00,-221,4390563,-970314.42,4,fused
396205,000000396205.jpg,425x640,0,0.009341,0,1,TN,yolov8l_bsz4.ms,202.00,95.50,297.50,0.500,Mid (Meeting),3.97,15.98,359.86,3795.00,11499.37,187.39,,0,100,41.00,-221,4390563,-970314.42,4,fused
512248,000000512248.jpg,480x640,0,0.009336,0,1,TN,yolov8l_bsz4.ms,202.00,95.50,297.50,0.500,Mid (Meeting),3.97,15.98,359.86,3795.00,11499.37,187.39,,0,100,41.00,-221,4390563,-970314.42,4,fused
379533,000000379533.jpg,476x640,0,0.009331,0,1,TN,yolov8l_bsz4.ms,202.00,95.50,297.50,0.500,Mid (Meeting),3.97,15.98,359.86,3795.00,11499.37,187.39,,0,100,41.00,-221,4390563,-970314.42,4,fused
500211,000000500211.jpg,640x480,0,0.009265,0,1,TN,yolov8l_bsz4.ms,202.25,100.75,303.00,0.500,Mid (Meeting),3.91,18.76,340.18,3825.00,11499.37,340.27,,0,100,41.00,-212,4390844,-930858.93,4,fused
336309,000000336309.jpg,640x427,0,0.009145,0,1,TN,yolov8l_bsz4.ms,202.25,100.75,303.00,0.500,Mid (Meeting),3.91,18.76,340.18,3825.00,11499.37,340.27,,0,100,41.00,-212,4390844,-930858.93,4,fused
217425,000000217425.jpg,640x480,0,0.008811,0,1,TN,yolov8l_bsz4.ms,202.25,100.75,303.00,0.500,Mid (Meeting),3.91,18.76,340.18,3825.00,11499.37,340.27,,0,100,41.00,-212,4390844,-930858.93,4,fused
383606,000000383606.jpg,640x480,0,0.008648,1,0,FN,yolov8l_bsz4.ms,202.25,100.75,303.00,0.500,Mid (Meeting),3.91,18.76,340.18,3825.00,11499.37,340.27,,0,100,41.00,-212,4390844,-930858.93,4,fused
38070,000000038070.jpg,500x375,0,0.008608,0,1,TN,yolov8l_bsz4.ms,200.25,101.50,301.75,0.500,Mid (Meeting),3.84,18.76,284.04,3910.00,11499.37,423.77,,0,100,41.00,-324,4386863,-1421343.61,4,fused
237316,000000237316.jpg,375x500,0,0.008497,0,1,TN,yolov8l_bsz4.ms,200.25,101.50,301.75,0.500,Mid (Meeting),3.84,18.76,284.04,3910.00,11499.37,423.77,,0,100,41.00,-324,4386863,-1421343.61,4,fused
210708,000000210708.jpg,500x333,0,0.008463,0,1,TN,yolov8l_bsz4.ms,200.25,101.50,301.75,0.500,Mid (Meeting),3.84,18.76,284.04,3910.00,11499.37,423.77,,0,100,41.00,-324,4386863,-1421343.61,4,fused
335427,000000335427.jpg,640x448,0,0.008462,0,1,TN,yolov8l_bsz4.ms,200.25,101.50,301.75,0.500,Mid (Meeting),3.84,18.76,284.04,3910.00,11499.37,423.77,,0,100,41.00,-324,4386863,-1421343.61,4,fused
241602,000000241602.jpg,640x427,0,0.008458,0,1,TN,yolov8l_bsz4.ms,193.75,108.75,302.50,0.500,Mid (Meeting),3.80,18.96,363.22,3832.00,11499.37,343.11,,0,100,41.00,-178,4391799,-781740.22,4,fused
215644,000000215644.jpg,640x480,0,0.008227,0,1,TN,yolov8l_bsz4.ms,193.75,108.75,302.50,0.500,Mid (Meeting),3.80,18.96,363.22,3832.00,11499.37,343.11,,0,100,41.00,-178,4391799,-781740.22,4,fused
292060,000000292060.jpg,428x640,0,0.008131,0,1,TN,yolov8l_bsz4.ms,193.75,108.75,302.50,0.500,Mid (Meeting),3.80,18.96,363.22,3832.00,11499.37,343.11,,0,100,41.00,-178,4391799,-781740.22,4,fused
233825,000000233825.jpg,640x480,0,0.008023,0,1,TN,yolov8l_bsz4.ms,193.75,108.75,302.50,0.500,Mid (Meeting),3.80,18.96,363.22,3832.00,11499.37,343.11,,0,100,41.00,-178,4391799,-781740.22,4,fused
95899,000000095899.jpg,640x480,0,0.007986,0,1,TN,yolov8l_bsz4.ms,192.75,96.25,289.00,0.500,Mid (Meeting),6.05,18.96,360.97,3835.00,11499.37,343.19,,0,100,41.00,-272,4388847,-1193766.38,4,fused
378099,000000378099.jpg,640x337,0,0.007955,0,1,TN,yolov8l_bsz4.ms,192.75,96.25,289.00,0.500,Mid (Meeting),6.05,18.96,360.97,3835.00,11499.37,343.19,,0,100,41.00,-272,4388847,-1193766.38,4,fused
370818,000000370818.jpg,472x640,0,0.007942,0,1,TN,yolov8l_bsz4.ms,192.75,96.25,289.00,0.500,Mid (Meeting),6.05,18.96,360.97,3835.00,11499.37,343.19,,0,100,41.00,-272,4388847,-1193766.38,4,fused
299609,000000299609.jpg,640x480,0,0.007914,0,1,TN,yolov8l_bsz4.ms,192.75,96.25,289.00,0.500,Mid (Meeting),6.05,18.96,360.97,3835.00,11499.37,343.19,,0,100,41.00,-272,4388847,-1193766.38,4,fused
445439,000000445439.jpg,640x425,0,0.007910,0,1,TN,yolov8l_bsz4.ms,200.00,84.75,284.75,0.500,Mid (Meeting),4.19,17.93,282.34,3913.00,11499.37,420.92,,0,100,41.00,-299,4387803,-1311953.10,4,fused
131138,000000131138.jpg,640x480,0,0.007834,1,0,FN,yolov8l_bsz4.ms,200.00,84.75,284.75,0.500,Mid (Meeting),4.19,17.93,282.34,3913.00,11499.37,420.92,,0,100,41.00,-299,4387803,-1311953.10,4,fused
34205,000000034205.jpg,640x427,0,0.007815,0,1,TN,yolov8l_bsz4.ms,200.00,84.75,284.75,0.500,Mid (Meeting),4.19,17.93,282.34,3913.00,11499.37,420.92,,0,100,41.00,-299,4387803,-1311953.10,4,fused
347456,000000347456.jpg,640x309,0,0.007776,0,1,TN,yolov8l_bsz4.ms,200.00,84.75,284.75,0.500,Mid (Meeting),4.19,17.93,282.34,3913.00,11499.37,420.92,,0,100,41.00,-299,4387803,-1311953.10,4,fused
529105,000000529105.jpg,640x480,0,0.007633,0,1,TN,yolov8l_bsz4.ms,196.75,108.75,305.50,0.500,Mid (Meeting),3.99,17.93,363.22,3833.00,11499.37,339.92,,0,100,41.00,-237,4389771,-1040375.73,4,fused
317024,000000317024.jpg,640x480,0,0.007632,0,1,TN,yolov8l_bsz4.ms,196.75,108.75,305.50,0.500,Mid (Meeting),3.99,17.93,363.22,3833.00,11499.37,339.92,,0,100,41.00,-237,4389771,-1040375.73,4,fused
45728,000000045728.jpg,640x480,0,0.007290,0,1,TN,yolov8l_bsz4.ms,196.75,108.75,305.50,0.500,Mid (Meeting),3.99,17.93,363.22,3833.00,11499.37,339.92,,0,100,41.00,-237,4389771,-1040375.73,4,fused
569059,000000569059.jpg,640x480,0,0.007249,1,0,FN,yolov8l_bsz4.ms,196.75,108.75,305.50,0.500,Mid (Meeting),3.99,17.93,363.22,3833.00,11499.37,339.92,,0,100,41.00,-237,4389771,-1040375.73,4,fused
79188,000000079188.jpg,480x640,0,0.007168,0,1,TN,yolov8l_bsz4.ms,198.00,106.50,304.50,0.500,Mid (Meeting),3.90,16.18,360.59,3837.00,11499.37,340.78,,0,100,41.00,-200,4391169,-878233.80,4,fused
104603,000000104603.jpg,640x428,0,0.006794,0,1,TN,yolov8l_bsz4.ms,198.00,106.50,304.50,0.500,Mid (Meeting),3.90,16.18,360.59,3837.00,11499.37,340.78,,0,100,41.00,-200,4391169,-878233.80,4,fused
136772,000000136772.jpg,500x334,0,0.006791,0,1,TN,yolov8l_bsz4.ms,198.00,106.50,304.50,0.500,Mid (Meeting),3.90,16.18,360.59,3837.00,11499.37,340.78,,0,100,41.00,-200,4391169,-878233.80,4,fused
116589,000000116589.jpg,500x375,0,0.006789,0,1,TN,yolov8l_bsz4.ms,198.00,106.50,304.50,0.500,Mid (Meeting),3.90,16.18,360.59,3837.00,11499.37,340.78,,0,100,41.00,-200,4391169,-878233.80,4,fused
572408,000000572408.jpg,424x640,0,0.006733,0,1,TN,yolov8l_bsz4.ms,192.50,105.50,298.00,0.500,Mid (Meeting),3.89,16.18,339.42,3861.00,11499.37,356.81,,0,100,41.00,-126,4393488,-553579.49,4,fused
11760,000000011760.jpg,640x425,0,0.006568,0,1,TN,yolov8l_bsz4.ms,192.50,105.50,298.00,0.500,Mid (Meeting),3.89,16.18,339.42,3861.00,11499.37,356.81,,0,100,41.00,-126,4393488,-553579.49,4,fused
313130,000000313130.jpg,640x480,0,0.006519,0,1,TN,yolov8l_bsz4.ms,192.50,105.50,298.00,0.500,Mid (Meeting),3.89,16.18,339.42,3861.00,11499.37,356.81,,0,100,41.00,-126,4393488,-553579.49,4,fused
313783,000000313783.jpg,500x375,0,0.006330,0,1,TN,yolov8l_bsz4.ms,192.50,105.50,298.00,0.500,Mid (Meeting),3.89,16.18,339.42,3861.00,11499.37,356.81,,0,100,41.00,-126,4393488,-553579.49,4,fused
521601,000000521601.jpg,640x480,0,0.006162,0,1,TN,yolov8l_bsz4.ms,188.75,92.75,281.50,0.500,Mid (Meeting),3.82,15.53,284.56,3917.00,11499.37,410.91,,0,100,41.00,-275,4389069,-1206993.98,4,fused
198915,000000198915.jpg,640x404,0,0.006055,0,1,TN,yolov8l_bsz4.ms,188.75,92.75,281.50,0.500,Mid (Meeting),3.82,15.53,284.56,3917.00,11499.37,410.91,,0,100,41.00,-275,4389069,-1206993.98,4,fused
105249,000000105249.jpg,500x333,0,0.006023,0,1,TN,yolov8l_bsz4.ms,188.75,92.75,281.50,0.500,Mid (Meeting),3.82,15.53,284.56,3917.00,11499.37,410.91,,0,100,41.00,-275,4389069,-1206993.98,4,fused
555012,000000555012.jpg,640x426,0,0.005994,0,1,TN,yolov8l_bsz4.ms,188.75,92.75,281.50,0.500,Mid (Meeting),3.82,15.53,284.56,3917.00,11499.37,410.91,,0,100,41.00,-275,4389069,-1206993.98,4,fused
75456,000000075456.jpg,640x427,0,0.005945,0,1,TN,yolov8l_bsz4.ms,190.00,104.75,294.75,0.500,Mid (Meeting),3.81,15.53,361.75,3840.00,11499.37,333.14,,0,100,41.00,-185,4391713,-812466.91,4,fused
149622,000000149622.jpg,640x453,0,0.005918,0,1,TN,yolov8l_bsz4.ms,190.00,104.75,294.75,0.500,Mid (Meeting),3.81,15.53,361.75,3840.00,11499.37,333.14,,0,100,41.00,-185,4391713,-812466.91,4,fused
55072,000000055072.jpg,640x427,0,0.005842,0,1,TN,yolov8l_bsz4.ms,190.00,104.75,294.75,0.500,Mid (Meeting),3.81,15.53,361.75,3840.00,11499.37,333.14,,0,100,41.00,-185,4391713,-812466.91,4,fused
344059,000000344059.jpg,640x427,0,0.005761,0,1,TN,yolov8l_bsz4.ms,190.00,104.75,294.75,0.500,Mid (Meeting),3.81,15.53,361.75,3840.00,11499.37,333.14,,0,100,41.00,-185,4391713,-812466.91,4,fused
445248,000000445248.jpg,640x427,0,0.005761,0,1,TN,yolov8l_bsz4.ms,189.75,107.25,297.00,0.500,Mid (Meeting),3.79,15.57,362.06,3840.00,11499.37,330.80,,0,100,41.00,-178,4391834,-781746.45,4,fused
348243,000000348243.jpg,427x640,0,0.005706,0,1,TN,yolov8l_bsz4.ms,189.75,107.25,297.00,0.500,Mid (Meeting),3.79,15.57,362.06,3840.00,11499.37,330.80,,0,100,41.00,-178,4391834,-781746.45,4,fused
335450,000000335450.jpg,640x428,0,0.005691,0,1,TN,yolov8l_bsz4.ms,189.75,107.25,297.00,0.500,Mid (Meeting),3.79,15.57,362.06,3840.00,11499.37,330.80,,0,100,41.00,-178,4391834,-781746.45,4,fused
447522,000000447522.jpg,640x480,0,0.005632,0,1,TN,yolov8l_bsz4.ms,189.75,107.25,297.00,0.500,Mid (Meeting),3.79,15.57,362.06,3840.00,11499.37,330.80,,0,100,41.00,-178,4391834,-781746.45,4,fused
397327,000000397327.jpg,640x427,0,0.005528,0,1,TN,yolov8l_bsz4.ms,197.50,88.25,285.75,0.500,Mid (Meeting),7.16,15.57,339.69,3861.00,11499.37,351.66,,0,100,41.00,-403,4384941,-1767131.22,4,fused
448448,000000448448.jpg,640x480,0,0.005519,0,1,TN,yolov8l_bsz4.ms,197.50,88.25,285.75,0.500,Mid (Meeting),7.16,15.57,339.69,3861.00,11499.37,351.66,,0,100,41.00,-403,4384941,-1767131.22,4,fused
551660,000000551660.jpg,424x640,0,0.005310,0,1,TN,yolov8l_bsz4.ms,197.50,88.25,285.75,0.500,Mid (Meeting),7.16,15.57,339.69,3861.00,11499.37,351.66,,0,100,41.00,-403,4384941,-1767131.22,4,fused
6012,000000006012.jpg,640x531,0,0.005305,0,1,TN,yolov8l_bsz4.ms,197.50,88.25,285.75,0.500,Mid (Meeting),7.16,15.57,339.69,3861.00,11499.37,351.66,,0,100,41.00,-403,4384941,-1767131.22,4,fused
577584,000000577584.jpg,418x640,0,0.005233,0,1,TN,yolov8l_bsz4.ms,199.00,87.75,286.75,0.500,Mid (Meeting),4.65,19.61,283.76,3919.00,11499.37,406.63,,0,100,41.00,-324,4387216,-1421457.98,4,fused
466339,000000466339.jpg,359x640,0,0.005161,0,1,TN,yolov8l_bsz4.ms,199.00,87.75,286.75,0.500,Mid (Meeting),4.65,19.61,283.76,3919.00,11499.37,406.63,,0,100,41.00,-324,4387216,-1421457.98,4,fused
34760,000000034760.jpg,426x640,0,0.005068,0,1,TN,yolov8l_bsz4.ms,199.00,87.75,286.75,0.500,Mid (Meeting),4.65,19.61,283.76,3919.00,11499.37,406.63,,0,100,41.00,-324,4387216,-1421457.98,4,fused
546011,000000546011.jpg,500x334,0,0.004957,0,1,TN,yolov8l_bsz4.ms,199.00,87.75,286.75,0.500,Mid (Meeting),4.65,19.61,283.76,3919.00,11499.37,406.63,,0,100,41.00,-324,4387216,-1421457.98,4,fused
167898,000000167898.jpg,640x480,0,0.004909,0,1,TN,yolov8l_bsz4.ms,189.50,103.00,292.50,0.500,Mid (Meeting),4.09,19.61,362.08,3840.00,11499.37,325.84,,0,100,41.00,-221,4390297,-970255.64,4,fused
24919,000000024919.jpg,640x425,0,0.004786,0,1,TN,yolov8l_bsz4.ms,189.50,103.00,292.50,0.500,Mid (Meeting),4.09,19.61,362.08,3840.00,11499.37,325.84,,0,100,41.00,-221,4390297,-970255.64,4,fused
356498,000000356498.jpg,500x350,0,0.004749,0,1,TN,yolov8l_bsz4.ms,189.50,103.00,292.50,0.500,Mid (Meeting),4.09,19.61,362.08,3840.00,11499.37,325.84,,0,100,41.00,-221,4390297,-970255.64,4,fused
32285,000000032285.jpg,640x423,0,0.004661,0,1,TN,yolov8l_bsz4.ms,189.50,103.00,292.50,0.500,Mid (Meeting),4.09,19.61,362.08,3840.00,11499.37,325.84,,0,100,41.00,-221,4390297,-970255.64,4,fused
60770,000000060770.jpg,500x375,0,0.004565,0,1,TN,yolov8l_bsz4.ms,197.75,100.50,298.25,0.500,Mid (Meeting),4.02,17.38,360.68,3843.00,11499.37,325.73,,0,100,41.00,-246,4389284,-1079763.86,4,fused
462576,000000462576.jpg,640x480,0,0.004397,0,1,TN,yolov8l_bsz4.ms,197.75,100.50,298.25,0.500,Mid (Meeting),4.02,17.38,360.68,3843.00,11499.37,325.73,,0,100,41.00,-246,4389284,-1079763.86,4,fused
167128,000000167128.jpg,640x427,0,0.004325,0,1,TN,yolov8l_bsz4.ms,197.75,100.50,298.25,0.500,Mid (Meeting),4.02,17.38,360.68,3843.00,11499.37,325.73,,0,100,41.00,-246,4389284,-1079763.86,4,fused
311295,000000311295.jpg,640x427,0,0.004301,0,1,TN,yolov8l_bsz4.ms,197.75,100.50,298.25,0.500,Mid (Meeting),4.02,17.38,360.68,3843.00,11499.37,325.73,,0,100,41.00,-246,4389284,-1079763.86,4,fused
53505,000000053505.jpg,428x640,0,0.004251,0,1,TN,yolov8l_bsz4.ms,198.00,111.50,309.50,0.500,Mid (Meeting),3.97,17.38,340.07,3861.00,11499.37,344.85,,0,100,41.00,-265,4389050,-1163098.25,4,fused
3501,000000003501.jpg,612x612,0,0.004049,0,1,TN,yolov8l_bsz4.ms,198.00,111.50,309.50,0.500,Mid (Meeting),3.97,17.38,340.07,3861.00,11499.37,344.85,,0,100,41.00,-265,4389050,-1163098.25,4,fused
177714,000000177714.jpg,640x409,0,0.003842,0,1,TN,yolov8l_bsz4.ms,198.00,111.50,309.50,0.500,Mid (Meeting),3.97,17.38,340.07,3861.00,11499.37,344.85,,0,100,41.00,-265,4389050,-1163098.25,4,fused
389381,000000389381.jpg,640x543,0,0.003829,0,1,TN,yolov8l_bsz4.ms,198.00,111.50,309.50,0.500,Mid (Meeting),3.97,17.38,340.07,3861.00,11499.37,344.85,,0,100,41.00,-265,4389050,-1163098.25,4,fused
509656,000000509656.jpg,640x480,0,0.003803,0,1,TN,yolov8l_bsz4.ms,192.75,111.25,304.00,0.500,Mid (Meeting),3.92,17.24,289.52,3913.00,11499.37,393.80,,0,100,41.00,-199,4390979,-873804.82,4,fused
52017,000000052017.jpg,640x425,0,0.003802,1,0,FN,yolov8l_bsz4.ms,192.75,111.25,304.00,0.500,Mid (Meeting),3.92,17.24,289.52,3913.00,11499.37,393.80,,0,100,41.00,-199,4390979,-873804.82,4,fused
229747,000000229747.jpg,640x541,0,0.003663,0,1,TN,yolov8l_bsz4.ms,192.75,111.25,304.00,0.500,Mid (Meeting),3.92,17.24,289.52,3913.00,11499.37,393.80,,0,100,41.00,-199,4390979,-873804.82,4,fused
125211,000000125211.jpg,640x480,0,0.003641,0,1,TN,yolov8l_bsz4.ms,192.75,111.25,304.00,0.500,Mid (Meeting),3.92,17.24,289.52,3913.00,11499.37,393.80,,0,100,41.00,-199,4390979,-873804.82,4,fused
351362,000000351362.jpg,426x640,0,0.003601,0,1,TN,yolov8l_bsz4.ms,196.25,103.25,299.50,0.500,Mid (Meeting),3.89,17.24,364.17,3850.00,11499.37,330.25,,0,100,41.00,-204,4391023,-895768.69,4,fused
187271,000000187271.jpg,480x640,0,0.003550,0,1,TN,yolov8l_bsz4.ms,196.25,103.25,299.50,0.500,Mid (Meeting),3.89,17.24,364.17,3850.00,11499.37,330.25,,0,100,41.00,-204,4391023,-895768.69,4,fused
319935,000000319935.jpg,640x398,0,0.003549,0,1,TN,yolov8l_bsz4.ms,196.25,103.25,299.50,0.500,Mid (Meeting),3.89,17.24,364.17,3850.00,11499.37,330.25,,0,100,41.00,-204,4391023,-895768.69,4,fused
247806,000000247806.jpg,640x480,0,0.003522,0,1,TN,yolov8l_bsz4.ms,196.25,103.25,299.50,0.500,Mid (Meeting),3.89,17.24,364.17,3850.00,11499.37,330.25,,0,100,41.00,-204,4391023,-895768.69,4,fused
555412,000000555412.jpg,640x427,0,0.003438,0,1,TN,yolov8l_bsz4.ms,196.75,103.50,300.25,0.500,Mid (Meeting),3.86,17.04,360.80,3854.00,11499.37,331.91,,0,100,41.00,-180,4391765,-790517.70,4,fused
28452,000000028452.jpg,480x640,0,0.003389,0,1,TN,yolov8l_bsz4.ms,196.75,103.50,300.25,0.500,Mid (Meeting),3.86,17.04,360.80,3854.00,11499.37,331.91,,0,100,41.00,-180,4391765,-790517.70,4,fused
285788,000000285788.jpg,640x481,0,0.003247,0,1,TN,yolov8l_bsz4.ms,196.75,103.50,300.25,0.500,Mid (Meeting),3.86,17.04,360.80,3854.00,11499.37,331.91,,0,100,41.00,-180,4391765,-790517.70,4,fused
486046,000000486046.jpg,640x480,0,0.003099,0,1,TN,yolov8l_bsz4.ms,196.75,103.50,300.25,0.500,Mid (Meeting),3.86,17.04,360.80,3854.00,11499.37,331.91,,0,100,41.00,-180,4391765,-790517.70,4,fused
383443,000000383443.jpg,640x427,0,0.003083,0,1,TN,yolov8l_bsz4.ms,194.00,90.00,284.00,0.500,Mid (Meeting),8.07,17.04,340.55,3874.00,11499.37,350.47,,0,100,41.00,-263,4389095,-1154331.99,4,fused
230166,000000230166.jpg,640x428,0,0.003062,0,1,TN,yolov8l_bsz4.ms,194.00,90.00,284.00,0.500,Mid (Meeting),8.07,17.04,340.55,3874.00,11499.37,350.47,,0,100,41.00,-263,4389095,-1154331.99,4,fused
62554,000000062554.jpg,640x428,0,0.003032,0,1,TN,yolov8l_bsz4.ms,194.00,90.00,284.00,0.500,Mid (Meeting),8.07,17.04,340.55,3874.00,11499.37,350.47,,0,100,41.00,-263,4389095,-1154331.99,4,fused
581615,000000581615.jpg,478x640,0,0.003010,0,1,TN,yolov8l_bsz4.ms,194.00,90.00,284.00,0.500,Mid (Meeting),8.07,17.04,340.55,3874.00,11499.37,350.47,,0,100,41.00,-263,4389095,-1154331.99,4,fused
504580,000000504580.jpg,640x427,0,0.002997,0,1,TN,yolov8l_bsz4.ms,191.00,108.25,299.25,0.500,Mid (Meeting),4.70,16.65,286.78,3929.00,11499.37,405.55,,0,100,41.00,-140,4393006,-615020.84,4,fused
376278,000000376278.jpg,640x427,0,0.002991,0,1,TN,yolov8l_bsz4.ms,191.00,108.25,299.25,0.500,Mid (Meeting),4.70,16.65,286.78,3929.00,11499.37,405.55,,0,100,41.00,-140,4393006,-615020.84,4,fused
564133,000000564133.jpg,640x424,0,0.002971,0,1,TN,yolov8l_bsz4.ms,191.00,108.25,299.25,0.500,Mid (Meeting),4.70,16.65,286.78,3929.00,11499.37,405.55,,0,100,41.00,-140,4393006,-615020.84,4,fused
471450,000000471450.jpg,640x480,0,0.002916,0,1,TN,yolov8l_bsz4.ms,191.00,108.25,299.25,0.500,Mid (Meeting),4.70,16.65,286.78,3929.00,11499.37,405.55,,0,100,41.00,-140,4393006,-615020.84,4,fused
235857,000000235857.jpg,640x426,0,0.002880,0,1,TN,yolov8l_bsz4.ms,189.50,102.50,292.00,0.500,Mid (Meeting),4.26,16.65,361.53,3854.00,11499.37,329.63,,0,100,41.00,-133,4393209,-584296.80,4,fused
90108,000000090108.jpg,640x480,0,0.002858,0,1,TN,yolov8l_bsz4.ms,189.50,102.50,292.00,0.500,Mid (Meeting),4.26,16.65,361.53,3854.00,11499.37,329.63,,0,100,41.00,-133,4393209,-584296.80,4,fused
66635,000000066635.jpg,640x480,0,0.002830,0,1,TN,yolov8l_bsz4.ms,189.50,102.50,292.00,0.500,Mid (Meeting),4.26,16.65,361.53,3854.00,11499.37,329.63,,0,100,41.00,-133,4393209,-584296.80,4,fused
349837,000000349837.jpg,500x333,0,0.002818,0,1,TN,yolov8l_bsz4.ms,189.50,102.50,292.00,0.500,Mid (Meeting),4.26,16.65,361.53,3854.00,11499.37,329.63,,0,100,41.00,-133,4393209,-584296.80,4,fused
122969,000000122969.jpg,500x333,0,0.002801,0,1,TN,yolov8l_bsz4.ms,194.75,97.50,292.25,0.500,Mid (Meeting),4.04,16.91,361.69,3852.00,11499.37,326.44,,0,100,41.00,-196,4391209,-860676.96,4,fused
110972,000000110972.jpg,640x487,0,0.002801,0,1,TN,yolov8l_bsz4.ms,194.75,97.50,292.25,0.500,Mid (Meeting),4.04,16.91,361.69,3852.00,11499.37,326.44,,0,100,41.00,-196,4391209,-860676.96,4,fused
550471,000000550471.jpg,640x425,0,0.002778,0,1,TN,yolov8l_bsz4.ms,194.75,97.50,292.25,0.500,Mid (Meeting),4.04,16.91,361.69,3852.00,11499.37,326.44,,0,100,41.00,-196,4391209,-860676.96,4,fused
351331,000000351331.jpg,640x480,0,0.002712,0,1,TN,yolov8l_bsz4.ms,194.75,97.50,292.25,0.500,Mid (Meeting),4.04,16.91,361.69,3852.00,11499.37,326.44,,0,100,41.00,-196,4391209,-860676.96,4,fused
237928,000000237928.jpg,457x640,0,0.002669,0,1,TN,yolov8l_bsz4.ms,189.25,102.50,291.75,0.500,Mid (Meeting),3.97,16.91,339.02,3876.00,11499.37,349.44,,0,100,41.00,-157,4392361,-689600.68,4,fused
509735,000000509735.jpg,640x428,0,0.002664,0,1,TN,yolov8l_bsz4.ms,189.25,102.50,291.75,0.500,Mid (Meeting),3.97,16.91,339.02,3876.00,11499.37,349.44,,0,100,41.00,-157,4392361,-689600.68,4,fused
6213,000000006213.jpg,640x425,0,0.002658,0,1,TN,yolov8l_bsz4.ms,189.25,102.50,291.75,0.500,Mid (Meeting),3.97,16.91,339.02,3876.00,11499.37,349.44,,0,100,41.00,-157,4392361,-689600.68,4,fused
133778,000000133778.jpg,640x483,0,0.002616,0,1,TN,yolov8l_bsz4.ms,189.25,102.50,291.75,0.500,Mid (Meeting),3.97,16.91,339.02,3876.00,11499.37,349.44,,0,100,41.00,-157,4392361,-689600.68,4,fused
259382,000000259382.jpg,640x480,0,0.002531,0,1,TN,yolov8l_bsz4.ms,194.75,103.50,298.25,0.500,Mid (Meeting),3.91,15.98,285.88,3929.00,11499.37,401.59,,0,100,41.00,-192,4391252,-843120.38,4,fused
119038,000000119038.jpg,640x480,0,0.002518,0,1,TN,yolov8l_bsz4.ms,194.75,103.50,298.25,0.500,Mid (Meeting),3.91,15.98,285.88,3929.00,11499.37,401.59,,0,100,41.00,-192,4391252,-843120.38,4,fused
225184,000000225184.jpg,457x640,0,0.002502,0,1,TN,yolov8l_bsz4.ms,194.75,103.50,298.25,0.500,Mid (Meeting),3.91,15.98,285.88,3929.00,11499.37,401.59,,0,100,41.00,-192,4391252,-843120.38,4,fused
416837,000000416837.jpg,640x427,0,0.002495,0,1,TN,yolov8l_bsz4.ms,194.75,103.50,298.25,0.500,Mid (Meeting),3.91,15.98,285.88,3929.00,11499.37,401.59,,0,100,41.00,-192,4391252,-843120.38,4,fused
394611,000000394611.jpg,640x480,0,0.002482,0,1,TN,yolov8l_bsz4.ms,193.00,102.00,295.00,0.500,Mid (Meeting),3.84,15.98,362.69,3852.00,11499.37,324.40,,0,100,41.00,-197,4391181,-865062.66,4,fused
221693,000000221693.jpg,640x426,0,0.002324,0,1,TN,yolov8l_bsz4.ms,193.00,102.00,295.00,0.500,Mid (Meeting),3.84,15.98,362.69,3852.00,11499.37,324.40,,0,100,41.00,-197,4391181,-865062.66,4,fused
108864,000000108864.jpg,640x480,0,0.002210,0,1,TN,yolov8l_bsz4.ms,193.00,102.00,295.00,0.500,Mid (Meeting),3.84,15.98,362.69,3852.00,11499.37,324.40,,0,100,41.00,-197,4391181,-865062.66,4,fused
114871,000000114871.jpg,640x427,0,0.002138,0,1,TN,yolov8l_bsz4.ms,193.00,102.00,295.00,0.500,Mid (Meeting),3.84,15.98,362.69,3852.00,11499.37,324.40,,0,100,41.00,-197,4391181,-865062.66,4,fused
91921,000000091921.jpg,640x480,0,0.002136,0,1,TN,yolov8l_bsz4.ms,189.75,111.75,301.50,0.500,Mid (Meeting),3.87,15.93,360.18,3855.00,11499.37,326.54,,0,100,41.00,-227,4390226,-996581.30,4,fused
475779,000000475779.jpg,640x480,0,0.002090,0,1,TN,yolov8l_bsz4.ms,189.75,111.75,301.50,0.500,Mid (Meeting),3.87,15.93,360.18,3855.00,11499.37,326.54,,0,100,41.00,-227,4390226,-996581.30,4,fused
58636,000000058636.jpg,634x640,0,0.002080,0,1,TN,yolov8l_bsz4.ms,189.75,111.75,301.50,0.500,Mid (Meeting),3.87,15.93,360.18,3855.00,11499.37,326.54,,0,100,41.00,-227,4390226,-996581.30,4,fused
474881,000000474881.jpg,640x480,0,0.002037,0,1,TN,yolov8l_bsz4.ms,189.75,111.75,301.50,0.500,Mid (Meeting),3.87,15.93,360.18,3855.00,11499.37,326.54,,0,100,41.00,-227,4390226,-996581.30,4,fused
446005,000000446005.jpg,500x333,0,0.002018,0,1,TN,yolov8l_bsz4.ms,197.75,94.75,292.50,0.500,Mid (Meeting),8.39,15.93,338.12,3876.00,11499.37,346.25,,0,100,41.00,-237,4390149,-1040465.31,4,fused
157138,000000157138.jpg,500x353,0,0.001983,0,1,TN,yolov8l_bsz4.ms,197.75,94.75,292.50,0.500,Mid (Meeting),8.39,15.93,338.12,3876.00,11499.37,346.25,,0,100,41.00,-237,4390149,-1040465.31,4,fused
60363,000000060363.jpg,640x480,0,0.001839,0,1,TN,yolov8l_bsz4.ms,197.75,94.75,292.50,0.500,Mid (Meeting),8.39,15.93,338.12,3876.00,11499.37,346.25,,0,100,41.00,-237,4390149,-1040465.31,4,fused
268996,000000268996.jpg,500x375,0,0.001807,0,1,TN,yolov8l_bsz4.ms,197.75,94.75,292.50,0.500,Mid (Meeting),8.39,15.93,338.12,3876.00,11499.37,346.25,,0,100,41.00,-237,4390149,-1040465.31,4,fused
60855,000000060855.jpg,500x399,0,0.001791,0,1,TN,yolov8l_bsz4.ms,195.25,100.50,295.75,0.500,Mid (Meeting),4.53,16.84,288.87,3926.00,11499.37,394.94,,0,100,41.00,-193,4391292,-847519.36,4,fused
402783,000000402783.jpg,640x480,0,0.001762,0,1,TN,yolov8l_bsz4.ms,195.25,100.50,295.75,0.500,Mid (Meeting),4.53,16.84,288.87,3926.00,11499.37,394.94,,0,100,41.00,-193,4391292,-847519.36,4,fused
216739,000000216739.jpg,640x427,0,0.001440,0,1,TN,yolov8l_bsz4.ms,195.25,100.50,295.75,0.500,Mid (Meeting),4.53,16.84,288.87,3926.00,11499.37,394.94,,0,100,41.00,-193,4391292,-847519.36,4,fused
361180,000000361180.jpg,640x426,0,0.001434,0,1,TN,yolov8l_bsz4.ms,195.25,100.50,295.75,0.500,Mid (Meeting),4.53,16.84,288.87,3926.00,11499.37,394.94,,0,100,41.00,-193,4391292,-847519.36,4,fused
547519,000000547519.jpg,640x425,0,0.001392,0,1,TN,yolov8l_bsz4.ms,193.00,104.75,297.75,0.500,Mid (Meeting),4.14,16.84,365.78,3849.00,11499.37,317.36,,0,100,41.00,-129,4393142,-566715.32,4,fused
272416,000000272416.jpg,640x480,0,0.001329,0,1,TN,yolov8l_bsz4.ms,193.00,104.75,297.75,0.500,Mid (Meeting),4.14,16.84,365.78,3849.00,11499.37,317.36,,0,100,41.00,-129,4393142,-566715.32,4,fused
454750,000000454750.jpg,640x427,0,0.001273,0,1,TN,yolov8l_bsz4.ms,193.00,104.75,297.75,0.500,Mid (Meeting),4.14,16.84,365.78,3849.00,11499.37,317.36,,0,100,41.00,-129,4393142,-566715.32,4,fused
518213,000000518213.jpg,640x480,0,0.001180,0,1,TN,yolov8l_bsz4.ms,193.00,104.75,297.75,0.500,Mid (Meeting),4.14,16.84,365.78,3849.00,11499.37,317.36,,0,100,41.00,-129,4393142,-566715.32,4,fused
157098,000000157098.jpg,500x333,0,0.001131,0,1,TN,yolov8l_bsz4.ms,189.25,98.75,288.00,0.500,Mid (Meeting),3.96,16.10,358.92,3854.00,11499.37,322.95,,0,100,41.00,-179,4391615,-786099.08,4,fused
295797,000000295797.jpg,427x640,0,0.001119,0,1,TN,yolov8l_bsz4.ms,189.25,98.75,288.00,0.500,Mid (Meeting),3.96,16.10,358.92,3854.00,11499.37,322.95,,0,100,41.00,-179,4391615,-786099.08,4,fused
61658,000000061658.jpg,640x480,0,0.001105,0,1,TN,yolov8l_bsz4.ms,189.25,98.75,288.00,0.500,Mid (Meeting),3.96,16.10,358.92,3854.00,11499.37,322.95,,0,100,41.00,-179,4391615,-786099.08,4,fused
526706,000000526706.jpg,640x427,0,0.001046,0,1,TN,yolov8l_bsz4.ms,189.25,98.75,288.00,0.500,Mid (Meeting),3.96,16.10,358.92,3854.00,11499.37,322.95,,0,100,41.00,-179,4391615,-786099.08,4,fused
564023,000000564023.jpg,480x640,0,0.001028,0,1,TN,yolov8l_bsz4.ms,194.50,100.75,295.25,0.500,Mid (Meeting),3.96,16.10,336.95,3875.00,11499.37,343.25,,0,100,41.00,-201,4391076,-882606.28,4,fused
148620,000000148620.jpg,500x375,0,0.000987,0,1,TN,yolov8l_bsz4.ms,194.50,100.75,295.25,0.500,Mid (Meeting),3.96,16.10,336.95,3875.00,11499.37,343.25,,0,100,41.00,-201,4391076,-882606.28,4,fused
343466,000000343466.jpg,320x240,0,0.000921,0,1,TN,yolov8l_bsz4.ms,194.50,100.75,295.25,0.500,Mid (Meeting),3.96,16.10,336.95,3875.00,11499.37,343.25,,0,100,41.00,-201,4391076,-882606.28,4,fused
94852,000000094852.jpg,640x512,0,0.000872,0,1,TN,yolov8l_bsz4.ms,194.50,100.75,295.25,0.500,Mid (Meeting),3.96,16.10,336.95,3875.00,11499.37,343.25,,0,100,41.00,-201,4391076,-882606.28,4,fused
577862,000000577862.jpg,640x424,0,0.000859,0,1,TN,yolov8l_bsz4.ms,190.75,106.50,297.25,0.500,Mid (Meeting),3.88,15.79,285.85,3931.00,11499.37,397.20,,0,100,41.00,-134,4393054,-588669.24,4,fused
205282,000000205282.jpg,640x480,0,0.000742,0,1,TN,yolov8l_bsz4.ms,190.75,106.50,297.25,0.500,Mid (Meeting),3.88,15.79,285.85,3931.00,11499.37,397.20,,0,100,41.00,-134,4393054,-588669.24,4,fused
501243,000000501243.jpg,640x427,0,0.000730,0,1,TN,yolov8l_bsz4.ms,190.75,106.50,297.25,0.500,Mid (Meeting),3.88,15.79,285.85,3931.00,11499.37,397.20,,0,100,41.00,-134,4393054,-588669.24,4,fused
516316,000000516316.jpg,640x480,0,0.000667,0,1,TN,yolov8l_bsz4.ms,190.75,106.50,297.25,0.500,Mid (Meeting),3.88,15.79,285.85,3931.00,11499.37,397.20,,0,100,41.00,-134,4393054,-588669.24,4,fused
484296,000000484296.jpg,640x480,0,0.000629,0,1,TN,yolov8l_bsz4.ms,202.00,95.25,297.25,0.500,Mid (Meeting),3.80,15.79,362.75,3854.00,11499.37,319.48,,0,100,41.00,-264,4388813,-1158646.63,4,fused
382734,000000382734.jpg,480x640,0,0.000604,0,1,TN,yolov8l_bsz4.ms,202.00,95.25,297.25,0.500,Mid (Meeting),3.80,15.79,362.75,3854.00,11499.37,319.48,,0,100,41.00,-264,4388813,-1158646.63,4,fused
229753,000000229753.jpg,640x427,0,0.000563,0,1,TN,yolov8l_bsz4.ms,202.00,95.25,297.25,0.500,Mid (Meeting),3.80,15.79,362.75,3854.00,11499.37,319.48,,0,100,41.00,-264,4388813,-1158646.63,4,fused
101787,000000101787.jpg,457x640,0,0.000546,0,1,TN,yolov8l_bsz4.ms,202.00,95.25,297.25,0.500,Mid (Meeting),3.80,15.79,362.75,3854.00,11499.37,319.48,,0,100,41.00,-264,4388813,-1158646.63,4,fused
104782,000000104782.jpg,500x375,0,0.000525,0,1,TN,yolov8l_bsz4.ms,195.50,106.25,301.75,0.500,Mid (Meeting),3.81,16.34,359.68,3857.00,11499.37,321.99,,0,100,41.00,-216,4390532,-948354.91,4,fused
11615,000000011615.jpg,480x640,0,0.000514,0,1,TN,yolov8l_bsz4.ms,195.50,106.25,301.75,0.500,Mid (Meeting),3.81,16.34,359.68,3857.00,11499.37,321.99,,0,100,41.00,-216,4390532,-948354.91,4,fused
445846,000000445846.jpg,640x427,0,0.000443,0,1,TN,yolov8l_bsz4.ms,195.50,106.25,301.75,0.500,Mid (Meeting),3.81,16.34,359.68,3857.00,11499.37,321.99,,0,100,41.00,-216,4390532,-948354.91,4,fused
172977,000000172977.jpg,640x486,0,0.000403,0,1,TN,yolov8l_bsz4.ms,195.50,106.25,301.75,0.500,Mid (Meeting),3.81,16.34,359.68,3857.00,11499.37,321.99,,0,100,41.00,-216,4390532,-948354.91,4,fused
291861,000000291861.jpg,640x426,0,0.000387,0,1,TN,yolov8l_bsz4.ms,195.25,100.75,296.00,0.500,Mid (Meeting),8.21,16.34,341.78,3875.00,11499.37,337.62,,0,100,41.00,-268,4388547,-1176130.60,4,fused
802,000000000802.jpg,424x640,0,0.000370,0,1,TN,yolov8l_bsz4.ms,195.25,100.75,296.00,0.500,Mid (Meeting),8.21,16.34,341.78,3875.00,11499.37,337.62,,0,100,41.00,-268,4388547,-1176130.60,4,fused
464872,000000464872.jpg,640x427,0,0.000323,0,1,TN,yolov8l_bsz4.ms,195.25,100.75,296.00,0.500,Mid (Meeting),8.21,16.34,341.78,3875.00,11499.37,337.62,,0,100,41.00,-268,4388547,-1176130.60,4,fused
447313,000000447313.jpg,640x480,0,0.000312,0,1,TN,yolov8l_bsz4.ms,195.25,100.75,296.00,0.500,Mid (Meeting),8.21,16.34,341.78,3875.00,11499.37,337.62,,0,100,41.00,-268,4388547,-1176130.60,4,fused
507893,000000507893.jpg,427x640,0,0.000293,0,1,TN,yolov8l_bsz4.ms,193.00,101.75,294.75,0.500,Mid (Meeting),4.34,17.23,286.85,3929.00,11499.37,391.69,,0,100,41.00,-235,4389669,-1031572.21,4,fused
296969,000000296969.jpg,640x427,0,0.000286,0,1,TN,yolov8l_bsz4.ms,193.00,101.75,294.75,0.500,Mid (Meeting),4.34,17.23,286.85,3929.00,11499.37,391.69,,0,100,41.00,-235,4389669,-1031572.21,4,fused
222825,000000222825.jpg,427x640,0,0.000267,0,1,TN,yolov8l_bsz4.ms,193.00,101.75,294.75,0.500,Mid (Meeting),4.34,17.23,286.85,3929.00,11499.37,391.69,,0,100,41.00,-235,4389669,-1031572.21,4,fused
312586,000000312586.jpg,640x428,0,0.000237,0,1,TN,yolov8l_bsz4.ms,193.00,101.75,294.75,0.500,Mid (Meeting),4.34,17.23,286.85,3929.00,11499.37,391.69,,0,100,41.00,-235,4389669,-1031572.21,4,fused
215245,000000215245.jpg,640x480,0,0.000220,0,1,TN,yolov8l_bsz4.ms,189.50,113.50,303.00,0.500,Mid (Meeting),4.01,17.23,362.86,3853.00,11499.37,315.21,,0,100,41.00,-167,4391800,-733430.60,4,fused
547383,000000547383.jpg,640x426,0,0.000202,0,1,TN,yolov8l_bsz4.ms,189.50,113.50,303.00,0.500,Mid (Meeting),4.01,17.23,362.86,3853.00,11499.37,315.21,,0,100,41.00,-167,4391800,-733430.60,4,fused
93965,000000093965.jpg,640x457,0,0.000186,0,1,TN,yolov8l_bsz4.ms,189.50,113.50,303.00,0.500,Mid (Meeting),4.01,17.23,362.86,3853.00,11499.37,315.21,,0,100,41.00,-167,4391800,-733430.60,4,fused
157213,000000157213.jpg,640x360,0,0.000165,0,1,TN,yolov8l_bsz4.ms,189.50,113.50,303.00,0.500,Mid (Meeting),4.01,17.23,362.86,3853.00,11499.37,315.21,,0,100,41.00,-167,4391800,-733430.60,4,fused
545129,000000545129.jpg,500x373,0,0.000161,0,1,TN,yolov8l_bsz4.ms,198.50,92.00,290.50,0.500,Mid (Meeting),3.94,15.96,361.44,3854.00,11499.37,315.77,,0,100,41.00,-268,4388770,-1176190.36,4,fused
552902,000000552902.jpg,640x427,0,0.000159,0,1,TN,yolov8l_bsz4.ms,198.50,92.00,290.50,0.500,Mid (Meeting),3.94,15.96,361.44,3854.00,11499.37,315.77,,0,100,41.00,-268,4388770,-1176190.36,4,fused
320632,000000320632.jpg,640x480,0,0.000159,0,1,TN,yolov8l_bsz4.ms,198.50,92.00,290.50,0.500,Mid (Meeting),3.94,15.96,361.44,3854.00,11499.37,315.77,,0,100,41.00,-268,4388770,-1176190.36,4,fused
110211,000000110211.jpg,640x344,0,0.000100,0,1,TN,yolov8l_bsz4.ms,198.50,92.00,290.50,0.500,Mid (Meeting),3.94,15.96,361.44,3854.00,11499.37,315.77,,0,100,41.00,-268,4388770,-1176190.36,4,fused
70158,000000070158.jpg,427x640,0,0.000078,0,1,TN,yolov8l_bsz4.ms,192.25,100.75,293.00,0.500,Mid (Meeting),3.87,15.96,338.70,3876.00,11499.37,336.05,,0,100,41.00,-197,4390819,-864991.34,4,fused
270244,000000270244.jpg,640x428,0,0.000060,0,1,TN,yolov8l_bsz4.ms,192.25,100.75,293.00,0.500,Mid (Meeting),3.87,15.96,338.70,3876.00,11499.37,336.05,,0,100,41.00,-197,4390819,-864991.34,4,fused
493019,000000493019.jpg,640x479,0,0.000057,0,1,TN,yolov8l_bsz4.ms,192.25,100.75,293.00,0.500,Mid (Meeting),3.87,15.96,338.70,3876.00,11499.37,336.05,,0,100,41.00,-197,4390819,-864991.34,4,fused
68933,000000068933.jpg,500x313,0,0.000032,0,1,TN,yolov8l_bsz4.ms,192.25,100.75,293.00,0.500,Mid (Meeting),3.87,15.96,338.70,3876.00,11499.37,336.05,,0,100,41.00,-197,4390819,-864991.34,4,fused
504635,000000504635.jpg,640x426,0,0.000031,0,1,TN,yolov8l_bsz4.ms,189.25,94.00,283.25,0.500,Mid (Meeting),3.82,16.73,285.30,3929.00,11499.37,388.56,,0,100,41.00,-276,4388288,-1211167.49,4,fused
185409,000000185409.jpg,640x424,0,0.000031,0,1,TN,yolov8l_bsz4.ms,189.25,94.00,283.25,0.500,Mid (Meeting),3.82,16.73,285.30,3929.00,11499.37,388.56,,0,100,41.00,-276,4388288,-1211167.49,4,fused
124975,000000124975.jpg,640x425,0,0.000027,0,1,TN,yolov8l_bsz4.ms,189.25,94.00,283.25,0.500,Mid (Meeting),3.82,16.73,285.30,3929.00,11499.37,388.56,,0,100,41.00,-276,4388288,-1211167.49,4,fused
577149,000000577149.jpg,640x413,0,0.000027,0,1,TN,yolov8l_bsz4.ms,189.25,94.00,283.25,0.500,Mid (Meeting),3.82,16.73,285.30,3929.00,11499.37,388.56,,0,100,41.00,-276,4388288,-1211167.49,4,fused
350488,000000350488.jpg,640x427,0,0.000024,0,1,TN,yolov8l_bsz4.ms,187.00,117.50,304.50,0.500,Mid (Meeting),3.80,16.73,363.36,3851.00,11499.37,309.54,,0,100,41.00,-104,4393734,-456948.34,4,fused
104455,000000104455.jpg,640x480,0,0.000024,0,1,TN,yolov8l_bsz4.ms,187.00,117.50,304.50,0.500,Mid (Meeting),3.80,16.73,363.36,3851.00,11499.37,309.54,,0,100,41.00,-104,4393734,-456948.34,4,fused
218424,000000218424.jpg,640x480,0,0.000022,0,1,TN,yolov8l_bsz4.ms,187.00,117.50,304.50,0.500,Mid (Meeting),3.80,16.73,363.36,3851.00,11499.37,309.54,,0,100,41.00,-104,4393734,-456948.34,4,fused
52462,000000052462.jpg,640x427,0,0.000017,0,1,TN,yolov8l_bsz4.ms,187.00,117.50,304.50,0.500,Mid (Meeting),3.80,16.73,363.36,3851.00,11499.37,309.54,,0,100,41.00,-104,4393734,-456948.34,4,fused
473974,000000473974.jpg,640x427,0,0.000015,0,1,TN,yolov8l_bsz4.ms,193.00,104.00,297.00,0.500,Mid (Meeting),3.80,16.27,361.43,3853.00,11499.37,311.21,,0,100,41.00,-104,4393734,-456948.34,4,fused
449406,000000449406.jpg,500x333,0,0.000014,0,1,TN,yolov8l_bsz4.ms,193.00,104.00,297.00,0.500,Mid (Meeting),3.80,16.27,361.43,3853.00,11499.37,311.21,,0,100,41.00,-104,4393734,-456948.34,4,fused
426297,000000426297.jpg,640x425,0,0.000013,0,1,TN,yolov8l_bsz4.ms,193.00,104.00,297.00,0.500,Mid (Meeting),3.80,16.27,361.43,3853.00,11499.37,311.21,,0,100,41.00,-104,4393734,-456948.34,4,fused
508586,000000508586.jpg,640x360,0,0.000005,0,1,TN,yolov8l_bsz4.ms,193.00,104.00,297.00,0.500,Mid (Meeting),3.80,16.27,361.43,3853.00,11499.37,311.21,,0,100,41.00,-104,4393734,-456948.34,4,fused
38825,000000038825.jpg,640x427,0,0.000003,0,1,TN,yolov8l_bsz4.ms,193.25,102.25,295.50,0.500,Mid (Meeting),8.33,16.27,343.64,3869.00,11499.37,325.16,,0,100,41.00,-215,4390399,-943935.79,4,fused
201676,000000201676.jpg,640x480,0,0.000001,0,1,TN,yolov8l_bsz4.ms,193.25,102.25,295.50,0.500,Mid (Meeting),8.33,16.27,343.64,3869.00,11499.37,325.16,,0,100,41.00,-215,4390399,-943935.79,4,fused
159311,000000159311.jpg,500x333,0,0.000001,0,1,TN,yolov8l_bsz4.ms,193.25,102.25,295.50,0.500,Mid (Meeting),8.33,16.27,343.64,3869.00,11499.37,325.16,,0,100,41.00,-215,4390399,-943935.79,4,fused
54123,000000054123.jpg,640x428,0,0.000000,0,1,TN,yolov8l_bsz4.ms,193.25,102.25,295.50,0.500,Mid (Meeting),8.33,16.27,343.64,3869.00,11499.37,325.16,,0,100,41.00,-215,4390399,-943935.79,4,fused
