imgId,file,origResolution,infiPredPerson,infiProbPerson,gtPerson,infiCorrect,infiType,yoloModel,latencyMs,prepMs,totalMs,tau,stateName,cpuProcPct,cpuSysPct,pssMb,availMemMb,totalMemMb,freeMemMb,cpuFreqsKhz,gpuFreqKhz,batterySocPct,batteryTempC,batteryCurrentMa,batteryVoltageMv,batteryPowerMw,thermalLevel,preprocessMode
266409,000000266409.jpg,640x480,1,1.000000,1,1,TP,yolov8l_bsz4.ms,119.75,117.50,237.25,0.500,Mid (Meeting),2.63,31.49,600.40,1823.00,11499.37,165.19,,0,69,34.00,-198,4039375,-799796.25,2,fused
438862,000000438862.jpg,640x427,1,1.000000,1,1,TP,yolov8l_bsz4.ms,119.75,117.50,237.25,0.500,Mid (Meeting),2.63,31.49,600.40,1823.00,11499.37,165.19,,0,69,34.00,-198,4039375,-799796.25,2,fused
474028,000000474028.jpg,640x427,1,1.000000,1,1,TP,yolov8l_bsz4.ms,119.75,117.50,237.25,0.500,Mid (Meeting),2.63,31.49,600.40,1823.00,11499.37,165.19,,0,69,34.00,-198,4039375,-799796.25,2,fused
78915,000000078915.jpg,481x640,1,1.000000,1,1,TP,yolov8l_bsz4.ms,119.75,117.50,237.25,0.500,Mid (Meeting),2.63,31.49,600.40,1823.00,11499.37,165.19,,0,69,34.00,-198,4039375,-799796.25,2,fused
57597,000000057597.jpg,640x426,1,1.000000,1,1,TP,yolov8l_bsz4.ms,118.25,107.75,226.00,0.500,Mid (Meeting),2.80,31.49,680.00,1782.00,11499.37,166.07,,0,69,34.00,-460,4029398,-1853523.08,2,fused
559842,000000559842.jpg,640x427,1,1.000000,1,1,TP,yolov8l_bsz4.ms,118.25,107.75,226.00,0.500,Mid (Meeting),2.80,31.49,680.00,1782.00,11499.37,166.07,,0,69,34.00,-460,4029398,-1853523.08,2,fused
295713,000000295713.jpg,640x427,1,1.000000,1,1,TP,yolov8l_bsz4.ms,118.25,107.75,226.00,0.500,Mid (Meeting),2.80,31.49,680.00,1782.00,11499.37,166.07,,0,69,34.00,-460,4029398,-1853523.08,2,fused
562243,000000562243.jpg,640x640,1,1.000000,1,1,TP,yolov8l_bsz4.ms,118.25,107.75,226.00,0.500,Mid (Meeting),2.80,31.49,680.00,1782.00,11499.37,166.07,,0,69,34.00,-460,4029398,-1853523.08,2,fused
283520,000000283520.jpg,640x426,1,1.000000,1,1,TP,yolov8l_bsz4.ms,115.50,93.25,208.75,0.500,Mid (Meeting),5.22,30.63,347.56,2084.00,11499.37,503.48,,0,69,34.00,-440,4028667,-1772613.48,2,fused
414170,000000414170.jpg,425x640,1,1.000000,1,1,TP,yolov8l_bsz4.ms,115.50,93.25,208.75,0.500,Mid (Meeting),5.22,30.63,347.56,2084.00,11499.37,503.48,,0,69,34.00,-440,4028667,-1772613.48,2,fused
541055,000000541055.jpg,640x360,1,1.000000,1,1,TP,yolov8l_bsz4.ms,115.50,93.25,208.75,0.500,Mid (Meeting),5.22,30.63,347.56,2084.00,11499.37,503.48,,0,69,34.00,-440,4028667,-1772613.48,2,fused
409475,000000409475.jpg,640x480,1,1.000000,1,1,TP,yolov8l_bsz4.ms,115.50,93.25,208.75,0.500,Mid (Meeting),5.22,30.63,347.56,2084.00,11499.37,503.48,,0,69,34.00,-440,4028667,-1772613.48,2,fused
239537,000000239537.jpg,640x436,1,1.000000,1,1,TP,yolov8l_bsz4.ms,115.00,91.50,206.50,0.500,Mid (Meeting),4.99,30.63,428.42,2002.00,11499.37,424.07,,0,69,34.00,-309,4032768,-1246125.31,2,fused
537991,000000537991.jpg,640x480,1,1.000000,1,1,TP,yolov8l_bsz4.ms,115.00,91.50,206.50,0.500,Mid (Meeting),4.99,30.63,428.42,2002.00,11499.37,424.07,,0,69,34.00,-309,4032768,-1246125.31,2,fused
140640,000000140640.jpg,640x426,1,1.000000,1,1,TP,yolov8l_bsz4.ms,115.00,91.50,206.50,0.500,Mid (Meeting),4.99,30.63,428.42,2002.00,11499.37,424.07,,0,69,34.00,-309,4032768,-1246125.31,2,fused
386352,000000386352.jpg,640x427,1,1.000000,1,1,TP,yolov8l_bsz4.ms,115.00,91.50,206.50,0.500,Mid (Meeting),4.99,30.63,428.42,2002.00,11499.37,424.07,,0,69,34.00,-309,4032768,-1246125.31,2,fused
221291,000000221291.jpg,335x500,1,1.000000,1,1,TP,yolov8l_bsz4.ms,115.50,95.00,210.50,0.500,Mid (Meeting),4.73,31.52,508.36,1913.00,11499.37,327.04,,0,69,34.00,-470,4026910,-1892647.70,2,fused
410650,000000410650.jpg,640x480,1,1.000000,1,1,TP,yolov8l_bsz4.ms,115.50,95.00,210.50,0.500,Mid (Meeting),4.73,31.52,508.36,1913.00,11499.37,327.04,,0,69,34.00,-470,4026910,-1892647.70,2,fused
202228,000000202228.jpg,480x640,1,1.000000,1,1,TP,yolov8l_bsz4.ms,115.50,95.00,210.50,0.500,Mid (Meeting),4.73,31.52,508.36,1913.00,11499.37,327.04,,0,69,34.00,-470,4026910,-1892647.70,2,fused
559956,000000559956.jpg,640x480,1,1.000000,1,1,TP,yolov8l_bsz4.ms,115.50,95.00,210.50,0.500,Mid (Meeting),4.73,31.52,508.36,1913.00,11499.37,327.04,,0,69,34.00,-470,4026910,-1892647.70,2,fused
253742,000000253742.jpg,640x480,1,1.000000,1,1,TP,yolov8l_bsz4.ms,114.75,110.50,225.25,0.500,Mid (Meeting),4.66,31.52,588.57,1846.00,11499.37,254.16,,0,69,34.00,-298,4031352,-1201342.90,2,fused
518770,000000518770.jpg,500x375,1,1.000000,1,1,TP,yolov8l_bsz4.ms,114.75,110.50,225.25,0.500,Mid (Meeting),4.66,31.52,588.57,1846.00,11499.37,254.16,,0,69,34.00,-298,4031352,-1201342.90,2,fused
286553,000000286553.jpg,640x480,1,1.000000,1,1,TP,yolov8l_bsz4.ms,114.75,110.50,225.25,0.500,Mid (Meeting),4.66,31.52,588.57,1846.00,11499.37,254.16,,0,69,34.00,-298,4031352,-1201342.90,2,fused
458992,000000458992.jpg,480x640,1,1.000000,1,1,TP,yolov8l_bsz4.ms,114.75,110.50,225.25,0.500,Mid (Meeting),4.66,31.52,588.57,1846.00,11499.37,254.16,,0,69,34.00,-298,4031352,-1201342.90,2,fused
123213,000000123213.jpg,640x392,1,1.000000,1,1,TP,yolov8l_bsz4.ms,116.00,96.00,212.00,0.500,Mid (Meeting),4.70,31.69,668.82,1767.00,11499.37,211.86,,0,69,35.00,-140,4036461,-565104.54,2,fused
91406,000000091406.jpg,640x424,1,1.000000,1,1,TP,yolov8l_bsz4.ms,116.00,96.00,212.00,0.500,Mid (Meeting),4.70,31.69,668.82,1767.00,11499.37,211.86,,0,69,35.00,-140,4036461,-565104.54,2,fused
218439,000000218439.jpg,480x640,1,1.000000,1,1,TP,yolov8l_bsz4.ms,116.00,96.00,212.00,0.500,Mid (Meeting),4.70,31.69,668.82,1767.00,11499.37,211.86,,0,69,35.00,-140,4036461,-565104.54,2,fused
579307,000000579307.jpg,480x640,1,1.000000,1,1,TP,yolov8l_bsz4.ms,116.00,96.00,212.00,0.500,Mid (Meeting),4.70,31.69,668.82,1767.00,11499.37,211.86,,0,69,35.00,-140,4036461,-565104.54,2,fused
567640,000000567640.jpg,640x425,1,1.000000,1,1,TP,yolov8l_bsz4.ms,117.50,114.00,231.50,0.500,Mid (Meeting),4.71,31.69,745.71,1717.00,11499.37,221.40,,0,69,35.00,-162,4035354,-653727.35,2,fused
45550,000000045550.jpg,640x480,1,1.000000,1,1,TP,yolov8l_bsz4.ms,117.50,114.00,231.50,0.500,Mid (Meeting),4.71,31.69,745.71,1717.00,11499.37,221.40,,0,69,35.00,-162,4035354,-653727.35,2,fused
229849,000000229849.jpg,427x640,1,1.000000,1,1,TP,yolov8l_bsz4.ms,117.50,114.00,231.50,0.500,Mid (Meeting),4.71,31.69,745.71,1717.00,11499.37,221.40,,0,69,35.00,-162,4035354,-653727.35,2,fused
259690,000000259690.jpg,640x480,1,1.000000,1,1,TP,yolov8l_bsz4.ms,117.50,114.00,231.50,0.500,Mid (Meeting),4.71,31.69,745.71,1717.00,11499.37,221.40,,0,69,35.00,-162,4035354,-653727.35,2,fused
343218,000000343218.jpg,640x428,1,1.000000,1,1,TP,yolov8l_bsz4.ms,117.25,115.50,232.75,0.500,Mid (Meeting),4.73,31.69,826.70,1723.00,11499.37,210.71,,0,69,35.00,-355,4028005,-1429941.77,2,fused
224807,000000224807.jpg,640x428,1,1.000000,1,1,TP,yolov8l_bsz4.ms,117.25,115.50,232.75,0.500,Mid (Meeting),4.73,31.69,826.70,1723.00,11499.37,210.71,,0,69,35.00,-355,4028005,-1429941.77,2,fused
87144,000000087144.jpg,640x480,1,1.000000,1,1,TP,yolov8l_bsz4.ms,117.25,115.50,232.75,0.500,Mid (Meeting),4.73,31.69,826.70,1723.00,11499.37,210.71,,0,69,35.00,-355,4028005,-1429941.77,2,fused
247917,000000247917.jpg,612x612,1,1.000000,1,1,TP,yolov8l_bsz4.ms,117.25,115.50,232.75,0.500,Mid (Meeting),4.73,31.69,826.70,1723.00,11499.37,210.71,,0,69,35.00,-355,4028005,-1429941.77,2,fused
334767,000000334767.jpg,500x333,1,1.000000,1,1,TP,yolov8l_bsz4.ms,117.50,98.25,215.75,0.500,Mid (Meeting),4.76,33.17,450.95,2113.00,11499.37,611.79,,0,69,35.00,-420,4025575,-1690741.50,2,fused
482275,000000482275.jpg,640x480,1,1.000000,1,1,TP,yolov8l_bsz4.ms,117.50,98.25,215.75,0.500,Mid (Meeting),4.76,33.17,450.95,2113.00,11499.37,611.79,,0,69,35.00,-420,4025575,-1690741.50,2,fused
380913,000000380913.jpg,640x428,1,1.000000,1,1,TP,yolov8l_bsz4.ms,117.50,98.25,215.75,0.500,Mid (Meeting),4.76,33.17,450.95,2113.00,11499.37,611.79,,0,69,35.00,-420,4025575,-1690741.50,2,fused
399205,000000399205.jpg,640x480,1,1.000000,1,1,TP,yolov8l_bsz4.ms,117.50,98.25,215.75,0.500,Mid (Meeting),4.76,33.17,450.95,2113.00,11499.37,611.79,,0,69,35.00,-420,4025575,-1690741.50,2,fused
363666,000000363666.jpg,640x419,1,1.000000,1,1,TP,yolov8l_bsz4.ms,117.50,104.75,222.25,0.500,Mid (Meeting),4.76,33.17,522.51,2046.00,11499.37,538.10,,0,69,35.00,-190,4032244,-766126.36,2,fused
405249,000000405249.jpg,500x375,1,1.000000,1,1,TP,yolov8l_bsz4.ms,117.50,104.75,222.25,0.500,Mid (Meeting),4.76,33.17,522.51,2046.00,11499.37,538.10,,0,69,35.00,-190,4032244,-766126.36,2,fused
507015,000000507015.jpg,640x426,1,1.000000,1,1,TP,yolov8l_bsz4.ms,117.50,104.75,222.25,0.500,Mid (Meeting),4.76,33.17,522.51,2046.00,11499.37,538.10,,0,69,35.00,-190,4032244,-766126.36,2,fused
1000,000000001000.jpg,640x480,1,1.000000,1,1,TP,yolov8l_bsz4.ms,117.50,104.75,222.25,0.500,Mid (Meeting),4.76,33.17,522.51,2046.00,11499.37,538.10,,0,69,35.00,-190,4032244,-766126.36,2,fused
129492,000000129492.jpg,640x480,1,1.000000,1,1,TP,yolov8l_bsz4.ms,116.75,116.00,232.75,0.500,Mid (Meeting),4.75,33.16,602.74,1968.00,11499.37,454.73,,0,69,35.00,-51,4037108,-205892.51,2,fused
62808,000000062808.jpg,640x481,1,1.000000,1,1,TP,yolov8l_bsz4.ms,116.75,116.00,232.75,0.500,Mid (Meeting),4.75,33.16,602.74,1968.00,11499.37,454.73,,0,69,35.00,-51,4037108,-205892.51,2,fused
541123,000000541123.jpg,640x427,1,1.000000,1,1,TP,yolov8l_bsz4.ms,116.75,116.00,232.75,0.500,Mid (Meeting),4.75,33.16,602.74,1968.00,11499.37,454.73,,0,69,35.00,-51,4037108,-205892.51,2,fused
306139,000000306139.jpg,640x426,1,1.000000,1,1,TP,yolov8l_bsz4.ms,116.75,116.00,232.75,0.500,Mid (Meeting),4.75,33.16,602.74,1968.00,11499.37,454.73,,0,69,35.00,-51,4037108,-205892.51,2,fused
453166,000000453166.jpg,640x425,1,1.000000,1,1,TP,yolov8l_bsz4.ms,119.25,114.00,233.25,0.500,Mid (Meeting),8.51,33.16,681.28,1891.00,11499.37,372.15,,0,69,35.00,-232,4030665,-935114.28,2,fused
119995,000000119995.jpg,468x500,1,1.000000,1,1,TP,yolov8l_bsz4.ms,119.25,114.00,233.25,0.500,Mid (Meeting),8.51,33.16,681.28,1891.00,11499.37,372.15,,0,69,35.00,-232,4030665,-935114.28,2,fused
369323,000000369323.jpg,377x500,1,1.000000,1,1,TP,yolov8l_bsz4.ms,119.25,114.00,233.25,0.500,Mid (Meeting),8.51,33.16,681.28,1891.00,11499.37,372.15,,0,69,35.00,-232,4030665,-935114.28,2,fused
127270,000000127270.jpg,328x500,1,1.000000,1,1,TP,yolov8l_bsz4.ms,119.25,114.00,233.25,0.500,Mid (Meeting),8.51,33.16,681.28,1891.00,11499.37,372.15,,0,69,35.00,-232,4030665,-935114.28,2,fused
13291,000000013291.jpg,500x335,1,1.000000,1,1,TP,yolov8l_bsz4.ms,120.25,118.25,238.50,0.500,Mid (Meeting),5.76,30.37,760.43,1813.00,11499.37,289.88,,0,69,35.00,-75,4035609,-302670.67,2,fused
440336,000000440336.jpg,500x335,1,1.000000,1,1,TP,yolov8l_bsz4.ms,120.25,118.25,238.50,0.500,Mid (Meeting),5.76,30.37,760.43,1813.00,11499.37,289.88,,0,69,35.00,-75,4035609,-302670.67,2,fused
427160,000000427160.jpg,640x512,1,1.000000,1,1,TP,yolov8l_bsz4.ms,120.25,118.25,238.50,0.500,Mid (Meeting),5.76,30.37,760.43,1813.00,11499.37,289.88,,0,69,35.00,-75,4035609,-302670.67,2,fused
179487,000000179487.jpg,512x640,1,1.000000,1,1,TP,yolov8l_bsz4.ms,120.25,118.25,238.50,0.500,Mid (Meeting),5.76,30.37,760.43,1813.00,11499.37,289.88,,0,69,35.00,-75,4035609,-302670.67,2,fused
91500,000000091500.jpg,640x480,1,1.000000,1,1,TP,yolov8l_bsz4.ms,119.25,106.75,226.00,0.500,Mid (Meeting),5.43,30.37,373.04,2202.00,11499.37,673.21,,0,69,35.00,-158,4033008,-637215.26,2,fused
136915,000000136915.jpg,640x427,1,1.000000,1,1,TP,yolov8l_bsz4.ms,119.25,106.75,226.00,0.500,Mid (Meeting),5.43,30.37,373.04,2202.00,11499.37,673.21,,0,69,35.00,-158,4033008,-637215.26,2,fused
548246,000000548246.jpg,640x428,1,1.000000,1,1,TP,yolov8l_bsz4.ms,119.25,106.75,226.00,0.500,Mid (Meeting),5.43,30.37,373.04,2202.00,11499.37,673.21,,0,69,35.00,-158,4033008,-637215.26,2,fused
74256,000000074256.jpg,640x480,1,1.000000,1,1,TP,yolov8l_bsz4.ms,119.25,106.75,226.00,0.500,Mid (Meeting),5.43,30.37,373.04,2202.00,11499.37,673.21,,0,69,35.00,-158,4033008,-637215.26,2,fused
10764,000000010764.jpg,640x424,1,1.000000,1,1,TP,yolov8l_bsz4.ms,116.25,95.75,212.00,0.500,Mid (Meeting),5.15,30.65,442.33,2084.00,11499.37,542.12,,0,69,35.00,-136,4032886,-548472.50,2,fused
346968,000000346968.jpg,640x426,1,1.000000,1,1,TP,yolov8l_bsz4.ms,116.25,95.75,212.00,0.500,Mid (Meeting),5.15,30.65,442.33,2084.00,11499.37,542.12,,0,69,35.00,-136,4032886,-548472.50,2,fused
100723,000000100723.jpg,500x333,1,1.000000,1,1,TP,yolov8l_bsz4.ms,116.25,95.75,212.00,0.500,Mid (Meeting),5.15,30.65,442.33,2084.00,11499.37,542.12,,0,69,35.00,-136,4032886,-548472.50,2,fused
46872,000000046872.jpg,640x391,1,1.000000,1,1,TP,yolov8l_bsz4.ms,116.25,95.75,212.00,0.500,Mid (Meeting),5.15,30.65,442.33,2084.00,11499.37,542.12,,0,69,35.00,-136,4032886,-548472.50,2,fused
476770,000000476770.jpg,640x426,1,1.000000,1,1,TP,yolov8l_bsz4.ms,130.25,91.75,222.00,0.500,Mid (Meeting),5.03,30.65,522.02,2007.00,11499.37,464.96,,0,69,35.00,-425,4022612,-1709610.10,2,fused
190007,000000190007.jpg,640x381,1,1.000000,1,1,TP,yolov8l_bsz4.ms,130.25,91.75,222.00,0.500,Mid (Meeting),5.03,30.65,522.02,2007.00,11499.37,464.96,,0,69,35.00,-425,4022612,-1709610.10,2,fused
493864,000000493864.jpg,480x640,1,1.000000,1,1,TP,yolov8l_bsz4.ms,130.25,91.75,222.00,0.500,Mid (Meeting),5.03,30.65,522.02,2007.00,11499.37,464.96,,0,69,35.00,-425,4022612,-1709610.10,2,fused
381360,000000381360.jpg,640x425,1,1.000000,1,1,TP,yolov8l_bsz4.ms,130.25,91.75,222.00,0.500,Mid (Meeting),5.03,30.65,522.02,2007.00,11499.37,464.96,,0,69,35.00,-425,4022612,-1709610.10,2,fused
300341,000000300341.jpg,640x427,1,1.000000,1,1,TP,yolov8l_bsz4.ms,129.25,96.25,225.50,0.500,Mid (Meeting),4.86,30.77,601.61,1925.00,11499.37,375.41,,0,69,35.00,-73,4034582,-294524.49,2,fused
52996,000000052996.jpg,640x426,1,1.000000,1,1,TP,yolov8l_bsz4.ms,129.25,96.25,225.50,0.500,Mid (Meeting),4.86,30.77,601.61,1925.00,11499.37,375.41,,0,69,35.00,-73,4034582,-294524.49,2,fused
188465,000000188465.jpg,640x454,1,1.000000,1,1,TP,yolov8l_bsz4.ms,129.25,96.25,225.50,0.500,Mid (Meeting),4.86,30.77,601.61,1925.00,11499.37,375.41,,0,69,35.00,-73,4034582,-294524.49,2,fused
130579,000000130579.jpg,388x640,1,1.000000,1,1,TP,yolov8l_bsz4.ms,129.25,96.25,225.50,0.500,Mid (Meeting),4.86,30.77,601.61,1925.00,11499.37,375.41,,0,69,35.00,-73,4034582,-294524.49,2,fused
398203,000000398203.jpg,640x427,1,1.000000,1,1,TP,yolov8l_bsz4.ms,127.75,101.75,229.50,0.500,Mid (Meeting),4.83,30.77,346.22,2185.00,11499.37,634.80,,0,69,35.00,-125,4032378,-504047.25,2,fused
323799,000000323799.jpg,640x480,1,1.000000,1,1,TP,yolov8l_bsz4.ms,127.75,101.75,229.50,0.500,Mid (Meeting),4.83,30.77,346.22,2185.00,11499.37,634.80,,0,69,35.00,-125,4032378,-504047.25,2,fused
325483,000000325483.jpg,640x480,1,1.000000,1,1,TP,yolov8l_bsz4.ms,127.75,101.75,229.50,0.500,Mid (Meeting),4.83,30.77,346.22,2185.00,11499.37,634.80,,0,69,35.00,-125,4032378,-504047.25,2,fused
559348,000000559348.jpg,640x480,1,1.000000,1,1,TP,yolov8l_bsz4.ms,127.75,101.75,229.50,0.500,Mid (Meeting),4.83,30.77,346.22,2185.00,11499.37,634.80,,0,69,35.00,-125,4032378,-504047.25,2,fused
208363,000000208363.jpg,640x480,1,1.000000,1,1,TP,yolov8l_bsz4.ms,129.00,105.00,234.00,0.500,Mid (Meeting),4.82,31.04,423.46,2102.00,11499.37,546.10,,0,69,35.00,-83,4034027,-334824.24,2,fused
478420,000000478420.jpg,480x640,1,1.000000,1,1,TP,yolov8l_bsz4.ms,129.00,105.00,234.00,0.500,Mid (Meeting),4.82,31.04,423.46,2102.00,11499.37,546.10,,0,69,35.00,-83,4034027,-334824.24,2,fused
411938,000000411938.jpg,640x427,1,1.000000,1,1,TP,yolov8l_bsz4.ms,129.00,105.00,234.00,0.500,Mid (Meeting),4.82,31.04,423.46,2102.00,11499.37,546.10,,0,69,35.00,-83,4034027,-334824.24,2,fused
4134,000000004134.jpg,640x425,1,1.000000,1,1,TP,yolov8l_bsz4.ms,129.00,105.00,234.00,0.500,Mid (Meeting),4.82,31.04,423.46,2102.00,11499.37,546.10,,0,69,35.00,-83,4034027,-334824.24,2,fused
269316,000000269316.jpg,640x428,1,1.000000,1,1,TP,yolov8l_bsz4.ms,130.00,100.50,230.50,0.500,Mid (Meeting),4.74,31.04,504.50,2004.00,11499.37,437.22,,0,69,35.00,-286,4026312,-1151525.23,3,fused
398742,000000398742.jpg,427x640,1,1.000000,1,1,TP,yolov8l_bsz4.ms,130.00,100.50,230.50,0.500,Mid (Meeting),4.74,31.04,504.50,2004.00,11499.37,437.22,,0,69,35.00,-286,4026312,-1151525.23,3,fused
248400,000000248400.jpg,640x427,1,1.000000,1,1,TP,yolov8l_bsz4.ms,130.00,100.50,230.50,0.500,Mid (Meeting),4.74,31.04,504.50,2004.00,11499.37,437.22,,0,69,35.00,-286,4026312,-1151525.23,3,fused
203864,000000203864.jpg,640x491,1,1.000000,1,1,TP,yolov8l_bsz4.ms,130.00,100.50,230.50,0.500,Mid (Meeting),4.74,31.04,504.50,2004.00,11499.37,437.22,,0,69,35.00,-286,4026312,-1151525.23,3,fused
146155,000000146155.jpg,640x512,1,1.000000,1,1,TP,yolov8l_bsz4.ms,131.50,113.25,244.75,0.500,Mid (Meeting),4.75,31.57,305.41,2210.00,11499.37,641.92,,0,69,35.00,-120,4031944,-483833.28,3,fused
491090,000000491090.jpg,478x640,1,1.000000,1,1,TP,yolov8l_bsz4.ms,131.50,113.25,244.75,0.500,Mid (Meeting),4.75,31.57,305.41,2210.00,11499.37,641.92,,0,69,35.00,-120,4031944,-483833.28,3,fused
11699,000000011699.jpg,480x640,1,1.000000,1,1,TP,yolov8l_bsz4.ms,131.50,113.25,244.75,0.500,Mid (Meeting),4.75,31.57,305.41,2210.00,11499.37,641.92,,0,69,35.00,-120,4031944,-483833.28,3,fused
271402,000000271402.jpg,424x640,1,1.000000,1,1,TP,yolov8l_bsz4.ms,131.50,113.25,244.75,0.500,Mid (Meeting),4.75,31.57,305.41,2210.00,11499.37,641.92,,0,69,35.00,-120,4031944,-483833.28,3,fused
406129,000000406129.jpg,428x640,1,1.000000,1,1,TP,yolov8l_bsz4.ms,131.50,102.75,234.25,0.500,Mid (Meeting),8.13,31.57,367.42,2143.00,11499.37,571.69,,0,69,35.00,-80,4033476,-322678.08,3,fused
457559,000000457559.jpg,640x427,1,1.000000,1,1,TP,yolov8l_bsz4.ms,131.50,102.75,234.25,0.500,Mid (Meeting),8.13,31.57,367.42,2143.00,11499.37,571.69,,0,69,35.00,-80,4033476,-322678.08,3,fused
142238,000000142238.jpg,640x427,1,1.000000,1,1,TP,yolov8l_bsz4.ms,131.50,102.75,234.25,0.500,Mid (Meeting),8.13,31.57,367.42,2143.00,11499.37,571.69,,0,69,35.00,-80,4033476,-322678.08,3,fused
479953,000000479953.jpg,640x393,1,1.000000,1,1,TP,yolov8l_bsz4.ms,131.50,102.75,234.25,0.500,Mid (Meeting),8.13,31.57,367.42,2143.00,11499.37,571.69,,0,69,35.00,-80,4033476,-322678.08,3,fused
273760,000000273760.jpg,467x640,1,1.000000,1,1,TP,yolov8l_bsz4.ms,134.25,108.25,242.50,0.500,Mid (Meeting),4.72,29.49,447.58,2068.00,11499.37,494.81,,0,69,35.00,-71,4033678,-286391.14,3,fused
382009,000000382009.jpg,640x427,1,1.000000,1,1,TP,yolov8l_bsz4.ms,134.25,108.25,242.50,0.500,Mid (Meeting),4.72,29.49,447.58,2068.00,11499.37,494.81,,0,69,35.00,-71,4033678,-286391.14,3,fused
75612,000000075612.jpg,640x480,1,1.000000,1,1,TP,yolov8l_bsz4.ms,134.25,108.25,242.50,0.500,Mid (Meeting),4.72,29.49,447.58,2068.00,11499.37,494.81,,0,69,35.00,-71,4033678,-286391.14,3,fused
383842,000000383842.jpg,640x434,1,1.000000,1,1,TP,yolov8l_bsz4.ms,134.25,108.25,242.50,0.500,Mid (Meeting),4.72,29.49,447.58,2068.00,11499.37,494.81,,0,69,35.00,-71,4033678,-286391.14,3,fused
463918,000000463918.jpg,500x359,1,1.000000,1,1,TP,yolov8l_bsz4.ms,133.25,100.50,233.75,0.500,Mid (Meeting),4.58,29.49,353.14,2150.00,11499.37,571.60,,0,69,35.00,-113,4032227,-455641.65,3,fused
400794,000000400794.jpg,426x640,1,1.000000,1,1,TP,yolov8l_bsz4.ms,133.25,100.50,233.75,0.500,Mid (Meeting),4.58,29.49,353.14,2150.00,11499.37,571.60,,0,69,35.00,-113,4032227,-455641.65,3,fused
144003,000000144003.jpg,500x375,1,1.000000,1,1,TP,yolov8l_bsz4.ms,133.25,100.50,233.75,0.500,Mid (Meeting),4.58,29.49,353.14,2150.00,11499.37,571.60,,0,69,35.00,-113,4032227,-455641.65,3,fused
477288,000000477288.jpg,480x640,1,1.000000,1,1,TP,yolov8l_bsz4.ms,133.25,100.50,233.75,0.500,Mid (Meeting),4.58,29.49,353.14,2150.00,11499.37,571.60,,0,69,35.00,-113,4032227,-455641.65,3,fused
482800,000000482800.jpg,640x457,1,1.000000,1,1,TP,yolov8l_bsz4.ms,136.00,100.25,236.25,0.500,Mid (Meeting),4.55,30.76,423.06,2096.00,11499.37,514.97,,0,69,35.00,-172,4029896,-693142.11,3,fused
479126,000000479126.jpg,640x427,1,1.000000,1,1,TP,yolov8l_bsz4.ms,136.00,100.25,236.25,0.500,Mid (Meeting),4.55,30.76,423.06,2096.00,11499.37,514.97,,0,69,35.00,-172,4029896,-693142.11,3,fused
162732,000000162732.jpg,640x427,1,1.000000,1,1,TP,yolov8l_bsz4.ms,136.00,100.25,236.25,0.500,Mid (Meeting),4.55,30.76,423.06,2096.00,11499.37,514.97,,0,69,35.00,-172,4029896,-693142.11,3,fused
516318,000000516318.jpg,640x427,1,1.000000,1,1,TP,yolov8l_bsz4.ms,136.00,100.25,236.25,0.500,Mid (Meeting),4.55,30.76,423.06,2096.00,11499.37,514.97,,0,69,35.00,-172,4029896,-693142.11,3,fused
209530,000000209530.jpg,640x428,1,1.000000,1,1,TP,yolov8l_bsz4.ms,135.00,93.50,228.50,0.500,Mid (Meeting),4.50,30.76,356.58,2157.00,11499.37,569.72,,0,69,35.00,-276,4026301,-1111259.08,3,fused
266892,000000266892.jpg,640x427,1,1.000000,1,1,TP,yolov8l_bsz4.ms,135.00,93.50,228.50,0.500,Mid (Meeting),4.50,30.76,356.58,2157.00,11499.37,569.72,,0,69,35.00,-276,4026301,-1111259.08,3,fused
515828,000000515828.jpg,640x429,1,1.000000,1,1,TP,yolov8l_bsz4.ms,135.00,93.50,228.50,0.500,Mid (Meeting),4.50,30.76,356.58,2157.00,11499.37,569.72,,0,69,35.00,-276,4026301,-1111259.08,3,fused
429761,000000429761.jpg,640x428,1,1.000000,1,1,TP,yolov8l_bsz4.ms,135.00,93.50,228.50,0.500,Mid (Meeting),4.50,30.76,356.58,2157.00,11499.37,569.72,,0,69,35.00,-276,4026301,-1111259.08,3,fused
116068,000000116068.jpg,500x375,1,1.000000,1,1,TP,yolov8l_bsz4.ms,138.75,97.00,235.75,0.500,Mid (Meeting),4.44,31.82,422.64,2097.00,11499.37,507.71,,0,69,35.00,-287,4025521,-1155324.53,3,fused
546475,000000546475.jpg,383x640,1,1.000000,1,1,TP,yolov8l_bsz4.ms,138.75,97.00,235.75,0.500,Mid (Meeting),4.44,31.82,422.64,2097.00,11499.37,507.71,,0,69,35.00,-287,4025521,-1155324.53,3,fused
177489,000000177489.jpg,640x478,1,1.000000,1,1,TP,yolov8l_bsz4.ms,138.75,97.00,235.75,0.500,Mid (Meeting),4.44,31.82,422.64,2097.00,11499.37,507.71,,0,69,35.00,-287,4025521,-1155324.53,3,fused
568213,000000568213.jpg,500x325,1,1.000000,1,1,TP,yolov8l_bsz4.ms,138.75,97.00,235.75,0.500,Mid (Meeting),4.44,31.82,422.64,2097.00,11499.37,507.71,,0,69,35.00,-287,4025521,-1155324.53,3,fused
350679,000000350679.jpg,640x428,1,1.000000,1,1,TP,yolov8l_bsz4.ms,134.50,104.25,238.75,0.500,Mid (Meeting),4.46,31.82,364.01,2139.00,11499.37,572.79,,0,69,35.00,-112,4031113,-451484.66,3,fused
376093,000000376093.jpg,640x480,1,1.000000,1,1,TP,yolov8l_bsz4.ms,134.50,104.25,238.75,0.500,Mid (Meeting),4.46,31.82,364.01,2139.00,11499.37,572.79,,0,69,35.00,-112,4031113,-451484.66,3,fused
25386,000000025386.jpg,427x640,1,1.000000,1,1,TP,yolov8l_bsz4.ms,134.50,104.25,238.75,0.500,Mid (Meeting),4.46,31.82,364.01,2139.00,11499.37,572.79,,0,69,35.00,-112,4031113,-451484.66,3,fused
338905,000000338905.jpg,480x360,1,1.000000,1,1,TP,yolov8l_bsz4.ms,134.50,104.25,238.75,0.500,Mid (Meeting),4.46,31.82,364.01,2139.00,11499.37,572.79,,0,69,35.00,-112,4031113,-451484.66,3,fused
32334,000000032334.jpg,640x480,1,1.000000,1,1,TP,yolov8l_bsz4.ms,135.50,110.75,246.25,0.500,Mid (Meeting),4.47,31.49,289.79,2220.00,11499.37,651.18,,0,69,35.00,-162,4029515,-652781.43,3,fused
438907,000000438907.jpg,458x640,1,1.000000,1,1,TP,yolov8l_bsz4.ms,135.50,110.75,246.25,0.500,Mid (Meeting),4.47,31.49,289.79,2220.00,11499.37,651.18,,0,69,35.00,-162,4029515,-652781.43,3,fused
471893,000000471893.jpg,640x442,1,1.000000,1,1,TP,yolov8l_bsz4.ms,135.50,110.75,246.25,0.500,Mid (Meeting),4.47,31.49,289.79,2220.00,11499.37,651.18,,0,69,35.00,-162,4029515,-652781.43,3,fused
189475,000000189475.jpg,500x375,1,1.000000,1,1,TP,yolov8l_bsz4.ms,135.50,110.75,246.25,0.500,Mid (Meeting),4.47,31.49,289.79,2220.00,11499.37,651.18,,0,69,35.00,-162,4029515,-652781.43,3,fused
271116,000000271116.jpg,640x424,1,1.000000,1,1,TP,yolov8l_bsz4.ms,135.25,106.75,242.00,0.500,Mid (Meeting),4.49,31.49,365.82,2143.00,11499.37,567.92,,0,69,35.00,-28,4033837,-112947.44,3,fused
48396,000000048396.jpg,640x427,1,1.000000,1,1,TP,yolov8l_bsz4.ms,135.25,106.75,242.00,0.500,Mid (Meeting),4.49,31.49,365.82,2143.00,11499.37,567.92,,0,69,35.00,-28,4033837,-112947.44,3,fused
274460,000000274460.jpg,640x454,1,1.000000,1,1,TP,yolov8l_bsz4.ms,135.25,106.75,242.00,0.500,Mid (Meeting),4.49,31.49,365.82,2143.00,11499.37,567.92,,0,69,35.00,-28,4033837,-112947.44,3,fused
274066,000000274066.jpg,640x427,1,1.000000,1,1,TP,yolov8l_bsz4.ms,135.25,106.75,242.00,0.500,Mid (Meeting),4.49,31.49,365.82,2143.00,11499.37,567.92,,0,69,35.00,-28,4033837,-112947.44,3,fused
146667,000000146667.jpg,640x539,1,1.000000,1,1,TP,yolov8l_bsz4.ms,138.75,108.50,247.25,0.500,Mid (Meeting),4.49,31.03,363.21,2149.00,11499.37,572.44,,0,69,35.00,-114,4030832,-459514.85,3,fused
242946,000000242946.jpg,640x480,1,1.000000,1,1,TP,yolov8l_bsz4.ms,138.75,108.50,247.25,0.500,Mid (Meeting),4.49,31.03,363.21,2149.00,11499.37,572.44,,0,69,35.00,-114,4030832,-459514.85,3,fused
135604,000000135604.jpg,640x427,1,1.000000,1,1,TP,yolov8l_bsz4.ms,138.75,108.50,247.25,0.500,Mid (Meeting),4.49,31.03,363.21,2149.00,11499.37,572.44,,0,69,35.00,-114,4030832,-459514.85,3,fused
225405,000000225405.jpg,640x471,1,1.000000,1,1,TP,yolov8l_bsz4.ms,138.75,108.50,247.25,0.500,Mid (Meeting),4.49,31.03,363.21,2149.00,11499.37,572.44,,0,69,35.00,-114,4030832,-459514.85,3,fused
231879,000000231879.jpg,640x426,1,1.000000,1,1,TP,yolov8l_bsz4.ms,134.50,94.75,229.25,0.500,Mid (Meeting),8.31,31.03,344.66,2161.00,11499.37,581.97,,0,69,35.00,-171,4028486,-688871.11,3,fused
18491,000000018491.jpg,640x427,1,1.000000,1,1,TP,yolov8l_bsz4.ms,134.50,94.75,229.25,0.500,Mid (Meeting),8.31,31.03,344.66,2161.00,11499.37,581.97,,0,69,35.00,-171,4028486,-688871.11,3,fused
393056,000000393056.jpg,640x480,1,1.000000,1,1,TP,yolov8l_bsz4.ms,134.50,94.75,229.25,0.500,Mid (Meeting),8.31,31.03,344.66,2161.00,11499.37,581.97,,0,69,35.00,-171,4028486,-688871.11,3,fused
281409,000000281409.jpg,640x427,1,1.000000,1,1,TP,yolov8l_bsz4.ms,134.50,94.75,229.25,0.500,Mid (Meeting),8.31,31.03,344.66,2161.00,11499.37,581.97,,0,69,35.00,-171,4028486,-688871.11,3,fused
484351,000000484351.jpg,640x426,1,1.000000,1,1,TP,yolov8l_bsz4.ms,136.00,106.25,242.25,0.500,Mid (Meeting),5.71,30.18,300.71,2214.00,11499.37,632.50,,0,69,35.00,-183,4028229,-737165.91,3,fused
412362,000000412362.jpg,640x499,1,1.000000,1,1,TP,yolov8l_bsz4.ms,136.00,106.25,242.25,0.500,Mid (Meeting),5.71,30.18,300.71,2214.00,11499.37,632.50,,0,69,35.00,-183,4028229,-737165.91,3,fused
25096,000000025096.jpg,375x500,1,1.000000,1,1,TP,yolov8l_bsz4.ms,136.00,106.25,242.25,0.500,Mid (Meeting),5.71,30.18,300.71,2214.00,11499.37,632.50,,0,69,35.00,-183,4028229,-737165.91,3,fused
261036,000000261036.jpg,333x500,1,1.000000,1,1,TP,yolov8l_bsz4.ms,136.00,106.25,242.25,0.500,Mid (Meeting),5.71,30.18,300.71,2214.00,11499.37,632.50,,0,69,35.00,-183,4028229,-737165.91,3,fused
451879,000000451879.jpg,500x438,1,1.000000,1,1,TP,yolov8l_bsz4.ms,136.75,97.75,234.50,0.500,Mid (Meeting),5.04,30.18,366.56,2152.00,11499.37,564.33,,0,69,35.00,-210,4027072,-845685.12,3,fused
485480,000000485480.jpg,640x281,1,1.000000,1,1,TP,yolov8l_bsz4.ms,136.75,97.75,234.50,0.500,Mid (Meeting),5.04,30.18,366.56,2152.00,11499.37,564.33,,0,69,35.00,-210,4027072,-845685.12,3,fused
318138,000000318138.jpg,480x640,1,1.000000,1,1,TP,yolov8l_bsz4.ms,136.75,97.75,234.50,0.500,Mid (Meeting),5.04,30.18,366.56,2152.00,11499.37,564.33,,0,69,35.00,-210,4027072,-845685.12,3,fused
323496,000000323496.jpg,500x398,1,1.000000,1,1,TP,yolov8l_bsz4.ms,136.75,97.75,234.50,0.500,Mid (Meeting),5.04,30.18,366.56,2152.00,11499.37,564.33,,0,69,35.00,-210,4027072,-845685.12,3,fused
170955,000000170955.jpg,640x427,1,1.000000,1,1,TP,yolov8l_bsz4.ms,135.00,105.75,240.75,0.500,Mid (Meeting),4.80,33.52,445.41,2067.00,11499.37,476.81,,0,69,35.00,-495,4017015,-1988422.43,3,fused
100238,000000100238.jpg,640x480,1,1.000000,1,1,TP,yolov8l_bsz4.ms,135.00,105.75,240.75,0.500,Mid (Meeting),4.80,33.52,445.41,2067.00,11499.37,476.81,,0,69,35.00,-495,4017015,-1988422.43,3,fused
493905,000000493905.jpg,571x640,1,1.000000,1,1,TP,yolov8l_bsz4.ms,135.00,105.75,240.75,0.500,Mid (Meeting),4.80,33.52,445.41,2067.00,11499.37,476.81,,0,69,35.00,-495,4017015,-1988422.43,3,fused
416451,000000416451.jpg,640x480,1,1.000000,1,1,TP,yolov8l_bsz4.ms,135.00,105.75,240.75,0.500,Mid (Meeting),4.80,33.52,445.41,2067.00,11499.37,476.81,,0,69,35.00,-495,4017015,-1988422.43,3,fused
447088,000000447088.jpg,500x333,1,1.000000,1,1,TP,yolov8l_bsz4.ms,134.75,98.75,233.50,0.500,Mid (Meeting),4.73,33.52,525.08,1979.00,11499.37,381.18,,0,69,35.00,-325,4021934,-1307128.55,3,fused
470924,000000470924.jpg,640x480,1,1.000000,1,1,TP,yolov8l_bsz4.ms,134.75,98.75,233.50,0.500,Mid (Meeting),4.73,33.52,525.08,1979.00,11499.37,381.18,,0,69,35.00,-325,4021934,-1307128.55,3,fused
463618,000000463618.jpg,640x451,1,1.000000,1,1,TP,yolov8l_bsz4.ms,134.75,98.75,233.50,0.500,Mid (Meeting),4.73,33.52,525.08,1979.00,11499.37,381.18,,0,69,35.00,-325,4021934,-1307128.55,3,fused
523957,000000523957.jpg,640x427,1,1.000000,1,1,TP,yolov8l_bsz4.ms,134.75,98.75,233.50,0.500,Mid (Meeting),4.73,33.52,525.08,1979.00,11499.37,381.18,,0,69,35.00,-325,4021934,-1307128.55,3,fused
84674,000000084674.jpg,480x640,1,1.000000,1,1,TP,yolov8l_bsz4.ms,132.50,109.75,242.25,0.500,Mid (Meeting),4.64,34.32,604.61,1907.00,11499.37,308.00,,0,69,35.00,-251,4024861,-1010240.11,3,fused
246883,000000246883.jpg,640x480,1,1.000000,1,1,TP,yolov8l_bsz4.ms,132.50,109.75,242.25,0.500,Mid (Meeting),4.64,34.32,604.61,1907.00,11499.37,308.00,,0,69,35.00,-251,4024861,-1010240.11,3,fused
571598,000000571598.jpg,640x480,1,1.000000,1,1,TP,yolov8l_bsz4.ms,132.50,109.75,242.25,0.500,Mid (Meeting),4.64,34.32,604.61,1907.00,11499.37,308.00,,0,69,35.00,-251,4024861,-1010240.11,3,fused
275749,000000275749.jpg,500x375,1,1.000000,1,1,TP,yolov8l_bsz4.ms,132.50,109.75,242.25,0.500,Mid (Meeting),4.64,34.32,604.61,1907.00,11499.37,308.00,,0,69,35.00,-251,4024861,-1010240.11,3,fused
371552,000000371552.jpg,640x427,1,1.000000,1,1,TP,yolov8l_bsz4.ms,132.75,113.75,246.50,0.500,Mid (Meeting),4.59,34.32,685.02,1832.00,11499.37,229.59,,0,69,35.00,-66,4030933,-266041.58,3,fused
509451,000000509451.jpg,500x375,1,1.000000,1,1,TP,yolov8l_bsz4.ms,132.75,113.75,246.50,0.500,Mid (Meeting),4.59,34.32,685.02,1832.00,11499.37,229.59,,0,69,35.00,-66,4030933,-266041.58,3,fused
309964,000000309964.jpg,640x427,1,1.000000,1,1,TP,yolov8l_bsz4.ms,132.75,113.75,246.50,0.500,Mid (Meeting),4.59,34.32,685.02,1832.00,11499.37,229.59,,0,69,35.00,-66,4030933,-266041.58,3,fused
53626,000000053626.jpg,640x480,1,1.000000,1,1,TP,yolov8l_bsz4.ms,132.75,113.75,246.50,0.500,Mid (Meeting),4.59,34.32,685.02,1832.00,11499.37,229.59,,0,69,35.00,-66,4030933,-266041.58,3,fused
568195,000000568195.jpg,427x640,1,1.000000,1,1,TP,yolov8l_bsz4.ms,132.00,104.25,236.25,0.500,Mid (Meeting),4.62,33.06,612.15,1915.00,11499.37,310.36,,0,69,35.00,-425,4019370,-1708232.25,3,fused
373382,000000373382.jpg,480x640,1,1.000000,1,1,TP,yolov8l_bsz4.ms,132.00,104.25,236.25,0.500,Mid (Meeting),4.62,33.06,612.15,1915.00,11499.37,310.36,,0,69,35.00,-425,4019370,-1708232.25,3,fused
304404,000000304404.jpg,640x428,1,1.000000,1,1,TP,yolov8l_bsz4.ms,132.00,104.25,236.25,0.500,Mid (Meeting),4.62,33.06,612.15,1915.00,11499.37,310.36,,0,69,35.00,-425,4019370,-1708232.25,3,fused
397354,000000397354.jpg,640x480,1,1.000000,1,1,TP,yolov8l_bsz4.ms,132.00,104.25,236.25,0.500,Mid (Meeting),4.62,33.06,612.15,1915.00,11499.37,310.36,,0,69,35.00,-425,4019370,-1708232.25,3,fused
44279,000000044279.jpg,640x425,1,1.000000,1,1,TP,yolov8l_bsz4.ms,133.50,101.50,235.00,0.500,Mid (Meeting),4.58,33.06,683.14,1853.00,11499.37,245.68,,0,69,35.00,-466,4016886,-1871868.88,3,fused
513567,000000513567.jpg,640x480,1,1.000000,1,1,TP,yolov8l_bsz4.ms,133.50,101.50,235.00,0.500,Mid (Meeting),4.58,33.06,683.14,1853.00,11499.37,245.68,,0,69,35.00,-466,4016886,-1871868.88,3,fused
33221,000000033221.jpg,500x333,1,1.000000,1,1,TP,yolov8l_bsz4.ms,133.50,101.50,235.00,0.500,Mid (Meeting),4.58,33.06,683.14,1853.00,11499.37,245.68,,0,69,35.00,-466,4016886,-1871868.88,3,fused
237071,000000237071.jpg,640x427,1,1.000000,1,1,TP,yolov8l_bsz4.ms,133.50,101.50,235.00,0.500,Mid (Meeting),4.58,33.06,683.14,1853.00,11499.37,245.68,,0,69,35.00,-466,4016886,-1871868.88,3,fused
85772,000000085772.jpg,640x427,1,1.000000,1,1,TP,yolov8l_bsz4.ms,136.25,101.75,238.00,0.500,Mid (Meeting),4.55,32.85,763.01,1804.00,11499.37,171.86,,0,69,35.00,-532,4013438,-2135149.02,3,fused
474021,000000474021.jpg,500x375,1,1.000000,1,1,TP,yolov8l_bsz4.ms,136.25,101.75,238.00,0.500,Mid (Meeting),4.55,32.85,763.01,1804.00,11499.37,171.86,,0,69,35.00,-532,4013438,-2135149.02,3,fused
203629,000000203629.jpg,640x427,1,1.000000,1,1,TP,yolov8l_bsz4.ms,136.25,101.75,238.00,0.500,Mid (Meeting),4.55,32.85,763.01,1804.00,11499.37,171.86,,0,69,35.00,-532,4013438,-2135149.02,3,fused
276018,000000276018.jpg,416x640,1,1.000000,1,1,TP,yolov8l_bsz4.ms,136.25,101.75,238.00,0.500,Mid (Meeting),4.55,32.85,763.01,1804.00,11499.37,171.86,,0,69,35.00,-532,4013438,-2135149.02,3,fused
275198,000000275198.jpg,640x480,1,1.000000,1,1,TP,yolov8l_bsz4.ms,140.00,108.25,248.25,0.500,Mid (Meeting),6.30,32.85,384.80,2191.00,11499.37,689.65,,0,69,35.00,-676,4008597,-2709811.57,3,fused
153797,000000153797.jpg,500x400,1,1.000000,1,1,TP,yolov8l_bsz4.ms,140.00,108.25,248.25,0.500,Mid (Meeting),6.30,32.85,384.80,2191.00,11499.37,689.65,,0,69,35.00,-676,4008597,-2709811.57,3,fused
296222,000000296222.jpg,640x480,1,1.000000,1,1,TP,yolov8l_bsz4.ms,140.00,108.25,248.25,0.500,Mid (Meeting),6.30,32.85,384.80,2191.00,11499.37,689.65,,0,69,35.00,-676,4008597,-2709811.57,3,fused
382125,000000382125.jpg,640x480,1,1.000000,1,1,TP,yolov8l_bsz4.ms,140.00,108.25,248.25,0.500,Mid (Meeting),6.30,32.85,384.80,2191.00,11499.37,689.65,,0,69,35.00,-676,4008597,-2709811.57,3,fused
213171,000000213171.jpg,375x500,1,1.000000,1,1,TP,yolov8l_bsz4.ms,138.75,104.00,242.75,0.500,Mid (Meeting),5.08,39.60,442.19,2052.00,11499.37,527.61,,0,69,35.00,-625,4009532,-2505957.50,3,fused
468332,000000468332.jpg,640x424,1,1.000000,1,1,TP,yolov8l_bsz4.ms,138.75,104.00,242.75,0.500,Mid (Meeting),5.08,39.60,442.19,2052.00,11499.37,527.61,,0,69,35.00,-625,4009532,-2505957.50,3,fused
182923,000000182923.jpg,375x500,1,1.000000,1,1,TP,yolov8l_bsz4.ms,138.75,104.00,242.75,0.500,Mid (Meeting),5.08,39.60,442.19,2052.00,11499.37,527.61,,0,69,35.00,-625,4009532,-2505957.50,3,fused
578871,000000578871.jpg,480x640,1,1.000000,1,1,TP,yolov8l_bsz4.ms,138.75,104.00,242.75,0.500,Mid (Meeting),5.08,39.60,442.19,2052.00,11499.37,527.61,,0,69,35.00,-625,4009532,-2505957.50,3,fused
442161,000000442161.jpg,500x375,1,1.000000,1,1,TP,yolov8l_bsz4.ms,139.00,106.25,245.25,0.500,Mid (Meeting),4.86,39.60,305.78,2210.00,11499.37,686.31,,0,69,35.00,-582,4010185,-2333927.67,3,fused
92416,000000092416.jpg,480x640,1,1.000000,1,1,TP,yolov8l_bsz4.ms,139.00,106.25,245.25,0.500,Mid (Meeting),4.86,39.60,305.78,2210.00,11499.37,686.31,,0,69,35.00,-582,4010185,-2333927.67,3,fused
529122,000000529122.jpg,500x281,1,1.000000,1,1,TP,yolov8l_bsz4.ms,139.00,106.25,245.25,0.500,Mid (Meeting),4.86,39.60,305.78,2210.00,11499.37,686.31,,0,69,35.00,-582,4010185,-2333927.67,3,fused
447917,000000447917.jpg,640x362,1,1.000000,1,1,TP,yolov8l_bsz4.ms,139.00,106.25,245.25,0.500,Mid (Meeting),4.86,39.60,305.78,2210.00,11499.37,686.31,,0,69,35.00,-582,4010185,-2333927.67,3,fused
245026,000000245026.jpg,640x424,1,1.000000,1,1,TP,yolov8l_bsz4.ms,136.75,95.75,232.50,0.500,Mid (Meeting),4.68,34.51,364.00,2144.00,11499.37,614.66,,0,69,35.00,-586,4010049,-2349888.71,3,fused
60507,000000060507.jpg,640x427,1,1.000000,1,1,TP,yolov8l_bsz4.ms,136.75,95.75,232.50,0.500,Mid (Meeting),4.68,34.51,364.00,2144.00,11499.37,614.66,,0,69,35.00,-586,4010049,-2349888.71,3,fused
465822,000000465822.jpg,500x375,1,1.000000,1,1,TP,yolov8l_bsz4.ms,136.75,95.75,232.50,0.500,Mid (Meeting),4.68,34.51,364.00,2144.00,11499.37,614.66,,0,69,35.00,-586,4010049,-2349888.71,3,fused
199771,000000199771.jpg,640x425,1,1.000000,1,1,TP,yolov8l_bsz4.ms,136.75,95.75,232.50,0.500,Mid (Meeting),4.68,34.51,364.00,2144.00,11499.37,614.66,,0,69,35.00,-586,4010049,-2349888.71,3,fused
401244,000000401244.jpg,426x640,1,1.000000,1,1,TP,yolov8l_bsz4.ms,138.75,105.00,243.75,0.500,Mid (Meeting),4.60,34.51,444.65,2077.00,11499.37,540.93,,0,69,36.00,-672,4006713,-2692511.14,3,fused
81988,000000081988.jpg,640x427,1,1.000000,1,1,TP,yolov8l_bsz4.ms,138.75,105.00,243.75,0.500,Mid (Meeting),4.60,34.51,444.65,2077.00,11499.37,540.93,,0,69,36.00,-672,4006713,-2692511.14,3,fused
547854,000000547854.jpg,640x640,1,1.000000,1,1,TP,yolov8l_bsz4.ms,138.75,105.00,243.75,0.500,Mid (Meeting),4.60,34.51,444.65,2077.00,11499.37,540.93,,0,69,36.00,-672,4006713,-2692511.14,3,fused
64718,000000064718.jpg,640x464,1,1.000000,1,1,TP,yolov8l_bsz4.ms,138.75,105.00,243.75,0.500,Mid (Meeting),4.60,34.51,444.65,2077.00,11499.37,540.93,,0,69,36.00,-672,4006713,-2692511.14,3,fused
447187,000000447187.jpg,640x480,1,1.000000,1,1,TP,yolov8l_bsz4.ms,140.25,98.75,239.00,0.500,Mid (Meeting),4.62,34.29,347.39,2129.00,11499.37,580.69,,0,69,36.00,-600,4009109,-2405465.40,3,fused
343561,000000343561.jpg,640x428,1,1.000000,1,1,TP,yolov8l_bsz4.ms,140.25,98.75,239.00,0.500,Mid (Meeting),4.62,34.29,347.39,2129.00,11499.37,580.69,,0,69,36.00,-600,4009109,-2405465.40,3,fused
13729,000000013729.jpg,640x480,1,1.000000,1,1,TP,yolov8l_bsz4.ms,140.25,98.75,239.00,0.500,Mid (Meeting),4.62,34.29,347.39,2129.00,11499.37,580.69,,0,69,36.00,-600,4009109,-2405465.40,3,fused
386912,000000386912.jpg,640x480,1,0.999999,1,1,TP,yolov8l_bsz4.ms,140.25,98.75,239.00,0.500,Mid (Meeting),4.62,34.29,347.39,2129.00,11499.37,580.69,,0,69,36.00,-600,4009109,-2405465.40,3,fused
400573,000000400573.jpg,480x640,1,0.999999,1,1,TP,yolov8l_bsz4.ms,143.00,100.25,243.25,0.500,Mid (Meeting),4.55,34.29,423.90,2003.00,11499.37,442.21,,0,69,36.00,-690,4005214,-2763597.66,3,fused
544519,000000544519.jpg,640x427,1,0.999999,1,1,TP,yolov8l_bsz4.ms,143.00,100.25,243.25,0.500,Mid (Meeting),4.55,34.29,423.90,2003.00,11499.37,442.21,,0,69,36.00,-690,4005214,-2763597.66,3,fused
399462,000000399462.jpg,300x451,1,0.999999,1,1,TP,yolov8l_bsz4.ms,143.00,100.25,243.25,0.500,Mid (Meeting),4.55,34.29,423.90,2003.00,11499.37,442.21,,0,69,36.00,-690,4005214,-2763597.66,3,fused
217285,000000217285.jpg,640x427,1,0.999999,1,1,TP,yolov8l_bsz4.ms,143.00,100.25,243.25,0.500,Mid (Meeting),4.55,34.29,423.90,2003.00,11499.37,442.21,,0,69,36.00,-690,4005214,-2763597.66,3,fused
785,000000000785.jpg,640x425,1,0.999999,1,1,TP,yolov8l_bsz4.ms,140.00,102.50,242.50,0.500,Mid (Meeting),4.51,34.16,349.22,2107.00,11499.37,578.12,,0,69,36.00,-503,4011164,-2017615.49,3,fused
578545,000000578545.jpg,640x474,1,0.999999,1,1,TP,yolov8l_bsz4.ms,140.00,102.50,242.50,0.500,Mid (Meeting),4.51,34.16,349.22,2107.00,11499.37,578.12,,0,69,36.00,-503,4011164,-2017615.49,3,fused
281414,000000281414.jpg,443x640,1,0.999999,1,1,TP,yolov8l_bsz4.ms,140.00,102.50,242.50,0.500,Mid (Meeting),4.51,34.16,349.22,2107.00,11499.37,578.12,,0,69,36.00,-503,4011164,-2017615.49,3,fused
80340,000000080340.jpg,640x427,1,0.999999,1,1,TP,yolov8l_bsz4.ms,140.00,102.50,242.50,0.500,Mid (Meeting),4.51,34.16,349.22,2107.00,11499.37,578.12,,0,69,36.00,-503,4011164,-2017615.49,3,fused
578489,000000578489.jpg,640x480,1,0.999999,1,1,TP,yolov8l_bsz4.ms,138.50,106.75,245.25,0.500,Mid (Meeting),4.51,34.16,424.01,2048.00,11499.37,509.03,,0,69,36.00,-492,4011548,-1973681.62,3,fused
89648,000000089648.jpg,640x427,1,0.999999,1,1,TP,yolov8l_bsz4.ms,138.50,106.75,245.25,0.500,Mid (Meeting),4.51,34.16,424.01,2048.00,11499.37,509.03,,0,69,36.00,-492,4011548,-1973681.62,3,fused
570471,000000570471.jpg,375x500,1,0.999999,1,1,TP,yolov8l_bsz4.ms,138.50,106.75,245.25,0.500,Mid (Meeting),4.51,34.16,424.01,2048.00,11499.37,509.03,,0,69,36.00,-492,4011548,-1973681.62,3,fused
59044,000000059044.jpg,640x427,1,0.999999,1,1,TP,yolov8l_bsz4.ms,138.50,106.75,245.25,0.500,Mid (Meeting),4.51,34.16,424.01,2048.00,11499.37,509.03,,0,69,36.00,-492,4011548,-1973681.62,3,fused
153529,000000153529.jpg,480x640,1,0.999999,1,1,TP,yolov8l_bsz4.ms,139.75,108.75,248.50,0.500,Mid (Meeting),8.17,35.14,366.04,2115.00,11499.37,573.25,,0,69,36.00,-559,4009347,-2241224.97,3,fused
189752,000000189752.jpg,640x480,1,0.999999,1,1,TP,yolov8l_bsz4.ms,139.75,108.75,248.50,0.500,Mid (Meeting),8.17,35.14,366.04,2115.00,11499.37,573.25,,0,69,36.00,-559,4009347,-2241224.97,3,fused
290163,000000290163.jpg,512x640,1,0.999999,1,1,TP,yolov8l_bsz4.ms,139.75,108.75,248.50,0.500,Mid (Meeting),8.17,35.14,366.04,2115.00,11499.37,573.25,,0,69,36.00,-559,4009347,-2241224.97,3,fused
130586,000000130586.jpg,427x640,1,0.999999,1,1,TP,yolov8l_bsz4.ms,139.75,108.75,248.50,0.500,Mid (Meeting),8.17,35.14,366.04,2115.00,11499.37,573.25,,0,69,36.00,-559,4009347,-2241224.97,3,fused
11051,000000011051.jpg,640x536,1,0.999999,1,1,TP,yolov8l_bsz4.ms,135.75,109.00,244.75,0.500,Mid (Meeting),4.99,35.14,286.85,2210.00,11499.37,665.36,,0,69,36.00,-522,4009875,-2093154.75,3,fused
143572,000000143572.jpg,640x424,1,0.999999,1,1,TP,yolov8l_bsz4.ms,135.75,109.00,244.75,0.500,Mid (Meeting),4.99,35.14,286.85,2210.00,11499.37,665.36,,0,69,36.00,-522,4009875,-2093154.75,3,fused
388056,000000388056.jpg,500x332,1,0.999999,1,1,TP,yolov8l_bsz4.ms,135.75,109.00,244.75,0.500,Mid (Meeting),4.99,35.14,286.85,2210.00,11499.37,665.36,,0,69,36.00,-522,4009875,-2093154.75,3,fused
372819,000000372819.jpg,640x426,1,0.999999,1,1,TP,yolov8l_bsz4.ms,135.75,109.00,244.75,0.500,Mid (Meeting),4.99,35.14,286.85,2210.00,11499.37,665.36,,0,69,36.00,-522,4009875,-2093154.75,3,fused
54654,000000054654.jpg,407x640,1,0.999999,1,1,TP,yolov8l_bsz4.ms,140.75,106.75,247.50,0.500,Mid (Meeting),4.87,29.58,367.04,2139.00,11499.37,591.39,,0,69,36.00,-495,4010869,-1985380.16,3,fused
413395,000000413395.jpg,640x421,1,0.999999,1,1,TP,yolov8l_bsz4.ms,140.75,106.75,247.50,0.500,Mid (Meeting),4.87,29.58,367.04,2139.00,11499.37,591.39,,0,69,36.00,-495,4010869,-1985380.16,3,fused
469067,000000469067.jpg,640x480,1,0.999999,1,1,TP,yolov8l_bsz4.ms,140.75,106.75,247.50,0.500,Mid (Meeting),4.87,29.58,367.04,2139.00,11499.37,591.39,,0,69,36.00,-495,4010869,-1985380.16,3,fused
203931,000000203931.jpg,428x640,1,0.999999,1,1,TP,yolov8l_bsz4.ms,140.75,106.75,247.50,0.500,Mid (Meeting),4.87,29.58,367.04,2139.00,11499.37,591.39,,0,69,36.00,-495,4010869,-1985380.16,3,fused
229216,000000229216.jpg,640x426,1,0.999999,1,1,TP,yolov8l_bsz4.ms,232.50,106.50,339.00,0.500,Mid (Meeting),4.68,29.58,364.32,2136.00,11499.37,586.11,,0,69,36.00,-455,4011891,-1825410.41,3,fused
323263,000000323263.jpg,640x447,1,0.999999,1,1,TP,yolov8l_bsz4.ms,232.50,106.50,339.00,0.500,Mid (Meeting),4.68,29.58,364.32,2136.00,11499.37,586.11,,0,69,36.00,-455,4011891,-1825410.41,3,fused
289229,000000289229.jpg,362x500,1,0.999999,1,1,TP,yolov8l_bsz4.ms,232.50,106.50,339.00,0.500,Mid (Meeting),4.68,29.58,364.32,2136.00,11499.37,586.11,,0,69,36.00,-455,4011891,-1825410.41,3,fused
376900,000000376900.jpg,480x640,1,0.999999,1,1,TP,yolov8l_bsz4.ms,232.50,106.50,339.00,0.500,Mid (Meeting),4.68,29.58,364.32,2136.00,11499.37,586.11,,0,69,36.00,-455,4011891,-1825410.41,3,fused
60886,000000060886.jpg,500x333,1,0.999999,1,1,TP,yolov8l_bsz4.ms,228.00,106.75,334.75,0.500,Mid (Meeting),4.36,28.61,344.19,2162.00,11499.37,606.38,,0,69,36.00,-489,4010981,-1961369.71,3,fused
63047,000000063047.jpg,640x561,1,0.999999,1,1,TP,yolov8l_bsz4.ms,228.00,106.75,334.75,0.500,Mid (Meeting),4.36,28.61,344.19,2162.00,11499.37,606.38,,0,69,36.00,-489,4010981,-1961369.71,3,fused
391290,000000391290.jpg,640x426,1,0.999999,1,1,TP,yolov8l_bsz4.ms,228.00,106.75,334.75,0.500,Mid (Meeting),4.36,28.61,344.19,2162.00,11499.37,606.38,,0,69,36.00,-489,4010981,-1961369.71,3,fused
93261,000000093261.jpg,500x375,1,0.999999,1,1,TP,yolov8l_bsz4.ms,228.00,106.75,334.75,0.500,Mid (Meeting),4.36,28.61,344.19,2162.00,11499.37,606.38,,0,69,36.00,-489,4010981,-1961369.71,3,fused
66886,000000066886.jpg,640x427,1,0.999999,1,1,TP,yolov8l_bsz4.ms,227.25,108.00,335.25,0.500,Mid (Meeting),4.15,28.61,290.21,2209.00,11499.37,645.14,,0,69,36.00,-542,4009147,-2172957.67,3,fused
480936,000000480936.jpg,482x640,1,0.999999,1,1,TP,yolov8l_bsz4.ms,227.25,108.00,335.25,0.500,Mid (Meeting),4.15,28.61,290.21,2209.00,11499.37,645.14,,0,69,36.00,-542,4009147,-2172957.67,3,fused
289059,000000289059.jpg,640x480,1,0.999999,1,1,TP,yolov8l_bsz4.ms,227.25,108.00,335.25,0.500,Mid (Meeting),4.15,28.61,290.21,2209.00,11499.37,645.14,,0,69,36.00,-542,4009147,-2172957.67,3,fused
8211,000000008211.jpg,640x459,1,0.999999,1,1,TP,yolov8l_bsz4.ms,227.25,108.00,335.25,0.500,Mid (Meeting),4.15,28.61,290.21,2209.00,11499.37,645.14,,0,69,36.00,-542,4009147,-2172957.67,3,fused
180101,000000180101.jpg,640x480,1,0.999999,1,1,TP,yolov8l_bsz4.ms,225.50,116.25,341.75,0.500,Mid (Meeting),4.02,28.81,368.89,2142.00,11499.37,567.19,,0,69,36.00,-504,4010153,-2021117.11,4,fused
5001,000000005001.jpg,640x480,1,0.999999,1,1,TP,yolov8l_bsz4.ms,225.50,116.25,341.75,0.500,Mid (Meeting),4.02,28.81,368.89,2142.00,11499.37,567.19,,0,69,36.00,-504,4010153,-2021117.11,4,fused
406417,000000406417.jpg,568x640,1,0.999999,1,1,TP,yolov8l_bsz4.ms,225.50,116.25,341.75,0.500,Mid (Meeting),4.02,28.81,368.89,2142.00,11499.37,567.19,,0,69,36.00,-504,4010153,-2021117.11,4,fused
280779,000000280779.jpg,640x501,1,0.999999,1,1,TP,yolov8l_bsz4.ms,225.50,116.25,341.75,0.500,Mid (Meeting),4.02,28.81,368.89,2142.00,11499.37,567.19,,0,69,36.00,-504,4010153,-2021117.11,4,fused
269121,000000269121.jpg,480x640,1,0.999999,1,1,TP,yolov8l_bsz4.ms,226.50,105.00,331.50,0.500,Mid (Meeting),3.93,28.81,364.23,2132.00,11499.37,554.32,,0,69,36.00,-657,4004804,-2631156.23,4,fused
463199,000000463199.jpg,640x480,1,0.999999,1,1,TP,yolov8l_bsz4.ms,226.50,105.00,331.50,0.500,Mid (Meeting),3.93,28.81,364.23,2132.00,11499.37,554.32,,0,69,36.00,-657,4004804,-2631156.23,4,fused
548780,000000548780.jpg,640x427,1,0.999999,1,1,TP,yolov8l_bsz4.ms,226.50,105.00,331.50,0.500,Mid (Meeting),3.93,28.81,364.23,2132.00,11499.37,554.32,,0,69,36.00,-657,4004804,-2631156.23,4,fused
500565,000000500565.jpg,640x466,1,0.999999,1,1,TP,yolov8l_bsz4.ms,226.50,105.00,331.50,0.500,Mid (Meeting),3.93,28.81,364.23,2132.00,11499.37,554.32,,0,69,36.00,-657,4004804,-2631156.23,4,fused
500478,000000500478.jpg,329x640,1,0.999999,1,1,TP,yolov8l_bsz4.ms,225.25,95.75,321.00,0.500,Mid (Meeting),8.36,28.58,344.72,2161.00,11499.37,580.24,,0,69,36.00,-629,4005366,-2519375.21,4,fused
534041,000000534041.jpg,500x375,1,0.999999,1,1,TP,yolov8l_bsz4.ms,225.25,95.75,321.00,0.500,Mid (Meeting),8.36,28.58,344.72,2161.00,11499.37,580.24,,0,69,36.00,-629,4005366,-2519375.21,4,fused
12670,000000012670.jpg,640x428,1,0.999999,1,1,TP,yolov8l_bsz4.ms,225.25,95.75,321.00,0.500,Mid (Meeting),8.36,28.58,344.72,2161.00,11499.37,580.24,,0,69,36.00,-629,4005366,-2519375.21,4,fused
22371,000000022371.jpg,425x282,1,0.999999,1,1,TP,yolov8l_bsz4.ms,225.25,95.75,321.00,0.500,Mid (Meeting),8.36,28.58,344.72,2161.00,11499.37,580.24,,0,69,36.00,-629,4005366,-2519375.21,4,fused
170099,000000170099.jpg,640x478,1,0.999999,1,1,TP,yolov8l_bsz4.ms,227.75,107.25,335.00,0.500,Mid (Meeting),4.27,28.58,291.75,2209.00,11499.37,625.04,,0,69,36.00,-513,4009303,-2056772.44,4,fused
203389,000000203389.jpg,640x480,1,0.999999,1,1,TP,yolov8l_bsz4.ms,227.75,107.25,335.00,0.500,Mid (Meeting),4.27,28.58,291.75,2209.00,11499.37,625.04,,0,69,36.00,-513,4009303,-2056772.44,4,fused
114907,000000114907.jpg,640x425,1,0.999999,1,1,TP,yolov8l_bsz4.ms,227.75,107.25,335.00,0.500,Mid (Meeting),4.27,28.58,291.75,2209.00,11499.37,625.04,,0,69,36.00,-513,4009303,-2056772.44,4,fused
512657,000000512657.jpg,640x427,1,0.999999,1,1,TP,yolov8l_bsz4.ms,227.75,107.25,335.00,0.500,Mid (Meeting),4.27,28.58,291.75,2209.00,11499.37,625.04,,0,69,36.00,-513,4009303,-2056772.44,4,fused
482319,000000482319.jpg,640x480,1,0.999999,1,1,TP,yolov8l_bsz4.ms,225.25,104.50,329.75,0.500,Mid (Meeting),3.75,27.52,368.33,2123.00,11499.37,536.59,,0,69,36.00,-485,4010338,-1945013.93,4,fused
254516,000000254516.jpg,640x427,1,0.999999,1,1,TP,yolov8l_bsz4.ms,225.25,104.50,329.75,0.500,Mid (Meeting),3.75,27.52,368.33,2123.00,11499.37,536.59,,0,69,36.00,-485,4010338,-1945013.93,4,fused
70739,000000070739.jpg,640x480,1,0.999999,1,1,TP,yolov8l_bsz4.ms,225.25,104.50,329.75,0.500,Mid (Meeting),3.75,27.52,368.33,2123.00,11499.37,536.59,,0,69,36.00,-485,4010338,-1945013.93,4,fused
179898,000000179898.jpg,640x480,1,0.999999,1,1,TP,yolov8l_bsz4.ms,225.25,104.50,329.75,0.500,Mid (Meeting),3.75,27.52,368.33,2123.00,11499.37,536.59,,0,69,36.00,-485,4010338,-1945013.93,4,fused
527029,000000527029.jpg,640x640,1,0.999999,1,1,TP,yolov8l_bsz4.ms,234.50,119.50,354.00,0.500,Mid (Meeting),3.79,27.52,373.11,2123.00,11499.37,531.75,,0,69,36.00,-441,4011489,-1769066.65,4,fused
55528,000000055528.jpg,640x480,1,0.999999,1,1,TP,yolov8l_bsz4.ms,234.50,119.50,354.00,0.500,Mid (Meeting),3.79,27.52,373.11,2123.00,11499.37,531.75,,0,69,36.00,-441,4011489,-1769066.65,4,fused
291551,000000291551.jpg,428x640,1,0.999999,1,1,TP,yolov8l_bsz4.ms,234.50,119.50,354.00,0.500,Mid (Meeting),3.79,27.52,373.11,2123.00,11499.37,531.75,,0,69,36.00,-441,4011489,-1769066.65,4,fused
66771,000000066771.jpg,640x480,1,0.999999,1,1,TP,yolov8l_bsz4.ms,234.50,119.50,354.00,0.500,Mid (Meeting),3.79,27.52,373.11,2123.00,11499.37,531.75,,0,69,36.00,-441,4011489,-1769066.65,4,fused
450399,000000450399.jpg,640x480,1,0.999999,1,1,TP,yolov8l_bsz4.ms,228.50,103.25,331.75,0.500,Mid (Meeting),3.68,27.87,345.01,2152.00,11499.37,557.27,,0,69,36.00,-594,4006301,-2379742.79,4,fused
412286,000000412286.jpg,333x500,1,0.999999,1,1,TP,yolov8l_bsz4.ms,228.50,103.25,331.75,0.500,Mid (Meeting),3.68,27.87,345.01,2152.00,11499.37,557.27,,0,69,36.00,-594,4006301,-2379742.79,4,fused
417632,000000417632.jpg,640x480,1,0.999999,1,1,TP,yolov8l_bsz4.ms,228.50,103.25,331.75,0.500,Mid (Meeting),3.68,27.87,345.01,2152.00,11499.37,557.27,,0,69,36.00,-594,4006301,-2379742.79,4,fused
76468,000000076468.jpg,640x480,1,0.999999,1,1,TP,yolov8l_bsz4.ms,228.50,103.25,331.75,0.500,Mid (Meeting),3.68,27.87,345.01,2152.00,11499.37,557.27,,0,69,36.00,-594,4006301,-2379742.79,4,fused
143556,000000143556.jpg,480x640,1,0.999999,1,1,TP,yolov8l_bsz4.ms,227.00,102.75,329.75,0.500,Mid (Meeting),3.66,27.87,293.24,2198.00,11499.37,599.01,,0,69,36.00,-617,4005504,-2471395.97,4,fused
281754,000000281754.jpg,419x640,1,0.999999,1,1,TP,yolov8l_bsz4.ms,227.00,102.75,329.75,0.500,Mid (Meeting),3.66,27.87,293.24,2198.00,11499.37,599.01,,0,69,36.00,-617,4005504,-2471395.97,4,fused
341973,000000341973.jpg,500x375,1,0.999999,1,1,TP,yolov8l_bsz4.ms,227.00,102.75,329.75,0.500,Mid (Meeting),3.66,27.87,293.24,2198.00,11499.37,599.01,,0,69,36.00,-617,4005504,-2471395.97,4,fused
334417,000000334417.jpg,640x423,1,0.999999,1,1,TP,yolov8l_bsz4.ms,227.00,102.75,329.75,0.500,Mid (Meeting),3.66,27.87,293.24,2198.00,11499.37,599.01,,0,69,36.00,-617,4005504,-2471395.97,4,fused
92939,000000092939.jpg,424x640,1,0.999999,1,1,TP,yolov8l_bsz4.ms,225.50,104.00,329.50,0.500,Mid (Meeting),3.55,28.51,369.84,2105.00,11499.37,501.90,,0,69,36.00,-528,4008380,-2116424.64,4,fused
79969,000000079969.jpg,426x640,1,0.999999,1,1,TP,yolov8l_bsz4.ms,225.50,104.00,329.50,0.500,Mid (Meeting),3.55,28.51,369.84,2105.00,11499.37,501.90,,0,69,36.00,-528,4008380,-2116424.64,4,fused
345356,000000345356.jpg,640x480,1,0.999999,1,1,TP,yolov8l_bsz4.ms,225.50,104.00,329.50,0.500,Mid (Meeting),3.55,28.51,369.84,2105.00,11499.37,501.90,,0,69,36.00,-528,4008380,-2116424.64,4,fused
496854,000000496854.jpg,640x480,1,0.999999,1,1,TP,yolov8l_bsz4.ms,225.50,104.00,329.50,0.500,Mid (Meeting),3.55,28.51,369.84,2105.00,11499.37,501.90,,0,69,36.00,-528,4008380,-2116424.64,4,fused
368752,000000368752.jpg,480x640,1,0.999999,1,1,TP,yolov8l_bsz4.ms,225.75,104.25,330.00,0.500,Mid (Meeting),8.74,28.51,369.24,2120.00,11499.37,540.66,,0,69,36.00,-452,4010582,-1812783.06,4,fused
333745,000000333745.jpg,427x640,1,0.999999,1,1,TP,yolov8l_bsz4.ms,225.75,104.25,330.00,0.500,Mid (Meeting),8.74,28.51,369.24,2120.00,11499.37,540.66,,0,69,36.00,-452,4010582,-1812783.06,4,fused
439180,000000439180.jpg,640x360,1,0.999999,1,1,TP,yolov8l_bsz4.ms,225.75,104.25,330.00,0.500,Mid (Meeting),8.74,28.51,369.24,2120.00,11499.37,540.66,,0,69,36.00,-452,4010582,-1812783.06,4,fused
171382,000000171382.jpg,640x426,1,0.999999,1,1,TP,yolov8l_bsz4.ms,225.75,104.25,330.00,0.500,Mid (Meeting),8.74,28.51,369.24,2120.00,11499.37,540.66,,0,69,36.00,-452,4010582,-1812783.06,4,fused
85157,000000085157.jpg,640x480,1,0.999999,1,1,TP,yolov8l_bsz4.ms,228.50,105.50,334.00,0.500,Mid (Meeting),3.57,25.35,345.43,2144.00,11499.37,557.49,,0,69,36.00,-476,4010093,-1908804.27,4,fused
391140,000000391140.jpg,640x480,1,0.999999,1,1,TP,yolov8l_bsz4.ms,228.50,105.50,334.00,0.500,Mid (Meeting),3.57,25.35,345.43,2144.00,11499.37,557.49,,0,69,36.00,-476,4010093,-1908804.27,4,fused
329323,000000329323.jpg,425x640,1,0.999998,1,1,TP,yolov8l_bsz4.ms,228.50,105.50,334.00,0.500,Mid (Meeting),3.57,25.35,345.43,2144.00,11499.37,557.49,,0,69,36.00,-476,4010093,-1908804.27,4,fused
183716,000000183716.jpg,353x500,1,0.999998,1,1,TP,yolov8l_bsz4.ms,228.50,105.50,334.00,0.500,Mid (Meeting),3.57,25.35,345.43,2144.00,11499.37,557.49,,0,69,36.00,-476,4010093,-1908804.27,4,fused
301563,000000301563.jpg,640x428,1,0.999998,1,1,TP,yolov8l_bsz4.ms,225.50,108.75,334.25,0.500,Mid (Meeting),3.63,25.35,289.63,2196.00,11499.37,606.98,,0,69,36.00,-493,4009203,-1976537.08,4,fused
58350,000000058350.jpg,640x480,1,0.999998,1,1,TP,yolov8l_bsz4.ms,225.50,108.75,334.25,0.500,Mid (Meeting),3.63,25.35,289.63,2196.00,11499.37,606.98,,0,69,36.00,-493,4009203,-1976537.08,4,fused
290248,000000290248.jpg,640x480,1,0.999998,1,1,TP,yolov8l_bsz4.ms,225.50,108.75,334.25,0.500,Mid (Meeting),3.63,25.35,289.63,2196.00,11499.37,606.98,,0,69,36.00,-493,4009203,-1976537.08,4,fused
532058,000000532058.jpg,640x480,1,0.999998,1,1,TP,yolov8l_bsz4.ms,225.50,108.75,334.25,0.500,Mid (Meeting),3.63,25.35,289.63,2196.00,11499.37,606.98,,0,69,36.00,-493,4009203,-1976537.08,4,fused
183648,000000183648.jpg,640x428,1,0.999998,1,1,TP,yolov8l_bsz4.ms,225.25,113.00,338.25,0.500,Mid (Meeting),3.47,27.68,368.67,2124.00,11499.37,530.44,,0,69,36.00,-463,4009959,-1856611.02,4,fused
414034,000000414034.jpg,640x480,1,0.999998,1,1,TP,yolov8l_bsz4.ms,225.25,113.00,338.25,0.500,Mid (Meeting),3.47,27.68,368.67,2124.00,11499.37,530.44,,0,69,36.00,-463,4009959,-1856611.02,4,fused
69356,000000069356.jpg,640x505,1,0.999998,1,1,TP,yolov8l_bsz4.ms,225.25,113.00,338.25,0.500,Mid (Meeting),3.47,27.68,368.67,2124.00,11499.37,530.44,,0,69,36.00,-463,4009959,-1856611.02,4,fused
139099,000000139099.jpg,640x453,1,0.999998,1,1,TP,yolov8l_bsz4.ms,225.25,113.00,338.25,0.500,Mid (Meeting),3.47,27.68,368.67,2124.00,11499.37,530.44,,0,69,36.00,-463,4009959,-1856611.02,4,fused
140270,000000140270.jpg,600x400,1,0.999998,1,1,TP,yolov8l_bsz4.ms,227.75,108.00,335.75,0.500,Mid (Meeting),3.46,27.68,364.50,2121.00,11499.37,523.42,,0,69,36.00,-453,4010381,-1816702.59,4,fused
342128,000000342128.jpg,488x640,1,0.999998,1,1,TP,yolov8l_bsz4.ms,227.75,108.00,335.75,0.500,Mid (Meeting),3.46,27.68,364.50,2121.00,11499.37,523.42,,0,69,36.00,-453,4010381,-1816702.59,4,fused
104424,000000104424.jpg,424x640,1,0.999998,1,1,TP,yolov8l_bsz4.ms,227.75,108.00,335.75,0.500,Mid (Meeting),3.46,27.68,364.50,2121.00,11499.37,523.42,,0,69,36.00,-453,4010381,-1816702.59,4,fused
132931,000000132931.jpg,640x427,1,0.999998,1,1,TP,yolov8l_bsz4.ms,227.75,108.00,335.75,0.500,Mid (Meeting),3.46,27.68,364.50,2121.00,11499.37,523.42,,0,69,36.00,-453,4010381,-1816702.59,4,fused
264968,000000264968.jpg,334x500,1,0.999998,1,1,TP,yolov8l_bsz4.ms,229.50,103.00,332.50,0.500,Mid (Meeting),3.48,27.86,345.83,2131.00,11499.37,531.62,,0,69,36.00,-450,4010312,-1804640.40,4,fused
117744,000000117744.jpg,359x640,1,0.999998,1,1,TP,yolov8l_bsz4.ms,229.50,103.00,332.50,0.500,Mid (Meeting),3.48,27.86,345.83,2131.00,11499.37,531.62,,0,69,36.00,-450,4010312,-1804640.40,4,fused
41990,000000041990.jpg,640x480,1,0.999998,1,1,TP,yolov8l_bsz4.ms,229.50,103.00,332.50,0.500,Mid (Meeting),3.48,27.86,345.83,2131.00,11499.37,531.62,,0,69,36.00,-450,4010312,-1804640.40,4,fused
22935,000000022935.jpg,640x480,1,0.999998,1,1,TP,yolov8l_bsz4.ms,229.50,103.00,332.50,0.500,Mid (Meeting),3.48,27.86,345.83,2131.00,11499.37,531.62,,0,69,36.00,-450,4010312,-1804640.40,4,fused
170613,000000170613.jpg,439x640,1,0.999998,1,1,TP,yolov8l_bsz4.ms,229.75,102.00,331.75,0.500,Mid (Meeting),3.46,27.86,293.70,2193.00,11499.37,589.10,,0,69,36.00,-514,4008035,-2060129.99,4,fused
156924,000000156924.jpg,500x333,1,0.999998,1,1,TP,yolov8l_bsz4.ms,229.75,102.00,331.75,0.500,Mid (Meeting),3.46,27.86,293.70,2193.00,11499.37,589.10,,0,69,36.00,-514,4008035,-2060129.99,4,fused
439773,000000439773.jpg,640x480,1,0.999998,1,1,TP,yolov8l_bsz4.ms,229.75,102.00,331.75,0.500,Mid (Meeting),3.46,27.86,293.70,2193.00,11499.37,589.10,,0,69,36.00,-514,4008035,-2060129.99,4,fused
441543,000000441543.jpg,640x403,1,0.999998,1,1,TP,yolov8l_bsz4.ms,229.75,102.00,331.75,0.500,Mid (Meeting),3.46,27.86,293.70,2193.00,11499.37,589.10,,0,69,36.00,-514,4008035,-2060129.99,4,fused
117492,000000117492.jpg,640x428,1,0.999998,1,1,TP,yolov8l_bsz4.ms,229.00,110.25,339.25,0.500,Mid (Meeting),3.46,27.90,367.63,2119.00,11499.37,510.98,,0,69,36.00,-499,4008357,-2000170.14,4,fused
156071,000000156071.jpg,640x480,1,0.999998,1,1,TP,yolov8l_bsz4.ms,229.00,110.25,339.25,0.500,Mid (Meeting),3.46,27.90,367.63,2119.00,11499.37,510.98,,0,69,36.00,-499,4008357,-2000170.14,4,fused
257478,000000257478.jpg,500x398,1,0.999998,1,1,TP,yolov8l_bsz4.ms,229.00,110.25,339.25,0.500,Mid (Meeting),3.46,27.90,367.63,2119.00,11499.37,510.98,,0,69,36.00,-499,4008357,-2000170.14,4,fused
540414,000000540414.jpg,640x480,1,0.999998,1,1,TP,yolov8l_bsz4.ms,229.00,110.25,339.25,0.500,Mid (Meeting),3.46,27.90,367.63,2119.00,11499.37,510.98,,0,69,36.00,-499,4008357,-2000170.14,4,fused
6471,000000006471.jpg,500x333,1,0.999998,1,1,TP,yolov8l_bsz4.ms,231.50,111.50,343.00,0.500,Mid (Meeting),3.38,27.90,365.78,2113.00,11499.37,501.49,,0,69,36.00,-459,4009513,-1840366.47,4,fused
313034,000000313034.jpg,640x480,1,0.999998,1,1,TP,yolov8l_bsz4.ms,231.50,111.50,343.00,0.500,Mid (Meeting),3.38,27.90,365.78,2113.00,11499.37,501.49,,0,69,36.00,-459,4009513,-1840366.47,4,fused
98853,000000098853.jpg,427x640,1,0.999998,1,1,TP,yolov8l_bsz4.ms,231.50,111.50,343.00,0.500,Mid (Meeting),3.38,27.90,365.78,2113.00,11499.37,501.49,,0,69,36.00,-459,4009513,-1840366.47,4,fused
481390,000000481390.jpg,640x480,1,0.999997,1,1,TP,yolov8l_bsz4.ms,231.50,111.50,343.00,0.500,Mid (Meeting),3.38,27.90,365.78,2113.00,11499.37,501.49,,0,69,36.00,-459,4009513,-1840366.47,4,fused
441286,000000441286.jpg,640x493,1,0.999997,1,1,TP,yolov8l_bsz4.ms,225.00,115.50,340.50,0.500,Mid (Meeting),3.55,28.53,347.16,2129.00,11499.37,514.16,,0,69,36.00,-449,4009904,-1800446.90,4,fused
162415,000000162415.jpg,536x640,1,0.999997,1,1,TP,yolov8l_bsz4.ms,225.00,115.50,340.50,0.500,Mid (Meeting),3.55,28.53,347.16,2129.00,11499.37,514.16,,0,69,36.00,-449,4009904,-1800446.90,4,fused
434459,000000434459.jpg,640x457,1,0.999997,1,1,TP,yolov8l_bsz4.ms,225.00,115.50,340.50,0.500,Mid (Meeting),3.55,28.53,347.16,2129.00,11499.37,514.16,,0,69,36.00,-449,4009904,-1800446.90,4,fused
87476,000000087476.jpg,427x640,1,0.999997,1,1,TP,yolov8l_bsz4.ms,225.00,115.50,340.50,0.500,Mid (Meeting),3.55,28.53,347.16,2129.00,11499.37,514.16,,0,69,36.00,-449,4009904,-1800446.90,4,fused
517056,000000517056.jpg,640x480,1,0.999997,1,1,TP,yolov8l_bsz4.ms,225.25,108.25,333.50,0.500,Mid (Meeting),3.46,28.53,300.66,2183.00,11499.37,564.44,,0,69,36.00,-550,4006523,-2203587.65,4,fused
5193,000000005193.jpg,640x425,1,0.999997,1,1,TP,yolov8l_bsz4.ms,225.25,108.25,333.50,0.500,Mid (Meeting),3.46,28.53,300.66,2183.00,11499.37,564.44,,0,69,36.00,-550,4006523,-2203587.65,4,fused
320743,000000320743.jpg,640x360,1,0.999997,1,1,TP,yolov8l_bsz4.ms,225.25,108.25,333.50,0.500,Mid (Meeting),3.46,28.53,300.66,2183.00,11499.37,564.44,,0,69,36.00,-550,4006523,-2203587.65,4,fused
12639,000000012639.jpg,480x640,1,0.999997,1,1,TP,yolov8l_bsz4.ms,225.25,108.25,333.50,0.500,Mid (Meeting),3.46,28.53,300.66,2183.00,11499.37,564.44,,0,69,36.00,-550,4006523,-2203587.65,4,fused
58539,000000058539.jpg,640x421,1,0.999997,1,1,TP,yolov8l_bsz4.ms,224.50,124.50,349.00,0.500,Mid (Meeting),3.50,29.27,371.25,2051.00,11499.37,399.62,,0,69,37.00,-519,4006914,-2079588.37,4,fused
489611,000000489611.jpg,640x622,1,0.999997,1,1,TP,yolov8l_bsz4.ms,224.50,124.50,349.00,0.500,Mid (Meeting),3.50,29.27,371.25,2051.00,11499.37,399.62,,0,69,37.00,-519,4006914,-2079588.37,4,fused
297353,000000297353.jpg,640x640,1,0.999997,1,1,TP,yolov8l_bsz4.ms,224.50,124.50,349.00,0.500,Mid (Meeting),3.50,29.27,371.25,2051.00,11499.37,399.62,,0,69,37.00,-519,4006914,-2079588.37,4,fused
24243,000000024243.jpg,640x480,1,0.999997,1,1,TP,yolov8l_bsz4.ms,224.50,124.50,349.00,0.500,Mid (Meeting),3.50,29.27,371.25,2051.00,11499.37,399.62,,0,69,37.00,-519,4006914,-2079588.37,4,fused
403122,000000403122.jpg,427x640,1,0.999997,1,1,TP,yolov8l_bsz4.ms,229.50,97.75,327.25,0.500,Mid (Meeting),3.45,29.27,372.95,2101.00,11499.37,446.33,,0,69,37.00,-446,4009256,-1788128.18,4,fused
328238,000000328238.jpg,640x426,1,0.999997,1,1,TP,yolov8l_bsz4.ms,229.50,97.75,327.25,0.500,Mid (Meeting),3.45,29.27,372.95,2101.00,11499.37,446.33,,0,69,37.00,-446,4009256,-1788128.18,4,fused
431545,000000431545.jpg,500x334,1,0.999997,1,1,TP,yolov8l_bsz4.ms,229.50,97.75,327.25,0.500,Mid (Meeting),3.45,29.27,372.95,2101.00,11499.37,446.33,,0,69,37.00,-446,4009256,-1788128.18,4,fused
303653,000000303653.jpg,640x426,1,0.999997,1,1,TP,yolov8l_bsz4.ms,229.50,97.75,327.25,0.500,Mid (Meeting),3.45,29.27,372.95,2101.00,11499.37,446.33,,0,69,37.00,-446,4009256,-1788128.18,4,fused
343453,000000343453.jpg,640x480,1,0.999997,1,1,TP,yolov8l_bsz4.ms,224.50,97.75,322.25,0.500,Mid (Meeting),3.47,29.29,344.60,2143.00,11499.37,486.51,,0,69,37.00,-694,4000866,-2776601.00,4,fused
109313,000000109313.jpg,480x640,1,0.999997,1,1,TP,yolov8l_bsz4.ms,224.50,97.75,322.25,0.500,Mid (Meeting),3.47,29.29,344.60,2143.00,11499.37,486.51,,0,69,37.00,-694,4000866,-2776601.00,4,fused
118921,000000118921.jpg,640x427,1,0.999996,1,1,TP,yolov8l_bsz4.ms,224.50,97.75,322.25,0.500,Mid (Meeting),3.47,29.29,344.60,2143.00,11499.37,486.51,,0,69,37.00,-694,4000866,-2776601.00,4,fused
406611,000000406611.jpg,640x480,1,0.999996,1,1,TP,yolov8l_bsz4.ms,224.50,97.75,322.25,0.500,Mid (Meeting),3.47,29.29,344.60,2143.00,11499.37,486.51,,0,69,37.00,-694,4000866,-2776601.00,4,fused
329456,000000329456.jpg,640x427,1,0.999996,1,1,TP,yolov8l_bsz4.ms,225.00,96.00,321.00,0.500,Mid (Meeting),3.42,29.29,299.31,2180.00,11499.37,520.14,,0,69,37.00,-598,4003774,-2394256.85,4,fused
201072,000000201072.jpg,411x640,1,0.999996,1,1,TP,yolov8l_bsz4.ms,225.00,96.00,321.00,0.500,Mid (Meeting),3.42,29.29,299.31,2180.00,11499.37,520.14,,0,69,37.00,-598,4003774,-2394256.85,4,fused
97278,000000097278.jpg,457x640,1,0.999996,1,1,TP,yolov8l_bsz4.ms,225.00,96.00,321.00,0.500,Mid (Meeting),3.42,29.29,299.31,2180.00,11499.37,520.14,,0,69,37.00,-598,4003774,-2394256.85,4,fused
2261,000000002261.jpg,640x427,1,0.999996,1,1,TP,yolov8l_bsz4.ms,225.00,96.00,321.00,0.500,Mid (Meeting),3.42,29.29,299.31,2180.00,11499.37,520.14,,0,69,37.00,-598,4003774,-2394256.85,4,fused
14439,000000014439.jpg,640x404,1,0.999996,1,1,TP,yolov8l_bsz4.ms,223.75,98.75,322.50,0.500,Mid (Meeting),4.12,26.19,366.91,2102.00,11499.37,438.09,,0,69,37.00,-601,4003556,-2406137.16,4,fused
125936,000000125936.jpg,500x327,1,0.999996,1,1,TP,yolov8l_bsz4.ms,223.75,98.75,322.50,0.500,Mid (Meeting),4.12,26.19,366.91,2102.00,11499.37,438.09,,0,69,37.00,-601,4003556,-2406137.16,4,fused
213547,000000213547.jpg,480x640,1,0.999996,1,1,TP,yolov8l_bsz4.ms,223.75,98.75,322.50,0.500,Mid (Meeting),4.12,26.19,366.91,2102.00,11499.37,438.09,,0,69,37.00,-601,4003556,-2406137.16,4,fused
201418,000000201418.jpg,500x375,1,0.999996,1,1,TP,yolov8l_bsz4.ms,223.75,98.75,322.50,0.500,Mid (Meeting),4.12,26.19,366.91,2102.00,11499.37,438.09,,0,69,37.00,-601,4003556,-2406137.16,4,fused
196141,000000196141.jpg,640x429,1,0.999996,1,1,TP,yolov8l_bsz4.ms,227.00,106.50,333.50,0.500,Mid (Meeting),3.61,26.19,371.61,2126.00,11499.37,482.84,,0,69,37.00,-461,4007833,-1847611.01,4,fused
113720,000000113720.jpg,640x426,1,0.999996,1,1,TP,yolov8l_bsz4.ms,227.00,106.50,333.50,0.500,Mid (Meeting),3.61,26.19,371.61,2126.00,11499.37,482.84,,0,69,37.00,-461,4007833,-1847611.01,4,fused
210230,000000210230.jpg,640x457,1,0.999996,1,1,TP,yolov8l_bsz4.ms,227.00,106.50,333.50,0.500,Mid (Meeting),3.61,26.19,371.61,2126.00,11499.37,482.84,,0,69,37.00,-461,4007833,-1847611.01,4,fused
174371,000000174371.jpg,640x511,1,0.999996,1,1,TP,yolov8l_bsz4.ms,227.00,106.50,333.50,0.500,Mid (Meeting),3.61,26.19,371.61,2126.00,11499.37,482.84,,0,69,37.00,-461,4007833,-1847611.01,4,fused
132544,000000132544.jpg,640x427,1,0.999996,1,1,TP,yolov8l_bsz4.ms,226.25,100.00,326.25,0.500,Mid (Meeting),3.63,28.26,346.16,2148.00,11499.37,499.63,,0,69,37.00,-466,4007658,-1867568.63,4,fused
122962,000000122962.jpg,640x424,1,0.999996,1,1,TP,yolov8l_bsz4.ms,226.25,100.00,326.25,0.500,Mid (Meeting),3.63,28.26,346.16,2148.00,11499.37,499.63,,0,69,37.00,-466,4007658,-1867568.63,4,fused
546219,000000546219.jpg,640x427,1,0.999996,1,1,TP,yolov8l_bsz4.ms,226.25,100.00,326.25,0.500,Mid (Meeting),3.63,28.26,346.16,2148.00,11499.37,499.63,,0,69,37.00,-466,4007658,-1867568.63,4,fused
325991,000000325991.jpg,500x334,1,0.999996,1,1,TP,yolov8l_bsz4.ms,226.25,100.00,326.25,0.500,Mid (Meeting),3.63,28.26,346.16,2148.00,11499.37,499.63,,0,69,37.00,-466,4007658,-1867568.63,4,fused
184324,000000184324.jpg,640x425,1,0.999996,1,1,TP,yolov8l_bsz4.ms,228.75,108.00,336.75,0.500,Mid (Meeting),3.54,28.26,301.66,2183.00,11499.37,531.85,,0,69,37.00,-484,4006959,-1939368.16,4,fused
279278,000000279278.jpg,640x429,1,0.999996,1,1,TP,yolov8l_bsz4.ms,228.75,108.00,336.75,0.500,Mid (Meeting),3.54,28.26,301.66,2183.00,11499.37,531.85,,0,69,37.00,-484,4006959,-1939368.16,4,fused
110449,000000110449.jpg,500x375,1,0.999996,1,1,TP,yolov8l_bsz4.ms,228.75,108.00,336.75,0.500,Mid (Meeting),3.54,28.26,301.66,2183.00,11499.37,531.85,,0,69,37.00,-484,4006959,-1939368.16,4,fused
33005,000000033005.jpg,640x426,1,0.999996,1,1,TP,yolov8l_bsz4.ms,228.75,108.00,336.75,0.500,Mid (Meeting),3.54,28.26,301.66,2183.00,11499.37,531.85,,0,69,37.00,-484,4006959,-1939368.16,4,fused
547336,000000547336.jpg,640x480,1,0.999996,1,1,TP,yolov8l_bsz4.ms,225.75,114.00,339.75,0.500,Mid (Meeting),3.49,27.86,368.90,2112.00,11499.37,456.59,,0,69,37.00,-393,4009975,-1575920.18,4,fused
34139,000000034139.jpg,640x480,1,0.999995,1,1,TP,yolov8l_bsz4.ms,225.75,114.00,339.75,0.500,Mid (Meeting),3.49,27.86,368.90,2112.00,11499.37,456.59,,0,69,37.00,-393,4009975,-1575920.18,4,fused
326248,000000326248.jpg,640x427,1,0.999995,1,1,TP,yolov8l_bsz4.ms,225.75,114.00,339.75,0.500,Mid (Meeting),3.49,27.86,368.90,2112.00,11499.37,456.59,,0,69,37.00,-393,4009975,-1575920.18,4,fused
25393,000000025393.jpg,640x480,1,0.999995,1,1,TP,yolov8l_bsz4.ms,225.75,114.00,339.75,0.500,Mid (Meeting),3.49,27.86,368.90,2112.00,11499.37,456.59,,0,69,37.00,-393,4009975,-1575920.18,4,fused
409211,000000409211.jpg,640x427,1,0.999995,1,1,TP,yolov8l_bsz4.ms,228.75,96.75,325.50,0.500,Mid (Meeting),3.48,27.86,368.00,2120.00,11499.37,463.04,,0,69,37.00,-469,4007641,-1879583.63,4,fused
44877,000000044877.jpg,640x427,1,0.999995,1,1,TP,yolov8l_bsz4.ms,228.75,96.75,325.50,0.500,Mid (Meeting),3.48,27.86,368.00,2120.00,11499.37,463.04,,0,69,37.00,-469,4007641,-1879583.63,4,fused
293200,000000293200.jpg,640x427,1,0.999995,1,1,TP,yolov8l_bsz4.ms,228.75,96.75,325.50,0.500,Mid (Meeting),3.48,27.86,368.00,2120.00,11499.37,463.04,,0,69,37.00,-469,4007641,-1879583.63,4,fused
374083,000000374083.jpg,426x640,1,0.999995,1,1,TP,yolov8l_bsz4.ms,228.75,96.75,325.50,0.500,Mid (Meeting),3.48,27.86,368.00,2120.00,11499.37,463.04,,0,69,37.00,-469,4007641,-1879583.63,4,fused
457884,000000457884.jpg,640x458,1,0.999995,1,1,TP,yolov8l_bsz4.ms,224.50,109.25,333.75,0.500,Mid (Meeting),3.48,27.90,346.09,2151.00,11499.37,490.27,,0,69,37.00,-452,4007911,-1811575.77,4,fused
556193,000000556193.jpg,500x333,1,0.999995,1,1,TP,yolov8l_bsz4.ms,224.50,109.25,333.75,0.500,Mid (Meeting),3.48,27.90,346.09,2151.00,11499.37,490.27,,0,69,37.00,-452,4007911,-1811575.77,4,fused
468632,000000468632.jpg,640x479,1,0.999995,1,1,TP,yolov8l_bsz4.ms,224.50,109.25,333.75,0.500,Mid (Meeting),3.48,27.90,346.09,2151.00,11499.37,490.27,,0,69,37.00,-452,4007911,-1811575.77,4,fused
296657,000000296657.jpg,640x427,1,0.999995,1,1,TP,yolov8l_bsz4.ms,224.50,109.25,333.75,0.500,Mid (Meeting),3.48,27.90,346.09,2151.00,11499.37,490.27,,0,69,37.00,-452,4007911,-1811575.77,4,fused
200421,000000200421.jpg,640x480,1,0.999995,1,1,TP,yolov8l_bsz4.ms,225.75,109.25,335.00,0.500,Mid (Meeting),6.06,27.90,291.93,2216.00,11499.37,551.56,,0,69,37.00,-451,4007580,-1807418.58,4,fused
507037,000000507037.jpg,640x480,1,0.999995,1,1,TP,yolov8l_bsz4.ms,225.75,109.25,335.00,0.500,Mid (Meeting),6.06,27.90,291.93,2216.00,11499.37,551.56,,0,69,37.00,-451,4007580,-1807418.58,4,fused
288685,000000288685.jpg,640x436,1,0.999995,1,1,TP,yolov8l_bsz4.ms,225.75,109.25,335.00,0.500,Mid (Meeting),6.06,27.90,291.93,2216.00,11499.37,551.56,,0,69,37.00,-451,4007580,-1807418.58,4,fused
299887,000000299887.jpg,640x480,1,0.999995,1,1,TP,yolov8l_bsz4.ms,225.75,109.25,335.00,0.500,Mid (Meeting),6.06,27.90,291.93,2216.00,11499.37,551.56,,0,69,37.00,-451,4007580,-1807418.58,4,fused
9400,000000009400.jpg,640x480,1,0.999995,1,1,TP,yolov8l_bsz4.ms,227.25,113.75,341.00,0.500,Mid (Meeting),4.21,27.50,368.54,2148.00,11499.37,480.18,,0,69,37.00,-448,4007869,-1795525.31,4,fused
420281,000000420281.jpg,480x640,1,0.999994,1,1,TP,yolov8l_bsz4.ms,227.25,113.75,341.00,0.500,Mid (Meeting),4.21,27.50,368.54,2148.00,11499.37,480.18,,0,69,37.00,-448,4007869,-1795525.31,4,fused
519688,000000519688.jpg,521x640,1,0.999994,1,1,TP,yolov8l_bsz4.ms,227.25,113.75,341.00,0.500,Mid (Meeting),4.21,27.50,368.54,2148.00,11499.37,480.18,,0,69,37.00,-448,4007869,-1795525.31,4,fused
448256,000000448256.jpg,640x426,1,0.999994,1,1,TP,yolov8l_bsz4.ms,227.25,113.75,341.00,0.500,Mid (Meeting),4.21,27.50,368.54,2148.00,11499.37,480.18,,0,69,37.00,-448,4007869,-1795525.31,4,fused
537827,000000537827.jpg,640x400,1,0.999994,1,1,TP,yolov8l_bsz4.ms,226.50,112.25,338.75,0.500,Mid (Meeting),4.01,27.50,366.92,2158.00,11499.37,486.50,,0,69,37.00,-411,4008907,-1647660.78,4,fused
468501,000000468501.jpg,500x375,1,0.999994,1,1,TP,yolov8l_bsz4.ms,226.50,112.25,338.75,0.500,Mid (Meeting),4.01,27.50,366.92,2158.00,11499.37,486.50,,0,69,37.00,-411,4008907,-1647660.78,4,fused
492110,000000492110.jpg,640x427,1,0.999994,1,1,TP,yolov8l_bsz4.ms,226.50,112.25,338.75,0.500,Mid (Meeting),4.01,27.50,366.92,2158.00,11499.37,486.50,,0,69,37.00,-411,4008907,-1647660.78,4,fused
25394,000000025394.jpg,480x640,1,0.999994,1,1,TP,yolov8l_bsz4.ms,226.50,112.25,338.75,0.500,Mid (Meeting),4.01,27.50,366.92,2158.00,11499.37,486.50,,0,69,37.00,-411,4008907,-1647660.78,4,fused
410496,000000410496.jpg,427x640,1,0.999994,1,1,TP,yolov8l_bsz4.ms,225.50,109.50,335.00,0.500,Mid (Meeting),3.87,28.40,344.75,2149.00,11499.37,472.76,,0,69,37.00,-543,4004224,-2174293.63,4,fused
370375,000000370375.jpg,427x640,1,0.999994,1,1,TP,yolov8l_bsz4.ms,225.50,109.50,335.00,0.500,Mid (Meeting),3.87,28.40,344.75,2149.00,11499.37,472.76,,0,69,37.00,-543,4004224,-2174293.63,4,fused
204186,000000204186.jpg,640x513,1,0.999994,1,1,TP,yolov8l_bsz4.ms,225.50,109.50,335.00,0.500,Mid (Meeting),3.87,28.40,344.75,2149.00,11499.37,472.76,,0,69,37.00,-543,4004224,-2174293.63,4,fused
394559,000000394559.jpg,426x640,1,0.999994,1,1,TP,yolov8l_bsz4.ms,225.50,109.50,335.00,0.500,Mid (Meeting),3.87,28.40,344.75,2149.00,11499.37,472.76,,0,69,37.00,-543,4004224,-2174293.63,4,fused
163746,000000163746.jpg,640x488,1,0.999994,1,1,TP,yolov8l_bsz4.ms,226.00,118.75,344.75,0.500,Mid (Meeting),3.81,28.40,291.61,2189.00,11499.37,508.07,,0,69,37.00,-506,4005269,-2026666.11,4,fused
212800,000000212800.jpg,640x427,1,0.999994,1,1,TP,yolov8l_bsz4.ms,226.00,118.75,344.75,0.500,Mid (Meeting),3.81,28.40,291.61,2189.00,11499.37,508.07,,0,69,37.00,-506,4005269,-2026666.11,4,fused
422886,000000422886.jpg,640x640,1,0.999994,1,1,TP,yolov8l_bsz4.ms,226.00,118.75,344.75,0.500,Mid (Meeting),3.81,28.40,291.61,2189.00,11499.37,508.07,,0,69,37.00,-506,4005269,-2026666.11,4,fused
320490,000000320490.jpg,640x426,1,0.999994,1,1,TP,yolov8l_bsz4.ms,226.00,118.75,344.75,0.500,Mid (Meeting),3.81,28.40,291.61,2189.00,11499.37,508.07,,0,69,37.00,-506,4005269,-2026666.11,4,fused
231580,000000231580.jpg,640x480,1,0.999994,1,1,TP,yolov8l_bsz4.ms,225.25,111.75,337.00,0.500,Mid (Meeting),3.70,30.08,368.46,2153.00,11499.37,470.50,,0,69,37.00,-450,4006802,-1803060.90,4,fused
561223,000000561223.jpg,640x427,1,0.999994,1,1,TP,yolov8l_bsz4.ms,225.25,111.75,337.00,0.500,Mid (Meeting),3.70,30.08,368.46,2153.00,11499.37,470.50,,0,69,37.00,-450,4006802,-1803060.90,4,fused
86956,000000086956.jpg,480x640,1,0.999994,1,1,TP,yolov8l_bsz4.ms,225.25,111.75,337.00,0.500,Mid (Meeting),3.70,30.08,368.46,2153.00,11499.37,470.50,,0,69,37.00,-450,4006802,-1803060.90,4,fused
3934,000000003934.jpg,375x500,1,0.999993,1,1,TP,yolov8l_bsz4.ms,225.25,111.75,337.00,0.500,Mid (Meeting),3.70,30.08,368.46,2153.00,11499.37,470.50,,0,69,37.00,-450,4006802,-1803060.90,4,fused
6954,000000006954.jpg,640x480,1,0.999993,1,1,TP,yolov8l_bsz4.ms,229.25,100.00,329.25,0.500,Mid (Meeting),3.69,30.08,366.42,2154.00,11499.37,467.60,,0,69,37.00,-454,4007144,-1819243.38,4,fused
316404,000000316404.jpg,640x445,1,0.999993,1,1,TP,yolov8l_bsz4.ms,229.25,100.00,329.25,0.500,Mid (Meeting),3.69,30.08,366.42,2154.00,11499.37,467.60,,0,69,37.00,-454,4007144,-1819243.38,4,fused
47585,000000047585.jpg,424x640,1,0.999993,1,1,TP,yolov8l_bsz4.ms,229.25,100.00,329.25,0.500,Mid (Meeting),3.69,30.08,366.42,2154.00,11499.37,467.60,,0,69,37.00,-454,4007144,-1819243.38,4,fused
519208,000000519208.jpg,640x406,1,0.999993,1,1,TP,yolov8l_bsz4.ms,229.25,100.00,329.25,0.500,Mid (Meeting),3.69,30.08,366.42,2154.00,11499.37,467.60,,0,69,37.00,-454,4007144,-1819243.38,4,fused
18380,000000018380.jpg,640x426,1,0.999993,1,1,TP,yolov8l_bsz4.ms,224.00,96.75,320.75,0.500,Mid (Meeting),7.39,40.00,344.66,2173.00,11499.37,481.48,,0,69,37.00,-569,4002747,-2277563.04,4,fused
448076,000000448076.jpg,640x480,1,0.999992,1,1,TP,yolov8l_bsz4.ms,224.00,96.75,320.75,0.500,Mid (Meeting),7.39,40.00,344.66,2173.00,11499.37,481.48,,0,69,37.00,-569,4002747,-2277563.04,4,fused
885,000000000885.jpg,640x427,1,0.999992,1,1,TP,yolov8l_bsz4.ms,224.00,96.75,320.75,0.500,Mid (Meeting),7.39,40.00,344.66,2173.00,11499.37,481.48,,0,69,37.00,-569,4002747,-2277563.04,4,fused
404805,000000404805.jpg,640x427,1,0.999992,1,1,TP,yolov8l_bsz4.ms,224.00,96.75,320.75,0.500,Mid (Meeting),7.39,40.00,344.66,2173.00,11499.37,481.48,,0,69,37.00,-569,4002747,-2277563.04,4,fused
201426,000000201426.jpg,640x490,1,0.999992,1,1,TP,yolov8l_bsz4.ms,225.00,104.25,329.25,0.500,Mid (Meeting),4.60,40.00,291.41,2223.00,11499.37,528.54,,0,69,37.00,-537,4003887,-2150087.32,4,fused
339823,000000339823.jpg,484x640,1,0.999992,1,1,TP,yolov8l_bsz4.ms,225.00,104.25,329.25,0.500,Mid (Meeting),4.60,40.00,291.41,2223.00,11499.37,528.54,,0,69,37.00,-537,4003887,-2150087.32,4,fused
324258,000000324258.jpg,640x480,1,0.999992,1,1,TP,yolov8l_bsz4.ms,225.00,104.25,329.25,0.500,Mid (Meeting),4.60,40.00,291.41,2223.00,11499.37,528.54,,0,69,37.00,-537,4003887,-2150087.32,4,fused
160864,000000160864.jpg,640x389,1,0.999992,1,1,TP,yolov8l_bsz4.ms,225.00,104.25,329.25,0.500,Mid (Meeting),4.60,40.00,291.41,2223.00,11499.37,528.54,,0,69,37.00,-537,4003887,-2150087.32,4,fused
281759,000000281759.jpg,640x427,1,0.999992,1,1,TP,yolov8l_bsz4.ms,223.50,97.00,320.50,0.500,Mid (Meeting),3.95,29.27,367.69,2143.00,11499.37,444.27,,0,69,37.00,-594,4001555,-2376923.67,4,fused
202339,000000202339.jpg,480x640,1,0.999992,1,1,TP,yolov8l_bsz4.ms,223.50,97.00,320.50,0.500,Mid (Meeting),3.95,29.27,367.69,2143.00,11499.37,444.27,,0,69,37.00,-594,4001555,-2376923.67,4,fused
31217,000000031217.jpg,640x426,1,0.999992,1,1,TP,yolov8l_bsz4.ms,223.50,97.00,320.50,0.500,Mid (Meeting),3.95,29.27,367.69,2143.00,11499.37,444.27,,0,69,37.00,-594,4001555,-2376923.67,4,fused
151820,000000151820.jpg,640x427,1,0.999992,1,1,TP,yolov8l_bsz4.ms,223.50,97.00,320.50,0.500,Mid (Meeting),3.95,29.27,367.69,2143.00,11499.37,444.27,,0,69,37.00,-594,4001555,-2376923.67,4,fused
370677,000000370677.jpg,500x332,1,0.999991,1,1,TP,yolov8l_bsz4.ms,230.25,101.75,332.00,0.500,Mid (Meeting),3.77,29.27,367.54,2151.00,11499.37,471.60,,0,69,37.00,-495,4004803,-1982377.49,4,fused
21167,000000021167.jpg,426x640,1,0.999991,1,1,TP,yolov8l_bsz4.ms,230.25,101.75,332.00,0.500,Mid (Meeting),3.77,29.27,367.54,2151.00,11499.37,471.60,,0,69,37.00,-495,4004803,-1982377.49,4,fused
156643,000000156643.jpg,640x480,1,0.999991,1,1,TP,yolov8l_bsz4.ms,230.25,101.75,332.00,0.500,Mid (Meeting),3.77,29.27,367.54,2151.00,11499.37,471.60,,0,69,37.00,-495,4004803,-1982377.49,4,fused
93437,000000093437.jpg,640x361,1,0.999991,1,1,TP,yolov8l_bsz4.ms,230.25,101.75,332.00,0.500,Mid (Meeting),3.77,29.27,367.54,2151.00,11499.37,471.60,,0,69,37.00,-495,4004803,-1982377.49,4,fused
37988,000000037988.jpg,640x480,1,0.999991,1,1,TP,yolov8l_bsz4.ms,226.50,107.00,333.50,0.500,Mid (Meeting),3.68,28.88,346.86,2175.00,11499.37,492.21,,0,69,37.00,-518,4004156,-2074152.81,4,fused
88345,000000088345.jpg,640x425,1,0.999991,1,1,TP,yolov8l_bsz4.ms,226.50,107.00,333.50,0.500,Mid (Meeting),3.68,28.88,346.86,2175.00,11499.37,492.21,,0,69,37.00,-518,4004156,-2074152.81,4,fused
6771,000000006771.jpg,640x427,1,0.999991,1,1,TP,yolov8l_bsz4.ms,226.50,107.00,333.50,0.500,Mid (Meeting),3.68,28.88,346.86,2175.00,11499.37,492.21,,0,69,37.00,-518,4004156,-2074152.81,4,fused
370270,000000370270.jpg,480x640,1,0.999991,1,1,TP,yolov8l_bsz4.ms,226.50,107.00,333.50,0.500,Mid (Meeting),3.68,28.88,346.86,2175.00,11499.37,492.21,,0,69,37.00,-518,4004156,-2074152.81,4,fused
572620,000000572620.jpg,640x427,1,0.999991,1,1,TP,yolov8l_bsz4.ms,225.50,105.25,330.75,0.500,Mid (Meeting),3.67,28.88,291.25,2232.00,11499.37,545.57,,0,69,37.00,-528,4003585,-2113892.88,4,fused
182611,000000182611.jpg,480x640,1,0.999991,1,1,TP,yolov8l_bsz4.ms,225.50,105.25,330.75,0.500,Mid (Meeting),3.67,28.88,291.25,2232.00,11499.37,545.57,,0,69,37.00,-528,4003585,-2113892.88,4,fused
262895,000000262895.jpg,334x500,1,0.999991,1,1,TP,yolov8l_bsz4.ms,225.50,105.25,330.75,0.500,Mid (Meeting),3.67,28.88,291.25,2232.00,11499.37,545.57,,0,69,37.00,-528,4003585,-2113892.88,4,fused
288584,000000288584.jpg,640x427,1,0.999991,1,1,TP,yolov8l_bsz4.ms,225.50,105.25,330.75,0.500,Mid (Meeting),3.67,28.88,291.25,2232.00,11499.37,545.57,,0,69,37.00,-528,4003585,-2113892.88,4,fused
177065,000000177065.jpg,640x564,1,0.999991,1,1,TP,yolov8l_bsz4.ms,227.00,113.00,340.00,0.500,Mid (Meeting),3.59,28.65,369.08,2153.00,11499.37,463.18,,0,69,37.00,-432,4006735,-1730909.52,4,fused
314264,000000314264.jpg,480x640,1,0.999991,1,1,TP,yolov8l_bsz4.ms,227.00,113.00,340.00,0.500,Mid (Meeting),3.59,28.65,369.08,2153.00,11499.37,463.18,,0,69,37.00,-432,4006735,-1730909.52,4,fused
99242,000000099242.jpg,640x426,1,0.999990,1,1,TP,yolov8l_bsz4.ms,227.00,113.00,340.00,0.500,Mid (Meeting),3.59,28.65,369.08,2153.00,11499.37,463.18,,0,69,37.00,-432,4006735,-1730909.52,4,fused
506656,000000506656.jpg,640x480,1,0.999990,1,1,TP,yolov8l_bsz4.ms,227.00,113.00,340.00,0.500,Mid (Meeting),3.59,28.65,369.08,2153.00,11499.37,463.18,,0,69,37.00,-432,4006735,-1730909.52,4,fused
507975,000000507975.jpg,640x480,1,0.999990,1,1,TP,yolov8l_bsz4.ms,229.50,106.00,335.50,0.500,Mid (Meeting),8.05,28.65,366.96,2154.00,11499.37,459.41,,0,69,37.00,-482,4004645,-1930238.89,4,fused
483999,000000483999.jpg,640x428,1,0.999990,1,1,TP,yolov8l_bsz4.ms,229.50,106.00,335.50,0.500,Mid (Meeting),8.05,28.65,366.96,2154.00,11499.37,459.41,,0,69,37.00,-482,4004645,-1930238.89,4,fused
21604,000000021604.jpg,512x640,1,0.999990,1,1,TP,yolov8l_bsz4.ms,229.50,106.00,335.50,0.500,Mid (Meeting),8.05,28.65,366.96,2154.00,11499.37,459.41,,0,69,37.00,-482,4004645,-1930238.89,4,fused
21879,000000021879.jpg,640x427,1,0.999990,1,1,TP,yolov8l_bsz4.ms,229.50,106.00,335.50,0.500,Mid (Meeting),8.05,28.65,366.96,2154.00,11499.37,459.41,,0,69,37.00,-482,4004645,-1930238.89,4,fused
336356,000000336356.jpg,427x640,1,0.999990,1,1,TP,yolov8l_bsz4.ms,228.75,110.25,339.00,0.500,Mid (Meeting),4.12,26.46,345.32,2173.00,11499.37,475.23,,0,69,37.00,-442,4005866,-1770592.77,4,fused
180751,000000180751.jpg,640x480,1,0.999990,1,1,TP,yolov8l_bsz4.ms,228.75,110.25,339.00,0.500,Mid (Meeting),4.12,26.46,345.32,2173.00,11499.37,475.23,,0,69,37.00,-442,4005866,-1770592.77,4,fused
400815,000000400815.jpg,640x427,1,0.999990,1,1,TP,yolov8l_bsz4.ms,228.75,110.25,339.00,0.500,Mid (Meeting),4.12,26.46,345.32,2173.00,11499.37,475.23,,0,69,37.00,-442,4005866,-1770592.77,4,fused
363188,000000363188.jpg,640x425,1,0.999990,1,1,TP,yolov8l_bsz4.ms,228.75,110.25,339.00,0.500,Mid (Meeting),4.12,26.46,345.32,2173.00,11499.37,475.23,,0,69,37.00,-442,4005866,-1770592.77,4,fused
491464,000000491464.jpg,640x428,1,0.999990,1,1,TP,yolov8l_bsz4.ms,226.75,108.00,334.75,0.500,Mid (Meeting),3.68,26.46,291.18,2227.00,11499.37,524.05,,0,69,37.00,-473,4004560,-1894156.88,4,fused
224222,000000224222.jpg,640x426,1,0.999990,1,1,TP,yolov8l_bsz4.ms,226.75,108.00,334.75,0.500,Mid (Meeting),3.68,26.46,291.18,2227.00,11499.37,524.05,,0,69,37.00,-473,4004560,-1894156.88,4,fused
569972,000000569972.jpg,640x574,1,0.999990,1,1,TP,yolov8l_bsz4.ms,226.75,108.00,334.75,0.500,Mid (Meeting),3.68,26.46,291.18,2227.00,11499.37,524.05,,0,69,37.00,-473,4004560,-1894156.88,4,fused
420840,000000420840.jpg,640x424,1,0.999990,1,1,TP,yolov8l_bsz4.ms,226.75,108.00,334.75,0.500,Mid (Meeting),3.68,26.46,291.18,2227.00,11499.37,524.05,,0,69,37.00,-473,4004560,-1894156.88,4,fused
130699,000000130699.jpg,640x427,1,0.999989,1,1,TP,yolov8l_bsz4.ms,226.50,114.25,340.75,0.500,Mid (Meeting),3.68,26.81,368.91,2147.00,11499.37,441.55,,0,69,37.00,-307,4010276,-1231154.73,4,fused
351823,000000351823.jpg,508x640,1,0.999989,1,1,TP,yolov8l_bsz4.ms,226.50,114.25,340.75,0.500,Mid (Meeting),3.68,26.81,368.91,2147.00,11499.37,441.55,,0,69,37.00,-307,4010276,-1231154.73,4,fused
439994,000000439994.jpg,428x640,1,0.999989,1,1,TP,yolov8l_bsz4.ms,226.50,114.25,340.75,0.500,Mid (Meeting),3.68,26.81,368.91,2147.00,11499.37,441.55,,0,69,37.00,-307,4010276,-1231154.73,4,fused
474344,000000474344.jpg,640x427,1,0.999989,1,1,TP,yolov8l_bsz4.ms,226.50,114.25,340.75,0.500,Mid (Meeting),3.68,26.81,368.91,2147.00,11499.37,441.55,,0,69,37.00,-307,4010276,-1231154.73,4,fused
508370,000000508370.jpg,427x640,1,0.999989,1,1,TP,yolov8l_bsz4.ms,228.25,91.75,320.00,0.500,Mid (Meeting),3.54,26.81,367.43,2146.00,11499.37,436.83,,0,69,37.00,-508,4003600,-2033828.80,4,fused
182155,000000182155.jpg,640x426,1,0.999989,1,1,TP,yolov8l_bsz4.ms,228.25,91.75,320.00,0.500,Mid (Meeting),3.54,26.81,367.43,2146.00,11499.37,436.83,,0,69,37.00,-508,4003600,-2033828.80,4,fused
314709,000000314709.jpg,640x426,1,0.999988,1,1,TP,yolov8l_bsz4.ms,228.25,91.75,320.00,0.500,Mid (Meeting),3.54,26.81,367.43,2146.00,11499.37,436.83,,0,69,37.00,-508,4003600,-2033828.80,4,fused
338624,000000338624.jpg,640x360,1,0.999988,1,1,TP,yolov8l_bsz4.ms,228.25,91.75,320.00,0.500,Mid (Meeting),3.54,26.81,367.43,2146.00,11499.37,436.83,,0,69,37.00,-508,4003600,-2033828.80,4,fused
329455,000000329455.jpg,640x480,1,0.999988,1,1,TP,yolov8l_bsz4.ms,225.00,106.00,331.00,0.500,Mid (Meeting),3.57,27.03,345.51,2167.00,11499.37,453.39,,0,69,37.00,-539,4002582,-2157391.70,4,fused
467176,000000467176.jpg,640x428,1,0.999988,1,1,TP,yolov8l_bsz4.ms,225.00,106.00,331.00,0.500,Mid (Meeting),3.57,27.03,345.51,2167.00,11499.37,453.39,,0,69,37.00,-539,4002582,-2157391.70,4,fused
357737,000000357737.jpg,640x480,1,0.999988,1,1,TP,yolov8l_bsz4.ms,225.00,106.00,331.00,0.500,Mid (Meeting),3.57,27.03,345.51,2167.00,11499.37,453.39,,0,69,37.00,-539,4002582,-2157391.70,4,fused
321790,000000321790.jpg,640x427,1,0.999988,1,1,TP,yolov8l_bsz4.ms,225.00,106.00,331.00,0.500,Mid (Meeting),3.57,27.03,345.51,2167.00,11499.37,453.39,,0,69,37.00,-539,4002582,-2157391.70,4,fused
481413,000000481413.jpg,640x427,1,0.999988,1,1,TP,yolov8l_bsz4.ms,226.25,99.25,325.50,0.500,Mid (Meeting),3.52,27.03,291.04,2222.00,11499.37,506.03,,0,69,37.00,-675,3997898,-2698581.15,4,fused
268378,000000268378.jpg,640x359,1,0.999988,1,1,TP,yolov8l_bsz4.ms,226.25,99.25,325.50,0.500,Mid (Meeting),3.52,27.03,291.04,2222.00,11499.37,506.03,,0,69,37.00,-675,3997898,-2698581.15,4,fused
145597,000000145597.jpg,640x480,1,0.999988,1,1,TP,yolov8l_bsz4.ms,226.25,99.25,325.50,0.500,Mid (Meeting),3.52,27.03,291.04,2222.00,11499.37,506.03,,0,69,37.00,-675,3997898,-2698581.15,4,fused
394677,000000394677.jpg,500x375,1,0.999988,1,1,TP,yolov8l_bsz4.ms,226.25,99.25,325.50,0.500,Mid (Meeting),3.52,27.03,291.04,2222.00,11499.37,506.03,,0,69,37.00,-675,3997898,-2698581.15,4,fused
491366,000000491366.jpg,500x375,1,0.999987,1,1,TP,yolov8l_bsz4.ms,224.75,104.00,328.75,0.500,Mid (Meeting),3.49,27.21,366.82,2145.00,11499.37,424.81,,0,69,37.00,-500,4003136,-2001568.00,4,fused
483667,000000483667.jpg,426x640,1,0.999987,1,1,TP,yolov8l_bsz4.ms,224.75,104.00,328.75,0.500,Mid (Meeting),3.49,27.21,366.82,2145.00,11499.37,424.81,,0,69,37.00,-500,4003136,-2001568.00,4,fused
465179,000000465179.jpg,374x500,1,0.999987,1,1,TP,yolov8l_bsz4.ms,224.75,104.00,328.75,0.500,Mid (Meeting),3.49,27.21,366.82,2145.00,11499.37,424.81,,0,69,37.00,-500,4003136,-2001568.00,4,fused
418062,000000418062.jpg,427x640,1,0.999987,1,1,TP,yolov8l_bsz4.ms,224.75,104.00,328.75,0.500,Mid (Meeting),3.49,27.21,366.82,2145.00,11499.37,424.81,,0,69,37.00,-500,4003136,-2001568.00,4,fused
114049,000000114049.jpg,425x640,1,0.999987,1,1,TP,yolov8l_bsz4.ms,223.75,86.75,310.50,0.500,Mid (Meeting),2.96,27.21,366.88,2143.00,11499.37,419.63,,0,69,37.00,-988,3987238,-3939391.14,4,fused
60102,000000060102.jpg,640x360,1,0.999987,1,1,TP,yolov8l_bsz4.ms,223.75,86.75,310.50,0.500,Mid (Meeting),2.96,27.21,366.88,2143.00,11499.37,419.63,,0,69,37.00,-988,3987238,-3939391.14,4,fused
235241,000000235241.jpg,640x427,1,0.999987,1,1,TP,yolov8l_bsz4.ms,223.75,86.75,310.50,0.500,Mid (Meeting),2.96,27.21,366.88,2143.00,11499.37,419.63,,0,69,37.00,-988,3987238,-3939391.14,4,fused
133969,000000133969.jpg,640x427,1,0.999987,1,1,TP,yolov8l_bsz4.ms,223.75,86.75,310.50,0.500,Mid (Meeting),2.96,27.21,366.88,2143.00,11499.37,419.63,,0,69,37.00,-988,3987238,-3939391.14,4,fused
266768,000000266768.jpg,612x612,1,0.999987,1,1,TP,yolov8l_bsz4.ms,225.50,115.25,340.75,0.500,Mid (Meeting),3.46,31.65,291.76,2213.00,11499.37,484.12,,0,69,37.00,-892,3988749,-3557964.11,4,fused
276055,000000276055.jpg,500x375,1,0.999987,1,1,TP,yolov8l_bsz4.ms,225.50,115.25,340.75,0.500,Mid (Meeting),3.46,31.65,291.76,2213.00,11499.37,484.12,,0,69,37.00,-892,3988749,-3557964.11,4,fused
193181,000000193181.jpg,426x640,1,0.999987,1,1,TP,yolov8l_bsz4.ms,225.50,115.25,340.75,0.500,Mid (Meeting),3.46,31.65,291.76,2213.00,11499.37,484.12,,0,69,37.00,-892,3988749,-3557964.11,4,fused
456559,000000456559.jpg,640x480,1,0.999986,1,1,TP,yolov8l_bsz4.ms,225.50,115.25,340.75,0.500,Mid (Meeting),3.46,31.65,291.76,2213.00,11499.37,484.12,,0,69,37.00,-892,3988749,-3557964.11,4,fused
46252,000000046252.jpg,640x480,1,0.999986,1,1,TP,yolov8l_bsz4.ms,224.00,109.00,333.00,0.500,Mid (Meeting),3.32,31.65,370.46,2131.00,11499.37,396.49,,0,69,37.00,-596,3998200,-2382927.20,4,fused
439715,000000439715.jpg,640x480,1,0.999986,1,1,TP,yolov8l_bsz4.ms,224.00,109.00,333.00,0.500,Mid (Meeting),3.32,31.65,370.46,2131.00,11499.37,396.49,,0,69,37.00,-596,3998200,-2382927.20,4,fused
99810,000000099810.jpg,500x332,1,0.999986,1,1,TP,yolov8l_bsz4.ms,224.00,109.00,333.00,0.500,Mid (Meeting),3.32,31.65,370.46,2131.00,11499.37,396.49,,0,69,37.00,-596,3998200,-2382927.20,4,fused
8690,000000008690.jpg,640x480,1,0.999986,1,1,TP,yolov8l_bsz4.ms,224.00,109.00,333.00,0.500,Mid (Meeting),3.32,31.65,370.46,2131.00,11499.37,396.49,,0,69,37.00,-596,3998200,-2382927.20,4,fused
199055,000000199055.jpg,480x640,1,0.999986,1,1,TP,yolov8l_bsz4.ms,223.50,88.25,311.75,0.500,Mid (Meeting),3.31,33.74,450.26,2048.00,11499.37,309.96,,0,69,38.00,-1169,3979215,-4651702.33,4,fused
533816,000000533816.jpg,640x426,1,0.999986,1,1,TP,yolov8l_bsz4.ms,223.50,88.25,311.75,0.500,Mid (Meeting),3.31,33.74,450.26,2048.00,11499.37,309.96,,0,69,38.00,-1169,3979215,-4651702.33,4,fused
252701,000000252701.jpg,640x378,1,0.999986,1,1,TP,yolov8l_bsz4.ms,223.50,88.25,311.75,0.500,Mid (Meeting),3.31,33.74,450.26,2048.00,11499.37,309.96,,0,69,38.00,-1169,3979215,-4651702.33,4,fused
356424,000000356424.jpg,480x640,1,0.999986,1,1,TP,yolov8l_bsz4.ms,223.50,88.25,311.75,0.500,Mid (Meeting),3.31,33.74,450.26,2048.00,11499.37,309.96,,0,69,38.00,-1169,3979215,-4651702.33,4,fused
546717,000000546717.jpg,471x640,1,0.999986,1,1,TP,yolov8l_bsz4.ms,226.75,109.00,335.75,0.500,Mid (Meeting),3.29,33.74,371.88,2132.00,11499.37,414.50,,0,69,38.00,-719,3993148,-2871073.41,4,fused
516677,000000516677.jpg,640x480,1,0.999986,1,1,TP,yolov8l_bsz4.ms,226.75,109.00,335.75,0.500,Mid (Meeting),3.29,33.74,371.88,2132.00,11499.37,414.50,,0,69,38.00,-719,3993148,-2871073.41,4,fused
424551,000000424551.jpg,640x480,1,0.999985,1,1,TP,yolov8l_bsz4.ms,226.75,109.00,335.75,0.500,Mid (Meeting),3.29,33.74,371.88,2132.00,11499.37,414.50,,0,69,38.00,-719,3993148,-2871073.41,4,fused
187734,000000187734.jpg,640x480,1,0.999985,1,1,TP,yolov8l_bsz4.ms,226.75,109.00,335.75,0.500,Mid (Meeting),3.29,33.74,371.88,2132.00,11499.37,414.50,,0,69,38.00,-719,3993148,-2871073.41,4,fused
312552,000000312552.jpg,400x300,1,0.999985,1,1,TP,yolov8l_bsz4.ms,228.00,111.50,339.50,0.500,Mid (Meeting),3.29,32.50,448.19,2056.00,11499.37,333.02,,0,69,38.00,-676,3994473,-2700263.75,4,fused
227482,000000227482.jpg,640x480,1,0.999985,1,1,TP,yolov8l_bsz4.ms,228.00,111.50,339.50,0.500,Mid (Meeting),3.29,32.50,448.19,2056.00,11499.37,333.02,,0,69,38.00,-676,3994473,-2700263.75,4,fused
140987,000000140987.jpg,425x640,1,0.999985,1,1,TP,yolov8l_bsz4.ms,228.00,111.50,339.50,0.500,Mid (Meeting),3.29,32.50,448.19,2056.00,11499.37,333.02,,0,69,38.00,-676,3994473,-2700263.75,4,fused
321214,000000321214.jpg,640x480,1,0.999984,1,1,TP,yolov8l_bsz4.ms,228.00,111.50,339.50,0.500,Mid (Meeting),3.29,32.50,448.19,2056.00,11499.37,333.02,,0,69,38.00,-676,3994473,-2700263.75,4,fused
239347,000000239347.jpg,640x480,1,0.999984,1,1,TP,yolov8l_bsz4.ms,226.00,110.75,336.75,0.500,Mid (Meeting),3.34,32.50,352.38,2150.00,11499.37,423.73,,0,69,38.00,-535,3998418,-2139153.63,4,fused
18193,000000018193.jpg,640x480,1,0.999984,1,1,TP,yolov8l_bsz4.ms,226.00,110.75,336.75,0.500,Mid (Meeting),3.34,32.50,352.38,2150.00,11499.37,423.73,,0,69,38.00,-535,3998418,-2139153.63,4,fused
216516,000000216516.jpg,480x640,1,0.999984,1,1,TP,yolov8l_bsz4.ms,226.00,110.75,336.75,0.500,Mid (Meeting),3.34,32.50,352.38,2150.00,11499.37,423.73,,0,69,38.00,-535,3998418,-2139153.63,4,fused
157365,000000157365.jpg,427x640,1,0.999984,1,1,TP,yolov8l_bsz4.ms,226.00,110.75,336.75,0.500,Mid (Meeting),3.34,32.50,352.38,2150.00,11499.37,423.73,,0,69,38.00,-535,3998418,-2139153.63,4,fused
358525,000000358525.jpg,640x480,1,0.999983,1,1,TP,yolov8l_bsz4.ms,229.25,111.25,340.50,0.500,Mid (Meeting),4.14,25.36,424.94,2077.00,11499.37,346.73,,0,69,38.00,-356,4004822,-1425716.63,4,fused
67310,000000067310.jpg,486x640,1,0.999983,1,1,TP,yolov8l_bsz4.ms,229.25,111.25,340.50,0.500,Mid (Meeting),4.14,25.36,424.94,2077.00,11499.37,346.73,,0,69,38.00,-356,4004822,-1425716.63,4,fused
294695,000000294695.jpg,640x427,1,0.999983,1,1,TP,yolov8l_bsz4.ms,229.25,111.25,340.50,0.500,Mid (Meeting),4.14,25.36,424.94,2077.00,11499.37,346.73,,0,69,38.00,-356,4004822,-1425716.63,4,fused
390902,000000390902.jpg,333x500,1,0.999983,1,1,TP,yolov8l_bsz4.ms,229.25,111.25,340.50,0.500,Mid (Meeting),4.14,25.36,424.94,2077.00,11499.37,346.73,,0,69,38.00,-356,4004822,-1425716.63,4,fused
383384,000000383384.jpg,640x360,1,0.999982,1,1,TP,yolov8l_bsz4.ms,225.25,113.00,338.25,0.500,Mid (Meeting),3.91,25.36,350.26,2151.00,11499.37,417.84,,0,69,38.00,-410,4003336,-1641367.76,4,fused
18150,000000018150.jpg,640x480,1,0.999982,1,1,TP,yolov8l_bsz4.ms,225.25,113.00,338.25,0.500,Mid (Meeting),3.91,25.36,350.26,2151.00,11499.37,417.84,,0,69,38.00,-410,4003336,-1641367.76,4,fused
301718,000000301718.jpg,480x640,1,0.999982,1,1,TP,yolov8l_bsz4.ms,225.25,113.00,338.25,0.500,Mid (Meeting),3.91,25.36,350.26,2151.00,11499.37,417.84,,0,69,38.00,-410,4003336,-1641367.76,4,fused
32081,000000032081.jpg,375x500,1,0.999982,1,1,TP,yolov8l_bsz4.ms,225.25,113.00,338.25,0.500,Mid (Meeting),3.91,25.36,350.26,2151.00,11499.37,417.84,,0,69,38.00,-410,4003336,-1641367.76,4,fused
161925,000000161925.jpg,480x640,1,0.999982,1,1,TP,yolov8l_bsz4.ms,226.00,107.75,333.75,0.500,Mid (Meeting),3.68,27.44,425.14,2076.00,11499.37,339.89,,0,69,38.00,-418,4003463,-1673447.53,4,fused
440184,000000440184.jpg,640x425,1,0.999982,1,1,TP,yolov8l_bsz4.ms,226.00,107.75,333.75,0.500,Mid (Meeting),3.68,27.44,425.14,2076.00,11499.37,339.89,,0,69,38.00,-418,4003463,-1673447.53,4,fused
151000,000000151000.jpg,640x426,1,0.999981,1,1,TP,yolov8l_bsz4.ms,226.00,107.75,333.75,0.500,Mid (Meeting),3.68,27.44,425.14,2076.00,11499.37,339.89,,0,69,38.00,-418,4003463,-1673447.53,4,fused
466125,000000466125.jpg,427x640,1,0.999981,1,1,TP,yolov8l_bsz4.ms,226.00,107.75,333.75,0.500,Mid (Meeting),3.68,27.44,425.14,2076.00,11499.37,339.89,,0,69,38.00,-418,4003463,-1673447.53,4,fused
319534,000000319534.jpg,640x480,1,0.999981,1,1,TP,yolov8l_bsz4.ms,226.50,114.75,341.25,0.500,Mid (Meeting),3.71,27.44,367.54,2133.00,11499.37,392.65,,0,69,38.00,-463,4001701,-1852787.56,4,fused
6763,000000006763.jpg,375x500,1,0.999981,1,1,TP,yolov8l_bsz4.ms,226.50,114.75,341.25,0.500,Mid (Meeting),3.71,27.44,367.54,2133.00,11499.37,392.65,,0,69,38.00,-463,4001701,-1852787.56,4,fused
445834,000000445834.jpg,640x427,1,0.999981,1,1,TP,yolov8l_bsz4.ms,226.50,114.75,341.25,0.500,Mid (Meeting),3.71,27.44,367.54,2133.00,11499.37,392.65,,0,69,38.00,-463,4001701,-1852787.56,4,fused
432085,000000432085.jpg,500x375,1,0.999981,1,1,TP,yolov8l_bsz4.ms,226.50,114.75,341.25,0.500,Mid (Meeting),3.71,27.44,367.54,2133.00,11499.37,392.65,,0,69,38.00,-463,4001701,-1852787.56,4,fused
224675,000000224675.jpg,400x300,1,0.999981,1,1,TP,yolov8l_bsz4.ms,224.75,104.75,329.50,0.500,Mid (Meeting),3.66,27.28,301.39,2200.00,11499.37,457.04,,0,69,38.00,-463,4001701,-1852787.56,4,fused
163682,000000163682.jpg,427x640,1,0.999981,1,1,TP,yolov8l_bsz4.ms,224.75,104.75,329.50,0.500,Mid (Meeting),3.66,27.28,301.39,2200.00,11499.37,457.04,,0,69,38.00,-463,4001701,-1852787.56,4,fused
465180,000000465180.jpg,640x426,1,0.999981,1,1,TP,yolov8l_bsz4.ms,224.75,104.75,329.50,0.500,Mid (Meeting),3.66,27.28,301.39,2200.00,11499.37,457.04,,0,69,38.00,-463,4001701,-1852787.56,4,fused
96493,000000096493.jpg,426x640,1,0.999980,1,1,TP,yolov8l_bsz4.ms,224.75,104.75,329.50,0.500,Mid (Meeting),3.66,27.28,301.39,2200.00,11499.37,457.04,,0,69,38.00,-463,4001701,-1852787.56,4,fused
284445,000000284445.jpg,640x594,1,0.999980,1,1,TP,yolov8l_bsz4.ms,227.00,113.00,340.00,0.500,Mid (Meeting),3.61,27.28,369.92,2131.00,11499.37,384.12,,0,69,38.00,-426,4003007,-1705280.98,4,fused
358923,000000358923.jpg,640x428,1,0.999980,1,1,TP,yolov8l_bsz4.ms,227.00,113.00,340.00,0.500,Mid (Meeting),3.61,27.28,369.92,2131.00,11499.37,384.12,,0,69,38.00,-426,4003007,-1705280.98,4,fused
368294,000000368294.jpg,640x426,1,0.999979,1,1,TP,yolov8l_bsz4.ms,227.00,113.00,340.00,0.500,Mid (Meeting),3.61,27.28,369.92,2131.00,11499.37,384.12,,0,69,38.00,-426,4003007,-1705280.98,4,fused
121031,000000121031.jpg,640x451,1,0.999979,1,1,TP,yolov8l_bsz4.ms,227.00,113.00,340.00,0.500,Mid (Meeting),3.61,27.28,369.92,2131.00,11499.37,384.12,,0,69,38.00,-426,4003007,-1705280.98,4,fused
371749,000000371749.jpg,500x375,1,0.999979,1,1,TP,yolov8l_bsz4.ms,230.25,109.00,339.25,0.500,Mid (Meeting),3.59,27.38,368.80,2131.00,11499.37,381.21,,0,69,38.00,-463,4002082,-1852963.97,4,fused
121673,000000121673.jpg,500x375,1,0.999979,1,1,TP,yolov8l_bsz4.ms,230.25,109.00,339.25,0.500,Mid (Meeting),3.59,27.38,368.80,2131.00,11499.37,381.21,,0,69,38.00,-463,4002082,-1852963.97,4,fused
119088,000000119088.jpg,500x375,1,0.999979,1,1,TP,yolov8l_bsz4.ms,230.25,109.00,339.25,0.500,Mid (Meeting),3.59,27.38,368.80,2131.00,11499.37,381.21,,0,69,38.00,-463,4002082,-1852963.97,4,fused
50380,000000050380.jpg,640x427,1,0.999979,1,1,TP,yolov8l_bsz4.ms,230.25,109.00,339.25,0.500,Mid (Meeting),3.59,27.38,368.80,2131.00,11499.37,381.21,,0,69,38.00,-463,4002082,-1852963.97,4,fused
551215,000000551215.jpg,480x640,1,0.999978,1,1,TP,yolov8l_bsz4.ms,226.25,111.25,337.50,0.500,Mid (Meeting),4.96,27.38,347.82,2150.00,11499.37,395.74,,0,69,38.00,-388,4004127,-1553601.28,4,fused
297578,000000297578.jpg,500x281,1,0.999978,1,1,TP,yolov8l_bsz4.ms,226.25,111.25,337.50,0.500,Mid (Meeting),4.96,27.38,347.82,2150.00,11499.37,395.74,,0,69,38.00,-388,4004127,-1553601.28,4,fused
350148,000000350148.jpg,480x640,1,0.999978,1,1,TP,yolov8l_bsz4.ms,226.25,111.25,337.50,0.500,Mid (Meeting),4.96,27.38,347.82,2150.00,11499.37,395.74,,0,69,38.00,-388,4004127,-1553601.28,4,fused
130826,000000130826.jpg,640x480,1,0.999978,1,1,TP,yolov8l_bsz4.ms,226.25,111.25,337.50,0.500,Mid (Meeting),4.96,27.38,347.82,2150.00,11499.37,395.74,,0,69,38.00,-388,4004127,-1553601.28,4,fused
481567,000000481567.jpg,640x480,1,0.999978,1,1,TP,yolov8l_bsz4.ms,225.50,121.25,346.75,0.500,Mid (Meeting),4.06,26.61,298.75,2197.00,11499.37,439.60,,0,69,38.00,-462,4001808,-1848835.30,4,fused
150417,000000150417.jpg,640x480,1,0.999978,1,1,TP,yolov8l_bsz4.ms,225.50,121.25,346.75,0.500,Mid (Meeting),4.06,26.61,298.75,2197.00,11499.37,439.60,,0,69,38.00,-462,4001808,-1848835.30,4,fused
382111,000000382111.jpg,640x427,1,0.999977,1,1,TP,yolov8l_bsz4.ms,225.50,121.25,346.75,0.500,Mid (Meeting),4.06,26.61,298.75,2197.00,11499.37,439.60,,0,69,38.00,-462,4001808,-1848835.30,4,fused
197658,000000197658.jpg,582x640,1,0.999977,1,1,TP,yolov8l_bsz4.ms,225.50,121.25,346.75,0.500,Mid (Meeting),4.06,26.61,298.75,2197.00,11499.37,439.60,,0,69,38.00,-462,4001808,-1848835.30,4,fused
489764,000000489764.jpg,640x538,1,0.999977,1,1,TP,yolov8l_bsz4.ms,225.50,112.75,338.25,0.500,Mid (Meeting),3.83,26.61,373.45,2122.00,11499.37,362.08,,0,69,38.00,-359,4004868,-1437747.61,4,fused
334309,000000334309.jpg,640x427,1,0.999976,1,1,TP,yolov8l_bsz4.ms,225.50,112.75,338.25,0.500,Mid (Meeting),3.83,26.61,373.45,2122.00,11499.37,362.08,,0,69,38.00,-359,4004868,-1437747.61,4,fused
474078,000000474078.jpg,640x480,1,0.999976,1,1,TP,yolov8l_bsz4.ms,225.50,112.75,338.25,0.500,Mid (Meeting),3.83,26.61,373.45,2122.00,11499.37,362.08,,0,69,38.00,-359,4004868,-1437747.61,4,fused
127530,000000127530.jpg,640x440,1,0.999976,1,1,TP,yolov8l_bsz4.ms,225.50,112.75,338.25,0.500,Mid (Meeting),3.83,26.61,373.45,2122.00,11499.37,362.08,,0,69,38.00,-359,4004868,-1437747.61,4,fused
576031,000000576031.jpg,640x480,1,0.999976,1,1,TP,yolov8l_bsz4.ms,223.50,102.25,325.75,0.500,Mid (Meeting),3.67,26.97,369.06,2124.00,11499.37,359.66,,0,69,38.00,-482,4001271,-1928612.62,4,fused
491867,000000491867.jpg,480x640,1,0.999976,1,1,TP,yolov8l_bsz4.ms,223.50,102.25,325.75,0.500,Mid (Meeting),3.67,26.97,369.06,2124.00,11499.37,359.66,,0,69,38.00,-482,4001271,-1928612.62,4,fused
404922,000000404922.jpg,368x500,1,0.999976,1,1,TP,yolov8l_bsz4.ms,223.50,102.25,325.75,0.500,Mid (Meeting),3.67,26.97,369.06,2124.00,11499.37,359.66,,0,69,38.00,-482,4001271,-1928612.62,4,fused
192670,000000192670.jpg,640x433,1,0.999976,1,1,TP,yolov8l_bsz4.ms,223.50,102.25,325.75,0.500,Mid (Meeting),3.67,26.97,369.06,2124.00,11499.37,359.66,,0,69,38.00,-482,4001271,-1928612.62,4,fused
115898,000000115898.jpg,640x427,1,0.999975,1,1,TP,yolov8l_bsz4.ms,223.50,102.25,325.75,0.500,Mid (Meeting),3.68,26.97,347.54,2142.00,11499.37,374.14,,0,69,38.00,-558,3998519,-2231173.60,4,fused
410456,000000410456.jpg,640x480,1,0.999975,1,1,TP,yolov8l_bsz4.ms,223.50,102.25,325.75,0.500,Mid (Meeting),3.68,26.97,347.54,2142.00,11499.37,374.14,,0,69,38.00,-558,3998519,-2231173.60,4,fused
13201,000000013201.jpg,427x640,1,0.999975,1,1,TP,yolov8l_bsz4.ms,223.50,102.25,325.75,0.500,Mid (Meeting),3.68,26.97,347.54,2142.00,11499.37,374.14,,0,69,38.00,-558,3998519,-2231173.60,4,fused
68093,000000068093.jpg,640x480,1,0.999975,1,1,TP,yolov8l_bsz4.ms,223.50,102.25,325.75,0.500,Mid (Meeting),3.68,26.97,347.54,2142.00,11499.37,374.14,,0,69,38.00,-558,3998519,-2231173.60,4,fused
1296,000000001296.jpg,427x640,1,0.999975,1,1,TP,yolov8l_bsz4.ms,228.25,93.75,322.00,0.500,Mid (Meeting),3.60,27.68,302.36,2184.00,11499.37,411.88,,0,69,38.00,-491,4000523,-1964256.79,4,fused
485071,000000485071.jpg,640x426,1,0.999974,1,1,TP,yolov8l_bsz4.ms,228.25,93.75,322.00,0.500,Mid (Meeting),3.60,27.68,302.36,2184.00,11499.37,411.88,,0,69,38.00,-491,4000523,-1964256.79,4,fused
566923,000000566923.jpg,640x426,1,0.999974,1,1,TP,yolov8l_bsz4.ms,228.25,93.75,322.00,0.500,Mid (Meeting),3.60,27.68,302.36,2184.00,11499.37,411.88,,0,69,38.00,-491,4000523,-1964256.79,4,fused
559543,000000559543.jpg,500x333,1,0.999973,1,1,TP,yolov8l_bsz4.ms,228.25,93.75,322.00,0.500,Mid (Meeting),3.60,27.68,302.36,2184.00,11499.37,411.88,,0,69,38.00,-491,4000523,-1964256.79,4,fused
416104,000000416104.jpg,640x480,1,0.999973,1,1,TP,yolov8l_bsz4.ms,225.75,107.75,333.50,0.500,Mid (Meeting),3.56,27.68,368.77,2123.00,11499.37,372.79,,0,69,38.00,-411,4002877,-1645182.45,4,fused
328337,000000328337.jpg,640x427,1,0.999973,1,1,TP,yolov8l_bsz4.ms,225.75,107.75,333.50,0.500,Mid (Meeting),3.56,27.68,368.77,2123.00,11499.37,372.79,,0,69,38.00,-411,4002877,-1645182.45,4,fused
356427,000000356427.jpg,640x427,1,0.999972,1,1,TP,yolov8l_bsz4.ms,225.75,107.75,333.50,0.500,Mid (Meeting),3.56,27.68,368.77,2123.00,11499.37,372.79,,0,69,38.00,-411,4002877,-1645182.45,4,fused
327601,000000327601.jpg,333x500,1,0.999972,1,1,TP,yolov8l_bsz4.ms,225.75,107.75,333.50,0.500,Mid (Meeting),3.56,27.68,368.77,2123.00,11499.37,372.79,,0,69,38.00,-411,4002877,-1645182.45,4,fused
456015,000000456015.jpg,640x427,1,0.999972,1,1,TP,yolov8l_bsz4.ms,229.50,106.00,335.50,0.500,Mid (Meeting),7.31,27.65,367.18,2124.00,11499.37,369.25,,0,69,38.00,-429,4001965,-1716842.99,4,fused
494188,000000494188.jpg,480x640,1,0.999972,1,1,TP,yolov8l_bsz4.ms,229.50,106.00,335.50,0.500,Mid (Meeting),7.31,27.65,367.18,2124.00,11499.37,369.25,,0,69,38.00,-429,4001965,-1716842.99,4,fused
114884,000000114884.jpg,500x329,1,0.999972,1,1,TP,yolov8l_bsz4.ms,229.50,106.00,335.50,0.500,Mid (Meeting),7.31,27.65,367.18,2124.00,11499.37,369.25,,0,69,38.00,-429,4001965,-1716842.99,4,fused
326174,000000326174.jpg,640x480,1,0.999972,1,1,TP,yolov8l_bsz4.ms,229.50,106.00,335.50,0.500,Mid (Meeting),7.31,27.65,367.18,2124.00,11499.37,369.25,,0,69,38.00,-429,4001965,-1716842.99,4,fused
54164,000000054164.jpg,640x427,1,0.999972,1,1,TP,yolov8l_bsz4.ms,225.00,103.25,328.25,0.500,Mid (Meeting),4.74,27.65,346.79,2144.00,11499.37,384.95,,0,69,38.00,-317,4005772,-1269829.72,4,fused
185890,000000185890.jpg,509x640,1,0.999971,1,1,TP,yolov8l_bsz4.ms,225.00,103.25,328.25,0.500,Mid (Meeting),4.74,27.65,346.79,2144.00,11499.37,384.95,,0,69,38.00,-317,4005772,-1269829.72,4,fused
143961,000000143961.jpg,640x356,1,0.999971,1,1,TP,yolov8l_bsz4.ms,225.00,103.25,328.25,0.500,Mid (Meeting),4.74,27.65,346.79,2144.00,11499.37,384.95,,0,69,38.00,-317,4005772,-1269829.72,4,fused
193429,000000193429.jpg,640x428,1,0.999971,1,1,TP,yolov8l_bsz4.ms,225.00,103.25,328.25,0.500,Mid (Meeting),4.74,27.65,346.79,2144.00,11499.37,384.95,,0,69,38.00,-317,4005772,-1269829.72,4,fused
136715,000000136715.jpg,640x425,1,0.999971,1,1,TP,yolov8l_bsz4.ms,228.00,111.25,339.25,0.500,Mid (Meeting),4.17,27.31,295.24,2193.00,11499.37,431.37,,0,69,38.00,-491,4000148,-1964072.67,4,fused
322944,000000322944.jpg,457x640,1,0.999971,1,1,TP,yolov8l_bsz4.ms,228.00,111.25,339.25,0.500,Mid (Meeting),4.17,27.31,295.24,2193.00,11499.37,431.37,,0,69,38.00,-491,4000148,-1964072.67,4,fused
102411,000000102411.jpg,640x427,1,0.999971,1,1,TP,yolov8l_bsz4.ms,228.00,111.25,339.25,0.500,Mid (Meeting),4.17,27.31,295.24,2193.00,11499.37,431.37,,0,69,38.00,-491,4000148,-1964072.67,4,fused
22479,000000022479.jpg,640x605,1,0.999970,1,1,TP,yolov8l_bsz4.ms,228.00,111.25,339.25,0.500,Mid (Meeting),4.17,27.31,295.24,2193.00,11499.37,431.37,,0,69,38.00,-491,4000148,-1964072.67,4,fused
188296,000000188296.jpg,640x609,1,0.999970,1,1,TP,yolov8l_bsz4.ms,226.50,96.50,323.00,0.500,Mid (Meeting),3.85,27.31,369.60,2092.00,11499.37,326.38,,0,69,38.00,-573,3997113,-2290345.75,4,fused
256868,000000256868.jpg,640x428,1,0.999970,1,1,TP,yolov8l_bsz4.ms,226.50,96.50,323.00,0.500,Mid (Meeting),3.85,27.31,369.60,2092.00,11499.37,326.38,,0,69,38.00,-573,3997113,-2290345.75,4,fused
25424,000000025424.jpg,427x640,1,0.999970,1,1,TP,yolov8l_bsz4.ms,226.50,96.50,323.00,0.500,Mid (Meeting),3.85,27.31,369.60,2092.00,11499.37,326.38,,0,69,38.00,-573,3997113,-2290345.75,4,fused
133244,000000133244.jpg,640x359,1,0.999970,1,1,TP,yolov8l_bsz4.ms,226.50,96.50,323.00,0.500,Mid (Meeting),3.85,27.31,369.60,2092.00,11499.37,326.38,,0,69,38.00,-573,3997113,-2290345.75,4,fused
423506,000000423506.jpg,375x500,1,0.999969,1,1,TP,yolov8l_bsz4.ms,230.00,99.75,329.75,0.500,Mid (Meeting),3.77,29.62,363.87,2086.00,11499.37,317.55,,0,69,38.00,-500,3999655,-1999827.50,4,fused
345466,000000345466.jpg,500x375,1,0.999967,1,1,TP,yolov8l_bsz4.ms,230.00,99.75,329.75,0.500,Mid (Meeting),3.77,29.62,363.87,2086.00,11499.37,317.55,,0,69,38.00,-500,3999655,-1999827.50,4,fused
361147,000000361147.jpg,417x640,1,0.999967,1,1,TP,yolov8l_bsz4.ms,230.00,99.75,329.75,0.500,Mid (Meeting),3.77,29.62,363.87,2086.00,11499.37,317.55,,0,69,38.00,-500,3999655,-1999827.50,4,fused
511760,000000511760.jpg,296x640,1,0.999967,1,1,TP,yolov8l_bsz4.ms,230.00,99.75,329.75,0.500,Mid (Meeting),3.77,29.62,363.87,2086.00,11499.37,317.55,,0,69,38.00,-500,3999655,-1999827.50,4,fused
567011,000000567011.jpg,640x426,1,0.999967,1,1,TP,yolov8l_bsz4.ms,227.50,108.00,335.50,0.500,Mid (Meeting),3.70,29.62,347.58,2131.00,11499.37,358.85,,0,69,38.00,-403,4002367,-1612953.90,4,fused
562207,000000562207.jpg,640x425,1,0.999967,1,1,TP,yolov8l_bsz4.ms,227.50,108.00,335.50,0.500,Mid (Meeting),3.70,29.62,347.58,2131.00,11499.37,358.85,,0,69,38.00,-403,4002367,-1612953.90,4,fused
343524,000000343524.jpg,640x447,1,0.999966,1,1,TP,yolov8l_bsz4.ms,227.50,108.00,335.50,0.500,Mid (Meeting),3.70,29.62,347.58,2131.00,11499.37,358.85,,0,69,38.00,-403,4002367,-1612953.90,4,fused
153229,000000153229.jpg,640x457,1,0.999966,1,1,TP,yolov8l_bsz4.ms,227.50,108.00,335.50,0.500,Mid (Meeting),3.70,29.62,347.58,2131.00,11499.37,358.85,,0,69,38.00,-403,4002367,-1612953.90,4,fused
238410,000000238410.jpg,640x480,1,0.999966,1,1,TP,yolov8l_bsz4.ms,231.00,105.50,336.50,0.500,Mid (Meeting),3.69,29.19,301.81,2179.00,11499.37,403.57,,0,69,38.00,-550,3997733,-2198753.15,4,fused
57150,000000057150.jpg,240x320,1,0.999965,1,1,TP,yolov8l_bsz4.ms,231.00,105.50,336.50,0.500,Mid (Meeting),3.69,29.19,301.81,2179.00,11499.37,403.57,,0,69,38.00,-550,3997733,-2198753.15,4,fused
507797,000000507797.jpg,640x425,1,0.999965,1,1,TP,yolov8l_bsz4.ms,231.00,105.50,336.50,0.500,Mid (Meeting),3.69,29.19,301.81,2179.00,11499.37,403.57,,0,69,38.00,-550,3997733,-2198753.15,4,fused
192699,000000192699.jpg,640x457,1,0.999965,1,1,TP,yolov8l_bsz4.ms,231.00,105.50,336.50,0.500,Mid (Meeting),3.69,29.19,301.81,2179.00,11499.37,403.57,,0,69,38.00,-550,3997733,-2198753.15,4,fused
188592,000000188592.jpg,480x640,1,0.999965,1,1,TP,yolov8l_bsz4.ms,225.00,109.50,334.50,0.500,Mid (Meeting),8.55,29.19,369.77,2110.00,11499.37,330.46,,0,69,38.00,-453,4000899,-1812407.25,4,fused
236426,000000236426.jpg,640x429,1,0.999965,1,1,TP,yolov8l_bsz4.ms,225.00,109.50,334.50,0.500,Mid (Meeting),8.55,29.19,369.77,2110.00,11499.37,330.46,,0,69,38.00,-453,4000899,-1812407.25,4,fused
442836,000000442836.jpg,640x457,1,0.999965,1,1,TP,yolov8l_bsz4.ms,225.00,109.50,334.50,0.500,Mid (Meeting),8.55,29.19,369.77,2110.00,11499.37,330.46,,0,69,38.00,-453,4000899,-1812407.25,4,fused
568439,000000568439.jpg,640x449,1,0.999963,1,1,TP,yolov8l_bsz4.ms,225.00,109.50,334.50,0.500,Mid (Meeting),8.55,29.19,369.77,2110.00,11499.37,330.46,,0,69,38.00,-453,4000899,-1812407.25,4,fused
375493,000000375493.jpg,640x480,1,0.999963,1,1,TP,yolov8l_bsz4.ms,226.50,112.75,339.25,0.500,Mid (Meeting),4.42,26.72,367.65,2110.00,11499.37,326.72,,0,69,38.00,-440,4000981,-1760431.64,4,fused
157767,000000157767.jpg,640x427,1,0.999962,1,1,TP,yolov8l_bsz4.ms,226.50,112.75,339.25,0.500,Mid (Meeting),4.42,26.72,367.65,2110.00,11499.37,326.72,,0,69,38.00,-440,4000981,-1760431.64,4,fused
556000,000000556000.jpg,640x515,1,0.999962,1,1,TP,yolov8l_bsz4.ms,226.50,112.75,339.25,0.500,Mid (Meeting),4.42,26.72,367.65,2110.00,11499.37,326.72,,0,69,38.00,-440,4000981,-1760431.64,4,fused
425361,000000425361.jpg,640x491,1,0.999962,1,1,TP,yolov8l_bsz4.ms,226.50,112.75,339.25,0.500,Mid (Meeting),4.42,26.72,367.65,2110.00,11499.37,326.72,,0,69,38.00,-440,4000981,-1760431.64,4,fused
27186,000000027186.jpg,640x428,1,0.999962,1,1,TP,yolov8l_bsz4.ms,225.75,103.25,329.00,0.500,Mid (Meeting),3.92,26.72,346.23,2130.00,11499.37,344.43,,0,69,38.00,-424,4001127,-1696477.85,4,fused
553731,000000553731.jpg,640x428,1,0.999961,1,1,TP,yolov8l_bsz4.ms,225.75,103.25,329.00,0.500,Mid (Meeting),3.92,26.72,346.23,2130.00,11499.37,344.43,,0,69,38.00,-424,4001127,-1696477.85,4,fused
369310,000000369310.jpg,395x640,1,0.999961,1,1,TP,yolov8l_bsz4.ms,225.75,103.25,329.00,0.500,Mid (Meeting),3.92,26.72,346.23,2130.00,11499.37,344.43,,0,69,38.00,-424,4001127,-1696477.85,4,fused
253835,000000253835.jpg,640x480,1,0.999960,1,1,TP,yolov8l_bsz4.ms,225.75,103.25,329.00,0.500,Mid (Meeting),3.92,26.72,346.23,2130.00,11499.37,344.43,,0,69,38.00,-424,4001127,-1696477.85,4,fused
320642,000000320642.jpg,500x321,1,0.999960,1,1,TP,yolov8l_bsz4.ms,225.25,97.25,322.50,0.500,Mid (Meeting),3.81,27.69,290.62,2183.00,11499.37,393.94,,0,69,38.00,-464,4000154,-1856071.46,4,fused
216296,000000216296.jpg,640x427,1,0.999960,1,1,TP,yolov8l_bsz4.ms,225.25,97.25,322.50,0.500,Mid (Meeting),3.81,27.69,290.62,2183.00,11499.37,393.94,,0,69,38.00,-464,4000154,-1856071.46,4,fused
92091,000000092091.jpg,640x480,1,0.999960,1,1,TP,yolov8l_bsz4.ms,225.25,97.25,322.50,0.500,Mid (Meeting),3.81,27.69,290.62,2183.00,11499.37,393.94,,0,69,38.00,-464,4000154,-1856071.46,4,fused
194716,000000194716.jpg,640x427,1,0.999960,1,1,TP,yolov8l_bsz4.ms,225.25,97.25,322.50,0.500,Mid (Meeting),3.81,27.69,290.62,2183.00,11499.37,393.94,,0,69,38.00,-464,4000154,-1856071.46,4,fused
509403,000000509403.jpg,640x427,1,0.999960,1,1,TP,yolov8l_bsz4.ms,226.25,107.50,333.75,0.500,Mid (Meeting),3.64,27.69,367.60,2102.00,11499.37,307.48,,0,69,38.00,-533,3997508,-2130671.76,4,fused
244750,000000244750.jpg,393x500,1,0.999959,1,1,TP,yolov8l_bsz4.ms,226.25,107.50,333.75,0.500,Mid (Meeting),3.64,27.69,367.60,2102.00,11499.37,307.48,,0,69,38.00,-533,3997508,-2130671.76,4,fused
514797,000000514797.jpg,640x439,1,0.999958,1,1,TP,yolov8l_bsz4.ms,226.25,107.50,333.75,0.500,Mid (Meeting),3.64,27.69,367.60,2102.00,11499.37,307.48,,0,69,38.00,-533,3997508,-2130671.76,4,fused
12748,000000012748.jpg,480x640,1,0.999958,1,1,TP,yolov8l_bsz4.ms,226.25,107.50,333.75,0.500,Mid (Meeting),3.64,27.69,367.60,2102.00,11499.37,307.48,,0,69,38.00,-533,3997508,-2130671.76,4,fused
190307,000000190307.jpg,540x640,1,0.999958,1,1,TP,yolov8l_bsz4.ms,225.75,106.75,332.50,0.500,Mid (Meeting),3.64,27.90,365.54,2104.00,11499.37,306.70,,0,69,38.00,-700,3991562,-2794093.40,4,fused
412894,000000412894.jpg,427x640,1,0.999957,1,1,TP,yolov8l_bsz4.ms,225.75,106.75,332.50,0.500,Mid (Meeting),3.64,27.90,365.54,2104.00,11499.37,306.70,,0,69,38.00,-700,3991562,-2794093.40,4,fused
132796,000000132796.jpg,640x426,1,0.999957,1,1,TP,yolov8l_bsz4.ms,225.75,106.75,332.50,0.500,Mid (Meeting),3.64,27.90,365.54,2104.00,11499.37,306.70,,0,69,38.00,-700,3991562,-2794093.40,4,fused
475064,000000475064.jpg,640x427,1,0.999955,1,1,TP,yolov8l_bsz4.ms,225.75,106.75,332.50,0.500,Mid (Meeting),3.64,27.90,365.54,2104.00,11499.37,306.70,,0,69,38.00,-700,3991562,-2794093.40,4,fused
485027,000000485027.jpg,337x640,1,0.999955,1,1,TP,yolov8l_bsz4.ms,223.75,90.25,314.00,0.500,Mid (Meeting),3.56,27.90,344.74,2121.00,11499.37,319.53,,0,69,38.00,-740,3990019,-2952614.06,4,fused
437239,000000437239.jpg,640x425,1,0.999954,1,1,TP,yolov8l_bsz4.ms,223.75,90.25,314.00,0.500,Mid (Meeting),3.56,27.90,344.74,2121.00,11499.37,319.53,,0,69,38.00,-740,3990019,-2952614.06,4,fused
549390,000000549390.jpg,640x427,1,0.999954,1,1,TP,yolov8l_bsz4.ms,223.75,90.25,314.00,0.500,Mid (Meeting),3.56,27.90,344.74,2121.00,11499.37,319.53,,0,69,38.00,-740,3990019,-2952614.06,4,fused
414673,000000414673.jpg,500x332,1,0.999954,1,1,TP,yolov8l_bsz4.ms,223.75,90.25,314.00,0.500,Mid (Meeting),3.56,27.90,344.74,2121.00,11499.37,319.53,,0,69,38.00,-740,3990019,-2952614.06,4,fused
246963,000000246963.jpg,640x420,1,0.999953,1,1,TP,yolov8l_bsz4.ms,224.50,96.50,321.00,0.500,Mid (Meeting),3.55,28.15,291.16,2172.00,11499.37,367.12,,0,69,38.00,-434,3999574,-1735815.12,4,fused
150649,000000150649.jpg,500x311,1,0.999953,1,1,TP,yolov8l_bsz4.ms,224.50,96.50,321.00,0.500,Mid (Meeting),3.55,28.15,291.16,2172.00,11499.37,367.12,,0,69,38.00,-434,3999574,-1735815.12,4,fused
312489,000000312489.jpg,500x333,1,0.999952,1,1,TP,yolov8l_bsz4.ms,224.50,96.50,321.00,0.500,Mid (Meeting),3.55,28.15,291.16,2172.00,11499.37,367.12,,0,69,38.00,-434,3999574,-1735815.12,4,fused
320696,000000320696.jpg,640x427,1,0.999952,1,1,TP,yolov8l_bsz4.ms,224.50,96.50,321.00,0.500,Mid (Meeting),3.55,28.15,291.16,2172.00,11499.37,367.12,,0,69,38.00,-434,3999574,-1735815.12,4,fused
465549,000000465549.jpg,640x428,1,0.999951,1,1,TP,yolov8l_bsz4.ms,224.25,100.00,324.25,0.500,Mid (Meeting),3.19,28.15,368.13,2101.00,11499.37,315.45,,0,69,38.00,-505,3997152,-2018561.76,4,fused
520264,000000520264.jpg,640x480,1,0.999950,1,1,TP,yolov8l_bsz4.ms,224.25,100.00,324.25,0.500,Mid (Meeting),3.19,28.15,368.13,2101.00,11499.37,315.45,,0,69,38.00,-505,3997152,-2018561.76,4,fused
243148,000000243148.jpg,640x360,1,0.999950,1,1,TP,yolov8l_bsz4.ms,224.25,100.00,324.25,0.500,Mid (Meeting),3.19,28.15,368.13,2101.00,11499.37,315.45,,0,69,38.00,-505,3997152,-2018561.76,4,fused
327701,000000327701.jpg,640x428,1,0.999949,1,1,TP,yolov8l_bsz4.ms,224.25,100.00,324.25,0.500,Mid (Meeting),3.19,28.15,368.13,2101.00,11499.37,315.45,,0,69,38.00,-505,3997152,-2018561.76,4,fused
470779,000000470779.jpg,640x479,1,0.999949,1,1,TP,yolov8l_bsz4.ms,227.75,110.75,338.50,0.500,Mid (Meeting),3.36,27.96,364.99,2103.00,11499.37,313.40,,0,69,38.00,-439,3999429,-1755749.33,4,fused
499031,000000499031.jpg,427x640,1,0.999949,1,1,TP,yolov8l_bsz4.ms,227.75,110.75,338.50,0.500,Mid (Meeting),3.36,27.96,364.99,2103.00,11499.37,313.40,,0,69,38.00,-439,3999429,-1755749.33,4,fused
142620,000000142620.jpg,640x426,1,0.999948,1,1,TP,yolov8l_bsz4.ms,227.75,110.75,338.50,0.500,Mid (Meeting),3.36,27.96,364.99,2103.00,11499.37,313.40,,0,69,38.00,-439,3999429,-1755749.33,4,fused
319100,000000319100.jpg,500x333,1,0.999948,1,1,TP,yolov8l_bsz4.ms,227.75,110.75,338.50,0.500,Mid (Meeting),3.36,27.96,364.99,2103.00,11499.37,313.40,,0,69,38.00,-439,3999429,-1755749.33,4,fused
9590,000000009590.jpg,640x427,1,0.999947,1,1,TP,yolov8l_bsz4.ms,225.00,113.25,338.25,0.500,Mid (Meeting),3.47,27.96,346.17,2120.00,11499.37,327.27,,0,69,38.00,-472,3998210,-1887155.12,4,fused
237118,000000237118.jpg,580x640,1,0.999947,1,1,TP,yolov8l_bsz4.ms,225.00,113.25,338.25,0.500,Mid (Meeting),3.47,27.96,346.17,2120.00,11499.37,327.27,,0,69,38.00,-472,3998210,-1887155.12,4,fused
25057,000000025057.jpg,640x427,1,0.999946,1,1,TP,yolov8l_bsz4.ms,225.00,113.25,338.25,0.500,Mid (Meeting),3.47,27.96,346.17,2120.00,11499.37,327.27,,0,69,38.00,-472,3998210,-1887155.12,4,fused
156076,000000156076.jpg,640x478,1,0.999945,1,1,TP,yolov8l_bsz4.ms,225.00,113.25,338.25,0.500,Mid (Meeting),3.47,27.96,346.17,2120.00,11499.37,327.27,,0,69,38.00,-472,3998210,-1887155.12,4,fused
384666,000000384666.jpg,500x332,1,0.999945,1,1,TP,yolov8l_bsz4.ms,224.50,106.25,330.75,0.500,Mid (Meeting),3.45,27.88,291.97,2179.00,11499.37,383.15,,0,69,39.00,-500,3997488,-1998744.00,4,fused
199442,000000199442.jpg,640x433,1,0.999945,1,1,TP,yolov8l_bsz4.ms,224.50,106.25,330.75,0.500,Mid (Meeting),3.45,27.88,291.97,2179.00,11499.37,383.15,,0,69,39.00,-500,3997488,-1998744.00,4,fused
311394,000000311394.jpg,480x640,1,0.999944,1,1,TP,yolov8l_bsz4.ms,224.50,106.25,330.75,0.500,Mid (Meeting),3.45,27.88,291.97,2179.00,11499.37,383.15,,0,69,39.00,-500,3997488,-1998744.00,4,fused
5060,000000005060.jpg,480x640,1,0.999944,1,1,TP,yolov8l_bsz4.ms,224.50,106.25,330.75,0.500,Mid (Meeting),3.45,27.88,291.97,2179.00,11499.37,383.15,,0,69,39.00,-500,3997488,-1998744.00,4,fused
489339,000000489339.jpg,426x640,1,0.999944,1,1,TP,yolov8l_bsz4.ms,225.50,115.50,341.00,0.500,Mid (Meeting),3.44,27.88,366.94,2104.00,11499.37,304.27,,0,69,39.00,-484,3997774,-1934922.62,4,fused
449432,000000449432.jpg,640x427,1,0.999944,1,1,TP,yolov8l_bsz4.ms,225.50,115.50,341.00,0.500,Mid (Meeting),3.44,27.88,366.94,2104.00,11499.37,304.27,,0,69,39.00,-484,3997774,-1934922.62,4,fused
302452,000000302452.jpg,403x403,1,0.999943,1,1,TP,yolov8l_bsz4.ms,225.50,115.50,341.00,0.500,Mid (Meeting),3.44,27.88,366.94,2104.00,11499.37,304.27,,0,69,39.00,-484,3997774,-1934922.62,4,fused
343803,000000343803.jpg,427x640,1,0.999943,1,1,TP,yolov8l_bsz4.ms,225.50,115.50,341.00,0.500,Mid (Meeting),3.44,27.88,366.94,2104.00,11499.37,304.27,,0,69,39.00,-484,3997774,-1934922.62,4,fused
47801,000000047801.jpg,612x612,1,0.999943,1,1,TP,yolov8l_bsz4.ms,227.25,102.75,330.00,0.500,Mid (Meeting),3.44,27.91,365.61,2103.00,11499.37,300.18,,0,69,39.00,-421,3999892,-1683954.53,4,fused
117425,000000117425.jpg,640x426,1,0.999941,1,1,TP,yolov8l_bsz4.ms,227.25,102.75,330.00,0.500,Mid (Meeting),3.44,27.91,365.61,2103.00,11499.37,300.18,,0,69,39.00,-421,3999892,-1683954.53,4,fused
364126,000000364126.jpg,640x426,1,0.999941,1,1,TP,yolov8l_bsz4.ms,227.25,102.75,330.00,0.500,Mid (Meeting),3.44,27.91,365.61,2103.00,11499.37,300.18,,0,69,39.00,-421,3999892,-1683954.53,4,fused
82812,000000082812.jpg,640x360,1,0.999941,1,1,TP,yolov8l_bsz4.ms,227.25,102.75,330.00,0.500,Mid (Meeting),3.44,27.91,365.61,2103.00,11499.37,300.18,,0,69,39.00,-421,3999892,-1683954.53,4,fused
183437,000000183437.jpg,427x640,1,0.999940,1,1,TP,yolov8l_bsz4.ms,225.25,109.50,334.75,0.500,Mid (Meeting),3.47,27.91,344.06,2123.00,11499.37,316.44,,0,69,39.00,-428,3999728,-1711883.58,4,fused
328601,000000328601.jpg,396x640,1,0.999939,1,1,TP,yolov8l_bsz4.ms,225.25,109.50,334.75,0.500,Mid (Meeting),3.47,27.91,344.06,2123.00,11499.37,316.44,,0,69,39.00,-428,3999728,-1711883.58,4,fused
16249,000000016249.jpg,500x365,1,0.999939,1,1,TP,yolov8l_bsz4.ms,225.25,109.50,334.75,0.500,Mid (Meeting),3.47,27.91,344.06,2123.00,11499.37,316.44,,0,69,39.00,-428,3999728,-1711883.58,4,fused
124442,000000124442.jpg,375x500,1,0.999938,1,1,TP,yolov8l_bsz4.ms,225.25,109.50,334.75,0.500,Mid (Meeting),3.47,27.91,344.06,2123.00,11499.37,316.44,,0,69,39.00,-428,3999728,-1711883.58,4,fused
407298,000000407298.jpg,640x480,1,0.999937,1,1,TP,yolov8l_bsz4.ms,224.75,113.75,338.50,0.500,Mid (Meeting),4.61,25.80,292.40,2173.00,11499.37,362.91,,0,69,39.00,-505,3996828,-2018398.14,4,fused
293625,000000293625.jpg,640x480,1,0.999936,1,1,TP,yolov8l_bsz4.ms,224.75,113.75,338.50,0.500,Mid (Meeting),4.61,25.80,292.40,2173.00,11499.37,362.91,,0,69,39.00,-505,3996828,-2018398.14,4,fused
65736,000000065736.jpg,640x427,1,0.999936,1,1,TP,yolov8l_bsz4.ms,224.75,113.75,338.50,0.500,Mid (Meeting),4.61,25.80,292.40,2173.00,11499.37,362.91,,0,69,39.00,-505,3996828,-2018398.14,4,fused
183391,000000183391.jpg,632x640,1,0.999936,1,1,TP,yolov8l_bsz4.ms,224.75,113.75,338.50,0.500,Mid (Meeting),4.61,25.80,292.40,2173.00,11499.37,362.91,,0,69,39.00,-505,3996828,-2018398.14,4,fused
240250,000000240250.jpg,612x612,1,0.999935,1,1,TP,yolov8l_bsz4.ms,225.00,119.00,344.00,0.500,Mid (Meeting),3.96,25.80,368.70,2095.00,11499.37,282.13,,0,69,39.00,-481,3997573,-1922832.61,4,fused
428867,000000428867.jpg,500x333,1,0.999935,0,0,FP,yolov8l_bsz4.ms,225.00,119.00,344.00,0.500,Mid (Meeting),3.96,25.80,368.70,2095.00,11499.37,282.13,,0,69,39.00,-481,3997573,-1922832.61,4,fused
164883,000000164883.jpg,500x375,1,0.999935,1,1,TP,yolov8l_bsz4.ms,225.00,119.00,344.00,0.500,Mid (Meeting),3.96,25.80,368.70,2095.00,11499.37,282.13,,0,69,39.00,-481,3997573,-1922832.61,4,fused
121744,000000121744.jpg,640x426,1,0.999934,1,1,TP,yolov8l_bsz4.ms,225.00,119.00,344.00,0.500,Mid (Meeting),3.96,25.80,368.70,2095.00,11499.37,282.13,,0,69,39.00,-481,3997573,-1922832.61,4,fused
311928,000000311928.jpg,640x398,1,0.999933,1,1,TP,yolov8l_bsz4.ms,225.50,107.00,332.50,0.500,Mid (Meeting),3.79,26.91,369.00,2094.00,11499.37,277.79,,0,69,39.00,-358,4001776,-1432635.81,4,fused
563882,000000563882.jpg,640x425,1,0.999933,1,1,TP,yolov8l_bsz4.ms,225.50,107.00,332.50,0.500,Mid (Meeting),3.79,26.91,369.00,2094.00,11499.37,277.79,,0,69,39.00,-358,4001776,-1432635.81,4,fused
177357,000000177357.jpg,640x396,1,0.999932,1,1,TP,yolov8l_bsz4.ms,225.50,107.00,332.50,0.500,Mid (Meeting),3.79,26.91,369.00,2094.00,11499.37,277.79,,0,69,39.00,-358,4001776,-1432635.81,4,fused
54593,000000054593.jpg,640x427,1,0.999931,1,1,TP,yolov8l_bsz4.ms,225.50,107.00,332.50,0.500,Mid (Meeting),3.79,26.91,369.00,2094.00,11499.37,277.79,,0,69,39.00,-358,4001776,-1432635.81,4,fused
146457,000000146457.jpg,640x480,1,0.999931,1,1,TP,yolov8l_bsz4.ms,225.50,106.75,332.25,0.500,Mid (Meeting),3.75,26.91,348.30,2114.00,11499.37,294.48,,0,69,39.00,-464,3998194,-1855162.02,4,fused
497599,000000497599.jpg,427x640,1,0.999930,1,1,TP,yolov8l_bsz4.ms,225.50,106.75,332.25,0.500,Mid (Meeting),3.75,26.91,348.30,2114.00,11499.37,294.48,,0,69,39.00,-464,3998194,-1855162.02,4,fused
554156,000000554156.jpg,640x428,1,0.999930,1,1,TP,yolov8l_bsz4.ms,225.50,106.75,332.25,0.500,Mid (Meeting),3.75,26.91,348.30,2114.00,11499.37,294.48,,0,69,39.00,-464,3998194,-1855162.02,4,fused
521259,000000521259.jpg,640x457,1,0.999929,1,1,TP,yolov8l_bsz4.ms,225.50,106.75,332.25,0.500,Mid (Meeting),3.75,26.91,348.30,2114.00,11499.37,294.48,,0,69,39.00,-464,3998194,-1855162.02,4,fused
164602,000000164602.jpg,640x480,1,0.999928,1,1,TP,yolov8l_bsz4.ms,226.50,114.00,340.50,0.500,Mid (Meeting),3.70,26.89,292.45,2169.00,11499.37,346.28,,0,69,39.00,-460,3998210,-1839176.60,4,fused
253695,000000253695.jpg,427x640,1,0.999928,1,1,TP,yolov8l_bsz4.ms,226.50,114.00,340.50,0.500,Mid (Meeting),3.70,26.89,292.45,2169.00,11499.37,346.28,,0,69,39.00,-460,3998210,-1839176.60,4,fused
189775,000000189775.jpg,640x480,1,0.999927,1,1,TP,yolov8l_bsz4.ms,226.50,114.00,340.50,0.500,Mid (Meeting),3.70,26.89,292.45,2169.00,11499.37,346.28,,0,69,39.00,-460,3998210,-1839176.60,4,fused
22705,000000022705.jpg,482x640,1,0.999927,1,1,TP,yolov8l_bsz4.ms,226.50,114.00,340.50,0.500,Mid (Meeting),3.70,26.89,292.45,2169.00,11499.37,346.28,,0,69,39.00,-460,3998210,-1839176.60,4,fused
327592,000000327592.jpg,640x361,1,0.999926,1,1,TP,yolov8l_bsz4.ms,227.75,106.75,334.50,0.500,Mid (Meeting),3.65,26.89,367.93,2094.00,11499.37,268.54,,0,69,39.00,-328,4002387,-1312782.94,4,fused
532481,000000532481.jpg,640x426,1,0.999925,1,1,TP,yolov8l_bsz4.ms,227.75,106.75,334.50,0.500,Mid (Meeting),3.65,26.89,367.93,2094.00,11499.37,268.54,,0,69,39.00,-328,4002387,-1312782.94,4,fused
521956,000000521956.jpg,500x330,1,0.999925,1,1,TP,yolov8l_bsz4.ms,227.75,106.75,334.50,0.500,Mid (Meeting),3.65,26.89,367.93,2094.00,11499.37,268.54,,0,69,39.00,-328,4002387,-1312782.94,4,fused
261116,000000261116.jpg,500x375,1,0.999924,1,1,TP,yolov8l_bsz4.ms,227.75,106.75,334.50,0.500,Mid (Meeting),3.65,26.89,367.93,2094.00,11499.37,268.54,,0,69,39.00,-328,4002387,-1312782.94,4,fused
2685,000000002685.jpg,640x555,1,0.999924,1,1,TP,yolov8l_bsz4.ms,227.50,104.50,332.00,0.500,Mid (Meeting),3.59,27.06,366.86,2094.00,11499.37,264.46,,0,69,39.00,-498,3997034,-1990522.93,4,fused
73533,000000073533.jpg,640x480,1,0.999923,1,1,TP,yolov8l_bsz4.ms,227.50,104.50,332.00,0.500,Mid (Meeting),3.59,27.06,366.86,2094.00,11499.37,264.46,,0,69,39.00,-498,3997034,-1990522.93,4,fused
273711,000000273711.jpg,640x480,1,0.999922,1,1,TP,yolov8l_bsz4.ms,227.50,104.50,332.00,0.500,Mid (Meeting),3.59,27.06,366.86,2094.00,11499.37,264.46,,0,69,39.00,-498,3997034,-1990522.93,4,fused
151657,000000151657.jpg,385x640,1,0.999922,1,1,TP,yolov8l_bsz4.ms,227.50,104.50,332.00,0.500,Mid (Meeting),3.59,27.06,366.86,2094.00,11499.37,264.46,,0,69,39.00,-498,3997034,-1990522.93,4,fused
248616,000000248616.jpg,640x427,1,0.999922,1,1,TP,yolov8l_bsz4.ms,227.25,100.75,328.00,0.500,Mid (Meeting),5.52,27.06,344.90,2112.00,11499.37,278.45,,0,69,39.00,-574,3994216,-2292679.98,4,fused
84031,000000084031.jpg,640x427,1,0.999921,1,1,TP,yolov8l_bsz4.ms,227.25,100.75,328.00,0.500,Mid (Meeting),5.52,27.06,344.90,2112.00,11499.37,278.45,,0,69,39.00,-574,3994216,-2292679.98,4,fused
86755,000000086755.jpg,640x480,1,0.999919,1,1,TP,yolov8l_bsz4.ms,227.25,100.75,328.00,0.500,Mid (Meeting),5.52,27.06,344.90,2112.00,11499.37,278.45,,0,69,39.00,-574,3994216,-2292679.98,4,fused
546976,000000546976.jpg,500x375,1,0.999919,1,1,TP,yolov8l_bsz4.ms,227.25,100.75,328.00,0.500,Mid (Meeting),5.52,27.06,344.90,2112.00,11499.37,278.45,,0,69,39.00,-574,3994216,-2292679.98,4,fused
301867,000000301867.jpg,640x480,1,0.999918,1,1,TP,yolov8l_bsz4.ms,223.00,113.75,336.75,0.500,Mid (Meeting),4.09,28.78,291.70,2164.00,11499.37,326.63,,0,69,39.00,-625,3992443,-2495276.88,4,fused
226147,000000226147.jpg,480x640,1,0.999918,1,1,TP,yolov8l_bsz4.ms,223.00,113.75,336.75,0.500,Mid (Meeting),4.09,28.78,291.70,2164.00,11499.37,326.63,,0,69,39.00,-625,3992443,-2495276.88,4,fused
243989,000000243989.jpg,500x438,1,0.999917,1,1,TP,yolov8l_bsz4.ms,223.00,113.75,336.75,0.500,Mid (Meeting),4.09,28.78,291.70,2164.00,11499.37,326.63,,0,69,39.00,-625,3992443,-2495276.88,4,fused
60823,000000060823.jpg,640x480,1,0.999916,1,1,TP,yolov8l_bsz4.ms,223.00,113.75,336.75,0.500,Mid (Meeting),4.09,28.78,291.70,2164.00,11499.37,326.63,,0,69,39.00,-625,3992443,-2495276.88,4,fused
11197,000000011197.jpg,640x427,1,0.999914,1,1,TP,yolov8l_bsz4.ms,225.50,100.25,325.75,0.500,Mid (Meeting),3.77,28.78,367.84,2093.00,11499.37,275.85,,0,69,39.00,-474,3997060,-1894606.44,4,fused
466986,000000466986.jpg,640x478,1,0.999914,1,1,TP,yolov8l_bsz4.ms,225.50,100.25,325.75,0.500,Mid (Meeting),3.77,28.78,367.84,2093.00,11499.37,275.85,,0,69,39.00,-474,3997060,-1894606.44,4,fused
55150,000000055150.jpg,640x426,1,0.999914,1,1,TP,yolov8l_bsz4.ms,225.50,100.25,325.75,0.500,Mid (Meeting),3.77,28.78,367.84,2093.00,11499.37,275.85,,0,69,39.00,-474,3997060,-1894606.44,4,fused
244496,000000244496.jpg,276x500,1,0.999914,1,1,TP,yolov8l_bsz4.ms,225.50,100.25,325.75,0.500,Mid (Meeting),3.77,28.78,367.84,2093.00,11499.37,275.85,,0,69,39.00,-474,3997060,-1894606.44,4,fused
97924,000000097924.jpg,600x400,1,0.999911,1,1,TP,yolov8l_bsz4.ms,227.75,111.00,338.75,0.500,Mid (Meeting),3.65,28.52,367.57,2095.00,11499.37,273.51,,0,69,39.00,-448,3997916,-1791066.37,4,fused
190753,000000190753.jpg,640x478,1,0.999911,1,1,TP,yolov8l_bsz4.ms,227.75,111.00,338.75,0.500,Mid (Meeting),3.65,28.52,367.57,2095.00,11499.37,273.51,,0,69,39.00,-448,3997916,-1791066.37,4,fused
363207,000000363207.jpg,640x480,1,0.999908,1,1,TP,yolov8l_bsz4.ms,227.75,111.00,338.75,0.500,Mid (Meeting),3.65,28.52,367.57,2095.00,11499.37,273.51,,0,69,39.00,-448,3997916,-1791066.37,4,fused
438876,000000438876.jpg,500x333,1,0.999908,1,1,TP,yolov8l_bsz4.ms,227.75,111.00,338.75,0.500,Mid (Meeting),3.65,28.52,367.57,2095.00,11499.37,273.51,,0,69,39.00,-448,3997916,-1791066.37,4,fused
345252,000000345252.jpg,640x479,1,0.999907,1,1,TP,yolov8l_bsz4.ms,223.50,110.25,333.75,0.500,Mid (Meeting),3.62,28.52,347.23,2114.00,11499.37,289.32,,0,69,39.00,-457,3997458,-1826838.31,4,fused
516038,000000516038.jpg,480x640,1,0.999906,1,1,TP,yolov8l_bsz4.ms,223.50,110.25,333.75,0.500,Mid (Meeting),3.62,28.52,347.23,2114.00,11499.37,289.32,,0,69,39.00,-457,3997458,-1826838.31,4,fused
529762,000000529762.jpg,640x480,1,0.999905,1,1,TP,yolov8l_bsz4.ms,223.50,110.25,333.75,0.500,Mid (Meeting),3.62,28.52,347.23,2114.00,11499.37,289.32,,0,69,39.00,-457,3997458,-1826838.31,4,fused
465836,000000465836.jpg,500x375,1,0.999904,1,1,TP,yolov8l_bsz4.ms,223.50,110.25,333.75,0.500,Mid (Meeting),3.62,28.52,347.23,2114.00,11499.37,289.32,,0,69,39.00,-457,3997458,-1826838.31,4,fused
261097,000000261097.jpg,333x500,1,0.999904,1,1,TP,yolov8l_bsz4.ms,225.00,100.75,325.75,0.500,Mid (Meeting),3.61,28.20,290.68,2172.00,11499.37,343.96,,0,69,39.00,-536,3995021,-2141331.26,4,fused
153669,000000153669.jpg,640x427,1,0.999904,1,1,TP,yolov8l_bsz4.ms,225.00,100.75,325.75,0.500,Mid (Meeting),3.61,28.20,290.68,2172.00,11499.37,343.96,,0,69,39.00,-536,3995021,-2141331.26,4,fused
180560,000000180560.jpg,640x426,1,0.999903,1,1,TP,yolov8l_bsz4.ms,225.00,100.75,325.75,0.500,Mid (Meeting),3.61,28.20,290.68,2172.00,11499.37,343.96,,0,69,39.00,-536,3995021,-2141331.26,4,fused
163562,000000163562.jpg,500x333,1,0.999902,1,1,TP,yolov8l_bsz4.ms,225.00,100.75,325.75,0.500,Mid (Meeting),3.61,28.20,290.68,2172.00,11499.37,343.96,,0,69,39.00,-536,3995021,-2141331.26,4,fused
468965,000000468965.jpg,640x480,1,0.999901,1,1,TP,yolov8l_bsz4.ms,225.00,107.75,332.75,0.500,Mid (Meeting),3.54,28.20,368.27,2093.00,11499.37,262.33,,0,69,39.00,-461,3997460,-1842829.06,4,fused
36539,000000036539.jpg,427x640,1,0.999901,1,1,TP,yolov8l_bsz4.ms,225.00,107.75,332.75,0.500,Mid (Meeting),3.54,28.20,368.27,2093.00,11499.37,262.33,,0,69,39.00,-461,3997460,-1842829.06,4,fused
384808,000000384808.jpg,375x500,1,0.999901,1,1,TP,yolov8l_bsz4.ms,225.00,107.75,332.75,0.500,Mid (Meeting),3.54,28.20,368.27,2093.00,11499.37,262.33,,0,69,39.00,-461,3997460,-1842829.06,4,fused
473406,000000473406.jpg,480x640,1,0.999900,1,1,TP,yolov8l_bsz4.ms,225.00,107.75,332.75,0.500,Mid (Meeting),3.54,28.20,368.27,2093.00,11499.37,262.33,,0,69,39.00,-461,3997460,-1842829.06,4,fused
138115,000000138115.jpg,448x621,1,0.999898,1,1,TP,yolov8l_bsz4.ms,230.00,111.75,341.75,0.500,Mid (Meeting),8.19,27.95,368.70,2092.00,11499.37,256.93,,0,69,39.00,-505,3995927,-2017943.14,4,fused
126137,000000126137.jpg,640x427,1,0.999898,1,1,TP,yolov8l_bsz4.ms,230.00,111.75,341.75,0.500,Mid (Meeting),8.19,27.95,368.70,2092.00,11499.37,256.93,,0,69,39.00,-505,3995927,-2017943.14,4,fused
137294,000000137294.jpg,640x427,1,0.999897,1,1,TP,yolov8l_bsz4.ms,230.00,111.75,341.75,0.500,Mid (Meeting),8.19,27.95,368.70,2092.00,11499.37,256.93,,0,69,39.00,-505,3995927,-2017943.14,4,fused
381639,000000381639.jpg,584x640,1,0.999895,1,1,TP,yolov8l_bsz4.ms,230.00,111.75,341.75,0.500,Mid (Meeting),8.19,27.95,368.70,2092.00,11499.37,256.93,,0,69,39.00,-505,3995927,-2017943.14,4,fused
303893,000000303893.jpg,640x427,1,0.999895,1,1,TP,yolov8l_bsz4.ms,224.75,116.00,340.75,0.500,Mid (Meeting),4.65,27.95,349.46,2111.00,11499.37,272.54,,0,69,39.00,-422,3998576,-1687399.07,4,fused
32901,000000032901.jpg,640x546,1,0.999894,1,1,TP,yolov8l_bsz4.ms,224.75,116.00,340.75,0.500,Mid (Meeting),4.65,27.95,349.46,2111.00,11499.37,272.54,,0,69,39.00,-422,3998576,-1687399.07,4,fused
145665,000000145665.jpg,429x640,1,0.999894,1,1,TP,yolov8l_bsz4.ms,224.75,116.00,340.75,0.500,Mid (Meeting),4.65,27.95,349.46,2111.00,11499.37,272.54,,0,69,39.00,-422,3998576,-1687399.07,4,fused
454067,000000454067.jpg,500x406,1,0.999893,1,1,TP,yolov8l_bsz4.ms,224.75,116.00,340.75,0.500,Mid (Meeting),4.65,27.95,349.46,2111.00,11499.37,272.54,,0,69,39.00,-422,3998576,-1687399.07,4,fused
460683,000000460683.jpg,478x640,1,0.999893,1,1,TP,yolov8l_bsz4.ms,225.75,103.00,328.75,0.500,Mid (Meeting),4.20,26.73,293.27,2166.00,11499.37,324.20,,0,69,39.00,-487,3996229,-1946163.52,4,fused
495732,000000495732.jpg,427x640,1,0.999893,1,1,TP,yolov8l_bsz4.ms,225.75,103.00,328.75,0.500,Mid (Meeting),4.20,26.73,293.27,2166.00,11499.37,324.20,,0,69,39.00,-487,3996229,-1946163.52,4,fused
565877,000000565877.jpg,427x640,1,0.999892,1,1,TP,yolov8l_bsz4.ms,225.75,103.00,328.75,0.500,Mid (Meeting),4.20,26.73,293.27,2166.00,11499.37,324.20,,0,69,39.00,-487,3996229,-1946163.52,4,fused
282037,000000282037.jpg,640x449,1,0.999890,1,1,TP,yolov8l_bsz4.ms,225.75,103.00,328.75,0.500,Mid (Meeting),4.20,26.73,293.27,2166.00,11499.37,324.20,,0,69,39.00,-487,3996229,-1946163.52,4,fused
270474,000000270474.jpg,500x375,1,0.999890,1,1,TP,yolov8l_bsz4.ms,224.75,118.25,343.00,0.500,Mid (Meeting),3.96,26.73,368.09,2092.00,11499.37,246.78,,0,68,39.00,-463,3997047,-1850632.76,4,fused
280918,000000280918.jpg,640x480,1,0.999889,1,1,TP,yolov8l_bsz4.ms,224.75,118.25,343.00,0.500,Mid (Meeting),3.96,26.73,368.09,2092.00,11499.37,246.78,,0,68,39.00,-463,3997047,-1850632.76,4,fused
262487,000000262487.jpg,640x480,1,0.999888,1,1,TP,yolov8l_bsz4.ms,224.75,118.25,343.00,0.500,Mid (Meeting),3.96,26.73,368.09,2092.00,11499.37,246.78,,0,68,39.00,-463,3997047,-1850632.76,4,fused
447611,000000447611.jpg,500x334,1,0.999888,1,1,TP,yolov8l_bsz4.ms,224.75,118.25,343.00,0.500,Mid (Meeting),3.96,26.73,368.09,2092.00,11499.37,246.78,,0,68,39.00,-463,3997047,-1850632.76,4,fused
347254,000000347254.jpg,375x500,1,0.999888,1,1,TP,yolov8l_bsz4.ms,228.75,103.50,332.25,0.500,Mid (Meeting),3.86,26.90,368.04,2090.00,11499.37,242.14,,0,68,39.00,-490,3996124,-1958100.76,4,fused
163057,000000163057.jpg,640x480,1,0.999886,1,1,TP,yolov8l_bsz4.ms,228.75,103.50,332.25,0.500,Mid (Meeting),3.86,26.90,368.04,2090.00,11499.37,242.14,,0,68,39.00,-490,3996124,-1958100.76,4,fused
15497,000000015497.jpg,640x480,1,0.999884,0,0,FP,yolov8l_bsz4.ms,228.75,103.50,332.25,0.500,Mid (Meeting),3.86,26.90,368.04,2090.00,11499.37,242.14,,0,68,39.00,-490,3996124,-1958100.76,4,fused
442456,000000442456.jpg,640x356,1,0.999883,1,1,TP,yolov8l_bsz4.ms,228.75,103.50,332.25,0.500,Mid (Meeting),3.86,26.90,368.04,2090.00,11499.37,242.14,,0,68,39.00,-490,3996124,-1958100.76,4,fused
94871,000000094871.jpg,480x640,1,0.999883,1,1,TP,yolov8l_bsz4.ms,224.50,108.00,332.50,0.500,Mid (Meeting),3.81,26.90,346.38,2112.00,11499.37,260.13,,0,68,39.00,-499,3995728,-1993868.27,4,fused
458045,000000458045.jpg,500x375,1,0.999882,1,1,TP,yolov8l_bsz4.ms,224.50,108.00,332.50,0.500,Mid (Meeting),3.81,26.90,346.38,2112.00,11499.37,260.13,,0,68,39.00,-499,3995728,-1993868.27,4,fused
13659,000000013659.jpg,640x480,1,0.999880,1,1,TP,yolov8l_bsz4.ms,224.50,108.00,332.50,0.500,Mid (Meeting),3.81,26.90,346.38,2112.00,11499.37,260.13,,0,68,39.00,-499,3995728,-1993868.27,4,fused
544444,000000544444.jpg,427x640,1,0.999879,1,1,TP,yolov8l_bsz4.ms,224.50,108.00,332.50,0.500,Mid (Meeting),3.81,26.90,346.38,2112.00,11499.37,260.13,,0,68,39.00,-499,3995728,-1993868.27,4,fused
287347,000000287347.jpg,478x640,1,0.999877,1,1,TP,yolov8l_bsz4.ms,227.00,112.00,339.00,0.500,Mid (Meeting),3.77,26.92,292.04,2166.00,11499.37,311.23,,0,68,39.00,-393,3999010,-1571610.93,4,fused
263425,000000263425.jpg,640x428,1,0.999875,1,1,TP,yolov8l_bsz4.ms,227.00,112.00,339.00,0.500,Mid (Meeting),3.77,26.92,292.04,2166.00,11499.37,311.23,,0,68,39.00,-393,3999010,-1571610.93,4,fused
133343,000000133343.jpg,295x480,1,0.999873,1,1,TP,yolov8l_bsz4.ms,227.00,112.00,339.00,0.500,Mid (Meeting),3.77,26.92,292.04,2166.00,11499.37,311.23,,0,68,39.00,-393,3999010,-1571610.93,4,fused
515025,000000515025.jpg,640x427,1,0.999872,1,1,TP,yolov8l_bsz4.ms,227.00,112.00,339.00,0.500,Mid (Meeting),3.77,26.92,292.04,2166.00,11499.37,311.23,,0,68,39.00,-393,3999010,-1571610.93,4,fused
501005,000000501005.jpg,640x396,1,0.999870,1,1,TP,yolov8l_bsz4.ms,224.50,102.00,326.50,0.500,Mid (Meeting),8.63,26.92,367.51,2090.00,11499.37,231.49,,0,68,39.00,-421,3998220,-1683250.62,4,fused
148739,000000148739.jpg,640x426,1,0.999870,1,1,TP,yolov8l_bsz4.ms,224.50,102.00,326.50,0.500,Mid (Meeting),8.63,26.92,367.51,2090.00,11499.37,231.49,,0,68,39.00,-421,3998220,-1683250.62,4,fused
302536,000000302536.jpg,500x375,1,0.999867,1,1,TP,yolov8l_bsz4.ms,224.50,102.00,326.50,0.500,Mid (Meeting),8.63,26.92,367.51,2090.00,11499.37,231.49,,0,68,39.00,-421,3998220,-1683250.62,4,fused
261318,000000261318.jpg,427x640,1,0.999866,1,1,TP,yolov8l_bsz4.ms,224.50,102.00,326.50,0.500,Mid (Meeting),8.63,26.92,367.51,2090.00,11499.37,231.49,,0,68,39.00,-421,3998220,-1683250.62,4,fused
120420,000000120420.jpg,640x480,1,0.999865,1,1,TP,yolov8l_bsz4.ms,227.75,110.75,338.50,0.500,Mid (Meeting),4.40,26.57,366.56,2091.00,11499.37,229.00,,0,68,39.00,-450,3997106,-1798697.70,4,fused
370486,000000370486.jpg,421x640,1,0.999865,1,1,TP,yolov8l_bsz4.ms,227.75,110.75,338.50,0.500,Mid (Meeting),4.40,26.57,366.56,2091.00,11499.37,229.00,,0,68,39.00,-450,3997106,-1798697.70,4,fused
172877,000000172877.jpg,640x480,1,0.999861,1,1,TP,yolov8l_bsz4.ms,227.75,110.75,338.50,0.500,Mid (Meeting),4.40,26.57,366.56,2091.00,11499.37,229.00,,0,68,39.00,-450,3997106,-1798697.70,4,fused
229601,000000229601.jpg,640x427,1,0.999860,1,1,TP,yolov8l_bsz4.ms,227.75,110.75,338.50,0.500,Mid (Meeting),4.40,26.57,366.56,2091.00,11499.37,229.00,,0,68,39.00,-450,3997106,-1798697.70,4,fused
575081,000000575081.jpg,640x427,1,0.999859,1,1,TP,yolov8l_bsz4.ms,224.00,96.75,320.75,0.500,Mid (Meeting),3.83,26.57,345.29,2078.00,11499.37,228.60,,0,68,39.00,-617,3991418,-2462704.91,4,fused
357978,000000357978.jpg,500x375,1,0.999858,1,1,TP,yolov8l_bsz4.ms,224.00,96.75,320.75,0.500,Mid (Meeting),3.83,26.57,345.29,2078.00,11499.37,228.60,,0,68,39.00,-617,3991418,-2462704.91,4,fused
336209,000000336209.jpg,640x432,1,0.999856,1,1,TP,yolov8l_bsz4.ms,224.00,96.75,320.75,0.500,Mid (Meeting),3.83,26.57,345.29,2078.00,11499.37,228.60,,0,68,39.00,-617,3991418,-2462704.91,4,fused
62692,000000062692.jpg,427x640,1,0.999852,1,1,TP,yolov8l_bsz4.ms,224.00,96.75,320.75,0.500,Mid (Meeting),3.83,26.57,345.29,2078.00,11499.37,228.60,,0,68,39.00,-617,3991418,-2462704.91,4,fused
569825,000000569825.jpg,338x500,1,0.999851,1,1,TP,yolov8l_bsz4.ms,225.50,103.50,329.00,0.500,Mid (Meeting),3.78,29.93,291.22,2147.00,11499.37,288.23,,0,68,39.00,-591,3992339,-2359472.35,4,fused
239717,000000239717.jpg,554x640,1,0.999848,1,1,TP,yolov8l_bsz4.ms,225.50,103.50,329.00,0.500,Mid (Meeting),3.78,29.93,291.22,2147.00,11499.37,288.23,,0,68,39.00,-591,3992339,-2359472.35,4,fused
64462,000000064462.jpg,500x378,1,0.999845,1,1,TP,yolov8l_bsz4.ms,225.50,103.50,329.00,0.500,Mid (Meeting),3.78,29.93,291.22,2147.00,11499.37,288.23,,0,68,39.00,-591,3992339,-2359472.35,4,fused
2473,000000002473.jpg,640x427,1,0.999843,1,1,TP,yolov8l_bsz4.ms,225.50,103.50,329.00,0.500,Mid (Meeting),3.78,29.93,291.22,2147.00,11499.37,288.23,,0,68,39.00,-591,3992339,-2359472.35,4,fused
176857,000000176857.jpg,500x375,1,0.999843,1,1,TP,yolov8l_bsz4.ms,227.00,86.25,313.25,0.500,Mid (Meeting),3.56,29.93,368.12,2093.00,11499.37,230.13,,0,68,39.00,-481,3995721,-1921941.80,4,fused
325347,000000325347.jpg,640x359,1,0.999841,1,1,TP,yolov8l_bsz4.ms,227.00,86.25,313.25,0.500,Mid (Meeting),3.56,29.93,368.12,2093.00,11499.37,230.13,,0,68,39.00,-481,3995721,-1921941.80,4,fused
515982,000000515982.jpg,640x426,1,0.999840,1,1,TP,yolov8l_bsz4.ms,227.00,86.25,313.25,0.500,Mid (Meeting),3.56,29.93,368.12,2093.00,11499.37,230.13,,0,68,39.00,-481,3995721,-1921941.80,4,fused
284698,000000284698.jpg,375x500,1,0.999839,1,1,TP,yolov8l_bsz4.ms,227.00,86.25,313.25,0.500,Mid (Meeting),3.56,29.93,368.12,2093.00,11499.37,230.13,,0,68,39.00,-481,3995721,-1921941.80,4,fused
388903,000000388903.jpg,500x332,1,0.999838,1,1,TP,yolov8l_bsz4.ms,230.00,95.75,325.75,0.500,Mid (Meeting),3.47,29.00,365.02,2106.00,11499.37,261.84,,0,68,39.00,-734,3987485,-2926813.99,4,fused
419974,000000419974.jpg,426x640,1,0.999834,1,1,TP,yolov8l_bsz4.ms,230.00,95.75,325.75,0.500,Mid (Meeting),3.47,29.00,365.02,2106.00,11499.37,261.84,,0,68,39.00,-734,3987485,-2926813.99,4,fused
560474,000000560474.jpg,640x480,1,0.999834,1,1,TP,yolov8l_bsz4.ms,230.00,95.75,325.75,0.500,Mid (Meeting),3.47,29.00,365.02,2106.00,11499.37,261.84,,0,68,39.00,-734,3987485,-2926813.99,4,fused
569976,000000569976.jpg,480x640,1,0.999833,1,1,TP,yolov8l_bsz4.ms,230.00,95.75,325.75,0.500,Mid (Meeting),3.47,29.00,365.02,2106.00,11499.37,261.84,,0,68,39.00,-734,3987485,-2926813.99,4,fused
228214,000000228214.jpg,429x640,1,0.999832,1,1,TP,yolov8l_bsz4.ms,230.00,90.50,320.50,0.500,Mid (Meeting),3.46,29.00,346.34,2124.00,11499.37,276.46,,0,68,39.00,-511,3994536,-2041207.90,4,fused
371042,000000371042.jpg,640x428,1,0.999831,1,1,TP,yolov8l_bsz4.ms,230.00,90.50,320.50,0.500,Mid (Meeting),3.46,29.00,346.34,2124.00,11499.37,276.46,,0,68,39.00,-511,3994536,-2041207.90,4,fused
450559,000000450559.jpg,427x640,1,0.999831,1,1,TP,yolov8l_bsz4.ms,230.00,90.50,320.50,0.500,Mid (Meeting),3.46,29.00,346.34,2124.00,11499.37,276.46,,0,68,39.00,-511,3994536,-2041207.90,4,fused
231508,000000231508.jpg,335x500,1,0.999829,1,1,TP,yolov8l_bsz4.ms,230.00,90.50,320.50,0.500,Mid (Meeting),3.46,29.00,346.34,2124.00,11499.37,276.46,,0,68,39.00,-511,3994536,-2041207.90,4,fused
258541,000000258541.jpg,336x448,1,0.999826,1,1,TP,yolov8l_bsz4.ms,230.25,96.50,326.75,0.500,Mid (Meeting),3.44,28.35,291.12,2178.00,11499.37,326.51,,0,68,39.00,-685,3988654,-2732227.99,4,fused
154425,000000154425.jpg,640x425,1,0.999825,1,1,TP,yolov8l_bsz4.ms,230.25,96.50,326.75,0.500,Mid (Meeting),3.44,28.35,291.12,2178.00,11499.37,326.51,,0,68,39.00,-685,3988654,-2732227.99,4,fused
396863,000000396863.jpg,640x426,1,0.999825,1,1,TP,yolov8l_bsz4.ms,230.25,96.50,326.75,0.500,Mid (Meeting),3.44,28.35,291.12,2178.00,11499.37,326.51,,0,68,39.00,-685,3988654,-2732227.99,4,fused
213830,000000213830.jpg,640x427,1,0.999822,1,1,TP,yolov8l_bsz4.ms,230.25,96.50,326.75,0.500,Mid (Meeting),3.44,28.35,291.12,2178.00,11499.37,326.51,,0,68,39.00,-685,3988654,-2732227.99,4,fused
194471,000000194471.jpg,334x500,1,0.999820,1,1,TP,yolov8l_bsz4.ms,224.00,85.00,309.00,0.500,Mid (Meeting),3.37,28.35,368.70,2100.00,11499.37,244.86,,0,68,39.00,-807,3984909,-3215821.56,4,fused
399764,000000399764.jpg,427x640,1,0.999819,1,1,TP,yolov8l_bsz4.ms,224.00,85.00,309.00,0.500,Mid (Meeting),3.37,28.35,368.70,2100.00,11499.37,244.86,,0,68,39.00,-807,3984909,-3215821.56,4,fused
130599,000000130599.jpg,640x480,1,0.999818,1,1,TP,yolov8l_bsz4.ms,224.00,85.00,309.00,0.500,Mid (Meeting),3.37,28.35,368.70,2100.00,11499.37,244.86,,0,68,39.00,-807,3984909,-3215821.56,4,fused
521819,000000521819.jpg,640x480,1,0.999818,1,1,TP,yolov8l_bsz4.ms,224.00,85.00,309.00,0.500,Mid (Meeting),3.37,28.35,368.70,2100.00,11499.37,244.86,,0,68,39.00,-807,3984909,-3215821.56,4,fused
437205,000000437205.jpg,383x640,1,0.999816,1,1,TP,yolov8l_bsz4.ms,226.00,91.50,317.50,0.500,Mid (Meeting),3.24,27.32,367.38,2101.00,11499.37,242.45,,0,68,39.00,-748,3986044,-2981560.91,4,fused
345397,000000345397.jpg,500x375,1,0.999815,1,1,TP,yolov8l_bsz4.ms,226.00,91.50,317.50,0.500,Mid (Meeting),3.24,27.32,367.38,2101.00,11499.37,242.45,,0,68,39.00,-748,3986044,-2981560.91,4,fused
398377,000000398377.jpg,500x375,1,0.999814,1,1,TP,yolov8l_bsz4.ms,226.00,91.50,317.50,0.500,Mid (Meeting),3.24,27.32,367.38,2101.00,11499.37,242.45,,0,68,39.00,-748,3986044,-2981560.91,4,fused
57672,000000057672.jpg,640x480,1,0.999812,1,1,TP,yolov8l_bsz4.ms,226.00,91.50,317.50,0.500,Mid (Meeting),3.24,27.32,367.38,2101.00,11499.37,242.45,,0,68,39.00,-748,3986044,-2981560.91,4,fused
210789,000000210789.jpg,369x520,1,0.999808,1,1,TP,yolov8l_bsz4.ms,224.25,95.75,320.00,0.500,Mid (Meeting),3.29,27.32,347.03,2122.00,11499.37,260.48,,0,68,39.00,-669,3988912,-2668582.13,4,fused
166478,000000166478.jpg,640x426,1,0.999806,1,1,TP,yolov8l_bsz4.ms,224.25,95.75,320.00,0.500,Mid (Meeting),3.29,27.32,347.03,2122.00,11499.37,260.48,,0,68,39.00,-669,3988912,-2668582.13,4,fused
270883,000000270883.jpg,640x393,1,0.999803,1,1,TP,yolov8l_bsz4.ms,224.25,95.75,320.00,0.500,Mid (Meeting),3.29,27.32,347.03,2122.00,11499.37,260.48,,0,68,39.00,-669,3988912,-2668582.13,4,fused
198928,000000198928.jpg,480x640,1,0.999799,1,1,TP,yolov8l_bsz4.ms,224.25,95.75,320.00,0.500,Mid (Meeting),3.29,27.32,347.03,2122.00,11499.37,260.48,,0,68,39.00,-669,3988912,-2668582.13,4,fused
447314,000000447314.jpg,640x458,1,0.999792,1,1,TP,yolov8l_bsz4.ms,225.25,102.50,327.75,0.500,Mid (Meeting),3.28,27.20,292.13,2176.00,11499.37,311.98,,0,68,40.00,-653,3988906,-2604755.62,4,fused
529148,000000529148.jpg,640x426,1,0.999790,1,1,TP,yolov8l_bsz4.ms,225.25,102.50,327.75,0.500,Mid (Meeting),3.28,27.20,292.13,2176.00,11499.37,311.98,,0,68,40.00,-653,3988906,-2604755.62,4,fused
127660,000000127660.jpg,640x513,1,0.999787,1,1,TP,yolov8l_bsz4.ms,225.25,102.50,327.75,0.500,Mid (Meeting),3.28,27.20,292.13,2176.00,11499.37,311.98,,0,68,40.00,-653,3988906,-2604755.62,4,fused
256192,000000256192.jpg,640x480,1,0.999786,1,1,TP,yolov8l_bsz4.ms,225.25,102.50,327.75,0.500,Mid (Meeting),3.28,27.20,292.13,2176.00,11499.37,311.98,,0,68,40.00,-653,3988906,-2604755.62,4,fused
157756,000000157756.jpg,480x640,1,0.999786,1,1,TP,yolov8l_bsz4.ms,229.00,98.00,327.00,0.500,Mid (Meeting),3.27,27.20,369.91,2098.00,11499.37,229.45,,0,68,40.00,-703,3987546,-2803244.84,4,fused
492282,000000492282.jpg,480x640,1,0.999785,1,1,TP,yolov8l_bsz4.ms,229.00,98.00,327.00,0.500,Mid (Meeting),3.27,27.20,369.91,2098.00,11499.37,229.45,,0,68,40.00,-703,3987546,-2803244.84,4,fused
427655,000000427655.jpg,427x640,1,0.999784,1,1,TP,yolov8l_bsz4.ms,229.00,98.00,327.00,0.500,Mid (Meeting),3.27,27.20,369.91,2098.00,11499.37,229.45,,0,68,40.00,-703,3987546,-2803244.84,4,fused
242724,000000242724.jpg,640x480,1,0.999781,1,1,TP,yolov8l_bsz4.ms,229.00,98.00,327.00,0.500,Mid (Meeting),3.27,27.20,369.91,2098.00,11499.37,229.45,,0,68,40.00,-703,3987546,-2803244.84,4,fused
193245,000000193245.jpg,500x375,1,0.999778,1,1,TP,yolov8l_bsz4.ms,226.50,99.00,325.50,0.500,Mid (Meeting),3.21,27.45,369.20,2097.00,11499.37,225.95,,0,68,40.00,-687,3987582,-2739468.83,4,fused
283785,000000283785.jpg,500x336,1,0.999777,1,1,TP,yolov8l_bsz4.ms,226.50,99.00,325.50,0.500,Mid (Meeting),3.21,27.45,369.20,2097.00,11499.37,225.95,,0,68,40.00,-687,3987582,-2739468.83,4,fused
495146,000000495146.jpg,640x480,1,0.999777,1,1,TP,yolov8l_bsz4.ms,226.50,99.00,325.50,0.500,Mid (Meeting),3.21,27.45,369.20,2097.00,11499.37,225.95,,0,68,40.00,-687,3987582,-2739468.83,4,fused
19432,000000019432.jpg,640x480,1,0.999772,1,1,TP,yolov8l_bsz4.ms,226.50,99.00,325.50,0.500,Mid (Meeting),3.21,27.45,369.20,2097.00,11499.37,225.95,,0,68,40.00,-687,3987582,-2739468.83,4,fused
50811,000000050811.jpg,640x605,1,0.999770,1,1,TP,yolov8l_bsz4.ms,227.00,101.50,328.50,0.500,Mid (Meeting),3.28,27.45,347.95,2117.00,11499.37,242.16,,0,68,40.00,-686,3987777,-2735615.02,4,fused
252776,000000252776.jpg,418x640,1,0.999768,1,1,TP,yolov8l_bsz4.ms,227.00,101.50,328.50,0.500,Mid (Meeting),3.28,27.45,347.95,2117.00,11499.37,242.16,,0,68,40.00,-686,3987777,-2735615.02,4,fused
395801,000000395801.jpg,640x480,1,0.999768,1,1,TP,yolov8l_bsz4.ms,227.00,101.50,328.50,0.500,Mid (Meeting),3.28,27.45,347.95,2117.00,11499.37,242.16,,0,68,40.00,-686,3987777,-2735615.02,4,fused
7977,000000007977.jpg,429x640,1,0.999768,1,1,TP,yolov8l_bsz4.ms,227.00,101.50,328.50,0.500,Mid (Meeting),3.28,27.45,347.95,2117.00,11499.37,242.16,,0,68,40.00,-686,3987777,-2735615.02,4,fused
288862,000000288862.jpg,427x640,1,0.999768,1,1,TP,yolov8l_bsz4.ms,223.50,72.75,296.25,0.500,Mid (Meeting),8.15,27.66,426.15,2038.00,11499.37,160.00,,0,68,40.00,-866,3982273,-3448648.42,4,fused
1490,000000001490.jpg,640x315,1,0.999766,1,1,TP,yolov8l_bsz4.ms,223.50,72.75,296.25,0.500,Mid (Meeting),8.15,27.66,426.15,2038.00,11499.37,160.00,,0,68,40.00,-866,3982273,-3448648.42,4,fused
459195,000000459195.jpg,500x375,1,0.999765,1,1,TP,yolov8l_bsz4.ms,223.50,72.75,296.25,0.500,Mid (Meeting),8.15,27.66,426.15,2038.00,11499.37,160.00,,0,68,40.00,-866,3982273,-3448648.42,4,fused
43816,000000043816.jpg,640x426,1,0.999760,1,1,TP,yolov8l_bsz4.ms,223.50,72.75,296.25,0.500,Mid (Meeting),8.15,27.66,426.15,2038.00,11499.37,160.00,,0,68,40.00,-866,3982273,-3448648.42,4,fused
533493,000000533493.jpg,500x281,1,0.999759,1,1,TP,yolov8l_bsz4.ms,225.75,93.50,319.25,0.500,Mid (Meeting),4.12,27.66,358.86,2132.00,11499.37,320.81,,0,68,40.00,-873,3981080,-3475482.84,4,fused
535306,000000535306.jpg,500x333,1,0.999757,1,1,TP,yolov8l_bsz4.ms,225.75,93.50,319.25,0.500,Mid (Meeting),4.12,27.66,358.86,2132.00,11499.37,320.81,,0,68,40.00,-873,3981080,-3475482.84,4,fused
383838,000000383838.jpg,640x588,1,0.999753,1,1,TP,yolov8l_bsz4.ms,225.75,93.50,319.25,0.500,Mid (Meeting),4.12,27.66,358.86,2132.00,11499.37,320.81,,0,68,40.00,-873,3981080,-3475482.84,4,fused
73702,000000073702.jpg,464x640,1,0.999749,1,1,TP,yolov8l_bsz4.ms,225.75,93.50,319.25,0.500,Mid (Meeting),4.12,27.66,358.86,2132.00,11499.37,320.81,,0,68,40.00,-873,3981080,-3475482.84,4,fused
461751,000000461751.jpg,640x569,1,0.999746,1,1,TP,yolov8l_bsz4.ms,229.00,100.25,329.25,0.500,Mid (Meeting),3.77,27.96,429.03,2062.00,11499.37,240.89,,0,68,40.00,-922,3979564,-3669158.01,4,fused
498747,000000498747.jpg,640x480,1,0.999746,1,1,TP,yolov8l_bsz4.ms,229.00,100.25,329.25,0.500,Mid (Meeting),3.77,27.96,429.03,2062.00,11499.37,240.89,,0,68,40.00,-922,3979564,-3669158.01,4,fused
537270,000000537270.jpg,640x480,1,0.999746,1,1,TP,yolov8l_bsz4.ms,229.00,100.25,329.25,0.500,Mid (Meeting),3.77,27.96,429.03,2062.00,11499.37,240.89,,0,68,40.00,-922,3979564,-3669158.01,4,fused
532690,000000532690.jpg,528x640,1,0.999742,1,1,TP,yolov8l_bsz4.ms,229.00,100.25,329.25,0.500,Mid (Meeting),3.77,27.96,429.03,2062.00,11499.37,240.89,,0,68,40.00,-922,3979564,-3669158.01,4,fused
49759,000000049759.jpg,640x457,1,0.999742,1,1,TP,yolov8l_bsz4.ms,223.75,91.50,315.25,0.500,Mid (Meeting),3.54,27.96,352.14,2138.00,11499.37,312.05,,0,68,40.00,-789,3983532,-3143006.75,4,fused
413689,000000413689.jpg,640x426,1,0.999740,1,1,TP,yolov8l_bsz4.ms,223.75,91.50,315.25,0.500,Mid (Meeting),3.54,27.96,352.14,2138.00,11499.37,312.05,,0,68,40.00,-789,3983532,-3143006.75,4,fused
177934,000000177934.jpg,640x480,1,0.999737,1,1,TP,yolov8l_bsz4.ms,223.75,91.50,315.25,0.500,Mid (Meeting),3.54,27.96,352.14,2138.00,11499.37,312.05,,0,68,40.00,-789,3983532,-3143006.75,4,fused
31296,000000031296.jpg,640x425,1,0.999733,1,1,TP,yolov8l_bsz4.ms,223.75,91.50,315.25,0.500,Mid (Meeting),3.54,27.96,352.14,2138.00,11499.37,312.05,,0,68,40.00,-789,3983532,-3143006.75,4,fused
572900,000000572900.jpg,640x480,1,0.999733,1,1,TP,yolov8l_bsz4.ms,227.50,171.50,399.00,0.500,Mid (Meeting),3.75,29.21,427.59,2058.00,11499.37,223.32,,0,68,39.00,-216,4001241,-864268.06,5,fused
451714,000000451714.jpg,480x640,1,0.999732,1,1,TP,yolov8l_bsz4.ms,227.50,171.50,399.00,0.500,Mid (Meeting),3.75,29.21,427.59,2058.00,11499.37,223.32,,0,68,39.00,-216,4001241,-864268.06,5,fused
451084,000000451084.jpg,426x640,1,0.999727,1,1,TP,yolov8l_bsz4.ms,227.50,171.50,399.00,0.500,Mid (Meeting),3.75,29.21,427.59,2058.00,11499.37,223.32,,0,68,39.00,-216,4001241,-864268.06,5,fused
18519,000000018519.jpg,515x640,1,0.999725,1,1,TP,yolov8l_bsz4.ms,227.50,171.50,399.00,0.500,Mid (Meeting),3.75,29.21,427.59,2058.00,11499.37,223.32,,0,68,39.00,-216,4001241,-864268.06,5,fused
122166,000000122166.jpg,640x480,1,0.999721,1,1,TP,yolov8l_bsz4.ms,226.25,169.50,395.75,0.500,Mid (Meeting),3.87,32.50,365.49,2116.00,11499.37,276.23,,0,68,39.00,-194,4002296,-776445.42,5,fused
458755,000000458755.jpg,640x480,1,0.999719,1,1,TP,yolov8l_bsz4.ms,226.25,169.50,395.75,0.500,Mid (Meeting),3.87,32.50,365.49,2116.00,11499.37,276.23,,0,68,39.00,-194,4002296,-776445.42,5,fused
551439,000000551439.jpg,427x640,1,0.999719,1,1,TP,yolov8l_bsz4.ms,226.25,169.50,395.75,0.500,Mid (Meeting),3.87,32.50,365.49,2116.00,11499.37,276.23,,0,68,39.00,-194,4002296,-776445.42,5,fused
576955,000000576955.jpg,640x427,1,0.999717,1,1,TP,yolov8l_bsz4.ms,226.25,169.50,395.75,0.500,Mid (Meeting),3.87,32.50,365.49,2116.00,11499.37,276.23,,0,68,39.00,-194,4002296,-776445.42,5,fused
297595,000000297595.jpg,640x427,1,0.999717,1,1,TP,yolov8l_bsz4.ms,227.50,167.25,394.75,0.500,Mid (Meeting),3.97,32.50,300.64,2183.00,11499.37,338.43,,0,68,39.00,-192,4002433,-768467.14,5,fused
199236,000000199236.jpg,640x424,1,0.999715,1,1,TP,yolov8l_bsz4.ms,227.50,167.25,394.75,0.500,Mid (Meeting),3.97,32.50,300.64,2183.00,11499.37,338.43,,0,68,39.00,-192,4002433,-768467.14,5,fused
173008,000000173008.jpg,640x480,1,0.999714,1,1,TP,yolov8l_bsz4.ms,227.50,167.25,394.75,0.500,Mid (Meeting),3.97,32.50,300.64,2183.00,11499.37,338.43,,0,68,39.00,-192,4002433,-768467.14,5,fused
492362,000000492362.jpg,427x640,1,0.999708,1,1,TP,yolov8l_bsz4.ms,227.50,167.25,394.75,0.500,Mid (Meeting),3.97,32.50,300.64,2183.00,11499.37,338.43,,0,68,39.00,-192,4002433,-768467.14,5,fused
506707,000000506707.jpg,640x427,1,0.999708,1,1,TP,yolov8l_bsz4.ms,227.50,182.75,410.25,0.500,Mid (Meeting),6.20,36.78,369.85,2118.00,11499.37,267.29,,0,68,39.00,-208,4002160,-832449.28,5,fused
142324,000000142324.jpg,640x480,1,0.999706,1,1,TP,yolov8l_bsz4.ms,227.50,182.75,410.25,0.500,Mid (Meeting),6.20,36.78,369.85,2118.00,11499.37,267.29,,0,68,39.00,-208,4002160,-832449.28,5,fused
404923,000000404923.jpg,640x480,1,0.999705,1,1,TP,yolov8l_bsz4.ms,227.50,182.75,410.25,0.500,Mid (Meeting),6.20,36.78,369.85,2118.00,11499.37,267.29,,0,68,39.00,-208,4002160,-832449.28,5,fused
270677,000000270677.jpg,634x640,1,0.999705,1,1,TP,yolov8l_bsz4.ms,227.50,182.75,410.25,0.500,Mid (Meeting),6.20,36.78,369.85,2118.00,11499.37,267.29,,0,68,39.00,-208,4002160,-832449.28,5,fused
579070,000000579070.jpg,640x427,1,0.999704,1,1,TP,yolov8l_bsz4.ms,227.75,165.25,393.00,0.500,Mid (Meeting),4.99,38.05,368.12,2117.00,11499.37,262.70,,0,68,39.00,-225,4001810,-900407.25,5,fused
361551,000000361551.jpg,480x640,1,0.999702,1,1,TP,yolov8l_bsz4.ms,227.75,165.25,393.00,0.500,Mid (Meeting),4.99,38.05,368.12,2117.00,11499.37,262.70,,0,68,39.00,-225,4001810,-900407.25,5,fused
491008,000000491008.jpg,640x427,1,0.999697,1,1,TP,yolov8l_bsz4.ms,227.75,165.25,393.00,0.500,Mid (Meeting),4.99,38.05,368.12,2117.00,11499.37,262.70,,0,68,39.00,-225,4001810,-900407.25,5,fused
389812,000000389812.jpg,640x480,1,0.999695,1,1,TP,yolov8l_bsz4.ms,227.75,165.25,393.00,0.500,Mid (Meeting),4.99,38.05,368.12,2117.00,11499.37,262.70,,0,68,39.00,-225,4001810,-900407.25,5,fused
137246,000000137246.jpg,500x333,1,0.999693,1,1,TP,yolov8l_bsz4.ms,232.75,157.00,389.75,0.500,Mid (Meeting),4.77,38.05,345.81,2138.00,11499.37,279.74,,0,68,39.00,-198,4002658,-792526.28,5,fused
277005,000000277005.jpg,640x426,1,0.999691,1,1,TP,yolov8l_bsz4.ms,232.75,157.00,389.75,0.500,Mid (Meeting),4.77,38.05,345.81,2138.00,11499.37,279.74,,0,68,39.00,-198,4002658,-792526.28,5,fused
244833,000000244833.jpg,640x428,1,0.999685,1,1,TP,yolov8l_bsz4.ms,232.75,157.00,389.75,0.500,Mid (Meeting),4.77,38.05,345.81,2138.00,11499.37,279.74,,0,68,39.00,-198,4002658,-792526.28,5,fused
489305,000000489305.jpg,305x229,1,0.999685,1,1,TP,yolov8l_bsz4.ms,232.75,157.00,389.75,0.500,Mid (Meeting),4.77,38.05,345.81,2138.00,11499.37,279.74,,0,68,39.00,-198,4002658,-792526.28,5,fused
350002,000000350002.jpg,427x640,1,0.999684,1,1,TP,yolov8l_bsz4.ms,228.00,171.25,399.25,0.500,Mid (Meeting),4.64,36.78,300.94,2188.00,11499.37,351.23,,0,68,40.00,-210,4002211,-840464.31,5,fused
872,000000000872.jpg,621x640,1,0.999684,1,1,TP,yolov8l_bsz4.ms,228.00,171.25,399.25,0.500,Mid (Meeting),4.64,36.78,300.94,2188.00,11499.37,351.23,,0,68,40.00,-210,4002211,-840464.31,5,fused
319184,000000319184.jpg,500x294,1,0.999681,1,1,TP,yolov8l_bsz4.ms,228.00,171.25,399.25,0.500,Mid (Meeting),4.64,36.78,300.94,2188.00,11499.37,351.23,,0,68,40.00,-210,4002211,-840464.31,5,fused
83172,000000083172.jpg,640x427,1,0.999670,1,1,TP,yolov8l_bsz4.ms,228.00,171.25,399.25,0.500,Mid (Meeting),4.64,36.78,300.94,2188.00,11499.37,351.23,,0,68,40.00,-210,4002211,-840464.31,5,fused
580197,000000580197.jpg,640x480,1,0.999665,1,1,TP,yolov8l_bsz4.ms,232.25,193.00,425.25,0.500,Mid (Meeting),4.58,35.52,369.01,2122.00,11499.37,279.94,,0,68,40.00,-132,4004715,-528622.38,5,fused
68387,000000068387.jpg,640x480,1,0.999663,1,1,TP,yolov8l_bsz4.ms,232.25,193.00,425.25,0.500,Mid (Meeting),4.58,35.52,369.01,2122.00,11499.37,279.94,,0,68,40.00,-132,4004715,-528622.38,5,fused
170474,000000170474.jpg,640x476,1,0.999663,1,1,TP,yolov8l_bsz4.ms,232.25,193.00,425.25,0.500,Mid (Meeting),4.58,35.52,369.01,2122.00,11499.37,279.94,,0,68,40.00,-132,4004715,-528622.38,5,fused
402720,000000402720.jpg,612x612,1,0.999654,1,1,TP,yolov8l_bsz4.ms,232.25,193.00,425.25,0.500,Mid (Meeting),4.58,35.52,369.01,2122.00,11499.37,279.94,,0,68,40.00,-132,4004715,-528622.38,5,fused
581317,000000581317.jpg,640x354,1,0.999645,1,1,TP,yolov8l_bsz4.ms,227.50,145.75,373.25,0.500,Mid (Meeting),4.48,35.52,366.32,2124.00,11499.37,276.44,,0,68,40.00,-179,4003345,-716598.76,5,fused
125572,000000125572.jpg,640x427,1,0.999644,1,1,TP,yolov8l_bsz4.ms,227.50,145.75,373.25,0.500,Mid (Meeting),4.48,35.52,366.32,2124.00,11499.37,276.44,,0,68,40.00,-179,4003345,-716598.76,5,fused
257624,000000257624.jpg,424x640,1,0.999643,1,1,TP,yolov8l_bsz4.ms,227.50,145.75,373.25,0.500,Mid (Meeting),4.48,35.52,366.32,2124.00,11499.37,276.44,,0,68,40.00,-179,4003345,-716598.76,5,fused
206135,000000206135.jpg,332x500,1,0.999642,0,0,FP,yolov8l_bsz4.ms,227.50,145.75,373.25,0.500,Mid (Meeting),4.48,35.52,366.32,2124.00,11499.37,276.44,,0,68,40.00,-179,4003345,-716598.76,5,fused
18770,000000018770.jpg,640x428,1,0.999639,1,1,TP,yolov8l_bsz4.ms,230.25,166.50,396.75,0.500,Mid (Meeting),6.98,34.57,345.22,2144.00,11499.37,292.31,,0,68,40.00,-116,4005544,-464643.10,5,fused
78748,000000078748.jpg,640x480,1,0.999634,1,1,TP,yolov8l_bsz4.ms,230.25,166.50,396.75,0.500,Mid (Meeting),6.98,34.57,345.22,2144.00,11499.37,292.31,,0,68,40.00,-116,4005544,-464643.10,5,fused
556158,000000556158.jpg,480x640,1,0.999631,1,1,TP,yolov8l_bsz4.ms,230.25,166.50,396.75,0.500,Mid (Meeting),6.98,34.57,345.22,2144.00,11499.37,292.31,,0,68,40.00,-116,4005544,-464643.10,5,fused
463174,000000463174.jpg,640x427,1,0.999621,1,1,TP,yolov8l_bsz4.ms,230.25,166.50,396.75,0.500,Mid (Meeting),6.98,34.57,345.22,2144.00,11499.37,292.31,,0,68,40.00,-116,4005544,-464643.10,5,fused
89078,000000089078.jpg,479x640,1,0.999617,1,1,TP,yolov8l_bsz4.ms,227.00,147.50,374.50,0.500,Mid (Meeting),5.19,33.07,291.28,2198.00,11499.37,341.96,,0,68,40.00,-170,4003721,-680632.57,5,fused
38118,000000038118.jpg,640x427,1,0.999615,1,1,TP,yolov8l_bsz4.ms,227.00,147.50,374.50,0.500,Mid (Meeting),5.19,33.07,291.28,2198.00,11499.37,341.96,,0,68,40.00,-170,4003721,-680632.57,5,fused
65798,000000065798.jpg,640x480,1,0.999609,1,1,TP,yolov8l_bsz4.ms,227.00,147.50,374.50,0.500,Mid (Meeting),5.19,33.07,291.28,2198.00,11499.37,341.96,,0,68,40.00,-170,4003721,-680632.57,5,fused
42102,000000042102.jpg,246x640,1,0.999605,1,1,TP,yolov8l_bsz4.ms,227.00,147.50,374.50,0.500,Mid (Meeting),5.19,33.07,291.28,2198.00,11499.37,341.96,,0,68,40.00,-170,4003721,-680632.57,5,fused
450686,000000450686.jpg,511x640,1,0.999600,1,1,TP,yolov8l_bsz4.ms,229.00,175.00,404.00,0.500,Mid (Meeting),4.79,33.07,368.04,2120.00,11499.37,260.38,,0,68,40.00,-149,4004326,-596644.57,5,fused
569030,000000569030.jpg,500x375,1,0.999593,1,1,TP,yolov8l_bsz4.ms,229.00,175.00,404.00,0.500,Mid (Meeting),4.79,33.07,368.04,2120.00,11499.37,260.38,,0,68,40.00,-149,4004326,-596644.57,5,fused
311392,000000311392.jpg,640x427,1,0.999584,1,1,TP,yolov8l_bsz4.ms,229.00,175.00,404.00,0.500,Mid (Meeting),4.79,33.07,368.04,2120.00,11499.37,260.38,,0,68,40.00,-149,4004326,-596644.57,5,fused
256775,000000256775.jpg,640x480,1,0.999573,1,1,TP,yolov8l_bsz4.ms,229.00,175.00,404.00,0.500,Mid (Meeting),4.79,33.07,368.04,2120.00,11499.37,260.38,,0,68,40.00,-149,4004326,-596644.57,5,fused
350019,000000350019.jpg,426x640,1,0.999571,1,1,TP,yolov8l_bsz4.ms,231.75,156.50,388.25,0.500,Mid (Meeting),4.66,32.01,365.40,2121.00,11499.37,258.27,,0,68,40.00,-145,4004644,-580673.38,5,fused
132703,000000132703.jpg,426x640,1,0.999570,1,1,TP,yolov8l_bsz4.ms,231.75,156.50,388.25,0.500,Mid (Meeting),4.66,32.01,365.40,2121.00,11499.37,258.27,,0,68,40.00,-145,4004644,-580673.38,5,fused
61960,000000061960.jpg,640x371,1,0.999568,1,1,TP,yolov8l_bsz4.ms,231.75,156.50,388.25,0.500,Mid (Meeting),4.66,32.01,365.40,2121.00,11499.37,258.27,,0,68,40.00,-145,4004644,-580673.38,5,fused
72795,000000072795.jpg,640x480,1,0.999554,1,1,TP,yolov8l_bsz4.ms,231.75,156.50,388.25,0.500,Mid (Meeting),4.66,32.01,365.40,2121.00,11499.37,258.27,,0,68,40.00,-145,4004644,-580673.38,5,fused
471756,000000471756.jpg,640x427,1,0.999553,1,1,TP,yolov8l_bsz4.ms,230.00,168.25,398.25,0.500,Mid (Meeting),4.56,32.92,345.61,2140.00,11499.37,272.55,,0,68,40.00,-175,4003580,-700626.50,5,fused
190637,000000190637.jpg,428x640,1,0.999552,1,1,TP,yolov8l_bsz4.ms,230.00,168.25,398.25,0.500,Mid (Meeting),4.56,32.92,345.61,2140.00,11499.37,272.55,,0,68,40.00,-175,4003580,-700626.50,5,fused
354547,000000354547.jpg,427x640,1,0.999552,1,1,TP,yolov8l_bsz4.ms,230.00,168.25,398.25,0.500,Mid (Meeting),4.56,32.92,345.61,2140.00,11499.37,272.55,,0,68,40.00,-175,4003580,-700626.50,5,fused
61747,000000061747.jpg,640x574,1,0.999546,1,1,TP,yolov8l_bsz4.ms,230.00,168.25,398.25,0.500,Mid (Meeting),4.56,32.92,345.61,2140.00,11499.37,272.55,,0,68,40.00,-175,4003580,-700626.50,5,fused
248752,000000248752.jpg,500x375,1,0.999544,1,1,TP,yolov8l_bsz4.ms,231.75,195.75,427.50,0.500,Mid (Meeting),4.60,32.92,289.94,2194.00,11499.37,322.53,,0,68,40.00,-207,4002532,-828524.12,5,fused
297084,000000297084.jpg,612x612,1,0.999544,1,1,TP,yolov8l_bsz4.ms,231.75,195.75,427.50,0.500,Mid (Meeting),4.60,32.92,289.94,2194.00,11499.37,322.53,,0,68,40.00,-207,4002532,-828524.12,5,fused
346703,000000346703.jpg,550x640,1,0.999543,1,1,TP,yolov8l_bsz4.ms,231.75,195.75,427.50,0.500,Mid (Meeting),4.60,32.92,289.94,2194.00,11499.37,322.53,,0,68,40.00,-207,4002532,-828524.12,5,fused
326542,000000326542.jpg,640x480,1,0.999539,1,1,TP,yolov8l_bsz4.ms,231.75,195.75,427.50,0.500,Mid (Meeting),4.60,32.92,289.94,2194.00,11499.37,322.53,,0,68,40.00,-207,4002532,-828524.12,5,fused
218997,000000218997.jpg,640x622,1,0.999539,1,1,TP,yolov8l_bsz4.ms,228.50,170.75,399.25,0.500,Mid (Meeting),8.15,33.89,368.06,2114.00,11499.37,237.95,,0,68,40.00,-182,4003163,-728575.67,5,fused
239773,000000239773.jpg,500x344,1,0.999537,1,1,TP,yolov8l_bsz4.ms,228.50,170.75,399.25,0.500,Mid (Meeting),8.15,33.89,368.06,2114.00,11499.37,237.95,,0,68,40.00,-182,4003163,-728575.67,5,fused
436617,000000436617.jpg,640x425,1,0.999536,1,1,TP,yolov8l_bsz4.ms,228.50,170.75,399.25,0.500,Mid (Meeting),8.15,33.89,368.06,2114.00,11499.37,237.95,,0,68,40.00,-182,4003163,-728575.67,5,fused
226417,000000226417.jpg,500x333,1,0.999531,1,1,TP,yolov8l_bsz4.ms,228.50,170.75,399.25,0.500,Mid (Meeting),8.15,33.89,368.06,2114.00,11499.37,237.95,,0,68,40.00,-182,4003163,-728575.67,5,fused
38829,000000038829.jpg,640x427,1,0.999518,1,1,TP,yolov8l_bsz4.ms,228.00,123.00,351.00,0.500,Mid (Meeting),5.40,37.98,368.61,2111.00,11499.37,231.33,,0,68,40.00,-745,3985523,-2969214.63,5,fused
303566,000000303566.jpg,640x426,1,0.999518,1,1,TP,yolov8l_bsz4.ms,228.00,123.00,351.00,0.500,Mid (Meeting),5.40,37.98,368.61,2111.00,11499.37,231.33,,0,68,40.00,-745,3985523,-2969214.63,5,fused
206838,000000206838.jpg,640x480,1,0.999511,1,1,TP,yolov8l_bsz4.ms,228.00,123.00,351.00,0.500,Mid (Meeting),5.40,37.98,368.61,2111.00,11499.37,231.33,,0,68,40.00,-745,3985523,-2969214.63,5,fused
319721,000000319721.jpg,480x640,1,0.999509,1,1,TP,yolov8l_bsz4.ms,228.00,123.00,351.00,0.500,Mid (Meeting),5.40,37.98,368.61,2111.00,11499.37,231.33,,0,68,40.00,-745,3985523,-2969214.63,5,fused
507223,000000507223.jpg,480x640,1,0.999506,1,1,TP,yolov8l_bsz4.ms,227.75,159.75,387.50,0.500,Mid (Meeting),4.94,37.98,345.88,2132.00,11499.37,247.93,,0,68,40.00,-159,4003689,-636586.55,5,fused
440171,000000440171.jpg,411x640,1,0.999504,1,1,TP,yolov8l_bsz4.ms,227.75,159.75,387.50,0.500,Mid (Meeting),4.94,37.98,345.88,2132.00,11499.37,247.93,,0,68,40.00,-159,4003689,-636586.55,5,fused
146831,000000146831.jpg,640x428,1,0.999503,1,1,TP,yolov8l_bsz4.ms,227.75,159.75,387.50,0.500,Mid (Meeting),4.94,37.98,345.88,2132.00,11499.37,247.93,,0,68,40.00,-159,4003689,-636586.55,5,fused
108026,000000108026.jpg,640x428,1,0.999502,1,1,TP,yolov8l_bsz4.ms,227.75,159.75,387.50,0.500,Mid (Meeting),4.94,37.98,345.88,2132.00,11499.37,247.93,,0,68,40.00,-159,4003689,-636586.55,5,fused
180487,000000180487.jpg,640x427,1,0.999497,1,1,TP,yolov8l_bsz4.ms,230.50,164.25,394.75,0.500,Mid (Meeting),4.80,36.46,291.39,2185.00,11499.37,297.67,,0,68,40.00,-220,4001620,-880356.40,5,fused
245448,000000245448.jpg,640x480,1,0.999497,1,1,TP,yolov8l_bsz4.ms,230.50,164.25,394.75,0.500,Mid (Meeting),4.80,36.46,291.39,2185.00,11499.37,297.67,,0,68,40.00,-220,4001620,-880356.40,5,fused
257370,000000257370.jpg,640x480,1,0.999494,1,1,TP,yolov8l_bsz4.ms,230.50,164.25,394.75,0.500,Mid (Meeting),4.80,36.46,291.39,2185.00,11499.37,297.67,,0,68,40.00,-220,4001620,-880356.40,5,fused
93717,000000093717.jpg,640x427,1,0.999487,1,1,TP,yolov8l_bsz4.ms,230.50,164.25,394.75,0.500,Mid (Meeting),4.80,36.46,291.39,2185.00,11499.37,297.67,,0,68,40.00,-220,4001620,-880356.40,5,fused
223955,000000223955.jpg,500x333,1,0.999484,1,1,TP,yolov8l_bsz4.ms,228.00,164.00,392.00,0.500,Mid (Meeting),4.62,37.22,368.70,2113.00,11499.37,221.69,,0,68,40.00,-208,4001967,-832409.14,5,fused
396200,000000396200.jpg,640x427,1,0.999484,1,1,TP,yolov8l_bsz4.ms,228.00,164.00,392.00,0.500,Mid (Meeting),4.62,37.22,368.70,2113.00,11499.37,221.69,,0,68,40.00,-208,4001967,-832409.14,5,fused
123633,000000123633.jpg,640x480,1,0.999477,1,1,TP,yolov8l_bsz4.ms,228.00,164.00,392.00,0.500,Mid (Meeting),4.62,37.22,368.70,2113.00,11499.37,221.69,,0,68,40.00,-208,4001967,-832409.14,5,fused
99024,000000099024.jpg,640x482,1,0.999471,1,1,TP,yolov8l_bsz4.ms,228.00,164.00,392.00,0.500,Mid (Meeting),4.62,37.22,368.70,2113.00,11499.37,221.69,,0,68,40.00,-208,4001967,-832409.14,5,fused
283268,000000283268.jpg,640x427,1,0.999467,1,1,TP,yolov8l_bsz4.ms,230.00,171.50,401.50,0.500,Mid (Meeting),4.57,37.22,366.85,2117.00,11499.37,247.75,,0,68,40.00,-220,4001498,-880329.56,5,fused
459662,000000459662.jpg,640x480,1,0.999467,1,1,TP,yolov8l_bsz4.ms,230.00,171.50,401.50,0.500,Mid (Meeting),4.57,37.22,366.85,2117.00,11499.37,247.75,,0,68,40.00,-220,4001498,-880329.56,5,fused
58705,000000058705.jpg,640x482,1,0.999463,1,1,TP,yolov8l_bsz4.ms,230.00,171.50,401.50,0.500,Mid (Meeting),4.57,37.22,366.85,2117.00,11499.37,247.75,,0,68,40.00,-220,4001498,-880329.56,5,fused
577932,000000577932.jpg,640x543,1,0.999462,1,1,TP,yolov8l_bsz4.ms,230.00,171.50,401.50,0.500,Mid (Meeting),4.57,37.22,366.85,2117.00,11499.37,247.75,,0,68,40.00,-220,4001498,-880329.56,5,fused
372577,000000372577.jpg,480x640,1,0.999461,1,1,TP,yolov8l_bsz4.ms,229.50,163.75,393.25,0.500,Mid (Meeting),9.15,36.42,345.75,2140.00,11499.37,264.84,,0,68,40.00,-257,4000446,-1028114.62,5,fused
428218,000000428218.jpg,640x480,1,0.999459,1,1,TP,yolov8l_bsz4.ms,229.50,163.75,393.25,0.500,Mid (Meeting),9.15,36.42,345.75,2140.00,11499.37,264.84,,0,68,40.00,-257,4000446,-1028114.62,5,fused
313454,000000313454.jpg,640x388,1,0.999449,1,1,TP,yolov8l_bsz4.ms,229.50,163.75,393.25,0.500,Mid (Meeting),9.15,36.42,345.75,2140.00,11499.37,264.84,,0,68,40.00,-257,4000446,-1028114.62,5,fused
325838,000000325838.jpg,640x480,1,0.999440,1,1,TP,yolov8l_bsz4.ms,229.50,163.75,393.25,0.500,Mid (Meeting),9.15,36.42,345.75,2140.00,11499.37,264.84,,0,68,40.00,-257,4000446,-1028114.62,5,fused
376112,000000376112.jpg,426x640,1,0.999438,1,1,TP,yolov8l_bsz4.ms,227.25,165.25,392.50,0.500,Mid (Meeting),5.04,36.99,290.28,2177.00,11499.37,297.37,,0,68,40.00,-201,4002099,-804421.90,5,fused
239857,000000239857.jpg,500x333,1,0.999430,1,1,TP,yolov8l_bsz4.ms,227.25,165.25,392.50,0.500,Mid (Meeting),5.04,36.99,290.28,2177.00,11499.37,297.37,,0,68,40.00,-201,4002099,-804421.90,5,fused
444142,000000444142.jpg,427x640,1,0.999416,1,1,TP,yolov8l_bsz4.ms,227.25,165.25,392.50,0.500,Mid (Meeting),5.04,36.99,290.28,2177.00,11499.37,297.37,,0,68,40.00,-201,4002099,-804421.90,5,fused
554579,000000554579.jpg,494x640,1,0.999414,1,1,TP,yolov8l_bsz4.ms,227.25,165.25,392.50,0.500,Mid (Meeting),5.04,36.99,290.28,2177.00,11499.37,297.37,,0,68,40.00,-201,4002099,-804421.90,5,fused
376322,000000376322.jpg,478x640,1,0.999406,1,1,TP,yolov8l_bsz4.ms,227.25,152.75,380.00,0.500,Mid (Meeting),4.59,36.99,367.93,2095.00,11499.37,209.55,,0,68,40.00,-148,4003717,-592550.12,5,fused
502737,000000502737.jpg,480x640,1,0.999405,1,1,TP,yolov8l_bsz4.ms,227.25,152.75,380.00,0.500,Mid (Meeting),4.59,36.99,367.93,2095.00,11499.37,209.55,,0,68,40.00,-148,4003717,-592550.12,5,fused
509014,000000509014.jpg,640x281,1,0.999398,1,1,TP,yolov8l_bsz4.ms,227.25,152.75,380.00,0.500,Mid (Meeting),4.59,36.99,367.93,2095.00,11499.37,209.55,,0,68,40.00,-148,4003717,-592550.12,5,fused
319369,000000319369.jpg,640x432,1,0.999390,1,1,TP,yolov8l_bsz4.ms,227.25,152.75,380.00,0.500,Mid (Meeting),4.59,36.99,367.93,2095.00,11499.37,209.55,,0,68,40.00,-148,4003717,-592550.12,5,fused
127394,000000127394.jpg,409x640,1,0.999376,1,1,TP,yolov8l_bsz4.ms,229.25,161.75,391.00,0.500,Mid (Meeting),4.47,34.50,367.31,2116.00,11499.37,227.76,,0,68,40.00,-185,4002557,-740473.05,5,fused
190923,000000190923.jpg,375x500,1,0.999374,1,1,TP,yolov8l_bsz4.ms,229.25,161.75,391.00,0.500,Mid (Meeting),4.47,34.50,367.31,2116.00,11499.37,227.76,,0,68,40.00,-185,4002557,-740473.05,5,fused
261732,000000261732.jpg,640x438,1,0.999371,1,1,TP,yolov8l_bsz4.ms,229.25,161.75,391.00,0.500,Mid (Meeting),4.47,34.50,367.31,2116.00,11499.37,227.76,,0,68,40.00,-185,4002557,-740473.05,5,fused
187362,000000187362.jpg,640x425,1,0.999361,1,1,TP,yolov8l_bsz4.ms,229.25,161.75,391.00,0.500,Mid (Meeting),4.47,34.50,367.31,2116.00,11499.37,227.76,,0,68,40.00,-185,4002557,-740473.05,5,fused
280710,000000280710.jpg,640x480,1,0.999357,1,1,TP,yolov8l_bsz4.ms,229.25,168.25,397.50,0.500,Mid (Meeting),4.48,34.96,345.62,2137.00,11499.37,244.03,,0,68,40.00,-200,4002099,-800419.80,5,fused
341921,000000341921.jpg,640x478,1,0.999357,1,1,TP,yolov8l_bsz4.ms,229.25,168.25,397.50,0.500,Mid (Meeting),4.48,34.96,345.62,2137.00,11499.37,244.03,,0,68,40.00,-200,4002099,-800419.80,5,fused
39951,000000039951.jpg,640x445,1,0.999349,1,1,TP,yolov8l_bsz4.ms,229.25,168.25,397.50,0.500,Mid (Meeting),4.48,34.96,345.62,2137.00,11499.37,244.03,,0,68,40.00,-200,4002099,-800419.80,5,fused
172946,000000172946.jpg,427x640,1,0.999339,1,1,TP,yolov8l_bsz4.ms,229.25,168.25,397.50,0.500,Mid (Meeting),4.48,34.96,345.62,2137.00,11499.37,244.03,,0,68,40.00,-200,4002099,-800419.80,5,fused
214753,000000214753.jpg,640x424,1,0.999337,1,1,TP,yolov8l_bsz4.ms,228.50,175.75,404.25,0.500,Mid (Meeting),4.49,34.96,291.37,2190.00,11499.37,293.27,,0,68,40.00,-232,4000971,-928225.27,5,fused
9448,000000009448.jpg,551x640,1,0.999321,1,1,TP,yolov8l_bsz4.ms,228.50,175.75,404.25,0.500,Mid (Meeting),4.49,34.96,291.37,2190.00,11499.37,293.27,,0,68,40.00,-232,4000971,-928225.27,5,fused
7088,000000007088.jpg,478x640,1,0.999319,1,1,TP,yolov8l_bsz4.ms,228.50,175.75,404.25,0.500,Mid (Meeting),4.49,34.96,291.37,2190.00,11499.37,293.27,,0,68,40.00,-232,4000971,-928225.27,5,fused
479248,000000479248.jpg,640x480,1,0.999319,1,1,TP,yolov8l_bsz4.ms,228.50,175.75,404.25,0.500,Mid (Meeting),4.49,34.96,291.37,2190.00,11499.37,293.27,,0,68,40.00,-232,4000971,-928225.27,5,fused
297562,000000297562.jpg,640x480,1,0.999311,1,1,TP,yolov8l_bsz4.ms,223.50,171.50,395.00,0.500,Mid (Meeting),9.31,35.13,370.20,2110.00,11499.37,209.47,,0,68,40.00,-202,4001717,-808346.83,5,fused
547886,000000547886.jpg,640x427,1,0.999309,1,1,TP,yolov8l_bsz4.ms,223.50,171.50,395.00,0.500,Mid (Meeting),9.31,35.13,370.20,2110.00,11499.37,209.47,,0,68,40.00,-202,4001717,-808346.83,5,fused
32887,000000032887.jpg,640x480,1,0.999304,1,1,TP,yolov8l_bsz4.ms,223.50,171.50,395.00,0.500,Mid (Meeting),9.31,35.13,370.20,2110.00,11499.37,209.47,,0,68,40.00,-202,4001717,-808346.83,5,fused
394206,000000394206.jpg,640x480,1,0.999301,1,1,TP,yolov8l_bsz4.ms,223.50,171.50,395.00,0.500,Mid (Meeting),9.31,35.13,370.20,2110.00,11499.37,209.47,,0,68,40.00,-202,4001717,-808346.83,5,fused
301135,000000301135.jpg,428x640,1,0.999296,1,1,TP,yolov8l_bsz4.ms,230.25,159.75,390.00,0.500,Mid (Meeting),4.29,38.03,366.80,2112.00,11499.37,206.84,,0,68,40.00,-232,4000822,-928190.70,5,fused
260261,000000260261.jpg,426x640,1,0.999284,1,1,TP,yolov8l_bsz4.ms,230.25,159.75,390.00,0.500,Mid (Meeting),4.29,38.03,366.80,2112.00,11499.37,206.84,,0,68,40.00,-232,4000822,-928190.70,5,fused
148662,000000148662.jpg,640x480,1,0.999272,1,1,TP,yolov8l_bsz4.ms,230.25,159.75,390.00,0.500,Mid (Meeting),4.29,38.03,366.80,2112.00,11499.37,206.84,,0,68,40.00,-232,4000822,-928190.70,5,fused
46497,000000046497.jpg,500x332,1,0.999269,1,1,TP,yolov8l_bsz4.ms,230.25,159.75,390.00,0.500,Mid (Meeting),4.29,38.03,366.80,2112.00,11499.37,206.84,,0,68,40.00,-232,4000822,-928190.70,5,fused
166165,000000166165.jpg,561x640,1,0.999268,1,1,TP,yolov8l_bsz4.ms,229.00,176.50,405.50,0.500,Mid (Meeting),4.43,38.03,345.92,2133.00,11499.37,224.02,,0,68,40.00,-211,4001381,-844291.39,5,fused
334399,000000334399.jpg,640x480,1,0.999267,1,1,TP,yolov8l_bsz4.ms,229.00,176.50,405.50,0.500,Mid (Meeting),4.43,38.03,345.92,2133.00,11499.37,224.02,,0,68,40.00,-211,4001381,-844291.39,5,fused
140556,000000140556.jpg,640x457,1,0.999266,1,1,TP,yolov8l_bsz4.ms,229.00,176.50,405.50,0.500,Mid (Meeting),4.43,38.03,345.92,2133.00,11499.37,224.02,,0,68,40.00,-211,4001381,-844291.39,5,fused
64868,000000064868.jpg,500x375,1,0.999253,1,1,TP,yolov8l_bsz4.ms,229.00,176.50,405.50,0.500,Mid (Meeting),4.43,38.03,345.92,2133.00,11499.37,224.02,,0,68,40.00,-211,4001381,-844291.39,5,fused
536038,000000536038.jpg,358x640,1,0.999251,1,1,TP,yolov8l_bsz4.ms,228.25,158.25,386.50,0.500,Mid (Meeting),4.47,36.72,297.17,2184.00,11499.37,271.50,,0,68,40.00,-209,4001357,-836283.61,5,fused
352582,000000352582.jpg,425x640,1,0.999248,1,1,TP,yolov8l_bsz4.ms,228.25,158.25,386.50,0.500,Mid (Meeting),4.47,36.72,297.17,2184.00,11499.37,271.50,,0,68,40.00,-209,4001357,-836283.61,5,fused
223188,000000223188.jpg,427x640,1,0.999238,1,1,TP,yolov8l_bsz4.ms,228.25,158.25,386.50,0.500,Mid (Meeting),4.47,36.72,297.17,2184.00,11499.37,271.50,,0,68,40.00,-209,4001357,-836283.61,5,fused
326970,000000326970.jpg,640x480,1,0.999220,1,1,TP,yolov8l_bsz4.ms,228.25,158.25,386.50,0.500,Mid (Meeting),4.47,36.72,297.17,2184.00,11499.37,271.50,,0,68,40.00,-209,4001357,-836283.61,5,fused
182021,000000182021.jpg,640x360,1,0.999213,1,1,TP,yolov8l_bsz4.ms,227.25,150.00,377.25,0.500,Mid (Meeting),4.30,36.97,367.75,2111.00,11499.37,194.59,,0,68,40.00,-168,4002680,-672450.24,5,fused
151629,000000151629.jpg,427x640,1,0.999209,1,1,TP,yolov8l_bsz4.ms,227.25,150.00,377.25,0.500,Mid (Meeting),4.30,36.97,367.75,2111.00,11499.37,194.59,,0,68,40.00,-168,4002680,-672450.24,5,fused
409198,000000409198.jpg,640x427,1,0.999207,1,1,TP,yolov8l_bsz4.ms,227.25,150.00,377.25,0.500,Mid (Meeting),4.30,36.97,367.75,2111.00,11499.37,194.59,,0,68,40.00,-168,4002680,-672450.24,5,fused
7281,000000007281.jpg,640x361,1,0.999207,1,1,TP,yolov8l_bsz4.ms,227.25,150.00,377.25,0.500,Mid (Meeting),4.30,36.97,367.75,2111.00,11499.37,194.59,,0,68,40.00,-168,4002680,-672450.24,5,fused
211825,000000211825.jpg,640x480,1,0.999205,1,1,TP,yolov8l_bsz4.ms,232.00,177.00,409.00,0.500,Mid (Meeting),4.35,36.97,364.87,2133.00,11499.37,233.51,,0,68,40.00,-211,4001186,-844250.25,5,fused
36936,000000036936.jpg,640x404,1,0.999201,1,1,TP,yolov8l_bsz4.ms,232.00,177.00,409.00,0.500,Mid (Meeting),4.35,36.97,364.87,2133.00,11499.37,233.51,,0,68,40.00,-211,4001186,-844250.25,5,fused
205105,000000205105.jpg,640x428,1,0.999193,1,1,TP,yolov8l_bsz4.ms,232.00,177.00,409.00,0.500,Mid (Meeting),4.35,36.97,364.87,2133.00,11499.37,233.51,,0,68,40.00,-211,4001186,-844250.25,5,fused
169076,000000169076.jpg,612x612,1,0.999192,1,1,TP,yolov8l_bsz4.ms,232.00,177.00,409.00,0.500,Mid (Meeting),4.35,36.97,364.87,2133.00,11499.37,233.51,,0,68,40.00,-211,4001186,-844250.25,5,fused
1268,000000001268.jpg,640x427,1,0.999183,1,1,TP,yolov8l_bsz4.ms,229.25,165.25,394.50,0.500,Mid (Meeting),4.32,37.01,346.04,2150.00,11499.37,247.09,,0,68,40.00,-340,3996655,-1358862.70,5,fused
281687,000000281687.jpg,500x375,1,0.999167,1,1,TP,yolov8l_bsz4.ms,229.25,165.25,394.50,0.500,Mid (Meeting),4.32,37.01,346.04,2150.00,11499.37,247.09,,0,68,40.00,-340,3996655,-1358862.70,5,fused
12120,000000012120.jpg,640x428,1,0.999166,1,1,TP,yolov8l_bsz4.ms,229.25,165.25,394.50,0.500,Mid (Meeting),4.32,37.01,346.04,2150.00,11499.37,247.09,,0,68,40.00,-340,3996655,-1358862.70,5,fused
380706,000000380706.jpg,640x426,1,0.999158,1,1,TP,yolov8l_bsz4.ms,229.25,165.25,394.50,0.500,Mid (Meeting),4.32,37.01,346.04,2150.00,11499.37,247.09,,0,68,40.00,-340,3996655,-1358862.70,5,fused
441247,000000441247.jpg,640x424,1,0.999151,1,1,TP,yolov8l_bsz4.ms,228.75,159.25,388.00,0.500,Mid (Meeting),4.98,36.99,291.85,2212.00,11499.37,327.55,,0,68,40.00,-352,3995990,-1406588.48,5,fused
144300,000000144300.jpg,640x427,1,0.999142,1,1,TP,yolov8l_bsz4.ms,228.75,159.25,388.00,0.500,Mid (Meeting),4.98,36.99,291.85,2212.00,11499.37,327.55,,0,68,40.00,-352,3995990,-1406588.48,5,fused
241668,000000241668.jpg,460x640,1,0.999142,1,1,TP,yolov8l_bsz4.ms,228.75,159.25,388.00,0.500,Mid (Meeting),4.98,36.99,291.85,2212.00,11499.37,327.55,,0,68,40.00,-352,3995990,-1406588.48,5,fused
420916,000000420916.jpg,640x400,1,0.999136,1,1,TP,yolov8l_bsz4.ms,228.75,159.25,388.00,0.500,Mid (Meeting),4.98,36.99,291.85,2212.00,11499.37,327.55,,0,68,40.00,-352,3995990,-1406588.48,5,fused
468954,000000468954.jpg,640x427,1,0.999126,1,1,TP,yolov8l_bsz4.ms,227.00,162.75,389.75,0.500,Mid (Meeting),4.46,36.99,368.48,2135.00,11499.37,246.49,,0,68,40.00,-346,3995858,-1382566.87,5,fused
74092,000000074092.jpg,332x500,1,0.999124,1,1,TP,yolov8l_bsz4.ms,227.00,162.75,389.75,0.500,Mid (Meeting),4.46,36.99,368.48,2135.00,11499.37,246.49,,0,68,40.00,-346,3995858,-1382566.87,5,fused
273232,000000273232.jpg,640x425,1,0.999121,1,1,TP,yolov8l_bsz4.ms,227.00,162.75,389.75,0.500,Mid (Meeting),4.46,36.99,368.48,2135.00,11499.37,246.49,,0,68,40.00,-346,3995858,-1382566.87,5,fused
282298,000000282298.jpg,640x480,1,0.999103,1,1,TP,yolov8l_bsz4.ms,227.00,162.75,389.75,0.500,Mid (Meeting),4.46,36.99,368.48,2135.00,11499.37,246.49,,0,68,40.00,-346,3995858,-1382566.87,5,fused
107226,000000107226.jpg,480x640,1,0.999097,1,1,TP,yolov8l_bsz4.ms,226.00,173.25,399.25,0.500,Mid (Meeting),4.46,32.00,366.78,2137.00,11499.37,244.61,,0,68,40.00,-386,3994593,-1541912.90,5,fused
12576,000000012576.jpg,480x640,1,0.999092,1,1,TP,yolov8l_bsz4.ms,226.00,173.25,399.25,0.500,Mid (Meeting),4.46,32.00,366.78,2137.00,11499.37,244.61,,0,68,40.00,-386,3994593,-1541912.90,5,fused
563267,000000563267.jpg,500x375,1,0.999086,1,1,TP,yolov8l_bsz4.ms,226.00,173.25,399.25,0.500,Mid (Meeting),4.46,32.00,366.78,2137.00,11499.37,244.61,,0,68,40.00,-386,3994593,-1541912.90,5,fused
479155,000000479155.jpg,500x332,1,0.999075,1,1,TP,yolov8l_bsz4.ms,226.00,173.25,399.25,0.500,Mid (Meeting),4.46,32.00,366.78,2137.00,11499.37,244.61,,0,68,40.00,-386,3994593,-1541912.90,5,fused
263969,000000263969.jpg,640x610,1,0.999070,1,1,TP,yolov8l_bsz4.ms,229.25,179.00,408.25,0.500,Mid (Meeting),4.50,32.18,346.59,2158.00,11499.37,259.90,,0,68,40.00,-249,3998407,-995603.34,5,fused
227898,000000227898.jpg,640x424,1,0.999062,1,1,TP,yolov8l_bsz4.ms,229.25,179.00,408.25,0.500,Mid (Meeting),4.50,32.18,346.59,2158.00,11499.37,259.90,,0,68,40.00,-249,3998407,-995603.34,5,fused
105912,000000105912.jpg,500x375,1,0.999060,1,1,TP,yolov8l_bsz4.ms,229.25,179.00,408.25,0.500,Mid (Meeting),4.50,32.18,346.59,2158.00,11499.37,259.90,,0,68,40.00,-249,3998407,-995603.34,5,fused
90891,000000090891.jpg,640x431,1,0.999039,1,1,TP,yolov8l_bsz4.ms,229.25,179.00,408.25,0.500,Mid (Meeting),4.50,32.18,346.59,2158.00,11499.37,259.90,,0,68,40.00,-249,3998407,-995603.34,5,fused
195842,000000195842.jpg,640x480,1,0.999023,1,1,TP,yolov8l_bsz4.ms,228.00,173.25,401.25,0.500,Mid (Meeting),4.44,32.18,291.75,2211.00,11499.37,309.36,,0,68,40.00,-159,4001555,-636247.24,5,fused
284743,000000284743.jpg,640x425,1,0.999012,1,1,TP,yolov8l_bsz4.ms,228.00,173.25,401.25,0.500,Mid (Meeting),4.44,32.18,291.75,2211.00,11499.37,309.36,,0,68,40.00,-159,4001555,-636247.24,5,fused
99114,000000099114.jpg,500x335,1,0.999003,1,1,TP,yolov8l_bsz4.ms,228.00,173.25,401.25,0.500,Mid (Meeting),4.44,32.18,291.75,2211.00,11499.37,309.36,,0,68,40.00,-159,4001555,-636247.24,5,fused
2153,000000002153.jpg,640x480,1,0.999001,1,1,TP,yolov8l_bsz4.ms,228.00,173.25,401.25,0.500,Mid (Meeting),4.44,32.18,291.75,2211.00,11499.37,309.36,,0,68,40.00,-159,4001555,-636247.24,5,fused
232649,000000232649.jpg,375x500,1,0.999000,1,1,TP,yolov8l_bsz4.ms,228.50,169.75,398.25,0.500,Mid (Meeting),4.40,31.92,369.18,2134.00,11499.37,228.47,,0,68,40.00,-350,3995857,-1398549.95,5,fused
538458,000000538458.jpg,640x427,1,0.998999,1,1,TP,yolov8l_bsz4.ms,228.50,169.75,398.25,0.500,Mid (Meeting),4.40,31.92,369.18,2134.00,11499.37,228.47,,0,68,40.00,-350,3995857,-1398549.95,5,fused
514508,000000514508.jpg,640x480,1,0.998998,1,1,TP,yolov8l_bsz4.ms,228.50,169.75,398.25,0.500,Mid (Meeting),4.40,31.92,369.18,2134.00,11499.37,228.47,,0,68,40.00,-350,3995857,-1398549.95,5,fused
161781,000000161781.jpg,640x428,1,0.998994,1,1,TP,yolov8l_bsz4.ms,228.50,169.75,398.25,0.500,Mid (Meeting),4.40,31.92,369.18,2134.00,11499.37,228.47,,0,68,40.00,-350,3995857,-1398549.95,5,fused
142971,000000142971.jpg,640x427,1,0.998958,1,1,TP,yolov8l_bsz4.ms,228.50,157.25,385.75,0.500,Mid (Meeting),5.35,38.54,368.09,2132.00,11499.37,222.19,,0,68,40.00,-184,4000565,-736103.96,5,fused
246436,000000246436.jpg,480x640,1,0.998943,1,1,TP,yolov8l_bsz4.ms,228.50,157.25,385.75,0.500,Mid (Meeting),5.35,38.54,368.09,2132.00,11499.37,222.19,,0,68,40.00,-184,4000565,-736103.96,5,fused
553221,000000553221.jpg,640x427,1,0.998930,1,1,TP,yolov8l_bsz4.ms,228.50,157.25,385.75,0.500,Mid (Meeting),5.35,38.54,368.09,2132.00,11499.37,222.19,,0,68,40.00,-184,4000565,-736103.96,5,fused
451043,000000451043.jpg,640x427,1,0.998926,1,1,TP,yolov8l_bsz4.ms,228.50,157.25,385.75,0.500,Mid (Meeting),5.35,38.54,368.09,2132.00,11499.37,222.19,,0,68,40.00,-184,4000565,-736103.96,5,fused
213035,000000213035.jpg,640x427,1,0.998911,1,1,TP,yolov8l_bsz4.ms,227.25,156.75,384.00,0.500,Mid (Meeting),4.75,38.54,345.89,2154.00,11499.37,240.02,,0,68,40.00,-156,4001754,-624273.62,5,fused
280930,000000280930.jpg,640x425,1,0.998907,1,1,TP,yolov8l_bsz4.ms,227.25,156.75,384.00,0.500,Mid (Meeting),4.75,38.54,345.89,2154.00,11499.37,240.02,,0,68,40.00,-156,4001754,-624273.62,5,fused
311002,000000311002.jpg,640x427,1,0.998903,1,1,TP,yolov8l_bsz4.ms,227.25,156.75,384.00,0.500,Mid (Meeting),4.75,38.54,345.89,2154.00,11499.37,240.02,,0,68,40.00,-156,4001754,-624273.62,5,fused
336232,000000336232.jpg,640x427,1,0.998900,1,1,TP,yolov8l_bsz4.ms,227.25,156.75,384.00,0.500,Mid (Meeting),4.75,38.54,345.89,2154.00,11499.37,240.02,,0,68,40.00,-156,4001754,-624273.62,5,fused
166918,000000166918.jpg,480x640,1,0.998896,1,1,TP,yolov8l_bsz4.ms,229.25,158.00,387.25,0.500,Mid (Meeting),4.60,36.44,290.23,2209.00,11499.37,291.42,,0,68,40.00,-232,3999346,-927848.27,5,fused
361103,000000361103.jpg,640x427,1,0.998887,1,1,TP,yolov8l_bsz4.ms,229.25,158.00,387.25,0.500,Mid (Meeting),4.60,36.44,290.23,2209.00,11499.37,291.42,,0,68,40.00,-232,3999346,-927848.27,5,fused
74860,000000074860.jpg,640x427,1,0.998878,1,1,TP,yolov8l_bsz4.ms,229.25,158.00,387.25,0.500,Mid (Meeting),4.60,36.44,290.23,2209.00,11499.37,291.42,,0,68,40.00,-232,3999346,-927848.27,5,fused
384136,000000384136.jpg,640x414,1,0.998871,1,1,TP,yolov8l_bsz4.ms,229.25,158.00,387.25,0.500,Mid (Meeting),4.60,36.44,290.23,2209.00,11499.37,291.42,,0,68,40.00,-232,3999346,-927848.27,5,fused
235778,000000235778.jpg,640x337,1,0.998859,1,1,TP,yolov8l_bsz4.ms,226.00,154.75,380.75,0.500,Mid (Meeting),4.44,36.62,367.81,2129.00,11499.37,207.01,,0,68,40.00,-174,4001058,-696184.09,5,fused
302990,000000302990.jpg,640x427,1,0.998841,1,1,TP,yolov8l_bsz4.ms,226.00,154.75,380.75,0.500,Mid (Meeting),4.44,36.62,367.81,2129.00,11499.37,207.01,,0,68,40.00,-174,4001058,-696184.09,5,fused
394940,000000394940.jpg,426x640,1,0.998841,1,1,TP,yolov8l_bsz4.ms,226.00,154.75,380.75,0.500,Mid (Meeting),4.44,36.62,367.81,2129.00,11499.37,207.01,,0,68,40.00,-174,4001058,-696184.09,5,fused
429690,000000429690.jpg,640x427,1,0.998838,1,1,TP,yolov8l_bsz4.ms,226.00,154.75,380.75,0.500,Mid (Meeting),4.44,36.62,367.81,2129.00,11499.37,207.01,,0,68,40.00,-174,4001058,-696184.09,5,fused
150265,000000150265.jpg,480x640,1,0.998837,1,1,TP,yolov8l_bsz4.ms,231.75,168.00,399.75,0.500,Mid (Meeting),4.37,36.62,367.98,2126.00,11499.37,200.57,,0,68,40.00,-145,4002041,-580295.94,5,fused
163257,000000163257.jpg,425x640,1,0.998832,1,1,TP,yolov8l_bsz4.ms,231.75,168.00,399.75,0.500,Mid (Meeting),4.37,36.62,367.98,2126.00,11499.37,200.57,,0,68,40.00,-145,4002041,-580295.94,5,fused
123480,000000123480.jpg,640x480,1,0.998831,1,1,TP,yolov8l_bsz4.ms,231.75,168.00,399.75,0.500,Mid (Meeting),4.37,36.62,367.98,2126.00,11499.37,200.57,,0,68,40.00,-145,4002041,-580295.94,5,fused
82688,000000082688.jpg,640x428,1,0.998830,1,1,TP,yolov8l_bsz4.ms,231.75,168.00,399.75,0.500,Mid (Meeting),4.37,36.62,367.98,2126.00,11499.37,200.57,,0,68,40.00,-145,4002041,-580295.94,5,fused
404678,000000404678.jpg,640x425,1,0.998829,1,1,TP,yolov8l_bsz4.ms,226.75,136.50,363.25,0.500,Mid (Meeting),4.33,36.36,345.41,2146.00,11499.37,216.01,,0,68,40.00,-220,3999505,-879891.10,5,fused
148999,000000148999.jpg,640x427,1,0.998823,1,1,TP,yolov8l_bsz4.ms,226.75,136.50,363.25,0.500,Mid (Meeting),4.33,36.36,345.41,2146.00,11499.37,216.01,,0,68,40.00,-220,3999505,-879891.10,5,fused
236599,000000236599.jpg,500x346,1,0.998803,1,1,TP,yolov8l_bsz4.ms,226.75,136.50,363.25,0.500,Mid (Meeting),4.33,36.36,345.41,2146.00,11499.37,216.01,,0,68,40.00,-220,3999505,-879891.10,5,fused
285894,000000285894.jpg,500x329,1,0.998779,1,1,TP,yolov8l_bsz4.ms,226.75,136.50,363.25,0.500,Mid (Meeting),4.33,36.36,345.41,2146.00,11499.37,216.01,,0,68,40.00,-220,3999505,-879891.10,5,fused
47740,000000047740.jpg,640x359,1,0.998777,1,1,TP,yolov8l_bsz4.ms,228.50,115.75,344.25,0.500,Mid (Meeting),9.56,43.69,291.11,2200.00,11499.37,284.06,,0,68,40.00,-243,3998724,-971689.93,5,fused
438955,000000438955.jpg,640x303,1,0.998770,1,1,TP,yolov8l_bsz4.ms,228.50,115.75,344.25,0.500,Mid (Meeting),9.56,43.69,291.11,2200.00,11499.37,284.06,,0,68,40.00,-243,3998724,-971689.93,5,fused
100510,000000100510.jpg,600x400,1,0.998764,1,1,TP,yolov8l_bsz4.ms,228.50,115.75,344.25,0.500,Mid (Meeting),9.56,43.69,291.11,2200.00,11499.37,284.06,,0,68,40.00,-243,3998724,-971689.93,5,fused
342971,000000342971.jpg,287x640,1,0.998760,1,1,TP,yolov8l_bsz4.ms,228.50,115.75,344.25,0.500,Mid (Meeting),9.56,43.69,291.11,2200.00,11499.37,284.06,,0,68,40.00,-243,3998724,-971689.93,5,fused
292446,000000292446.jpg,612x612,1,0.998759,1,1,TP,yolov8l_bsz4.ms,229.00,181.75,410.75,0.500,Mid (Meeting),5.43,43.69,368.48,2134.00,11499.37,236.15,,0,68,40.00,-161,4001210,-644194.81,5,fused
416343,000000416343.jpg,427x640,1,0.998750,1,1,TP,yolov8l_bsz4.ms,229.00,181.75,410.75,0.500,Mid (Meeting),5.43,43.69,368.48,2134.00,11499.37,236.15,,0,68,40.00,-161,4001210,-644194.81,5,fused
209829,000000209829.jpg,640x480,1,0.998748,1,1,TP,yolov8l_bsz4.ms,229.00,181.75,410.75,0.500,Mid (Meeting),5.43,43.69,368.48,2134.00,11499.37,236.15,,0,68,40.00,-161,4001210,-644194.81,5,fused
280891,000000280891.jpg,427x640,1,0.998743,1,1,TP,yolov8l_bsz4.ms,229.00,181.75,410.75,0.500,Mid (Meeting),5.43,43.69,368.48,2134.00,11499.37,236.15,,0,68,40.00,-161,4001210,-644194.81,5,fused
441442,000000441442.jpg,600x400,1,0.998739,1,1,TP,yolov8l_bsz4.ms,230.00,177.75,407.75,0.500,Mid (Meeting),4.99,31.26,367.17,2137.00,11499.37,232.81,,0,68,40.00,-190,4000652,-760123.88,5,fused
498709,000000498709.jpg,640x425,1,0.998724,0,0,FP,yolov8l_bsz4.ms,230.00,177.75,407.75,0.500,Mid (Meeting),4.99,31.26,367.17,2137.00,11499.37,232.81,,0,68,40.00,-190,4000652,-760123.88,5,fused
391722,000000391722.jpg,635x640,1,0.998712,1,1,TP,yolov8l_bsz4.ms,230.00,177.75,407.75,0.500,Mid (Meeting),4.99,31.26,367.17,2137.00,11499.37,232.81,,0,68,40.00,-190,4000652,-760123.88,5,fused
252219,000000252219.jpg,640x428,1,0.998709,1,1,TP,yolov8l_bsz4.ms,230.00,177.75,407.75,0.500,Mid (Meeting),4.99,31.26,367.17,2137.00,11499.37,232.81,,0,68,40.00,-190,4000652,-760123.88,5,fused
88970,000000088970.jpg,333x500,1,0.998691,1,1,TP,yolov8l_bsz4.ms,227.75,185.75,413.50,0.500,Mid (Meeting),4.80,31.48,347.77,2155.00,11499.37,246.39,,0,68,40.00,-174,4001114,-696193.84,5,fused
274411,000000274411.jpg,426x640,1,0.998686,1,1,TP,yolov8l_bsz4.ms,227.75,185.75,413.50,0.500,Mid (Meeting),4.80,31.48,347.77,2155.00,11499.37,246.39,,0,68,40.00,-174,4001114,-696193.84,5,fused
111207,000000111207.jpg,478x640,1,0.998682,1,1,TP,yolov8l_bsz4.ms,227.75,185.75,413.50,0.500,Mid (Meeting),4.80,31.48,347.77,2155.00,11499.37,246.39,,0,68,40.00,-174,4001114,-696193.84,5,fused
97988,000000097988.jpg,612x612,1,0.998679,1,1,TP,yolov8l_bsz4.ms,227.75,185.75,413.50,0.500,Mid (Meeting),4.80,31.48,347.77,2155.00,11499.37,246.39,,0,68,40.00,-174,4001114,-696193.84,5,fused
349860,000000349860.jpg,640x426,1,0.998664,1,1,TP,yolov8l_bsz4.ms,228.75,167.25,396.00,0.500,Mid (Meeting),4.75,31.48,288.27,2212.00,11499.37,298.44,,0,68,40.00,-135,4002203,-540297.41,5,fused
500257,000000500257.jpg,500x400,1,0.998661,1,1,TP,yolov8l_bsz4.ms,228.75,167.25,396.00,0.500,Mid (Meeting),4.75,31.48,288.27,2212.00,11499.37,298.44,,0,68,40.00,-135,4002203,-540297.41,5,fused
367095,000000367095.jpg,640x427,1,0.998646,1,1,TP,yolov8l_bsz4.ms,228.75,167.25,396.00,0.500,Mid (Meeting),4.75,31.48,288.27,2212.00,11499.37,298.44,,0,68,40.00,-135,4002203,-540297.41,5,fused
211674,000000211674.jpg,640x406,1,0.998641,1,1,TP,yolov8l_bsz4.ms,228.75,167.25,396.00,0.500,Mid (Meeting),4.75,31.48,288.27,2212.00,11499.37,298.44,,0,68,40.00,-135,4002203,-540297.41,5,fused
397133,000000397133.jpg,640x427,1,0.998639,1,1,TP,yolov8l_bsz4.ms,227.25,161.00,388.25,0.500,Mid (Meeting),4.60,31.08,366.51,2136.00,11499.37,220.12,,0,68,40.00,-178,4000871,-712155.04,5,fused
553990,000000553990.jpg,600x400,1,0.998625,1,1,TP,yolov8l_bsz4.ms,227.25,161.00,388.25,0.500,Mid (Meeting),4.60,31.08,366.51,2136.00,11499.37,220.12,,0,68,40.00,-178,4000871,-712155.04,5,fused
398438,000000398438.jpg,500x333,1,0.998622,1,1,TP,yolov8l_bsz4.ms,227.25,161.00,388.25,0.500,Mid (Meeting),4.60,31.08,366.51,2136.00,11499.37,220.12,,0,68,40.00,-178,4000871,-712155.04,5,fused
261888,000000261888.jpg,640x426,1,0.998617,1,1,TP,yolov8l_bsz4.ms,227.25,161.00,388.25,0.500,Mid (Meeting),4.60,31.08,366.51,2136.00,11499.37,220.12,,0,68,40.00,-178,4000871,-712155.04,5,fused
383289,000000383289.jpg,640x444,1,0.998616,1,1,TP,yolov8l_bsz4.ms,228.25,175.00,403.25,0.500,Mid (Meeting),7.96,40.68,368.09,2134.00,11499.37,212.80,,0,68,40.00,-202,4000253,-808051.11,5,fused
531134,000000531134.jpg,640x480,1,0.998605,1,1,TP,yolov8l_bsz4.ms,228.25,175.00,403.25,0.500,Mid (Meeting),7.96,40.68,368.09,2134.00,11499.37,212.80,,0,68,40.00,-202,4000253,-808051.11,5,fused
331799,000000331799.jpg,640x464,1,0.998602,1,1,TP,yolov8l_bsz4.ms,228.25,175.00,403.25,0.500,Mid (Meeting),7.96,40.68,368.09,2134.00,11499.37,212.80,,0,68,40.00,-202,4000253,-808051.11,5,fused
229659,000000229659.jpg,640x480,1,0.998602,1,1,TP,yolov8l_bsz4.ms,228.25,175.00,403.25,0.500,Mid (Meeting),7.96,40.68,368.09,2134.00,11499.37,212.80,,0,68,40.00,-202,4000253,-808051.11,5,fused
19109,000000019109.jpg,640x428,1,0.998599,1,1,TP,yolov8l_bsz4.ms,227.50,172.50,400.00,0.500,Mid (Meeting),4.91,40.68,344.71,2155.00,11499.37,230.09,,0,68,40.00,-172,4001157,-688199.00,5,fused
7816,000000007816.jpg,640x427,1,0.998591,1,1,TP,yolov8l_bsz4.ms,227.50,172.50,400.00,0.500,Mid (Meeting),4.91,40.68,344.71,2155.00,11499.37,230.09,,0,68,40.00,-172,4001157,-688199.00,5,fused
19786,000000019786.jpg,500x375,1,0.998581,1,1,TP,yolov8l_bsz4.ms,227.50,172.50,400.00,0.500,Mid (Meeting),4.91,40.68,344.71,2155.00,11499.37,230.09,,0,68,40.00,-172,4001157,-688199.00,5,fused
9483,000000009483.jpg,640x480,1,0.998564,1,1,TP,yolov8l_bsz4.ms,227.50,172.50,400.00,0.500,Mid (Meeting),4.91,40.68,344.71,2155.00,11499.37,230.09,,0,68,40.00,-172,4001157,-688199.00,5,fused
463542,000000463542.jpg,640x426,1,0.998547,1,1,TP,yolov8l_bsz4.ms,228.50,144.50,373.00,0.500,Mid (Meeting),4.60,32.96,290.07,2209.00,11499.37,280.82,,0,68,40.00,-222,3999425,-887872.35,5,fused
375469,000000375469.jpg,640x181,1,0.998542,1,1,TP,yolov8l_bsz4.ms,228.50,144.50,373.00,0.500,Mid (Meeting),4.60,32.96,290.07,2209.00,11499.37,280.82,,0,68,40.00,-222,3999425,-887872.35,5,fused
423123,000000423123.jpg,640x426,1,0.998534,1,1,TP,yolov8l_bsz4.ms,228.50,144.50,373.00,0.500,Mid (Meeting),4.60,32.96,290.07,2209.00,11499.37,280.82,,0,68,40.00,-222,3999425,-887872.35,5,fused
351810,000000351810.jpg,500x375,1,0.998501,1,1,TP,yolov8l_bsz4.ms,228.50,144.50,373.00,0.500,Mid (Meeting),4.60,32.96,290.07,2209.00,11499.37,280.82,,0,68,40.00,-222,3999425,-887872.35,5,fused
229111,000000229111.jpg,375x500,1,0.998486,1,1,TP,yolov8l_bsz4.ms,230.75,160.25,391.00,0.500,Mid (Meeting),4.45,35.37,366.95,2132.00,11499.37,199.41,,0,68,40.00,-244,3998732,-975690.61,5,fused
490515,000000490515.jpg,640x427,1,0.998469,1,1,TP,yolov8l_bsz4.ms,230.75,160.25,391.00,0.500,Mid (Meeting),4.45,35.37,366.95,2132.00,11499.37,199.41,,0,68,40.00,-244,3998732,-975690.61,5,fused
252507,000000252507.jpg,375x500,1,0.998447,1,1,TP,yolov8l_bsz4.ms,230.75,160.25,391.00,0.500,Mid (Meeting),4.45,35.37,366.95,2132.00,11499.37,199.41,,0,68,40.00,-244,3998732,-975690.61,5,fused
341681,000000341681.jpg,640x427,1,0.998444,1,1,TP,yolov8l_bsz4.ms,230.75,160.25,391.00,0.500,Mid (Meeting),4.45,35.37,366.95,2132.00,11499.37,199.41,,0,68,40.00,-244,3998732,-975690.61,5,fused
20992,000000020992.jpg,500x333,1,0.998441,1,1,TP,yolov8l_bsz4.ms,231.00,163.75,394.75,0.500,Mid (Meeting),4.43,35.37,364.21,2132.00,11499.37,195.15,,0,68,40.00,-208,3999675,-831932.40,5,fused
568981,000000568981.jpg,640x426,1,0.998439,1,1,TP,yolov8l_bsz4.ms,231.00,163.75,394.75,0.500,Mid (Meeting),4.43,35.37,364.21,2132.00,11499.37,195.15,,0,68,40.00,-208,3999675,-831932.40,5,fused
323355,000000323355.jpg,480x640,1,0.998430,1,1,TP,yolov8l_bsz4.ms,231.00,163.75,394.75,0.500,Mid (Meeting),4.43,35.37,364.21,2132.00,11499.37,195.15,,0,68,40.00,-208,3999675,-831932.40,5,fused
284764,000000284764.jpg,640x427,1,0.998383,1,1,TP,yolov8l_bsz4.ms,231.00,163.75,394.75,0.500,Mid (Meeting),4.43,35.37,364.21,2132.00,11499.37,195.15,,0,68,40.00,-208,3999675,-831932.40,5,fused
206579,000000206579.jpg,640x480,1,0.998368,1,1,TP,yolov8l_bsz4.ms,231.00,155.25,386.25,0.500,Mid (Meeting),4.39,35.69,345.71,2133.00,11499.37,314.39,,0,68,40.00,-238,3998687,-951687.51,5,fused
496571,000000496571.jpg,427x640,1,0.998362,1,1,TP,yolov8l_bsz4.ms,231.00,155.25,386.25,0.500,Mid (Meeting),4.39,35.69,345.71,2133.00,11499.37,314.39,,0,68,40.00,-238,3998687,-951687.51,5,fused
80671,000000080671.jpg,640x427,1,0.998353,1,1,TP,yolov8l_bsz4.ms,231.00,155.25,386.25,0.500,Mid (Meeting),4.39,35.69,345.71,2133.00,11499.37,314.39,,0,68,40.00,-238,3998687,-951687.51,5,fused
129945,000000129945.jpg,640x320,1,0.998302,1,1,TP,yolov8l_bsz4.ms,231.00,155.25,386.25,0.500,Mid (Meeting),4.39,35.69,345.71,2133.00,11499.37,314.39,,0,68,40.00,-238,3998687,-951687.51,5,fused
158227,000000158227.jpg,500x357,1,0.998295,1,1,TP,yolov8l_bsz4.ms,231.00,167.25,398.25,0.500,Mid (Meeting),8.15,37.52,290.76,2165.00,11499.37,334.95,,0,68,40.00,-260,3997888,-1039450.88,5,fused
527427,000000527427.jpg,640x480,1,0.998266,1,1,TP,yolov8l_bsz4.ms,231.00,167.25,398.25,0.500,Mid (Meeting),8.15,37.52,290.76,2165.00,11499.37,334.95,,0,68,40.00,-260,3997888,-1039450.88,5,fused
473219,000000473219.jpg,640x428,1,0.998253,1,1,TP,yolov8l_bsz4.ms,231.00,167.25,398.25,0.500,Mid (Meeting),8.15,37.52,290.76,2165.00,11499.37,334.95,,0,68,40.00,-260,3997888,-1039450.88,5,fused
534605,000000534605.jpg,600x400,1,0.998227,1,1,TP,yolov8l_bsz4.ms,231.00,167.25,398.25,0.500,Mid (Meeting),8.15,37.52,290.76,2165.00,11499.37,334.95,,0,68,40.00,-260,3997888,-1039450.88,5,fused
168883,000000168883.jpg,479x640,1,0.998226,1,1,TP,yolov8l_bsz4.ms,227.75,172.75,400.50,0.500,Mid (Meeting),4.29,37.52,369.74,2110.00,11499.37,270.91,,0,68,40.00,-213,3999150,-851818.95,5,fused
542776,000000542776.jpg,640x426,1,0.998224,1,1,TP,yolov8l_bsz4.ms,227.75,172.75,400.50,0.500,Mid (Meeting),4.29,37.52,369.74,2110.00,11499.37,270.91,,0,68,40.00,-213,3999150,-851818.95,5,fused
121417,000000121417.jpg,480x640,1,0.998202,1,1,TP,yolov8l_bsz4.ms,227.75,172.75,400.50,0.500,Mid (Meeting),4.29,37.52,369.74,2110.00,11499.37,270.91,,0,68,40.00,-213,3999150,-851818.95,5,fused
306700,000000306700.jpg,480x640,1,0.998199,1,1,TP,yolov8l_bsz4.ms,227.75,172.75,400.50,0.500,Mid (Meeting),4.29,37.52,369.74,2110.00,11499.37,270.91,,0,68,40.00,-213,3999150,-851818.95,5,fused
84241,000000084241.jpg,640x396,1,0.998188,1,1,TP,yolov8l_bsz4.ms,226.00,174.75,400.75,0.500,Mid (Meeting),4.33,37.47,365.71,2139.00,11499.37,294.46,,0,68,40.00,-227,3998697,-907704.22,5,fused
232692,000000232692.jpg,640x425,1,0.998183,1,1,TP,yolov8l_bsz4.ms,226.00,174.75,400.75,0.500,Mid (Meeting),4.33,37.47,365.71,2139.00,11499.37,294.46,,0,68,40.00,-227,3998697,-907704.22,5,fused
88848,000000088848.jpg,640x640,1,0.998167,1,1,TP,yolov8l_bsz4.ms,226.00,174.75,400.75,0.500,Mid (Meeting),4.33,37.47,365.71,2139.00,11499.37,294.46,,0,68,40.00,-227,3998697,-907704.22,5,fused
567886,000000567886.jpg,500x375,1,0.998158,1,1,TP,yolov8l_bsz4.ms,226.00,174.75,400.75,0.500,Mid (Meeting),4.33,37.47,365.71,2139.00,11499.37,294.46,,0,68,40.00,-227,3998697,-907704.22,5,fused
364297,000000364297.jpg,640x428,1,0.998151,0,0,FP,yolov8l_bsz4.ms,225.50,166.00,391.50,0.500,Mid (Meeting),4.39,38.05,346.93,2156.00,11499.37,307.23,,0,68,40.00,-210,3999126,-839816.46,5,fused
386879,000000386879.jpg,426x640,1,0.998126,1,1,TP,yolov8l_bsz4.ms,225.50,166.00,391.50,0.500,Mid (Meeting),4.39,38.05,346.93,2156.00,11499.37,307.23,,0,68,40.00,-210,3999126,-839816.46,5,fused
363875,000000363875.jpg,558x640,1,0.998123,1,1,TP,yolov8l_bsz4.ms,225.50,166.00,391.50,0.500,Mid (Meeting),4.39,38.05,346.93,2156.00,11499.37,307.23,,0,68,40.00,-210,3999126,-839816.46,5,fused
361919,000000361919.jpg,640x425,1,0.998112,1,1,TP,yolov8l_bsz4.ms,225.50,166.00,391.50,0.500,Mid (Meeting),4.39,38.05,346.93,2156.00,11499.37,307.23,,0,68,40.00,-210,3999126,-839816.46,5,fused
553788,000000553788.jpg,640x363,1,0.998109,1,1,TP,yolov8l_bsz4.ms,229.75,168.00,397.75,0.500,Mid (Meeting),4.36,38.05,292.31,2220.00,11499.37,389.35,,0,68,40.00,-186,3999805,-743963.73,5,fused
152214,000000152214.jpg,480x640,1,0.998103,1,1,TP,yolov8l_bsz4.ms,229.75,168.00,397.75,0.500,Mid (Meeting),4.36,38.05,292.31,2220.00,11499.37,389.35,,0,68,40.00,-186,3999805,-743963.73,5,fused
559160,000000559160.jpg,429x640,1,0.998088,1,1,TP,yolov8l_bsz4.ms,229.75,168.00,397.75,0.500,Mid (Meeting),4.36,38.05,292.31,2220.00,11499.37,389.35,,0,68,40.00,-186,3999805,-743963.73,5,fused
29187,000000029187.jpg,640x491,1,0.998075,1,1,TP,yolov8l_bsz4.ms,229.75,168.00,397.75,0.500,Mid (Meeting),4.36,38.05,292.31,2220.00,11499.37,389.35,,0,68,40.00,-186,3999805,-743963.73,5,fused
525155,000000525155.jpg,640x426,1,0.998074,1,1,TP,yolov8l_bsz4.ms,227.50,166.75,394.25,0.500,Mid (Meeting),4.31,35.70,368.80,2144.00,11499.37,309.64,,0,68,40.00,-150,4000940,-600141.00,5,fused
573258,000000573258.jpg,640x480,1,0.998064,1,1,TP,yolov8l_bsz4.ms,227.50,166.75,394.25,0.500,Mid (Meeting),4.31,35.70,368.80,2144.00,11499.37,309.64,,0,68,40.00,-150,4000940,-600141.00,5,fused
71938,000000071938.jpg,640x480,1,0.998051,1,1,TP,yolov8l_bsz4.ms,227.50,166.75,394.25,0.500,Mid (Meeting),4.31,35.70,368.80,2144.00,11499.37,309.64,,0,68,40.00,-150,4000940,-600141.00,5,fused
150638,000000150638.jpg,640x469,1,0.998042,1,1,TP,yolov8l_bsz4.ms,227.50,166.75,394.25,0.500,Mid (Meeting),4.31,35.70,368.80,2144.00,11499.37,309.64,,0,68,40.00,-150,4000940,-600141.00,5,fused
183675,000000183675.jpg,640x412,1,0.998029,1,1,TP,yolov8l_bsz4.ms,231.25,159.00,390.25,0.500,Mid (Meeting),4.30,34.96,367.01,2147.00,11499.37,306.09,,0,68,40.00,-178,3999978,-711996.08,5,fused
579635,000000579635.jpg,640x429,1,0.997984,1,1,TP,yolov8l_bsz4.ms,231.25,159.00,390.25,0.500,Mid (Meeting),4.30,34.96,367.01,2147.00,11499.37,306.09,,0,68,40.00,-178,3999978,-711996.08,5,fused
481582,000000481582.jpg,640x427,1,0.997946,1,1,TP,yolov8l_bsz4.ms,231.25,159.00,390.25,0.500,Mid (Meeting),4.30,34.96,367.01,2147.00,11499.37,306.09,,0,68,40.00,-178,3999978,-711996.08,5,fused
504589,000000504589.jpg,427x640,1,0.997937,1,1,TP,yolov8l_bsz4.ms,231.25,159.00,390.25,0.500,Mid (Meeting),4.30,34.96,367.01,2147.00,11499.37,306.09,,0,68,40.00,-178,3999978,-711996.08,5,fused
294350,000000294350.jpg,640x425,1,0.997903,1,1,TP,yolov8l_bsz4.ms,229.00,164.50,393.50,0.500,Mid (Meeting),4.74,34.96,347.14,2166.00,11499.37,321.40,,0,68,40.00,-199,3999350,-795870.65,5,fused
271997,000000271997.jpg,488x640,1,0.997893,1,1,TP,yolov8l_bsz4.ms,229.00,164.50,393.50,0.500,Mid (Meeting),4.74,34.96,347.14,2166.00,11499.37,321.40,,0,68,40.00,-199,3999350,-795870.65,5,fused
564091,000000564091.jpg,427x640,1,0.997885,1,1,TP,yolov8l_bsz4.ms,229.00,164.50,393.50,0.500,Mid (Meeting),4.74,34.96,347.14,2166.00,11499.37,321.40,,0,68,40.00,-199,3999350,-795870.65,5,fused
189451,000000189451.jpg,640x427,1,0.997875,0,0,FP,yolov8l_bsz4.ms,229.00,164.50,393.50,0.500,Mid (Meeting),4.74,34.96,347.14,2166.00,11499.37,321.40,,0,68,40.00,-199,3999350,-795870.65,5,fused
151480,000000151480.jpg,640x480,1,0.997861,1,1,TP,yolov8l_bsz4.ms,231.00,171.00,402.00,0.500,Mid (Meeting),4.62,31.21,301.46,2211.00,11499.37,362.39,,0,68,40.00,-201,3999134,-803825.93,5,fused
52413,000000052413.jpg,500x375,1,0.997849,1,1,TP,yolov8l_bsz4.ms,231.00,171.00,402.00,0.500,Mid (Meeting),4.62,31.21,301.46,2211.00,11499.37,362.39,,0,68,40.00,-201,3999134,-803825.93,5,fused
303818,000000303818.jpg,480x640,1,0.997837,1,1,TP,yolov8l_bsz4.ms,231.00,171.00,402.00,0.500,Mid (Meeting),4.62,31.21,301.46,2211.00,11499.37,362.39,,0,68,40.00,-201,3999134,-803825.93,5,fused
448365,000000448365.jpg,640x428,1,0.997828,1,1,TP,yolov8l_bsz4.ms,231.00,171.00,402.00,0.500,Mid (Meeting),4.62,31.21,301.46,2211.00,11499.37,362.39,,0,68,40.00,-201,3999134,-803825.93,5,fused
64084,000000064084.jpg,640x436,1,0.997815,1,1,TP,yolov8l_bsz4.ms,231.00,161.75,392.75,0.500,Mid (Meeting),4.38,34.47,370.08,2142.00,11499.37,288.25,,0,68,40.00,-232,3998326,-927611.63,5,fused
285047,000000285047.jpg,427x640,1,0.997812,1,1,TP,yolov8l_bsz4.ms,231.00,161.75,392.75,0.500,Mid (Meeting),4.38,34.47,370.08,2142.00,11499.37,288.25,,0,68,40.00,-232,3998326,-927611.63,5,fused
308328,000000308328.jpg,640x480,1,0.997808,1,1,TP,yolov8l_bsz4.ms,231.00,161.75,392.75,0.500,Mid (Meeting),4.38,34.47,370.08,2142.00,11499.37,288.25,,0,68,40.00,-232,3998326,-927611.63,5,fused
278705,000000278705.jpg,640x480,1,0.997797,1,1,TP,yolov8l_bsz4.ms,231.00,161.75,392.75,0.500,Mid (Meeting),4.38,34.47,370.08,2142.00,11499.37,288.25,,0,68,40.00,-232,3998326,-927611.63,5,fused
250619,000000250619.jpg,640x481,1,0.997763,1,1,TP,yolov8l_bsz4.ms,229.50,183.50,413.00,0.500,Mid (Meeting),4.42,34.47,367.28,2142.00,11499.37,283.26,,0,68,40.00,-218,3998569,-871688.04,5,fused
356505,000000356505.jpg,640x425,1,0.997748,1,1,TP,yolov8l_bsz4.ms,229.50,183.50,413.00,0.500,Mid (Meeting),4.42,34.47,367.28,2142.00,11499.37,283.26,,0,68,40.00,-218,3998569,-871688.04,5,fused
187243,000000187243.jpg,480x640,1,0.997743,1,1,TP,yolov8l_bsz4.ms,229.50,183.50,413.00,0.500,Mid (Meeting),4.42,34.47,367.28,2142.00,11499.37,283.26,,0,68,40.00,-218,3998569,-871688.04,5,fused
157601,000000157601.jpg,612x612,1,0.997711,1,1,TP,yolov8l_bsz4.ms,229.50,183.50,413.00,0.500,Mid (Meeting),4.42,34.47,367.28,2142.00,11499.37,283.26,,0,68,40.00,-218,3998569,-871688.04,5,fused
95155,000000095155.jpg,640x427,1,0.997664,1,1,TP,yolov8l_bsz4.ms,228.25,152.75,381.00,0.500,Mid (Meeting),4.37,35.64,347.55,2159.00,11499.37,296.89,,0,68,40.00,-218,3998499,-871672.78,5,fused
507473,000000507473.jpg,640x480,1,0.997661,1,1,TP,yolov8l_bsz4.ms,228.25,152.75,381.00,0.500,Mid (Meeting),4.37,35.64,347.55,2159.00,11499.37,296.89,,0,68,40.00,-218,3998499,-871672.78,5,fused
326541,000000326541.jpg,640x360,1,0.997660,1,1,TP,yolov8l_bsz4.ms,228.25,152.75,381.00,0.500,Mid (Meeting),4.37,35.64,347.55,2159.00,11499.37,296.89,,0,68,40.00,-218,3998499,-871672.78,5,fused
33759,000000033759.jpg,640x457,1,0.997656,1,1,TP,yolov8l_bsz4.ms,228.25,152.75,381.00,0.500,Mid (Meeting),4.37,35.64,347.55,2159.00,11499.37,296.89,,0,68,40.00,-218,3998499,-871672.78,5,fused
464144,000000464144.jpg,426x640,1,0.997632,1,1,TP,yolov8l_bsz4.ms,227.75,165.50,393.25,0.500,Mid (Meeting),4.38,36.59,310.92,2195.00,11499.37,329.02,,0,68,40.00,-224,3998201,-895597.02,5,fused
527750,000000527750.jpg,427x640,1,0.997632,1,1,TP,yolov8l_bsz4.ms,227.75,165.50,393.25,0.500,Mid (Meeting),4.38,36.59,310.92,2195.00,11499.37,329.02,,0,68,40.00,-224,3998201,-895597.02,5,fused
517069,000000517069.jpg,640x480,1,0.997631,1,1,TP,yolov8l_bsz4.ms,227.75,165.50,393.25,0.500,Mid (Meeting),4.38,36.59,310.92,2195.00,11499.37,329.02,,0,68,40.00,-224,3998201,-895597.02,5,fused
231339,000000231339.jpg,480x640,1,0.997623,1,1,TP,yolov8l_bsz4.ms,227.75,165.50,393.25,0.500,Mid (Meeting),4.38,36.59,310.92,2195.00,11499.37,329.02,,0,68,40.00,-224,3998201,-895597.02,5,fused
223738,000000223738.jpg,634x640,1,0.997578,1,1,TP,yolov8l_bsz4.ms,229.00,189.25,418.25,0.500,Mid (Meeting),6.01,36.59,371.72,2135.00,11499.37,264.03,,0,68,40.00,-183,3999353,-731881.60,5,fused
385190,000000385190.jpg,500x375,1,0.997546,1,1,TP,yolov8l_bsz4.ms,229.00,189.25,418.25,0.500,Mid (Meeting),6.01,36.59,371.72,2135.00,11499.37,264.03,,0,68,40.00,-183,3999353,-731881.60,5,fused
42889,000000042889.jpg,375x500,1,0.997479,0,0,FP,yolov8l_bsz4.ms,229.00,189.25,418.25,0.500,Mid (Meeting),6.01,36.59,371.72,2135.00,11499.37,264.03,,0,68,40.00,-183,3999353,-731881.60,5,fused
574823,000000574823.jpg,375x500,1,0.997467,1,1,TP,yolov8l_bsz4.ms,229.00,189.25,418.25,0.500,Mid (Meeting),6.01,36.59,371.72,2135.00,11499.37,264.03,,0,68,40.00,-183,3999353,-731881.60,5,fused
424162,000000424162.jpg,640x512,1,0.997447,1,1,TP,yolov8l_bsz4.ms,228.75,161.00,389.75,0.500,Mid (Meeting),4.98,36.07,366.93,2138.00,11499.37,263.49,,0,68,41.00,-212,3998464,-847674.37,5,fused
244099,000000244099.jpg,640x428,1,0.997437,1,1,TP,yolov8l_bsz4.ms,228.75,161.00,389.75,0.500,Mid (Meeting),4.98,36.07,366.93,2138.00,11499.37,263.49,,0,68,41.00,-212,3998464,-847674.37,5,fused
411754,000000411754.jpg,320x240,1,0.997415,1,1,TP,yolov8l_bsz4.ms,228.75,161.00,389.75,0.500,Mid (Meeting),4.98,36.07,366.93,2138.00,11499.37,263.49,,0,68,41.00,-212,3998464,-847674.37,5,fused
308545,000000308545.jpg,640x427,1,0.997415,1,1,TP,yolov8l_bsz4.ms,228.75,161.00,389.75,0.500,Mid (Meeting),4.98,36.07,366.93,2138.00,11499.37,263.49,,0,68,41.00,-212,3998464,-847674.37,5,fused
81594,000000081594.jpg,478x640,1,0.997410,1,1,TP,yolov8l_bsz4.ms,228.00,170.50,398.50,0.500,Mid (Meeting),4.82,37.59,350.47,2151.00,11499.37,272.16,,0,68,41.00,-190,3999054,-759820.26,5,fused
441586,000000441586.jpg,640x425,1,0.997406,1,1,TP,yolov8l_bsz4.ms,228.00,170.50,398.50,0.500,Mid (Meeting),4.82,37.59,350.47,2151.00,11499.37,272.16,,0,68,41.00,-190,3999054,-759820.26,5,fused
153011,000000153011.jpg,640x480,1,0.997405,1,1,TP,yolov8l_bsz4.ms,228.00,170.50,398.50,0.500,Mid (Meeting),4.82,37.59,350.47,2151.00,11499.37,272.16,,0,68,41.00,-190,3999054,-759820.26,5,fused
65288,000000065288.jpg,640x427,1,0.997356,1,1,TP,yolov8l_bsz4.ms,228.00,170.50,398.50,0.500,Mid (Meeting),4.82,37.59,350.47,2151.00,11499.37,272.16,,0,68,41.00,-190,3999054,-759820.26,5,fused
152686,000000152686.jpg,640x400,1,0.997348,1,1,TP,yolov8l_bsz4.ms,229.50,174.75,404.25,0.500,Mid (Meeting),4.66,37.59,310.93,2188.00,11499.37,305.28,,0,68,41.00,-220,3998107,-879583.54,5,fused
214720,000000214720.jpg,375x500,1,0.997343,1,1,TP,yolov8l_bsz4.ms,229.50,174.75,404.25,0.500,Mid (Meeting),4.66,37.59,310.93,2188.00,11499.37,305.28,,0,68,41.00,-220,3998107,-879583.54,5,fused
129756,000000129756.jpg,640x480,1,0.997306,1,1,TP,yolov8l_bsz4.ms,229.50,174.75,404.25,0.500,Mid (Meeting),4.66,37.59,310.93,2188.00,11499.37,305.28,,0,68,41.00,-220,3998107,-879583.54,5,fused
334483,000000334483.jpg,480x640,1,0.997239,1,1,TP,yolov8l_bsz4.ms,229.50,174.75,404.25,0.500,Mid (Meeting),4.66,37.59,310.93,2188.00,11499.37,305.28,,0,68,41.00,-220,3998107,-879583.54,5,fused
128675,000000128675.jpg,640x480,1,0.997206,1,1,TP,yolov8l_bsz4.ms,228.50,165.75,394.25,0.500,Mid (Meeting),4.57,37.00,372.09,2129.00,11499.37,272.58,,0,68,41.00,-136,4000659,-544089.62,5,fused
198489,000000198489.jpg,428x640,1,0.997189,1,1,TP,yolov8l_bsz4.ms,228.50,165.75,394.25,0.500,Mid (Meeting),4.57,37.00,372.09,2129.00,11499.37,272.58,,0,68,41.00,-136,4000659,-544089.62,5,fused
570664,000000570664.jpg,500x333,1,0.997112,1,1,TP,yolov8l_bsz4.ms,228.50,165.75,394.25,0.500,Mid (Meeting),4.57,37.00,372.09,2129.00,11499.37,272.58,,0,68,41.00,-136,4000659,-544089.62,5,fused
23126,000000023126.jpg,640x428,1,0.997076,1,1,TP,yolov8l_bsz4.ms,228.50,165.75,394.25,0.500,Mid (Meeting),4.57,37.00,372.09,2129.00,11499.37,272.58,,0,68,41.00,-136,4000659,-544089.62,5,fused
362716,000000362716.jpg,640x427,1,0.997067,1,1,TP,yolov8l_bsz4.ms,227.25,161.75,389.00,0.500,Mid (Meeting),4.51,35.91,363.23,2140.00,11499.37,276.10,,0,68,41.00,-193,3998725,-771753.93,5,fused
449579,000000449579.jpg,640x427,1,0.997049,1,1,TP,yolov8l_bsz4.ms,227.25,161.75,389.00,0.500,Mid (Meeting),4.51,35.91,363.23,2140.00,11499.37,276.10,,0,68,41.00,-193,3998725,-771753.93,5,fused
323895,000000323895.jpg,640x480,1,0.997046,1,1,TP,yolov8l_bsz4.ms,227.25,161.75,389.00,0.500,Mid (Meeting),4.51,35.91,363.23,2140.00,11499.37,276.10,,0,68,41.00,-193,3998725,-771753.93,5,fused
456394,000000456394.jpg,220x176,1,0.997045,0,0,FP,yolov8l_bsz4.ms,227.25,161.75,389.00,0.500,Mid (Meeting),4.51,35.91,363.23,2140.00,11499.37,276.10,,0,68,41.00,-193,3998725,-771753.93,5,fused
384670,000000384670.jpg,640x480,1,0.997019,1,1,TP,yolov8l_bsz4.ms,227.00,162.00,389.00,0.500,Mid (Meeting),6.77,35.91,344.51,2160.00,11499.37,289.76,,0,68,41.00,-231,3997699,-923468.47,5,fused
138639,000000138639.jpg,640x480,1,0.997016,1,1,TP,yolov8l_bsz4.ms,227.00,162.00,389.00,0.500,Mid (Meeting),6.77,35.91,344.51,2160.00,11499.37,289.76,,0,68,41.00,-231,3997699,-923468.47,5,fused
34417,000000034417.jpg,500x375,1,0.997004,1,1,TP,yolov8l_bsz4.ms,227.00,162.00,389.00,0.500,Mid (Meeting),6.77,35.91,344.51,2160.00,11499.37,289.76,,0,68,41.00,-231,3997699,-923468.47,5,fused
60899,000000060899.jpg,360x640,1,0.996965,1,1,TP,yolov8l_bsz4.ms,227.00,162.00,389.00,0.500,Mid (Meeting),6.77,35.91,344.51,2160.00,11499.37,289.76,,0,68,41.00,-231,3997699,-923468.47,5,fused
315450,000000315450.jpg,640x428,1,0.996961,0,0,FP,yolov8l_bsz4.ms,227.50,167.75,395.25,0.500,Mid (Meeting),5.20,31.87,295.88,2210.00,11499.37,335.77,,0,68,41.00,-140,4000444,-560062.16,5,fused
378116,000000378116.jpg,640x454,1,0.996921,1,1,TP,yolov8l_bsz4.ms,227.50,167.75,395.25,0.500,Mid (Meeting),5.20,31.87,295.88,2210.00,11499.37,335.77,,0,68,41.00,-140,4000444,-560062.16,5,fused
78843,000000078843.jpg,640x480,1,0.996919,1,1,TP,yolov8l_bsz4.ms,227.50,167.75,395.25,0.500,Mid (Meeting),5.20,31.87,295.88,2210.00,11499.37,335.77,,0,68,41.00,-140,4000444,-560062.16,5,fused
8532,000000008532.jpg,640x426,1,0.996918,1,1,TP,yolov8l_bsz4.ms,227.50,167.75,395.25,0.500,Mid (Meeting),5.20,31.87,295.88,2210.00,11499.37,335.77,,0,68,41.00,-140,4000444,-560062.16,5,fused
326128,000000326128.jpg,480x640,1,0.996912,1,1,TP,yolov8l_bsz4.ms,227.25,177.75,405.00,0.500,Mid (Meeting),4.84,32.56,369.89,2136.00,11499.37,257.04,,0,68,41.00,-161,3999657,-643944.78,5,fused
478862,000000478862.jpg,640x480,1,0.996904,1,1,TP,yolov8l_bsz4.ms,227.25,177.75,405.00,0.500,Mid (Meeting),4.84,32.56,369.89,2136.00,11499.37,257.04,,0,68,41.00,-161,3999657,-643944.78,5,fused
33104,000000033104.jpg,428x500,1,0.996869,1,1,TP,yolov8l_bsz4.ms,227.25,177.75,405.00,0.500,Mid (Meeting),4.84,32.56,369.89,2136.00,11499.37,257.04,,0,68,41.00,-161,3999657,-643944.78,5,fused
193348,000000193348.jpg,426x640,1,0.996859,1,1,TP,yolov8l_bsz4.ms,227.25,177.75,405.00,0.500,Mid (Meeting),4.84,32.56,369.89,2136.00,11499.37,257.04,,0,68,41.00,-161,3999657,-643944.78,5,fused
289417,000000289417.jpg,500x375,1,0.996858,1,1,TP,yolov8l_bsz4.ms,226.50,170.00,396.50,0.500,Mid (Meeting),4.74,32.56,367.64,2137.00,11499.37,253.63,,0,68,41.00,-175,3999248,-699868.40,5,fused
144984,000000144984.jpg,426x640,1,0.996847,1,1,TP,yolov8l_bsz4.ms,226.50,170.00,396.50,0.500,Mid (Meeting),4.74,32.56,367.64,2137.00,11499.37,253.63,,0,68,41.00,-175,3999248,-699868.40,5,fused
203294,000000203294.jpg,640x480,1,0.996835,1,1,TP,yolov8l_bsz4.ms,226.50,170.00,396.50,0.500,Mid (Meeting),4.74,32.56,367.64,2137.00,11499.37,253.63,,0,68,41.00,-175,3999248,-699868.40,5,fused
411530,000000411530.jpg,640x480,1,0.996818,1,1,TP,yolov8l_bsz4.ms,226.50,170.00,396.50,0.500,Mid (Meeting),4.74,32.56,367.64,2137.00,11499.37,253.63,,0,68,41.00,-175,3999248,-699868.40,5,fused
384468,000000384468.jpg,640x480,1,0.996771,1,1,TP,yolov8l_bsz4.ms,228.50,179.25,407.75,0.500,Mid (Meeting),4.66,32.84,345.45,2157.00,11499.37,268.20,,0,68,41.00,-211,3998217,-843623.79,5,fused
297427,000000297427.jpg,580x640,1,0.996741,1,1,TP,yolov8l_bsz4.ms,228.50,179.25,407.75,0.500,Mid (Meeting),4.66,32.84,345.45,2157.00,11499.37,268.20,,0,68,41.00,-211,3998217,-843623.79,5,fused
288430,000000288430.jpg,500x375,1,0.996738,1,1,TP,yolov8l_bsz4.ms,228.50,179.25,407.75,0.500,Mid (Meeting),4.66,32.84,345.45,2157.00,11499.37,268.20,,0,68,41.00,-211,3998217,-843623.79,5,fused
449909,000000449909.jpg,640x427,1,0.996724,1,1,TP,yolov8l_bsz4.ms,228.50,179.25,407.75,0.500,Mid (Meeting),4.66,32.84,345.45,2157.00,11499.37,268.20,,0,68,41.00,-211,3998217,-843623.79,5,fused
433204,000000433204.jpg,640x480,1,0.996704,1,1,TP,yolov8l_bsz4.ms,227.50,173.75,401.25,0.500,Mid (Meeting),4.63,34.06,301.13,2200.00,11499.37,306.79,,0,68,41.00,-204,3998242,-815641.37,5,fused
537506,000000537506.jpg,600x400,1,0.996701,1,1,TP,yolov8l_bsz4.ms,227.50,173.75,401.25,0.500,Mid (Meeting),4.63,34.06,301.13,2200.00,11499.37,306.79,,0,68,41.00,-204,3998242,-815641.37,5,fused
260106,000000260106.jpg,400x600,1,0.996694,1,1,TP,yolov8l_bsz4.ms,227.50,173.75,401.25,0.500,Mid (Meeting),4.63,34.06,301.13,2200.00,11499.37,306.79,,0,68,41.00,-204,3998242,-815641.37,5,fused
169996,000000169996.jpg,640x480,1,0.996693,1,1,TP,yolov8l_bsz4.ms,227.50,173.75,401.25,0.500,Mid (Meeting),4.63,34.06,301.13,2200.00,11499.37,306.79,,0,68,41.00,-204,3998242,-815641.37,5,fused
404249,000000404249.jpg,427x640,1,0.996646,1,1,TP,yolov8l_bsz4.ms,228.75,161.50,390.25,0.500,Mid (Meeting),8.11,34.06,368.18,2130.00,11499.37,233.72,,0,68,41.00,-194,3998420,-775693.48,5,fused
69224,000000069224.jpg,500x375,1,0.996638,1,1,TP,yolov8l_bsz4.ms,228.75,161.50,390.25,0.500,Mid (Meeting),8.11,34.06,368.18,2130.00,11499.37,233.72,,0,68,41.00,-194,3998420,-775693.48,5,fused
127263,000000127263.jpg,640x427,1,0.996609,1,1,TP,yolov8l_bsz4.ms,228.75,161.50,390.25,0.500,Mid (Meeting),8.11,34.06,368.18,2130.00,11499.37,233.72,,0,68,41.00,-194,3998420,-775693.48,5,fused
421455,000000421455.jpg,500x375,1,0.996550,1,1,TP,yolov8l_bsz4.ms,228.75,161.50,390.25,0.500,Mid (Meeting),8.11,34.06,368.18,2130.00,11499.37,233.72,,0,68,41.00,-194,3998420,-775693.48,5,fused
13177,000000013177.jpg,640x427,1,0.996523,1,1,TP,yolov8l_bsz4.ms,227.50,163.75,391.25,0.500,Mid (Meeting),5.46,36.71,365.71,2133.00,11499.37,232.05,,0,68,41.00,-199,3998406,-795682.79,5,fused
488251,000000488251.jpg,640x360,1,0.996489,1,1,TP,yolov8l_bsz4.ms,227.50,163.75,391.25,0.500,Mid (Meeting),5.46,36.71,365.71,2133.00,11499.37,232.05,,0,68,41.00,-199,3998406,-795682.79,5,fused
563648,000000563648.jpg,468x640,1,0.996433,1,1,TP,yolov8l_bsz4.ms,227.50,163.75,391.25,0.500,Mid (Meeting),5.46,36.71,365.71,2133.00,11499.37,232.05,,0,68,41.00,-199,3998406,-795682.79,5,fused
354307,000000354307.jpg,500x375,1,0.996424,1,1,TP,yolov8l_bsz4.ms,227.50,163.75,391.25,0.500,Mid (Meeting),5.46,36.71,365.71,2133.00,11499.37,232.05,,0,68,41.00,-199,3998406,-795682.79,5,fused
82821,000000082821.jpg,640x427,1,0.996411,1,1,TP,yolov8l_bsz4.ms,231.25,140.50,371.75,0.500,Mid (Meeting),4.91,36.70,345.40,2152.00,11499.37,247.05,,0,68,41.00,-245,3996677,-979185.86,5,fused
563349,000000563349.jpg,427x640,1,0.996378,1,1,TP,yolov8l_bsz4.ms,231.25,140.50,371.75,0.500,Mid (Meeting),4.91,36.70,345.40,2152.00,11499.37,247.05,,0,68,41.00,-245,3996677,-979185.86,5,fused
486104,000000486104.jpg,500x375,1,0.996377,1,1,TP,yolov8l_bsz4.ms,231.25,140.50,371.75,0.500,Mid (Meeting),4.91,36.70,345.40,2152.00,11499.37,247.05,,0,68,41.00,-245,3996677,-979185.86,5,fused
445792,000000445792.jpg,500x375,1,0.996344,1,1,TP,yolov8l_bsz4.ms,231.25,140.50,371.75,0.500,Mid (Meeting),4.91,36.70,345.40,2152.00,11499.37,247.05,,0,68,41.00,-245,3996677,-979185.86,5,fused
286458,000000286458.jpg,455x310,1,0.996276,0,0,FP,yolov8l_bsz4.ms,230.00,164.50,394.50,0.500,Mid (Meeting),4.80,36.70,298.64,2195.00,11499.37,286.48,,0,68,41.00,-201,3997907,-803579.31,5,fused
565853,000000565853.jpg,500x375,1,0.996267,1,1,TP,yolov8l_bsz4.ms,230.00,164.50,394.50,0.500,Mid (Meeting),4.80,36.70,298.64,2195.00,11499.37,286.48,,0,68,41.00,-201,3997907,-803579.31,5,fused
454798,000000454798.jpg,640x425,1,0.996263,1,1,TP,yolov8l_bsz4.ms,230.00,164.50,394.50,0.500,Mid (Meeting),4.80,36.70,298.64,2195.00,11499.37,286.48,,0,68,41.00,-201,3997907,-803579.31,5,fused
551804,000000551804.jpg,640x427,1,0.996251,1,1,TP,yolov8l_bsz4.ms,230.00,164.50,394.50,0.500,Mid (Meeting),4.80,36.70,298.64,2195.00,11499.37,286.48,,0,68,41.00,-201,3997907,-803579.31,5,fused
1353,000000001353.jpg,375x500,1,0.996249,1,1,TP,yolov8l_bsz4.ms,228.00,180.75,408.75,0.500,Mid (Meeting),4.66,36.07,367.89,2131.00,11499.37,245.00,,0,68,41.00,-172,3998807,-687794.80,5,fused
356531,000000356531.jpg,640x480,1,0.996210,1,1,TP,yolov8l_bsz4.ms,228.00,180.75,408.75,0.500,Mid (Meeting),4.66,36.07,367.89,2131.00,11499.37,245.00,,0,68,41.00,-172,3998807,-687794.80,5,fused
374982,000000374982.jpg,375x500,1,0.996183,1,1,TP,yolov8l_bsz4.ms,228.00,180.75,408.75,0.500,Mid (Meeting),4.66,36.07,367.89,2131.00,11499.37,245.00,,0,68,41.00,-172,3998807,-687794.80,5,fused
407002,000000407002.jpg,480x640,1,0.996162,1,1,TP,yolov8l_bsz4.ms,228.00,180.75,408.75,0.500,Mid (Meeting),4.66,36.07,367.89,2131.00,11499.37,245.00,,0,68,41.00,-172,3998807,-687794.80,5,fused
175251,000000175251.jpg,612x612,1,0.996161,1,1,TP,yolov8l_bsz4.ms,231.00,179.00,410.00,0.500,Mid (Meeting),4.63,35.50,367.55,2132.00,11499.37,240.58,,0,68,41.00,-202,3997956,-807587.11,5,fused
121497,000000121497.jpg,640x480,1,0.996149,1,1,TP,yolov8l_bsz4.ms,231.00,179.00,410.00,0.500,Mid (Meeting),4.63,35.50,367.55,2132.00,11499.37,240.58,,0,68,41.00,-202,3997956,-807587.11,5,fused
343937,000000343937.jpg,640x428,1,0.996118,1,1,TP,yolov8l_bsz4.ms,231.00,179.00,410.00,0.500,Mid (Meeting),4.63,35.50,367.55,2132.00,11499.37,240.58,,0,68,41.00,-202,3997956,-807587.11,5,fused
333402,000000333402.jpg,640x425,1,0.996081,1,1,TP,yolov8l_bsz4.ms,231.00,179.00,410.00,0.500,Mid (Meeting),4.63,35.50,367.55,2132.00,11499.37,240.58,,0,68,41.00,-202,3997956,-807587.11,5,fused
128699,000000128699.jpg,351x500,1,0.996037,1,1,TP,yolov8l_bsz4.ms,228.25,165.00,393.25,0.500,Mid (Meeting),8.24,35.50,349.01,2153.00,11499.37,253.64,,0,68,41.00,-178,3998590,-711749.02,5,fused
102805,000000102805.jpg,640x426,1,0.996034,1,1,TP,yolov8l_bsz4.ms,228.25,165.00,393.25,0.500,Mid (Meeting),8.24,35.50,349.01,2153.00,11499.37,253.64,,0,68,41.00,-178,3998590,-711749.02,5,fused
185250,000000185250.jpg,399x640,1,0.996022,1,1,TP,yolov8l_bsz4.ms,228.25,165.00,393.25,0.500,Mid (Meeting),8.24,35.50,349.01,2153.00,11499.37,253.64,,0,68,41.00,-178,3998590,-711749.02,5,fused
275392,000000275392.jpg,480x640,1,0.996018,1,1,TP,yolov8l_bsz4.ms,228.25,165.00,393.25,0.500,Mid (Meeting),8.24,35.50,349.01,2153.00,11499.37,253.64,,0,68,41.00,-178,3998590,-711749.02,5,fused
561958,000000561958.jpg,640x480,1,0.995951,1,1,TP,yolov8l_bsz4.ms,228.00,166.75,394.75,0.500,Mid (Meeting),5.21,30.53,296.34,2204.00,11499.37,301.87,,0,68,41.00,-190,3998284,-759673.96,5,fused
398905,000000398905.jpg,640x427,1,0.995944,1,1,TP,yolov8l_bsz4.ms,228.00,166.75,394.75,0.500,Mid (Meeting),5.21,30.53,296.34,2204.00,11499.37,301.87,,0,68,41.00,-190,3998284,-759673.96,5,fused
82986,000000082986.jpg,640x444,1,0.995913,1,1,TP,yolov8l_bsz4.ms,228.00,166.75,394.75,0.500,Mid (Meeting),5.21,30.53,296.34,2204.00,11499.37,301.87,,0,68,41.00,-190,3998284,-759673.96,5,fused
227491,000000227491.jpg,640x480,1,0.995900,1,1,TP,yolov8l_bsz4.ms,228.00,166.75,394.75,0.500,Mid (Meeting),5.21,30.53,296.34,2204.00,11499.37,301.87,,0,68,41.00,-190,3998284,-759673.96,5,fused
530061,000000530061.jpg,640x455,1,0.995887,1,1,TP,yolov8l_bsz4.ms,227.75,165.25,393.00,0.500,Mid (Meeting),4.78,31.94,367.99,2132.00,11499.37,225.77,,0,68,41.00,-175,3998671,-699767.43,5,fused
554002,000000554002.jpg,640x425,1,0.995879,1,1,TP,yolov8l_bsz4.ms,227.75,165.25,393.00,0.500,Mid (Meeting),4.78,31.94,367.99,2132.00,11499.37,225.77,,0,68,41.00,-175,3998671,-699767.43,5,fused
471023,000000471023.jpg,640x426,1,0.995863,1,1,TP,yolov8l_bsz4.ms,227.75,165.25,393.00,0.500,Mid (Meeting),4.78,31.94,367.99,2132.00,11499.37,225.77,,0,68,41.00,-175,3998671,-699767.43,5,fused
394510,000000394510.jpg,640x480,1,0.995802,1,1,TP,yolov8l_bsz4.ms,227.75,165.25,393.00,0.500,Mid (Meeting),4.78,31.94,367.99,2132.00,11499.37,225.77,,0,68,41.00,-175,3998671,-699767.43,5,fused
478721,000000478721.jpg,640x480,1,0.995770,1,1,TP,yolov8l_bsz4.ms,228.75,164.75,393.50,0.500,Mid (Meeting),4.63,31.94,367.78,2145.00,11499.37,233.16,,0,68,41.00,-186,3998223,-743669.48,5,fused
322163,000000322163.jpg,640x480,1,0.995763,1,1,TP,yolov8l_bsz4.ms,228.75,164.75,393.50,0.500,Mid (Meeting),4.63,31.94,367.78,2145.00,11499.37,233.16,,0,68,41.00,-186,3998223,-743669.48,5,fused
337055,000000337055.jpg,640x427,1,0.995725,1,1,TP,yolov8l_bsz4.ms,228.75,164.75,393.50,0.500,Mid (Meeting),4.63,31.94,367.78,2145.00,11499.37,233.16,,0,68,41.00,-186,3998223,-743669.48,5,fused
542127,000000542127.jpg,640x426,1,0.995705,1,1,TP,yolov8l_bsz4.ms,228.75,164.75,393.50,0.500,Mid (Meeting),4.63,31.94,367.78,2145.00,11499.37,233.16,,0,68,41.00,-186,3998223,-743669.48,5,fused
105264,000000105264.jpg,640x427,1,0.995675,1,1,TP,yolov8l_bsz4.ms,224.25,179.50,403.75,0.500,Mid (Meeting),4.61,32.56,345.50,2165.00,11499.37,261.41,,0,68,41.00,-195,3998019,-779613.70,5,fused
146358,000000146358.jpg,388x640,1,0.995649,1,1,TP,yolov8l_bsz4.ms,224.25,179.50,403.75,0.500,Mid (Meeting),4.61,32.56,345.50,2165.00,11499.37,261.41,,0,68,41.00,-195,3998019,-779613.70,5,fused
162092,000000162092.jpg,640x640,1,0.995601,1,1,TP,yolov8l_bsz4.ms,224.25,179.50,403.75,0.500,Mid (Meeting),4.61,32.56,345.50,2165.00,11499.37,261.41,,0,68,41.00,-195,3998019,-779613.70,5,fused
442746,000000442746.jpg,500x375,1,0.995579,1,1,TP,yolov8l_bsz4.ms,224.25,179.50,403.75,0.500,Mid (Meeting),4.61,32.56,345.50,2165.00,11499.37,261.41,,0,68,41.00,-195,3998019,-779613.70,5,fused
522889,000000522889.jpg,424x640,1,0.995560,1,1,TP,yolov8l_bsz4.ms,229.50,175.50,405.00,0.500,Mid (Meeting),4.54,36.17,301.05,2188.00,11499.37,267.16,,0,68,41.00,-296,3994601,-1182401.90,5,fused
38210,000000038210.jpg,428x640,1,0.995528,1,1,TP,yolov8l_bsz4.ms,229.50,175.50,405.00,0.500,Mid (Meeting),4.54,36.17,301.05,2188.00,11499.37,267.16,,0,68,41.00,-296,3994601,-1182401.90,5,fused
449312,000000449312.jpg,640x578,1,0.995486,1,1,TP,yolov8l_bsz4.ms,229.50,175.50,405.00,0.500,Mid (Meeting),4.54,36.17,301.05,2188.00,11499.37,267.16,,0,68,41.00,-296,3994601,-1182401.90,5,fused
295316,000000295316.jpg,640x480,1,0.995439,1,1,TP,yolov8l_bsz4.ms,229.50,175.50,405.00,0.500,Mid (Meeting),4.54,36.17,301.05,2188.00,11499.37,267.16,,0,68,41.00,-296,3994601,-1182401.90,5,fused
140840,000000140840.jpg,500x281,1,0.995388,1,1,TP,yolov8l_bsz4.ms,229.50,155.75,385.25,0.500,Mid (Meeting),8.39,36.17,367.72,2132.00,11499.37,228.09,,0,68,41.00,-193,3997366,-771491.64,5,fused
133567,000000133567.jpg,640x428,1,0.995380,1,1,TP,yolov8l_bsz4.ms,229.50,155.75,385.25,0.500,Mid (Meeting),8.39,36.17,367.72,2132.00,11499.37,228.09,,0,68,41.00,-193,3997366,-771491.64,5,fused
187585,000000187585.jpg,640x436,1,0.995368,1,1,TP,yolov8l_bsz4.ms,229.50,155.75,385.25,0.500,Mid (Meeting),8.39,36.17,367.72,2132.00,11499.37,228.09,,0,68,41.00,-193,3997366,-771491.64,5,fused
303713,000000303713.jpg,427x640,1,0.995318,1,1,TP,yolov8l_bsz4.ms,229.50,155.75,385.25,0.500,Mid (Meeting),8.39,36.17,367.72,2132.00,11499.37,228.09,,0,68,41.00,-193,3997366,-771491.64,5,fused
142790,000000142790.jpg,500x375,1,0.995296,1,1,TP,yolov8l_bsz4.ms,230.25,163.50,393.75,0.500,Mid (Meeting),4.83,34.56,367.08,2157.00,11499.37,248.95,,0,68,41.00,-197,3997204,-787449.19,5,fused
181303,000000181303.jpg,640x358,1,0.995266,1,1,TP,yolov8l_bsz4.ms,230.25,163.50,393.75,0.500,Mid (Meeting),4.83,34.56,367.08,2157.00,11499.37,248.95,,0,68,41.00,-197,3997204,-787449.19,5,fused
352684,000000352684.jpg,424x640,1,0.995201,1,1,TP,yolov8l_bsz4.ms,230.25,163.50,393.75,0.500,Mid (Meeting),4.83,34.56,367.08,2157.00,11499.37,248.95,,0,68,41.00,-197,3997204,-787449.19,5,fused
424642,000000424642.jpg,500x375,1,0.995186,1,1,TP,yolov8l_bsz4.ms,230.25,163.50,393.75,0.500,Mid (Meeting),4.83,34.56,367.08,2157.00,11499.37,248.95,,0,68,41.00,-197,3997204,-787449.19,5,fused
314251,000000314251.jpg,640x480,1,0.995153,1,1,TP,yolov8l_bsz4.ms,227.75,164.75,392.50,0.500,Mid (Meeting),4.66,36.37,345.10,2177.00,11499.37,264.33,,0,68,41.00,-199,3997374,-795477.43,5,fused
389197,000000389197.jpg,640x426,1,0.995130,1,1,TP,yolov8l_bsz4.ms,227.75,164.75,392.50,0.500,Mid (Meeting),4.66,36.37,345.10,2177.00,11499.37,264.33,,0,68,41.00,-199,3997374,-795477.43,5,fused
222118,000000222118.jpg,640x427,1,0.995102,1,1,TP,yolov8l_bsz4.ms,227.75,164.75,392.50,0.500,Mid (Meeting),4.66,36.37,345.10,2177.00,11499.37,264.33,,0,68,41.00,-199,3997374,-795477.43,5,fused
131938,000000131938.jpg,463x640,1,0.995079,0,0,FP,yolov8l_bsz4.ms,227.75,164.75,392.50,0.500,Mid (Meeting),4.66,36.37,345.10,2177.00,11499.37,264.33,,0,68,41.00,-199,3997374,-795477.43,5,fused
212226,000000212226.jpg,500x335,1,0.995000,1,1,TP,yolov8l_bsz4.ms,229.00,158.50,387.50,0.500,Mid (Meeting),4.59,36.37,290.96,2230.00,11499.37,313.26,,0,68,41.00,-178,3997943,-711633.85,5,fused
174482,000000174482.jpg,640x388,1,0.994951,0,0,FP,yolov8l_bsz4.ms,229.00,158.50,387.50,0.500,Mid (Meeting),4.59,36.37,290.96,2230.00,11499.37,313.26,,0,68,41.00,-178,3997943,-711633.85,5,fused
40757,000000040757.jpg,425x640,1,0.994947,1,1,TP,yolov8l_bsz4.ms,229.00,158.50,387.50,0.500,Mid (Meeting),4.59,36.37,290.96,2230.00,11499.37,313.26,,0,68,41.00,-178,3997943,-711633.85,5,fused
356612,000000356612.jpg,640x416,1,0.994895,1,1,TP,yolov8l_bsz4.ms,229.00,158.50,387.50,0.500,Mid (Meeting),4.59,36.37,290.96,2230.00,11499.37,313.26,,0,68,41.00,-178,3997943,-711633.85,5,fused
401862,000000401862.jpg,640x480,1,0.994883,1,1,TP,yolov8l_bsz4.ms,229.75,161.75,391.50,0.500,Mid (Meeting),4.44,35.59,367.89,2152.00,11499.37,231.23,,0,68,41.00,-180,3997979,-719636.22,5,fused
353051,000000353051.jpg,640x426,1,0.994879,1,1,TP,yolov8l_bsz4.ms,229.75,161.75,391.50,0.500,Mid (Meeting),4.44,35.59,367.89,2152.00,11499.37,231.23,,0,68,41.00,-180,3997979,-719636.22,5,fused
302107,000000302107.jpg,427x640,1,0.994876,1,1,TP,yolov8l_bsz4.ms,229.75,161.75,391.50,0.500,Mid (Meeting),4.44,35.59,367.89,2152.00,11499.37,231.23,,0,68,41.00,-180,3997979,-719636.22,5,fused
183127,000000183127.jpg,640x428,1,0.994872,1,1,TP,yolov8l_bsz4.ms,229.75,161.75,391.50,0.500,Mid (Meeting),4.44,35.59,367.89,2152.00,11499.37,231.23,,0,68,41.00,-180,3997979,-719636.22,5,fused
69213,000000069213.jpg,640x427,1,0.994809,1,1,TP,yolov8l_bsz4.ms,229.00,166.00,395.00,0.500,Mid (Meeting),4.43,36.14,367.79,2150.00,11499.37,224.83,,0,68,41.00,-244,3995739,-974960.32,5,fused
210299,000000210299.jpg,640x480,1,0.994789,1,1,TP,yolov8l_bsz4.ms,229.00,166.00,395.00,0.500,Mid (Meeting),4.43,36.14,367.79,2150.00,11499.37,224.83,,0,68,41.00,-244,3995739,-974960.32,5,fused
482917,000000482917.jpg,500x375,1,0.994727,1,1,TP,yolov8l_bsz4.ms,229.00,166.00,395.00,0.500,Mid (Meeting),4.43,36.14,367.79,2150.00,11499.37,224.83,,0,68,41.00,-244,3995739,-974960.32,5,fused
136633,000000136633.jpg,427x640,1,0.994711,1,1,TP,yolov8l_bsz4.ms,229.00,166.00,395.00,0.500,Mid (Meeting),4.43,36.14,367.79,2150.00,11499.37,224.83,,0,68,41.00,-244,3995739,-974960.32,5,fused
526728,000000526728.jpg,500x375,1,0.994687,1,1,TP,yolov8l_bsz4.ms,226.50,174.75,401.25,0.500,Mid (Meeting),4.42,36.14,344.02,2182.00,11499.37,275.59,,0,68,41.00,-190,3997297,-759486.43,5,fused
474039,000000474039.jpg,640x401,1,0.994673,1,1,TP,yolov8l_bsz4.ms,226.50,174.75,401.25,0.500,Mid (Meeting),4.42,36.14,344.02,2182.00,11499.37,275.59,,0,68,41.00,-190,3997297,-759486.43,5,fused
25603,000000025603.jpg,640x480,1,0.994657,1,1,TP,yolov8l_bsz4.ms,226.50,174.75,401.25,0.500,Mid (Meeting),4.42,36.14,344.02,2182.00,11499.37,275.59,,0,68,41.00,-190,3997297,-759486.43,5,fused
11149,000000011149.jpg,500x375,1,0.994632,1,1,TP,yolov8l_bsz4.ms,226.50,174.75,401.25,0.500,Mid (Meeting),4.42,36.14,344.02,2182.00,11499.37,275.59,,0,68,41.00,-190,3997297,-759486.43,5,fused
179642,000000179642.jpg,640x427,1,0.994623,1,1,TP,yolov8l_bsz4.ms,227.75,172.00,399.75,0.500,Mid (Meeting),4.37,29.42,291.17,2235.00,11499.37,323.64,,0,68,41.00,-169,3997916,-675647.80,5,fused
361238,000000361238.jpg,640x480,1,0.994547,1,1,TP,yolov8l_bsz4.ms,227.75,172.00,399.75,0.500,Mid (Meeting),4.37,29.42,291.17,2235.00,11499.37,323.64,,0,68,41.00,-169,3997916,-675647.80,5,fused
528705,000000528705.jpg,426x640,1,0.994541,1,1,TP,yolov8l_bsz4.ms,227.75,172.00,399.75,0.500,Mid (Meeting),4.37,29.42,291.17,2235.00,11499.37,323.64,,0,68,41.00,-169,3997916,-675647.80,5,fused
550349,000000550349.jpg,480x640,1,0.994512,1,1,TP,yolov8l_bsz4.ms,227.75,172.00,399.75,0.500,Mid (Meeting),4.37,29.42,291.17,2235.00,11499.37,323.64,,0,68,41.00,-169,3997916,-675647.80,5,fused
229358,000000229358.jpg,640x423,1,0.994511,1,1,TP,yolov8l_bsz4.ms,229.75,159.25,389.00,0.500,Mid (Meeting),4.15,31.76,370.34,2156.00,11499.37,240.94,,0,68,41.00,-167,3998060,-667676.02,5,fused
65350,000000065350.jpg,640x427,1,0.994497,1,1,TP,yolov8l_bsz4.ms,229.75,159.25,389.00,0.500,Mid (Meeting),4.15,31.76,370.34,2156.00,11499.37,240.94,,0,68,41.00,-167,3998060,-667676.02,5,fused
407650,000000407650.jpg,640x428,1,0.994471,1,1,TP,yolov8l_bsz4.ms,229.75,159.25,389.00,0.500,Mid (Meeting),4.15,31.76,370.34,2156.00,11499.37,240.94,,0,68,41.00,-167,3998060,-667676.02,5,fused
6460,000000006460.jpg,640x427,1,0.994470,1,1,TP,yolov8l_bsz4.ms,229.75,159.25,389.00,0.500,Mid (Meeting),4.15,31.76,370.34,2156.00,11499.37,240.94,,0,68,41.00,-167,3998060,-667676.02,5,fused
266981,000000266981.jpg,426x640,1,0.994452,1,1,TP,yolov8l_bsz4.ms,227.50,165.50,393.00,0.500,Mid (Meeting),4.26,31.76,366.96,2159.00,11499.37,240.07,,0,68,41.00,-189,3997426,-755513.51,5,fused
464089,000000464089.jpg,640x480,1,0.994403,1,1,TP,yolov8l_bsz4.ms,227.50,165.50,393.00,0.500,Mid (Meeting),4.26,31.76,366.96,2159.00,11499.37,240.07,,0,68,41.00,-189,3997426,-755513.51,5,fused
524850,000000524850.jpg,500x319,1,0.994369,1,1,TP,yolov8l_bsz4.ms,227.50,165.50,393.00,0.500,Mid (Meeting),4.26,31.76,366.96,2159.00,11499.37,240.07,,0,68,41.00,-189,3997426,-755513.51,5,fused
173799,000000173799.jpg,640x524,1,0.994363,1,1,TP,yolov8l_bsz4.ms,227.50,165.50,393.00,0.500,Mid (Meeting),4.26,31.76,366.96,2159.00,11499.37,240.07,,0,68,41.00,-189,3997426,-755513.51,5,fused
115870,000000115870.jpg,640x426,1,0.994357,1,1,TP,yolov8l_bsz4.ms,228.00,176.50,404.50,0.500,Mid (Meeting),4.30,31.14,345.61,2179.00,11499.37,255.24,,0,68,41.00,-213,3996558,-851266.85,5,fused
407646,000000407646.jpg,500x400,1,0.994315,1,1,TP,yolov8l_bsz4.ms,228.00,176.50,404.50,0.500,Mid (Meeting),4.30,31.14,345.61,2179.00,11499.37,255.24,,0,68,41.00,-213,3996558,-851266.85,5,fused
369370,000000369370.jpg,640x480,1,0.994295,0,0,FP,yolov8l_bsz4.ms,228.00,176.50,404.50,0.500,Mid (Meeting),4.30,31.14,345.61,2179.00,11499.37,255.24,,0,68,41.00,-213,3996558,-851266.85,5,fused
193674,000000193674.jpg,640x480,1,0.994255,1,1,TP,yolov8l_bsz4.ms,228.00,176.50,404.50,0.500,Mid (Meeting),4.30,31.14,345.61,2179.00,11499.37,255.24,,0,68,41.00,-213,3996558,-851266.85,5,fused
359540,000000359540.jpg,640x427,1,0.994223,1,1,TP,yolov8l_bsz4.ms,228.50,170.50,399.00,0.500,Mid (Meeting),4.33,31.90,289.21,2235.00,11499.37,306.31,,0,68,41.00,-165,3997977,-659666.20,5,fused
88485,000000088485.jpg,640x427,1,0.994191,1,1,TP,yolov8l_bsz4.ms,228.50,170.50,399.00,0.500,Mid (Meeting),4.33,31.90,289.21,2235.00,11499.37,306.31,,0,68,41.00,-165,3997977,-659666.20,5,fused
400044,000000400044.jpg,483x640,1,0.994168,1,1,TP,yolov8l_bsz4.ms,228.50,170.50,399.00,0.500,Mid (Meeting),4.33,31.90,289.21,2235.00,11499.37,306.31,,0,68,41.00,-165,3997977,-659666.20,5,fused
467848,000000467848.jpg,640x480,1,0.994142,1,1,TP,yolov8l_bsz4.ms,228.50,170.50,399.00,0.500,Mid (Meeting),4.33,31.90,289.21,2235.00,11499.37,306.31,,0,68,41.00,-165,3997977,-659666.20,5,fused
376206,000000376206.jpg,640x427,1,0.994103,1,1,TP,yolov8l_bsz4.ms,226.50,164.50,391.00,0.500,Mid (Meeting),4.30,31.90,369.44,2153.00,11499.37,220.18,,0,68,41.00,-209,3996686,-835307.37,5,fused
88432,000000088432.jpg,480x640,1,0.994014,0,0,FP,yolov8l_bsz4.ms,226.50,164.50,391.00,0.500,Mid (Meeting),4.30,31.90,369.44,2153.00,11499.37,220.18,,0,68,41.00,-209,3996686,-835307.37,5,fused
121242,000000121242.jpg,640x429,1,0.993911,1,1,TP,yolov8l_bsz4.ms,226.50,164.50,391.00,0.500,Mid (Meeting),4.30,31.90,369.44,2153.00,11499.37,220.18,,0,68,41.00,-209,3996686,-835307.37,5,fused
313562,000000313562.jpg,640x480,1,0.993852,1,1,TP,yolov8l_bsz4.ms,226.50,164.50,391.00,0.500,Mid (Meeting),4.30,31.90,369.44,2153.00,11499.37,220.18,,0,68,41.00,-209,3996686,-835307.37,5,fused
476514,000000476514.jpg,426x640,1,0.993843,1,1,TP,yolov8l_bsz4.ms,226.00,188.50,414.50,0.500,Mid (Meeting),4.70,36.05,368.78,2152.00,11499.37,214.34,,0,68,41.00,-229,3995960,-915074.84,5,fused
534270,000000534270.jpg,521x421,1,0.993830,1,1,TP,yolov8l_bsz4.ms,226.00,188.50,414.50,0.500,Mid (Meeting),4.70,36.05,368.78,2152.00,11499.37,214.34,,0,68,41.00,-229,3995960,-915074.84,5,fused
4765,000000004765.jpg,612x612,1,0.993758,1,1,TP,yolov8l_bsz4.ms,226.00,188.50,414.50,0.500,Mid (Meeting),4.70,36.05,368.78,2152.00,11499.37,214.34,,0,68,41.00,-229,3995960,-915074.84,5,fused
18837,000000018837.jpg,640x480,1,0.993746,1,1,TP,yolov8l_bsz4.ms,226.00,188.50,414.50,0.500,Mid (Meeting),4.70,36.05,368.78,2152.00,11499.37,214.34,,0,68,41.00,-229,3995960,-915074.84,5,fused
356248,000000356248.jpg,478x640,1,0.993736,1,1,TP,yolov8l_bsz4.ms,231.00,163.25,394.25,0.500,Mid (Meeting),4.65,38.09,345.80,2172.00,11499.37,231.54,,0,68,41.00,-165,3997798,-659636.67,5,fused
362520,000000362520.jpg,424x640,1,0.993735,1,1,TP,yolov8l_bsz4.ms,231.00,163.25,394.25,0.500,Mid (Meeting),4.65,38.09,345.80,2172.00,11499.37,231.54,,0,68,41.00,-165,3997798,-659636.67,5,fused
263679,000000263679.jpg,640x428,1,0.993691,1,1,TP,yolov8l_bsz4.ms,231.00,163.25,394.25,0.500,Mid (Meeting),4.65,38.09,345.80,2172.00,11499.37,231.54,,0,68,41.00,-165,3997798,-659636.67,5,fused
498807,000000498807.jpg,640x426,1,0.993593,1,1,TP,yolov8l_bsz4.ms,231.00,163.25,394.25,0.500,Mid (Meeting),4.65,38.09,345.80,2172.00,11499.37,231.54,,0,68,41.00,-165,3997798,-659636.67,5,fused
193743,000000193743.jpg,427x640,1,0.993552,1,1,TP,yolov8l_bsz4.ms,229.00,157.75,386.75,0.500,Mid (Meeting),4.46,38.09,290.15,2227.00,11499.37,281.99,,0,68,41.00,-212,3996311,-847217.93,5,fused
328430,000000328430.jpg,433x640,1,0.993543,1,1,TP,yolov8l_bsz4.ms,229.00,157.75,386.75,0.500,Mid (Meeting),4.46,38.09,290.15,2227.00,11499.37,281.99,,0,68,41.00,-212,3996311,-847217.93,5,fused
296649,000000296649.jpg,640x427,1,0.993537,1,1,TP,yolov8l_bsz4.ms,229.00,157.75,386.75,0.500,Mid (Meeting),4.46,38.09,290.15,2227.00,11499.37,281.99,,0,68,41.00,-212,3996311,-847217.93,5,fused
191672,000000191672.jpg,640x428,1,0.993457,1,1,TP,yolov8l_bsz4.ms,229.00,157.75,386.75,0.500,Mid (Meeting),4.46,38.09,290.15,2227.00,11499.37,281.99,,0,68,41.00,-212,3996311,-847217.93,5,fused
314177,000000314177.jpg,481x640,1,0.993425,1,1,TP,yolov8l_bsz4.ms,228.50,153.25,381.75,0.500,Mid (Meeting),4.36,36.42,367.94,2147.00,11499.37,198.84,,0,68,41.00,-190,3997005,-759430.95,5,fused
413552,000000413552.jpg,426x640,1,0.993414,1,1,TP,yolov8l_bsz4.ms,228.50,153.25,381.75,0.500,Mid (Meeting),4.36,36.42,367.94,2147.00,11499.37,198.84,,0,68,41.00,-190,3997005,-759430.95,5,fused
470952,000000470952.jpg,428x640,1,0.993407,1,1,TP,yolov8l_bsz4.ms,228.50,153.25,381.75,0.500,Mid (Meeting),4.36,36.42,367.94,2147.00,11499.37,198.84,,0,68,41.00,-190,3997005,-759430.95,5,fused
133819,000000133819.jpg,640x425,1,0.993316,1,1,TP,yolov8l_bsz4.ms,228.50,153.25,381.75,0.500,Mid (Meeting),4.36,36.42,367.94,2147.00,11499.37,198.84,,0,68,41.00,-190,3997005,-759430.95,5,fused
39480,000000039480.jpg,640x427,1,0.993276,1,1,TP,yolov8l_bsz4.ms,228.75,162.25,391.00,0.500,Mid (Meeting),4.38,37.01,364.95,2149.00,11499.37,196.82,,0,68,41.00,-224,3995738,-895045.31,5,fused
406997,000000406997.jpg,640x480,1,0.993205,1,1,TP,yolov8l_bsz4.ms,228.75,162.25,391.00,0.500,Mid (Meeting),4.38,37.01,364.95,2149.00,11499.37,196.82,,0,68,41.00,-224,3995738,-895045.31,5,fused
286523,000000286523.jpg,640x514,1,0.993160,1,1,TP,yolov8l_bsz4.ms,228.75,162.25,391.00,0.500,Mid (Meeting),4.38,37.01,364.95,2149.00,11499.37,196.82,,0,68,41.00,-224,3995738,-895045.31,5,fused
252294,000000252294.jpg,375x500,1,0.993147,1,1,TP,yolov8l_bsz4.ms,228.75,162.25,391.00,0.500,Mid (Meeting),4.38,37.01,364.95,2149.00,11499.37,196.82,,0,68,41.00,-224,3995738,-895045.31,5,fused
31093,000000031093.jpg,640x426,1,0.993136,1,1,TP,yolov8l_bsz4.ms,228.50,172.75,401.25,0.500,Mid (Meeting),4.37,37.01,345.66,2187.00,11499.37,242.57,,0,68,41.00,-216,3995931,-863121.10,5,fused
223182,000000223182.jpg,640x538,1,0.993023,1,1,TP,yolov8l_bsz4.ms,228.50,172.75,401.25,0.500,Mid (Meeting),4.37,37.01,345.66,2187.00,11499.37,242.57,,0,68,41.00,-216,3995931,-863121.10,5,fused
142472,000000142472.jpg,640x480,1,0.993016,1,1,TP,yolov8l_bsz4.ms,228.50,172.75,401.25,0.500,Mid (Meeting),4.37,37.01,345.66,2187.00,11499.37,242.57,,0,68,41.00,-216,3995931,-863121.10,5,fused
119516,000000119516.jpg,640x427,1,0.993014,1,1,TP,yolov8l_bsz4.ms,228.50,172.75,401.25,0.500,Mid (Meeting),4.37,37.01,345.66,2187.00,11499.37,242.57,,0,68,41.00,-216,3995931,-863121.10,5,fused
251572,000000251572.jpg,640x426,1,0.993012,1,1,TP,yolov8l_bsz4.ms,226.75,161.25,388.00,0.500,Mid (Meeting),6.56,34.29,290.04,2243.00,11499.37,290.13,,0,68,41.00,-210,3996071,-839174.91,5,fused
397279,000000397279.jpg,640x427,1,0.992990,1,1,TP,yolov8l_bsz4.ms,226.75,161.25,388.00,0.500,Mid (Meeting),6.56,34.29,290.04,2243.00,11499.37,290.13,,0,68,41.00,-210,3996071,-839174.91,5,fused
476119,000000476119.jpg,640x427,1,0.992980,1,1,TP,yolov8l_bsz4.ms,226.75,161.25,388.00,0.500,Mid (Meeting),6.56,34.29,290.04,2243.00,11499.37,290.13,,0,68,41.00,-210,3996071,-839174.91,5,fused
84270,000000084270.jpg,640x480,1,0.992971,1,1,TP,yolov8l_bsz4.ms,226.75,161.25,388.00,0.500,Mid (Meeting),6.56,34.29,290.04,2243.00,11499.37,290.13,,0,68,41.00,-210,3996071,-839174.91,5,fused
431693,000000431693.jpg,640x426,1,0.992918,1,1,TP,yolov8l_bsz4.ms,230.25,185.00,415.25,0.500,Mid (Meeting),5.03,37.19,368.10,2172.00,11499.37,239.06,,0,68,41.00,-189,3996547,-755347.38,5,fused
435081,000000435081.jpg,500x500,1,0.992903,0,0,FP,yolov8l_bsz4.ms,230.25,185.00,415.25,0.500,Mid (Meeting),5.03,37.19,368.10,2172.00,11499.37,239.06,,0,68,41.00,-189,3996547,-755347.38,5,fused
488710,000000488710.jpg,500x400,1,0.992868,1,1,TP,yolov8l_bsz4.ms,230.25,185.00,415.25,0.500,Mid (Meeting),5.03,37.19,368.10,2172.00,11499.37,239.06,,0,68,41.00,-189,3996547,-755347.38,5,fused
443426,000000443426.jpg,480x640,1,0.992811,1,1,TP,yolov8l_bsz4.ms,230.25,185.00,415.25,0.500,Mid (Meeting),5.03,37.19,368.10,2172.00,11499.37,239.06,,0,68,41.00,-189,3996547,-755347.38,5,fused
145020,000000145020.jpg,640x361,1,0.992740,1,1,TP,yolov8l_bsz4.ms,231.00,146.50,377.50,0.500,Mid (Meeting),4.72,37.19,366.35,2170.00,11499.37,231.32,,0,68,41.00,-268,3994203,-1070446.40,6,fused
338304,000000338304.jpg,425x640,1,0.992647,1,1,TP,yolov8l_bsz4.ms,231.00,146.50,377.50,0.500,Mid (Meeting),4.72,37.19,366.35,2170.00,11499.37,231.32,,0,68,41.00,-268,3994203,-1070446.40,6,fused
215259,000000215259.jpg,336x500,1,0.992594,1,1,TP,yolov8l_bsz4.ms,231.00,146.50,377.50,0.500,Mid (Meeting),4.72,37.19,366.35,2170.00,11499.37,231.32,,0,68,41.00,-268,3994203,-1070446.40,6,fused
308394,000000308394.jpg,640x428,1,0.992587,1,1,TP,yolov8l_bsz4.ms,231.00,146.50,377.50,0.500,Mid (Meeting),4.72,37.19,366.35,2170.00,11499.37,231.32,,0,68,41.00,-268,3994203,-1070446.40,6,fused
380711,000000380711.jpg,612x612,1,0.992585,1,1,TP,yolov8l_bsz4.ms,226.50,170.25,396.75,0.500,Mid (Meeting),4.59,37.32,345.00,2178.00,11499.37,234.35,,0,68,41.00,-247,3994646,-986677.56,6,fused
181666,000000181666.jpg,640x425,1,0.992541,1,1,TP,yolov8l_bsz4.ms,226.50,170.25,396.75,0.500,Mid (Meeting),4.59,37.32,345.00,2178.00,11499.37,234.35,,0,68,41.00,-247,3994646,-986677.56,6,fused
433103,000000433103.jpg,640x425,1,0.992524,1,1,TP,yolov8l_bsz4.ms,226.50,170.25,396.75,0.500,Mid (Meeting),4.59,37.32,345.00,2178.00,11499.37,234.35,,0,68,41.00,-247,3994646,-986677.56,6,fused
50638,000000050638.jpg,640x393,1,0.992442,1,1,TP,yolov8l_bsz4.ms,226.50,170.25,396.75,0.500,Mid (Meeting),4.59,37.32,345.00,2178.00,11499.37,234.35,,0,68,41.00,-247,3994646,-986677.56,6,fused
7511,000000007511.jpg,640x480,1,0.992346,1,1,TP,yolov8l_bsz4.ms,230.25,156.25,386.50,0.500,Mid (Meeting),4.53,39.18,291.27,2232.00,11499.37,284.28,,0,68,41.00,-323,3992133,-1289458.96,6,fused
259597,000000259597.jpg,640x312,1,0.992345,1,1,TP,yolov8l_bsz4.ms,230.25,156.25,386.50,0.500,Mid (Meeting),4.53,39.18,291.27,2232.00,11499.37,284.28,,0,68,41.00,-323,3992133,-1289458.96,6,fused
96427,000000096427.jpg,640x427,1,0.992330,1,1,TP,yolov8l_bsz4.ms,230.25,156.25,386.50,0.500,Mid (Meeting),4.53,39.18,291.27,2232.00,11499.37,284.28,,0,68,41.00,-323,3992133,-1289458.96,6,fused
511647,000000511647.jpg,640x480,1,0.992291,1,1,TP,yolov8l_bsz4.ms,230.25,156.25,386.50,0.500,Mid (Meeting),4.53,39.18,291.27,2232.00,11499.37,284.28,,0,68,41.00,-323,3992133,-1289458.96,6,fused
111609,000000111609.jpg,640x429,1,0.992290,1,1,TP,yolov8l_bsz4.ms,226.00,100.25,326.25,0.500,Mid (Meeting),4.30,39.18,369.80,2402.00,11499.37,404.84,,0,68,41.00,-1678,3952642,-6632533.28,6,fused
450303,000000450303.jpg,640x480,1,0.992160,1,1,TP,yolov8l_bsz4.ms,226.00,100.25,326.25,0.500,Mid (Meeting),4.30,39.18,369.80,2402.00,11499.37,404.84,,0,68,41.00,-1678,3952642,-6632533.28,6,fused
9891,000000009891.jpg,640x480,1,0.992124,1,1,TP,yolov8l_bsz4.ms,226.00,100.25,326.25,0.500,Mid (Meeting),4.30,39.18,369.80,2402.00,11499.37,404.84,,0,68,41.00,-1678,3952642,-6632533.28,6,fused
430073,000000430073.jpg,640x480,1,0.992102,1,1,TP,yolov8l_bsz4.ms,226.00,100.25,326.25,0.500,Mid (Meeting),4.30,39.18,369.80,2402.00,11499.37,404.84,,0,68,41.00,-1678,3952642,-6632533.28,6,fused
365745,000000365745.jpg,640x480,1,0.992054,1,1,TP,yolov8l_bsz4.ms,230.50,132.00,362.50,0.500,Mid (Meeting),8.19,45.26,366.12,2130.00,11499.37,192.88,,0,68,41.00,-408,3986048,-1626307.58,6,fused
369037,000000369037.jpg,425x640,1,0.991990,1,1,TP,yolov8l_bsz4.ms,230.50,132.00,362.50,0.500,Mid (Meeting),8.19,45.26,366.12,2130.00,11499.37,192.88,,0,68,41.00,-408,3986048,-1626307.58,6,fused
523100,000000523100.jpg,480x640,1,0.991932,1,1,TP,yolov8l_bsz4.ms,230.50,132.00,362.50,0.500,Mid (Meeting),8.19,45.26,366.12,2130.00,11499.37,192.88,,0,68,41.00,-408,3986048,-1626307.58,6,fused
131556,000000131556.jpg,640x425,1,0.991751,1,1,TP,yolov8l_bsz4.ms,230.50,132.00,362.50,0.500,Mid (Meeting),8.19,45.26,366.12,2130.00,11499.37,192.88,,0,68,41.00,-408,3986048,-1626307.58,6,fused
23034,000000023034.jpg,640x427,1,0.991670,1,1,TP,yolov8l_bsz4.ms,232.75,163.75,396.50,0.500,Mid (Meeting),4.55,73.41,345.74,2052.00,11499.37,167.07,,0,68,42.00,-731,3976767,-2907016.68,6,fused
347265,000000347265.jpg,427x640,1,0.991644,1,1,TP,yolov8l_bsz4.ms,232.75,163.75,396.50,0.500,Mid (Meeting),4.55,73.41,345.74,2052.00,11499.37,167.07,,0,68,42.00,-731,3976767,-2907016.68,6,fused
147729,000000147729.jpg,500x375,1,0.991623,1,1,TP,yolov8l_bsz4.ms,232.75,163.75,396.50,0.500,Mid (Meeting),4.55,73.41,345.74,2052.00,11499.37,167.07,,0,68,42.00,-731,3976767,-2907016.68,6,fused
23359,000000023359.jpg,640x428,1,0.991562,1,1,TP,yolov8l_bsz4.ms,232.75,163.75,396.50,0.500,Mid (Meeting),4.55,73.41,345.74,2052.00,11499.37,167.07,,0,68,42.00,-731,3976767,-2907016.68,6,fused
546823,000000546823.jpg,640x480,1,0.991559,1,1,TP,yolov8l_bsz4.ms,227.50,139.50,367.00,0.500,Mid (Meeting),4.28,73.41,426.31,1934.00,11499.37,264.76,,0,68,42.00,-731,3976767,-2907016.68,6,fused
335328,000000335328.jpg,512x640,1,0.991486,1,1,TP,yolov8l_bsz4.ms,227.50,139.50,367.00,0.500,Mid (Meeting),4.28,73.41,426.31,1934.00,11499.37,264.76,,0,68,42.00,-731,3976767,-2907016.68,6,fused
378244,000000378244.jpg,427x640,1,0.991297,1,1,TP,yolov8l_bsz4.ms,227.50,139.50,367.00,0.500,Mid (Meeting),4.28,73.41,426.31,1934.00,11499.37,264.76,,0,68,42.00,-731,3976767,-2907016.68,6,fused
307172,000000307172.jpg,640x425,1,0.991198,1,1,TP,yolov8l_bsz4.ms,227.50,139.50,367.00,0.500,Mid (Meeting),4.28,73.41,426.31,1934.00,11499.37,264.76,,0,68,42.00,-731,3976767,-2907016.68,6,fused
551820,000000551820.jpg,640x425,1,0.991185,1,1,TP,yolov8l_bsz4.ms,232.00,166.50,398.50,0.500,Mid (Meeting),4.25,72.91,348.52,1944.00,11499.37,293.10,,0,68,42.00,-369,3986404,-1470983.08,6,fused
182441,000000182441.jpg,640x399,1,0.991178,1,1,TP,yolov8l_bsz4.ms,232.00,166.50,398.50,0.500,Mid (Meeting),4.25,72.91,348.52,1944.00,11499.37,293.10,,0,68,42.00,-369,3986404,-1470983.08,6,fused
395388,000000395388.jpg,480x640,1,0.991129,1,1,TP,yolov8l_bsz4.ms,232.00,166.50,398.50,0.500,Mid (Meeting),4.25,72.91,348.52,1944.00,11499.37,293.10,,0,68,42.00,-369,3986404,-1470983.08,6,fused
565563,000000565563.jpg,640x480,1,0.991126,1,1,TP,yolov8l_bsz4.ms,232.00,166.50,398.50,0.500,Mid (Meeting),4.25,72.91,348.52,1944.00,11499.37,293.10,,0,68,42.00,-369,3986404,-1470983.08,6,fused
99182,000000099182.jpg,500x334,1,0.991111,1,1,TP,yolov8l_bsz4.ms,233.75,136.50,370.25,0.500,Mid (Meeting),4.19,62.63,425.70,1913.00,11499.37,252.00,,0,68,42.00,-439,3984865,-1749355.74,6,fused
577864,000000577864.jpg,640x426,1,0.991078,1,1,TP,yolov8l_bsz4.ms,233.75,136.50,370.25,0.500,Mid (Meeting),4.19,62.63,425.70,1913.00,11499.37,252.00,,0,68,42.00,-439,3984865,-1749355.74,6,fused
168974,000000168974.jpg,375x500,1,0.991065,1,1,TP,yolov8l_bsz4.ms,233.75,136.50,370.25,0.500,Mid (Meeting),4.19,62.63,425.70,1913.00,11499.37,252.00,,0,68,42.00,-439,3984865,-1749355.74,6,fused
291619,000000291619.jpg,640x427,1,0.991060,1,1,TP,yolov8l_bsz4.ms,233.75,136.50,370.25,0.500,Mid (Meeting),4.19,62.63,425.70,1913.00,11499.37,252.00,,0,68,42.00,-439,3984865,-1749355.74,6,fused
119365,000000119365.jpg,480x640,1,0.991013,1,1,TP,yolov8l_bsz4.ms,230.25,165.00,395.25,0.500,Mid (Meeting),4.23,62.63,311.82,2050.00,11499.37,377.81,,0,68,42.00,-270,3990320,-1077386.40,6,fused
580294,000000580294.jpg,640x443,1,0.990798,1,1,TP,yolov8l_bsz4.ms,230.25,165.00,395.25,0.500,Mid (Meeting),4.23,62.63,311.82,2050.00,11499.37,377.81,,0,68,42.00,-270,3990320,-1077386.40,6,fused
468505,000000468505.jpg,640x480,1,0.990734,1,1,TP,yolov8l_bsz4.ms,230.25,165.00,395.25,0.500,Mid (Meeting),4.23,62.63,311.82,2050.00,11499.37,377.81,,0,68,42.00,-270,3990320,-1077386.40,6,fused
341719,000000341719.jpg,640x480,1,0.990706,1,1,TP,yolov8l_bsz4.ms,230.25,165.00,395.25,0.500,Mid (Meeting),4.23,62.63,311.82,2050.00,11499.37,377.81,,0,68,42.00,-270,3990320,-1077386.40,6,fused
170116,000000170116.jpg,640x480,1,0.990695,1,1,TP,yolov8l_bsz4.ms,232.50,167.75,400.25,0.500,Mid (Meeting),4.20,55.94,389.09,1967.00,11499.37,285.50,,0,68,42.00,-192,3992720,-766602.24,6,fused
563470,000000563470.jpg,640x427,1,0.990688,1,1,TP,yolov8l_bsz4.ms,232.50,167.75,400.25,0.500,Mid (Meeting),4.20,55.94,389.09,1967.00,11499.37,285.50,,0,68,42.00,-192,3992720,-766602.24,6,fused
391375,000000391375.jpg,640x459,1,0.990632,1,1,TP,yolov8l_bsz4.ms,232.50,167.75,400.25,0.500,Mid (Meeting),4.20,55.94,389.09,1967.00,11499.37,285.50,,0,68,42.00,-192,3992720,-766602.24,6,fused
455624,000000455624.jpg,640x427,1,0.990605,1,1,TP,yolov8l_bsz4.ms,232.50,167.75,400.25,0.500,Mid (Meeting),4.20,55.94,389.09,1967.00,11499.37,285.50,,0,68,42.00,-192,3992720,-766602.24,6,fused
510095,000000510095.jpg,640x428,1,0.990563,1,1,TP,yolov8l_bsz4.ms,230.25,150.75,381.00,0.500,Mid (Meeting),8.64,45.14,348.48,2068.00,11499.37,376.28,,0,68,42.00,-247,3991399,-985875.55,6,fused
39484,000000039484.jpg,640x437,1,0.990534,1,1,TP,yolov8l_bsz4.ms,230.25,150.75,381.00,0.500,Mid (Meeting),8.64,45.14,348.48,2068.00,11499.37,376.28,,0,68,42.00,-247,3991399,-985875.55,6,fused
351530,000000351530.jpg,640x378,1,0.990438,1,1,TP,yolov8l_bsz4.ms,230.25,150.75,381.00,0.500,Mid (Meeting),8.64,45.14,348.48,2068.00,11499.37,376.28,,0,68,42.00,-247,3991399,-985875.55,6,fused
473869,000000473869.jpg,640x427,1,0.990363,1,1,TP,yolov8l_bsz4.ms,230.25,150.75,381.00,0.500,Mid (Meeting),8.64,45.14,348.48,2068.00,11499.37,376.28,,0,68,42.00,-247,3991399,-985875.55,6,fused
507667,000000507667.jpg,500x386,1,0.990354,1,1,TP,yolov8l_bsz4.ms,236.50,176.50,413.00,0.500,Mid (Meeting),5.42,45.14,426.71,2056.00,11499.37,355.13,,0,68,42.00,-298,3990119,-1189055.46,6,fused
513283,000000513283.jpg,640x520,1,0.990317,1,1,TP,yolov8l_bsz4.ms,236.50,176.50,413.00,0.500,Mid (Meeting),5.42,45.14,426.71,2056.00,11499.37,355.13,,0,68,42.00,-298,3990119,-1189055.46,6,fused
48564,000000048564.jpg,427x640,1,0.990166,1,1,TP,yolov8l_bsz4.ms,236.50,176.50,413.00,0.500,Mid (Meeting),5.42,45.14,426.71,2056.00,11499.37,355.13,,0,68,42.00,-298,3990119,-1189055.46,6,fused
177015,000000177015.jpg,640x480,1,0.990120,1,1,TP,yolov8l_bsz4.ms,236.50,176.50,413.00,0.500,Mid (Meeting),5.42,45.14,426.71,2056.00,11499.37,355.13,,0,68,42.00,-298,3990119,-1189055.46,6,fused
367680,000000367680.jpg,450x338,1,0.990023,1,1,TP,yolov8l_bsz4.ms,229.50,177.00,406.50,0.500,Mid (Meeting),5.01,39.31,349.16,2196.00,11499.37,486.37,,0,68,42.00,-444,3985479,-1769552.68,6,fused
7278,000000007278.jpg,640x482,1,0.990007,1,1,TP,yolov8l_bsz4.ms,229.50,177.00,406.50,0.500,Mid (Meeting),5.01,39.31,349.16,2196.00,11499.37,486.37,,0,68,42.00,-444,3985479,-1769552.68,6,fused
250137,000000250137.jpg,480x640,1,0.989892,1,1,TP,yolov8l_bsz4.ms,229.50,177.00,406.50,0.500,Mid (Meeting),5.01,39.31,349.16,2196.00,11499.37,486.37,,0,68,42.00,-444,3985479,-1769552.68,6,fused
32817,000000032817.jpg,480x640,1,0.989837,1,1,TP,yolov8l_bsz4.ms,229.50,177.00,406.50,0.500,Mid (Meeting),5.01,39.31,349.16,2196.00,11499.37,486.37,,0,68,42.00,-444,3985479,-1769552.68,6,fused
101068,000000101068.jpg,640x427,1,0.989745,1,1,TP,yolov8l_bsz4.ms,229.00,163.75,392.75,0.500,Mid (Meeting),4.71,40.09,425.10,2129.00,11499.37,410.69,,0,68,42.00,-257,3991029,-1025694.45,6,fused
197388,000000197388.jpg,640x392,1,0.989670,1,1,TP,yolov8l_bsz4.ms,229.00,163.75,392.75,0.500,Mid (Meeting),4.71,40.09,425.10,2129.00,11499.37,410.69,,0,68,42.00,-257,3991029,-1025694.45,6,fused
267169,000000267169.jpg,640x428,1,0.989587,1,1,TP,yolov8l_bsz4.ms,229.00,163.75,392.75,0.500,Mid (Meeting),4.71,40.09,425.10,2129.00,11499.37,410.69,,0,68,42.00,-257,3991029,-1025694.45,6,fused
170739,000000170739.jpg,640x514,1,0.989578,0,0,FP,yolov8l_bsz4.ms,229.00,163.75,392.75,0.500,Mid (Meeting),4.71,40.09,425.10,2129.00,11499.37,410.69,,0,68,42.00,-257,3991029,-1025694.45,6,fused
65455,000000065455.jpg,500x375,1,0.989562,1,1,TP,yolov8l_bsz4.ms,230.50,182.50,413.00,0.500,Mid (Meeting),4.68,40.09,370.17,2204.00,11499.37,511.76,,0,68,42.00,-111,3995572,-443508.49,6,fused
505789,000000505789.jpg,480x640,1,0.989538,1,1,TP,yolov8l_bsz4.ms,230.50,182.50,413.00,0.500,Mid (Meeting),4.68,40.09,370.17,2204.00,11499.37,511.76,,0,68,42.00,-111,3995572,-443508.49,6,fused
117197,000000117197.jpg,640x466,1,0.989511,1,1,TP,yolov8l_bsz4.ms,230.50,182.50,413.00,0.500,Mid (Meeting),4.68,40.09,370.17,2204.00,11499.37,511.76,,0,68,42.00,-111,3995572,-443508.49,6,fused
492968,000000492968.jpg,640x425,1,0.989422,1,1,TP,yolov8l_bsz4.ms,230.50,182.50,413.00,0.500,Mid (Meeting),4.68,40.09,370.17,2204.00,11499.37,511.76,,0,68,42.00,-111,3995572,-443508.49,6,fused
161978,000000161978.jpg,640x433,1,0.989357,1,1,TP,yolov8l_bsz4.ms,229.75,168.00,397.75,0.500,Mid (Meeting),4.61,37.88,293.32,2267.00,11499.37,569.98,,0,68,42.00,-195,3993435,-778719.82,6,fused
73946,000000073946.jpg,640x428,1,0.989320,1,1,TP,yolov8l_bsz4.ms,229.75,168.00,397.75,0.500,Mid (Meeting),4.61,37.88,293.32,2267.00,11499.37,569.98,,0,68,42.00,-195,3993435,-778719.82,6,fused
356428,000000356428.jpg,500x281,1,0.989275,1,1,TP,yolov8l_bsz4.ms,229.75,168.00,397.75,0.500,Mid (Meeting),4.61,37.88,293.32,2267.00,11499.37,569.98,,0,68,42.00,-195,3993435,-778719.82,6,fused
281032,000000281032.jpg,640x427,1,0.989176,1,1,TP,yolov8l_bsz4.ms,229.75,168.00,397.75,0.500,Mid (Meeting),4.61,37.88,293.32,2267.00,11499.37,569.98,,0,68,42.00,-195,3993435,-778719.82,6,fused
467511,000000467511.jpg,416x640,1,0.989067,1,1,TP,yolov8l_bsz4.ms,228.25,154.50,382.75,0.500,Mid (Meeting),8.42,33.62,370.53,2181.00,11499.37,479.78,,0,68,42.00,-223,3992607,-890351.36,6,fused
484893,000000484893.jpg,640x428,1,0.989039,1,1,TP,yolov8l_bsz4.ms,228.25,154.50,382.75,0.500,Mid (Meeting),8.42,33.62,370.53,2181.00,11499.37,479.78,,0,68,42.00,-223,3992607,-890351.36,6,fused
110042,000000110042.jpg,425x640,1,0.988972,1,1,TP,yolov8l_bsz4.ms,228.25,154.50,382.75,0.500,Mid (Meeting),8.42,33.62,370.53,2181.00,11499.37,479.78,,0,68,42.00,-223,3992607,-890351.36,6,fused
276024,000000276024.jpg,640x480,1,0.988951,1,1,TP,yolov8l_bsz4.ms,228.25,154.50,382.75,0.500,Mid (Meeting),8.42,33.62,370.53,2181.00,11499.37,479.78,,0,68,42.00,-223,3992607,-890351.36,6,fused
381971,000000381971.jpg,640x427,1,0.988898,1,1,TP,yolov8l_bsz4.ms,229.75,153.50,383.25,0.500,Mid (Meeting),5.01,33.62,366.85,2206.00,11499.37,501.75,,0,68,42.00,-128,3995675,-511446.40,6,fused
364102,000000364102.jpg,640x398,1,0.988894,1,1,TP,yolov8l_bsz4.ms,229.75,153.50,383.25,0.500,Mid (Meeting),5.01,33.62,366.85,2206.00,11499.37,501.75,,0,68,42.00,-128,3995675,-511446.40,6,fused
26204,000000026204.jpg,640x427,1,0.988877,1,1,TP,yolov8l_bsz4.ms,229.75,153.50,383.25,0.500,Mid (Meeting),5.01,33.62,366.85,2206.00,11499.37,501.75,,0,68,42.00,-128,3995675,-511446.40,6,fused
565624,000000565624.jpg,640x375,1,0.988814,0,0,FP,yolov8l_bsz4.ms,229.75,153.50,383.25,0.500,Mid (Meeting),5.01,33.62,366.85,2206.00,11499.37,501.75,,0,68,42.00,-128,3995675,-511446.40,6,fused
490936,000000490936.jpg,480x640,1,0.988756,1,1,TP,yolov8l_bsz4.ms,228.75,166.00,394.75,0.500,Mid (Meeting),4.64,32.15,347.43,2224.00,11499.37,514.97,,0,68,42.00,-127,3995771,-507462.92,6,fused
439426,000000439426.jpg,640x480,1,0.988643,1,1,TP,yolov8l_bsz4.ms,228.75,166.00,394.75,0.500,Mid (Meeting),4.64,32.15,347.43,2224.00,11499.37,514.97,,0,68,42.00,-127,3995771,-507462.92,6,fused
408696,000000408696.jpg,640x480,1,0.988620,1,1,TP,yolov8l_bsz4.ms,228.75,166.00,394.75,0.500,Mid (Meeting),4.64,32.15,347.43,2224.00,11499.37,514.97,,0,68,42.00,-127,3995771,-507462.92,6,fused
464824,000000464824.jpg,480x640,1,0.988575,1,1,TP,yolov8l_bsz4.ms,228.75,166.00,394.75,0.500,Mid (Meeting),4.64,32.15,347.43,2224.00,11499.37,514.97,,0,68,42.00,-127,3995771,-507462.92,6,fused
331817,000000331817.jpg,640x480,1,0.988531,1,1,TP,yolov8l_bsz4.ms,232.00,183.50,415.50,0.500,Mid (Meeting),4.61,34.63,292.95,2277.00,11499.37,563.69,,0,68,42.00,-162,3994917,-647176.55,6,fused
401446,000000401446.jpg,640x480,1,0.988501,1,1,TP,yolov8l_bsz4.ms,232.00,183.50,415.50,0.500,Mid (Meeting),4.61,34.63,292.95,2277.00,11499.37,563.69,,0,68,42.00,-162,3994917,-647176.55,6,fused
158744,000000158744.jpg,640x424,1,0.988379,1,1,TP,yolov8l_bsz4.ms,232.00,183.50,415.50,0.500,Mid (Meeting),4.61,34.63,292.95,2277.00,11499.37,563.69,,0,68,42.00,-162,3994917,-647176.55,6,fused
453040,000000453040.jpg,480x640,1,0.988363,0,0,FP,yolov8l_bsz4.ms,232.00,183.50,415.50,0.500,Mid (Meeting),4.61,34.63,292.95,2277.00,11499.37,563.69,,0,68,42.00,-162,3994917,-647176.55,6,fused
118367,000000118367.jpg,640x427,1,0.988273,1,1,TP,yolov8l_bsz4.ms,230.25,175.50,405.75,0.500,Mid (Meeting),4.49,34.63,370.86,2225.00,11499.37,508.14,,0,68,42.00,-155,3995048,-619232.44,6,fused
414510,000000414510.jpg,480x640,1,0.988258,1,1,TP,yolov8l_bsz4.ms,230.25,175.50,405.75,0.500,Mid (Meeting),4.49,34.63,370.86,2225.00,11499.37,508.14,,0,68,42.00,-155,3995048,-619232.44,6,fused
45070,000000045070.jpg,640x596,1,0.988199,1,1,TP,yolov8l_bsz4.ms,230.25,175.50,405.75,0.500,Mid (Meeting),4.49,34.63,370.86,2225.00,11499.37,508.14,,0,68,42.00,-155,3995048,-619232.44,6,fused
373705,000000373705.jpg,640x427,1,0.988179,1,1,TP,yolov8l_bsz4.ms,230.25,175.50,405.75,0.500,Mid (Meeting),4.49,34.63,370.86,2225.00,11499.37,508.14,,0,68,42.00,-155,3995048,-619232.44,6,fused
376264,000000376264.jpg,640x481,1,0.988139,0,0,FP,yolov8l_bsz4.ms,226.25,158.50,384.75,0.500,Mid (Meeting),4.42,36.09,370.32,2180.00,11499.37,321.86,,0,68,42.00,-481,3984864,-1916719.58,6,fused
520659,000000520659.jpg,640x480,1,0.988105,1,1,TP,yolov8l_bsz4.ms,226.25,158.50,384.75,0.500,Mid (Meeting),4.42,36.09,370.32,2180.00,11499.37,321.86,,0,68,42.00,-481,3984864,-1916719.58,6,fused
20333,000000020333.jpg,427x640,1,0.987982,1,1,TP,yolov8l_bsz4.ms,226.25,158.50,384.75,0.500,Mid (Meeting),4.42,36.09,370.32,2180.00,11499.37,321.86,,0,68,42.00,-481,3984864,-1916719.58,6,fused
289415,000000289415.jpg,640x428,1,0.987933,1,1,TP,yolov8l_bsz4.ms,226.25,158.50,384.75,0.500,Mid (Meeting),4.42,36.09,370.32,2180.00,11499.37,321.86,,0,68,42.00,-481,3984864,-1916719.58,6,fused
210388,000000210388.jpg,640x426,1,0.987881,1,1,TP,yolov8l_bsz4.ms,228.25,168.00,396.25,0.500,Mid (Meeting),8.33,42.29,348.69,2200.00,11499.37,335.40,,0,68,42.00,-204,3993375,-814648.50,6,fused
291634,000000291634.jpg,433x640,1,0.987826,1,1,TP,yolov8l_bsz4.ms,228.25,168.00,396.25,0.500,Mid (Meeting),8.33,42.29,348.69,2200.00,11499.37,335.40,,0,68,42.00,-204,3993375,-814648.50,6,fused
133418,000000133418.jpg,640x427,1,0.987801,1,1,TP,yolov8l_bsz4.ms,228.25,168.00,396.25,0.500,Mid (Meeting),8.33,42.29,348.69,2200.00,11499.37,335.40,,0,68,42.00,-204,3993375,-814648.50,6,fused
342367,000000342367.jpg,640x480,1,0.987798,1,1,TP,yolov8l_bsz4.ms,228.25,168.00,396.25,0.500,Mid (Meeting),8.33,42.29,348.69,2200.00,11499.37,335.40,,0,68,42.00,-204,3993375,-814648.50,6,fused
246968,000000246968.jpg,640x428,1,0.987531,1,1,TP,yolov8l_bsz4.ms,226.75,176.50,403.25,0.500,Mid (Meeting),5.17,42.29,292.89,2253.00,11499.37,377.03,,0,68,42.00,-123,3995712,-491472.58,6,fused
563702,000000563702.jpg,640x427,1,0.987454,1,1,TP,yolov8l_bsz4.ms,226.75,176.50,403.25,0.500,Mid (Meeting),5.17,42.29,292.89,2253.00,11499.37,377.03,,0,68,42.00,-123,3995712,-491472.58,6,fused
574297,000000574297.jpg,640x427,1,0.987428,1,1,TP,yolov8l_bsz4.ms,226.75,176.50,403.25,0.500,Mid (Meeting),5.17,42.29,292.89,2253.00,11499.37,377.03,,0,68,42.00,-123,3995712,-491472.58,6,fused
119641,000000119641.jpg,640x480,1,0.987336,1,1,TP,yolov8l_bsz4.ms,226.75,176.50,403.25,0.500,Mid (Meeting),5.17,42.29,292.89,2253.00,11499.37,377.03,,0,68,42.00,-123,3995712,-491472.58,6,fused
109992,000000109992.jpg,640x426,1,0.987217,1,1,TP,yolov8l_bsz4.ms,230.00,179.50,409.50,0.500,Mid (Meeting),4.81,37.77,371.94,2170.00,11499.37,320.17,,0,68,42.00,-146,3995225,-583302.85,6,fused
343149,000000343149.jpg,480x640,1,0.987054,1,1,TP,yolov8l_bsz4.ms,230.00,179.50,409.50,0.500,Mid (Meeting),4.81,37.77,371.94,2170.00,11499.37,320.17,,0,68,42.00,-146,3995225,-583302.85,6,fused
4395,000000004395.jpg,425x640,1,0.986986,1,1,TP,yolov8l_bsz4.ms,230.00,179.50,409.50,0.500,Mid (Meeting),4.81,37.77,371.94,2170.00,11499.37,320.17,,0,68,42.00,-146,3995225,-583302.85,6,fused
57232,000000057232.jpg,612x612,1,0.986960,0,0,FP,yolov8l_bsz4.ms,230.00,179.50,409.50,0.500,Mid (Meeting),4.81,37.77,371.94,2170.00,11499.37,320.17,,0,68,42.00,-146,3995225,-583302.85,6,fused
309484,000000309484.jpg,533x640,1,0.986949,1,1,TP,yolov8l_bsz4.ms,228.25,178.25,406.50,0.500,Mid (Meeting),4.61,37.06,369.08,2182.00,11499.37,315.52,,0,68,42.00,-146,3995287,-583311.90,6,fused
535858,000000535858.jpg,640x426,1,0.986947,1,1,TP,yolov8l_bsz4.ms,228.25,178.25,406.50,0.500,Mid (Meeting),4.61,37.06,369.08,2182.00,11499.37,315.52,,0,68,42.00,-146,3995287,-583311.90,6,fused
96825,000000096825.jpg,640x503,1,0.986937,1,1,TP,yolov8l_bsz4.ms,228.25,178.25,406.50,0.500,Mid (Meeting),4.61,37.06,369.08,2182.00,11499.37,315.52,,0,68,42.00,-146,3995287,-583311.90,6,fused
286182,000000286182.jpg,478x640,1,0.986931,1,1,TP,yolov8l_bsz4.ms,228.25,178.25,406.50,0.500,Mid (Meeting),4.61,37.06,369.08,2182.00,11499.37,315.52,,0,68,42.00,-146,3995287,-583311.90,6,fused
171788,000000171788.jpg,427x640,1,0.986825,1,1,TP,yolov8l_bsz4.ms,228.00,185.50,413.50,0.500,Mid (Meeting),4.64,37.06,348.13,2205.00,11499.37,324.84,,0,68,42.00,-146,3995344,-583320.22,6,fused
364884,000000364884.jpg,500x354,1,0.986738,1,1,TP,yolov8l_bsz4.ms,228.00,185.50,413.50,0.500,Mid (Meeting),4.64,37.06,348.13,2205.00,11499.37,324.84,,0,68,42.00,-146,3995344,-583320.22,6,fused
47571,000000047571.jpg,639x640,1,0.986717,1,1,TP,yolov8l_bsz4.ms,228.00,185.50,413.50,0.500,Mid (Meeting),4.64,37.06,348.13,2205.00,11499.37,324.84,,0,68,42.00,-146,3995344,-583320.22,6,fused
455937,000000455937.jpg,640x480,1,0.986712,1,1,TP,yolov8l_bsz4.ms,228.00,185.50,413.50,0.500,Mid (Meeting),4.64,37.06,348.13,2205.00,11499.37,324.84,,0,68,42.00,-146,3995344,-583320.22,6,fused
207844,000000207844.jpg,640x480,1,0.986625,1,1,TP,yolov8l_bsz4.ms,230.50,188.00,418.50,0.500,Mid (Meeting),4.58,35.91,293.04,2285.00,11499.37,394.87,,0,68,42.00,-175,3994531,-699042.93,6,fused
510329,000000510329.jpg,640x480,1,0.986476,1,1,TP,yolov8l_bsz4.ms,230.50,188.00,418.50,0.500,Mid (Meeting),4.58,35.91,293.04,2285.00,11499.37,394.87,,0,68,42.00,-175,3994531,-699042.93,6,fused
529939,000000529939.jpg,640x480,1,0.986379,1,1,TP,yolov8l_bsz4.ms,230.50,188.00,418.50,0.500,Mid (Meeting),4.58,35.91,293.04,2285.00,11499.37,394.87,,0,68,42.00,-175,3994531,-699042.93,6,fused
349594,000000349594.jpg,424x500,1,0.986364,1,1,TP,yolov8l_bsz4.ms,230.50,188.00,418.50,0.500,Mid (Meeting),4.58,35.91,293.04,2285.00,11499.37,394.87,,0,68,42.00,-175,3994531,-699042.93,6,fused
107094,000000107094.jpg,640x426,1,0.986339,1,1,TP,yolov8l_bsz4.ms,228.25,159.50,387.75,0.500,Mid (Meeting),8.18,41.56,369.80,2206.00,11499.37,306.09,,0,68,42.00,-171,3994558,-683069.42,6,fused
249786,000000249786.jpg,640x428,1,0.986282,1,1,TP,yolov8l_bsz4.ms,228.25,159.50,387.75,0.500,Mid (Meeting),8.18,41.56,369.80,2206.00,11499.37,306.09,,0,68,42.00,-171,3994558,-683069.42,6,fused
463690,000000463690.jpg,640x427,1,0.986266,1,1,TP,yolov8l_bsz4.ms,228.25,159.50,387.75,0.500,Mid (Meeting),8.18,41.56,369.80,2206.00,11499.37,306.09,,0,68,42.00,-171,3994558,-683069.42,6,fused
15660,000000015660.jpg,640x348,1,0.986139,1,1,TP,yolov8l_bsz4.ms,228.25,159.50,387.75,0.500,Mid (Meeting),8.18,41.56,369.80,2206.00,11499.37,306.09,,0,68,42.00,-171,3994558,-683069.42,6,fused
80932,000000080932.jpg,480x640,1,0.985956,1,1,TP,yolov8l_bsz4.ms,227.50,181.00,408.50,0.500,Mid (Meeting),5.00,41.56,368.65,2206.00,11499.37,297.63,,0,68,42.00,-122,3995977,-487509.19,6,fused
82715,000000082715.jpg,640x427,1,0.985938,1,1,TP,yolov8l_bsz4.ms,227.50,181.00,408.50,0.500,Mid (Meeting),5.00,41.56,368.65,2206.00,11499.37,297.63,,0,68,42.00,-122,3995977,-487509.19,6,fused
179141,000000179141.jpg,640x480,1,0.985915,1,1,TP,yolov8l_bsz4.ms,227.50,181.00,408.50,0.500,Mid (Meeting),5.00,41.56,368.65,2206.00,11499.37,297.63,,0,68,42.00,-122,3995977,-487509.19,6,fused
17905,000000017905.jpg,480x640,1,0.985853,1,1,TP,yolov8l_bsz4.ms,227.50,181.00,408.50,0.500,Mid (Meeting),5.00,41.56,368.65,2206.00,11499.37,297.63,,0,68,42.00,-122,3995977,-487509.19,6,fused
276804,000000276804.jpg,512x640,1,0.985652,1,1,TP,yolov8l_bsz4.ms,228.50,172.25,400.75,0.500,Mid (Meeting),4.77,35.75,347.13,2227.00,11499.37,310.50,,0,68,42.00,-168,3994597,-671092.30,6,fused
128476,000000128476.jpg,640x427,1,0.985447,1,1,TP,yolov8l_bsz4.ms,228.50,172.25,400.75,0.500,Mid (Meeting),4.77,35.75,347.13,2227.00,11499.37,310.50,,0,68,42.00,-168,3994597,-671092.30,6,fused
184978,000000184978.jpg,480x640,1,0.985432,1,1,TP,yolov8l_bsz4.ms,228.50,172.25,400.75,0.500,Mid (Meeting),4.77,35.75,347.13,2227.00,11499.37,310.50,,0,68,42.00,-168,3994597,-671092.30,6,fused
321333,000000321333.jpg,640x397,1,0.985321,1,1,TP,yolov8l_bsz4.ms,228.50,172.25,400.75,0.500,Mid (Meeting),4.77,35.75,347.13,2227.00,11499.37,310.50,,0,68,42.00,-168,3994597,-671092.30,6,fused
206411,000000206411.jpg,640x480,1,0.985280,1,1,TP,yolov8l_bsz4.ms,230.00,186.75,416.75,0.500,Mid (Meeting),4.73,36.88,291.74,2280.00,11499.37,358.91,,0,68,42.00,-163,3994706,-651137.08,6,fused
172571,000000172571.jpg,640x361,1,0.985216,1,1,TP,yolov8l_bsz4.ms,230.00,186.75,416.75,0.500,Mid (Meeting),4.73,36.88,291.74,2280.00,11499.37,358.91,,0,68,42.00,-163,3994706,-651137.08,6,fused
173830,000000173830.jpg,593x640,1,0.985183,1,1,TP,yolov8l_bsz4.ms,230.00,186.75,416.75,0.500,Mid (Meeting),4.73,36.88,291.74,2280.00,11499.37,358.91,,0,68,42.00,-163,3994706,-651137.08,6,fused
125129,000000125129.jpg,500x333,1,0.984941,1,1,TP,yolov8l_bsz4.ms,230.00,186.75,416.75,0.500,Mid (Meeting),4.73,36.88,291.74,2280.00,11499.37,358.91,,0,68,42.00,-163,3994706,-651137.08,6,fused
80273,000000080273.jpg,640x428,1,0.984777,1,1,TP,yolov8l_bsz4.ms,230.50,165.50,396.00,0.500,Mid (Meeting),4.55,36.88,369.24,2199.00,11499.37,274.54,,0,68,42.00,-88,3996902,-351727.38,6,fused
118209,000000118209.jpg,640x480,1,0.984635,0,0,FP,yolov8l_bsz4.ms,230.50,165.50,396.00,0.500,Mid (Meeting),4.55,36.88,369.24,2199.00,11499.37,274.54,,0,68,42.00,-88,3996902,-351727.38,6,fused
389316,000000389316.jpg,640x361,1,0.984323,1,1,TP,yolov8l_bsz4.ms,230.50,165.50,396.00,0.500,Mid (Meeting),4.55,36.88,369.24,2199.00,11499.37,274.54,,0,68,42.00,-88,3996902,-351727.38,6,fused
128372,000000128372.jpg,640x427,1,0.984295,1,1,TP,yolov8l_bsz4.ms,230.50,165.50,396.00,0.500,Mid (Meeting),4.55,36.88,369.24,2199.00,11499.37,274.54,,0,68,42.00,-88,3996902,-351727.38,6,fused
317999,000000317999.jpg,612x612,1,0.984285,1,1,TP,yolov8l_bsz4.ms,226.25,154.00,380.25,0.500,Mid (Meeting),4.48,36.02,369.11,2197.00,11499.37,268.23,,0,68,42.00,-235,3992645,-938271.57,6,fused
72281,000000072281.jpg,427x640,1,0.984253,1,1,TP,yolov8l_bsz4.ms,226.25,154.00,380.25,0.500,Mid (Meeting),4.48,36.02,369.11,2197.00,11499.37,268.23,,0,68,42.00,-235,3992645,-938271.57,6,fused
64898,000000064898.jpg,640x427,1,0.984199,1,1,TP,yolov8l_bsz4.ms,226.25,154.00,380.25,0.500,Mid (Meeting),4.48,36.02,369.11,2197.00,11499.37,268.23,,0,68,42.00,-235,3992645,-938271.57,6,fused
50943,000000050943.jpg,640x319,1,0.984168,1,1,TP,yolov8l_bsz4.ms,226.25,154.00,380.25,0.500,Mid (Meeting),4.48,36.02,369.11,2197.00,11499.37,268.23,,0,68,42.00,-235,3992645,-938271.57,6,fused
561256,000000561256.jpg,640x480,1,0.984103,1,1,TP,yolov8l_bsz4.ms,228.75,186.75,415.50,0.500,Mid (Meeting),8.36,42.02,349.90,2213.00,11499.37,279.82,,0,68,42.00,-142,3995292,-567331.46,6,fused
29984,000000029984.jpg,640x492,1,0.984080,1,1,TP,yolov8l_bsz4.ms,228.75,186.75,415.50,0.500,Mid (Meeting),8.36,42.02,349.90,2213.00,11499.37,279.82,,0,68,42.00,-142,3995292,-567331.46,6,fused
291791,000000291791.jpg,640x499,1,0.983986,1,1,TP,yolov8l_bsz4.ms,228.75,186.75,415.50,0.500,Mid (Meeting),8.36,42.02,349.90,2213.00,11499.37,279.82,,0,68,42.00,-142,3995292,-567331.46,6,fused
398028,000000398028.jpg,428x640,1,0.983826,1,1,TP,yolov8l_bsz4.ms,228.75,186.75,415.50,0.500,Mid (Meeting),8.36,42.02,349.90,2213.00,11499.37,279.82,,0,68,42.00,-142,3995292,-567331.46,6,fused
44195,000000044195.jpg,361x500,1,0.983815,1,1,TP,yolov8l_bsz4.ms,230.25,201.00,431.25,0.500,Mid (Meeting),4.99,42.02,292.53,2282.00,11499.37,344.73,,0,68,42.00,-137,3995366,-547365.14,6,fused
5037,000000005037.jpg,640x425,1,0.983663,1,1,TP,yolov8l_bsz4.ms,230.25,201.00,431.25,0.500,Mid (Meeting),4.99,42.02,292.53,2282.00,11499.37,344.73,,0,68,42.00,-137,3995366,-547365.14,6,fused
149568,000000149568.jpg,640x549,1,0.983635,1,1,TP,yolov8l_bsz4.ms,230.25,201.00,431.25,0.500,Mid (Meeting),4.99,42.02,292.53,2282.00,11499.37,344.73,,0,68,42.00,-137,3995366,-547365.14,6,fused
571857,000000571857.jpg,640x426,1,0.983615,1,1,TP,yolov8l_bsz4.ms,230.25,201.00,431.25,0.500,Mid (Meeting),4.99,42.02,292.53,2282.00,11499.37,344.73,,0,68,42.00,-137,3995366,-547365.14,6,fused
227399,000000227399.jpg,640x482,1,0.983536,1,1,TP,yolov8l_bsz4.ms,230.00,155.50,385.50,0.500,Mid (Meeting),4.53,36.96,370.97,2201.00,11499.37,259.07,,0,68,42.00,-195,3993532,-778738.74,6,fused
431876,000000431876.jpg,425x640,1,0.983512,1,1,TP,yolov8l_bsz4.ms,230.00,155.50,385.50,0.500,Mid (Meeting),4.53,36.96,370.97,2201.00,11499.37,259.07,,0,68,42.00,-195,3993532,-778738.74,6,fused
31817,000000031817.jpg,334x640,1,0.983435,1,1,TP,yolov8l_bsz4.ms,230.00,155.50,385.50,0.500,Mid (Meeting),4.53,36.96,370.97,2201.00,11499.37,259.07,,0,68,42.00,-195,3993532,-778738.74,6,fused
261535,000000261535.jpg,433x640,1,0.983223,1,1,TP,yolov8l_bsz4.ms,230.00,155.50,385.50,0.500,Mid (Meeting),4.53,36.96,370.97,2201.00,11499.37,259.07,,0,68,42.00,-195,3993532,-778738.74,6,fused
199681,000000199681.jpg,640x480,1,0.983069,0,0,FP,yolov8l_bsz4.ms,230.75,174.50,405.25,0.500,Mid (Meeting),4.49,36.53,371.10,2207.00,11499.37,286.69,,0,68,42.00,-104,3996104,-415594.82,6,fused
422998,000000422998.jpg,640x427,1,0.982964,1,1,TP,yolov8l_bsz4.ms,230.75,174.50,405.25,0.500,Mid (Meeting),4.49,36.53,371.10,2207.00,11499.37,286.69,,0,68,42.00,-104,3996104,-415594.82,6,fused
76417,000000076417.jpg,640x478,1,0.982942,0,0,FP,yolov8l_bsz4.ms,230.75,174.50,405.25,0.500,Mid (Meeting),4.49,36.53,371.10,2207.00,11499.37,286.69,,0,68,42.00,-104,3996104,-415594.82,6,fused
163640,000000163640.jpg,640x457,1,0.982891,1,1,TP,yolov8l_bsz4.ms,230.75,174.50,405.25,0.500,Mid (Meeting),4.49,36.53,371.10,2207.00,11499.37,286.69,,0,68,42.00,-104,3996104,-415594.82,6,fused
339870,000000339870.jpg,640x424,1,0.982605,0,0,FP,yolov8l_bsz4.ms,230.25,165.75,396.00,0.500,Mid (Meeting),4.48,36.53,347.04,2289.00,11499.37,363.05,,0,68,42.00,-120,3995735,-479488.20,6,fused
459272,000000459272.jpg,480x640,1,0.982482,1,1,TP,yolov8l_bsz4.ms,230.25,165.75,396.00,0.500,Mid (Meeting),4.48,36.53,347.04,2289.00,11499.37,363.05,,0,68,42.00,-120,3995735,-479488.20,6,fused
240023,000000240023.jpg,480x640,1,0.982468,1,1,TP,yolov8l_bsz4.ms,230.25,165.75,396.00,0.500,Mid (Meeting),4.48,36.53,347.04,2289.00,11499.37,363.05,,0,68,42.00,-120,3995735,-479488.20,6,fused
334719,000000334719.jpg,640x413,1,0.982447,1,1,TP,yolov8l_bsz4.ms,230.25,165.75,396.00,0.500,Mid (Meeting),4.48,36.53,347.04,2289.00,11499.37,363.05,,0,68,42.00,-120,3995735,-479488.20,6,fused
581062,000000581062.jpg,500x375,1,0.982228,1,1,TP,yolov8l_bsz4.ms,231.25,205.25,436.50,0.500,Mid (Meeting),4.48,34.94,293.29,2344.00,11499.37,412.02,,0,68,42.00,-118,3995836,-471508.65,6,fused
14226,000000014226.jpg,640x480,1,0.982225,1,1,TP,yolov8l_bsz4.ms,231.25,205.25,436.50,0.500,Mid (Meeting),4.48,34.94,293.29,2344.00,11499.37,412.02,,0,68,42.00,-118,3995836,-471508.65,6,fused
385029,000000385029.jpg,640x480,1,0.982221,1,1,TP,yolov8l_bsz4.ms,231.25,205.25,436.50,0.500,Mid (Meeting),4.48,34.94,293.29,2344.00,11499.37,412.02,,0,68,42.00,-118,3995836,-471508.65,6,fused
377670,000000377670.jpg,487x640,1,0.982120,0,0,FP,yolov8l_bsz4.ms,231.25,205.25,436.50,0.500,Mid (Meeting),4.48,34.94,293.29,2344.00,11499.37,412.02,,0,68,42.00,-118,3995836,-471508.65,6,fused
570688,000000570688.jpg,640x480,1,0.982030,1,1,TP,yolov8l_bsz4.ms,229.50,191.75,421.25,0.500,Mid (Meeting),8.29,38.60,370.36,2265.00,11499.37,328.51,,0,68,42.00,-166,3994312,-663055.79,6,fused
194875,000000194875.jpg,640x574,1,0.981916,1,1,TP,yolov8l_bsz4.ms,229.50,191.75,421.25,0.500,Mid (Meeting),8.29,38.60,370.36,2265.00,11499.37,328.51,,0,68,42.00,-166,3994312,-663055.79,6,fused
54931,000000054931.jpg,427x640,1,0.981833,1,1,TP,yolov8l_bsz4.ms,229.50,191.75,421.25,0.500,Mid (Meeting),8.29,38.60,370.36,2265.00,11499.37,328.51,,0,68,42.00,-166,3994312,-663055.79,6,fused
167159,000000167159.jpg,500x375,1,0.981663,0,0,FP,yolov8l_bsz4.ms,229.50,191.75,421.25,0.500,Mid (Meeting),8.29,38.60,370.36,2265.00,11499.37,328.51,,0,68,42.00,-166,3994312,-663055.79,6,fused
191288,000000191288.jpg,600x400,1,0.981637,1,1,TP,yolov8l_bsz4.ms,230.00,180.25,410.25,0.500,Mid (Meeting),5.07,38.60,370.75,2261.00,11499.37,320.04,,0,68,42.00,-156,3994689,-623171.48,6,fused
329447,000000329447.jpg,640x505,1,0.981566,0,0,FP,yolov8l_bsz4.ms,230.00,180.25,410.25,0.500,Mid (Meeting),5.07,38.60,370.75,2261.00,11499.37,320.04,,0,68,42.00,-156,3994689,-623171.48,6,fused
551794,000000551794.jpg,640x480,1,0.981534,1,1,TP,yolov8l_bsz4.ms,230.00,180.25,410.25,0.500,Mid (Meeting),5.07,38.60,370.75,2261.00,11499.37,320.04,,0,68,42.00,-156,3994689,-623171.48,6,fused
521509,000000521509.jpg,640x427,1,0.981520,1,1,TP,yolov8l_bsz4.ms,230.00,180.25,410.25,0.500,Mid (Meeting),5.07,38.60,370.75,2261.00,11499.37,320.04,,0,68,42.00,-156,3994689,-623171.48,6,fused
116439,000000116439.jpg,429x640,1,0.981456,1,1,TP,yolov8l_bsz4.ms,229.75,146.25,376.00,0.500,Mid (Meeting),4.69,32.32,348.70,2284.00,11499.37,340.22,,0,68,42.00,-176,3994020,-702947.52,6,fused
226883,000000226883.jpg,640x480,1,0.981443,0,0,FP,yolov8l_bsz4.ms,229.75,146.25,376.00,0.500,Mid (Meeting),4.69,32.32,348.70,2284.00,11499.37,340.22,,0,68,42.00,-176,3994020,-702947.52,6,fused
465806,000000465806.jpg,640x480,1,0.981180,1,1,TP,yolov8l_bsz4.ms,229.75,146.25,376.00,0.500,Mid (Meeting),4.69,32.32,348.70,2284.00,11499.37,340.22,,0,68,42.00,-176,3994020,-702947.52,6,fused
343496,000000343496.jpg,640x393,1,0.980968,1,1,TP,yolov8l_bsz4.ms,229.75,146.25,376.00,0.500,Mid (Meeting),4.69,32.32,348.70,2284.00,11499.37,340.22,,0,68,42.00,-176,3994020,-702947.52,6,fused
128654,000000128654.jpg,500x384,1,0.980685,1,1,TP,yolov8l_bsz4.ms,228.25,175.00,403.25,0.500,Mid (Meeting),4.58,31.32,293.58,2339.00,11499.37,391.39,,0,68,42.00,-124,3995491,-495440.88,6,fused
502336,000000502336.jpg,640x431,1,0.980618,1,1,TP,yolov8l_bsz4.ms,228.25,175.00,403.25,0.500,Mid (Meeting),4.58,31.32,293.58,2339.00,11499.37,391.39,,0,68,42.00,-124,3995491,-495440.88,6,fused
512776,000000512776.jpg,500x356,1,0.980472,1,1,TP,yolov8l_bsz4.ms,228.25,175.00,403.25,0.500,Mid (Meeting),4.58,31.32,293.58,2339.00,11499.37,391.39,,0,68,42.00,-124,3995491,-495440.88,6,fused
177861,000000177861.jpg,480x640,1,0.980432,1,1,TP,yolov8l_bsz4.ms,228.25,175.00,403.25,0.500,Mid (Meeting),4.58,31.32,293.58,2339.00,11499.37,391.39,,0,68,42.00,-124,3995491,-495440.88,6,fused
525247,000000525247.jpg,640x427,1,0.980405,0,0,FP,yolov8l_bsz4.ms,230.50,172.50,403.00,0.500,Mid (Meeting),4.47,31.32,368.81,2262.00,11499.37,310.09,,0,68,42.00,-95,3996376,-379655.72,6,fused
293858,000000293858.jpg,500x451,1,0.980312,0,0,FP,yolov8l_bsz4.ms,230.50,172.50,403.00,0.500,Mid (Meeting),4.47,31.32,368.81,2262.00,11499.37,310.09,,0,68,42.00,-95,3996376,-379655.72,6,fused
503855,000000503855.jpg,640x361,1,0.980281,1,1,TP,yolov8l_bsz4.ms,230.50,172.50,403.00,0.500,Mid (Meeting),4.47,31.32,368.81,2262.00,11499.37,310.09,,0,68,42.00,-95,3996376,-379655.72,6,fused
568814,000000568814.jpg,640x359,1,0.980216,1,1,TP,yolov8l_bsz4.ms,230.50,172.50,403.00,0.500,Mid (Meeting),4.47,31.32,368.81,2262.00,11499.37,310.09,,0,68,42.00,-95,3996376,-379655.72,6,fused
35279,000000035279.jpg,640x463,1,0.980076,1,1,TP,yolov8l_bsz4.ms,227.50,176.25,403.75,0.500,Mid (Meeting),4.48,32.35,368.88,2259.00,11499.37,303.36,,0,68,42.00,-140,3995095,-559313.30,6,fused
427256,000000427256.jpg,640x512,1,0.979814,1,1,TP,yolov8l_bsz4.ms,227.50,176.25,403.75,0.500,Mid (Meeting),4.48,32.35,368.88,2259.00,11499.37,303.36,,0,68,42.00,-140,3995095,-559313.30,6,fused
119445,000000119445.jpg,640x426,1,0.979627,1,1,TP,yolov8l_bsz4.ms,227.50,176.25,403.75,0.500,Mid (Meeting),4.48,32.35,368.88,2259.00,11499.37,303.36,,0,68,42.00,-140,3995095,-559313.30,6,fused
411774,000000411774.jpg,375x500,1,0.979605,1,1,TP,yolov8l_bsz4.ms,227.50,176.25,403.75,0.500,Mid (Meeting),4.48,32.35,368.88,2259.00,11499.37,303.36,,0,68,42.00,-140,3995095,-559313.30,6,fused
102820,000000102820.jpg,427x640,1,0.979500,1,1,TP,yolov8l_bsz4.ms,231.25,171.50,402.75,0.500,Mid (Meeting),8.22,43.82,346.73,2277.00,11499.37,316.84,,0,68,42.00,-180,3993734,-718872.12,6,fused
189213,000000189213.jpg,500x375,1,0.979486,0,0,FP,yolov8l_bsz4.ms,231.25,171.50,402.75,0.500,Mid (Meeting),8.22,43.82,346.73,2277.00,11499.37,316.84,,0,68,42.00,-180,3993734,-718872.12,6,fused
443844,000000443844.jpg,640x429,1,0.979428,1,1,TP,yolov8l_bsz4.ms,231.25,171.50,402.75,0.500,Mid (Meeting),8.22,43.82,346.73,2277.00,11499.37,316.84,,0,68,42.00,-180,3993734,-718872.12,6,fused
576654,000000576654.jpg,640x427,1,0.979381,1,1,TP,yolov8l_bsz4.ms,231.25,171.50,402.75,0.500,Mid (Meeting),8.22,43.82,346.73,2277.00,11499.37,316.84,,0,68,42.00,-180,3993734,-718872.12,6,fused
147740,000000147740.jpg,640x480,1,0.979352,1,1,TP,yolov8l_bsz4.ms,227.75,192.25,420.00,0.500,Mid (Meeting),5.13,43.82,292.15,2332.00,11499.37,366.93,,0,68,42.00,-132,3995063,-527348.32,6,fused
67616,000000067616.jpg,640x480,1,0.979319,1,1,TP,yolov8l_bsz4.ms,227.75,192.25,420.00,0.500,Mid (Meeting),5.13,43.82,292.15,2332.00,11499.37,366.93,,0,68,42.00,-132,3995063,-527348.32,6,fused
532855,000000532855.jpg,640x457,1,0.979276,1,1,TP,yolov8l_bsz4.ms,227.75,192.25,420.00,0.500,Mid (Meeting),5.13,43.82,292.15,2332.00,11499.37,366.93,,0,68,42.00,-132,3995063,-527348.32,6,fused
432553,000000432553.jpg,427x640,1,0.979230,1,1,TP,yolov8l_bsz4.ms,227.75,192.25,420.00,0.500,Mid (Meeting),5.13,43.82,292.15,2332.00,11499.37,366.93,,0,68,42.00,-132,3995063,-527348.32,6,fused
68628,000000068628.jpg,640x427,1,0.979122,1,1,TP,yolov8l_bsz4.ms,229.00,180.50,409.50,0.500,Mid (Meeting),4.70,37.13,370.08,2253.00,11499.37,284.05,,0,68,42.00,-81,3996546,-323720.23,6,fused
474293,000000474293.jpg,640x480,1,0.979071,1,1,TP,yolov8l_bsz4.ms,229.00,180.50,409.50,0.500,Mid (Meeting),4.70,37.13,370.08,2253.00,11499.37,284.05,,0,68,42.00,-81,3996546,-323720.23,6,fused
322724,000000322724.jpg,640x425,1,0.978950,1,1,TP,yolov8l_bsz4.ms,229.00,180.50,409.50,0.500,Mid (Meeting),4.70,37.13,370.08,2253.00,11499.37,284.05,,0,68,42.00,-81,3996546,-323720.23,6,fused
334530,000000334530.jpg,640x459,1,0.978944,1,1,TP,yolov8l_bsz4.ms,229.00,180.50,409.50,0.500,Mid (Meeting),4.70,37.13,370.08,2253.00,11499.37,284.05,,0,68,42.00,-81,3996546,-323720.23,6,fused
163118,000000163118.jpg,640x426,1,0.978900,1,1,TP,yolov8l_bsz4.ms,225.00,197.25,422.25,0.500,Mid (Meeting),4.66,36.58,369.96,2250.00,11499.37,276.49,,0,68,42.00,-141,3994779,-563263.84,6,fused
367082,000000367082.jpg,488x500,1,0.978649,0,0,FP,yolov8l_bsz4.ms,225.00,197.25,422.25,0.500,Mid (Meeting),4.66,36.58,369.96,2250.00,11499.37,276.49,,0,68,42.00,-141,3994779,-563263.84,6,fused
381587,000000381587.jpg,428x640,1,0.978590,1,1,TP,yolov8l_bsz4.ms,225.00,197.25,422.25,0.500,Mid (Meeting),4.66,36.58,369.96,2250.00,11499.37,276.49,,0,68,42.00,-141,3994779,-563263.84,6,fused
234607,000000234607.jpg,375x500,1,0.978559,1,1,TP,yolov8l_bsz4.ms,225.00,197.25,422.25,0.500,Mid (Meeting),4.66,36.58,369.96,2250.00,11499.37,276.49,,0,68,42.00,-141,3994779,-563263.84,6,fused
378673,000000378673.jpg,640x426,1,0.978460,1,1,TP,yolov8l_bsz4.ms,229.00,157.00,386.00,0.500,Mid (Meeting),4.56,36.58,351.69,2277.00,11499.37,322.94,,0,68,42.00,-147,3994549,-587198.70,6,fused
477805,000000477805.jpg,640x427,1,0.978424,1,1,TP,yolov8l_bsz4.ms,229.00,157.00,386.00,0.500,Mid (Meeting),4.56,36.58,351.69,2277.00,11499.37,322.94,,0,68,42.00,-147,3994549,-587198.70,6,fused
437331,000000437331.jpg,640x428,1,0.978333,1,1,TP,yolov8l_bsz4.ms,229.00,157.00,386.00,0.500,Mid (Meeting),4.56,36.58,351.69,2277.00,11499.37,322.94,,0,68,42.00,-147,3994549,-587198.70,6,fused
541773,000000541773.jpg,640x480,1,0.978287,1,1,TP,yolov8l_bsz4.ms,229.00,157.00,386.00,0.500,Mid (Meeting),4.56,36.58,351.69,2277.00,11499.37,322.94,,0,68,42.00,-147,3994549,-587198.70,6,fused
359833,000000359833.jpg,480x640,1,0.978127,1,1,TP,yolov8l_bsz4.ms,229.50,167.00,396.50,0.500,Mid (Meeting),4.52,34.89,303.23,2327.00,11499.37,369.00,,0,68,42.00,-172,3993848,-686941.86,6,fused
278973,000000278973.jpg,640x426,1,0.977994,1,1,TP,yolov8l_bsz4.ms,229.50,167.00,396.50,0.500,Mid (Meeting),4.52,34.89,303.23,2327.00,11499.37,369.00,,0,68,42.00,-172,3993848,-686941.86,6,fused
361730,000000361730.jpg,640x480,1,0.977946,1,1,TP,yolov8l_bsz4.ms,229.50,167.00,396.50,0.500,Mid (Meeting),4.52,34.89,303.23,2327.00,11499.37,369.00,,0,68,42.00,-172,3993848,-686941.86,6,fused
273715,000000273715.jpg,500x373,1,0.977898,1,1,TP,yolov8l_bsz4.ms,229.50,167.00,396.50,0.500,Mid (Meeting),4.52,34.89,303.23,2327.00,11499.37,369.00,,0,68,42.00,-172,3993848,-686941.86,6,fused
395903,000000395903.jpg,640x360,1,0.977730,1,1,TP,yolov8l_bsz4.ms,229.25,152.75,382.00,0.500,Mid (Meeting),9.77,35.62,369.55,2259.00,11499.37,295.18,,0,68,42.00,-255,3991595,-1017856.72,6,fused
353180,000000353180.jpg,640x420,1,0.977702,1,1,TP,yolov8l_bsz4.ms,229.25,152.75,382.00,0.500,Mid (Meeting),9.77,35.62,369.55,2259.00,11499.37,295.18,,0,68,42.00,-255,3991595,-1017856.72,6,fused
237517,000000237517.jpg,478x640,1,0.977644,0,0,FP,yolov8l_bsz4.ms,229.25,152.75,382.00,0.500,Mid (Meeting),9.77,35.62,369.55,2259.00,11499.37,295.18,,0,68,42.00,-255,3991595,-1017856.72,6,fused
480985,000000480985.jpg,375x500,1,0.977491,1,1,TP,yolov8l_bsz4.ms,229.25,152.75,382.00,0.500,Mid (Meeting),9.77,35.62,369.55,2259.00,11499.37,295.18,,0,68,42.00,-255,3991595,-1017856.72,6,fused
21465,000000021465.jpg,500x281,1,0.977475,0,0,FP,yolov8l_bsz4.ms,232.75,159.50,392.25,0.500,Mid (Meeting),4.77,35.62,368.60,2261.00,11499.37,292.83,,0,68,42.00,-124,3995270,-495413.48,6,fused
451150,000000451150.jpg,480x640,1,0.977390,0,0,FP,yolov8l_bsz4.ms,232.75,159.50,392.25,0.500,Mid (Meeting),4.77,35.62,368.60,2261.00,11499.37,292.83,,0,68,42.00,-124,3995270,-495413.48,6,fused
275058,000000275058.jpg,427x640,1,0.977261,1,1,TP,yolov8l_bsz4.ms,232.75,159.50,392.25,0.500,Mid (Meeting),4.77,35.62,368.60,2261.00,11499.37,292.83,,0,68,42.00,-124,3995270,-495413.48,6,fused
450075,000000450075.jpg,640x480,1,0.977233,1,1,TP,yolov8l_bsz4.ms,232.75,159.50,392.25,0.500,Mid (Meeting),4.77,35.62,368.60,2261.00,11499.37,292.83,,0,68,42.00,-124,3995270,-495413.48,6,fused
233771,000000233771.jpg,640x640,1,0.977137,1,1,TP,yolov8l_bsz4.ms,232.00,183.75,415.75,0.500,Mid (Meeting),4.68,29.49,350.74,2278.00,11499.37,307.39,,0,68,42.00,-129,3995103,-515368.29,6,fused
270122,000000270122.jpg,640x427,1,0.977038,1,1,TP,yolov8l_bsz4.ms,232.00,183.75,415.75,0.500,Mid (Meeting),4.68,29.49,350.74,2278.00,11499.37,307.39,,0,68,42.00,-129,3995103,-515368.29,6,fused
258388,000000258388.jpg,640x425,1,0.977036,1,1,TP,yolov8l_bsz4.ms,232.00,183.75,415.75,0.500,Mid (Meeting),4.68,29.49,350.74,2278.00,11499.37,307.39,,0,68,42.00,-129,3995103,-515368.29,6,fused
287291,000000287291.jpg,500x375,1,0.976942,1,1,TP,yolov8l_bsz4.ms,232.00,183.75,415.75,0.500,Mid (Meeting),4.68,29.49,350.74,2278.00,11499.37,307.39,,0,68,42.00,-129,3995103,-515368.29,6,fused
397681,000000397681.jpg,640x640,1,0.976858,1,1,TP,yolov8l_bsz4.ms,225.00,193.25,418.25,0.500,Mid (Meeting),4.54,29.70,428.58,2200.00,11499.37,224.82,,0,68,42.00,-185,3993314,-738763.09,6,fused
161397,000000161397.jpg,640x480,1,0.976773,1,1,TP,yolov8l_bsz4.ms,225.00,193.25,418.25,0.500,Mid (Meeting),4.54,29.70,428.58,2200.00,11499.37,224.82,,0,68,42.00,-185,3993314,-738763.09,6,fused
292024,000000292024.jpg,612x612,1,0.976415,1,1,TP,yolov8l_bsz4.ms,225.00,193.25,418.25,0.500,Mid (Meeting),4.54,29.70,428.58,2200.00,11499.37,224.82,,0,68,42.00,-185,3993314,-738763.09,6,fused
56350,000000056350.jpg,612x612,1,0.976360,1,1,TP,yolov8l_bsz4.ms,225.00,193.25,418.25,0.500,Mid (Meeting),4.54,29.70,428.58,2200.00,11499.37,224.82,,0,68,42.00,-185,3993314,-738763.09,6,fused
350122,000000350122.jpg,640x480,1,0.976340,1,1,TP,yolov8l_bsz4.ms,224.75,177.25,402.00,0.500,Mid (Meeting),4.49,29.70,509.75,2133.00,11499.37,277.27,,0,68,42.00,-273,3990871,-1089507.78,6,fused
100624,000000100624.jpg,640x427,1,0.976158,1,1,TP,yolov8l_bsz4.ms,224.75,177.25,402.00,0.500,Mid (Meeting),4.49,29.70,509.75,2133.00,11499.37,277.27,,0,68,42.00,-273,3990871,-1089507.78,6,fused
512929,000000512929.jpg,612x612,1,0.975884,1,1,TP,yolov8l_bsz4.ms,224.75,177.25,402.00,0.500,Mid (Meeting),4.49,29.70,509.75,2133.00,11499.37,277.27,,0,68,42.00,-273,3990871,-1089507.78,6,fused
472375,000000472375.jpg,612x612,1,0.975880,0,0,FP,yolov8l_bsz4.ms,224.75,177.25,402.00,0.500,Mid (Meeting),4.49,29.70,509.75,2133.00,11499.37,277.27,,0,68,42.00,-273,3990871,-1089507.78,6,fused
308165,000000308165.jpg,425x640,1,0.975523,1,1,TP,yolov8l_bsz4.ms,227.00,137.75,364.75,0.500,Mid (Meeting),4.35,29.63,589.46,2054.00,11499.37,191.00,,0,68,42.00,-195,3992918,-778619.01,6,fused
567740,000000567740.jpg,640x480,1,0.975362,1,1,TP,yolov8l_bsz4.ms,227.00,137.75,364.75,0.500,Mid (Meeting),4.35,29.63,589.46,2054.00,11499.37,191.00,,0,68,42.00,-195,3992918,-778619.01,6,fused
154004,000000154004.jpg,640x427,1,0.975157,1,1,TP,yolov8l_bsz4.ms,227.00,137.75,364.75,0.500,Mid (Meeting),4.35,29.63,589.46,2054.00,11499.37,191.00,,0,68,42.00,-195,3992918,-778619.01,6,fused
199551,000000199551.jpg,640x428,1,0.975051,1,1,TP,yolov8l_bsz4.ms,227.00,137.75,364.75,0.500,Mid (Meeting),4.35,29.63,589.46,2054.00,11499.37,191.00,,0,68,42.00,-195,3992918,-778619.01,6,fused
449603,000000449603.jpg,640x426,1,0.975041,1,1,TP,yolov8l_bsz4.ms,228.75,159.75,388.50,0.500,Mid (Meeting),8.33,30.45,509.74,2145.00,11499.37,313.29,,0,68,42.00,-103,3995389,-411525.07,6,fused
84752,000000084752.jpg,640x427,1,0.974888,0,0,FP,yolov8l_bsz4.ms,228.75,159.75,388.50,0.500,Mid (Meeting),8.33,30.45,509.74,2145.00,11499.37,313.29,,0,68,42.00,-103,3995389,-411525.07,6,fused
39405,000000039405.jpg,640x480,1,0.974632,1,1,TP,yolov8l_bsz4.ms,228.75,159.75,388.50,0.500,Mid (Meeting),8.33,30.45,509.74,2145.00,11499.37,313.29,,0,68,42.00,-103,3995389,-411525.07,6,fused
277020,000000277020.jpg,640x360,1,0.974401,1,1,TP,yolov8l_bsz4.ms,228.75,159.75,388.50,0.500,Mid (Meeting),8.33,30.45,509.74,2145.00,11499.37,313.29,,0,68,42.00,-103,3995389,-411525.07,6,fused
82180,000000082180.jpg,640x425,1,0.974204,0,0,FP,yolov8l_bsz4.ms,228.75,176.25,405.00,0.500,Mid (Meeting),4.46,30.45,587.59,2069.00,11499.37,226.59,,0,68,42.00,-159,3993927,-635034.39,6,fused
172617,000000172617.jpg,375x500,1,0.974023,1,1,TP,yolov8l_bsz4.ms,228.75,176.25,405.00,0.500,Mid (Meeting),4.46,30.45,587.59,2069.00,11499.37,226.59,,0,68,42.00,-159,3993927,-635034.39,6,fused
2532,000000002532.jpg,480x640,1,0.973948,1,1,TP,yolov8l_bsz4.ms,228.75,176.25,405.00,0.500,Mid (Meeting),4.46,30.45,587.59,2069.00,11499.37,226.59,,0,68,42.00,-159,3993927,-635034.39,6,fused
21903,000000021903.jpg,640x480,1,0.973607,1,1,TP,yolov8l_bsz4.ms,228.75,176.25,405.00,0.500,Mid (Meeting),4.46,30.45,587.59,2069.00,11499.37,226.59,,0,68,42.00,-159,3993927,-635034.39,6,fused
109118,000000109118.jpg,486x640,1,0.973593,1,1,TP,yolov8l_bsz4.ms,228.25,178.50,406.75,0.500,Mid (Meeting),4.40,34.18,297.34,2358.00,11499.37,510.23,,0,68,42.00,-120,3994944,-479393.28,6,fused
521717,000000521717.jpg,640x426,1,0.973419,1,1,TP,yolov8l_bsz4.ms,228.25,178.50,406.75,0.500,Mid (Meeting),4.40,34.18,297.34,2358.00,11499.37,510.23,,0,68,42.00,-120,3994944,-479393.28,6,fused
187144,000000187144.jpg,640x480,1,0.973351,1,1,TP,yolov8l_bsz4.ms,228.25,178.50,406.75,0.500,Mid (Meeting),4.40,34.18,297.34,2358.00,11499.37,510.23,,0,68,42.00,-120,3994944,-479393.28,6,fused
390246,000000390246.jpg,640x427,1,0.973235,1,1,TP,yolov8l_bsz4.ms,228.25,178.50,406.75,0.500,Mid (Meeting),4.40,34.18,297.34,2358.00,11499.37,510.23,,0,68,42.00,-120,3994944,-479393.28,6,fused
60347,000000060347.jpg,480x640,1,0.973107,1,1,TP,yolov8l_bsz4.ms,229.25,183.00,412.25,0.500,Mid (Meeting),4.37,34.38,368.87,2292.00,11499.37,463.37,,0,68,42.00,-89,3995870,-355632.43,6,fused
215072,000000215072.jpg,640x451,1,0.972996,1,1,TP,yolov8l_bsz4.ms,229.25,183.00,412.25,0.500,Mid (Meeting),4.37,34.38,368.87,2292.00,11499.37,463.37,,0,68,42.00,-89,3995870,-355632.43,6,fused
249219,000000249219.jpg,640x479,1,0.972865,0,0,FP,yolov8l_bsz4.ms,229.25,183.00,412.25,0.500,Mid (Meeting),4.37,34.38,368.87,2292.00,11499.37,463.37,,0,68,42.00,-89,3995870,-355632.43,6,fused
422836,000000422836.jpg,320x240,1,0.972830,1,1,TP,yolov8l_bsz4.ms,229.25,183.00,412.25,0.500,Mid (Meeting),4.37,34.38,368.87,2292.00,11499.37,463.37,,0,68,42.00,-89,3995870,-355632.43,6,fused
245311,000000245311.jpg,612x612,1,0.972703,1,1,TP,yolov8l_bsz4.ms,229.25,169.00,398.25,0.500,Mid (Meeting),4.29,34.38,448.44,2214.00,11499.37,378.43,,0,68,42.00,-153,3994051,-611089.80,6,fused
67534,000000067534.jpg,306x640,1,0.972561,1,1,TP,yolov8l_bsz4.ms,229.25,169.00,398.25,0.500,Mid (Meeting),4.29,34.38,448.44,2214.00,11499.37,378.43,,0,68,42.00,-153,3994051,-611089.80,6,fused
230983,000000230983.jpg,430x640,1,0.972531,1,1,TP,yolov8l_bsz4.ms,229.25,169.00,398.25,0.500,Mid (Meeting),4.29,34.38,448.44,2214.00,11499.37,378.43,,0,68,42.00,-153,3994051,-611089.80,6,fused
336628,000000336628.jpg,428x640,1,0.972507,1,1,TP,yolov8l_bsz4.ms,229.25,169.00,398.25,0.500,Mid (Meeting),4.29,34.38,448.44,2214.00,11499.37,378.43,,0,68,42.00,-153,3994051,-611089.80,6,fused
236308,000000236308.jpg,640x368,1,0.972496,1,1,TP,yolov8l_bsz4.ms,227.75,173.75,401.50,0.500,Mid (Meeting),4.32,32.72,296.07,2401.00,11499.37,559.00,,0,68,42.00,-175,3993173,-698805.28,6,fused
472298,000000472298.jpg,640x387,1,0.972476,1,1,TP,yolov8l_bsz4.ms,227.75,173.75,401.50,0.500,Mid (Meeting),4.32,32.72,296.07,2401.00,11499.37,559.00,,0,68,42.00,-175,3993173,-698805.28,6,fused
548339,000000548339.jpg,640x576,1,0.972332,1,1,TP,yolov8l_bsz4.ms,227.75,173.75,401.50,0.500,Mid (Meeting),4.32,32.72,296.07,2401.00,11499.37,559.00,,0,68,42.00,-175,3993173,-698805.28,6,fused
530975,000000530975.jpg,640x480,1,0.972277,1,1,TP,yolov8l_bsz4.ms,227.75,173.75,401.50,0.500,Mid (Meeting),4.32,32.72,296.07,2401.00,11499.37,559.00,,0,68,42.00,-175,3993173,-698805.28,6,fused
425906,000000425906.jpg,463x640,1,0.972228,1,1,TP,yolov8l_bsz4.ms,230.50,155.50,386.00,0.500,Mid (Meeting),4.27,32.27,371.30,2328.00,11499.37,482.68,,0,68,42.00,-146,3994062,-583133.05,6,fused
133087,000000133087.jpg,640x429,1,0.971775,0,0,FP,yolov8l_bsz4.ms,230.50,155.50,386.00,0.500,Mid (Meeting),4.27,32.27,371.30,2328.00,11499.37,482.68,,0,68,42.00,-146,3994062,-583133.05,6,fused
486438,000000486438.jpg,640x427,1,0.971693,1,1,TP,yolov8l_bsz4.ms,230.50,155.50,386.00,0.500,Mid (Meeting),4.27,32.27,371.30,2328.00,11499.37,482.68,,0,68,42.00,-146,3994062,-583133.05,6,fused
51712,000000051712.jpg,640x368,1,0.971292,1,1,TP,yolov8l_bsz4.ms,230.50,155.50,386.00,0.500,Mid (Meeting),4.27,32.27,371.30,2328.00,11499.37,482.68,,0,68,42.00,-146,3994062,-583133.05,6,fused
87038,000000087038.jpg,640x480,1,0.971250,1,1,TP,yolov8l_bsz4.ms,228.00,178.50,406.50,0.500,Mid (Meeting),4.41,32.27,299.79,2412.00,11499.37,561.49,,0,68,42.00,-83,3995723,-331645.01,6,fused
165039,000000165039.jpg,640x427,1,0.971192,1,1,TP,yolov8l_bsz4.ms,228.00,178.50,406.50,0.500,Mid (Meeting),4.41,32.27,299.79,2412.00,11499.37,561.49,,0,68,42.00,-83,3995723,-331645.01,6,fused
404839,000000404839.jpg,427x640,1,0.971178,1,1,TP,yolov8l_bsz4.ms,228.00,178.50,406.50,0.500,Mid (Meeting),4.41,32.27,299.79,2412.00,11499.37,561.49,,0,68,42.00,-83,3995723,-331645.01,6,fused
423617,000000423617.jpg,640x480,1,0.970972,1,1,TP,yolov8l_bsz4.ms,228.00,178.50,406.50,0.500,Mid (Meeting),4.41,32.27,299.79,2412.00,11499.37,561.49,,0,68,42.00,-83,3995723,-331645.01,6,fused
358195,000000358195.jpg,483x640,1,0.970912,1,1,TP,yolov8l_bsz4.ms,229.00,165.25,394.25,0.500,Mid (Meeting),4.26,32.29,369.18,2343.00,11499.37,487.96,,0,68,42.00,-142,3994135,-567167.17,6,fused
141821,000000141821.jpg,640x480,1,0.970904,1,1,TP,yolov8l_bsz4.ms,229.00,165.25,394.25,0.500,Mid (Meeting),4.26,32.29,369.18,2343.00,11499.37,487.96,,0,68,42.00,-142,3994135,-567167.17,6,fused
238013,000000238013.jpg,500x334,1,0.970670,1,1,TP,yolov8l_bsz4.ms,229.00,165.25,394.25,0.500,Mid (Meeting),4.26,32.29,369.18,2343.00,11499.37,487.96,,0,68,42.00,-142,3994135,-567167.17,6,fused
531135,000000531135.jpg,500x375,1,0.970638,1,1,TP,yolov8l_bsz4.ms,229.00,165.25,394.25,0.500,Mid (Meeting),4.26,32.29,369.18,2343.00,11499.37,487.96,,0,68,42.00,-142,3994135,-567167.17,6,fused
265816,000000265816.jpg,640x406,1,0.970523,1,1,TP,yolov8l_bsz4.ms,228.50,154.75,383.25,0.500,Mid (Meeting),4.24,31.23,347.26,2363.00,11499.37,504.68,,0,68,42.00,-153,3993761,-611045.43,6,fused
260470,000000260470.jpg,640x427,1,0.970340,1,1,TP,yolov8l_bsz4.ms,228.50,154.75,383.25,0.500,Mid (Meeting),4.24,31.23,347.26,2363.00,11499.37,504.68,,0,68,42.00,-153,3993761,-611045.43,6,fused
555050,000000555050.jpg,500x322,1,0.970326,1,1,TP,yolov8l_bsz4.ms,228.50,154.75,383.25,0.500,Mid (Meeting),4.24,31.23,347.26,2363.00,11499.37,504.68,,0,68,42.00,-153,3993761,-611045.43,6,fused
329827,000000329827.jpg,640x427,1,0.970132,1,1,TP,yolov8l_bsz4.ms,228.50,154.75,383.25,0.500,Mid (Meeting),4.24,31.23,347.26,2363.00,11499.37,504.68,,0,68,42.00,-153,3993761,-611045.43,6,fused
252559,000000252559.jpg,480x640,1,0.968798,1,1,TP,yolov8l_bsz4.ms,227.75,172.75,400.50,0.500,Mid (Meeting),4.30,31.23,302.17,2407.00,11499.37,543.41,,0,68,42.00,-342,3987973,-1363886.77,6,fused
51314,000000051314.jpg,640x480,1,0.968686,1,1,TP,yolov8l_bsz4.ms,227.75,172.75,400.50,0.500,Mid (Meeting),4.30,31.23,302.17,2407.00,11499.37,543.41,,0,68,42.00,-342,3987973,-1363886.77,6,fused
55950,000000055950.jpg,426x640,1,0.968652,1,1,TP,yolov8l_bsz4.ms,227.75,172.75,400.50,0.500,Mid (Meeting),4.30,31.23,302.17,2407.00,11499.37,543.41,,0,68,42.00,-342,3987973,-1363886.77,6,fused
16598,000000016598.jpg,478x640,1,0.968506,1,1,TP,yolov8l_bsz4.ms,227.75,172.75,400.50,0.500,Mid (Meeting),4.30,31.23,302.17,2407.00,11499.37,543.41,,0,68,42.00,-342,3987973,-1363886.77,6,fused
90284,000000090284.jpg,640x639,1,0.968452,1,1,TP,yolov8l_bsz4.ms,232.75,182.25,415.00,0.500,Mid (Meeting),4.27,30.93,369.87,2337.00,11499.37,469.54,,0,68,42.00,-339,3987727,-1351839.45,6,fused
15956,000000015956.jpg,640x480,1,0.968399,1,1,TP,yolov8l_bsz4.ms,232.75,182.25,415.00,0.500,Mid (Meeting),4.27,30.93,369.87,2337.00,11499.37,469.54,,0,68,42.00,-339,3987727,-1351839.45,6,fused
306893,000000306893.jpg,500x368,1,0.968225,1,1,TP,yolov8l_bsz4.ms,232.75,182.25,415.00,0.500,Mid (Meeting),4.27,30.93,369.87,2337.00,11499.37,469.54,,0,68,42.00,-339,3987727,-1351839.45,6,fused
362682,000000362682.jpg,640x427,1,0.968017,1,1,TP,yolov8l_bsz4.ms,232.75,182.25,415.00,0.500,Mid (Meeting),4.27,30.93,369.87,2337.00,11499.37,469.54,,0,68,42.00,-339,3987727,-1351839.45,6,fused
233370,000000233370.jpg,427x640,1,0.967911,1,1,TP,yolov8l_bsz4.ms,227.50,173.75,401.25,0.500,Mid (Meeting),4.29,31.59,368.78,2337.00,11499.37,465.95,,0,68,42.00,-165,3992720,-658798.80,6,fused
439593,000000439593.jpg,640x480,1,0.967750,1,1,TP,yolov8l_bsz4.ms,227.50,173.75,401.25,0.500,Mid (Meeting),4.29,31.59,368.78,2337.00,11499.37,465.95,,0,68,42.00,-165,3992720,-658798.80,6,fused
50326,000000050326.jpg,500x375,1,0.967714,1,1,TP,yolov8l_bsz4.ms,227.50,173.75,401.25,0.500,Mid (Meeting),4.29,31.59,368.78,2337.00,11499.37,465.95,,0,68,42.00,-165,3992720,-658798.80,6,fused
30504,000000030504.jpg,480x640,1,0.967660,1,1,TP,yolov8l_bsz4.ms,227.50,173.75,401.25,0.500,Mid (Meeting),4.29,31.59,368.78,2337.00,11499.37,465.95,,0,68,42.00,-165,3992720,-658798.80,6,fused
76625,000000076625.jpg,640x480,1,0.967194,1,1,TP,yolov8l_bsz4.ms,232.00,170.25,402.25,0.500,Mid (Meeting),4.46,31.59,348.56,2355.00,11499.37,479.67,,0,68,42.00,-156,3993247,-622946.53,6,fused
167486,000000167486.jpg,640x480,1,0.967137,1,1,TP,yolov8l_bsz4.ms,232.00,170.25,402.25,0.500,Mid (Meeting),4.46,31.59,348.56,2355.00,11499.37,479.67,,0,68,42.00,-156,3993247,-622946.53,6,fused
42528,000000042528.jpg,640x495,1,0.967066,1,1,TP,yolov8l_bsz4.ms,232.00,170.25,402.25,0.500,Mid (Meeting),4.46,31.59,348.56,2355.00,11499.37,479.67,,0,68,42.00,-156,3993247,-622946.53,6,fused
259830,000000259830.jpg,425x640,1,0.966848,1,1,TP,yolov8l_bsz4.ms,232.00,170.25,402.25,0.500,Mid (Meeting),4.46,31.59,348.56,2355.00,11499.37,479.67,,0,68,42.00,-156,3993247,-622946.53,6,fused
138979,000000138979.jpg,640x426,1,0.966833,1,1,TP,yolov8l_bsz4.ms,232.25,186.00,418.25,0.500,Mid (Meeting),4.46,34.53,291.15,2412.00,11499.37,531.67,,0,68,42.00,-121,3994122,-483288.76,6,fused
462371,000000462371.jpg,500x401,1,0.966806,1,1,TP,yolov8l_bsz4.ms,232.25,186.00,418.25,0.500,Mid (Meeting),4.46,34.53,291.15,2412.00,11499.37,531.67,,0,68,42.00,-121,3994122,-483288.76,6,fused
253433,000000253433.jpg,640x480,1,0.966669,0,0,FP,yolov8l_bsz4.ms,232.25,186.00,418.25,0.500,Mid (Meeting),4.46,34.53,291.15,2412.00,11499.37,531.67,,0,68,42.00,-121,3994122,-483288.76,6,fused
310072,000000310072.jpg,640x383,1,0.966554,0,0,FP,yolov8l_bsz4.ms,232.25,186.00,418.25,0.500,Mid (Meeting),4.46,34.53,291.15,2412.00,11499.37,531.67,,0,68,42.00,-121,3994122,-483288.76,6,fused
407868,000000407868.jpg,640x480,1,0.966370,1,1,TP,yolov8l_bsz4.ms,227.75,193.50,421.25,0.500,Mid (Meeting),4.42,36.21,370.33,2332.00,11499.37,445.54,,0,68,42.00,-175,3992614,-698707.45,6,fused
203639,000000203639.jpg,486x640,1,0.965850,1,1,TP,yolov8l_bsz4.ms,227.75,193.50,421.25,0.500,Mid (Meeting),4.42,36.21,370.33,2332.00,11499.37,445.54,,0,68,42.00,-175,3992614,-698707.45,6,fused
341469,000000341469.jpg,457x640,1,0.965636,1,1,TP,yolov8l_bsz4.ms,227.75,193.50,421.25,0.500,Mid (Meeting),4.42,36.21,370.33,2332.00,11499.37,445.54,,0,68,42.00,-175,3992614,-698707.45,6,fused
570756,000000570756.jpg,640x428,1,0.965573,1,1,TP,yolov8l_bsz4.ms,227.75,193.50,421.25,0.500,Mid (Meeting),4.42,36.21,370.33,2332.00,11499.37,445.54,,0,68,42.00,-175,3992614,-698707.45,6,fused
33854,000000033854.jpg,640x427,1,0.965562,1,1,TP,yolov8l_bsz4.ms,228.25,166.75,395.00,0.500,Mid (Meeting),4.37,36.21,368.76,2216.00,11499.37,312.79,,0,68,42.00,-133,3993402,-531122.47,6,fused
549055,000000549055.jpg,640x304,1,0.965517,1,1,TP,yolov8l_bsz4.ms,228.25,166.75,395.00,0.500,Mid (Meeting),4.37,36.21,368.76,2216.00,11499.37,312.79,,0,68,42.00,-133,3993402,-531122.47,6,fused
251140,000000251140.jpg,375x500,1,0.965187,1,1,TP,yolov8l_bsz4.ms,228.25,166.75,395.00,0.500,Mid (Meeting),4.37,36.21,368.76,2216.00,11499.37,312.79,,0,68,42.00,-133,3993402,-531122.47,6,fused
124798,000000124798.jpg,640x427,1,0.964963,1,1,TP,yolov8l_bsz4.ms,228.25,166.75,395.00,0.500,Mid (Meeting),4.37,36.21,368.76,2216.00,11499.37,312.79,,0,68,42.00,-133,3993402,-531122.47,6,fused
515579,000000515579.jpg,500x332,1,0.964691,1,1,TP,yolov8l_bsz4.ms,230.75,167.00,397.75,0.500,Mid (Meeting),4.38,38.31,367.21,2252.00,11499.37,344.57,,0,68,42.00,-191,3991819,-762437.43,6,fused
511999,000000511999.jpg,640x446,1,0.964372,1,1,TP,yolov8l_bsz4.ms,230.75,167.00,397.75,0.500,Mid (Meeting),4.38,38.31,367.21,2252.00,11499.37,344.57,,0,68,42.00,-191,3991819,-762437.43,6,fused
137576,000000137576.jpg,640x563,1,0.964287,0,0,FP,yolov8l_bsz4.ms,230.75,167.00,397.75,0.500,Mid (Meeting),4.38,38.31,367.21,2252.00,11499.37,344.57,,0,68,42.00,-191,3991819,-762437.43,6,fused
49259,000000049259.jpg,427x640,1,0.964221,1,1,TP,yolov8l_bsz4.ms,230.75,167.00,397.75,0.500,Mid (Meeting),4.38,38.31,367.21,2252.00,11499.37,344.57,,0,68,42.00,-191,3991819,-762437.43,6,fused
357742,000000357742.jpg,429x640,1,0.963879,1,1,TP,yolov8l_bsz4.ms,230.25,179.00,409.25,0.500,Mid (Meeting),4.37,37.97,294.64,2323.00,11499.37,410.79,,0,68,42.00,-127,3993728,-507203.46,6,fused
345385,000000345385.jpg,640x480,1,0.963770,1,1,TP,yolov8l_bsz4.ms,230.25,179.00,409.25,0.500,Mid (Meeting),4.37,37.97,294.64,2323.00,11499.37,410.79,,0,68,42.00,-127,3993728,-507203.46,6,fused
13546,000000013546.jpg,640x425,1,0.963354,1,1,TP,yolov8l_bsz4.ms,230.25,179.00,409.25,0.500,Mid (Meeting),4.37,37.97,294.64,2323.00,11499.37,410.79,,0,68,42.00,-127,3993728,-507203.46,6,fused
458255,000000458255.jpg,640x428,1,0.963281,1,1,TP,yolov8l_bsz4.ms,230.25,179.00,409.25,0.500,Mid (Meeting),4.37,37.97,294.64,2323.00,11499.37,410.79,,0,68,42.00,-127,3993728,-507203.46,6,fused
558114,000000558114.jpg,640x480,1,0.962980,1,1,TP,yolov8l_bsz4.ms,229.75,182.75,412.50,0.500,Mid (Meeting),4.61,37.97,370.86,2295.00,11499.37,408.02,,0,68,42.00,-115,3994068,-459317.82,6,fused
303499,000000303499.jpg,333x500,1,0.962928,1,1,TP,yolov8l_bsz4.ms,229.75,182.75,412.50,0.500,Mid (Meeting),4.61,37.97,370.86,2295.00,11499.37,408.02,,0,68,42.00,-115,3994068,-459317.82,6,fused
422670,000000422670.jpg,640x427,1,0.962863,1,1,TP,yolov8l_bsz4.ms,229.75,182.75,412.50,0.500,Mid (Meeting),4.61,37.97,370.86,2295.00,11499.37,408.02,,0,68,42.00,-115,3994068,-459317.82,6,fused
37689,000000037689.jpg,640x426,1,0.962839,1,1,TP,yolov8l_bsz4.ms,229.75,182.75,412.50,0.500,Mid (Meeting),4.61,37.97,370.86,2295.00,11499.37,408.02,,0,68,42.00,-115,3994068,-459317.82,6,fused
102356,000000102356.jpg,427x640,1,0.962754,1,1,TP,yolov8l_bsz4.ms,229.50,154.75,384.25,0.500,Mid (Meeting),4.36,33.59,370.72,2298.00,11499.37,403.18,,0,68,42.00,-204,3991456,-814257.02,6,fused
213255,000000213255.jpg,480x640,1,0.962730,1,1,TP,yolov8l_bsz4.ms,229.50,154.75,384.25,0.500,Mid (Meeting),4.36,33.59,370.72,2298.00,11499.37,403.18,,0,68,42.00,-204,3991456,-814257.02,6,fused
462728,000000462728.jpg,640x427,1,0.962366,1,1,TP,yolov8l_bsz4.ms,229.50,154.75,384.25,0.500,Mid (Meeting),4.36,33.59,370.72,2298.00,11499.37,403.18,,0,68,42.00,-204,3991456,-814257.02,6,fused
369541,000000369541.jpg,375x500,1,0.962106,1,1,TP,yolov8l_bsz4.ms,229.50,154.75,384.25,0.500,Mid (Meeting),4.36,33.59,370.72,2298.00,11499.37,403.18,,0,68,42.00,-204,3991456,-814257.02,6,fused
19221,000000019221.jpg,640x478,1,0.962000,1,1,TP,yolov8l_bsz4.ms,228.25,158.50,386.75,0.500,Mid (Meeting),4.36,31.76,346.35,2325.00,11499.37,423.69,,0,68,42.00,-186,3991968,-742506.05,6,fused
206025,000000206025.jpg,424x640,1,0.961926,1,1,TP,yolov8l_bsz4.ms,228.25,158.50,386.75,0.500,Mid (Meeting),4.36,31.76,346.35,2325.00,11499.37,423.69,,0,68,42.00,-186,3991968,-742506.05,6,fused
300039,000000300039.jpg,500x374,1,0.961920,1,1,TP,yolov8l_bsz4.ms,228.25,158.50,386.75,0.500,Mid (Meeting),4.36,31.76,346.35,2325.00,11499.37,423.69,,0,68,42.00,-186,3991968,-742506.05,6,fused
230819,000000230819.jpg,640x432,1,0.961792,1,1,TP,yolov8l_bsz4.ms,228.25,158.50,386.75,0.500,Mid (Meeting),4.36,31.76,346.35,2325.00,11499.37,423.69,,0,68,42.00,-186,3991968,-742506.05,6,fused
58655,000000058655.jpg,425x640,1,0.961485,0,0,FP,yolov8l_bsz4.ms,230.25,164.50,394.75,0.500,Mid (Meeting),4.32,31.76,292.39,2378.00,11499.37,473.54,,0,68,42.00,-172,3992380,-686689.36,6,fused
574702,000000574702.jpg,333x500,1,0.961415,1,1,TP,yolov8l_bsz4.ms,230.25,164.50,394.75,0.500,Mid (Meeting),4.32,31.76,292.39,2378.00,11499.37,473.54,,0,68,42.00,-172,3992380,-686689.36,6,fused
346707,000000346707.jpg,333x500,1,0.961168,0,0,FP,yolov8l_bsz4.ms,230.25,164.50,394.75,0.500,Mid (Meeting),4.32,31.76,292.39,2378.00,11499.37,473.54,,0,68,42.00,-172,3992380,-686689.36,6,fused
552842,000000552842.jpg,640x427,1,0.961128,1,1,TP,yolov8l_bsz4.ms,230.25,164.50,394.75,0.500,Mid (Meeting),4.32,31.76,292.39,2378.00,11499.37,473.54,,0,68,42.00,-172,3992380,-686689.36,6,fused
388927,000000388927.jpg,480x640,1,0.960642,1,1,TP,yolov8l_bsz4.ms,229.00,179.50,408.50,0.500,Mid (Meeting),4.32,31.44,369.16,2302.00,11499.37,393.00,,0,68,42.00,-107,3994230,-427382.61,6,fused
295478,000000295478.jpg,512x640,1,0.960545,1,1,TP,yolov8l_bsz4.ms,229.00,179.50,408.50,0.500,Mid (Meeting),4.32,31.44,369.16,2302.00,11499.37,393.00,,0,68,42.00,-107,3994230,-427382.61,6,fused
52507,000000052507.jpg,640x438,1,0.960233,1,1,TP,yolov8l_bsz4.ms,229.00,179.50,408.50,0.500,Mid (Meeting),4.32,31.44,369.16,2302.00,11499.37,393.00,,0,68,42.00,-107,3994230,-427382.61,6,fused
76547,000000076547.jpg,640x480,1,0.960140,1,1,TP,yolov8l_bsz4.ms,229.00,179.50,408.50,0.500,Mid (Meeting),4.32,31.44,369.16,2302.00,11499.37,393.00,,0,68,42.00,-107,3994230,-427382.61,6,fused
360960,000000360960.jpg,426x640,1,0.959915,1,1,TP,yolov8l_bsz4.ms,227.25,182.00,409.25,0.500,Mid (Meeting),4.36,31.12,369.71,2300.00,11499.37,387.59,,0,68,42.00,-84,3994941,-335575.04,6,fused
93353,000000093353.jpg,640x480,1,0.959753,1,1,TP,yolov8l_bsz4.ms,227.25,182.00,409.25,0.500,Mid (Meeting),4.36,31.12,369.71,2300.00,11499.37,387.59,,0,68,42.00,-84,3994941,-335575.04,6,fused
232684,000000232684.jpg,640x427,1,0.959520,1,1,TP,yolov8l_bsz4.ms,227.25,182.00,409.25,0.500,Mid (Meeting),4.36,31.12,369.71,2300.00,11499.37,387.59,,0,68,42.00,-84,3994941,-335575.04,6,fused
481573,000000481573.jpg,640x639,1,0.959374,1,1,TP,yolov8l_bsz4.ms,227.25,182.00,409.25,0.500,Mid (Meeting),4.36,31.12,369.71,2300.00,11499.37,387.59,,0,68,42.00,-84,3994941,-335575.04,6,fused
377113,000000377113.jpg,640x427,1,0.959294,1,1,TP,yolov8l_bsz4.ms,229.50,192.00,421.50,0.500,Mid (Meeting),5.34,31.12,347.11,2322.00,11499.37,405.02,,0,68,42.00,-112,3994097,-447338.86,6,fused
572462,000000572462.jpg,612x612,1,0.959117,1,1,TP,yolov8l_bsz4.ms,229.50,192.00,421.50,0.500,Mid (Meeting),5.34,31.12,347.11,2322.00,11499.37,405.02,,0,68,42.00,-112,3994097,-447338.86,6,fused
180135,000000180135.jpg,333x500,1,0.959106,1,1,TP,yolov8l_bsz4.ms,229.50,192.00,421.50,0.500,Mid (Meeting),5.34,31.12,347.11,2322.00,11499.37,405.02,,0,68,42.00,-112,3994097,-447338.86,6,fused
81738,000000081738.jpg,640x480,1,0.959072,1,1,TP,yolov8l_bsz4.ms,229.50,192.00,421.50,0.500,Mid (Meeting),5.34,31.12,347.11,2322.00,11499.37,405.02,,0,68,42.00,-112,3994097,-447338.86,6,fused
228436,000000228436.jpg,640x485,1,0.959035,0,0,FP,yolov8l_bsz4.ms,229.00,165.00,394.00,0.500,Mid (Meeting),4.81,34.49,292.69,2375.00,11499.37,453.95,,0,68,42.00,-162,3992646,-646808.65,6,fused
25986,000000025986.jpg,640x480,1,0.958950,0,0,FP,yolov8l_bsz4.ms,229.00,165.00,394.00,0.500,Mid (Meeting),4.81,34.49,292.69,2375.00,11499.37,453.95,,0,68,42.00,-162,3992646,-646808.65,6,fused
419379,000000419379.jpg,427x640,1,0.958563,1,1,TP,yolov8l_bsz4.ms,229.00,165.00,394.00,0.500,Mid (Meeting),4.81,34.49,292.69,2375.00,11499.37,453.95,,0,68,42.00,-162,3992646,-646808.65,6,fused
195045,000000195045.jpg,640x480,1,0.958529,0,0,FP,yolov8l_bsz4.ms,229.00,165.00,394.00,0.500,Mid (Meeting),4.81,34.49,292.69,2375.00,11499.37,453.95,,0,68,42.00,-162,3992646,-646808.65,6,fused
438304,000000438304.jpg,464x640,1,0.958462,1,1,TP,yolov8l_bsz4.ms,230.00,173.50,403.50,0.500,Mid (Meeting),4.56,34.68,369.31,2296.00,11499.37,370.31,,0,68,42.00,-118,3993899,-471280.08,6,fused
31050,000000031050.jpg,427x640,1,0.958320,0,0,FP,yolov8l_bsz4.ms,230.00,173.50,403.50,0.500,Mid (Meeting),4.56,34.68,369.31,2296.00,11499.37,370.31,,0,68,42.00,-118,3993899,-471280.08,6,fused
421834,000000421834.jpg,640x457,1,0.958294,0,0,FP,yolov8l_bsz4.ms,230.00,173.50,403.50,0.500,Mid (Meeting),4.56,34.68,369.31,2296.00,11499.37,370.31,,0,68,42.00,-118,3993899,-471280.08,6,fused
331280,000000331280.jpg,500x366,1,0.958088,1,1,TP,yolov8l_bsz4.ms,230.00,173.50,403.50,0.500,Mid (Meeting),4.56,34.68,369.31,2296.00,11499.37,370.31,,0,68,42.00,-118,3993899,-471280.08,6,fused
220584,000000220584.jpg,640x427,1,0.957667,1,1,TP,yolov8l_bsz4.ms,227.50,176.50,404.00,0.500,Mid (Meeting),4.52,34.68,368.47,2322.00,11499.37,391.13,,0,68,42.00,-115,3994054,-459316.21,6,fused
540932,000000540932.jpg,640x480,1,0.957340,1,1,TP,yolov8l_bsz4.ms,227.50,176.50,404.00,0.500,Mid (Meeting),4.52,34.68,368.47,2322.00,11499.37,391.13,,0,68,42.00,-115,3994054,-459316.21,6,fused
579321,000000579321.jpg,640x498,1,0.957236,1,1,TP,yolov8l_bsz4.ms,227.50,176.50,404.00,0.500,Mid (Meeting),4.52,34.68,368.47,2322.00,11499.37,391.13,,0,68,42.00,-115,3994054,-459316.21,6,fused
249180,000000249180.jpg,640x427,1,0.956943,1,1,TP,yolov8l_bsz4.ms,227.50,176.50,404.00,0.500,Mid (Meeting),4.52,34.68,368.47,2322.00,11499.37,391.13,,0,68,42.00,-115,3994054,-459316.21,6,fused
85089,000000085089.jpg,640x428,1,0.956921,1,1,TP,yolov8l_bsz4.ms,229.25,165.75,395.00,0.500,Mid (Meeting),4.49,35.62,345.66,2344.00,11499.37,408.38,,0,68,43.00,-130,3993548,-519161.24,6,fused
425227,000000425227.jpg,428x640,1,0.956556,1,1,TP,yolov8l_bsz4.ms,229.25,165.75,395.00,0.500,Mid (Meeting),4.49,35.62,345.66,2344.00,11499.37,408.38,,0,68,43.00,-130,3993548,-519161.24,6,fused
214703,000000214703.jpg,427x640,1,0.956464,1,1,TP,yolov8l_bsz4.ms,229.25,165.75,395.00,0.500,Mid (Meeting),4.49,35.62,345.66,2344.00,11499.37,408.38,,0,68,43.00,-130,3993548,-519161.24,6,fused
515350,000000515350.jpg,640x427,1,0.956314,1,1,TP,yolov8l_bsz4.ms,229.25,165.75,395.00,0.500,Mid (Meeting),4.49,35.62,345.66,2344.00,11499.37,408.38,,0,68,43.00,-130,3993548,-519161.24,6,fused
458325,000000458325.jpg,640x427,1,0.955999,1,1,TP,yolov8l_bsz4.ms,228.00,151.00,379.00,0.500,Mid (Meeting),4.43,35.59,292.74,2395.00,11499.37,455.28,,0,68,43.00,-192,3991622,-766391.42,6,fused
360661,000000360661.jpg,640x480,1,0.955911,1,1,TP,yolov8l_bsz4.ms,228.00,151.00,379.00,0.500,Mid (Meeting),4.43,35.59,292.74,2395.00,11499.37,455.28,,0,68,43.00,-192,3991622,-766391.42,6,fused
329614,000000329614.jpg,500x208,1,0.955868,1,1,TP,yolov8l_bsz4.ms,228.00,151.00,379.00,0.500,Mid (Meeting),4.43,35.59,292.74,2395.00,11499.37,455.28,,0,68,43.00,-192,3991622,-766391.42,6,fused
488592,000000488592.jpg,480x640,1,0.955805,1,1,TP,yolov8l_bsz4.ms,228.00,151.00,379.00,0.500,Mid (Meeting),4.43,35.59,292.74,2395.00,11499.37,455.28,,0,68,43.00,-192,3991622,-766391.42,6,fused
340697,000000340697.jpg,500x333,1,0.955467,0,0,FP,yolov8l_bsz4.ms,231.25,180.75,412.00,0.500,Mid (Meeting),6.23,35.59,368.12,2326.00,11499.37,407.46,,0,68,43.00,-175,3992028,-698604.90,6,fused
361586,000000361586.jpg,640x360,1,0.955308,1,1,TP,yolov8l_bsz4.ms,231.25,180.75,412.00,0.500,Mid (Meeting),6.23,35.59,368.12,2326.00,11499.37,407.46,,0,68,43.00,-175,3992028,-698604.90,6,fused
538364,000000538364.jpg,640x480,1,0.955255,1,1,TP,yolov8l_bsz4.ms,231.25,180.75,412.00,0.500,Mid (Meeting),6.23,35.59,368.12,2326.00,11499.37,407.46,,0,68,43.00,-175,3992028,-698604.90,6,fused
357816,000000357816.jpg,500x455,1,0.955140,1,1,TP,yolov8l_bsz4.ms,231.25,180.75,412.00,0.500,Mid (Meeting),6.23,35.59,368.12,2326.00,11499.37,407.46,,0,68,43.00,-175,3992028,-698604.90,6,fused
513580,000000513580.jpg,640x484,1,0.955078,1,1,TP,yolov8l_bsz4.ms,235.00,158.50,393.50,0.500,Mid (Meeting),4.99,31.64,367.40,2328.00,11499.37,403.39,,0,68,43.00,-161,3992462,-642786.38,6,fused
199395,000000199395.jpg,427x640,1,0.955068,1,1,TP,yolov8l_bsz4.ms,235.00,158.50,393.50,0.500,Mid (Meeting),4.99,31.64,367.40,2328.00,11499.37,403.39,,0,68,43.00,-161,3992462,-642786.38,6,fused
119911,000000119911.jpg,640x425,1,0.954866,1,1,TP,yolov8l_bsz4.ms,235.00,158.50,393.50,0.500,Mid (Meeting),4.99,31.64,367.40,2328.00,11499.37,403.39,,0,68,43.00,-161,3992462,-642786.38,6,fused
542856,000000542856.jpg,640x427,1,0.954777,1,1,TP,yolov8l_bsz4.ms,235.00,158.50,393.50,0.500,Mid (Meeting),4.99,31.64,367.40,2328.00,11499.37,403.39,,0,68,43.00,-161,3992462,-642786.38,6,fused
365521,000000365521.jpg,428x640,1,0.954294,1,1,TP,yolov8l_bsz4.ms,228.00,173.00,401.00,0.500,Mid (Meeting),4.76,31.02,345.91,2349.00,11499.37,419.58,,0,68,43.00,-79,3994918,-315598.52,6,fused
108495,000000108495.jpg,333x500,1,0.954240,1,1,TP,yolov8l_bsz4.ms,228.00,173.00,401.00,0.500,Mid (Meeting),4.76,31.02,345.91,2349.00,11499.37,419.58,,0,68,43.00,-79,3994918,-315598.52,6,fused
214539,000000214539.jpg,640x427,1,0.953974,1,1,TP,yolov8l_bsz4.ms,228.00,173.00,401.00,0.500,Mid (Meeting),4.76,31.02,345.91,2349.00,11499.37,419.58,,0,68,43.00,-79,3994918,-315598.52,6,fused
27972,000000027972.jpg,640x426,1,0.953724,1,1,TP,yolov8l_bsz4.ms,228.00,173.00,401.00,0.500,Mid (Meeting),4.76,31.02,345.91,2349.00,11499.37,419.58,,0,68,43.00,-79,3994918,-315598.52,6,fused
47819,000000047819.jpg,500x375,1,0.953648,1,1,TP,yolov8l_bsz4.ms,227.25,172.50,399.75,0.500,Mid (Meeting),4.63,31.02,291.65,2403.00,11499.37,469.30,,0,68,43.00,-121,3993648,-483231.41,6,fused
201646,000000201646.jpg,640x427,1,0.953562,1,1,TP,yolov8l_bsz4.ms,227.25,172.50,399.75,0.500,Mid (Meeting),4.63,31.02,291.65,2403.00,11499.37,469.30,,0,68,43.00,-121,3993648,-483231.41,6,fused
511599,000000511599.jpg,640x480,1,0.953524,1,1,TP,yolov8l_bsz4.ms,227.25,172.50,399.75,0.500,Mid (Meeting),4.63,31.02,291.65,2403.00,11499.37,469.30,,0,68,43.00,-121,3993648,-483231.41,6,fused
508101,000000508101.jpg,640x480,1,0.953382,1,1,TP,yolov8l_bsz4.ms,227.25,172.50,399.75,0.500,Mid (Meeting),4.63,31.02,291.65,2403.00,11499.37,469.30,,0,68,43.00,-121,3993648,-483231.41,6,fused
309391,000000309391.jpg,640x384,1,0.952971,1,1,TP,yolov8l_bsz4.ms,228.25,144.00,372.25,0.500,Mid (Meeting),4.50,30.25,369.96,2325.00,11499.37,388.23,,0,68,43.00,-197,3991338,-786293.59,6,fused
560911,000000560911.jpg,481x640,1,0.952537,1,1,TP,yolov8l_bsz4.ms,228.25,144.00,372.25,0.500,Mid (Meeting),4.50,30.25,369.96,2325.00,11499.37,388.23,,0,68,43.00,-197,3991338,-786293.59,6,fused
71226,000000071226.jpg,640x426,1,0.952245,0,0,FP,yolov8l_bsz4.ms,228.25,144.00,372.25,0.500,Mid (Meeting),4.50,30.25,369.96,2325.00,11499.37,388.23,,0,68,43.00,-197,3991338,-786293.59,6,fused
426203,000000426203.jpg,426x640,1,0.951534,1,1,TP,yolov8l_bsz4.ms,228.25,144.00,372.25,0.500,Mid (Meeting),4.50,30.25,369.96,2325.00,11499.37,388.23,,0,68,43.00,-197,3991338,-786293.59,6,fused
427338,000000427338.jpg,640x396,1,0.951186,1,1,TP,yolov8l_bsz4.ms,228.50,178.50,407.00,0.500,Mid (Meeting),4.46,30.44,367.23,2328.00,11499.37,386.58,,0,68,43.00,-102,3994083,-407396.47,6,fused
448263,000000448263.jpg,320x240,1,0.951045,1,1,TP,yolov8l_bsz4.ms,228.50,178.50,407.00,0.500,Mid (Meeting),4.46,30.44,367.23,2328.00,11499.37,386.58,,0,68,43.00,-102,3994083,-407396.47,6,fused
172648,000000172648.jpg,640x480,1,0.950984,1,1,TP,yolov8l_bsz4.ms,228.50,178.50,407.00,0.500,Mid (Meeting),4.46,30.44,367.23,2328.00,11499.37,386.58,,0,68,43.00,-102,3994083,-407396.47,6,fused
427034,000000427034.jpg,640x480,1,0.950915,1,1,TP,yolov8l_bsz4.ms,228.50,178.50,407.00,0.500,Mid (Meeting),4.46,30.44,367.23,2328.00,11499.37,386.58,,0,68,43.00,-102,3994083,-407396.47,6,fused
389109,000000389109.jpg,427x640,1,0.950813,1,1,TP,yolov8l_bsz4.ms,227.75,154.75,382.50,0.500,Mid (Meeting),7.39,30.44,346.57,2347.00,11499.37,401.53,,0,68,43.00,-182,3991815,-726510.33,6,fused
94944,000000094944.jpg,640x427,1,0.950765,1,1,TP,yolov8l_bsz4.ms,227.75,154.75,382.50,0.500,Mid (Meeting),7.39,30.44,346.57,2347.00,11499.37,401.53,,0,68,43.00,-182,3991815,-726510.33,6,fused
161861,000000161861.jpg,500x375,1,0.950748,1,1,TP,yolov8l_bsz4.ms,227.75,154.75,382.50,0.500,Mid (Meeting),7.39,30.44,346.57,2347.00,11499.37,401.53,,0,68,43.00,-182,3991815,-726510.33,6,fused
209222,000000209222.jpg,640x427,1,0.950691,1,1,TP,yolov8l_bsz4.ms,227.75,154.75,382.50,0.500,Mid (Meeting),7.39,30.44,346.57,2347.00,11499.37,401.53,,0,68,43.00,-182,3991815,-726510.33,6,fused
332351,000000332351.jpg,640x426,1,0.950653,1,1,TP,yolov8l_bsz4.ms,227.50,159.00,386.50,0.500,Mid (Meeting),5.29,29.02,291.11,2401.00,11499.37,452.60,,0,68,43.00,-186,3991546,-742427.56,6,fused
179392,000000179392.jpg,480x640,1,0.950603,0,0,FP,yolov8l_bsz4.ms,227.50,159.00,386.50,0.500,Mid (Meeting),5.29,29.02,291.11,2401.00,11499.37,452.60,,0,68,43.00,-186,3991546,-742427.56,6,fused
192607,000000192607.jpg,640x425,1,0.950572,1,1,TP,yolov8l_bsz4.ms,227.50,159.00,386.50,0.500,Mid (Meeting),5.29,29.02,291.11,2401.00,11499.37,452.60,,0,68,43.00,-186,3991546,-742427.56,6,fused
2299,000000002299.jpg,500x302,1,0.950200,1,1,TP,yolov8l_bsz4.ms,227.50,159.00,386.50,0.500,Mid (Meeting),5.29,29.02,291.11,2401.00,11499.37,452.60,,0,68,43.00,-186,3991546,-742427.56,6,fused
535094,000000535094.jpg,640x427,1,0.950168,1,1,TP,yolov8l_bsz4.ms,229.25,183.25,412.50,0.500,Mid (Meeting),4.85,32.09,369.64,2320.00,11499.37,366.85,,0,68,43.00,-333,3986982,-1327665.01,6,fused
172649,000000172649.jpg,640x427,1,0.949862,1,1,TP,yolov8l_bsz4.ms,229.25,183.25,412.50,0.500,Mid (Meeting),4.85,32.09,369.64,2320.00,11499.37,366.85,,0,68,43.00,-333,3986982,-1327665.01,6,fused
190841,000000190841.jpg,640x427,1,0.949821,1,1,TP,yolov8l_bsz4.ms,229.25,183.25,412.50,0.500,Mid (Meeting),4.85,32.09,369.64,2320.00,11499.37,366.85,,0,68,43.00,-333,3986982,-1327665.01,6,fused
443969,000000443969.jpg,612x612,1,0.949749,1,1,TP,yolov8l_bsz4.ms,229.25,183.25,412.50,0.500,Mid (Meeting),4.85,32.09,369.64,2320.00,11499.37,366.85,,0,68,43.00,-333,3986982,-1327665.01,6,fused
214192,000000214192.jpg,640x436,1,0.949717,1,1,TP,yolov8l_bsz4.ms,229.25,180.25,409.50,0.500,Mid (Meeting),4.76,32.09,368.25,2320.00,11499.37,362.86,,0,68,43.00,-377,3985369,-1502484.11,6,fused
212573,000000212573.jpg,640x559,1,0.949638,1,1,TP,yolov8l_bsz4.ms,229.25,180.25,409.50,0.500,Mid (Meeting),4.76,32.09,368.25,2320.00,11499.37,362.86,,0,68,43.00,-377,3985369,-1502484.11,6,fused
399560,000000399560.jpg,640x478,1,0.949596,0,0,FP,yolov8l_bsz4.ms,229.25,180.25,409.50,0.500,Mid (Meeting),4.76,32.09,368.25,2320.00,11499.37,362.86,,0,68,43.00,-377,3985369,-1502484.11,6,fused
376307,000000376307.jpg,375x500,1,0.949397,1,1,TP,yolov8l_bsz4.ms,229.25,180.25,409.50,0.500,Mid (Meeting),4.76,32.09,368.25,2320.00,11499.37,362.86,,0,68,43.00,-377,3985369,-1502484.11,6,fused
232563,000000232563.jpg,480x640,1,0.948705,1,1,TP,yolov8l_bsz4.ms,234.00,181.50,415.50,0.500,Mid (Meeting),4.66,32.69,364.71,2322.00,11499.37,360.27,,0,68,43.00,-384,3984729,-1530135.94,6,fused
475191,000000475191.jpg,640x480,1,0.948579,1,1,TP,yolov8l_bsz4.ms,234.00,181.50,415.50,0.500,Mid (Meeting),4.66,32.69,364.71,2322.00,11499.37,360.27,,0,68,43.00,-384,3984729,-1530135.94,6,fused
62353,000000062353.jpg,640x480,1,0.948468,1,1,TP,yolov8l_bsz4.ms,234.00,181.50,415.50,0.500,Mid (Meeting),4.66,32.69,364.71,2322.00,11499.37,360.27,,0,68,43.00,-384,3984729,-1530135.94,6,fused
5586,000000005586.jpg,320x240,1,0.948314,1,1,TP,yolov8l_bsz4.ms,234.00,181.50,415.50,0.500,Mid (Meeting),4.66,32.69,364.71,2322.00,11499.37,360.27,,0,68,43.00,-384,3984729,-1530135.94,6,fused
286503,000000286503.jpg,640x427,1,0.948022,1,1,TP,yolov8l_bsz4.ms,226.75,173.25,400.00,0.500,Mid (Meeting),4.62,33.58,291.07,2393.00,11499.37,427.58,,0,68,43.00,-368,3984968,-1466468.22,6,fused
108253,000000108253.jpg,480x640,1,0.947982,1,1,TP,yolov8l_bsz4.ms,226.75,173.25,400.00,0.500,Mid (Meeting),4.62,33.58,291.07,2393.00,11499.37,427.58,,0,68,43.00,-368,3984968,-1466468.22,6,fused
292236,000000292236.jpg,332x500,1,0.947753,1,1,TP,yolov8l_bsz4.ms,226.75,173.25,400.00,0.500,Mid (Meeting),4.62,33.58,291.07,2393.00,11499.37,427.58,,0,68,43.00,-368,3984968,-1466468.22,6,fused
377239,000000377239.jpg,640x427,1,0.947546,1,1,TP,yolov8l_bsz4.ms,226.75,173.25,400.00,0.500,Mid (Meeting),4.62,33.58,291.07,2393.00,11499.37,427.58,,0,68,43.00,-368,3984968,-1466468.22,6,fused
224337,000000224337.jpg,640x427,1,0.946746,1,1,TP,yolov8l_bsz4.ms,229.00,192.75,421.75,0.500,Mid (Meeting),7.86,33.58,370.66,2312.00,11499.37,341.91,,0,68,43.00,-333,3985729,-1327247.76,6,fused
59635,000000059635.jpg,486x640,1,0.946626,1,1,TP,yolov8l_bsz4.ms,229.00,192.75,421.75,0.500,Mid (Meeting),7.86,33.58,370.66,2312.00,11499.37,341.91,,0,68,43.00,-333,3985729,-1327247.76,6,fused
193717,000000193717.jpg,521x640,1,0.946509,1,1,TP,yolov8l_bsz4.ms,229.00,192.75,421.75,0.500,Mid (Meeting),7.86,33.58,370.66,2312.00,11499.37,341.91,,0,68,43.00,-333,3985729,-1327247.76,6,fused
273420,000000273420.jpg,500x400,1,0.946110,1,1,TP,yolov8l_bsz4.ms,229.00,192.75,421.75,0.500,Mid (Meeting),7.86,33.58,370.66,2312.00,11499.37,341.91,,0,68,43.00,-333,3985729,-1327247.76,6,fused
191845,000000191845.jpg,640x361,1,0.946075,1,1,TP,yolov8l_bsz4.ms,228.25,144.00,372.25,0.500,Mid (Meeting),5.42,35.03,366.91,2320.00,11499.37,371.87,,0,68,43.00,-177,3989929,-706217.43,6,fused
393226,000000393226.jpg,640x480,1,0.945844,1,1,TP,yolov8l_bsz4.ms,228.25,144.00,372.25,0.500,Mid (Meeting),5.42,35.03,366.91,2320.00,11499.37,371.87,,0,68,43.00,-177,3989929,-706217.43,6,fused
421757,000000421757.jpg,640x480,1,0.945825,1,1,TP,yolov8l_bsz4.ms,228.25,144.00,372.25,0.500,Mid (Meeting),5.42,35.03,366.91,2320.00,11499.37,371.87,,0,68,43.00,-177,3989929,-706217.43,6,fused
80949,000000080949.jpg,640x438,1,0.945755,0,0,FP,yolov8l_bsz4.ms,228.25,144.00,372.25,0.500,Mid (Meeting),5.42,35.03,366.91,2320.00,11499.37,371.87,,0,68,43.00,-177,3989929,-706217.43,6,fused
309467,000000309467.jpg,640x326,1,0.945725,1,1,TP,yolov8l_bsz4.ms,231.75,183.50,415.25,0.500,Mid (Meeting),4.98,33.66,346.91,2341.00,11499.37,387.76,,0,68,43.00,-102,3992539,-407238.98,6,fused
166747,000000166747.jpg,375x500,1,0.945591,1,1,TP,yolov8l_bsz4.ms,231.75,183.50,415.25,0.500,Mid (Meeting),4.98,33.66,346.91,2341.00,11499.37,387.76,,0,68,43.00,-102,3992539,-407238.98,6,fused
223747,000000223747.jpg,500x370,1,0.944940,1,1,TP,yolov8l_bsz4.ms,231.75,183.50,415.25,0.500,Mid (Meeting),4.98,33.66,346.91,2341.00,11499.37,387.76,,0,68,43.00,-102,3992539,-407238.98,6,fused
403565,000000403565.jpg,447x640,1,0.944914,1,1,TP,yolov8l_bsz4.ms,231.75,183.50,415.25,0.500,Mid (Meeting),4.98,33.66,346.91,2341.00,11499.37,387.76,,0,68,43.00,-102,3992539,-407238.98,6,fused
132408,000000132408.jpg,429x640,1,0.944909,1,1,TP,yolov8l_bsz4.ms,228.25,188.00,416.25,0.500,Mid (Meeting),4.85,33.66,297.69,2390.00,11499.37,430.55,,0,68,43.00,-126,3991975,-502988.85,6,fused
422706,000000422706.jpg,640x427,1,0.944771,1,1,TP,yolov8l_bsz4.ms,228.25,188.00,416.25,0.500,Mid (Meeting),4.85,33.66,297.69,2390.00,11499.37,430.55,,0,68,43.00,-126,3991975,-502988.85,6,fused
90956,000000090956.jpg,640x427,1,0.944734,1,1,TP,yolov8l_bsz4.ms,228.25,188.00,416.25,0.500,Mid (Meeting),4.85,33.66,297.69,2390.00,11499.37,430.55,,0,68,43.00,-126,3991975,-502988.85,6,fused
289960,000000289960.jpg,640x480,1,0.944663,1,1,TP,yolov8l_bsz4.ms,228.25,188.00,416.25,0.500,Mid (Meeting),4.85,33.66,297.69,2390.00,11499.37,430.55,,0,68,43.00,-126,3991975,-502988.85,6,fused
545100,000000545100.jpg,640x426,1,0.944531,1,1,TP,yolov8l_bsz4.ms,230.25,181.25,411.50,0.500,Mid (Meeting),4.73,33.12,368.82,2319.00,11499.37,355.42,,0,68,43.00,-139,3991709,-554847.55,6,fused
451144,000000451144.jpg,640x480,1,0.944099,1,1,TP,yolov8l_bsz4.ms,230.25,181.25,411.50,0.500,Mid (Meeting),4.73,33.12,368.82,2319.00,11499.37,355.42,,0,68,43.00,-139,3991709,-554847.55,6,fused
128748,000000128748.jpg,491x640,1,0.944050,1,1,TP,yolov8l_bsz4.ms,230.25,181.25,411.50,0.500,Mid (Meeting),4.73,33.12,368.82,2319.00,11499.37,355.42,,0,68,43.00,-139,3991709,-554847.55,6,fused
570539,000000570539.jpg,372x500,1,0.943734,1,1,TP,yolov8l_bsz4.ms,230.25,181.25,411.50,0.500,Mid (Meeting),4.73,33.12,368.82,2319.00,11499.37,355.42,,0,68,43.00,-139,3991709,-554847.55,6,fused
388846,000000388846.jpg,640x427,1,0.943467,1,1,TP,yolov8l_bsz4.ms,234.75,177.50,412.25,0.500,Mid (Meeting),4.64,32.61,367.91,2319.00,11499.37,350.54,,0,68,43.00,-131,3992017,-522954.23,6,fused
370711,000000370711.jpg,640x480,1,0.943124,1,1,TP,yolov8l_bsz4.ms,234.75,177.50,412.25,0.500,Mid (Meeting),4.64,32.61,367.91,2319.00,11499.37,350.54,,0,68,43.00,-131,3992017,-522954.23,6,fused
527528,000000527528.jpg,640x480,1,0.942861,1,1,TP,yolov8l_bsz4.ms,234.75,177.50,412.25,0.500,Mid (Meeting),4.64,32.61,367.91,2319.00,11499.37,350.54,,0,68,43.00,-131,3992017,-522954.23,6,fused
434548,000000434548.jpg,640x480,1,0.942773,1,1,TP,yolov8l_bsz4.ms,234.75,177.50,412.25,0.500,Mid (Meeting),4.64,32.61,367.91,2319.00,11499.37,350.54,,0,68,43.00,-131,3992017,-522954.23,6,fused
52591,000000052591.jpg,359x640,1,0.942717,1,1,TP,yolov8l_bsz4.ms,232.75,138.25,371.00,0.500,Mid (Meeting),6.91,32.61,346.97,2339.00,11499.37,366.86,,0,68,43.00,-215,3989604,-857764.86,6,fused
486112,000000486112.jpg,640x427,1,0.942573,1,1,TP,yolov8l_bsz4.ms,232.75,138.25,371.00,0.500,Mid (Meeting),6.91,32.61,346.97,2339.00,11499.37,366.86,,0,68,43.00,-215,3989604,-857764.86,6,fused
141671,000000141671.jpg,640x335,1,0.942099,1,1,TP,yolov8l_bsz4.ms,232.75,138.25,371.00,0.500,Mid (Meeting),6.91,32.61,346.97,2339.00,11499.37,366.86,,0,68,43.00,-215,3989604,-857764.86,6,fused
558213,000000558213.jpg,640x432,1,0.942031,1,1,TP,yolov8l_bsz4.ms,232.75,138.25,371.00,0.500,Mid (Meeting),6.91,32.61,346.97,2339.00,11499.37,366.86,,0,68,43.00,-215,3989604,-857764.86,6,fused
349184,000000349184.jpg,428x640,1,0.941579,1,1,TP,yolov8l_bsz4.ms,230.25,182.50,412.75,0.500,Mid (Meeting),5.12,32.50,292.73,2392.00,11499.37,415.89,,0,68,43.00,-131,3992031,-522956.06,6,fused
450100,000000450100.jpg,480x640,1,0.941434,0,0,FP,yolov8l_bsz4.ms,230.25,182.50,412.75,0.500,Mid (Meeting),5.12,32.50,292.73,2392.00,11499.37,415.89,,0,68,43.00,-131,3992031,-522956.06,6,fused
458223,000000458223.jpg,640x338,1,0.941123,1,1,TP,yolov8l_bsz4.ms,230.25,182.50,412.75,0.500,Mid (Meeting),5.12,32.50,292.73,2392.00,11499.37,415.89,,0,68,43.00,-131,3992031,-522956.06,6,fused
233238,000000233238.jpg,480x640,1,0.941075,1,1,TP,yolov8l_bsz4.ms,230.25,182.50,412.75,0.500,Mid (Meeting),5.12,32.50,292.73,2392.00,11499.37,415.89,,0,68,43.00,-131,3992031,-522956.06,6,fused
343706,000000343706.jpg,640x496,1,0.940900,1,1,TP,yolov8l_bsz4.ms,229.00,194.75,423.75,0.500,Mid (Meeting),4.81,33.69,369.10,2314.00,11499.37,333.09,,0,68,43.00,-133,3992072,-530945.58,6,fused
122046,000000122046.jpg,427x640,1,0.940511,1,1,TP,yolov8l_bsz4.ms,229.00,194.75,423.75,0.500,Mid (Meeting),4.81,33.69,369.10,2314.00,11499.37,333.09,,0,68,43.00,-133,3992072,-530945.58,6,fused
313588,000000313588.jpg,480x640,1,0.939604,1,1,TP,yolov8l_bsz4.ms,229.00,194.75,423.75,0.500,Mid (Meeting),4.81,33.69,369.10,2314.00,11499.37,333.09,,0,68,43.00,-133,3992072,-530945.58,6,fused
292456,000000292456.jpg,500x375,1,0.939545,1,1,TP,yolov8l_bsz4.ms,229.00,194.75,423.75,0.500,Mid (Meeting),4.81,33.69,369.10,2314.00,11499.37,333.09,,0,68,43.00,-133,3992072,-530945.58,6,fused
359135,000000359135.jpg,640x427,1,0.939452,0,0,FP,yolov8l_bsz4.ms,227.50,166.75,394.25,0.500,Mid (Meeting),4.63,33.69,365.34,2316.00,11499.37,331.59,,0,68,43.00,-192,3990246,-766127.23,6,fused
566282,000000566282.jpg,640x426,1,0.939110,1,1,TP,yolov8l_bsz4.ms,227.50,166.75,394.25,0.500,Mid (Meeting),4.63,33.69,365.34,2316.00,11499.37,331.59,,0,68,43.00,-192,3990246,-766127.23,6,fused
492758,000000492758.jpg,640x427,1,0.938940,1,1,TP,yolov8l_bsz4.ms,227.50,166.75,394.25,0.500,Mid (Meeting),4.63,33.69,365.34,2316.00,11499.37,331.59,,0,68,43.00,-192,3990246,-766127.23,6,fused
572956,000000572956.jpg,500x333,1,0.938930,0,0,FP,yolov8l_bsz4.ms,227.50,166.75,394.25,0.500,Mid (Meeting),4.63,33.69,365.34,2316.00,11499.37,331.59,,0,68,43.00,-192,3990246,-766127.23,6,fused
261061,000000261061.jpg,500x334,1,0.938928,1,1,TP,yolov8l_bsz4.ms,226.25,198.25,424.50,0.500,Mid (Meeting),4.65,34.62,348.08,2332.00,11499.37,342.98,,0,68,43.00,-135,3991948,-538912.98,6,fused
442306,000000442306.jpg,640x640,1,0.938877,1,1,TP,yolov8l_bsz4.ms,226.25,198.25,424.50,0.500,Mid (Meeting),4.65,34.62,348.08,2332.00,11499.37,342.98,,0,68,43.00,-135,3991948,-538912.98,6,fused
499768,000000499768.jpg,640x428,1,0.938666,0,0,FP,yolov8l_bsz4.ms,226.25,198.25,424.50,0.500,Mid (Meeting),4.65,34.62,348.08,2332.00,11499.37,342.98,,0,68,43.00,-135,3991948,-538912.98,6,fused
313182,000000313182.jpg,640x424,1,0.938629,1,1,TP,yolov8l_bsz4.ms,226.25,198.25,424.50,0.500,Mid (Meeting),4.65,34.62,348.08,2332.00,11499.37,342.98,,0,68,43.00,-135,3991948,-538912.98,6,fused
70254,000000070254.jpg,640x384,1,0.938440,1,1,TP,yolov8l_bsz4.ms,228.50,199.00,427.50,0.500,Mid (Meeting),4.64,35.88,293.55,2382.00,11499.37,388.86,,0,68,43.00,-134,3991895,-534913.93,6,fused
38678,000000038678.jpg,480x640,1,0.938370,1,1,TP,yolov8l_bsz4.ms,228.50,199.00,427.50,0.500,Mid (Meeting),4.64,35.88,293.55,2382.00,11499.37,388.86,,0,68,43.00,-134,3991895,-534913.93,6,fused
404484,000000404484.jpg,320x240,1,0.937983,1,1,TP,yolov8l_bsz4.ms,228.50,199.00,427.50,0.500,Mid (Meeting),4.64,35.88,293.55,2382.00,11499.37,388.86,,0,68,43.00,-134,3991895,-534913.93,6,fused
47112,000000047112.jpg,640x480,1,0.937465,1,1,TP,yolov8l_bsz4.ms,228.50,199.00,427.50,0.500,Mid (Meeting),4.64,35.88,293.55,2382.00,11499.37,388.86,,0,68,43.00,-134,3991895,-534913.93,6,fused
463730,000000463730.jpg,640x427,1,0.936980,1,1,TP,yolov8l_bsz4.ms,227.25,165.25,392.50,0.500,Mid (Meeting),6.19,35.88,369.79,2305.00,11499.37,307.26,,0,68,43.00,-140,3991746,-558844.44,6,fused
39914,000000039914.jpg,487x640,1,0.936579,1,1,TP,yolov8l_bsz4.ms,227.25,165.25,392.50,0.500,Mid (Meeting),6.19,35.88,369.79,2305.00,11499.37,307.26,,0,68,43.00,-140,3991746,-558844.44,6,fused
300276,000000300276.jpg,640x359,1,0.936452,1,1,TP,yolov8l_bsz4.ms,227.25,165.25,392.50,0.500,Mid (Meeting),6.19,35.88,369.79,2305.00,11499.37,307.26,,0,68,43.00,-140,3991746,-558844.44,6,fused
451090,000000451090.jpg,640x435,1,0.936449,0,0,FP,yolov8l_bsz4.ms,227.25,165.25,392.50,0.500,Mid (Meeting),6.19,35.88,369.79,2305.00,11499.37,307.26,,0,68,43.00,-140,3991746,-558844.44,6,fused
53529,000000053529.jpg,500x333,1,0.935862,1,1,TP,yolov8l_bsz4.ms,227.25,165.00,392.25,0.500,Mid (Meeting),5.02,35.54,367.07,2305.00,11499.37,303.48,,0,68,43.00,-195,3990212,-778091.34,6,fused
357748,000000357748.jpg,640x480,1,0.935801,1,1,TP,yolov8l_bsz4.ms,227.25,165.00,392.25,0.500,Mid (Meeting),5.02,35.54,367.07,2305.00,11499.37,303.48,,0,68,43.00,-195,3990212,-778091.34,6,fused
575500,000000575500.jpg,426x640,1,0.935635,0,0,FP,yolov8l_bsz4.ms,227.25,165.00,392.25,0.500,Mid (Meeting),5.02,35.54,367.07,2305.00,11499.37,303.48,,0,68,43.00,-195,3990212,-778091.34,6,fused
344029,000000344029.jpg,640x480,1,0.935530,1,1,TP,yolov8l_bsz4.ms,227.25,165.00,392.25,0.500,Mid (Meeting),5.02,35.54,367.07,2305.00,11499.37,303.48,,0,68,43.00,-195,3990212,-778091.34,6,fused
30828,000000030828.jpg,640x427,1,0.935250,1,1,TP,yolov8l_bsz4.ms,227.25,147.00,374.25,0.500,Mid (Meeting),4.65,34.96,349.00,2322.00,11499.37,315.99,,0,68,43.00,-161,3991061,-642560.82,6,fused
283318,000000283318.jpg,640x427,1,0.935105,1,1,TP,yolov8l_bsz4.ms,227.25,147.00,374.25,0.500,Mid (Meeting),4.65,34.96,349.00,2322.00,11499.37,315.99,,0,68,43.00,-161,3991061,-642560.82,6,fused
147223,000000147223.jpg,640x360,1,0.935075,0,0,FP,yolov8l_bsz4.ms,227.25,147.00,374.25,0.500,Mid (Meeting),4.65,34.96,349.00,2322.00,11499.37,315.99,,0,68,43.00,-161,3991061,-642560.82,6,fused
574520,000000574520.jpg,640x399,1,0.934755,1,1,TP,yolov8l_bsz4.ms,227.25,147.00,374.25,0.500,Mid (Meeting),4.65,34.96,349.00,2322.00,11499.37,315.99,,0,68,43.00,-161,3991061,-642560.82,6,fused
95862,000000095862.jpg,500x375,1,0.934480,1,1,TP,yolov8l_bsz4.ms,228.50,156.75,385.25,0.500,Mid (Meeting),4.59,34.96,294.41,2387.00,11499.37,401.88,,0,68,43.00,-129,3992092,-514979.87,6,fused
99039,000000099039.jpg,640x480,1,0.934445,1,1,TP,yolov8l_bsz4.ms,228.50,156.75,385.25,0.500,Mid (Meeting),4.59,34.96,294.41,2387.00,11499.37,401.88,,0,68,43.00,-129,3992092,-514979.87,6,fused
370042,000000370042.jpg,640x356,1,0.934441,0,0,FP,yolov8l_bsz4.ms,228.50,156.75,385.25,0.500,Mid (Meeting),4.59,34.96,294.41,2387.00,11499.37,401.88,,0,68,43.00,-129,3992092,-514979.87,6,fused
58384,000000058384.jpg,640x466,1,0.934303,0,0,FP,yolov8l_bsz4.ms,228.50,156.75,385.25,0.500,Mid (Meeting),4.59,34.96,294.41,2387.00,11499.37,401.88,,0,68,43.00,-129,3992092,-514979.87,6,fused
66841,000000066841.jpg,336x500,1,0.934091,0,0,FP,yolov8l_bsz4.ms,233.00,201.25,434.25,0.500,Mid (Meeting),4.52,33.52,370.14,2314.00,11499.37,323.57,,0,68,43.00,-86,3993302,-343423.97,6,fused
184791,000000184791.jpg,640x500,1,0.934023,0,0,FP,yolov8l_bsz4.ms,233.00,201.25,434.25,0.500,Mid (Meeting),4.52,33.52,370.14,2314.00,11499.37,323.57,,0,68,43.00,-86,3993302,-343423.97,6,fused
432898,000000432898.jpg,500x500,1,0.933811,1,1,TP,yolov8l_bsz4.ms,233.00,201.25,434.25,0.500,Mid (Meeting),4.52,33.52,370.14,2314.00,11499.37,323.57,,0,68,43.00,-86,3993302,-343423.97,6,fused
73153,000000073153.jpg,427x640,1,0.933466,1,1,TP,yolov8l_bsz4.ms,233.00,201.25,434.25,0.500,Mid (Meeting),4.52,33.52,370.14,2314.00,11499.37,323.57,,0,68,43.00,-86,3993302,-343423.97,6,fused
455301,000000455301.jpg,640x481,1,0.933336,1,1,TP,yolov8l_bsz4.ms,232.50,190.00,422.50,0.500,Mid (Meeting),4.53,32.64,370.35,2314.00,11499.37,318.48,,0,68,43.00,-151,3991444,-602708.04,6,fused
264535,000000264535.jpg,612x612,1,0.933035,1,1,TP,yolov8l_bsz4.ms,232.50,190.00,422.50,0.500,Mid (Meeting),4.53,32.64,370.35,2314.00,11499.37,318.48,,0,68,43.00,-151,3991444,-602708.04,6,fused
441553,000000441553.jpg,640x480,1,0.932912,1,1,TP,yolov8l_bsz4.ms,232.50,190.00,422.50,0.500,Mid (Meeting),4.53,32.64,370.35,2314.00,11499.37,318.48,,0,68,43.00,-151,3991444,-602708.04,6,fused
366711,000000366711.jpg,427x640,1,0.932774,1,1,TP,yolov8l_bsz4.ms,232.50,190.00,422.50,0.500,Mid (Meeting),4.53,32.64,370.35,2314.00,11499.37,318.48,,0,68,43.00,-151,3991444,-602708.04,6,fused
518326,000000518326.jpg,640x480,1,0.932444,1,1,TP,yolov8l_bsz4.ms,230.25,173.75,404.00,0.500,Mid (Meeting),7.92,32.64,348.35,2334.00,11499.37,334.05,,0,68,43.00,-172,3990747,-686408.48,6,fused
535523,000000535523.jpg,640x428,1,0.932436,1,1,TP,yolov8l_bsz4.ms,230.25,173.75,404.00,0.500,Mid (Meeting),7.92,32.64,348.35,2334.00,11499.37,334.05,,0,68,43.00,-172,3990747,-686408.48,6,fused
53909,000000053909.jpg,480x640,1,0.932410,1,1,TP,yolov8l_bsz4.ms,230.25,173.75,404.00,0.500,Mid (Meeting),7.92,32.64,348.35,2334.00,11499.37,334.05,,0,68,43.00,-172,3990747,-686408.48,6,fused
187236,000000187236.jpg,640x480,1,0.932244,0,0,FP,yolov8l_bsz4.ms,230.25,173.75,404.00,0.500,Mid (Meeting),7.92,32.64,348.35,2334.00,11499.37,334.05,,0,68,43.00,-172,3990747,-686408.48,6,fused
67406,000000067406.jpg,500x375,1,0.932213,1,1,TP,yolov8l_bsz4.ms,233.00,202.50,435.50,0.500,Mid (Meeting),5.62,31.44,296.53,2384.00,11499.37,380.02,,0,68,43.00,-107,3992605,-427208.73,6,fused
44590,000000044590.jpg,640x246,1,0.932124,1,1,TP,yolov8l_bsz4.ms,233.00,202.50,435.50,0.500,Mid (Meeting),5.62,31.44,296.53,2384.00,11499.37,380.02,,0,68,43.00,-107,3992605,-427208.73,6,fused
452321,000000452321.jpg,640x480,1,0.932069,0,0,FP,yolov8l_bsz4.ms,233.00,202.50,435.50,0.500,Mid (Meeting),5.62,31.44,296.53,2384.00,11499.37,380.02,,0,68,43.00,-107,3992605,-427208.73,6,fused
338219,000000338219.jpg,640x566,1,0.931744,1,1,TP,yolov8l_bsz4.ms,233.00,202.50,435.50,0.500,Mid (Meeting),5.62,31.44,296.53,2384.00,11499.37,380.02,,0,68,43.00,-107,3992605,-427208.73,6,fused
154644,000000154644.jpg,500x500,1,0.931721,1,1,TP,yolov8l_bsz4.ms,232.25,212.50,444.75,0.500,Mid (Meeting),5.14,32.58,371.66,2310.00,11499.37,300.98,,0,68,43.00,-128,3991911,-510964.61,6,fused
497344,000000497344.jpg,500x333,1,0.931674,1,1,TP,yolov8l_bsz4.ms,232.25,212.50,444.75,0.500,Mid (Meeting),5.14,32.58,371.66,2310.00,11499.37,300.98,,0,68,43.00,-128,3991911,-510964.61,6,fused
476704,000000476704.jpg,640x428,1,0.931363,0,0,FP,yolov8l_bsz4.ms,232.25,212.50,444.75,0.500,Mid (Meeting),5.14,32.58,371.66,2310.00,11499.37,300.98,,0,68,43.00,-128,3991911,-510964.61,6,fused
461009,000000461009.jpg,612x612,1,0.931229,1,1,TP,yolov8l_bsz4.ms,232.25,212.50,444.75,0.500,Mid (Meeting),5.14,32.58,371.66,2310.00,11499.37,300.98,,0,68,43.00,-128,3991911,-510964.61,6,fused
6894,000000006894.jpg,640x480,1,0.930949,1,1,TP,yolov8l_bsz4.ms,231.25,160.00,391.25,0.500,Mid (Meeting),4.90,32.58,369.72,2310.00,11499.37,298.29,,0,68,43.00,-218,3989319,-869671.54,6,fused
125778,000000125778.jpg,640x480,1,0.930931,0,0,FP,yolov8l_bsz4.ms,231.25,160.00,391.25,0.500,Mid (Meeting),4.90,32.58,369.72,2310.00,11499.37,298.29,,0,68,43.00,-218,3989319,-869671.54,6,fused
140203,000000140203.jpg,640x480,1,0.930614,1,1,TP,yolov8l_bsz4.ms,231.25,160.00,391.25,0.500,Mid (Meeting),4.90,32.58,369.72,2310.00,11499.37,298.29,,0,68,43.00,-218,3989319,-869671.54,6,fused
116208,000000116208.jpg,640x480,1,0.930584,1,1,TP,yolov8l_bsz4.ms,231.25,160.00,391.25,0.500,Mid (Meeting),4.90,32.58,369.72,2310.00,11499.37,298.29,,0,68,43.00,-218,3989319,-869671.54,6,fused
83540,000000083540.jpg,640x443,1,0.930315,1,1,TP,yolov8l_bsz4.ms,229.00,162.50,391.50,0.500,Mid (Meeting),4.76,32.68,348.96,2329.00,11499.37,312.76,,0,68,43.00,-98,3992835,-391297.83,6,fused
126226,000000126226.jpg,640x480,1,0.930194,1,1,TP,yolov8l_bsz4.ms,229.00,162.50,391.50,0.500,Mid (Meeting),4.76,32.68,348.96,2329.00,11499.37,312.76,,0,68,43.00,-98,3992835,-391297.83,6,fused
193162,000000193162.jpg,640x428,1,0.929658,1,1,TP,yolov8l_bsz4.ms,229.00,162.50,391.50,0.500,Mid (Meeting),4.76,32.68,348.96,2329.00,11499.37,312.76,,0,68,43.00,-98,3992835,-391297.83,6,fused
80022,000000080022.jpg,640x426,1,0.929573,1,1,TP,yolov8l_bsz4.ms,229.00,162.50,391.50,0.500,Mid (Meeting),4.76,32.68,348.96,2329.00,11499.37,312.76,,0,68,43.00,-98,3992835,-391297.83,6,fused
320232,000000320232.jpg,375x500,1,0.929304,1,1,TP,yolov8l_bsz4.ms,226.25,170.25,396.50,0.500,Mid (Meeting),4.71,33.41,301.63,2373.00,11499.37,352.91,,0,68,43.00,-189,3990112,-754131.17,6,fused
346232,000000346232.jpg,427x640,1,0.929301,1,1,TP,yolov8l_bsz4.ms,226.25,170.25,396.50,0.500,Mid (Meeting),4.71,33.41,301.63,2373.00,11499.37,352.91,,0,68,43.00,-189,3990112,-754131.17,6,fused
465675,000000465675.jpg,640x403,1,0.929156,0,0,FP,yolov8l_bsz4.ms,226.25,170.25,396.50,0.500,Mid (Meeting),4.71,33.41,301.63,2373.00,11499.37,352.91,,0,68,43.00,-189,3990112,-754131.17,6,fused
557672,000000557672.jpg,640x433,1,0.928841,1,1,TP,yolov8l_bsz4.ms,226.25,170.25,396.50,0.500,Mid (Meeting),4.71,33.41,301.63,2373.00,11499.37,352.91,,0,68,43.00,-189,3990112,-754131.17,6,fused
137106,000000137106.jpg,640x427,1,0.927990,1,1,TP,yolov8l_bsz4.ms,229.75,151.50,381.25,0.500,Mid (Meeting),5.94,33.41,371.18,2301.00,11499.37,276.43,,0,68,43.00,-186,3990010,-742141.86,6,fused
569565,000000569565.jpg,640x427,1,0.927443,0,0,FP,yolov8l_bsz4.ms,229.75,151.50,381.25,0.500,Mid (Meeting),5.94,33.41,371.18,2301.00,11499.37,276.43,,0,68,43.00,-186,3990010,-742141.86,6,fused
179112,000000179112.jpg,500x375,1,0.927437,1,1,TP,yolov8l_bsz4.ms,229.75,151.50,381.25,0.500,Mid (Meeting),5.94,33.41,371.18,2301.00,11499.37,276.43,,0,68,43.00,-186,3990010,-742141.86,6,fused
407960,000000407960.jpg,640x426,1,0.927390,0,0,FP,yolov8l_bsz4.ms,229.75,151.50,381.25,0.500,Mid (Meeting),5.94,33.41,371.18,2301.00,11499.37,276.43,,0,68,43.00,-186,3990010,-742141.86,6,fused
293071,000000293071.jpg,335x500,1,0.927383,0,0,FP,yolov8l_bsz4.ms,227.50,184.25,411.75,0.500,Mid (Meeting),4.98,34.69,369.26,2300.00,11499.37,270.61,,0,68,43.00,-105,3992474,-419209.77,6,fused
302882,000000302882.jpg,500x400,1,0.926930,1,1,TP,yolov8l_bsz4.ms,227.50,184.25,411.75,0.500,Mid (Meeting),4.98,34.69,369.26,2300.00,11499.37,270.61,,0,68,43.00,-105,3992474,-419209.77,6,fused
331604,000000331604.jpg,640x427,1,0.926420,1,1,TP,yolov8l_bsz4.ms,227.50,184.25,411.75,0.500,Mid (Meeting),4.98,34.69,369.26,2300.00,11499.37,270.61,,0,68,43.00,-105,3992474,-419209.77,6,fused
373353,000000373353.jpg,640x428,1,0.926394,1,1,TP,yolov8l_bsz4.ms,227.50,184.25,411.75,0.500,Mid (Meeting),4.98,34.69,369.26,2300.00,11499.37,270.61,,0,68,43.00,-105,3992474,-419209.77,6,fused
436883,000000436883.jpg,640x421,1,0.926272,1,1,TP,yolov8l_bsz4.ms,230.25,162.75,393.00,0.500,Mid (Meeting),4.68,34.77,349.09,2319.00,11499.37,285.85,,0,68,43.00,-151,3991077,-602652.63,6,fused
256916,000000256916.jpg,640x480,1,0.926172,0,0,FP,yolov8l_bsz4.ms,230.25,162.75,393.00,0.500,Mid (Meeting),4.68,34.77,349.09,2319.00,11499.37,285.85,,0,68,43.00,-151,3991077,-602652.63,6,fused
162581,000000162581.jpg,480x640,1,0.925948,1,1,TP,yolov8l_bsz4.ms,230.25,162.75,393.00,0.500,Mid (Meeting),4.68,34.77,349.09,2319.00,11499.37,285.85,,0,68,43.00,-151,3991077,-602652.63,6,fused
369442,000000369442.jpg,640x480,1,0.925674,1,1,TP,yolov8l_bsz4.ms,230.25,162.75,393.00,0.500,Mid (Meeting),4.68,34.77,349.09,2319.00,11499.37,285.85,,0,68,43.00,-151,3991077,-602652.63,6,fused
430377,000000430377.jpg,439x640,1,0.925434,1,1,TP,yolov8l_bsz4.ms,228.50,174.75,403.25,0.500,Mid (Meeting),4.61,34.77,294.78,2384.00,11499.37,370.31,,0,68,43.00,-111,3992187,-443132.76,6,fused
51610,000000051610.jpg,640x427,1,0.925409,1,1,TP,yolov8l_bsz4.ms,228.50,174.75,403.25,0.500,Mid (Meeting),4.61,34.77,294.78,2384.00,11499.37,370.31,,0,68,43.00,-111,3992187,-443132.76,6,fused
550714,000000550714.jpg,640x480,1,0.925318,1,1,TP,yolov8l_bsz4.ms,228.50,174.75,403.25,0.500,Mid (Meeting),4.61,34.77,294.78,2384.00,11499.37,370.31,,0,68,43.00,-111,3992187,-443132.76,6,fused
435205,000000435205.jpg,500x333,1,0.925008,1,1,TP,yolov8l_bsz4.ms,228.50,174.75,403.25,0.500,Mid (Meeting),4.61,34.77,294.78,2384.00,11499.37,370.31,,0,68,43.00,-111,3992187,-443132.76,6,fused
289741,000000289741.jpg,640x480,1,0.924805,1,1,TP,yolov8l_bsz4.ms,226.00,189.25,415.25,0.500,Mid (Meeting),4.56,33.62,370.11,2309.00,11499.37,290.07,,0,68,43.00,-94,3992743,-375317.84,6,fused
473118,000000473118.jpg,346x500,1,0.924650,1,1,TP,yolov8l_bsz4.ms,226.00,189.25,415.25,0.500,Mid (Meeting),4.56,33.62,370.11,2309.00,11499.37,290.07,,0,68,43.00,-94,3992743,-375317.84,6,fused
278848,000000278848.jpg,480x640,1,0.924122,1,1,TP,yolov8l_bsz4.ms,226.00,189.25,415.25,0.500,Mid (Meeting),4.56,33.62,370.11,2309.00,11499.37,290.07,,0,68,43.00,-94,3992743,-375317.84,6,fused
355325,000000355325.jpg,478x640,1,0.923900,1,1,TP,yolov8l_bsz4.ms,226.00,189.25,415.25,0.500,Mid (Meeting),4.56,33.62,370.11,2309.00,11499.37,290.07,,0,68,43.00,-94,3992743,-375317.84,6,fused
171757,000000171757.jpg,640x480,1,0.923761,1,1,TP,yolov8l_bsz4.ms,228.75,139.25,368.00,0.500,Mid (Meeting),4.47,32.71,370.03,2309.00,11499.37,287.05,,0,68,43.00,-162,3990602,-646477.52,6,fused
460682,000000460682.jpg,640x189,1,0.923754,0,0,FP,yolov8l_bsz4.ms,228.75,139.25,368.00,0.500,Mid (Meeting),4.47,32.71,370.03,2309.00,11499.37,287.05,,0,68,43.00,-162,3990602,-646477.52,6,fused
345361,000000345361.jpg,500x358,1,0.923034,1,1,TP,yolov8l_bsz4.ms,228.75,139.25,368.00,0.500,Mid (Meeting),4.47,32.71,370.03,2309.00,11499.37,287.05,,0,68,43.00,-162,3990602,-646477.52,6,fused
374052,000000374052.jpg,640x427,1,0.922948,1,1,TP,yolov8l_bsz4.ms,228.75,139.25,368.00,0.500,Mid (Meeting),4.47,32.71,370.03,2309.00,11499.37,287.05,,0,68,43.00,-162,3990602,-646477.52,6,fused
512476,000000512476.jpg,640x426,1,0.922677,0,0,FP,yolov8l_bsz4.ms,231.25,170.00,401.25,0.500,Mid (Meeting),8.36,32.71,348.89,2329.00,11499.37,302.45,,0,68,43.00,-87,3992814,-347374.82,6,fused
577539,000000577539.jpg,500x334,1,0.922599,1,1,TP,yolov8l_bsz4.ms,231.25,170.00,401.25,0.500,Mid (Meeting),8.36,32.71,348.89,2329.00,11499.37,302.45,,0,68,43.00,-87,3992814,-347374.82,6,fused
255917,000000255917.jpg,640x427,1,0.921940,1,1,TP,yolov8l_bsz4.ms,231.25,170.00,401.25,0.500,Mid (Meeting),8.36,32.71,348.89,2329.00,11499.37,302.45,,0,68,43.00,-87,3992814,-347374.82,6,fused
446651,000000446651.jpg,640x426,1,0.921675,1,1,TP,yolov8l_bsz4.ms,231.25,170.00,401.25,0.500,Mid (Meeting),8.36,32.71,348.89,2329.00,11499.37,302.45,,0,68,43.00,-87,3992814,-347374.82,6,fused
269632,000000269632.jpg,640x427,1,0.921508,1,1,TP,yolov8l_bsz4.ms,228.00,162.00,390.00,0.500,Mid (Meeting),5.57,30.28,303.19,2373.00,11499.37,342.82,,0,68,43.00,-115,3991981,-459077.82,6,fused
378284,000000378284.jpg,640x427,1,0.921453,1,1,TP,yolov8l_bsz4.ms,228.00,162.00,390.00,0.500,Mid (Meeting),5.57,30.28,303.19,2373.00,11499.37,342.82,,0,68,43.00,-115,3991981,-459077.82,6,fused
377635,000000377635.jpg,640x427,1,0.921249,1,1,TP,yolov8l_bsz4.ms,228.00,162.00,390.00,0.500,Mid (Meeting),5.57,30.28,303.19,2373.00,11499.37,342.82,,0,68,43.00,-115,3991981,-459077.82,6,fused
397303,000000397303.jpg,640x480,1,0.921226,1,1,TP,yolov8l_bsz4.ms,228.00,162.00,390.00,0.500,Mid (Meeting),5.57,30.28,303.19,2373.00,11499.37,342.82,,0,68,43.00,-115,3991981,-459077.82,6,fused
322610,000000322610.jpg,640x480,1,0.921171,1,1,TP,yolov8l_bsz4.ms,230.00,189.50,419.50,0.500,Mid (Meeting),5.10,29.96,371.36,2305.00,11499.37,270.18,,0,68,43.00,-105,3992371,-419198.96,6,fused
24021,000000024021.jpg,640x390,1,0.921165,1,1,TP,yolov8l_bsz4.ms,230.00,189.50,419.50,0.500,Mid (Meeting),5.10,29.96,371.36,2305.00,11499.37,270.18,,0,68,43.00,-105,3992371,-419198.96,6,fused
522393,000000522393.jpg,640x640,1,0.921091,1,1,TP,yolov8l_bsz4.ms,230.00,189.50,419.50,0.500,Mid (Meeting),5.10,29.96,371.36,2305.00,11499.37,270.18,,0,68,43.00,-105,3992371,-419198.96,6,fused
168337,000000168337.jpg,640x480,1,0.921056,1,1,TP,yolov8l_bsz4.ms,230.00,189.50,419.50,0.500,Mid (Meeting),5.10,29.96,371.36,2305.00,11499.37,270.18,,0,68,43.00,-105,3992371,-419198.96,6,fused
301376,000000301376.jpg,333x500,1,0.920984,1,1,TP,yolov8l_bsz4.ms,227.50,165.25,392.75,0.500,Mid (Meeting),4.83,29.96,365.68,2311.00,11499.37,273.00,,0,68,43.00,-179,3990273,-714258.87,6,fused
327605,000000327605.jpg,640x480,1,0.920505,1,1,TP,yolov8l_bsz4.ms,227.50,165.25,392.75,0.500,Mid (Meeting),4.83,29.96,365.68,2311.00,11499.37,273.00,,0,68,43.00,-179,3990273,-714258.87,6,fused
532129,000000532129.jpg,640x427,1,0.920216,0,0,FP,yolov8l_bsz4.ms,227.50,165.25,392.75,0.500,Mid (Meeting),4.83,29.96,365.68,2311.00,11499.37,273.00,,0,68,43.00,-179,3990273,-714258.87,6,fused
459809,000000459809.jpg,640x428,1,0.919816,1,1,TP,yolov8l_bsz4.ms,227.50,165.25,392.75,0.500,Mid (Meeting),4.83,29.96,365.68,2311.00,11499.37,273.00,,0,68,43.00,-179,3990273,-714258.87,6,fused
257566,000000257566.jpg,640x480,1,0.919756,1,1,TP,yolov8l_bsz4.ms,228.25,160.25,388.50,0.500,Mid (Meeting),4.75,29.76,366.57,2310.00,11499.37,267.42,,0,68,43.00,-179,3990151,-714237.03,6,fused
245320,000000245320.jpg,424x640,1,0.919675,1,1,TP,yolov8l_bsz4.ms,228.25,160.25,388.50,0.500,Mid (Meeting),4.75,29.76,366.57,2310.00,11499.37,267.42,,0,68,43.00,-179,3990151,-714237.03,6,fused
351096,000000351096.jpg,500x375,1,0.919572,1,1,TP,yolov8l_bsz4.ms,228.25,160.25,388.50,0.500,Mid (Meeting),4.75,29.76,366.57,2310.00,11499.37,267.42,,0,68,43.00,-179,3990151,-714237.03,6,fused
180296,000000180296.jpg,640x360,1,0.919503,0,0,FP,yolov8l_bsz4.ms,228.25,160.25,388.50,0.500,Mid (Meeting),4.75,29.76,366.57,2310.00,11499.37,267.42,,0,68,43.00,-179,3990151,-714237.03,6,fused
359677,000000359677.jpg,427x640,1,0.919376,1,1,TP,yolov8l_bsz4.ms,229.50,161.25,390.75,0.500,Mid (Meeting),4.63,30.70,297.55,2377.00,11499.37,331.01,,0,68,43.00,-103,3992241,-411200.82,6,fused
187055,000000187055.jpg,425x640,1,0.919121,1,1,TP,yolov8l_bsz4.ms,229.50,161.25,390.75,0.500,Mid (Meeting),4.63,30.70,297.55,2377.00,11499.37,331.01,,0,68,43.00,-103,3992241,-411200.82,6,fused
378873,000000378873.jpg,640x426,1,0.918911,1,1,TP,yolov8l_bsz4.ms,229.50,161.25,390.75,0.500,Mid (Meeting),4.63,30.70,297.55,2377.00,11499.37,331.01,,0,68,43.00,-103,3992241,-411200.82,6,fused
415748,000000415748.jpg,426x640,1,0.918806,1,1,TP,yolov8l_bsz4.ms,229.50,161.25,390.75,0.500,Mid (Meeting),4.63,30.70,297.55,2377.00,11499.37,331.01,,0,68,43.00,-103,3992241,-411200.82,6,fused
417779,000000417779.jpg,640x480,1,0.918733,1,1,TP,yolov8l_bsz4.ms,229.25,184.00,413.25,0.500,Mid (Meeting),8.21,30.70,372.82,2299.00,11499.37,248.99,,0,68,43.00,-62,3993404,-247591.05,6,fused
394199,000000394199.jpg,640x480,1,0.917365,1,1,TP,yolov8l_bsz4.ms,229.25,184.00,413.25,0.500,Mid (Meeting),8.21,30.70,372.82,2299.00,11499.37,248.99,,0,68,43.00,-62,3993404,-247591.05,6,fused
55167,000000055167.jpg,640x360,1,0.917080,1,1,TP,yolov8l_bsz4.ms,229.25,184.00,413.25,0.500,Mid (Meeting),8.21,30.70,372.82,2299.00,11499.37,248.99,,0,68,43.00,-62,3993404,-247591.05,6,fused
374369,000000374369.jpg,640x480,1,0.916947,1,1,TP,yolov8l_bsz4.ms,229.25,184.00,413.25,0.500,Mid (Meeting),8.21,30.70,372.82,2299.00,11499.37,248.99,,0,68,43.00,-62,3993404,-247591.05,6,fused
233727,000000233727.jpg,640x427,1,0.916697,1,1,TP,yolov8l_bsz4.ms,225.50,171.00,396.50,0.500,Mid (Meeting),5.41,34.12,371.36,2297.00,11499.37,242.54,,0,68,43.00,-96,3992454,-383275.58,6,fused
445999,000000445999.jpg,411x640,1,0.916683,1,1,TP,yolov8l_bsz4.ms,225.50,171.00,396.50,0.500,Mid (Meeting),5.41,34.12,371.36,2297.00,11499.37,242.54,,0,68,43.00,-96,3992454,-383275.58,6,fused
147745,000000147745.jpg,640x480,1,0.916649,0,0,FP,yolov8l_bsz4.ms,225.50,171.00,396.50,0.500,Mid (Meeting),5.41,34.12,371.36,2297.00,11499.37,242.54,,0,68,43.00,-96,3992454,-383275.58,6,fused
453001,000000453001.jpg,640x480,1,0.916503,1,1,TP,yolov8l_bsz4.ms,225.50,171.00,396.50,0.500,Mid (Meeting),5.41,34.12,371.36,2297.00,11499.37,242.54,,0,68,43.00,-96,3992454,-383275.58,6,fused
527215,000000527215.jpg,640x426,1,0.916043,1,1,TP,yolov8l_bsz4.ms,229.75,155.75,385.50,0.500,Mid (Meeting),5.00,34.51,346.56,2320.00,11499.37,260.90,,0,68,43.00,-428,3982714,-1704601.59,6,fused
581206,000000581206.jpg,479x640,1,0.916000,1,1,TP,yolov8l_bsz4.ms,229.75,155.75,385.50,0.500,Mid (Meeting),5.00,34.51,346.56,2320.00,11499.37,260.90,,0,68,43.00,-428,3982714,-1704601.59,6,fused
299553,000000299553.jpg,375x500,1,0.915306,1,1,TP,yolov8l_bsz4.ms,229.75,155.75,385.50,0.500,Mid (Meeting),5.00,34.51,346.56,2320.00,11499.37,260.90,,0,68,43.00,-428,3982714,-1704601.59,6,fused
308631,000000308631.jpg,640x426,1,0.914750,1,1,TP,yolov8l_bsz4.ms,229.75,155.75,385.50,0.500,Mid (Meeting),5.00,34.51,346.56,2320.00,11499.37,260.90,,0,68,43.00,-428,3982714,-1704601.59,6,fused
550691,000000550691.jpg,640x480,1,0.914461,1,1,TP,yolov8l_bsz4.ms,228.50,175.25,403.75,0.500,Mid (Meeting),4.84,34.51,292.81,2372.00,11499.37,308.73,,0,68,43.00,-388,3983311,-1545524.67,6,fused
63154,000000063154.jpg,640x426,1,0.914062,1,1,TP,yolov8l_bsz4.ms,228.50,175.25,403.75,0.500,Mid (Meeting),4.84,34.51,292.81,2372.00,11499.37,308.73,,0,68,43.00,-388,3983311,-1545524.67,6,fused
255483,000000255483.jpg,452x500,1,0.913939,1,1,TP,yolov8l_bsz4.ms,228.50,175.25,403.75,0.500,Mid (Meeting),4.84,34.51,292.81,2372.00,11499.37,308.73,,0,68,43.00,-388,3983311,-1545524.67,6,fused
511076,000000511076.jpg,640x427,1,0.913776,1,1,TP,yolov8l_bsz4.ms,228.50,175.25,403.75,0.500,Mid (Meeting),4.84,34.51,292.81,2372.00,11499.37,308.73,,0,68,43.00,-388,3983311,-1545524.67,6,fused
482436,000000482436.jpg,640x401,1,0.913742,1,1,TP,yolov8l_bsz4.ms,229.00,168.75,397.75,0.500,Mid (Meeting),4.65,34.39,370.52,2294.00,11499.37,229.55,,0,68,43.00,-139,3990325,-554655.18,6,fused
520871,000000520871.jpg,640x425,1,0.913180,0,0,FP,yolov8l_bsz4.ms,229.00,168.75,397.75,0.500,Mid (Meeting),4.65,34.39,370.52,2294.00,11499.37,229.55,,0,68,43.00,-139,3990325,-554655.18,6,fused
194724,000000194724.jpg,640x480,1,0.913172,0,0,FP,yolov8l_bsz4.ms,229.00,168.75,397.75,0.500,Mid (Meeting),4.65,34.39,370.52,2294.00,11499.37,229.55,,0,68,43.00,-139,3990325,-554655.18,6,fused
579158,000000579158.jpg,640x480,1,0.912864,0,0,FP,yolov8l_bsz4.ms,229.00,168.75,397.75,0.500,Mid (Meeting),4.65,34.39,370.52,2294.00,11499.37,229.55,,0,68,43.00,-139,3990325,-554655.18,6,fused
236690,000000236690.jpg,640x399,1,0.912782,0,0,FP,yolov8l_bsz4.ms,230.00,142.50,372.50,0.500,Mid (Meeting),4.56,34.69,368.42,2306.00,11499.37,261.19,,0,68,43.00,-173,3989513,-690185.75,6,fused
24567,000000024567.jpg,480x640,1,0.912729,1,1,TP,yolov8l_bsz4.ms,230.00,142.50,372.50,0.500,Mid (Meeting),4.56,34.69,368.42,2306.00,11499.37,261.19,,0,68,43.00,-173,3989513,-690185.75,6,fused
185473,000000185473.jpg,640x194,1,0.912266,1,1,TP,yolov8l_bsz4.ms,230.00,142.50,372.50,0.500,Mid (Meeting),4.56,34.69,368.42,2306.00,11499.37,261.19,,0,68,43.00,-173,3989513,-690185.75,6,fused
301061,000000301061.jpg,480x640,1,0.911964,1,1,TP,yolov8l_bsz4.ms,230.00,142.50,372.50,0.500,Mid (Meeting),4.56,34.69,368.42,2306.00,11499.37,261.19,,0,68,43.00,-173,3989513,-690185.75,6,fused
26690,000000026690.jpg,427x640,1,0.911891,1,1,TP,yolov8l_bsz4.ms,226.50,166.00,392.50,0.500,Mid (Meeting),8.39,34.69,350.69,2322.00,11499.37,272.18,,0,68,43.00,-179,3989423,-714106.72,6,fused
419408,000000419408.jpg,640x429,1,0.911837,1,1,TP,yolov8l_bsz4.ms,226.50,166.00,392.50,0.500,Mid (Meeting),8.39,34.69,350.69,2322.00,11499.37,272.18,,0,68,43.00,-179,3989423,-714106.72,6,fused
374545,000000374545.jpg,549x640,1,0.911786,1,1,TP,yolov8l_bsz4.ms,226.50,166.00,392.50,0.500,Mid (Meeting),8.39,34.69,350.69,2322.00,11499.37,272.18,,0,68,43.00,-179,3989423,-714106.72,6,fused
119828,000000119828.jpg,500x375,1,0.911532,0,0,FP,yolov8l_bsz4.ms,226.50,166.00,392.50,0.500,Mid (Meeting),8.39,34.69,350.69,2322.00,11499.37,272.18,,0,68,43.00,-179,3989423,-714106.72,6,fused
577976,000000577976.jpg,640x428,1,0.909937,0,0,FP,yolov8l_bsz4.ms,227.50,181.25,408.75,0.500,Mid (Meeting),5.40,29.13,303.10,2368.00,11499.37,314.61,,0,68,43.00,-83,3992155,-331348.86,6,fused
322844,000000322844.jpg,480x640,1,0.909281,0,0,FP,yolov8l_bsz4.ms,227.50,181.25,408.75,0.500,Mid (Meeting),5.40,29.13,303.10,2368.00,11499.37,314.61,,0,68,43.00,-83,3992155,-331348.86,6,fused
127987,000000127987.jpg,640x426,1,0.908811,0,0,FP,yolov8l_bsz4.ms,227.50,181.25,408.75,0.500,Mid (Meeting),5.40,29.13,303.10,2368.00,11499.37,314.61,,0,68,43.00,-83,3992155,-331348.86,6,fused
135410,000000135410.jpg,480x640,1,0.908474,1,1,TP,yolov8l_bsz4.ms,227.50,181.25,408.75,0.500,Mid (Meeting),5.40,29.13,303.10,2368.00,11499.37,314.61,,0,68,43.00,-83,3992155,-331348.86,6,fused
180011,000000180011.jpg,480x640,1,0.908288,1,1,TP,yolov8l_bsz4.ms,228.00,189.25,417.25,0.500,Mid (Meeting),4.90,30.09,369.70,2300.00,11499.37,241.98,,0,68,43.00,-91,3991941,-363266.63,6,fused
112997,000000112997.jpg,480x640,1,0.908248,1,1,TP,yolov8l_bsz4.ms,228.00,189.25,417.25,0.500,Mid (Meeting),4.90,30.09,369.70,2300.00,11499.37,241.98,,0,68,43.00,-91,3991941,-363266.63,6,fused
514979,000000514979.jpg,640x427,1,0.907966,0,0,FP,yolov8l_bsz4.ms,228.00,189.25,417.25,0.500,Mid (Meeting),4.90,30.09,369.70,2300.00,11499.37,241.98,,0,68,43.00,-91,3991941,-363266.63,6,fused
254814,000000254814.jpg,640x480,1,0.907806,1,1,TP,yolov8l_bsz4.ms,228.00,189.25,417.25,0.500,Mid (Meeting),4.90,30.09,369.70,2300.00,11499.37,241.98,,0,68,43.00,-91,3991941,-363266.63,6,fused
454978,000000454978.jpg,640x400,1,0.907785,0,0,FP,yolov8l_bsz4.ms,231.75,151.50,383.25,0.500,Mid (Meeting),4.71,30.09,369.77,2302.00,11499.37,240.45,,0,68,43.00,-143,3990588,-570654.08,6,fused
273493,000000273493.jpg,500x333,1,0.907741,1,1,TP,yolov8l_bsz4.ms,231.75,151.50,383.25,0.500,Mid (Meeting),4.71,30.09,369.77,2302.00,11499.37,240.45,,0,68,43.00,-143,3990588,-570654.08,6,fused
205324,000000205324.jpg,640x425,1,0.907375,1,1,TP,yolov8l_bsz4.ms,231.75,151.50,383.25,0.500,Mid (Meeting),4.71,30.09,369.77,2302.00,11499.37,240.45,,0,68,43.00,-143,3990588,-570654.08,6,fused
170545,000000170545.jpg,640x480,1,0.907031,0,0,FP,yolov8l_bsz4.ms,231.75,151.50,383.25,0.500,Mid (Meeting),4.71,30.09,369.77,2302.00,11499.37,240.45,,0,68,43.00,-143,3990588,-570654.08,6,fused
521141,000000521141.jpg,375x500,1,0.906977,1,1,TP,yolov8l_bsz4.ms,230.75,172.50,403.25,0.500,Mid (Meeting),4.60,29.90,347.11,2324.00,11499.37,258.45,,0,68,43.00,-116,3991209,-462980.24,6,fused
504389,000000504389.jpg,500x320,1,0.906962,1,1,TP,yolov8l_bsz4.ms,230.75,172.50,403.25,0.500,Mid (Meeting),4.60,29.90,347.11,2324.00,11499.37,258.45,,0,68,43.00,-116,3991209,-462980.24,6,fused
157928,000000157928.jpg,640x480,1,0.906321,1,1,TP,yolov8l_bsz4.ms,230.75,172.50,403.25,0.500,Mid (Meeting),4.60,29.90,347.11,2324.00,11499.37,258.45,,0,68,43.00,-116,3991209,-462980.24,6,fused
560880,000000560880.jpg,640x508,1,0.905989,1,1,TP,yolov8l_bsz4.ms,230.75,172.50,403.25,0.500,Mid (Meeting),4.60,29.90,347.11,2324.00,11499.37,258.45,,0,68,43.00,-116,3991209,-462980.24,6,fused
89296,000000089296.jpg,640x426,1,0.905726,1,1,TP,yolov8l_bsz4.ms,229.00,163.75,392.75,0.500,Mid (Meeting),4.57,30.04,311.46,2358.00,11499.37,289.01,,0,68,43.00,-191,3989103,-761918.67,6,fused
481386,000000481386.jpg,427x640,1,0.905650,1,1,TP,yolov8l_bsz4.ms,229.00,163.75,392.75,0.500,Mid (Meeting),4.57,30.04,311.46,2358.00,11499.37,289.01,,0,68,43.00,-191,3989103,-761918.67,6,fused
121591,000000121591.jpg,500x400,1,0.905012,1,1,TP,yolov8l_bsz4.ms,229.00,163.75,392.75,0.500,Mid (Meeting),4.57,30.04,311.46,2358.00,11499.37,289.01,,0,68,43.00,-191,3989103,-761918.67,6,fused
235836,000000235836.jpg,427x640,1,0.904961,1,1,TP,yolov8l_bsz4.ms,229.00,163.75,392.75,0.500,Mid (Meeting),4.57,30.04,311.46,2358.00,11499.37,289.01,,0,68,43.00,-191,3989103,-761918.67,6,fused
61418,000000061418.jpg,640x458,1,0.904840,1,1,TP,yolov8l_bsz4.ms,227.75,165.75,393.50,0.500,Mid (Meeting),8.88,30.04,372.23,2295.00,11499.37,221.54,,0,68,43.00,-147,3990385,-586586.59,6,fused
425702,000000425702.jpg,640x316,1,0.904502,1,1,TP,yolov8l_bsz4.ms,227.75,165.75,393.50,0.500,Mid (Meeting),8.88,30.04,372.23,2295.00,11499.37,221.54,,0,68,43.00,-147,3990385,-586586.59,6,fused
324158,000000324158.jpg,500x334,1,0.904414,1,1,TP,yolov8l_bsz4.ms,227.75,165.75,393.50,0.500,Mid (Meeting),8.88,30.04,372.23,2295.00,11499.37,221.54,,0,68,43.00,-147,3990385,-586586.59,6,fused
213086,000000213086.jpg,375x500,1,0.904268,1,1,TP,yolov8l_bsz4.ms,227.75,165.75,393.50,0.500,Mid (Meeting),8.88,30.04,372.23,2295.00,11499.37,221.54,,0,68,43.00,-147,3990385,-586586.59,6,fused
155451,000000155451.jpg,640x480,1,0.904186,0,0,FP,yolov8l_bsz4.ms,230.00,147.25,377.25,0.500,Mid (Meeting),5.26,35.43,368.26,2296.00,11499.37,219.14,,0,68,43.00,-162,3989830,-646352.46,6,fused
137727,000000137727.jpg,640x359,1,0.904037,1,1,TP,yolov8l_bsz4.ms,230.00,147.25,377.25,0.500,Mid (Meeting),5.26,35.43,368.26,2296.00,11499.37,219.14,,0,68,43.00,-162,3989830,-646352.46,6,fused
433515,000000433515.jpg,640x480,1,0.903670,1,1,TP,yolov8l_bsz4.ms,230.00,147.25,377.25,0.500,Mid (Meeting),5.26,35.43,368.26,2296.00,11499.37,219.14,,0,68,43.00,-162,3989830,-646352.46,6,fused
262587,000000262587.jpg,640x480,1,0.903136,1,1,TP,yolov8l_bsz4.ms,230.00,147.25,377.25,0.500,Mid (Meeting),5.26,35.43,368.26,2296.00,11499.37,219.14,,0,68,43.00,-162,3989830,-646352.46,6,fused
17899,000000017899.jpg,480x640,1,0.902843,1,1,TP,yolov8l_bsz4.ms,227.50,163.75,391.25,0.500,Mid (Meeting),4.85,34.66,347.51,2316.00,11499.37,234.38,,0,68,43.00,-161,3989827,-642362.15,6,fused
511384,000000511384.jpg,428x640,1,0.902662,1,1,TP,yolov8l_bsz4.ms,227.50,163.75,391.25,0.500,Mid (Meeting),4.85,34.66,347.51,2316.00,11499.37,234.38,,0,68,43.00,-161,3989827,-642362.15,6,fused
430961,000000430961.jpg,450x319,1,0.902209,1,1,TP,yolov8l_bsz4.ms,227.50,163.75,391.25,0.500,Mid (Meeting),4.85,34.66,347.51,2316.00,11499.37,234.38,,0,68,43.00,-161,3989827,-642362.15,6,fused
372317,000000372317.jpg,640x428,1,0.902194,0,0,FP,yolov8l_bsz4.ms,227.50,163.75,391.25,0.500,Mid (Meeting),4.85,34.66,347.51,2316.00,11499.37,234.38,,0,68,43.00,-161,3989827,-642362.15,6,fused
167902,000000167902.jpg,500x375,1,0.902156,0,0,FP,yolov8l_bsz4.ms,228.75,188.50,417.25,0.500,Mid (Meeting),4.72,34.66,314.72,2347.00,11499.37,261.94,,0,68,43.00,-131,3990765,-522790.22,6,fused
441468,000000441468.jpg,426x640,1,0.902152,1,1,TP,yolov8l_bsz4.ms,228.75,188.50,417.25,0.500,Mid (Meeting),4.72,34.66,314.72,2347.00,11499.37,261.94,,0,68,43.00,-131,3990765,-522790.22,6,fused
222735,000000222735.jpg,474x640,1,0.901823,1,1,TP,yolov8l_bsz4.ms,228.75,188.50,417.25,0.500,Mid (Meeting),4.72,34.66,314.72,2347.00,11499.37,261.94,,0,68,43.00,-131,3990765,-522790.22,6,fused
484415,000000484415.jpg,320x240,1,0.901397,1,1,TP,yolov8l_bsz4.ms,228.75,188.50,417.25,0.500,Mid (Meeting),4.72,34.66,314.72,2347.00,11499.37,261.94,,0,68,43.00,-131,3990765,-522790.22,6,fused
265777,000000265777.jpg,612x612,1,0.901179,1,1,TP,yolov8l_bsz4.ms,231.75,180.50,412.25,0.500,Mid (Meeting),4.60,34.64,372.33,2287.00,11499.37,198.00,,0,68,43.00,-202,3988674,-805712.15,6,fused
171190,000000171190.jpg,640x480,1,0.900745,1,1,TP,yolov8l_bsz4.ms,231.75,180.50,412.25,0.500,Mid (Meeting),4.60,34.64,372.33,2287.00,11499.37,198.00,,0,68,43.00,-202,3988674,-805712.15,6,fused
565778,000000565778.jpg,640x400,1,0.900420,1,1,TP,yolov8l_bsz4.ms,231.75,180.50,412.25,0.500,Mid (Meeting),4.60,34.64,372.33,2287.00,11499.37,198.00,,0,68,43.00,-202,3988674,-805712.15,6,fused
375015,000000375015.jpg,640x404,1,0.900082,0,0,FP,yolov8l_bsz4.ms,231.75,180.50,412.25,0.500,Mid (Meeting),4.60,34.64,372.33,2287.00,11499.37,198.00,,0,68,43.00,-202,3988674,-805712.15,6,fused
504415,000000504415.jpg,640x427,1,0.899703,1,1,TP,yolov8l_bsz4.ms,233.75,185.25,419.00,0.500,Mid (Meeting),4.55,35.20,364.17,2295.00,11499.37,237.86,,0,68,43.00,-191,3988776,-761856.22,6,fused
334555,000000334555.jpg,640x426,1,0.899702,1,1,TP,yolov8l_bsz4.ms,233.75,185.25,419.00,0.500,Mid (Meeting),4.55,35.20,364.17,2295.00,11499.37,237.86,,0,68,43.00,-191,3988776,-761856.22,6,fused
341828,000000341828.jpg,612x612,1,0.899686,1,1,TP,yolov8l_bsz4.ms,233.75,185.25,419.00,0.500,Mid (Meeting),4.55,35.20,364.17,2295.00,11499.37,237.86,,0,68,43.00,-191,3988776,-761856.22,6,fused
286849,000000286849.jpg,333x500,1,0.899620,0,0,FP,yolov8l_bsz4.ms,233.75,185.25,419.00,0.500,Mid (Meeting),4.55,35.20,364.17,2295.00,11499.37,237.86,,0,68,43.00,-191,3988776,-761856.22,6,fused
169169,000000169169.jpg,640x480,1,0.899350,1,1,TP,yolov8l_bsz4.ms,227.75,193.75,421.50,0.500,Mid (Meeting),8.27,35.20,351.17,2320.00,11499.37,275.88,,0,68,43.00,-130,3990575,-518774.75,6,fused
17959,000000017959.jpg,640x427,1,0.898992,1,1,TP,yolov8l_bsz4.ms,227.75,193.75,421.50,0.500,Mid (Meeting),8.27,35.20,351.17,2320.00,11499.37,275.88,,0,68,43.00,-130,3990575,-518774.75,6,fused
455157,000000455157.jpg,640x640,1,0.898965,1,1,TP,yolov8l_bsz4.ms,227.75,193.75,421.50,0.500,Mid (Meeting),8.27,35.20,351.17,2320.00,11499.37,275.88,,0,68,43.00,-130,3990575,-518774.75,6,fused
439623,000000439623.jpg,480x640,1,0.898682,0,0,FP,yolov8l_bsz4.ms,227.75,193.75,421.50,0.500,Mid (Meeting),8.27,35.20,351.17,2320.00,11499.37,275.88,,0,68,43.00,-130,3990575,-518774.75,6,fused
256195,000000256195.jpg,640x427,1,0.898605,0,0,FP,yolov8l_bsz4.ms,229.75,173.50,403.25,0.500,Mid (Meeting),5.59,30.23,302.60,2372.00,11499.37,321.19,,0,68,43.00,-170,3989432,-678203.44,6,fused
108244,000000108244.jpg,640x480,1,0.898514,0,0,FP,yolov8l_bsz4.ms,229.75,173.50,403.25,0.500,Mid (Meeting),5.59,30.23,302.60,2372.00,11499.37,321.19,,0,68,43.00,-170,3989432,-678203.44,6,fused
246454,000000246454.jpg,640x640,1,0.898505,1,1,TP,yolov8l_bsz4.ms,229.75,173.50,403.25,0.500,Mid (Meeting),5.59,30.23,302.60,2372.00,11499.37,321.19,,0,68,43.00,-170,3989432,-678203.44,6,fused
76416,000000076416.jpg,640x480,1,0.898218,1,1,TP,yolov8l_bsz4.ms,229.75,173.50,403.25,0.500,Mid (Meeting),5.59,30.23,302.60,2372.00,11499.37,321.19,,0,68,43.00,-170,3989432,-678203.44,6,fused
390826,000000390826.jpg,640x480,1,0.897907,1,1,TP,yolov8l_bsz4.ms,229.50,202.50,432.00,0.500,Mid (Meeting),5.03,31.51,373.67,2306.00,11499.37,246.16,,0,68,43.00,-137,3990438,-546690.01,6,fused
506004,000000506004.jpg,640x439,1,0.897858,0,0,FP,yolov8l_bsz4.ms,229.50,202.50,432.00,0.500,Mid (Meeting),5.03,31.51,373.67,2306.00,11499.37,246.16,,0,68,43.00,-137,3990438,-546690.01,6,fused
403584,000000403584.jpg,640x640,1,0.897549,1,1,TP,yolov8l_bsz4.ms,229.50,202.50,432.00,0.500,Mid (Meeting),5.03,31.51,373.67,2306.00,11499.37,246.16,,0,68,43.00,-137,3990438,-546690.01,6,fused
361142,000000361142.jpg,463x640,1,0.897268,1,1,TP,yolov8l_bsz4.ms,229.50,202.50,432.00,0.500,Mid (Meeting),5.03,31.51,373.67,2306.00,11499.37,246.16,,0,68,43.00,-137,3990438,-546690.01,6,fused
410221,000000410221.jpg,622x640,1,0.896980,0,0,FP,yolov8l_bsz4.ms,229.25,193.50,422.75,0.500,Mid (Meeting),4.86,31.51,369.80,2310.00,11499.37,244.16,,0,68,43.00,-154,3989759,-614422.89,6,fused
49060,000000049060.jpg,640x411,1,0.896374,1,1,TP,yolov8l_bsz4.ms,229.25,193.50,422.75,0.500,Mid (Meeting),4.86,31.51,369.80,2310.00,11499.37,244.16,,0,68,43.00,-154,3989759,-614422.89,6,fused
31620,000000031620.jpg,480x640,1,0.895868,1,1,TP,yolov8l_bsz4.ms,229.25,193.50,422.75,0.500,Mid (Meeting),4.86,31.51,369.80,2310.00,11499.37,244.16,,0,68,43.00,-154,3989759,-614422.89,6,fused
285349,000000285349.jpg,500x375,1,0.895837,0,0,FP,yolov8l_bsz4.ms,229.25,193.50,422.75,0.500,Mid (Meeting),4.86,31.51,369.80,2310.00,11499.37,244.16,,0,68,43.00,-154,3989759,-614422.89,6,fused
410878,000000410878.jpg,640x427,1,0.895654,0,0,FP,yolov8l_bsz4.ms,228.00,179.25,407.25,0.500,Mid (Meeting),4.76,31.87,345.67,2334.00,11499.37,263.05,,0,68,43.00,-161,3989486,-642307.25,6,fused
428454,000000428454.jpg,500x333,1,0.895119,1,1,TP,yolov8l_bsz4.ms,228.00,179.25,407.25,0.500,Mid (Meeting),4.76,31.87,345.67,2334.00,11499.37,263.05,,0,68,43.00,-161,3989486,-642307.25,6,fused
484978,000000484978.jpg,640x491,1,0.894994,1,1,TP,yolov8l_bsz4.ms,228.00,179.25,407.25,0.500,Mid (Meeting),4.76,31.87,345.67,2334.00,11499.37,263.05,,0,68,43.00,-161,3989486,-642307.25,6,fused
297830,000000297830.jpg,512x640,1,0.894381,0,0,FP,yolov8l_bsz4.ms,228.00,179.25,407.25,0.500,Mid (Meeting),4.76,31.87,345.67,2334.00,11499.37,263.05,,0,68,43.00,-161,3989486,-642307.25,6,fused
174123,000000174123.jpg,500x399,1,0.894000,1,1,TP,yolov8l_bsz4.ms,229.50,175.00,404.50,0.500,Mid (Meeting),4.70,32.10,301.56,2378.00,11499.37,302.54,,0,68,43.00,-180,3988890,-718000.20,6,fused
426268,000000426268.jpg,640x427,1,0.893870,1,1,TP,yolov8l_bsz4.ms,229.50,175.00,404.50,0.500,Mid (Meeting),4.70,32.10,301.56,2378.00,11499.37,302.54,,0,68,43.00,-180,3988890,-718000.20,6,fused
341196,000000341196.jpg,640x451,1,0.893830,1,1,TP,yolov8l_bsz4.ms,229.50,175.00,404.50,0.500,Mid (Meeting),4.70,32.10,301.56,2378.00,11499.37,302.54,,0,68,43.00,-180,3988890,-718000.20,6,fused
113235,000000113235.jpg,640x480,1,0.893746,1,1,TP,yolov8l_bsz4.ms,229.50,175.00,404.50,0.500,Mid (Meeting),4.70,32.10,301.56,2378.00,11499.37,302.54,,0,68,43.00,-180,3988890,-718000.20,6,fused
442480,000000442480.jpg,640x425,1,0.893736,1,1,TP,yolov8l_bsz4.ms,227.50,179.25,406.75,0.500,Mid (Meeting),6.86,32.10,369.50,2309.00,11499.37,228.60,,0,68,43.00,-98,3991193,-391136.91,6,fused
213224,000000213224.jpg,427x640,1,0.893733,0,0,FP,yolov8l_bsz4.ms,227.50,179.25,406.75,0.500,Mid (Meeting),6.86,32.10,369.50,2309.00,11499.37,228.60,,0,68,43.00,-98,3991193,-391136.91,6,fused
284279,000000284279.jpg,640x512,1,0.893631,0,0,FP,yolov8l_bsz4.ms,227.50,179.25,406.75,0.500,Mid (Meeting),6.86,32.10,369.50,2309.00,11499.37,228.60,,0,68,43.00,-98,3991193,-391136.91,6,fused
389451,000000389451.jpg,640x479,1,0.893407,1,1,TP,yolov8l_bsz4.ms,227.50,179.25,406.75,0.500,Mid (Meeting),6.86,32.10,369.50,2309.00,11499.37,228.60,,0,68,43.00,-98,3991193,-391136.91,6,fused
462643,000000462643.jpg,425x640,1,0.893280,1,1,TP,yolov8l_bsz4.ms,228.25,163.50,391.75,0.500,Mid (Meeting),5.25,31.85,368.75,2307.00,11499.37,222.27,,0,68,43.00,-109,3990847,-435002.32,6,fused
51938,000000051938.jpg,640x480,1,0.893186,1,1,TP,yolov8l_bsz4.ms,228.25,163.50,391.75,0.500,Mid (Meeting),5.25,31.85,368.75,2307.00,11499.37,222.27,,0,68,43.00,-109,3990847,-435002.32,6,fused
288042,000000288042.jpg,640x480,1,0.893177,1,1,TP,yolov8l_bsz4.ms,228.25,163.50,391.75,0.500,Mid (Meeting),5.25,31.85,368.75,2307.00,11499.37,222.27,,0,68,43.00,-109,3990847,-435002.32,6,fused
176901,000000176901.jpg,640x359,1,0.891901,1,1,TP,yolov8l_bsz4.ms,228.25,163.50,391.75,0.500,Mid (Meeting),5.25,31.85,368.75,2307.00,11499.37,222.27,,0,68,43.00,-109,3990847,-435002.32,6,fused
365095,000000365095.jpg,640x427,1,0.891792,1,1,TP,yolov8l_bsz4.ms,226.50,180.50,407.00,0.500,Mid (Meeting),4.95,33.85,346.57,2329.00,11499.37,240.34,,0,68,43.00,-185,3988701,-737909.69,6,fused
503755,000000503755.jpg,480x640,1,0.891480,1,1,TP,yolov8l_bsz4.ms,226.50,180.50,407.00,0.500,Mid (Meeting),4.95,33.85,346.57,2329.00,11499.37,240.34,,0,68,43.00,-185,3988701,-737909.69,6,fused
54605,000000054605.jpg,612x612,1,0.891335,1,1,TP,yolov8l_bsz4.ms,226.50,180.50,407.00,0.500,Mid (Meeting),4.95,33.85,346.57,2329.00,11499.37,240.34,,0,68,43.00,-185,3988701,-737909.69,6,fused
261161,000000261161.jpg,640x426,1,0.890096,0,0,FP,yolov8l_bsz4.ms,226.50,180.50,407.00,0.500,Mid (Meeting),4.95,33.85,346.57,2329.00,11499.37,240.34,,0,68,43.00,-185,3988701,-737909.69,6,fused
505942,000000505942.jpg,500x375,1,0.889987,1,1,TP,yolov8l_bsz4.ms,230.00,174.25,404.25,0.500,Mid (Meeting),4.71,33.85,302.18,2372.00,11499.37,279.00,,0,68,43.00,-156,3989403,-622346.87,6,fused
344268,000000344268.jpg,640x512,1,0.889794,1,1,TP,yolov8l_bsz4.ms,230.00,174.25,404.25,0.500,Mid (Meeting),4.71,33.85,302.18,2372.00,11499.37,279.00,,0,68,43.00,-156,3989403,-622346.87,6,fused
360097,000000360097.jpg,500x333,1,0.889713,1,1,TP,yolov8l_bsz4.ms,230.00,174.25,404.25,0.500,Mid (Meeting),4.71,33.85,302.18,2372.00,11499.37,279.00,,0,68,43.00,-156,3989403,-622346.87,6,fused
445602,000000445602.jpg,640x480,1,0.889563,1,1,TP,yolov8l_bsz4.ms,230.00,174.25,404.25,0.500,Mid (Meeting),4.71,33.85,302.18,2372.00,11499.37,279.00,,0,68,43.00,-156,3989403,-622346.87,6,fused
338625,000000338625.jpg,640x480,1,0.889511,1,1,TP,yolov8l_bsz4.ms,228.75,171.75,400.50,0.500,Mid (Meeting),4.62,34.10,368.62,2304.00,11499.37,206.86,,0,68,43.00,-196,3988262,-781699.35,6,fused
171298,000000171298.jpg,640x480,1,0.889085,0,0,FP,yolov8l_bsz4.ms,228.75,171.75,400.50,0.500,Mid (Meeting),4.62,34.10,368.62,2304.00,11499.37,206.86,,0,68,43.00,-196,3988262,-781699.35,6,fused
9378,000000009378.jpg,600x400,1,0.889046,1,1,TP,yolov8l_bsz4.ms,228.75,171.75,400.50,0.500,Mid (Meeting),4.62,34.10,368.62,2304.00,11499.37,206.86,,0,68,43.00,-196,3988262,-781699.35,6,fused
454661,000000454661.jpg,640x427,1,0.888877,0,0,FP,yolov8l_bsz4.ms,228.75,171.75,400.50,0.500,Mid (Meeting),4.62,34.10,368.62,2304.00,11499.37,206.86,,0,68,43.00,-196,3988262,-781699.35,6,fused
49810,000000049810.jpg,640x424,1,0.888510,0,0,FP,yolov8l_bsz4.ms,228.00,164.75,392.75,0.500,Mid (Meeting),4.54,34.25,368.72,2302.00,11499.37,200.94,,0,68,43.00,-117,3990482,-466886.39,6,fused
472623,000000472623.jpg,425x640,1,0.888320,1,1,TP,yolov8l_bsz4.ms,228.00,164.75,392.75,0.500,Mid (Meeting),4.54,34.25,368.72,2302.00,11499.37,200.94,,0,68,43.00,-117,3990482,-466886.39,6,fused
574315,000000574315.jpg,640x480,1,0.887931,1,1,TP,yolov8l_bsz4.ms,228.00,164.75,392.75,0.500,Mid (Meeting),4.54,34.25,368.72,2302.00,11499.37,200.94,,0,68,43.00,-117,3990482,-466886.39,6,fused
377588,000000377588.jpg,640x427,1,0.887894,1,1,TP,yolov8l_bsz4.ms,228.00,164.75,392.75,0.500,Mid (Meeting),4.54,34.25,368.72,2302.00,11499.37,200.94,,0,68,43.00,-117,3990482,-466886.39,6,fused
29393,000000029393.jpg,500x375,1,0.887777,0,0,FP,yolov8l_bsz4.ms,227.75,161.25,389.00,0.500,Mid (Meeting),7.70,34.25,346.35,2323.00,11499.37,216.88,,0,68,43.00,-155,3989302,-618341.81,6,fused
312237,000000312237.jpg,500x334,1,0.887744,1,1,TP,yolov8l_bsz4.ms,227.75,161.25,389.00,0.500,Mid (Meeting),7.70,34.25,346.35,2323.00,11499.37,216.88,,0,68,43.00,-155,3989302,-618341.81,6,fused
392722,000000392722.jpg,640x423,1,0.887708,1,1,TP,yolov8l_bsz4.ms,227.75,161.25,389.00,0.500,Mid (Meeting),7.70,34.25,346.35,2323.00,11499.37,216.88,,0,68,43.00,-155,3989302,-618341.81,6,fused
249129,000000249129.jpg,640x427,1,0.887341,0,0,FP,yolov8l_bsz4.ms,227.75,161.25,389.00,0.500,Mid (Meeting),7.70,34.25,346.35,2323.00,11499.37,216.88,,0,68,43.00,-155,3989302,-618341.81,6,fused
66135,000000066135.jpg,500x380,1,0.887339,0,0,FP,yolov8l_bsz4.ms,228.75,197.25,426.00,0.500,Mid (Meeting),5.43,31.91,301.79,2370.00,11499.37,289.96,,0,68,43.00,-132,3989963,-526675.12,6,fused
117525,000000117525.jpg,500x500,1,0.886931,1,1,TP,yolov8l_bsz4.ms,228.75,197.25,426.00,0.500,Mid (Meeting),5.43,31.91,301.79,2370.00,11499.37,289.96,,0,68,43.00,-132,3989963,-526675.12,6,fused
144333,000000144333.jpg,426x640,1,0.886767,1,1,TP,yolov8l_bsz4.ms,228.75,197.25,426.00,0.500,Mid (Meeting),5.43,31.91,301.79,2370.00,11499.37,289.96,,0,68,43.00,-132,3989963,-526675.12,6,fused
387916,000000387916.jpg,640x423,1,0.886360,1,1,TP,yolov8l_bsz4.ms,228.75,197.25,426.00,0.500,Mid (Meeting),5.43,31.91,301.79,2370.00,11499.37,289.96,,0,68,43.00,-132,3989963,-526675.12,6,fused
212166,000000212166.jpg,612x612,1,0.885927,1,1,TP,yolov8l_bsz4.ms,229.75,175.00,404.75,0.500,Mid (Meeting),4.99,30.85,372.18,2301.00,11499.37,214.53,,0,68,43.00,-161,3989190,-642259.59,6,fused
50145,000000050145.jpg,480x320,1,0.885380,1,1,TP,yolov8l_bsz4.ms,229.75,175.00,404.75,0.500,Mid (Meeting),4.99,30.85,372.18,2301.00,11499.37,214.53,,0,68,43.00,-161,3989190,-642259.59,6,fused
167067,000000167067.jpg,375x500,1,0.885143,1,1,TP,yolov8l_bsz4.ms,229.75,175.00,404.75,0.500,Mid (Meeting),4.99,30.85,372.18,2301.00,11499.37,214.53,,0,68,43.00,-161,3989190,-642259.59,6,fused
427997,000000427997.jpg,640x428,1,0.885139,1,1,TP,yolov8l_bsz4.ms,229.75,175.00,404.75,0.500,Mid (Meeting),4.99,30.85,372.18,2301.00,11499.37,214.53,,0,68,43.00,-161,3989190,-642259.59,6,fused
439525,000000439525.jpg,453x640,1,0.884982,1,1,TP,yolov8l_bsz4.ms,229.25,167.50,396.75,0.500,Mid (Meeting),4.80,30.85,366.35,2308.00,11499.37,215.73,,0,68,43.00,-161,3989218,-642264.10,6,fused
450202,000000450202.jpg,375x500,1,0.884839,1,1,TP,yolov8l_bsz4.ms,229.25,167.50,396.75,0.500,Mid (Meeting),4.80,30.85,366.35,2308.00,11499.37,215.73,,0,68,43.00,-161,3989218,-642264.10,6,fused
199310,000000199310.jpg,427x640,1,0.884548,1,1,TP,yolov8l_bsz4.ms,229.25,167.50,396.75,0.500,Mid (Meeting),4.80,30.85,366.35,2308.00,11499.37,215.73,,0,68,43.00,-161,3989218,-642264.10,6,fused
284991,000000284991.jpg,640x428,1,0.884145,1,1,TP,yolov8l_bsz4.ms,229.25,167.50,396.75,0.500,Mid (Meeting),4.80,30.85,366.35,2308.00,11499.37,215.73,,0,68,43.00,-161,3989218,-642264.10,6,fused
281929,000000281929.jpg,640x504,1,0.884079,1,1,TP,yolov8l_bsz4.ms,227.25,154.50,381.75,0.500,Mid (Meeting),4.65,30.50,345.90,2330.00,11499.37,231.43,,0,68,43.00,-134,3989852,-534640.17,6,fused
181421,000000181421.jpg,640x446,1,0.883998,1,1,TP,yolov8l_bsz4.ms,227.25,154.50,381.75,0.500,Mid (Meeting),4.65,30.50,345.90,2330.00,11499.37,231.43,,0,68,43.00,-134,3989852,-534640.17,6,fused
493566,000000493566.jpg,640x264,1,0.883644,0,0,FP,yolov8l_bsz4.ms,227.25,154.50,381.75,0.500,Mid (Meeting),4.65,30.50,345.90,2330.00,11499.37,231.43,,0,68,43.00,-134,3989852,-534640.17,6,fused
192964,000000192964.jpg,428x640,1,0.883586,1,1,TP,yolov8l_bsz4.ms,227.25,154.50,381.75,0.500,Mid (Meeting),4.65,30.50,345.90,2330.00,11499.37,231.43,,0,68,43.00,-134,3989852,-534640.17,6,fused
516173,000000516173.jpg,408x640,1,0.883445,1,1,TP,yolov8l_bsz4.ms,230.00,145.50,375.50,0.500,Mid (Meeting),4.57,30.44,301.65,2374.00,11499.37,271.47,,0,68,43.00,-123,3990116,-490784.27,6,fused
311303,000000311303.jpg,640x427,1,0.883340,1,1,TP,yolov8l_bsz4.ms,230.00,145.50,375.50,0.500,Mid (Meeting),4.57,30.44,301.65,2374.00,11499.37,271.47,,0,68,43.00,-123,3990116,-490784.27,6,fused
508917,000000508917.jpg,640x370,1,0.883182,1,1,TP,yolov8l_bsz4.ms,230.00,145.50,375.50,0.500,Mid (Meeting),4.57,30.44,301.65,2374.00,11499.37,271.47,,0,68,43.00,-123,3990116,-490784.27,6,fused
396338,000000396338.jpg,640x427,1,0.883128,1,1,TP,yolov8l_bsz4.ms,230.00,145.50,375.50,0.500,Mid (Meeting),4.57,30.44,301.65,2374.00,11499.37,271.47,,0,68,43.00,-123,3990116,-490784.27,6,fused
497867,000000497867.jpg,640x408,1,0.882404,1,1,TP,yolov8l_bsz4.ms,226.25,173.75,400.00,0.500,Mid (Meeting),8.43,30.44,372.63,2302.00,11499.37,194.86,,0,68,43.00,-168,3988802,-670118.74,6,fused
149375,000000149375.jpg,640x485,1,0.882307,1,1,TP,yolov8l_bsz4.ms,226.25,173.75,400.00,0.500,Mid (Meeting),8.43,30.44,372.63,2302.00,11499.37,194.86,,0,68,43.00,-168,3988802,-670118.74,6,fused
309655,000000309655.jpg,640x480,1,0.882266,1,1,TP,yolov8l_bsz4.ms,226.25,173.75,400.00,0.500,Mid (Meeting),8.43,30.44,372.63,2302.00,11499.37,194.86,,0,68,43.00,-168,3988802,-670118.74,6,fused
266400,000000266400.jpg,640x396,1,0.881668,1,1,TP,yolov8l_bsz4.ms,226.25,173.75,400.00,0.500,Mid (Meeting),8.43,30.44,372.63,2302.00,11499.37,194.86,,0,68,43.00,-168,3988802,-670118.74,6,fused
20571,000000020571.jpg,539x640,1,0.881429,1,1,TP,yolov8l_bsz4.ms,224.50,194.00,418.50,0.500,Mid (Meeting),5.52,32.17,368.50,2302.00,11499.37,234.85,,0,68,43.00,-127,3990136,-506747.27,6,fused
200961,000000200961.jpg,640x427,1,0.881340,1,1,TP,yolov8l_bsz4.ms,224.50,194.00,418.50,0.500,Mid (Meeting),5.52,32.17,368.50,2302.00,11499.37,234.85,,0,68,43.00,-127,3990136,-506747.27,6,fused
500716,000000500716.jpg,445x500,1,0.881201,1,1,TP,yolov8l_bsz4.ms,224.50,194.00,418.50,0.500,Mid (Meeting),5.52,32.17,368.50,2302.00,11499.37,234.85,,0,68,43.00,-127,3990136,-506747.27,6,fused
257865,000000257865.jpg,640x426,1,0.881197,1,1,TP,yolov8l_bsz4.ms,224.50,194.00,418.50,0.500,Mid (Meeting),5.52,32.17,368.50,2302.00,11499.37,234.85,,0,68,43.00,-127,3990136,-506747.27,6,fused
3156,000000003156.jpg,443x640,1,0.881112,1,1,TP,yolov8l_bsz4.ms,229.75,172.00,401.75,0.500,Mid (Meeting),5.01,32.60,347.00,2325.00,11499.37,249.57,,0,68,43.00,-131,3989900,-522676.90,6,fused
477689,000000477689.jpg,459x640,1,0.880966,1,1,TP,yolov8l_bsz4.ms,229.75,172.00,401.75,0.500,Mid (Meeting),5.01,32.60,347.00,2325.00,11499.37,249.57,,0,68,43.00,-131,3989900,-522676.90,6,fused
9769,000000009769.jpg,640x480,1,0.880367,1,1,TP,yolov8l_bsz4.ms,229.75,172.00,401.75,0.500,Mid (Meeting),5.01,32.60,347.00,2325.00,11499.37,249.57,,0,68,43.00,-131,3989900,-522676.90,6,fused
389532,000000389532.jpg,640x421,1,0.880350,1,1,TP,yolov8l_bsz4.ms,229.75,172.00,401.75,0.500,Mid (Meeting),5.01,32.60,347.00,2325.00,11499.37,249.57,,0,68,43.00,-131,3989900,-522676.90,6,fused
427077,000000427077.jpg,344x500,1,0.880014,1,1,TP,yolov8l_bsz4.ms,228.75,166.50,395.25,0.500,Mid (Meeting),4.80,32.60,301.21,2374.00,11499.37,290.68,,0,68,43.00,-248,3986398,-988626.70,6,fused
213033,000000213033.jpg,480x640,1,0.879918,1,1,TP,yolov8l_bsz4.ms,228.75,166.50,395.25,0.500,Mid (Meeting),4.80,32.60,301.21,2374.00,11499.37,290.68,,0,68,43.00,-248,3986398,-988626.70,6,fused
462904,000000462904.jpg,640x480,1,0.879905,1,1,TP,yolov8l_bsz4.ms,228.75,166.50,395.25,0.500,Mid (Meeting),4.80,32.60,301.21,2374.00,11499.37,290.68,,0,68,43.00,-248,3986398,-988626.70,6,fused
51976,000000051976.jpg,640x428,1,0.879657,1,1,TP,yolov8l_bsz4.ms,228.75,166.50,395.25,0.500,Mid (Meeting),4.80,32.60,301.21,2374.00,11499.37,290.68,,0,68,43.00,-248,3986398,-988626.70,6,fused
88250,000000088250.jpg,640x426,1,0.878813,0,0,FP,yolov8l_bsz4.ms,229.50,185.75,415.25,0.500,Mid (Meeting),4.69,33.64,371.93,2306.00,11499.37,214.28,,0,68,43.00,-129,3989715,-514673.23,6,fused
376625,000000376625.jpg,640x427,1,0.878753,1,1,TP,yolov8l_bsz4.ms,229.50,185.75,415.25,0.500,Mid (Meeting),4.69,33.64,371.93,2306.00,11499.37,214.28,,0,68,43.00,-129,3989715,-514673.23,6,fused
131444,000000131444.jpg,480x640,1,0.878702,1,1,TP,yolov8l_bsz4.ms,229.50,185.75,415.25,0.500,Mid (Meeting),4.69,33.64,371.93,2306.00,11499.37,214.28,,0,68,43.00,-129,3989715,-514673.23,6,fused
202001,000000202001.jpg,500x461,1,0.878366,1,1,TP,yolov8l_bsz4.ms,229.50,185.75,415.25,0.500,Mid (Meeting),4.69,33.64,371.93,2306.00,11499.37,214.28,,0,68,43.00,-129,3989715,-514673.23,6,fused
133645,000000133645.jpg,640x427,1,0.877934,0,0,FP,yolov8l_bsz4.ms,227.50,171.50,399.00,0.500,Mid (Meeting),4.60,34.17,366.74,2311.00,11499.37,210.89,,0,68,43.00,-155,3988919,-618282.44,6,fused
357888,000000357888.jpg,640x480,1,0.877666,1,1,TP,yolov8l_bsz4.ms,227.50,171.50,399.00,0.500,Mid (Meeting),4.60,34.17,366.74,2311.00,11499.37,210.89,,0,68,43.00,-155,3988919,-618282.44,6,fused
79588,000000079588.jpg,640x480,1,0.877429,1,1,TP,yolov8l_bsz4.ms,227.50,171.50,399.00,0.500,Mid (Meeting),4.60,34.17,366.74,2311.00,11499.37,210.89,,0,68,43.00,-155,3988919,-618282.44,6,fused
213605,000000213605.jpg,480x640,1,0.877235,1,1,TP,yolov8l_bsz4.ms,227.50,171.50,399.00,0.500,Mid (Meeting),4.60,34.17,366.74,2311.00,11499.37,210.89,,0,68,43.00,-155,3988919,-618282.44,6,fused
554266,000000554266.jpg,640x253,1,0.877015,1,1,TP,yolov8l_bsz4.ms,225.50,153.50,379.00,0.500,Mid (Meeting),8.95,34.17,366.69,2306.00,11499.37,202.09,,0,68,43.00,-159,3988804,-634219.84,6,fused
84492,000000084492.jpg,426x640,1,0.876756,1,1,TP,yolov8l_bsz4.ms,225.50,153.50,379.00,0.500,Mid (Meeting),8.95,34.17,366.69,2306.00,11499.37,202.09,,0,68,43.00,-159,3988804,-634219.84,6,fused
8844,000000008844.jpg,640x426,1,0.876680,1,1,TP,yolov8l_bsz4.ms,225.50,153.50,379.00,0.500,Mid (Meeting),8.95,34.17,366.69,2306.00,11499.37,202.09,,0,68,43.00,-159,3988804,-634219.84,6,fused
378454,000000378454.jpg,427x640,1,0.876611,1,1,TP,yolov8l_bsz4.ms,225.50,153.50,379.00,0.500,Mid (Meeting),8.95,34.17,366.69,2306.00,11499.37,202.09,,0,68,43.00,-159,3988804,-634219.84,6,fused
515077,000000515077.jpg,640x479,1,0.876334,1,1,TP,yolov8l_bsz4.ms,225.25,175.50,400.75,0.500,Mid (Meeting),5.46,38.41,295.67,2388.00,11499.37,309.29,,0,68,43.00,-157,3988695,-626225.11,6,fused
335177,000000335177.jpg,640x479,1,0.875864,0,0,FP,yolov8l_bsz4.ms,225.25,175.50,400.75,0.500,Mid (Meeting),5.46,38.41,295.67,2388.00,11499.37,309.29,,0,68,43.00,-157,3988695,-626225.11,6,fused
559513,000000559513.jpg,640x421,1,0.875495,0,0,FP,yolov8l_bsz4.ms,225.25,175.50,400.75,0.500,Mid (Meeting),5.46,38.41,295.67,2388.00,11499.37,309.29,,0,68,43.00,-157,3988695,-626225.11,6,fused
475484,000000475484.jpg,426x640,1,0.875043,1,1,TP,yolov8l_bsz4.ms,225.25,175.50,400.75,0.500,Mid (Meeting),5.46,38.41,295.67,2388.00,11499.37,309.29,,0,68,43.00,-157,3988695,-626225.11,6,fused
225670,000000225670.jpg,640x427,1,0.874260,0,0,FP,yolov8l_bsz4.ms,227.00,190.50,417.50,0.500,Mid (Meeting),5.02,39.85,368.75,2313.00,11499.37,228.95,,0,68,43.00,-147,3988851,-586361.10,6,fused
222094,000000222094.jpg,500x375,1,0.874219,0,0,FP,yolov8l_bsz4.ms,227.00,190.50,417.50,0.500,Mid (Meeting),5.02,39.85,368.75,2313.00,11499.37,228.95,,0,68,43.00,-147,3988851,-586361.10,6,fused
553511,000000553511.jpg,500x333,1,0.873907,1,1,TP,yolov8l_bsz4.ms,227.00,190.50,417.50,0.500,Mid (Meeting),5.02,39.85,368.75,2313.00,11499.37,228.95,,0,68,43.00,-147,3988851,-586361.10,6,fused
186624,000000186624.jpg,640x553,1,0.873626,1,1,TP,yolov8l_bsz4.ms,227.00,190.50,417.50,0.500,Mid (Meeting),5.02,39.85,368.75,2313.00,11499.37,228.95,,0,68,43.00,-147,3988851,-586361.10,6,fused
90208,000000090208.jpg,640x429,1,0.873604,0,0,FP,yolov8l_bsz4.ms,232.75,170.50,403.25,0.500,Mid (Meeting),4.76,39.85,369.85,2313.00,11499.37,255.17,,0,68,43.00,-220,3986679,-877069.38,6,fused
63965,000000063965.jpg,640x427,1,0.873409,1,1,TP,yolov8l_bsz4.ms,232.75,170.50,403.25,0.500,Mid (Meeting),4.76,39.85,369.85,2313.00,11499.37,255.17,,0,68,43.00,-220,3986679,-877069.38,6,fused
169356,000000169356.jpg,640x480,1,0.872718,1,1,TP,yolov8l_bsz4.ms,232.75,170.50,403.25,0.500,Mid (Meeting),4.76,39.85,369.85,2313.00,11499.37,255.17,,0,68,43.00,-220,3986679,-877069.38,6,fused
372349,000000372349.jpg,640x437,1,0.872710,1,1,TP,yolov8l_bsz4.ms,232.75,170.50,403.25,0.500,Mid (Meeting),4.76,39.85,369.85,2313.00,11499.37,255.17,,0,68,43.00,-220,3986679,-877069.38,6,fused
424521,000000424521.jpg,314x500,1,0.872155,1,1,TP,yolov8l_bsz4.ms,227.00,155.50,382.50,0.500,Mid (Meeting),4.66,38.32,369.50,2320.00,11499.37,248.39,,0,68,44.00,-230,3986559,-916908.57,6,fused
429109,000000429109.jpg,640x427,1,0.871892,1,1,TP,yolov8l_bsz4.ms,227.00,155.50,382.50,0.500,Mid (Meeting),4.66,38.32,369.50,2320.00,11499.37,248.39,,0,68,44.00,-230,3986559,-916908.57,6,fused
33368,000000033368.jpg,427x640,1,0.871873,1,1,TP,yolov8l_bsz4.ms,227.00,155.50,382.50,0.500,Mid (Meeting),4.66,38.32,369.50,2320.00,11499.37,248.39,,0,68,44.00,-230,3986559,-916908.57,6,fused
308587,000000308587.jpg,480x640,1,0.871844,1,1,TP,yolov8l_bsz4.ms,227.00,155.50,382.50,0.500,Mid (Meeting),4.66,38.32,369.50,2320.00,11499.37,248.39,,0,68,44.00,-230,3986559,-916908.57,6,fused
284762,000000284762.jpg,640x426,1,0.871828,0,0,FP,yolov8l_bsz4.ms,231.75,175.00,406.75,0.500,Mid (Meeting),4.59,37.28,291.83,2396.00,11499.37,315.46,,0,68,44.00,-230,3986559,-916908.57,6,fused
523175,000000523175.jpg,500x375,1,0.870712,0,0,FP,yolov8l_bsz4.ms,231.75,175.00,406.75,0.500,Mid (Meeting),4.59,37.28,291.83,2396.00,11499.37,315.46,,0,68,44.00,-230,3986559,-916908.57,6,fused
21503,000000021503.jpg,640x480,1,0.870279,0,0,FP,yolov8l_bsz4.ms,231.75,175.00,406.75,0.500,Mid (Meeting),4.59,37.28,291.83,2396.00,11499.37,315.46,,0,68,44.00,-230,3986559,-916908.57,6,fused
248112,000000248112.jpg,640x480,1,0.870163,1,1,TP,yolov8l_bsz4.ms,231.75,175.00,406.75,0.500,Mid (Meeting),4.59,37.28,291.83,2396.00,11499.37,315.46,,0,68,44.00,-230,3986559,-916908.57,6,fused
463647,000000463647.jpg,640x480,1,0.869979,0,0,FP,yolov8l_bsz4.ms,229.75,177.75,407.50,0.500,Mid (Meeting),8.55,37.28,370.25,2314.00,11499.37,225.05,,0,68,44.00,-195,3987355,-777534.22,6,fused
190676,000000190676.jpg,640x264,1,0.869886,1,1,TP,yolov8l_bsz4.ms,229.75,177.75,407.50,0.500,Mid (Meeting),8.55,37.28,370.25,2314.00,11499.37,225.05,,0,68,44.00,-195,3987355,-777534.22,6,fused
514586,000000514586.jpg,354x500,1,0.869857,1,1,TP,yolov8l_bsz4.ms,229.75,177.75,407.50,0.500,Mid (Meeting),8.55,37.28,370.25,2314.00,11499.37,225.05,,0,68,44.00,-195,3987355,-777534.22,6,fused
210520,000000210520.jpg,612x612,1,0.869829,0,0,FP,yolov8l_bsz4.ms,229.75,177.75,407.50,0.500,Mid (Meeting),8.55,37.28,370.25,2314.00,11499.37,225.05,,0,68,44.00,-195,3987355,-777534.22,6,fused
155145,000000155145.jpg,500x375,1,0.869745,1,1,TP,yolov8l_bsz4.ms,226.50,177.50,404.00,0.500,Mid (Meeting),5.36,34.00,367.17,2316.00,11499.37,219.62,,0,68,44.00,-179,3987835,-713822.46,6,fused
74646,000000074646.jpg,480x640,1,0.869682,1,1,TP,yolov8l_bsz4.ms,226.50,177.50,404.00,0.500,Mid (Meeting),5.36,34.00,367.17,2316.00,11499.37,219.62,,0,68,44.00,-179,3987835,-713822.46,6,fused
312421,000000312421.jpg,640x427,1,0.869052,1,1,TP,yolov8l_bsz4.ms,226.50,177.50,404.00,0.500,Mid (Meeting),5.36,34.00,367.17,2316.00,11499.37,219.62,,0,68,44.00,-179,3987835,-713822.46,6,fused
139077,000000139077.jpg,500x375,1,0.868332,1,1,TP,yolov8l_bsz4.ms,226.50,177.50,404.00,0.500,Mid (Meeting),5.36,34.00,367.17,2316.00,11499.37,219.62,,0,68,44.00,-179,3987835,-713822.46,6,fused
120853,000000120853.jpg,640x428,1,0.868240,0,0,FP,yolov8l_bsz4.ms,228.25,160.75,389.00,0.500,Mid (Meeting),4.87,34.46,347.01,2334.00,11499.37,228.36,,0,68,44.00,-215,3986754,-857152.11,6,fused
439522,000000439522.jpg,428x640,1,0.867372,1,1,TP,yolov8l_bsz4.ms,228.25,160.75,389.00,0.500,Mid (Meeting),4.87,34.46,347.01,2334.00,11499.37,228.36,,0,68,44.00,-215,3986754,-857152.11,6,fused
416885,000000416885.jpg,500x375,1,0.867154,0,0,FP,yolov8l_bsz4.ms,228.25,160.75,389.00,0.500,Mid (Meeting),4.87,34.46,347.01,2334.00,11499.37,228.36,,0,68,44.00,-215,3986754,-857152.11,6,fused
520707,000000520707.jpg,640x480,1,0.866818,1,1,TP,yolov8l_bsz4.ms,228.25,160.75,389.00,0.500,Mid (Meeting),4.87,34.46,347.01,2334.00,11499.37,228.36,,0,68,44.00,-215,3986754,-857152.11,6,fused
289393,000000289393.jpg,640x480,1,0.866469,0,0,FP,yolov8l_bsz4.ms,228.50,171.25,399.75,0.500,Mid (Meeting),4.71,34.46,301.34,2377.00,11499.37,263.31,,0,68,44.00,-192,3987288,-765559.30,6,fused
61584,000000061584.jpg,500x375,1,0.866252,1,1,TP,yolov8l_bsz4.ms,228.50,171.25,399.75,0.500,Mid (Meeting),4.71,34.46,301.34,2377.00,11499.37,263.31,,0,68,44.00,-192,3987288,-765559.30,6,fused
226903,000000226903.jpg,640x480,1,0.865812,1,1,TP,yolov8l_bsz4.ms,228.50,171.25,399.75,0.500,Mid (Meeting),4.71,34.46,301.34,2377.00,11499.37,263.31,,0,68,44.00,-192,3987288,-765559.30,6,fused
564336,000000564336.jpg,640x360,1,0.865648,1,1,TP,yolov8l_bsz4.ms,228.50,171.25,399.75,0.500,Mid (Meeting),4.71,34.46,301.34,2377.00,11499.37,263.31,,0,68,44.00,-192,3987288,-765559.30,6,fused
334006,000000334006.jpg,640x426,1,0.865277,1,1,TP,yolov8l_bsz4.ms,225.25,167.50,392.75,0.500,Mid (Meeting),4.57,35.05,369.78,2304.00,11499.37,182.48,,0,68,44.00,-173,3987781,-689886.11,6,fused
78565,000000078565.jpg,640x499,1,0.865161,1,1,TP,yolov8l_bsz4.ms,225.25,167.50,392.75,0.500,Mid (Meeting),4.57,35.05,369.78,2304.00,11499.37,182.48,,0,68,44.00,-173,3987781,-689886.11,6,fused
407574,000000407574.jpg,478x640,1,0.865144,0,0,FP,yolov8l_bsz4.ms,225.25,167.50,392.75,0.500,Mid (Meeting),4.57,35.05,369.78,2304.00,11499.37,182.48,,0,68,44.00,-173,3987781,-689886.11,6,fused
551822,000000551822.jpg,640x453,1,0.864273,0,0,FP,yolov8l_bsz4.ms,225.25,167.50,392.75,0.500,Mid (Meeting),4.57,35.05,369.78,2304.00,11499.37,182.48,,0,68,44.00,-173,3987781,-689886.11,6,fused
16228,000000016228.jpg,640x440,1,0.864121,1,1,TP,yolov8l_bsz4.ms,231.25,146.00,377.25,0.500,Mid (Meeting),4.48,36.10,367.73,2312.00,11499.37,201.09,,0,68,44.00,-275,3985012,-1095878.30,6,fused
171740,000000171740.jpg,640x480,1,0.864049,0,0,FP,yolov8l_bsz4.ms,231.25,146.00,377.25,0.500,Mid (Meeting),4.48,36.10,367.73,2312.00,11499.37,201.09,,0,68,44.00,-275,3985012,-1095878.30,6,fused
122927,000000122927.jpg,640x361,1,0.864037,0,0,FP,yolov8l_bsz4.ms,231.25,146.00,377.25,0.500,Mid (Meeting),4.48,36.10,367.73,2312.00,11499.37,201.09,,0,68,44.00,-275,3985012,-1095878.30,6,fused
253386,000000253386.jpg,500x333,1,0.863889,1,1,TP,yolov8l_bsz4.ms,231.25,146.00,377.25,0.500,Mid (Meeting),4.48,36.10,367.73,2312.00,11499.37,201.09,,0,68,44.00,-275,3985012,-1095878.30,6,fused
329219,000000329219.jpg,640x427,1,0.863854,1,1,TP,yolov8l_bsz4.ms,226.50,168.75,395.25,0.500,Mid (Meeting),8.25,36.10,349.21,2358.00,11499.37,472.53,,0,68,44.00,-279,3984671,-1111723.21,6,fused
399296,000000399296.jpg,640x480,1,0.863383,1,1,TP,yolov8l_bsz4.ms,226.50,168.75,395.25,0.500,Mid (Meeting),8.25,36.10,349.21,2358.00,11499.37,472.53,,0,68,44.00,-279,3984671,-1111723.21,6,fused
272566,000000272566.jpg,640x451,1,0.863307,1,1,TP,yolov8l_bsz4.ms,226.50,168.75,395.25,0.500,Mid (Meeting),8.25,36.10,349.21,2358.00,11499.37,472.53,,0,68,44.00,-279,3984671,-1111723.21,6,fused
423944,000000423944.jpg,448x640,1,0.863159,0,0,FP,yolov8l_bsz4.ms,226.50,168.75,395.25,0.500,Mid (Meeting),8.25,36.10,349.21,2358.00,11499.37,472.53,,0,68,44.00,-279,3984671,-1111723.21,6,fused
181542,000000181542.jpg,640x600,1,0.862898,1,1,TP,yolov8l_bsz4.ms,228.50,187.25,415.75,0.500,Mid (Meeting),5.25,37.36,303.24,2409.00,11499.37,510.91,,0,68,44.00,-313,3983326,-1246781.04,6,fused
179174,000000179174.jpg,428x640,1,0.862565,1,1,TP,yolov8l_bsz4.ms,228.50,187.25,415.75,0.500,Mid (Meeting),5.25,37.36,303.24,2409.00,11499.37,510.91,,0,68,44.00,-313,3983326,-1246781.04,6,fused
453341,000000453341.jpg,640x480,1,0.861987,0,0,FP,yolov8l_bsz4.ms,228.50,187.25,415.75,0.500,Mid (Meeting),5.25,37.36,303.24,2409.00,11499.37,510.91,,0,68,44.00,-313,3983326,-1246781.04,6,fused
219578,000000219578.jpg,640x427,1,0.861835,0,0,FP,yolov8l_bsz4.ms,228.50,187.25,415.75,0.500,Mid (Meeting),5.25,37.36,303.24,2409.00,11499.37,510.91,,0,68,44.00,-313,3983326,-1246781.04,6,fused
114770,000000114770.jpg,640x403,1,0.861400,0,0,FP,yolov8l_bsz4.ms,228.75,155.00,383.75,0.500,Mid (Meeting),4.76,38.58,370.47,2345.00,11499.37,438.85,,0,68,44.00,-365,3981501,-1453247.86,6,fused
519039,000000519039.jpg,640x299,1,0.861300,0,0,FP,yolov8l_bsz4.ms,228.75,155.00,383.75,0.500,Mid (Meeting),4.76,38.58,370.47,2345.00,11499.37,438.85,,0,68,44.00,-365,3981501,-1453247.86,6,fused
18737,000000018737.jpg,640x427,1,0.860846,0,0,FP,yolov8l_bsz4.ms,228.75,155.00,383.75,0.500,Mid (Meeting),4.76,38.58,370.47,2345.00,11499.37,438.85,,0,68,44.00,-365,3981501,-1453247.86,6,fused
428562,000000428562.jpg,640x480,1,0.859934,1,1,TP,yolov8l_bsz4.ms,228.75,155.00,383.75,0.500,Mid (Meeting),4.76,38.58,370.47,2345.00,11499.37,438.85,,0,68,44.00,-365,3981501,-1453247.86,6,fused
52412,000000052412.jpg,640x426,1,0.859262,0,0,FP,yolov8l_bsz4.ms,229.25,162.00,391.25,0.500,Mid (Meeting),4.56,38.58,366.50,2352.00,11499.37,437.03,,0,68,44.00,-384,3980797,-1528626.05,6,fused
82085,000000082085.jpg,640x428,1,0.859054,1,1,TP,yolov8l_bsz4.ms,229.25,162.00,391.25,0.500,Mid (Meeting),4.56,38.58,366.50,2352.00,11499.37,437.03,,0,68,44.00,-384,3980797,-1528626.05,6,fused
78404,000000078404.jpg,500x350,1,0.858917,1,1,TP,yolov8l_bsz4.ms,229.25,162.00,391.25,0.500,Mid (Meeting),4.56,38.58,366.50,2352.00,11499.37,437.03,,0,68,44.00,-384,3980797,-1528626.05,6,fused
500477,000000500477.jpg,640x480,1,0.858846,1,1,TP,yolov8l_bsz4.ms,229.25,162.00,391.25,0.500,Mid (Meeting),4.56,38.58,366.50,2352.00,11499.37,437.03,,0,68,44.00,-384,3980797,-1528626.05,6,fused
66231,000000066231.jpg,640x427,1,0.858759,1,1,TP,yolov8l_bsz4.ms,227.50,149.75,377.25,0.500,Mid (Meeting),4.49,38.03,347.51,2370.00,11499.37,482.70,,0,68,44.00,-449,3978753,-1786460.10,6,fused
540962,000000540962.jpg,500x400,1,0.858163,0,0,FP,yolov8l_bsz4.ms,227.50,149.75,377.25,0.500,Mid (Meeting),4.49,38.03,347.51,2370.00,11499.37,482.70,,0,68,44.00,-449,3978753,-1786460.10,6,fused
98716,000000098716.jpg,640x359,1,0.857079,1,1,TP,yolov8l_bsz4.ms,227.50,149.75,377.25,0.500,Mid (Meeting),4.49,38.03,347.51,2370.00,11499.37,482.70,,0,68,44.00,-449,3978753,-1786460.10,6,fused
257896,000000257896.jpg,480x640,1,0.856991,1,1,TP,yolov8l_bsz4.ms,227.50,149.75,377.25,0.500,Mid (Meeting),4.49,38.03,347.51,2370.00,11499.37,482.70,,0,68,44.00,-449,3978753,-1786460.10,6,fused
228942,000000228942.jpg,640x319,1,0.856990,1,1,TP,yolov8l_bsz4.ms,229.25,170.25,399.50,0.500,Mid (Meeting),4.45,37.82,301.87,2419.00,11499.37,522.61,,0,68,44.00,-333,3981863,-1325960.38,6,fused
246308,000000246308.jpg,480x640,1,0.856908,0,0,FP,yolov8l_bsz4.ms,229.25,170.25,399.50,0.500,Mid (Meeting),4.45,37.82,301.87,2419.00,11499.37,522.61,,0,68,44.00,-333,3981863,-1325960.38,6,fused
402615,000000402615.jpg,640x427,1,0.856446,1,1,TP,yolov8l_bsz4.ms,229.25,170.25,399.50,0.500,Mid (Meeting),4.45,37.82,301.87,2419.00,11499.37,522.61,,0,68,44.00,-333,3981863,-1325960.38,6,fused
506178,000000506178.jpg,375x500,1,0.855751,1,1,TP,yolov8l_bsz4.ms,229.25,170.25,399.50,0.500,Mid (Meeting),4.45,37.82,301.87,2419.00,11499.37,522.61,,0,68,44.00,-333,3981863,-1325960.38,6,fused
571943,000000571943.jpg,640x480,1,0.855701,0,0,FP,yolov8l_bsz4.ms,231.00,165.50,396.50,0.500,Mid (Meeting),8.06,37.82,369.54,2354.00,11499.37,450.37,,0,68,44.00,-414,3979564,-1647539.50,6,fused
224093,000000224093.jpg,640x316,1,0.855686,0,0,FP,yolov8l_bsz4.ms,231.00,165.50,396.50,0.500,Mid (Meeting),8.06,37.82,369.54,2354.00,11499.37,450.37,,0,68,44.00,-414,3979564,-1647539.50,6,fused
350003,000000350003.jpg,640x480,1,0.855413,1,1,TP,yolov8l_bsz4.ms,231.00,165.50,396.50,0.500,Mid (Meeting),8.06,37.82,369.54,2354.00,11499.37,450.37,,0,68,44.00,-414,3979564,-1647539.50,6,fused
443303,000000443303.jpg,500x375,1,0.854315,0,0,FP,yolov8l_bsz4.ms,231.00,165.50,396.50,0.500,Mid (Meeting),8.06,37.82,369.54,2354.00,11499.37,450.37,,0,68,44.00,-414,3979564,-1647539.50,6,fused
473121,000000473121.jpg,500x332,1,0.853638,1,1,TP,yolov8l_bsz4.ms,229.25,160.75,390.00,0.500,Mid (Meeting),4.30,34.28,367.37,2358.00,11499.37,448.06,,0,68,44.00,-226,3985032,-900617.23,6,fused
99428,000000099428.jpg,640x480,1,0.853229,0,0,FP,yolov8l_bsz4.ms,229.25,160.75,390.00,0.500,Mid (Meeting),4.30,34.28,367.37,2358.00,11499.37,448.06,,0,68,44.00,-226,3985032,-900617.23,6,fused
493286,000000493286.jpg,640x359,1,0.852940,1,1,TP,yolov8l_bsz4.ms,229.25,160.75,390.00,0.500,Mid (Meeting),4.30,34.28,367.37,2358.00,11499.37,448.06,,0,68,44.00,-226,3985032,-900617.23,6,fused
71711,000000071711.jpg,640x427,1,0.852595,1,1,TP,yolov8l_bsz4.ms,229.25,160.75,390.00,0.500,Mid (Meeting),4.30,34.28,367.37,2358.00,11499.37,448.06,,0,68,44.00,-226,3985032,-900617.23,6,fused
460147,000000460147.jpg,640x424,1,0.852278,1,1,TP,yolov8l_bsz4.ms,230.25,173.00,403.25,0.500,Mid (Meeting),4.37,35.14,346.74,2379.00,11499.37,463.07,,0,68,44.00,-149,3987319,-594110.53,6,fused
236166,000000236166.jpg,426x640,1,0.851332,1,1,TP,yolov8l_bsz4.ms,230.25,173.00,403.25,0.500,Mid (Meeting),4.37,35.14,346.74,2379.00,11499.37,463.07,,0,68,44.00,-149,3987319,-594110.53,6,fused
151938,000000151938.jpg,470x640,1,0.851309,1,1,TP,yolov8l_bsz4.ms,230.25,173.00,403.25,0.500,Mid (Meeting),4.37,35.14,346.74,2379.00,11499.37,463.07,,0,68,44.00,-149,3987319,-594110.53,6,fused
462031,000000462031.jpg,449x640,1,0.851140,1,1,TP,yolov8l_bsz4.ms,230.25,173.00,403.25,0.500,Mid (Meeting),4.37,35.14,346.74,2379.00,11499.37,463.07,,0,68,44.00,-149,3987319,-594110.53,6,fused
312720,000000312720.jpg,640x427,1,0.850759,1,1,TP,yolov8l_bsz4.ms,230.50,174.75,405.25,0.500,Mid (Meeting),4.34,35.14,302.45,2419.00,11499.37,499.66,,0,68,44.00,-157,3987080,-625971.56,6,fused
160012,000000160012.jpg,640x461,1,0.850594,1,1,TP,yolov8l_bsz4.ms,230.50,174.75,405.25,0.500,Mid (Meeting),4.34,35.14,302.45,2419.00,11499.37,499.66,,0,68,44.00,-157,3987080,-625971.56,6,fused
317433,000000317433.jpg,640x427,1,0.850203,1,1,TP,yolov8l_bsz4.ms,230.50,174.75,405.25,0.500,Mid (Meeting),4.34,35.14,302.45,2419.00,11499.37,499.66,,0,68,44.00,-157,3987080,-625971.56,6,fused
273642,000000273642.jpg,375x500,1,0.849984,0,0,FP,yolov8l_bsz4.ms,230.50,174.75,405.25,0.500,Mid (Meeting),4.34,35.14,302.45,2419.00,11499.37,499.66,,0,68,44.00,-157,3987080,-625971.56,6,fused
324614,000000324614.jpg,640x427,1,0.848853,1,1,TP,yolov8l_bsz4.ms,226.50,168.00,394.50,0.500,Mid (Meeting),4.31,35.07,370.79,2353.00,11499.37,428.37,,0,68,44.00,-185,3986498,-737502.13,6,fused
229553,000000229553.jpg,640x488,1,0.848526,1,1,TP,yolov8l_bsz4.ms,226.50,168.00,394.50,0.500,Mid (Meeting),4.31,35.07,370.79,2353.00,11499.37,428.37,,0,68,44.00,-185,3986498,-737502.13,6,fused
531036,000000531036.jpg,480x640,1,0.848410,1,1,TP,yolov8l_bsz4.ms,226.50,168.00,394.50,0.500,Mid (Meeting),4.31,35.07,370.79,2353.00,11499.37,428.37,,0,68,44.00,-185,3986498,-737502.13,6,fused
364557,000000364557.jpg,640x427,1,0.848067,1,1,TP,yolov8l_bsz4.ms,226.50,168.00,394.50,0.500,Mid (Meeting),4.31,35.07,370.79,2353.00,11499.37,428.37,,0,68,44.00,-185,3986498,-737502.13,6,fused
142092,000000142092.jpg,640x480,1,0.847995,0,0,FP,yolov8l_bsz4.ms,227.25,149.25,376.50,0.500,Mid (Meeting),4.29,35.83,368.32,2354.00,11499.37,424.51,,0,68,44.00,-206,3986011,-821118.27,6,fused
211120,000000211120.jpg,640x379,1,0.847977,0,0,FP,yolov8l_bsz4.ms,227.25,149.25,376.50,0.500,Mid (Meeting),4.29,35.83,368.32,2354.00,11499.37,424.51,,0,68,44.00,-206,3986011,-821118.27,6,fused
74457,000000074457.jpg,640x364,1,0.847587,1,1,TP,yolov8l_bsz4.ms,227.25,149.25,376.50,0.500,Mid (Meeting),4.29,35.83,368.32,2354.00,11499.37,424.51,,0,68,44.00,-206,3986011,-821118.27,6,fused
355817,000000355817.jpg,640x480,1,0.847260,1,1,TP,yolov8l_bsz4.ms,227.25,149.25,376.50,0.500,Mid (Meeting),4.29,35.83,368.32,2354.00,11499.37,424.51,,0,68,44.00,-206,3986011,-821118.27,6,fused
513041,000000513041.jpg,640x480,1,0.847190,1,1,TP,yolov8l_bsz4.ms,228.00,148.50,376.50,0.500,Mid (Meeting),4.25,35.83,348.69,2372.00,11499.37,438.31,,0,68,44.00,-214,3985738,-852947.93,6,fused
186042,000000186042.jpg,640x360,1,0.846924,1,1,TP,yolov8l_bsz4.ms,228.00,148.50,376.50,0.500,Mid (Meeting),4.25,35.83,348.69,2372.00,11499.37,438.31,,0,68,44.00,-214,3985738,-852947.93,6,fused
458109,000000458109.jpg,640x480,1,0.846592,1,1,TP,yolov8l_bsz4.ms,228.00,148.50,376.50,0.500,Mid (Meeting),4.25,35.83,348.69,2372.00,11499.37,438.31,,0,68,44.00,-214,3985738,-852947.93,6,fused
139871,000000139871.jpg,640x427,1,0.845465,0,0,FP,yolov8l_bsz4.ms,228.00,148.50,376.50,0.500,Mid (Meeting),4.25,35.83,348.69,2372.00,11499.37,438.31,,0,68,44.00,-214,3985738,-852947.93,6,fused
127092,000000127092.jpg,640x480,1,0.844594,1,1,TP,yolov8l_bsz4.ms,227.75,166.25,394.00,0.500,Mid (Meeting),4.74,37.56,303.46,2415.00,11499.37,477.42,,0,68,44.00,-212,3985983,-845028.40,6,fused
273132,000000273132.jpg,640x633,1,0.844419,1,1,TP,yolov8l_bsz4.ms,227.75,166.25,394.00,0.500,Mid (Meeting),4.74,37.56,303.46,2415.00,11499.37,477.42,,0,68,44.00,-212,3985983,-845028.40,6,fused
334371,000000334371.jpg,640x419,1,0.844260,1,1,TP,yolov8l_bsz4.ms,227.75,166.25,394.00,0.500,Mid (Meeting),4.74,37.56,303.46,2415.00,11499.37,477.42,,0,68,44.00,-212,3985983,-845028.40,6,fused
345027,000000345027.jpg,640x403,1,0.844222,1,1,TP,yolov8l_bsz4.ms,227.75,166.25,394.00,0.500,Mid (Meeting),4.74,37.56,303.46,2415.00,11499.37,477.42,,0,68,44.00,-212,3985983,-845028.40,6,fused
376310,000000376310.jpg,640x480,1,0.844105,0,0,FP,yolov8l_bsz4.ms,230.00,173.75,403.75,0.500,Mid (Meeting),4.36,38.50,371.68,2346.00,11499.37,403.71,,0,68,44.00,-106,3988768,-422809.41,6,fused
335081,000000335081.jpg,640x427,1,0.843268,0,0,FP,yolov8l_bsz4.ms,230.00,173.75,403.75,0.500,Mid (Meeting),4.36,38.50,371.68,2346.00,11499.37,403.71,,0,68,44.00,-106,3988768,-422809.41,6,fused
73326,000000073326.jpg,640x480,1,0.842628,0,0,FP,yolov8l_bsz4.ms,230.00,173.75,403.75,0.500,Mid (Meeting),4.36,38.50,371.68,2346.00,11499.37,403.71,,0,68,44.00,-106,3988768,-422809.41,6,fused
539962,000000539962.jpg,640x480,1,0.842505,1,1,TP,yolov8l_bsz4.ms,230.00,173.75,403.75,0.500,Mid (Meeting),4.36,38.50,371.68,2346.00,11499.37,403.71,,0,68,44.00,-106,3988768,-422809.41,6,fused
230008,000000230008.jpg,640x360,1,0.842038,1,1,TP,yolov8l_bsz4.ms,228.00,176.75,404.75,0.500,Mid (Meeting),4.38,38.50,369.91,2346.00,11499.37,398.97,,0,68,44.00,-147,3987603,-586177.64,6,fused
369812,000000369812.jpg,640x637,1,0.841642,1,1,TP,yolov8l_bsz4.ms,228.00,176.75,404.75,0.500,Mid (Meeting),4.38,38.50,369.91,2346.00,11499.37,398.97,,0,68,44.00,-147,3987603,-586177.64,6,fused
46048,000000046048.jpg,640x480,1,0.841619,1,1,TP,yolov8l_bsz4.ms,228.00,176.75,404.75,0.500,Mid (Meeting),4.38,38.50,369.91,2346.00,11499.37,398.97,,0,68,44.00,-147,3987603,-586177.64,6,fused
102331,000000102331.jpg,500x357,1,0.841273,1,1,TP,yolov8l_bsz4.ms,228.00,176.75,404.75,0.500,Mid (Meeting),4.38,38.50,369.91,2346.00,11499.37,398.97,,0,68,44.00,-147,3987603,-586177.64,6,fused
31322,000000031322.jpg,640x427,1,0.841046,1,1,TP,yolov8l_bsz4.ms,225.75,157.00,382.75,0.500,Mid (Meeting),4.32,38.56,347.87,2366.00,11499.37,414.88,,0,68,44.00,-247,3984802,-984246.09,6,fused
375278,000000375278.jpg,333x500,1,0.840866,1,1,TP,yolov8l_bsz4.ms,225.75,157.00,382.75,0.500,Mid (Meeting),4.32,38.56,347.87,2366.00,11499.37,414.88,,0,68,44.00,-247,3984802,-984246.09,6,fused
377814,000000377814.jpg,640x480,1,0.840429,0,0,FP,yolov8l_bsz4.ms,225.75,157.00,382.75,0.500,Mid (Meeting),4.32,38.56,347.87,2366.00,11499.37,414.88,,0,68,44.00,-247,3984802,-984246.09,6,fused
303908,000000303908.jpg,640x427,1,0.839609,0,0,FP,yolov8l_bsz4.ms,225.75,157.00,382.75,0.500,Mid (Meeting),4.32,38.56,347.87,2366.00,11499.37,414.88,,0,68,44.00,-247,3984802,-984246.09,6,fused
35682,000000035682.jpg,480x640,1,0.839436,1,1,TP,yolov8l_bsz4.ms,230.50,194.00,424.50,0.500,Mid (Meeting),4.38,38.78,293.26,2419.00,11499.37,463.55,,0,68,44.00,-211,3985856,-841015.62,6,fused
271728,000000271728.jpg,640x427,1,0.839367,0,0,FP,yolov8l_bsz4.ms,230.50,194.00,424.50,0.500,Mid (Meeting),4.38,38.78,293.26,2419.00,11499.37,463.55,,0,68,44.00,-211,3985856,-841015.62,6,fused
442463,000000442463.jpg,480x640,1,0.839170,1,1,TP,yolov8l_bsz4.ms,230.50,194.00,424.50,0.500,Mid (Meeting),4.38,38.78,293.26,2419.00,11499.37,463.55,,0,68,44.00,-211,3985856,-841015.62,6,fused
468577,000000468577.jpg,612x612,1,0.839068,1,1,TP,yolov8l_bsz4.ms,230.50,194.00,424.50,0.500,Mid (Meeting),4.38,38.78,293.26,2419.00,11499.37,463.55,,0,68,44.00,-211,3985856,-841015.62,6,fused
436551,000000436551.jpg,640x438,1,0.838867,0,0,FP,yolov8l_bsz4.ms,230.00,158.75,388.75,0.500,Mid (Meeting),4.30,38.78,369.16,2338.00,11499.37,415.42,,0,68,44.00,-191,3986412,-761404.69,6,fused
286708,000000286708.jpg,640x481,1,0.838611,0,0,FP,yolov8l_bsz4.ms,230.00,158.75,388.75,0.500,Mid (Meeting),4.30,38.78,369.16,2338.00,11499.37,415.42,,0,68,44.00,-191,3986412,-761404.69,6,fused
158956,000000158956.jpg,640x425,1,0.838272,1,1,TP,yolov8l_bsz4.ms,230.00,158.75,388.75,0.500,Mid (Meeting),4.30,38.78,369.16,2338.00,11499.37,415.42,,0,68,44.00,-191,3986412,-761404.69,6,fused
476215,000000476215.jpg,640x409,1,0.838244,1,1,TP,yolov8l_bsz4.ms,230.00,158.75,388.75,0.500,Mid (Meeting),4.30,38.78,369.16,2338.00,11499.37,415.42,,0,68,44.00,-191,3986412,-761404.69,6,fused
39785,000000039785.jpg,500x375,1,0.837965,1,1,TP,yolov8l_bsz4.ms,233.25,184.75,418.00,0.500,Mid (Meeting),5.35,36.22,369.06,2341.00,11499.37,409.50,,0,68,44.00,-133,3987996,-530403.47,6,fused
158548,000000158548.jpg,640x482,1,0.836709,1,1,TP,yolov8l_bsz4.ms,233.25,184.75,418.00,0.500,Mid (Meeting),5.35,36.22,369.06,2341.00,11499.37,409.50,,0,68,44.00,-133,3987996,-530403.47,6,fused
484404,000000484404.jpg,640x480,1,0.836595,1,1,TP,yolov8l_bsz4.ms,233.25,184.75,418.00,0.500,Mid (Meeting),5.35,36.22,369.06,2341.00,11499.37,409.50,,0,68,44.00,-133,3987996,-530403.47,6,fused
336658,000000336658.jpg,640x428,1,0.836552,1,1,TP,yolov8l_bsz4.ms,233.25,184.75,418.00,0.500,Mid (Meeting),5.35,36.22,369.06,2341.00,11499.37,409.50,,0,68,44.00,-133,3987996,-530403.47,6,fused
570448,000000570448.jpg,640x484,1,0.835520,1,1,TP,yolov8l_bsz4.ms,232.75,163.00,395.75,0.500,Mid (Meeting),4.77,35.30,347.50,2366.00,11499.37,426.08,,0,68,44.00,-180,3986745,-717614.10,6,fused
5529,000000005529.jpg,444x640,1,0.835324,1,1,TP,yolov8l_bsz4.ms,232.75,163.00,395.75,0.500,Mid (Meeting),4.77,35.30,347.50,2366.00,11499.37,426.08,,0,68,44.00,-180,3986745,-717614.10,6,fused
92053,000000092053.jpg,640x427,1,0.834018,1,1,TP,yolov8l_bsz4.ms,232.75,163.00,395.75,0.500,Mid (Meeting),4.77,35.30,347.50,2366.00,11499.37,426.08,,0,68,44.00,-180,3986745,-717614.10,6,fused
576052,000000576052.jpg,640x427,1,0.833617,1,1,TP,yolov8l_bsz4.ms,232.75,163.00,395.75,0.500,Mid (Meeting),4.77,35.30,347.50,2366.00,11499.37,426.08,,0,68,44.00,-180,3986745,-717614.10,6,fused
459153,000000459153.jpg,427x640,1,0.832476,1,1,TP,yolov8l_bsz4.ms,228.00,151.75,379.75,0.500,Mid (Meeting),4.49,35.30,298.11,2418.00,11499.37,472.61,,0,68,44.00,-157,3987274,-626002.02,6,fused
250282,000000250282.jpg,640x426,1,0.832430,1,1,TP,yolov8l_bsz4.ms,228.00,151.75,379.75,0.500,Mid (Meeting),4.49,35.30,298.11,2418.00,11499.37,472.61,,0,68,44.00,-157,3987274,-626002.02,6,fused
94157,000000094157.jpg,372x640,1,0.832191,1,1,TP,yolov8l_bsz4.ms,228.00,151.75,379.75,0.500,Mid (Meeting),4.49,35.30,298.11,2418.00,11499.37,472.61,,0,68,44.00,-157,3987274,-626002.02,6,fused
558558,000000558558.jpg,640x480,1,0.831830,0,0,FP,yolov8l_bsz4.ms,228.00,151.75,379.75,0.500,Mid (Meeting),4.49,35.30,298.11,2418.00,11499.37,472.61,,0,68,44.00,-157,3987274,-626002.02,6,fused
22892,000000022892.jpg,500x334,1,0.831825,0,0,FP,yolov8l_bsz4.ms,229.75,190.75,420.50,0.500,Mid (Meeting),4.45,34.52,368.85,2348.00,11499.37,398.20,,0,68,44.00,-109,3988670,-434765.03,6,fused
341094,000000341094.jpg,500x375,1,0.831549,1,1,TP,yolov8l_bsz4.ms,229.75,190.75,420.50,0.500,Mid (Meeting),4.45,34.52,368.85,2348.00,11499.37,398.20,,0,68,44.00,-109,3988670,-434765.03,6,fused
130386,000000130386.jpg,375x500,1,0.831287,1,1,TP,yolov8l_bsz4.ms,229.75,190.75,420.50,0.500,Mid (Meeting),4.45,34.52,368.85,2348.00,11499.37,398.20,,0,68,44.00,-109,3988670,-434765.03,6,fused
575243,000000575243.jpg,640x427,1,0.831233,1,1,TP,yolov8l_bsz4.ms,229.75,190.75,420.50,0.500,Mid (Meeting),4.45,34.52,368.85,2348.00,11499.37,398.20,,0,68,44.00,-109,3988670,-434765.03,6,fused
172935,000000172935.jpg,488x364,1,0.831065,1,1,TP,yolov8l_bsz4.ms,227.50,168.25,395.75,0.500,Mid (Meeting),4.39,34.98,367.98,2349.00,11499.37,392.67,,0,68,44.00,-126,3988087,-502498.96,6,fused
388215,000000388215.jpg,640x425,1,0.830926,1,1,TP,yolov8l_bsz4.ms,227.50,168.25,395.75,0.500,Mid (Meeting),4.39,34.98,367.98,2349.00,11499.37,392.67,,0,68,44.00,-126,3988087,-502498.96,6,fused
164885,000000164885.jpg,640x427,1,0.830600,1,1,TP,yolov8l_bsz4.ms,227.50,168.25,395.75,0.500,Mid (Meeting),4.39,34.98,367.98,2349.00,11499.37,392.67,,0,68,44.00,-126,3988087,-502498.96,6,fused
512403,000000512403.jpg,529x640,1,0.829350,0,0,FP,yolov8l_bsz4.ms,227.50,168.25,395.75,0.500,Mid (Meeting),4.39,34.98,367.98,2349.00,11499.37,392.67,,0,68,44.00,-126,3988087,-502498.96,6,fused
263403,000000263403.jpg,638x394,1,0.829139,1,1,TP,yolov8l_bsz4.ms,228.00,153.75,381.75,0.500,Mid (Meeting),4.38,34.98,347.02,2370.00,11499.37,409.26,,0,68,44.00,-228,3985250,-908637.00,6,fused
231747,000000231747.jpg,640x400,1,0.828867,1,1,TP,yolov8l_bsz4.ms,228.00,153.75,381.75,0.500,Mid (Meeting),4.38,34.98,347.02,2370.00,11499.37,409.26,,0,68,44.00,-228,3985250,-908637.00,6,fused
492077,000000492077.jpg,640x480,1,0.828820,1,1,TP,yolov8l_bsz4.ms,228.00,153.75,381.75,0.500,Mid (Meeting),4.38,34.98,347.02,2370.00,11499.37,409.26,,0,68,44.00,-228,3985250,-908637.00,6,fused
434204,000000434204.jpg,500x333,1,0.828556,1,1,TP,yolov8l_bsz4.ms,228.00,153.75,381.75,0.500,Mid (Meeting),4.38,34.98,347.02,2370.00,11499.37,409.26,,0,68,44.00,-228,3985250,-908637.00,6,fused
396568,000000396568.jpg,640x424,1,0.825009,0,0,FP,yolov8l_bsz4.ms,228.75,173.50,402.25,0.500,Mid (Meeting),6.61,36.96,300.45,2415.00,11499.37,449.30,,0,68,44.00,-147,3987419,-586150.59,6,fused
438774,000000438774.jpg,640x425,1,0.823714,1,1,TP,yolov8l_bsz4.ms,228.75,173.50,402.25,0.500,Mid (Meeting),6.61,36.96,300.45,2415.00,11499.37,449.30,,0,68,44.00,-147,3987419,-586150.59,6,fused
240754,000000240754.jpg,640x427,1,0.823521,0,0,FP,yolov8l_bsz4.ms,228.75,173.50,402.25,0.500,Mid (Meeting),6.61,36.96,300.45,2415.00,11499.37,449.30,,0,68,44.00,-147,3987419,-586150.59,6,fused
373315,000000373315.jpg,477x640,1,0.823458,1,1,TP,yolov8l_bsz4.ms,228.75,173.50,402.25,0.500,Mid (Meeting),6.61,36.96,300.45,2415.00,11499.37,449.30,,0,68,44.00,-147,3987419,-586150.59,6,fused
395180,000000395180.jpg,640x481,1,0.823443,1,1,TP,yolov8l_bsz4.ms,226.50,154.25,380.75,0.500,Mid (Meeting),4.99,38.83,371.76,2343.00,11499.37,372.34,,0,68,44.00,-186,3986377,-741466.12,6,fused
87470,000000087470.jpg,640x470,1,0.823140,1,1,TP,yolov8l_bsz4.ms,226.50,154.25,380.75,0.500,Mid (Meeting),4.99,38.83,371.76,2343.00,11499.37,372.34,,0,68,44.00,-186,3986377,-741466.12,6,fused
342006,000000342006.jpg,480x640,1,0.823111,0,0,FP,yolov8l_bsz4.ms,226.50,154.25,380.75,0.500,Mid (Meeting),4.99,38.83,371.76,2343.00,11499.37,372.34,,0,68,44.00,-186,3986377,-741466.12,6,fused
68409,000000068409.jpg,640x263,1,0.822808,1,1,TP,yolov8l_bsz4.ms,226.50,154.25,380.75,0.500,Mid (Meeting),4.99,38.83,371.76,2343.00,11499.37,372.34,,0,68,44.00,-186,3986377,-741466.12,6,fused
365642,000000365642.jpg,426x640,1,0.822344,1,1,TP,yolov8l_bsz4.ms,228.25,180.50,408.75,0.500,Mid (Meeting),4.80,38.83,366.00,2343.00,11499.37,368.75,,0,68,44.00,-159,3987116,-633951.44,6,fused
43435,000000043435.jpg,638x640,1,0.822278,1,1,TP,yolov8l_bsz4.ms,228.25,180.50,408.75,0.500,Mid (Meeting),4.80,38.83,366.00,2343.00,11499.37,368.75,,0,68,44.00,-159,3987116,-633951.44,6,fused
248334,000000248334.jpg,500x375,1,0.821556,1,1,TP,yolov8l_bsz4.ms,228.25,180.50,408.75,0.500,Mid (Meeting),4.80,38.83,366.00,2343.00,11499.37,368.75,,0,68,44.00,-159,3987116,-633951.44,6,fused
17178,000000017178.jpg,640x427,1,0.821067,0,0,FP,yolov8l_bsz4.ms,228.25,180.50,408.75,0.500,Mid (Meeting),4.80,38.83,366.00,2343.00,11499.37,368.75,,0,68,44.00,-159,3987116,-633951.44,6,fused
207306,000000207306.jpg,375x500,1,0.820973,1,1,TP,yolov8l_bsz4.ms,230.00,177.50,407.50,0.500,Mid (Meeting),4.66,38.00,348.54,2363.00,11499.37,383.87,,0,68,44.00,-116,3988201,-462631.32,6,fused
234366,000000234366.jpg,480x640,1,0.820493,0,0,FP,yolov8l_bsz4.ms,230.00,177.50,407.50,0.500,Mid (Meeting),4.66,38.00,348.54,2363.00,11499.37,383.87,,0,68,44.00,-116,3988201,-462631.32,6,fused
160728,000000160728.jpg,640x426,1,0.820277,1,1,TP,yolov8l_bsz4.ms,230.00,177.50,407.50,0.500,Mid (Meeting),4.66,38.00,348.54,2363.00,11499.37,383.87,,0,68,44.00,-116,3988201,-462631.32,6,fused
67213,000000067213.jpg,640x485,1,0.820150,1,1,TP,yolov8l_bsz4.ms,230.00,177.50,407.50,0.500,Mid (Meeting),4.66,38.00,348.54,2363.00,11499.37,383.87,,0,68,44.00,-116,3988201,-462631.32,6,fused
488166,000000488166.jpg,361x640,1,0.820116,1,1,TP,yolov8l_bsz4.ms,229.25,163.50,392.75,0.500,Mid (Meeting),4.59,38.53,302.34,2407.00,11499.37,423.20,,0,68,44.00,-159,3986900,-633917.10,6,fused
378515,000000378515.jpg,425x640,1,0.820097,1,1,TP,yolov8l_bsz4.ms,229.25,163.50,392.75,0.500,Mid (Meeting),4.59,38.53,302.34,2407.00,11499.37,423.20,,0,68,44.00,-159,3986900,-633917.10,6,fused
579655,000000579655.jpg,640x399,1,0.819778,1,1,TP,yolov8l_bsz4.ms,229.25,163.50,392.75,0.500,Mid (Meeting),4.59,38.53,302.34,2407.00,11499.37,423.20,,0,68,44.00,-159,3986900,-633917.10,6,fused
542625,000000542625.jpg,640x480,1,0.819726,0,0,FP,yolov8l_bsz4.ms,229.25,163.50,392.75,0.500,Mid (Meeting),4.59,38.53,302.34,2407.00,11499.37,423.20,,0,68,44.00,-159,3986900,-633917.10,6,fused
58393,000000058393.jpg,640x486,1,0.819389,1,1,TP,yolov8l_bsz4.ms,225.00,191.75,416.75,0.500,Mid (Meeting),4.51,38.53,370.70,2337.00,11499.37,348.75,,0,68,44.00,-155,3987153,-618008.71,6,fused
148719,000000148719.jpg,640x480,1,0.819277,1,1,TP,yolov8l_bsz4.ms,225.00,191.75,416.75,0.500,Mid (Meeting),4.51,38.53,370.70,2337.00,11499.37,348.75,,0,68,44.00,-155,3987153,-618008.71,6,fused
184611,000000184611.jpg,640x480,1,0.818864,1,1,TP,yolov8l_bsz4.ms,225.00,191.75,416.75,0.500,Mid (Meeting),4.51,38.53,370.70,2337.00,11499.37,348.75,,0,68,44.00,-155,3987153,-618008.71,6,fused
414795,000000414795.jpg,640x480,1,0.818064,1,1,TP,yolov8l_bsz4.ms,225.00,191.75,416.75,0.500,Mid (Meeting),4.51,38.53,370.70,2337.00,11499.37,348.75,,0,68,44.00,-155,3987153,-618008.71,6,fused
463802,000000463802.jpg,640x480,1,0.817701,1,1,TP,yolov8l_bsz4.ms,227.75,181.25,409.00,0.500,Mid (Meeting),7.26,38.26,365.45,2344.00,11499.37,381.69,,0,68,44.00,-158,3987003,-629946.47,6,fused
88951,000000088951.jpg,500x374,1,0.817568,1,1,TP,yolov8l_bsz4.ms,227.75,181.25,409.00,0.500,Mid (Meeting),7.26,38.26,365.45,2344.00,11499.37,381.69,,0,68,44.00,-158,3987003,-629946.47,6,fused
276285,000000276285.jpg,427x640,1,0.817083,1,1,TP,yolov8l_bsz4.ms,227.75,181.25,409.00,0.500,Mid (Meeting),7.26,38.26,365.45,2344.00,11499.37,381.69,,0,68,44.00,-158,3987003,-629946.47,6,fused
368335,000000368335.jpg,411x640,1,0.816955,0,0,FP,yolov8l_bsz4.ms,227.75,181.25,409.00,0.500,Mid (Meeting),7.26,38.26,365.45,2344.00,11499.37,381.69,,0,68,44.00,-158,3987003,-629946.47,6,fused
152771,000000152771.jpg,640x479,1,0.816641,0,0,FP,yolov8l_bsz4.ms,228.25,156.75,385.00,0.500,Mid (Meeting),5.22,35.29,347.74,2364.00,11499.37,393.34,,0,68,44.00,-188,3986237,-749412.56,6,fused
467315,000000467315.jpg,640x426,1,0.816323,1,1,TP,yolov8l_bsz4.ms,228.25,156.75,385.00,0.500,Mid (Meeting),5.22,35.29,347.74,2364.00,11499.37,393.34,,0,68,44.00,-188,3986237,-749412.56,6,fused
60090,000000060090.jpg,640x423,1,0.816065,1,1,TP,yolov8l_bsz4.ms,228.25,156.75,385.00,0.500,Mid (Meeting),5.22,35.29,347.74,2364.00,11499.37,393.34,,0,68,44.00,-188,3986237,-749412.56,6,fused
98018,000000098018.jpg,640x427,1,0.815700,0,0,FP,yolov8l_bsz4.ms,228.25,156.75,385.00,0.500,Mid (Meeting),5.22,35.29,347.74,2364.00,11499.37,393.34,,0,68,44.00,-188,3986237,-749412.56,6,fused
553669,000000553669.jpg,640x480,1,0.815452,1,1,TP,yolov8l_bsz4.ms,229.75,188.75,418.50,0.500,Mid (Meeting),4.96,35.29,292.95,2420.00,11499.37,443.71,,0,68,44.00,-138,3987569,-550284.52,6,fused
279774,000000279774.jpg,415x500,1,0.815439,1,1,TP,yolov8l_bsz4.ms,229.75,188.75,418.50,0.500,Mid (Meeting),4.96,35.29,292.95,2420.00,11499.37,443.71,,0,68,44.00,-138,3987569,-550284.52,6,fused
330790,000000330790.jpg,640x426,1,0.815430,0,0,FP,yolov8l_bsz4.ms,229.75,188.75,418.50,0.500,Mid (Meeting),4.96,35.29,292.95,2420.00,11499.37,443.71,,0,68,44.00,-138,3987569,-550284.52,6,fused
221754,000000221754.jpg,640x427,1,0.815347,1,1,TP,yolov8l_bsz4.ms,229.75,188.75,418.50,0.500,Mid (Meeting),4.96,35.29,292.95,2420.00,11499.37,443.71,,0,68,44.00,-138,3987569,-550284.52,6,fused
43314,000000043314.jpg,500x376,1,0.814941,1,1,TP,yolov8l_bsz4.ms,230.50,157.75,388.25,0.500,Mid (Meeting),4.75,34.90,369.74,2343.00,11499.37,361.71,,0,68,44.00,-227,3985039,-904603.85,6,fused
447465,000000447465.jpg,640x426,1,0.812979,1,1,TP,yolov8l_bsz4.ms,230.50,157.75,388.25,0.500,Mid (Meeting),4.75,34.90,369.74,2343.00,11499.37,361.71,,0,68,44.00,-227,3985039,-904603.85,6,fused
508730,000000508730.jpg,640x478,1,0.812909,1,1,TP,yolov8l_bsz4.ms,230.50,157.75,388.25,0.500,Mid (Meeting),4.75,34.90,369.74,2343.00,11499.37,361.71,,0,68,44.00,-227,3985039,-904603.85,6,fused
78823,000000078823.jpg,640x480,1,0.812756,0,0,FP,yolov8l_bsz4.ms,230.50,157.75,388.25,0.500,Mid (Meeting),4.75,34.90,369.74,2343.00,11499.37,361.71,,0,68,44.00,-227,3985039,-904603.85,6,fused
143068,000000143068.jpg,640x213,1,0.812600,1,1,TP,yolov8l_bsz4.ms,232.25,134.25,366.50,0.500,Mid (Meeting),4.54,35.03,369.62,2344.00,11499.37,358.87,,0,68,44.00,-186,3986239,-741440.45,6,fused
580757,000000580757.jpg,640x425,1,0.812593,0,0,FP,yolov8l_bsz4.ms,232.25,134.25,366.50,0.500,Mid (Meeting),4.54,35.03,369.62,2344.00,11499.37,358.87,,0,68,44.00,-186,3986239,-741440.45,6,fused
25228,000000025228.jpg,640x436,1,0.812426,1,1,TP,yolov8l_bsz4.ms,232.25,134.25,366.50,0.500,Mid (Meeting),4.54,35.03,369.62,2344.00,11499.37,358.87,,0,68,44.00,-186,3986239,-741440.45,6,fused
473237,000000473237.jpg,640x426,1,0.812179,1,1,TP,yolov8l_bsz4.ms,232.25,134.25,366.50,0.500,Mid (Meeting),4.54,35.03,369.62,2344.00,11499.37,358.87,,0,68,44.00,-186,3986239,-741440.45,6,fused
206487,000000206487.jpg,640x480,1,0.812053,1,1,TP,yolov8l_bsz4.ms,229.00,180.50,409.50,0.500,Mid (Meeting),4.54,35.03,348.26,2364.00,11499.37,373.73,,0,68,44.00,-126,3987757,-502457.38,6,fused
545594,000000545594.jpg,640x512,1,0.811973,1,1,TP,yolov8l_bsz4.ms,229.00,180.50,409.50,0.500,Mid (Meeting),4.54,35.03,348.26,2364.00,11499.37,373.73,,0,68,44.00,-126,3987757,-502457.38,6,fused
191013,000000191013.jpg,474x640,1,0.811354,1,1,TP,yolov8l_bsz4.ms,229.00,180.50,409.50,0.500,Mid (Meeting),4.54,35.03,348.26,2364.00,11499.37,373.73,,0,68,44.00,-126,3987757,-502457.38,6,fused
134322,000000134322.jpg,640x480,1,0.811254,1,1,TP,yolov8l_bsz4.ms,229.00,180.50,409.50,0.500,Mid (Meeting),4.54,35.03,348.26,2364.00,11499.37,373.73,,0,68,44.00,-126,3987757,-502457.38,6,fused
191761,000000191761.jpg,500x375,1,0.811028,0,0,FP,yolov8l_bsz4.ms,228.50,177.75,406.25,0.500,Mid (Meeting),8.77,34.92,302.29,2410.00,11499.37,415.69,,0,68,44.00,-207,3985369,-824971.38,6,fused
81766,000000081766.jpg,640x480,1,0.810666,0,0,FP,yolov8l_bsz4.ms,228.50,177.75,406.25,0.500,Mid (Meeting),8.77,34.92,302.29,2410.00,11499.37,415.69,,0,68,44.00,-207,3985369,-824971.38,6,fused
154087,000000154087.jpg,640x480,1,0.810638,1,1,TP,yolov8l_bsz4.ms,228.50,177.75,406.25,0.500,Mid (Meeting),8.77,34.92,302.29,2410.00,11499.37,415.69,,0,68,44.00,-207,3985369,-824971.38,6,fused
272364,000000272364.jpg,428x640,1,0.810419,0,0,FP,yolov8l_bsz4.ms,228.50,177.75,406.25,0.500,Mid (Meeting),8.77,34.92,302.29,2410.00,11499.37,415.69,,0,68,44.00,-207,3985369,-824971.38,6,fused
308793,000000308793.jpg,640x480,1,0.809626,1,1,TP,yolov8l_bsz4.ms,232.00,189.50,421.50,0.500,Mid (Meeting),5.63,39.48,370.09,2340.00,11499.37,341.45,,0,68,44.00,-134,3987384,-534309.46,6,fused
457078,000000457078.jpg,640x480,1,0.809626,1,1,TP,yolov8l_bsz4.ms,232.00,189.50,421.50,0.500,Mid (Meeting),5.63,39.48,370.09,2340.00,11499.37,341.45,,0,68,44.00,-134,3987384,-534309.46,6,fused
558854,000000558854.jpg,500x375,1,0.809358,1,1,TP,yolov8l_bsz4.ms,232.00,189.50,421.50,0.500,Mid (Meeting),5.63,39.48,370.09,2340.00,11499.37,341.45,,0,68,44.00,-134,3987384,-534309.46,6,fused
176799,000000176799.jpg,640x426,1,0.809224,1,1,TP,yolov8l_bsz4.ms,232.00,189.50,421.50,0.500,Mid (Meeting),5.63,39.48,370.09,2340.00,11499.37,341.45,,0,68,44.00,-134,3987384,-534309.46,6,fused
434230,000000434230.jpg,500x313,1,0.808134,1,1,TP,yolov8l_bsz4.ms,230.75,150.50,381.25,0.500,Mid (Meeting),4.97,39.48,369.09,2342.00,11499.37,339.39,,0,68,44.00,-200,3985628,-797125.60,6,fused
62355,000000062355.jpg,640x428,1,0.807934,1,1,TP,yolov8l_bsz4.ms,230.75,150.50,381.25,0.500,Mid (Meeting),4.97,39.48,369.09,2342.00,11499.37,339.39,,0,68,44.00,-200,3985628,-797125.60,6,fused
475387,000000475387.jpg,640x431,1,0.807710,1,1,TP,yolov8l_bsz4.ms,230.75,150.50,381.25,0.500,Mid (Meeting),4.97,39.48,369.09,2342.00,11499.37,339.39,,0,68,44.00,-200,3985628,-797125.60,6,fused
420230,000000420230.jpg,427x640,1,0.807412,0,0,FP,yolov8l_bsz4.ms,230.75,150.50,381.25,0.500,Mid (Meeting),4.97,39.48,369.09,2342.00,11499.37,339.39,,0,68,44.00,-200,3985628,-797125.60,6,fused
297085,000000297085.jpg,500x375,1,0.807187,0,0,FP,yolov8l_bsz4.ms,229.00,175.00,404.00,0.500,Mid (Meeting),4.83,38.39,347.99,2363.00,11499.37,356.67,,0,68,44.00,-188,3985972,-749362.74,6,fused
263594,000000263594.jpg,500x381,1,0.807044,0,0,FP,yolov8l_bsz4.ms,229.00,175.00,404.00,0.500,Mid (Meeting),4.83,38.39,347.99,2363.00,11499.37,356.67,,0,68,44.00,-188,3985972,-749362.74,6,fused
210394,000000210394.jpg,640x480,1,0.806113,1,1,TP,yolov8l_bsz4.ms,229.00,175.00,404.00,0.500,Mid (Meeting),4.83,38.39,347.99,2363.00,11499.37,356.67,,0,68,44.00,-188,3985972,-749362.74,6,fused
229948,000000229948.jpg,640x428,1,0.805850,1,1,TP,yolov8l_bsz4.ms,229.00,175.00,404.00,0.500,Mid (Meeting),4.83,38.39,347.99,2363.00,11499.37,356.67,,0,68,44.00,-188,3985972,-749362.74,6,fused
182805,000000182805.jpg,640x360,1,0.805768,1,1,TP,yolov8l_bsz4.ms,228.25,122.75,351.00,0.500,Mid (Meeting),4.61,38.52,300.09,2410.00,11499.37,399.68,,0,68,44.00,-233,3984606,-928413.20,6,fused
452784,000000452784.jpg,480x640,1,0.805760,1,1,TP,yolov8l_bsz4.ms,228.25,122.75,351.00,0.500,Mid (Meeting),4.61,38.52,300.09,2410.00,11499.37,399.68,,0,68,44.00,-233,3984606,-928413.20,6,fused
491130,000000491130.jpg,443x640,1,0.805750,1,1,TP,yolov8l_bsz4.ms,228.25,122.75,351.00,0.500,Mid (Meeting),4.61,38.52,300.09,2410.00,11499.37,399.68,,0,68,44.00,-233,3984606,-928413.20,6,fused
485237,000000485237.jpg,640x174,1,0.805155,0,0,FP,yolov8l_bsz4.ms,228.25,122.75,351.00,0.500,Mid (Meeting),4.61,38.52,300.09,2410.00,11499.37,399.68,,0,68,44.00,-233,3984606,-928413.20,6,fused
570834,000000570834.jpg,640x480,1,0.804731,1,1,TP,yolov8l_bsz4.ms,227.25,174.50,401.75,0.500,Mid (Meeting),4.53,38.52,369.73,2339.00,11499.37,323.98,,0,68,44.00,-120,3987754,-478530.48,6,fused
17627,000000017627.jpg,640x480,1,0.804682,1,1,TP,yolov8l_bsz4.ms,227.25,174.50,401.75,0.500,Mid (Meeting),4.53,38.52,369.73,2339.00,11499.37,323.98,,0,68,44.00,-120,3987754,-478530.48,6,fused
69138,000000069138.jpg,371x640,1,0.804341,0,0,FP,yolov8l_bsz4.ms,227.25,174.50,401.75,0.500,Mid (Meeting),4.53,38.52,369.73,2339.00,11499.37,323.98,,0,68,44.00,-120,3987754,-478530.48,6,fused
274219,000000274219.jpg,464x640,1,0.804273,1,1,TP,yolov8l_bsz4.ms,227.25,174.50,401.75,0.500,Mid (Meeting),4.53,38.52,369.73,2339.00,11499.37,323.98,,0,68,44.00,-120,3987754,-478530.48,6,fused
259571,000000259571.jpg,500x281,1,0.803993,1,1,TP,yolov8l_bsz4.ms,231.00,153.75,384.75,0.500,Mid (Meeting),8.74,38.25,369.42,2337.00,11499.37,318.77,,0,68,44.00,-274,3983417,-1091456.26,6,fused
435299,000000435299.jpg,640x480,1,0.803979,0,0,FP,yolov8l_bsz4.ms,231.00,153.75,384.75,0.500,Mid (Meeting),8.74,38.25,369.42,2337.00,11499.37,318.77,,0,68,44.00,-274,3983417,-1091456.26,6,fused
311190,000000311190.jpg,375x500,1,0.803827,1,1,TP,yolov8l_bsz4.ms,231.00,153.75,384.75,0.500,Mid (Meeting),8.74,38.25,369.42,2337.00,11499.37,318.77,,0,68,44.00,-274,3983417,-1091456.26,6,fused
71877,000000071877.jpg,428x640,1,0.803076,1,1,TP,yolov8l_bsz4.ms,231.00,153.75,384.75,0.500,Mid (Meeting),8.74,38.25,369.42,2337.00,11499.37,318.77,,0,68,44.00,-274,3983417,-1091456.26,6,fused
159791,000000159791.jpg,500x375,1,0.802917,1,1,TP,yolov8l_bsz4.ms,227.25,159.00,386.25,0.500,Mid (Meeting),5.00,38.48,346.96,2362.00,11499.37,363.76,,0,68,44.00,-189,3985656,-753288.98,6,fused
74058,000000074058.jpg,640x427,1,0.802851,1,1,TP,yolov8l_bsz4.ms,227.25,159.00,386.25,0.500,Mid (Meeting),5.00,38.48,346.96,2362.00,11499.37,363.76,,0,68,44.00,-189,3985656,-753288.98,6,fused
292488,000000292488.jpg,640x426,1,0.802655,1,1,TP,yolov8l_bsz4.ms,227.25,159.00,386.25,0.500,Mid (Meeting),5.00,38.48,346.96,2362.00,11499.37,363.76,,0,68,44.00,-189,3985656,-753288.98,6,fused
148508,000000148508.jpg,640x425,1,0.802511,1,1,TP,yolov8l_bsz4.ms,227.25,159.00,386.25,0.500,Mid (Meeting),5.00,38.48,346.96,2362.00,11499.37,363.76,,0,68,44.00,-189,3985656,-753288.98,6,fused
563653,000000563653.jpg,640x431,1,0.802508,1,1,TP,yolov8l_bsz4.ms,229.00,165.00,394.00,0.500,Mid (Meeting),4.77,38.48,302.39,2409.00,11499.37,404.29,,0,68,44.00,-183,3985715,-729385.84,6,fused
446206,000000446206.jpg,640x385,1,0.802492,1,1,TP,yolov8l_bsz4.ms,229.00,165.00,394.00,0.500,Mid (Meeting),4.77,38.48,302.39,2409.00,11499.37,404.29,,0,68,44.00,-183,3985715,-729385.84,6,fused
100274,000000100274.jpg,640x427,1,0.801749,0,0,FP,yolov8l_bsz4.ms,229.00,165.00,394.00,0.500,Mid (Meeting),4.77,38.48,302.39,2409.00,11499.37,404.29,,0,68,44.00,-183,3985715,-729385.84,6,fused
142585,000000142585.jpg,375x500,1,0.801630,1,1,TP,yolov8l_bsz4.ms,229.00,165.00,394.00,0.500,Mid (Meeting),4.77,38.48,302.39,2409.00,11499.37,404.29,,0,68,44.00,-183,3985715,-729385.84,6,fused
111179,000000111179.jpg,480x640,1,0.801414,0,0,FP,yolov8l_bsz4.ms,229.75,184.25,414.00,0.500,Mid (Meeting),4.57,36.05,371.03,2341.00,11499.37,329.96,,0,68,44.00,-123,3987524,-490465.45,6,fused
2006,000000002006.jpg,640x480,1,0.801300,1,1,TP,yolov8l_bsz4.ms,229.75,184.25,414.00,0.500,Mid (Meeting),4.57,36.05,371.03,2341.00,11499.37,329.96,,0,68,44.00,-123,3987524,-490465.45,6,fused
67896,000000067896.jpg,640x480,1,0.800006,0,0,FP,yolov8l_bsz4.ms,229.75,184.25,414.00,0.500,Mid (Meeting),4.57,36.05,371.03,2341.00,11499.37,329.96,,0,68,44.00,-123,3987524,-490465.45,6,fused
196442,000000196442.jpg,640x427,1,0.799903,1,1,TP,yolov8l_bsz4.ms,229.75,184.25,414.00,0.500,Mid (Meeting),4.57,36.05,371.03,2341.00,11499.37,329.96,,0,68,44.00,-123,3987524,-490465.45,6,fused
274708,000000274708.jpg,612x612,1,0.799548,1,1,TP,yolov8l_bsz4.ms,231.00,184.25,415.25,0.500,Mid (Meeting),4.56,35.99,365.73,2345.00,11499.37,329.48,,0,68,44.00,-154,3986653,-613944.56,6,fused
278749,000000278749.jpg,500x333,1,0.798953,1,1,TP,yolov8l_bsz4.ms,231.00,184.25,415.25,0.500,Mid (Meeting),4.56,35.99,365.73,2345.00,11499.37,329.48,,0,68,44.00,-154,3986653,-613944.56,6,fused
316054,000000316054.jpg,640x438,1,0.798907,1,1,TP,yolov8l_bsz4.ms,231.00,184.25,415.25,0.500,Mid (Meeting),4.56,35.99,365.73,2345.00,11499.37,329.48,,0,68,44.00,-154,3986653,-613944.56,6,fused
466602,000000466602.jpg,480x640,1,0.798696,1,1,TP,yolov8l_bsz4.ms,231.00,184.25,415.25,0.500,Mid (Meeting),4.56,35.99,365.73,2345.00,11499.37,329.48,,0,68,44.00,-154,3986653,-613944.56,6,fused
174018,000000174018.jpg,500x351,1,0.798571,0,0,FP,yolov8l_bsz4.ms,230.25,155.75,386.00,0.500,Mid (Meeting),4.46,35.99,345.91,2366.00,11499.37,347.07,,0,68,44.00,-150,3986758,-598013.70,6,fused
15597,000000015597.jpg,433x640,1,0.798570,1,1,TP,yolov8l_bsz4.ms,230.25,155.75,386.00,0.500,Mid (Meeting),4.46,35.99,345.91,2366.00,11499.37,347.07,,0,68,44.00,-150,3986758,-598013.70,6,fused
336053,000000336053.jpg,640x480,1,0.797857,1,1,TP,yolov8l_bsz4.ms,230.25,155.75,386.00,0.500,Mid (Meeting),4.46,35.99,345.91,2366.00,11499.37,347.07,,0,68,44.00,-150,3986758,-598013.70,6,fused
456143,000000456143.jpg,640x361,1,0.797766,0,0,FP,yolov8l_bsz4.ms,230.25,155.75,386.00,0.500,Mid (Meeting),4.46,35.99,345.91,2366.00,11499.37,347.07,,0,68,44.00,-150,3986758,-598013.70,6,fused
411817,000000411817.jpg,640x480,1,0.797675,1,1,TP,yolov8l_bsz4.ms,228.75,150.00,378.75,0.500,Mid (Meeting),8.95,35.41,301.65,2409.00,11499.37,385.98,,0,68,44.00,-237,3984247,-944266.54,6,fused
36494,000000036494.jpg,640x434,1,0.797388,1,1,TP,yolov8l_bsz4.ms,228.75,150.00,378.75,0.500,Mid (Meeting),8.95,35.41,301.65,2409.00,11499.37,385.98,,0,68,44.00,-237,3984247,-944266.54,6,fused
291490,000000291490.jpg,640x393,1,0.797108,0,0,FP,yolov8l_bsz4.ms,228.75,150.00,378.75,0.500,Mid (Meeting),8.95,35.41,301.65,2409.00,11499.37,385.98,,0,68,44.00,-237,3984247,-944266.54,6,fused
549136,000000549136.jpg,640x434,1,0.796841,0,0,FP,yolov8l_bsz4.ms,228.75,150.00,378.75,0.500,Mid (Meeting),8.95,35.41,301.65,2409.00,11499.37,385.98,,0,68,44.00,-237,3984247,-944266.54,6,fused
482735,000000482735.jpg,640x427,1,0.795952,1,1,TP,yolov8l_bsz4.ms,226.75,175.75,402.50,0.500,Mid (Meeting),5.00,35.56,368.83,2341.00,11499.37,314.25,,0,68,44.00,-121,3987551,-482493.67,6,fused
357501,000000357501.jpg,640x480,1,0.795891,0,0,FP,yolov8l_bsz4.ms,226.75,175.75,402.50,0.500,Mid (Meeting),5.00,35.56,368.83,2341.00,11499.37,314.25,,0,68,44.00,-121,3987551,-482493.67,6,fused
383337,000000383337.jpg,640x480,1,0.795799,1,1,TP,yolov8l_bsz4.ms,226.75,175.75,402.50,0.500,Mid (Meeting),5.00,35.56,368.83,2341.00,11499.37,314.25,,0,68,44.00,-121,3987551,-482493.67,6,fused
64523,000000064523.jpg,640x444,1,0.795625,1,1,TP,yolov8l_bsz4.ms,226.75,175.75,402.50,0.500,Mid (Meeting),5.00,35.56,368.83,2341.00,11499.37,314.25,,0,68,44.00,-121,3987551,-482493.67,6,fused
555597,000000555597.jpg,640x517,1,0.795358,1,1,TP,yolov8l_bsz4.ms,231.75,149.00,380.75,0.500,Mid (Meeting),4.61,35.56,368.89,2339.00,11499.37,308.11,,0,68,44.00,-188,3985567,-749286.60,6,fused
155443,000000155443.jpg,640x423,1,0.795315,0,0,FP,yolov8l_bsz4.ms,231.75,149.00,380.75,0.500,Mid (Meeting),4.61,35.56,368.89,2339.00,11499.37,308.11,,0,68,44.00,-188,3985567,-749286.60,6,fused
377393,000000377393.jpg,640x480,1,0.795303,1,1,TP,yolov8l_bsz4.ms,231.75,149.00,380.75,0.500,Mid (Meeting),4.61,35.56,368.89,2339.00,11499.37,308.11,,0,68,44.00,-188,3985567,-749286.60,6,fused
85682,000000085682.jpg,640x427,1,0.793447,1,1,TP,yolov8l_bsz4.ms,231.75,149.00,380.75,0.500,Mid (Meeting),4.61,35.56,368.89,2339.00,11499.37,308.11,,0,68,44.00,-188,3985567,-749286.60,6,fused
481480,000000481480.jpg,640x444,1,0.793376,1,1,TP,yolov8l_bsz4.ms,228.00,183.00,411.00,0.500,Mid (Meeting),4.58,36.57,346.63,2356.00,11499.37,321.20,,0,68,44.00,-187,3985478,-745284.39,6,fused
81394,000000081394.jpg,640x480,1,0.793349,1,1,TP,yolov8l_bsz4.ms,228.00,183.00,411.00,0.500,Mid (Meeting),4.58,36.57,346.63,2356.00,11499.37,321.20,,0,68,44.00,-187,3985478,-745284.39,6,fused
28993,000000028993.jpg,612x612,1,0.792637,1,1,TP,yolov8l_bsz4.ms,228.00,183.00,411.00,0.500,Mid (Meeting),4.58,36.57,346.63,2356.00,11499.37,321.20,,0,68,44.00,-187,3985478,-745284.39,6,fused
258883,000000258883.jpg,426x640,1,0.792577,1,1,TP,yolov8l_bsz4.ms,228.00,183.00,411.00,0.500,Mid (Meeting),4.58,36.57,346.63,2356.00,11499.37,321.20,,0,68,44.00,-187,3985478,-745284.39,6,fused
133233,000000133233.jpg,640x361,1,0.792108,0,0,FP,yolov8l_bsz4.ms,226.75,152.50,379.25,0.500,Mid (Meeting),4.47,37.73,300.67,2403.00,11499.37,364.41,,0,68,44.00,-213,3984866,-848776.46,6,fused
185950,000000185950.jpg,337x500,1,0.791824,1,1,TP,yolov8l_bsz4.ms,226.75,152.50,379.25,0.500,Mid (Meeting),4.47,37.73,300.67,2403.00,11499.37,364.41,,0,68,44.00,-213,3984866,-848776.46,6,fused
98287,000000098287.jpg,415x640,1,0.791636,1,1,TP,yolov8l_bsz4.ms,226.75,152.50,379.25,0.500,Mid (Meeting),4.47,37.73,300.67,2403.00,11499.37,364.41,,0,68,44.00,-213,3984866,-848776.46,6,fused
10707,000000010707.jpg,640x480,1,0.791610,1,1,TP,yolov8l_bsz4.ms,226.75,152.50,379.25,0.500,Mid (Meeting),4.47,37.73,300.67,2403.00,11499.37,364.41,,0,68,44.00,-213,3984866,-848776.46,6,fused
349152,000000349152.jpg,480x640,1,0.791513,0,0,FP,yolov8l_bsz4.ms,226.50,181.00,407.50,0.500,Mid (Meeting),4.44,37.73,368.74,2333.00,11499.37,290.46,,0,68,44.00,-183,3985544,-729354.55,6,fused
66706,000000066706.jpg,612x612,1,0.791450,1,1,TP,yolov8l_bsz4.ms,226.50,181.00,407.50,0.500,Mid (Meeting),4.44,37.73,368.74,2333.00,11499.37,290.46,,0,68,44.00,-183,3985544,-729354.55,6,fused
393093,000000393093.jpg,640x424,1,0.791346,1,1,TP,yolov8l_bsz4.ms,226.50,181.00,407.50,0.500,Mid (Meeting),4.44,37.73,368.74,2333.00,11499.37,290.46,,0,68,44.00,-183,3985544,-729354.55,6,fused
157124,000000157124.jpg,640x424,1,0.791227,0,0,FP,yolov8l_bsz4.ms,226.50,181.00,407.50,0.500,Mid (Meeting),4.44,37.73,368.74,2333.00,11499.37,290.46,,0,68,44.00,-183,3985544,-729354.55,6,fused
256941,000000256941.jpg,332x500,1,0.790495,0,0,FP,yolov8l_bsz4.ms,232.00,163.00,395.00,0.500,Mid (Meeting),8.20,37.53,364.30,2335.00,11499.37,288.17,,0,68,44.00,-216,3984589,-860671.22,6,fused
100489,000000100489.jpg,479x640,1,0.790409,0,0,FP,yolov8l_bsz4.ms,232.00,163.00,395.00,0.500,Mid (Meeting),8.20,37.53,364.30,2335.00,11499.37,288.17,,0,68,44.00,-216,3984589,-860671.22,6,fused
442822,000000442822.jpg,640x427,1,0.790181,0,0,FP,yolov8l_bsz4.ms,232.00,163.00,395.00,0.500,Mid (Meeting),8.20,37.53,364.30,2335.00,11499.37,288.17,,0,68,44.00,-216,3984589,-860671.22,6,fused
433915,000000433915.jpg,640x480,1,0.790104,1,1,TP,yolov8l_bsz4.ms,232.00,163.00,395.00,0.500,Mid (Meeting),8.20,37.53,364.30,2335.00,11499.37,288.17,,0,68,44.00,-216,3984589,-860671.22,6,fused
425226,000000425226.jpg,480x640,1,0.790063,1,1,TP,yolov8l_bsz4.ms,227.50,191.50,419.00,0.500,Mid (Meeting),5.04,39.60,350.09,2348.00,11499.37,288.77,,0,68,44.00,-118,3987245,-470494.91,6,fused
158945,000000158945.jpg,478x640,1,0.788170,1,1,TP,yolov8l_bsz4.ms,227.50,191.50,419.00,0.500,Mid (Meeting),5.04,39.60,350.09,2348.00,11499.37,288.77,,0,68,44.00,-118,3987245,-470494.91,6,fused
175443,000000175443.jpg,480x640,1,0.788045,0,0,FP,yolov8l_bsz4.ms,227.50,191.50,419.00,0.500,Mid (Meeting),5.04,39.60,350.09,2348.00,11499.37,288.77,,0,68,44.00,-118,3987245,-470494.91,6,fused
396518,000000396518.jpg,500x375,1,0.787889,1,1,TP,yolov8l_bsz4.ms,227.50,191.50,419.00,0.500,Mid (Meeting),5.04,39.60,350.09,2348.00,11499.37,288.77,,0,68,44.00,-118,3987245,-470494.91,6,fused
48504,000000048504.jpg,640x427,1,0.787624,1,1,TP,yolov8l_bsz4.ms,229.00,173.25,402.25,0.500,Mid (Meeting),4.68,39.60,311.82,2385.00,11499.37,320.91,,0,68,44.00,-134,3986845,-534237.23,6,fused
543043,000000543043.jpg,640x480,1,0.787419,0,0,FP,yolov8l_bsz4.ms,229.00,173.25,402.25,0.500,Mid (Meeting),4.68,39.60,311.82,2385.00,11499.37,320.91,,0,68,44.00,-134,3986845,-534237.23,6,fused
176037,000000176037.jpg,640x431,1,0.787307,1,1,TP,yolov8l_bsz4.ms,229.00,173.25,402.25,0.500,Mid (Meeting),4.68,39.60,311.82,2385.00,11499.37,320.91,,0,68,44.00,-134,3986845,-534237.23,6,fused
175438,000000175438.jpg,640x468,1,0.787167,0,0,FP,yolov8l_bsz4.ms,229.00,173.25,402.25,0.500,Mid (Meeting),4.68,39.60,311.82,2385.00,11499.37,320.91,,0,68,44.00,-134,3986845,-534237.23,6,fused
201148,000000201148.jpg,640x359,1,0.786834,1,1,TP,yolov8l_bsz4.ms,232.25,162.00,394.25,0.500,Mid (Meeting),4.52,38.55,372.39,2331.00,11499.37,288.43,,0,68,44.00,-149,3986429,-593977.92,6,fused
85376,000000085376.jpg,480x640,1,0.786339,1,1,TP,yolov8l_bsz4.ms,232.25,162.00,394.25,0.500,Mid (Meeting),4.52,38.55,372.39,2331.00,11499.37,288.43,,0,68,44.00,-149,3986429,-593977.92,6,fused
377368,000000377368.jpg,640x481,1,0.786166,1,1,TP,yolov8l_bsz4.ms,232.25,162.00,394.25,0.500,Mid (Meeting),4.52,38.55,372.39,2331.00,11499.37,288.43,,0,68,44.00,-149,3986429,-593977.92,6,fused
17031,000000017031.jpg,500x334,1,0.785204,0,0,FP,yolov8l_bsz4.ms,232.25,162.00,394.25,0.500,Mid (Meeting),4.52,38.55,372.39,2331.00,11499.37,288.43,,0,68,44.00,-149,3986429,-593977.92,6,fused
455555,000000455555.jpg,640x550,1,0.783395,1,1,TP,yolov8l_bsz4.ms,228.00,168.50,396.50,0.500,Mid (Meeting),4.47,37.34,368.11,2338.00,11499.37,289.36,,0,68,44.00,-128,3986964,-510331.39,6,fused
469828,000000469828.jpg,640x480,1,0.783136,1,1,TP,yolov8l_bsz4.ms,228.00,168.50,396.50,0.500,Mid (Meeting),4.47,37.34,368.11,2338.00,11499.37,289.36,,0,68,44.00,-128,3986964,-510331.39,6,fused
220764,000000220764.jpg,640x427,1,0.782399,1,1,TP,yolov8l_bsz4.ms,228.00,168.50,396.50,0.500,Mid (Meeting),4.47,37.34,368.11,2338.00,11499.37,289.36,,0,68,44.00,-128,3986964,-510331.39,6,fused
67315,000000067315.jpg,640x427,1,0.782191,1,1,TP,yolov8l_bsz4.ms,228.00,168.50,396.50,0.500,Mid (Meeting),4.47,37.34,368.11,2338.00,11499.37,289.36,,0,68,44.00,-128,3986964,-510331.39,6,fused
242287,000000242287.jpg,426x640,1,0.782162,0,0,FP,yolov8l_bsz4.ms,228.25,156.75,385.00,0.500,Mid (Meeting),4.40,37.34,346.03,2359.00,11499.37,306.58,,0,68,44.00,-182,3985437,-725349.53,6,fused
512564,000000512564.jpg,640x424,1,0.782093,1,1,TP,yolov8l_bsz4.ms,228.25,156.75,385.00,0.500,Mid (Meeting),4.40,37.34,346.03,2359.00,11499.37,306.58,,0,68,44.00,-182,3985437,-725349.53,6,fused
292997,000000292997.jpg,640x480,1,0.782088,1,1,TP,yolov8l_bsz4.ms,228.25,156.75,385.00,0.500,Mid (Meeting),4.40,37.34,346.03,2359.00,11499.37,306.58,,0,68,44.00,-182,3985437,-725349.53,6,fused
377723,000000377723.jpg,640x427,1,0.781836,1,1,TP,yolov8l_bsz4.ms,228.25,156.75,385.00,0.500,Mid (Meeting),4.40,37.34,346.03,2359.00,11499.37,306.58,,0,68,44.00,-182,3985437,-725349.53,6,fused
226802,000000226802.jpg,640x360,1,0.780360,1,1,TP,yolov8l_bsz4.ms,226.00,174.00,400.00,0.500,Mid (Meeting),8.33,36.28,301.84,2402.00,11499.37,345.39,,0,68,44.00,-141,3986537,-562101.72,6,fused
570169,000000570169.jpg,423x640,1,0.779971,0,0,FP,yolov8l_bsz4.ms,226.00,174.00,400.00,0.500,Mid (Meeting),8.33,36.28,301.84,2402.00,11499.37,345.39,,0,68,44.00,-141,3986537,-562101.72,6,fused
410735,000000410735.jpg,640x512,1,0.779355,1,1,TP,yolov8l_bsz4.ms,226.00,174.00,400.00,0.500,Mid (Meeting),8.33,36.28,301.84,2402.00,11499.37,345.39,,0,68,44.00,-141,3986537,-562101.72,6,fused
161032,000000161032.jpg,640x480,1,0.778836,1,1,TP,yolov8l_bsz4.ms,226.00,174.00,400.00,0.500,Mid (Meeting),8.33,36.28,301.84,2402.00,11499.37,345.39,,0,68,44.00,-141,3986537,-562101.72,6,fused
489842,000000489842.jpg,640x566,1,0.777878,1,1,TP,yolov8l_bsz4.ms,228.00,182.75,410.75,0.500,Mid (Meeting),4.53,37.23,372.78,2331.00,11499.37,269.66,,0,68,44.00,-124,3986967,-494383.91,6,fused
42070,000000042070.jpg,640x512,1,0.777733,1,1,TP,yolov8l_bsz4.ms,228.00,182.75,410.75,0.500,Mid (Meeting),4.53,37.23,372.78,2331.00,11499.37,269.66,,0,68,44.00,-124,3986967,-494383.91,6,fused
476787,000000476787.jpg,640x480,1,0.777502,0,0,FP,yolov8l_bsz4.ms,228.00,182.75,410.75,0.500,Mid (Meeting),4.53,37.23,372.78,2331.00,11499.37,269.66,,0,68,44.00,-124,3986967,-494383.91,6,fused
265108,000000265108.jpg,427x640,1,0.777377,0,0,FP,yolov8l_bsz4.ms,228.00,182.75,410.75,0.500,Mid (Meeting),4.53,37.23,372.78,2331.00,11499.37,269.66,,0,68,44.00,-124,3986967,-494383.91,6,fused
72852,000000072852.jpg,424x640,1,0.776838,1,1,TP,yolov8l_bsz4.ms,227.25,172.50,399.75,0.500,Mid (Meeting),4.42,37.23,369.67,2332.00,11499.37,266.41,,0,68,44.00,-167,3985851,-665637.12,6,fused
315187,000000315187.jpg,640x448,1,0.776264,1,1,TP,yolov8l_bsz4.ms,227.25,172.50,399.75,0.500,Mid (Meeting),4.42,37.23,369.67,2332.00,11499.37,266.41,,0,68,44.00,-167,3985851,-665637.12,6,fused
255718,000000255718.jpg,480x640,1,0.775905,0,0,FP,yolov8l_bsz4.ms,227.25,172.50,399.75,0.500,Mid (Meeting),4.42,37.23,369.67,2332.00,11499.37,266.41,,0,68,44.00,-167,3985851,-665637.12,6,fused
85576,000000085576.jpg,500x400,1,0.775797,0,0,FP,yolov8l_bsz4.ms,227.25,172.50,399.75,0.500,Mid (Meeting),4.42,37.23,369.67,2332.00,11499.37,266.41,,0,68,44.00,-167,3985851,-665637.12,6,fused
415194,000000415194.jpg,640x480,1,0.774704,0,0,FP,yolov8l_bsz4.ms,228.75,180.25,409.00,0.500,Mid (Meeting),4.40,35.95,347.70,2354.00,11499.37,283.88,,0,68,44.00,-110,3987299,-438602.89,6,fused
579902,000000579902.jpg,556x640,1,0.774694,1,1,TP,yolov8l_bsz4.ms,228.75,180.25,409.00,0.500,Mid (Meeting),4.40,35.95,347.70,2354.00,11499.37,283.88,,0,68,44.00,-110,3987299,-438602.89,6,fused
23899,000000023899.jpg,640x425,1,0.774451,1,1,TP,yolov8l_bsz4.ms,228.75,180.25,409.00,0.500,Mid (Meeting),4.40,35.95,347.70,2354.00,11499.37,283.88,,0,68,44.00,-110,3987299,-438602.89,6,fused
293324,000000293324.jpg,640x406,1,0.774060,0,0,FP,yolov8l_bsz4.ms,228.75,180.25,409.00,0.500,Mid (Meeting),4.40,35.95,347.70,2354.00,11499.37,283.88,,0,68,44.00,-110,3987299,-438602.89,6,fused
1584,000000001584.jpg,612x612,1,0.773194,1,1,TP,yolov8l_bsz4.ms,227.25,190.75,418.00,0.500,Mid (Meeting),4.43,37.01,302.42,2397.00,11499.37,323.32,,0,68,44.00,-157,3985997,-625801.53,6,fused
214205,000000214205.jpg,640x439,1,0.772961,0,0,FP,yolov8l_bsz4.ms,227.25,190.75,418.00,0.500,Mid (Meeting),4.43,37.01,302.42,2397.00,11499.37,323.32,,0,68,44.00,-157,3985997,-625801.53,6,fused
455448,000000455448.jpg,478x640,1,0.772909,1,1,TP,yolov8l_bsz4.ms,227.25,190.75,418.00,0.500,Mid (Meeting),4.43,37.01,302.42,2397.00,11499.37,323.32,,0,68,44.00,-157,3985997,-625801.53,6,fused
44068,000000044068.jpg,480x640,1,0.772742,0,0,FP,yolov8l_bsz4.ms,227.25,190.75,418.00,0.500,Mid (Meeting),4.43,37.01,302.42,2397.00,11499.37,323.32,,0,68,44.00,-157,3985997,-625801.53,6,fused
219283,000000219283.jpg,500x500,1,0.771342,0,0,FP,yolov8l_bsz4.ms,228.75,209.75,438.50,0.500,Mid (Meeting),4.47,37.01,369.17,2327.00,11499.37,249.46,,0,68,44.00,-137,3986418,-546139.27,6,fused
524108,000000524108.jpg,640x400,1,0.770797,0,0,FP,yolov8l_bsz4.ms,228.75,209.75,438.50,0.500,Mid (Meeting),4.47,37.01,369.17,2327.00,11499.37,249.46,,0,68,44.00,-137,3986418,-546139.27,6,fused
149406,000000149406.jpg,640x638,1,0.770111,0,0,FP,yolov8l_bsz4.ms,228.75,209.75,438.50,0.500,Mid (Meeting),4.47,37.01,369.17,2327.00,11499.37,249.46,,0,68,44.00,-137,3986418,-546139.27,6,fused
575187,000000575187.jpg,500x375,1,0.768879,1,1,TP,yolov8l_bsz4.ms,228.75,209.75,438.50,0.500,Mid (Meeting),4.47,37.01,369.17,2327.00,11499.37,249.46,,0,68,44.00,-137,3986418,-546139.27,6,fused
218362,000000218362.jpg,640x426,1,0.768438,0,0,FP,yolov8l_bsz4.ms,231.00,154.50,385.50,0.500,Mid (Meeting),8.18,37.23,368.70,2326.00,11499.37,243.41,,0,68,44.00,-220,3984224,-876529.28,6,fused
361571,000000361571.jpg,640x425,1,0.768163,0,0,FP,yolov8l_bsz4.ms,231.00,154.50,385.50,0.500,Mid (Meeting),8.18,37.23,368.70,2326.00,11499.37,243.41,,0,68,44.00,-220,3984224,-876529.28,6,fused
514376,000000514376.jpg,640x480,1,0.768125,0,0,FP,yolov8l_bsz4.ms,231.00,154.50,385.50,0.500,Mid (Meeting),8.18,37.23,368.70,2326.00,11499.37,243.41,,0,68,44.00,-220,3984224,-876529.28,6,fused
220858,000000220858.jpg,500x367,1,0.767426,1,1,TP,yolov8l_bsz4.ms,231.00,154.50,385.50,0.500,Mid (Meeting),8.18,37.23,368.70,2326.00,11499.37,243.41,,0,68,44.00,-220,3984224,-876529.28,6,fused
474854,000000474854.jpg,424x640,1,0.766499,1,1,TP,yolov8l_bsz4.ms,229.50,155.00,384.50,0.500,Mid (Meeting),4.70,38.08,349.14,2345.00,11499.37,259.61,,0,68,44.00,-181,3985161,-721314.14,6,fused
2431,000000002431.jpg,457x640,1,0.766166,1,1,TP,yolov8l_bsz4.ms,229.50,155.00,384.50,0.500,Mid (Meeting),4.70,38.08,349.14,2345.00,11499.37,259.61,,0,68,44.00,-181,3985161,-721314.14,6,fused
182162,000000182162.jpg,640x425,1,0.766092,0,0,FP,yolov8l_bsz4.ms,229.50,155.00,384.50,0.500,Mid (Meeting),4.70,38.08,349.14,2345.00,11499.37,259.61,,0,68,44.00,-181,3985161,-721314.14,6,fused
410510,000000410510.jpg,640x445,1,0.765810,1,1,TP,yolov8l_bsz4.ms,229.50,155.00,384.50,0.500,Mid (Meeting),4.70,38.08,349.14,2345.00,11499.37,259.61,,0,68,44.00,-181,3985161,-721314.14,6,fused
17029,000000017029.jpg,640x640,1,0.765590,0,0,FP,yolov8l_bsz4.ms,225.50,183.75,409.25,0.500,Mid (Meeting),4.50,38.08,312.34,2381.00,11499.37,290.37,,0,68,44.00,-110,3987221,-438594.31,6,fused
554291,000000554291.jpg,640x428,1,0.765544,0,0,FP,yolov8l_bsz4.ms,225.50,183.75,409.25,0.500,Mid (Meeting),4.50,38.08,312.34,2381.00,11499.37,290.37,,0,68,44.00,-110,3987221,-438594.31,6,fused
420472,000000420472.jpg,640x373,1,0.763796,0,0,FP,yolov8l_bsz4.ms,225.50,183.75,409.25,0.500,Mid (Meeting),4.50,38.08,312.34,2381.00,11499.37,290.37,,0,68,44.00,-110,3987221,-438594.31,6,fused
153527,000000153527.jpg,500x375,1,0.763467,1,1,TP,yolov8l_bsz4.ms,225.50,183.75,409.25,0.500,Mid (Meeting),4.50,38.08,312.34,2381.00,11499.37,290.37,,0,68,44.00,-110,3987221,-438594.31,6,fused
562818,000000562818.jpg,640x480,1,0.763038,1,1,TP,yolov8l_bsz4.ms,226.00,169.50,395.50,0.500,Mid (Meeting),4.42,36.18,368.85,2323.00,11499.37,233.66,,0,67,44.00,-96,3987570,-382806.72,6,fused
548555,000000548555.jpg,640x426,1,0.762951,1,1,TP,yolov8l_bsz4.ms,226.00,169.50,395.50,0.500,Mid (Meeting),4.42,36.18,368.85,2323.00,11499.37,233.66,,0,67,44.00,-96,3987570,-382806.72,6,fused
192871,000000192871.jpg,640x427,1,0.761289,0,0,FP,yolov8l_bsz4.ms,226.00,169.50,395.50,0.500,Mid (Meeting),4.42,36.18,368.85,2323.00,11499.37,233.66,,0,67,44.00,-96,3987570,-382806.72,6,fused
204329,000000204329.jpg,425x640,1,0.761272,1,1,TP,yolov8l_bsz4.ms,226.00,169.50,395.50,0.500,Mid (Meeting),4.42,36.18,368.85,2323.00,11499.37,233.66,,0,67,44.00,-96,3987570,-382806.72,6,fused
369757,000000369757.jpg,640x480,1,0.760968,0,0,FP,yolov8l_bsz4.ms,227.00,150.50,377.50,0.500,Mid (Meeting),4.33,34.56,368.57,2330.00,11499.37,254.96,,0,67,44.00,-170,3985415,-677520.55,6,fused
355240,000000355240.jpg,640x360,1,0.760089,0,0,FP,yolov8l_bsz4.ms,227.00,150.50,377.50,0.500,Mid (Meeting),4.33,34.56,368.57,2330.00,11499.37,254.96,,0,67,44.00,-170,3985415,-677520.55,6,fused
580418,000000580418.jpg,640x428,1,0.759111,1,1,TP,yolov8l_bsz4.ms,227.00,150.50,377.50,0.500,Mid (Meeting),4.33,34.56,368.57,2330.00,11499.37,254.96,,0,67,44.00,-170,3985415,-677520.55,6,fused
279730,000000279730.jpg,500x333,1,0.759094,1,1,TP,yolov8l_bsz4.ms,227.00,150.50,377.50,0.500,Mid (Meeting),4.33,34.56,368.57,2330.00,11499.37,254.96,,0,67,44.00,-170,3985415,-677520.55,6,fused
101884,000000101884.jpg,640x426,1,0.758831,0,0,FP,yolov8l_bsz4.ms,227.25,170.50,397.75,0.500,Mid (Meeting),4.37,34.56,348.01,2351.00,11499.37,271.45,,0,67,44.00,-126,3986631,-502315.51,6,fused
262631,000000262631.jpg,480x640,1,0.758630,1,1,TP,yolov8l_bsz4.ms,227.25,170.50,397.75,0.500,Mid (Meeting),4.37,34.56,348.01,2351.00,11499.37,271.45,,0,67,44.00,-126,3986631,-502315.51,6,fused
181816,000000181816.jpg,640x480,1,0.758526,1,1,TP,yolov8l_bsz4.ms,227.25,170.50,397.75,0.500,Mid (Meeting),4.37,34.56,348.01,2351.00,11499.37,271.45,,0,67,44.00,-126,3986631,-502315.51,6,fused
106757,000000106757.jpg,426x640,1,0.757957,1,1,TP,yolov8l_bsz4.ms,227.25,170.50,397.75,0.500,Mid (Meeting),4.37,34.56,348.01,2351.00,11499.37,271.45,,0,67,44.00,-126,3986631,-502315.51,6,fused
535608,000000535608.jpg,500x376,1,0.757496,1,1,TP,yolov8l_bsz4.ms,226.50,180.75,407.25,0.500,Mid (Meeting),4.39,33.00,311.85,2387.00,11499.37,302.84,,0,67,44.00,-112,3987019,-446546.13,6,fused
108503,000000108503.jpg,640x427,1,0.756737,1,1,TP,yolov8l_bsz4.ms,226.50,180.75,407.25,0.500,Mid (Meeting),4.39,33.00,311.85,2387.00,11499.37,302.84,,0,67,44.00,-112,3987019,-446546.13,6,fused
379476,000000379476.jpg,485x640,1,0.756217,0,0,FP,yolov8l_bsz4.ms,226.50,180.75,407.25,0.500,Mid (Meeting),4.39,33.00,311.85,2387.00,11499.37,302.84,,0,67,44.00,-112,3987019,-446546.13,6,fused
293794,000000293794.jpg,428x640,1,0.756137,1,1,TP,yolov8l_bsz4.ms,226.50,180.75,407.25,0.500,Mid (Meeting),4.39,33.00,311.85,2387.00,11499.37,302.84,,0,67,44.00,-112,3987019,-446546.13,6,fused
89697,000000089697.jpg,640x429,1,0.755845,1,1,TP,yolov8l_bsz4.ms,229.50,159.50,389.00,0.500,Mid (Meeting),3.91,30.15,372.06,2325.00,11499.37,237.62,,0,67,44.00,-165,3985559,-657617.23,6,fused
125472,000000125472.jpg,427x640,1,0.755171,1,1,TP,yolov8l_bsz4.ms,229.50,159.50,389.00,0.500,Mid (Meeting),3.91,30.15,372.06,2325.00,11499.37,237.62,,0,67,44.00,-165,3985559,-657617.23,6,fused
279927,000000279927.jpg,640x442,1,0.754838,1,1,TP,yolov8l_bsz4.ms,229.50,159.50,389.00,0.500,Mid (Meeting),3.91,30.15,372.06,2325.00,11499.37,237.62,,0,67,44.00,-165,3985559,-657617.23,6,fused
33638,000000033638.jpg,425x640,1,0.754675,1,1,TP,yolov8l_bsz4.ms,229.50,159.50,389.00,0.500,Mid (Meeting),3.91,30.15,372.06,2325.00,11499.37,237.62,,0,67,44.00,-165,3985559,-657617.23,6,fused
254016,000000254016.jpg,480x640,1,0.754506,1,1,TP,yolov8l_bsz4.ms,231.25,173.50,404.75,0.500,Mid (Meeting),4.15,30.15,369.05,2327.00,11499.37,235.26,,0,67,44.00,-148,3985965,-589922.82,6,fused
192904,000000192904.jpg,640x436,1,0.753788,0,0,FP,yolov8l_bsz4.ms,231.25,173.50,404.75,0.500,Mid (Meeting),4.15,30.15,369.05,2327.00,11499.37,235.26,,0,67,44.00,-148,3985965,-589922.82,6,fused
343934,000000343934.jpg,640x480,1,0.753715,0,0,FP,yolov8l_bsz4.ms,231.25,173.50,404.75,0.500,Mid (Meeting),4.15,30.15,369.05,2327.00,11499.37,235.26,,0,67,44.00,-148,3985965,-589922.82,6,fused
455597,000000455597.jpg,640x446,1,0.753356,1,1,TP,yolov8l_bsz4.ms,231.25,173.50,404.75,0.500,Mid (Meeting),4.15,30.15,369.05,2327.00,11499.37,235.26,,0,67,44.00,-148,3985965,-589922.82,6,fused
215778,000000215778.jpg,640x427,1,0.752651,0,0,FP,yolov8l_bsz4.ms,227.50,162.50,390.00,0.500,Mid (Meeting),4.13,29.77,351.15,2345.00,11499.37,248.98,,0,67,44.00,-173,3985263,-689450.50,6,fused
531495,000000531495.jpg,640x438,1,0.752479,0,0,FP,yolov8l_bsz4.ms,227.50,162.50,390.00,0.500,Mid (Meeting),4.13,29.77,351.15,2345.00,11499.37,248.98,,0,67,44.00,-173,3985263,-689450.50,6,fused
136334,000000136334.jpg,640x480,1,0.752109,1,1,TP,yolov8l_bsz4.ms,227.50,162.50,390.00,0.500,Mid (Meeting),4.13,29.77,351.15,2345.00,11499.37,248.98,,0,67,44.00,-173,3985263,-689450.50,6,fused
135902,000000135902.jpg,640x425,1,0.751995,1,1,TP,yolov8l_bsz4.ms,227.50,162.50,390.00,0.500,Mid (Meeting),4.13,29.77,351.15,2345.00,11499.37,248.98,,0,67,44.00,-173,3985263,-689450.50,6,fused
82846,000000082846.jpg,640x454,1,0.751953,0,0,FP,yolov8l_bsz4.ms,228.25,167.25,395.50,0.500,Mid (Meeting),4.20,30.73,307.38,2387.00,11499.37,286.88,,0,67,44.00,-420,3978012,-1670765.04,6,fused
40083,000000040083.jpg,500x333,1,0.751927,1,1,TP,yolov8l_bsz4.ms,228.25,167.25,395.50,0.500,Mid (Meeting),4.20,30.73,307.38,2387.00,11499.37,286.88,,0,67,44.00,-420,3978012,-1670765.04,6,fused
330396,000000330396.jpg,500x375,1,0.751810,1,1,TP,yolov8l_bsz4.ms,228.25,167.25,395.50,0.500,Mid (Meeting),4.20,30.73,307.38,2387.00,11499.37,286.88,,0,67,44.00,-420,3978012,-1670765.04,6,fused
166768,000000166768.jpg,426x640,1,0.751805,1,1,TP,yolov8l_bsz4.ms,228.25,167.25,395.50,0.500,Mid (Meeting),4.20,30.73,307.38,2387.00,11499.37,286.88,,0,67,44.00,-420,3978012,-1670765.04,6,fused
329319,000000329319.jpg,428x640,1,0.751784,0,0,FP,yolov8l_bsz4.ms,228.50,165.75,394.25,0.500,Mid (Meeting),4.17,30.73,368.25,2324.00,11499.37,220.71,,0,67,44.00,-266,3981937,-1059195.24,6,fused
419601,000000419601.jpg,500x329,1,0.751556,0,0,FP,yolov8l_bsz4.ms,228.50,165.75,394.25,0.500,Mid (Meeting),4.17,30.73,368.25,2324.00,11499.37,220.71,,0,67,44.00,-266,3981937,-1059195.24,6,fused
460841,000000460841.jpg,500x375,1,0.750750,1,1,TP,yolov8l_bsz4.ms,228.50,165.75,394.25,0.500,Mid (Meeting),4.17,30.73,368.25,2324.00,11499.37,220.71,,0,67,44.00,-266,3981937,-1059195.24,6,fused
431848,000000431848.jpg,378x640,1,0.750433,1,1,TP,yolov8l_bsz4.ms,228.50,165.75,394.25,0.500,Mid (Meeting),4.17,30.73,368.25,2324.00,11499.37,220.71,,0,67,44.00,-266,3981937,-1059195.24,6,fused
107339,000000107339.jpg,240x180,1,0.749358,1,1,TP,yolov8l_bsz4.ms,227.50,166.25,393.75,0.500,Mid (Meeting),4.18,31.54,366.60,2323.00,11499.37,215.21,,0,67,44.00,-214,3983475,-852463.65,6,fused
520910,000000520910.jpg,427x640,1,0.749282,1,1,TP,yolov8l_bsz4.ms,227.50,166.25,393.75,0.500,Mid (Meeting),4.18,31.54,366.60,2323.00,11499.37,215.21,,0,67,44.00,-214,3983475,-852463.65,6,fused
196754,000000196754.jpg,375x500,1,0.749270,0,0,FP,yolov8l_bsz4.ms,227.50,166.25,393.75,0.500,Mid (Meeting),4.18,31.54,366.60,2323.00,11499.37,215.21,,0,67,44.00,-214,3983475,-852463.65,6,fused
85823,000000085823.jpg,640x427,1,0.748919,0,0,FP,yolov8l_bsz4.ms,227.50,166.25,393.75,0.500,Mid (Meeting),4.18,31.54,366.60,2323.00,11499.37,215.21,,0,67,44.00,-214,3983475,-852463.65,6,fused
490125,000000490125.jpg,500x335,1,0.748896,0,0,FP,yolov8l_bsz4.ms,228.25,165.25,393.50,0.500,Mid (Meeting),5.03,35.31,346.71,2341.00,11499.37,228.84,,0,67,44.00,-197,3984035,-784854.90,6,fused
185292,000000185292.jpg,421x640,1,0.748790,1,1,TP,yolov8l_bsz4.ms,228.25,165.25,393.50,0.500,Mid (Meeting),5.03,35.31,346.71,2341.00,11499.37,228.84,,0,67,44.00,-197,3984035,-784854.90,6,fused
412531,000000412531.jpg,640x480,1,0.748772,0,0,FP,yolov8l_bsz4.ms,228.25,165.25,393.50,0.500,Mid (Meeting),5.03,35.31,346.71,2341.00,11499.37,228.84,,0,67,44.00,-197,3984035,-784854.90,6,fused
294855,000000294855.jpg,500x375,1,0.747829,0,0,FP,yolov8l_bsz4.ms,228.25,165.25,393.50,0.500,Mid (Meeting),5.03,35.31,346.71,2341.00,11499.37,228.84,,0,67,44.00,-197,3984035,-784854.90,6,fused
35197,000000035197.jpg,429x640,1,0.747759,1,1,TP,yolov8l_bsz4.ms,231.50,169.25,400.75,0.500,Mid (Meeting),4.65,35.31,312.59,2375.00,11499.37,259.05,,0,67,44.00,-192,3984031,-764933.95,6,fused
206027,000000206027.jpg,640x480,1,0.747723,0,0,FP,yolov8l_bsz4.ms,231.50,169.25,400.75,0.500,Mid (Meeting),4.65,35.31,312.59,2375.00,11499.37,259.05,,0,67,44.00,-192,3984031,-764933.95,6,fused
268375,000000268375.jpg,640x424,1,0.747619,0,0,FP,yolov8l_bsz4.ms,231.50,169.25,400.75,0.500,Mid (Meeting),4.65,35.31,312.59,2375.00,11499.37,259.05,,0,67,44.00,-192,3984031,-764933.95,6,fused
549220,000000549220.jpg,480x640,1,0.747364,1,1,TP,yolov8l_bsz4.ms,231.50,169.25,400.75,0.500,Mid (Meeting),4.65,35.31,312.59,2375.00,11499.37,259.05,,0,67,44.00,-192,3984031,-764933.95,6,fused
344909,000000344909.jpg,480x640,1,0.747244,0,0,FP,yolov8l_bsz4.ms,229.75,156.25,386.00,0.500,Mid (Meeting),4.46,36.78,373.24,2279.00,11499.37,172.89,,0,67,45.00,-387,3978371,-1539629.58,6,fused
151051,000000151051.jpg,640x478,1,0.746130,1,1,TP,yolov8l_bsz4.ms,229.75,156.25,386.00,0.500,Mid (Meeting),4.46,36.78,373.24,2279.00,11499.37,172.89,,0,67,45.00,-387,3978371,-1539629.58,6,fused
223959,000000223959.jpg,480x640,1,0.746116,1,1,TP,yolov8l_bsz4.ms,229.75,156.25,386.00,0.500,Mid (Meeting),4.46,36.78,373.24,2279.00,11499.37,172.89,,0,67,45.00,-387,3978371,-1539629.58,6,fused
500270,000000500270.jpg,640x425,1,0.745878,1,1,TP,yolov8l_bsz4.ms,229.75,156.25,386.00,0.500,Mid (Meeting),4.46,36.78,373.24,2279.00,11499.37,172.89,,0,67,45.00,-387,3978371,-1539629.58,6,fused
240049,000000240049.jpg,426x640,1,0.745367,1,1,TP,yolov8l_bsz4.ms,226.00,190.00,416.00,0.500,Mid (Meeting),4.43,37.94,368.46,2296.00,11499.37,465.62,,0,67,45.00,-135,3985521,-538045.33,6,fused
289594,000000289594.jpg,519x640,1,0.745355,1,1,TP,yolov8l_bsz4.ms,226.00,190.00,416.00,0.500,Mid (Meeting),4.43,37.94,368.46,2296.00,11499.37,465.62,,0,67,45.00,-135,3985521,-538045.33,6,fused
243034,000000243034.jpg,427x640,1,0.744818,1,1,TP,yolov8l_bsz4.ms,226.00,190.00,416.00,0.500,Mid (Meeting),4.43,37.94,368.46,2296.00,11499.37,465.62,,0,67,45.00,-135,3985521,-538045.33,6,fused
272136,000000272136.jpg,640x428,1,0.744680,1,1,TP,yolov8l_bsz4.ms,226.00,190.00,416.00,0.500,Mid (Meeting),4.43,37.94,368.46,2296.00,11499.37,465.62,,0,67,45.00,-135,3985521,-538045.33,6,fused
511453,000000511453.jpg,612x612,1,0.744501,0,0,FP,yolov8l_bsz4.ms,229.00,188.25,417.25,0.500,Mid (Meeting),4.48,37.94,366.34,2300.00,11499.37,465.02,,0,67,45.00,-192,3983965,-764921.28,6,fused
480122,000000480122.jpg,640x640,1,0.744460,0,0,FP,yolov8l_bsz4.ms,229.00,188.25,417.25,0.500,Mid (Meeting),4.48,37.94,366.34,2300.00,11499.37,465.02,,0,67,45.00,-192,3983965,-764921.28,6,fused
219271,000000219271.jpg,350x500,1,0.744354,1,1,TP,yolov8l_bsz4.ms,229.00,188.25,417.25,0.500,Mid (Meeting),4.48,37.94,366.34,2300.00,11499.37,465.02,,0,67,45.00,-192,3983965,-764921.28,6,fused
491213,000000491213.jpg,640x480,1,0.743445,1,1,TP,yolov8l_bsz4.ms,229.00,188.25,417.25,0.500,Mid (Meeting),4.48,37.94,366.34,2300.00,11499.37,465.02,,0,67,45.00,-192,3983965,-764921.28,6,fused
402473,000000402473.jpg,640x480,1,0.743359,0,0,FP,yolov8l_bsz4.ms,228.00,185.50,413.50,0.500,Mid (Meeting),4.47,35.32,297.56,2370.00,11499.37,528.13,,0,67,45.00,-119,3986109,-474346.97,6,fused
542423,000000542423.jpg,640x425,1,0.743314,1,1,TP,yolov8l_bsz4.ms,228.00,185.50,413.50,0.500,Mid (Meeting),4.47,35.32,297.56,2370.00,11499.37,528.13,,0,67,45.00,-119,3986109,-474346.97,6,fused
273551,000000273551.jpg,640x457,1,0.742822,0,0,FP,yolov8l_bsz4.ms,228.00,185.50,413.50,0.500,Mid (Meeting),4.47,35.32,297.56,2370.00,11499.37,528.13,,0,67,45.00,-119,3986109,-474346.97,6,fused
559547,000000559547.jpg,640x491,1,0.742678,1,1,TP,yolov8l_bsz4.ms,228.00,185.50,413.50,0.500,Mid (Meeting),4.47,35.32,297.56,2370.00,11499.37,528.13,,0,67,45.00,-119,3986109,-474346.97,6,fused
238866,000000238866.jpg,640x439,1,0.742147,0,0,FP,yolov8l_bsz4.ms,228.00,152.50,380.50,0.500,Mid (Meeting),5.25,31.34,370.94,2301.00,11499.37,449.97,,0,67,45.00,-201,3983705,-800724.70,6,fused
254368,000000254368.jpg,392x640,1,0.742090,1,1,TP,yolov8l_bsz4.ms,228.00,152.50,380.50,0.500,Mid (Meeting),5.25,31.34,370.94,2301.00,11499.37,449.97,,0,67,45.00,-201,3983705,-800724.70,6,fused
427055,000000427055.jpg,640x480,1,0.740646,0,0,FP,yolov8l_bsz4.ms,228.00,152.50,380.50,0.500,Mid (Meeting),5.25,31.34,370.94,2301.00,11499.37,449.97,,0,67,45.00,-201,3983705,-800724.70,6,fused
429281,000000429281.jpg,480x640,1,0.740271,0,0,FP,yolov8l_bsz4.ms,228.00,152.50,380.50,0.500,Mid (Meeting),5.25,31.34,370.94,2301.00,11499.37,449.97,,0,67,45.00,-201,3983705,-800724.70,6,fused
398810,000000398810.jpg,500x500,1,0.740176,0,0,FP,yolov8l_bsz4.ms,234.00,177.00,411.00,0.500,Mid (Meeting),4.72,31.34,370.75,2303.00,11499.37,446.34,,0,67,45.00,-175,3984467,-697281.72,6,fused
117645,000000117645.jpg,640x480,1,0.738905,1,1,TP,yolov8l_bsz4.ms,234.00,177.00,411.00,0.500,Mid (Meeting),4.72,31.34,370.75,2303.00,11499.37,446.34,,0,67,45.00,-175,3984467,-697281.72,6,fused
146825,000000146825.jpg,640x309,1,0.737335,1,1,TP,yolov8l_bsz4.ms,234.00,177.00,411.00,0.500,Mid (Meeting),4.72,31.34,370.75,2303.00,11499.37,446.34,,0,67,45.00,-175,3984467,-697281.72,6,fused
552775,000000552775.jpg,375x500,1,0.737312,1,1,TP,yolov8l_bsz4.ms,234.00,177.00,411.00,0.500,Mid (Meeting),4.72,31.34,370.75,2303.00,11499.37,446.34,,0,67,45.00,-175,3984467,-697281.72,6,fused
17436,000000017436.jpg,481x640,1,0.736799,1,1,TP,yolov8l_bsz4.ms,229.00,171.25,400.25,0.500,Mid (Meeting),4.61,32.10,347.71,2295.00,11499.37,386.30,,0,67,45.00,-508,3975090,-2019345.72,6,fused
124636,000000124636.jpg,640x480,1,0.736615,0,0,FP,yolov8l_bsz4.ms,229.00,171.25,400.25,0.500,Mid (Meeting),4.61,32.10,347.71,2295.00,11499.37,386.30,,0,67,45.00,-508,3975090,-2019345.72,6,fused
161879,000000161879.jpg,640x569,1,0.736400,1,1,TP,yolov8l_bsz4.ms,229.00,171.25,400.25,0.500,Mid (Meeting),4.61,32.10,347.71,2295.00,11499.37,386.30,,0,67,45.00,-508,3975090,-2019345.72,6,fused
563604,000000563604.jpg,640x479,1,0.735895,1,1,TP,yolov8l_bsz4.ms,229.00,171.25,400.25,0.500,Mid (Meeting),4.61,32.10,347.71,2295.00,11499.37,386.30,,0,67,45.00,-508,3975090,-2019345.72,6,fused
144706,000000144706.jpg,640x480,1,0.735521,0,0,FP,yolov8l_bsz4.ms,228.75,188.00,416.75,0.500,Mid (Meeting),4.58,38.81,312.37,2262.00,11499.37,321.51,,0,67,45.00,-204,3983051,-812542.40,6,fused
339442,000000339442.jpg,523x640,1,0.735476,0,0,FP,yolov8l_bsz4.ms,228.75,188.00,416.75,0.500,Mid (Meeting),4.58,38.81,312.37,2262.00,11499.37,321.51,,0,67,45.00,-204,3983051,-812542.40,6,fused
365208,000000365208.jpg,603x640,1,0.735017,1,1,TP,yolov8l_bsz4.ms,228.75,188.00,416.75,0.500,Mid (Meeting),4.58,38.81,312.37,2262.00,11499.37,321.51,,0,67,45.00,-204,3983051,-812542.40,6,fused
557916,000000557916.jpg,640x426,1,0.734199,1,1,TP,yolov8l_bsz4.ms,228.75,188.00,416.75,0.500,Mid (Meeting),4.58,38.81,312.37,2262.00,11499.37,321.51,,0,67,45.00,-204,3983051,-812542.40,6,fused
163951,000000163951.jpg,427x640,1,0.733187,0,0,FP,yolov8l_bsz4.ms,227.00,141.00,368.00,0.500,Mid (Meeting),4.40,38.81,369.80,2193.00,11499.37,247.78,,0,67,45.00,-226,3982472,-900038.67,6,fused
94614,000000094614.jpg,640x427,1,0.732866,1,1,TP,yolov8l_bsz4.ms,227.00,141.00,368.00,0.500,Mid (Meeting),4.40,38.81,369.80,2193.00,11499.37,247.78,,0,67,45.00,-226,3982472,-900038.67,6,fused
161875,000000161875.jpg,640x422,1,0.730922,1,1,TP,yolov8l_bsz4.ms,227.00,141.00,368.00,0.500,Mid (Meeting),4.40,38.81,369.80,2193.00,11499.37,247.78,,0,67,45.00,-226,3982472,-900038.67,6,fused
306437,000000306437.jpg,426x640,1,0.730418,1,1,TP,yolov8l_bsz4.ms,227.00,141.00,368.00,0.500,Mid (Meeting),4.40,38.81,369.80,2193.00,11499.37,247.78,,0,67,45.00,-226,3982472,-900038.67,6,fused
148730,000000148730.jpg,640x427,1,0.730170,0,0,FP,yolov8l_bsz4.ms,229.00,149.25,378.25,0.500,Mid (Meeting),4.37,38.00,365.47,2197.00,11499.37,246.94,,0,67,45.00,-204,3983200,-812572.80,6,fused
236721,000000236721.jpg,640x480,1,0.730151,0,0,FP,yolov8l_bsz4.ms,229.00,149.25,378.25,0.500,Mid (Meeting),4.37,38.00,365.47,2197.00,11499.37,246.94,,0,67,45.00,-204,3983200,-812572.80,6,fused
413404,000000413404.jpg,640x427,1,0.728976,1,1,TP,yolov8l_bsz4.ms,229.00,149.25,378.25,0.500,Mid (Meeting),4.37,38.00,365.47,2197.00,11499.37,246.94,,0,67,45.00,-204,3983200,-812572.80,6,fused
322968,000000322968.jpg,480x640,1,0.728847,0,0,FP,yolov8l_bsz4.ms,229.00,149.25,378.25,0.500,Mid (Meeting),4.37,38.00,365.47,2197.00,11499.37,246.94,,0,67,45.00,-204,3983200,-812572.80,6,fused
295420,000000295420.jpg,640x480,1,0.728726,1,1,TP,yolov8l_bsz4.ms,223.00,152.25,375.25,0.500,Mid (Meeting),7.58,37.15,346.40,2215.00,11499.37,261.51,,0,67,45.00,-210,3982939,-836417.19,6,fused
80153,000000080153.jpg,428x640,1,0.728418,1,1,TP,yolov8l_bsz4.ms,223.00,152.25,375.25,0.500,Mid (Meeting),7.58,37.15,346.40,2215.00,11499.37,261.51,,0,67,45.00,-210,3982939,-836417.19,6,fused
410612,000000410612.jpg,500x334,1,0.727430,0,0,FP,yolov8l_bsz4.ms,223.00,152.25,375.25,0.500,Mid (Meeting),7.58,37.15,346.40,2215.00,11499.37,261.51,,0,67,45.00,-210,3982939,-836417.19,6,fused
306582,000000306582.jpg,640x480,1,0.727166,0,0,FP,yolov8l_bsz4.ms,223.00,152.25,375.25,0.500,Mid (Meeting),7.58,37.15,346.40,2215.00,11499.37,261.51,,0,67,45.00,-210,3982939,-836417.19,6,fused
186345,000000186345.jpg,640x431,1,0.727108,0,0,FP,yolov8l_bsz4.ms,228.75,151.25,380.00,0.500,Mid (Meeting),5.24,37.15,310.34,2253.00,11499.37,295.62,,0,67,45.00,-225,3982639,-896093.78,6,fused
294831,000000294831.jpg,640x361,1,0.726668,1,1,TP,yolov8l_bsz4.ms,228.75,151.25,380.00,0.500,Mid (Meeting),5.24,37.15,310.34,2253.00,11499.37,295.62,,0,67,45.00,-225,3982639,-896093.78,6,fused
39769,000000039769.jpg,640x480,1,0.726531,0,0,FP,yolov8l_bsz4.ms,228.75,151.25,380.00,0.500,Mid (Meeting),5.24,37.15,310.34,2253.00,11499.37,295.62,,0,67,45.00,-225,3982639,-896093.78,6,fused
154718,000000154718.jpg,375x500,1,0.725991,1,1,TP,yolov8l_bsz4.ms,228.75,151.25,380.00,0.500,Mid (Meeting),5.24,37.15,310.34,2253.00,11499.37,295.62,,0,67,45.00,-225,3982639,-896093.78,6,fused
286507,000000286507.jpg,640x434,1,0.725825,0,0,FP,yolov8l_bsz4.ms,228.50,153.25,381.75,0.500,Mid (Meeting),4.66,34.92,371.88,2191.00,11499.37,229.54,,0,67,45.00,-308,3979811,-1225781.79,6,fused
248284,000000248284.jpg,427x640,1,0.725219,1,1,TP,yolov8l_bsz4.ms,228.50,153.25,381.75,0.500,Mid (Meeting),4.66,34.92,371.88,2191.00,11499.37,229.54,,0,67,45.00,-308,3979811,-1225781.79,6,fused
166521,000000166521.jpg,640x426,1,0.724911,0,0,FP,yolov8l_bsz4.ms,228.50,153.25,381.75,0.500,Mid (Meeting),4.66,34.92,371.88,2191.00,11499.37,229.54,,0,67,45.00,-308,3979811,-1225781.79,6,fused
546964,000000546964.jpg,640x478,1,0.724897,1,1,TP,yolov8l_bsz4.ms,228.50,153.25,381.75,0.500,Mid (Meeting),4.66,34.92,371.88,2191.00,11499.37,229.54,,0,67,45.00,-308,3979811,-1225781.79,6,fused
463522,000000463522.jpg,640x480,1,0.724656,1,1,TP,yolov8l_bsz4.ms,228.00,175.25,403.25,0.500,Mid (Meeting),4.62,35.61,364.81,2269.00,11499.37,303.80,,0,67,45.00,-293,3980191,-1166195.96,6,fused
37751,000000037751.jpg,640x480,1,0.724581,1,1,TP,yolov8l_bsz4.ms,228.00,175.25,403.25,0.500,Mid (Meeting),4.62,35.61,364.81,2269.00,11499.37,303.80,,0,67,45.00,-293,3980191,-1166195.96,6,fused
474167,000000474167.jpg,427x640,1,0.724520,1,1,TP,yolov8l_bsz4.ms,228.00,175.25,403.25,0.500,Mid (Meeting),4.62,35.61,364.81,2269.00,11499.37,303.80,,0,67,45.00,-293,3980191,-1166195.96,6,fused
417911,000000417911.jpg,640x429,1,0.724485,1,1,TP,yolov8l_bsz4.ms,228.00,175.25,403.25,0.500,Mid (Meeting),4.62,35.61,364.81,2269.00,11499.37,303.80,,0,67,45.00,-293,3980191,-1166195.96,6,fused
456496,000000456496.jpg,640x426,1,0.724195,1,1,TP,yolov8l_bsz4.ms,230.00,172.25,402.25,0.500,Mid (Meeting),4.51,35.61,347.82,2333.00,11499.37,399.23,,0,67,45.00,-344,3978426,-1368578.54,6,fused
150224,000000150224.jpg,640x427,1,0.723886,1,1,TP,yolov8l_bsz4.ms,230.00,172.25,402.25,0.500,Mid (Meeting),4.51,35.61,347.82,2333.00,11499.37,399.23,,0,67,45.00,-344,3978426,-1368578.54,6,fused
312263,000000312263.jpg,527x640,1,0.723884,0,0,FP,yolov8l_bsz4.ms,230.00,172.25,402.25,0.500,Mid (Meeting),4.51,35.61,347.82,2333.00,11499.37,399.23,,0,67,45.00,-344,3978426,-1368578.54,6,fused
250901,000000250901.jpg,640x426,1,0.723465,1,1,TP,yolov8l_bsz4.ms,230.00,172.25,402.25,0.500,Mid (Meeting),4.51,35.61,347.82,2333.00,11499.37,399.23,,0,67,45.00,-344,3978426,-1368578.54,6,fused
102707,000000102707.jpg,612x612,1,0.723463,0,0,FP,yolov8l_bsz4.ms,230.25,197.75,428.00,0.500,Mid (Meeting),4.56,34.87,306.67,2380.00,11499.37,436.50,,0,67,45.00,-254,3980960,-1011163.84,6,fused
534601,000000534601.jpg,500x332,1,0.723413,0,0,FP,yolov8l_bsz4.ms,230.25,197.75,428.00,0.500,Mid (Meeting),4.56,34.87,306.67,2380.00,11499.37,436.50,,0,67,45.00,-254,3980960,-1011163.84,6,fused
253819,000000253819.jpg,640x427,1,0.723194,1,1,TP,yolov8l_bsz4.ms,230.25,197.75,428.00,0.500,Mid (Meeting),4.56,34.87,306.67,2380.00,11499.37,436.50,,0,67,45.00,-254,3980960,-1011163.84,6,fused
544811,000000544811.jpg,640x429,1,0.722992,0,0,FP,yolov8l_bsz4.ms,230.25,197.75,428.00,0.500,Mid (Meeting),4.56,34.87,306.67,2380.00,11499.37,436.50,,0,67,45.00,-254,3980960,-1011163.84,6,fused
104803,000000104803.jpg,375x500,1,0.722035,0,0,FP,yolov8l_bsz4.ms,227.75,169.75,397.50,0.500,Mid (Meeting),8.88,33.19,368.22,2320.00,11499.37,369.95,,0,67,45.00,-334,3978596,-1328851.06,6,fused
236592,000000236592.jpg,640x480,1,0.721770,0,0,FP,yolov8l_bsz4.ms,227.75,169.75,397.50,0.500,Mid (Meeting),8.88,33.19,368.22,2320.00,11499.37,369.95,,0,67,45.00,-334,3978596,-1328851.06,6,fused
293804,000000293804.jpg,500x333,1,0.720309,0,0,FP,yolov8l_bsz4.ms,227.75,169.75,397.50,0.500,Mid (Meeting),8.88,33.19,368.22,2320.00,11499.37,369.95,,0,67,45.00,-334,3978596,-1328851.06,6,fused
523807,000000523807.jpg,500x375,1,0.719730,1,1,TP,yolov8l_bsz4.ms,227.75,169.75,397.50,0.500,Mid (Meeting),8.88,33.19,368.22,2320.00,11499.37,369.95,,0,67,45.00,-334,3978596,-1328851.06,6,fused
516143,000000516143.jpg,640x480,1,0.718421,1,1,TP,yolov8l_bsz4.ms,230.25,193.25,423.50,0.500,Mid (Meeting),5.51,33.19,366.78,2323.00,11499.37,366.22,,0,67,45.00,-165,3983083,-657208.69,6,fused
329542,000000329542.jpg,612x612,1,0.717325,1,1,TP,yolov8l_bsz4.ms,230.25,193.25,423.50,0.500,Mid (Meeting),5.51,33.19,366.78,2323.00,11499.37,366.22,,0,67,45.00,-165,3983083,-657208.69,6,fused
196843,000000196843.jpg,640x480,1,0.717189,0,0,FP,yolov8l_bsz4.ms,230.25,193.25,423.50,0.500,Mid (Meeting),5.51,33.19,366.78,2323.00,11499.37,366.22,,0,67,45.00,-165,3983083,-657208.69,6,fused
49269,000000049269.jpg,431x640,1,0.716380,0,0,FP,yolov8l_bsz4.ms,230.25,193.25,423.50,0.500,Mid (Meeting),5.51,33.19,366.78,2323.00,11499.37,366.22,,0,67,45.00,-165,3983083,-657208.69,6,fused
230362,000000230362.jpg,640x478,1,0.716148,0,0,FP,yolov8l_bsz4.ms,226.75,155.00,381.75,0.500,Mid (Meeting),4.98,31.39,365.88,2324.00,11499.37,362.36,,0,67,45.00,-247,3981135,-983340.34,6,fused
26941,000000026941.jpg,640x427,1,0.715903,1,1,TP,yolov8l_bsz4.ms,226.75,155.00,381.75,0.500,Mid (Meeting),4.98,31.39,365.88,2324.00,11499.37,362.36,,0,67,45.00,-247,3981135,-983340.34,6,fused
494869,000000494869.jpg,427x640,1,0.715824,1,1,TP,yolov8l_bsz4.ms,226.75,155.00,381.75,0.500,Mid (Meeting),4.98,31.39,365.88,2324.00,11499.37,362.36,,0,67,45.00,-247,3981135,-983340.34,6,fused
279714,000000279714.jpg,425x640,1,0.715543,0,0,FP,yolov8l_bsz4.ms,226.75,155.00,381.75,0.500,Mid (Meeting),4.98,31.39,365.88,2324.00,11499.37,362.36,,0,67,45.00,-247,3981135,-983340.34,6,fused
250127,000000250127.jpg,640x640,1,0.715496,1,1,TP,yolov8l_bsz4.ms,229.75,172.75,402.50,0.500,Mid (Meeting),4.77,31.14,366.34,2325.00,11499.37,357.07,,0,67,45.00,-205,3982486,-816409.63,6,fused
120777,000000120777.jpg,500x375,1,0.715369,0,0,FP,yolov8l_bsz4.ms,229.75,172.75,402.50,0.500,Mid (Meeting),4.77,31.14,366.34,2325.00,11499.37,357.07,,0,67,45.00,-205,3982486,-816409.63,6,fused
88265,000000088265.jpg,427x640,1,0.715367,0,0,FP,yolov8l_bsz4.ms,229.75,172.75,402.50,0.500,Mid (Meeting),4.77,31.14,366.34,2325.00,11499.37,357.07,,0,67,45.00,-205,3982486,-816409.63,6,fused
499266,000000499266.jpg,640x480,1,0.715342,1,1,TP,yolov8l_bsz4.ms,229.75,172.75,402.50,0.500,Mid (Meeting),4.77,31.14,366.34,2325.00,11499.37,357.07,,0,67,45.00,-205,3982486,-816409.63,6,fused
119233,000000119233.jpg,500x334,1,0.714810,0,0,FP,yolov8l_bsz4.ms,230.25,182.50,412.75,0.500,Mid (Meeting),4.71,31.14,366.85,2324.00,11499.37,352.73,,0,67,45.00,-150,3983889,-597583.35,6,fused
393282,000000393282.jpg,640x640,1,0.714806,0,0,FP,yolov8l_bsz4.ms,230.25,182.50,412.75,0.500,Mid (Meeting),4.71,31.14,366.85,2324.00,11499.37,352.73,,0,67,45.00,-150,3983889,-597583.35,6,fused
109900,000000109900.jpg,640x478,1,0.713617,1,1,TP,yolov8l_bsz4.ms,230.25,182.50,412.75,0.500,Mid (Meeting),4.71,31.14,366.85,2324.00,11499.37,352.73,,0,67,45.00,-150,3983889,-597583.35,6,fused
568290,000000568290.jpg,640x427,1,0.711884,1,1,TP,yolov8l_bsz4.ms,230.25,182.50,412.75,0.500,Mid (Meeting),4.71,31.14,366.85,2324.00,11499.37,352.73,,0,67,45.00,-150,3983889,-597583.35,6,fused
36660,000000036660.jpg,500x323,1,0.711658,1,1,TP,yolov8l_bsz4.ms,228.25,162.50,390.75,0.500,Mid (Meeting),4.59,31.04,366.54,2323.00,11499.37,354.15,,0,67,45.00,-211,3982339,-840273.53,6,fused
499775,000000499775.jpg,640x480,1,0.710953,0,0,FP,yolov8l_bsz4.ms,228.25,162.50,390.75,0.500,Mid (Meeting),4.59,31.04,366.54,2323.00,11499.37,354.15,,0,67,45.00,-211,3982339,-840273.53,6,fused
79031,000000079031.jpg,640x427,1,0.710635,1,1,TP,yolov8l_bsz4.ms,228.25,162.50,390.75,0.500,Mid (Meeting),4.59,31.04,366.54,2323.00,11499.37,354.15,,0,67,45.00,-211,3982339,-840273.53,6,fused
421060,000000421060.jpg,640x418,1,0.710313,1,1,TP,yolov8l_bsz4.ms,228.25,162.50,390.75,0.500,Mid (Meeting),4.59,31.04,366.54,2323.00,11499.37,354.15,,0,67,45.00,-211,3982339,-840273.53,6,fused
138550,000000138550.jpg,640x428,1,0.710249,0,0,FP,yolov8l_bsz4.ms,229.50,158.00,387.50,0.500,Mid (Meeting),8.22,37.83,346.46,2340.00,11499.37,366.93,,0,67,45.00,-208,3982358,-828330.46,6,fused
168330,000000168330.jpg,640x390,1,0.710139,0,0,FP,yolov8l_bsz4.ms,229.50,158.00,387.50,0.500,Mid (Meeting),8.22,37.83,346.46,2340.00,11499.37,366.93,,0,67,45.00,-208,3982358,-828330.46,6,fused
54628,000000054628.jpg,375x500,1,0.708908,1,1,TP,yolov8l_bsz4.ms,229.50,158.00,387.50,0.500,Mid (Meeting),8.22,37.83,346.46,2340.00,11499.37,366.93,,0,67,45.00,-208,3982358,-828330.46,6,fused
319696,000000319696.jpg,500x333,1,0.707900,0,0,FP,yolov8l_bsz4.ms,229.50,158.00,387.50,0.500,Mid (Meeting),8.22,37.83,346.46,2340.00,11499.37,366.93,,0,67,45.00,-208,3982358,-828330.46,6,fused
286908,000000286908.jpg,640x640,1,0.707765,0,0,FP,yolov8l_bsz4.ms,231.50,173.75,405.25,0.500,Mid (Meeting),5.47,37.83,311.77,2373.00,11499.37,395.51,,0,67,45.00,-171,3983435,-681167.39,6,fused
42628,000000042628.jpg,640x426,1,0.707729,1,1,TP,yolov8l_bsz4.ms,231.50,173.75,405.25,0.500,Mid (Meeting),5.47,37.83,311.77,2373.00,11499.37,395.51,,0,67,45.00,-171,3983435,-681167.39,6,fused
468124,000000468124.jpg,640x459,1,0.706879,1,1,TP,yolov8l_bsz4.ms,231.50,173.75,405.25,0.500,Mid (Meeting),5.47,37.83,311.77,2373.00,11499.37,395.51,,0,67,45.00,-171,3983435,-681167.39,6,fused
311789,000000311789.jpg,640x427,1,0.706390,0,0,FP,yolov8l_bsz4.ms,231.50,173.75,405.25,0.500,Mid (Meeting),5.47,37.83,311.77,2373.00,11499.37,395.51,,0,67,45.00,-171,3983435,-681167.39,6,fused
22192,000000022192.jpg,640x426,1,0.705606,0,0,FP,yolov8l_bsz4.ms,229.00,127.00,356.00,0.500,Mid (Meeting),4.71,35.84,369.91,2311.00,11499.37,329.41,,0,67,45.00,-243,3981407,-967481.90,6,fused
235784,000000235784.jpg,640x459,1,0.704172,1,1,TP,yolov8l_bsz4.ms,229.00,127.00,356.00,0.500,Mid (Meeting),4.71,35.84,369.91,2311.00,11499.37,329.41,,0,67,45.00,-243,3981407,-967481.90,6,fused
347163,000000347163.jpg,640x427,1,0.703822,0,0,FP,yolov8l_bsz4.ms,229.00,127.00,356.00,0.500,Mid (Meeting),4.71,35.84,369.91,2311.00,11499.37,329.41,,0,67,45.00,-243,3981407,-967481.90,6,fused
423798,000000423798.jpg,640x320,1,0.702686,0,0,FP,yolov8l_bsz4.ms,229.00,127.00,356.00,0.500,Mid (Meeting),4.71,35.84,369.91,2311.00,11499.37,329.41,,0,67,45.00,-243,3981407,-967481.90,6,fused
504074,000000504074.jpg,640x427,1,0.702664,1,1,TP,yolov8l_bsz4.ms,231.75,159.25,391.00,0.500,Mid (Meeting),4.57,35.74,370.17,2312.00,11499.37,324.28,,0,67,45.00,-178,3983169,-709004.08,6,fused
295809,000000295809.jpg,640x512,1,0.702389,1,1,TP,yolov8l_bsz4.ms,231.75,159.25,391.00,0.500,Mid (Meeting),4.57,35.74,370.17,2312.00,11499.37,324.28,,0,67,45.00,-178,3983169,-709004.08,6,fused
165681,000000165681.jpg,640x444,1,0.702195,1,1,TP,yolov8l_bsz4.ms,231.75,159.25,391.00,0.500,Mid (Meeting),4.57,35.74,370.17,2312.00,11499.37,324.28,,0,67,45.00,-178,3983169,-709004.08,6,fused
186449,000000186449.jpg,436x640,1,0.702033,1,1,TP,yolov8l_bsz4.ms,231.75,159.25,391.00,0.500,Mid (Meeting),4.57,35.74,370.17,2312.00,11499.37,324.28,,0,67,45.00,-178,3983169,-709004.08,6,fused
32941,000000032941.jpg,458x640,1,0.701639,1,1,TP,yolov8l_bsz4.ms,229.50,166.50,396.00,0.500,Mid (Meeting),4.47,35.74,350.42,2330.00,11499.37,338.35,,0,67,45.00,-181,3983089,-720939.11,6,fused
435208,000000435208.jpg,480x640,1,0.701142,1,1,TP,yolov8l_bsz4.ms,229.50,166.50,396.00,0.500,Mid (Meeting),4.47,35.74,350.42,2330.00,11499.37,338.35,,0,67,45.00,-181,3983089,-720939.11,6,fused
6723,000000006723.jpg,640x361,1,0.700983,0,0,FP,yolov8l_bsz4.ms,229.50,166.50,396.00,0.500,Mid (Meeting),4.47,35.74,350.42,2330.00,11499.37,338.35,,0,67,45.00,-181,3983089,-720939.11,6,fused
347174,000000347174.jpg,427x640,1,0.700828,1,1,TP,yolov8l_bsz4.ms,229.50,166.50,396.00,0.500,Mid (Meeting),4.47,35.74,350.42,2330.00,11499.37,338.35,,0,67,45.00,-181,3983089,-720939.11,6,fused
144932,000000144932.jpg,640x425,1,0.699336,1,1,TP,yolov8l_bsz4.ms,231.25,158.00,389.25,0.500,Mid (Meeting),4.44,35.71,303.29,2375.00,11499.37,379.22,,0,67,45.00,-232,3981706,-923755.79,6,fused
5600,000000005600.jpg,640x361,1,0.698713,0,0,FP,yolov8l_bsz4.ms,231.25,158.00,389.25,0.500,Mid (Meeting),4.44,35.71,303.29,2375.00,11499.37,379.22,,0,67,45.00,-232,3981706,-923755.79,6,fused
42276,000000042276.jpg,375x500,1,0.698574,0,0,FP,yolov8l_bsz4.ms,231.25,158.00,389.25,0.500,Mid (Meeting),4.44,35.71,303.29,2375.00,11499.37,379.22,,0,67,45.00,-232,3981706,-923755.79,6,fused
303305,000000303305.jpg,640x480,1,0.698030,1,1,TP,yolov8l_bsz4.ms,231.25,158.00,389.25,0.500,Mid (Meeting),4.44,35.71,303.29,2375.00,11499.37,379.22,,0,67,45.00,-232,3981706,-923755.79,6,fused
248810,000000248810.jpg,375x500,1,0.697234,1,1,TP,yolov8l_bsz4.ms,230.25,201.50,431.75,0.500,Mid (Meeting),8.23,39.01,369.74,2313.00,11499.37,338.96,,0,67,45.00,-135,3984390,-537892.65,6,fused
220732,000000220732.jpg,640x480,1,0.697104,1,1,TP,yolov8l_bsz4.ms,230.25,201.50,431.75,0.500,Mid (Meeting),8.23,39.01,369.74,2313.00,11499.37,338.96,,0,67,45.00,-135,3984390,-537892.65,6,fused
416330,000000416330.jpg,640x480,1,0.696846,0,0,FP,yolov8l_bsz4.ms,230.25,201.50,431.75,0.500,Mid (Meeting),8.23,39.01,369.74,2313.00,11499.37,338.96,,0,67,45.00,-135,3984390,-537892.65,6,fused
289343,000000289343.jpg,529x640,1,0.695900,1,1,TP,yolov8l_bsz4.ms,230.25,201.50,431.75,0.500,Mid (Meeting),8.23,39.01,369.74,2313.00,11499.37,338.96,,0,67,45.00,-135,3984390,-537892.65,6,fused
493334,000000493334.jpg,500x311,1,0.694910,0,0,FP,yolov8l_bsz4.ms,227.25,163.00,390.25,0.500,Mid (Meeting),5.09,39.01,368.17,2317.00,11499.37,338.08,,0,67,45.00,-202,3982537,-804472.47,6,fused
257084,000000257084.jpg,500x333,1,0.694564,1,1,TP,yolov8l_bsz4.ms,227.25,163.00,390.25,0.500,Mid (Meeting),5.09,39.01,368.17,2317.00,11499.37,338.08,,0,67,45.00,-202,3982537,-804472.47,6,fused
215114,000000215114.jpg,548x640,1,0.694434,1,1,TP,yolov8l_bsz4.ms,227.25,163.00,390.25,0.500,Mid (Meeting),5.09,39.01,368.17,2317.00,11499.37,338.08,,0,67,45.00,-202,3982537,-804472.47,6,fused
505451,000000505451.jpg,444x265,1,0.694343,1,1,TP,yolov8l_bsz4.ms,227.25,163.00,390.25,0.500,Mid (Meeting),5.09,39.01,368.17,2317.00,11499.37,338.08,,0,67,45.00,-202,3982537,-804472.47,6,fused
396903,000000396903.jpg,640x427,1,0.693979,1,1,TP,yolov8l_bsz4.ms,231.00,172.50,403.50,0.500,Mid (Meeting),4.72,31.66,348.73,2337.00,11499.37,353.10,,0,67,45.00,-145,3984007,-577681.02,6,fused
346638,000000346638.jpg,640x480,1,0.693377,0,0,FP,yolov8l_bsz4.ms,231.00,172.50,403.50,0.500,Mid (Meeting),4.72,31.66,348.73,2337.00,11499.37,353.10,,0,67,45.00,-145,3984007,-577681.02,6,fused
414385,000000414385.jpg,640x480,1,0.692229,1,1,TP,yolov8l_bsz4.ms,231.00,172.50,403.50,0.500,Mid (Meeting),4.72,31.66,348.73,2337.00,11499.37,353.10,,0,67,45.00,-145,3984007,-577681.02,6,fused
213593,000000213593.jpg,640x426,1,0.692165,1,1,TP,yolov8l_bsz4.ms,231.00,172.50,403.50,0.500,Mid (Meeting),4.72,31.66,348.73,2337.00,11499.37,353.10,,0,67,45.00,-145,3984007,-577681.02,6,fused
40036,000000040036.jpg,640x427,1,0.691947,1,1,TP,yolov8l_bsz4.ms,228.75,182.75,411.50,0.500,Mid (Meeting),4.65,31.58,301.08,2385.00,11499.37,395.95,,0,67,45.00,-130,3984481,-517982.53,6,fused
229997,000000229997.jpg,640x427,1,0.691879,0,0,FP,yolov8l_bsz4.ms,228.75,182.75,411.50,0.500,Mid (Meeting),4.65,31.58,301.08,2385.00,11499.37,395.95,,0,67,45.00,-130,3984481,-517982.53,6,fused
453584,000000453584.jpg,640x480,1,0.691415,0,0,FP,yolov8l_bsz4.ms,228.75,182.75,411.50,0.500,Mid (Meeting),4.65,31.58,301.08,2385.00,11499.37,395.95,,0,67,45.00,-130,3984481,-517982.53,6,fused
572303,000000572303.jpg,640x480,1,0.691008,0,0,FP,yolov8l_bsz4.ms,228.75,182.75,411.50,0.500,Mid (Meeting),4.65,31.58,301.08,2385.00,11499.37,395.95,,0,67,45.00,-130,3984481,-517982.53,6,fused
321887,000000321887.jpg,640x424,1,0.690963,0,0,FP,yolov8l_bsz4.ms,229.00,182.75,411.75,0.500,Mid (Meeting),4.59,31.58,369.45,2316.00,11499.37,321.96,,0,67,45.00,-163,3983656,-649335.93,6,fused
123131,000000123131.jpg,640x427,1,0.690571,0,0,FP,yolov8l_bsz4.ms,229.00,182.75,411.75,0.500,Mid (Meeting),4.59,31.58,369.45,2316.00,11499.37,321.96,,0,67,45.00,-163,3983656,-649335.93,6,fused
7386,000000007386.jpg,600x400,1,0.689710,0,0,FP,yolov8l_bsz4.ms,229.00,182.75,411.75,0.500,Mid (Meeting),4.59,31.58,369.45,2316.00,11499.37,321.96,,0,67,45.00,-163,3983656,-649335.93,6,fused
359855,000000359855.jpg,640x510,1,0.689478,0,0,FP,yolov8l_bsz4.ms,229.00,182.75,411.75,0.500,Mid (Meeting),4.59,31.58,369.45,2316.00,11499.37,321.96,,0,67,45.00,-163,3983656,-649335.93,6,fused
80659,000000080659.jpg,640x427,1,0.689298,1,1,TP,yolov8l_bsz4.ms,227.75,167.75,395.50,0.500,Mid (Meeting),4.52,31.53,369.64,2314.00,11499.37,317.07,,0,67,45.00,-141,3984217,-561774.60,6,fused
128051,000000128051.jpg,640x360,1,0.689268,0,0,FP,yolov8l_bsz4.ms,227.75,167.75,395.50,0.500,Mid (Meeting),4.52,31.53,369.64,2314.00,11499.37,317.07,,0,67,45.00,-141,3984217,-561774.60,6,fused
134856,000000134856.jpg,640x480,1,0.688319,1,1,TP,yolov8l_bsz4.ms,227.75,167.75,395.50,0.500,Mid (Meeting),4.52,31.53,369.64,2314.00,11499.37,317.07,,0,67,45.00,-141,3984217,-561774.60,6,fused
161609,000000161609.jpg,640x480,1,0.686814,1,1,TP,yolov8l_bsz4.ms,227.75,167.75,395.50,0.500,Mid (Meeting),4.52,31.53,369.64,2314.00,11499.37,317.07,,0,67,45.00,-141,3984217,-561774.60,6,fused
161799,000000161799.jpg,640x427,1,0.686365,1,1,TP,yolov8l_bsz4.ms,230.50,197.75,428.25,0.500,Mid (Meeting),8.26,47.22,346.53,2334.00,11499.37,339.70,,0,67,45.00,-231,3981681,-919768.31,6,fused
315492,000000315492.jpg,612x612,1,0.686062,1,1,TP,yolov8l_bsz4.ms,230.50,197.75,428.25,0.500,Mid (Meeting),8.26,47.22,346.53,2334.00,11499.37,339.70,,0,67,45.00,-231,3981681,-919768.31,6,fused
280325,000000280325.jpg,500x377,1,0.685916,0,0,FP,yolov8l_bsz4.ms,230.50,197.75,428.25,0.500,Mid (Meeting),8.26,47.22,346.53,2334.00,11499.37,339.70,,0,67,45.00,-231,3981681,-919768.31,6,fused
173057,000000173057.jpg,480x640,1,0.685711,1,1,TP,yolov8l_bsz4.ms,230.50,197.75,428.25,0.500,Mid (Meeting),8.26,47.22,346.53,2334.00,11499.37,339.70,,0,67,45.00,-231,3981681,-919768.31,6,fused
27982,000000027982.jpg,500x334,1,0.684686,0,0,FP,yolov8l_bsz4.ms,228.25,160.75,389.00,0.500,Mid (Meeting),4.94,47.22,301.82,2380.00,11499.37,379.96,,0,67,45.00,-205,3982311,-816373.76,6,fused
369675,000000369675.jpg,640x429,1,0.684208,1,1,TP,yolov8l_bsz4.ms,228.25,160.75,389.00,0.500,Mid (Meeting),4.94,47.22,301.82,2380.00,11499.37,379.96,,0,67,45.00,-205,3982311,-816373.76,6,fused
398237,000000398237.jpg,640x480,1,0.683766,1,1,TP,yolov8l_bsz4.ms,228.25,160.75,389.00,0.500,Mid (Meeting),4.94,47.22,301.82,2380.00,11499.37,379.96,,0,67,45.00,-205,3982311,-816373.76,6,fused
392481,000000392481.jpg,640x427,1,0.683625,0,0,FP,yolov8l_bsz4.ms,228.25,160.75,389.00,0.500,Mid (Meeting),4.94,47.22,301.82,2380.00,11499.37,379.96,,0,67,45.00,-205,3982311,-816373.76,6,fused
400161,000000400161.jpg,640x480,1,0.683602,1,1,TP,yolov8l_bsz4.ms,229.75,184.00,413.75,0.500,Mid (Meeting),4.62,36.14,372.28,2308.00,11499.37,304.51,,0,67,45.00,-162,3983460,-645320.52,6,fused
243344,000000243344.jpg,480x640,1,0.683284,0,0,FP,yolov8l_bsz4.ms,229.75,184.00,413.75,0.500,Mid (Meeting),4.62,36.14,372.28,2308.00,11499.37,304.51,,0,67,45.00,-162,3983460,-645320.52,6,fused
576566,000000576566.jpg,469x640,1,0.683233,1,1,TP,yolov8l_bsz4.ms,229.75,184.00,413.75,0.500,Mid (Meeting),4.62,36.14,372.28,2308.00,11499.37,304.51,,0,67,45.00,-162,3983460,-645320.52,6,fused
333237,000000333237.jpg,640x409,1,0.683202,0,0,FP,yolov8l_bsz4.ms,229.75,184.00,413.75,0.500,Mid (Meeting),4.62,36.14,372.28,2308.00,11499.37,304.51,,0,67,45.00,-162,3983460,-645320.52,6,fused
485844,000000485844.jpg,576x396,1,0.682215,1,1,TP,yolov8l_bsz4.ms,226.75,186.25,413.00,0.500,Mid (Meeting),4.54,36.82,365.08,2311.00,11499.37,303.54,,0,67,45.00,-170,3983206,-677145.02,6,fused
408774,000000408774.jpg,500x333,1,0.682209,1,1,TP,yolov8l_bsz4.ms,226.75,186.25,413.00,0.500,Mid (Meeting),4.54,36.82,365.08,2311.00,11499.37,303.54,,0,67,45.00,-170,3983206,-677145.02,6,fused
442661,000000442661.jpg,640x480,1,0.681732,0,0,FP,yolov8l_bsz4.ms,226.75,186.25,413.00,0.500,Mid (Meeting),4.54,36.82,365.08,2311.00,11499.37,303.54,,0,67,45.00,-170,3983206,-677145.02,6,fused
293245,000000293245.jpg,640x480,1,0.681567,0,0,FP,yolov8l_bsz4.ms,226.75,186.25,413.00,0.500,Mid (Meeting),4.54,36.82,365.08,2311.00,11499.37,303.54,,0,67,45.00,-170,3983206,-677145.02,6,fused
520832,000000520832.jpg,640x480,1,0.680613,1,1,TP,yolov8l_bsz4.ms,228.75,187.75,416.50,0.500,Mid (Meeting),4.56,36.82,347.71,2327.00,11499.37,315.10,,0,67,45.00,-197,3982318,-784516.65,6,fused
276434,000000276434.jpg,640x427,1,0.680497,1,1,TP,yolov8l_bsz4.ms,228.75,187.75,416.50,0.500,Mid (Meeting),4.56,36.82,347.71,2327.00,11499.37,315.10,,0,67,45.00,-197,3982318,-784516.65,6,fused
37670,000000037670.jpg,640x480,1,0.680348,1,1,TP,yolov8l_bsz4.ms,228.75,187.75,416.50,0.500,Mid (Meeting),4.56,36.82,347.71,2327.00,11499.37,315.10,,0,67,45.00,-197,3982318,-784516.65,6,fused
315001,000000315001.jpg,640x639,1,0.680218,0,0,FP,yolov8l_bsz4.ms,228.75,187.75,416.50,0.500,Mid (Meeting),4.56,36.82,347.71,2327.00,11499.37,315.10,,0,67,45.00,-197,3982318,-784516.65,6,fused
204871,000000204871.jpg,612x612,1,0.679776,1,1,TP,yolov8l_bsz4.ms,229.50,183.25,412.75,0.500,Mid (Meeting),4.55,36.49,304.40,2368.00,11499.37,351.94,,0,67,45.00,-250,3980830,-995207.50,6,fused
495054,000000495054.jpg,640x433,1,0.679425,0,0,FP,yolov8l_bsz4.ms,229.50,183.25,412.75,0.500,Mid (Meeting),4.55,36.49,304.40,2368.00,11499.37,351.94,,0,67,45.00,-250,3980830,-995207.50,6,fused
505565,000000505565.jpg,640x424,1,0.679313,0,0,FP,yolov8l_bsz4.ms,229.50,183.25,412.75,0.500,Mid (Meeting),4.55,36.49,304.40,2368.00,11499.37,351.94,,0,67,45.00,-250,3980830,-995207.50,6,fused
318238,000000318238.jpg,478x640,1,0.679085,0,0,FP,yolov8l_bsz4.ms,229.50,183.25,412.75,0.500,Mid (Meeting),4.55,36.49,304.40,2368.00,11499.37,351.94,,0,67,45.00,-250,3980830,-995207.50,6,fused
435880,000000435880.jpg,640x480,1,0.678744,0,0,FP,yolov8l_bsz4.ms,228.25,152.25,380.50,0.500,Mid (Meeting),8.29,36.42,369.79,2300.00,11499.37,280.48,,0,67,45.00,-192,3982379,-764616.77,6,fused
332455,000000332455.jpg,425x640,1,0.678532,0,0,FP,yolov8l_bsz4.ms,228.25,152.25,380.50,0.500,Mid (Meeting),8.29,36.42,369.79,2300.00,11499.37,280.48,,0,67,45.00,-192,3982379,-764616.77,6,fused
555705,000000555705.jpg,640x371,1,0.678038,0,0,FP,yolov8l_bsz4.ms,228.25,152.25,380.50,0.500,Mid (Meeting),8.29,36.42,369.79,2300.00,11499.37,280.48,,0,67,45.00,-192,3982379,-764616.77,6,fused
132587,000000132587.jpg,640x425,1,0.677424,1,1,TP,yolov8l_bsz4.ms,228.25,152.25,380.50,0.500,Mid (Meeting),8.29,36.42,369.79,2300.00,11499.37,280.48,,0,67,45.00,-192,3982379,-764616.77,6,fused
476258,000000476258.jpg,640x367,1,0.677356,1,1,TP,yolov8l_bsz4.ms,231.75,157.75,389.50,0.500,Mid (Meeting),4.62,36.42,367.66,2307.00,11499.37,308.50,,0,67,45.00,-141,3983804,-561716.36,6,fused
50844,000000050844.jpg,334x500,1,0.677241,0,0,FP,yolov8l_bsz4.ms,231.75,157.75,389.50,0.500,Mid (Meeting),4.62,36.42,367.66,2307.00,11499.37,308.50,,0,67,45.00,-141,3983804,-561716.36,6,fused
393838,000000393838.jpg,640x427,1,0.676786,0,0,FP,yolov8l_bsz4.ms,231.75,157.75,389.50,0.500,Mid (Meeting),4.62,36.42,367.66,2307.00,11499.37,308.50,,0,67,45.00,-141,3983804,-561716.36,6,fused
287874,000000287874.jpg,640x434,1,0.676694,1,1,TP,yolov8l_bsz4.ms,231.75,157.75,389.50,0.500,Mid (Meeting),4.62,36.42,367.66,2307.00,11499.37,308.50,,0,67,45.00,-141,3983804,-561716.36,6,fused
43737,000000043737.jpg,480x640,1,0.675861,0,0,FP,yolov8l_bsz4.ms,230.50,162.25,392.75,0.500,Mid (Meeting),4.45,33.17,348.54,2327.00,11499.37,323.51,,0,67,45.00,-207,3982003,-824274.62,6,fused
31735,000000031735.jpg,640x480,1,0.674541,0,0,FP,yolov8l_bsz4.ms,230.50,162.25,392.75,0.500,Mid (Meeting),4.45,33.17,348.54,2327.00,11499.37,323.51,,0,67,45.00,-207,3982003,-824274.62,6,fused
488673,000000488673.jpg,480x640,1,0.674462,1,1,TP,yolov8l_bsz4.ms,230.50,162.25,392.75,0.500,Mid (Meeting),4.45,33.17,348.54,2327.00,11499.37,323.51,,0,67,45.00,-207,3982003,-824274.62,6,fused
22396,000000022396.jpg,640x495,1,0.674375,0,0,FP,yolov8l_bsz4.ms,230.50,162.25,392.75,0.500,Mid (Meeting),4.45,33.17,348.54,2327.00,11499.37,323.51,,0,67,45.00,-207,3982003,-824274.62,6,fused
471789,000000471789.jpg,640x480,1,0.674121,1,1,TP,yolov8l_bsz4.ms,230.75,200.75,431.50,0.500,Mid (Meeting),4.51,33.25,295.45,2376.00,11499.37,366.38,,0,67,45.00,-225,3981556,-895850.10,6,fused
331075,000000331075.jpg,640x606,1,0.674024,0,0,FP,yolov8l_bsz4.ms,230.75,200.75,431.50,0.500,Mid (Meeting),4.51,33.25,295.45,2376.00,11499.37,366.38,,0,67,45.00,-225,3981556,-895850.10,6,fused
304180,000000304180.jpg,640x418,1,0.673842,1,1,TP,yolov8l_bsz4.ms,230.75,200.75,431.50,0.500,Mid (Meeting),4.51,33.25,295.45,2376.00,11499.37,366.38,,0,67,45.00,-225,3981556,-895850.10,6,fused
507081,000000507081.jpg,640x640,1,0.673153,0,0,FP,yolov8l_bsz4.ms,230.75,200.75,431.50,0.500,Mid (Meeting),4.51,33.25,295.45,2376.00,11499.37,366.38,,0,67,45.00,-225,3981556,-895850.10,6,fused
325031,000000325031.jpg,640x608,1,0.673084,1,1,TP,yolov8l_bsz4.ms,233.75,200.00,433.75,0.500,Mid (Meeting),4.51,33.25,370.55,2306.00,11499.37,291.84,,0,67,45.00,-112,3984544,-446268.93,6,fused
525600,000000525600.jpg,640x326,1,0.672794,0,0,FP,yolov8l_bsz4.ms,233.75,200.00,433.75,0.500,Mid (Meeting),4.51,33.25,370.55,2306.00,11499.37,291.84,,0,67,45.00,-112,3984544,-446268.93,6,fused
310862,000000310862.jpg,612x612,1,0.672781,1,1,TP,yolov8l_bsz4.ms,233.75,200.00,433.75,0.500,Mid (Meeting),4.51,33.25,370.55,2306.00,11499.37,291.84,,0,67,45.00,-112,3984544,-446268.93,6,fused
524456,000000524456.jpg,640x480,1,0.672750,1,1,TP,yolov8l_bsz4.ms,233.75,200.00,433.75,0.500,Mid (Meeting),4.51,33.25,370.55,2306.00,11499.37,291.84,,0,67,45.00,-112,3984544,-446268.93,6,fused
52007,000000052007.jpg,480x640,1,0.672520,1,1,TP,yolov8l_bsz4.ms,226.50,176.75,403.25,0.500,Mid (Meeting),4.45,32.68,369.47,2306.00,11499.37,287.29,,0,67,45.00,-164,3983280,-653257.92,6,fused
80413,000000080413.jpg,640x480,1,0.671518,0,0,FP,yolov8l_bsz4.ms,226.50,176.75,403.25,0.500,Mid (Meeting),4.45,32.68,369.47,2306.00,11499.37,287.29,,0,67,45.00,-164,3983280,-653257.92,6,fused
465129,000000465129.jpg,640x480,1,0.671144,1,1,TP,yolov8l_bsz4.ms,226.50,176.75,403.25,0.500,Mid (Meeting),4.45,32.68,369.47,2306.00,11499.37,287.29,,0,67,45.00,-164,3983280,-653257.92,6,fused
33109,000000033109.jpg,640x480,1,0.670871,0,0,FP,yolov8l_bsz4.ms,226.50,176.75,403.25,0.500,Mid (Meeting),4.45,32.68,369.47,2306.00,11499.37,287.29,,0,67,45.00,-164,3983280,-653257.92,6,fused
478393,000000478393.jpg,480x640,1,0.668623,0,0,FP,yolov8l_bsz4.ms,232.00,155.25,387.25,0.500,Mid (Meeting),8.53,31.99,347.54,2328.00,11499.37,304.55,,0,67,45.00,-181,3982671,-720863.45,6,fused
282046,000000282046.jpg,500x298,1,0.668171,0,0,FP,yolov8l_bsz4.ms,232.00,155.25,387.25,0.500,Mid (Meeting),8.53,31.99,347.54,2328.00,11499.37,304.55,,0,67,45.00,-181,3982671,-720863.45,6,fused
350023,000000350023.jpg,640x480,1,0.667472,1,1,TP,yolov8l_bsz4.ms,232.00,155.25,387.25,0.500,Mid (Meeting),8.53,31.99,347.54,2328.00,11499.37,304.55,,0,67,45.00,-181,3982671,-720863.45,6,fused
166563,000000166563.jpg,640x408,1,0.667378,0,0,FP,yolov8l_bsz4.ms,232.00,155.25,387.25,0.500,Mid (Meeting),8.53,31.99,347.54,2328.00,11499.37,304.55,,0,67,45.00,-181,3982671,-720863.45,6,fused
296231,000000296231.jpg,640x480,1,0.666761,1,1,TP,yolov8l_bsz4.ms,231.00,192.25,423.25,0.500,Mid (Meeting),4.50,31.99,302.59,2373.00,11499.37,352.69,,0,67,45.00,-118,3984446,-470164.63,6,fused
393469,000000393469.jpg,480x640,1,0.666225,1,1,TP,yolov8l_bsz4.ms,231.00,192.25,423.25,0.500,Mid (Meeting),4.50,31.99,302.59,2373.00,11499.37,352.69,,0,67,45.00,-118,3984446,-470164.63,6,fused
460967,000000460967.jpg,604x640,1,0.666096,1,1,TP,yolov8l_bsz4.ms,231.00,192.25,423.25,0.500,Mid (Meeting),4.50,31.99,302.59,2373.00,11499.37,352.69,,0,67,45.00,-118,3984446,-470164.63,6,fused
216636,000000216636.jpg,640x427,1,0.665532,0,0,FP,yolov8l_bsz4.ms,231.00,192.25,423.25,0.500,Mid (Meeting),4.50,31.99,302.59,2373.00,11499.37,352.69,,0,67,45.00,-118,3984446,-470164.63,6,fused
335529,000000335529.jpg,640x480,1,0.664769,0,0,FP,yolov8l_bsz4.ms,228.50,170.25,398.75,0.500,Mid (Meeting),4.37,32.03,372.97,2301.00,11499.37,277.21,,0,67,45.00,-172,3982967,-685070.32,6,fused
91495,000000091495.jpg,640x447,1,0.663029,1,1,TP,yolov8l_bsz4.ms,228.50,170.25,398.75,0.500,Mid (Meeting),4.37,32.03,372.97,2301.00,11499.37,277.21,,0,67,45.00,-172,3982967,-685070.32,6,fused
227511,000000227511.jpg,500x375,1,0.662505,0,0,FP,yolov8l_bsz4.ms,228.50,170.25,398.75,0.500,Mid (Meeting),4.37,32.03,372.97,2301.00,11499.37,277.21,,0,67,45.00,-172,3982967,-685070.32,6,fused
110282,000000110282.jpg,640x418,1,0.662001,0,0,FP,yolov8l_bsz4.ms,228.50,170.25,398.75,0.500,Mid (Meeting),4.37,32.03,372.97,2301.00,11499.37,277.21,,0,67,45.00,-172,3982967,-685070.32,6,fused
357238,000000357238.jpg,427x640,1,0.661874,1,1,TP,yolov8l_bsz4.ms,230.75,168.25,399.00,0.500,Mid (Meeting),4.35,33.52,365.96,2307.00,11499.37,278.63,,0,67,45.00,-240,3981021,-955445.04,6,fused
48924,000000048924.jpg,640x425,1,0.660460,0,0,FP,yolov8l_bsz4.ms,230.75,168.25,399.00,0.500,Mid (Meeting),4.35,33.52,365.96,2307.00,11499.37,278.63,,0,67,45.00,-240,3981021,-955445.04,6,fused
185472,000000185472.jpg,640x480,1,0.660267,1,1,TP,yolov8l_bsz4.ms,230.75,168.25,399.00,0.500,Mid (Meeting),4.35,33.52,365.96,2307.00,11499.37,278.63,,0,67,45.00,-240,3981021,-955445.04,6,fused
274687,000000274687.jpg,640x480,1,0.659808,0,0,FP,yolov8l_bsz4.ms,230.75,168.25,399.00,0.500,Mid (Meeting),4.35,33.52,365.96,2307.00,11499.37,278.63,,0,67,45.00,-240,3981021,-955445.04,6,fused
161044,000000161044.jpg,640x229,1,0.659803,0,0,FP,yolov8l_bsz4.ms,230.00,168.25,398.25,0.500,Mid (Meeting),4.35,33.52,349.09,2322.00,11499.37,289.40,,0,67,45.00,-209,3981856,-832207.90,6,fused
366884,000000366884.jpg,640x480,1,0.658472,1,1,TP,yolov8l_bsz4.ms,230.00,168.25,398.25,0.500,Mid (Meeting),4.35,33.52,349.09,2322.00,11499.37,289.40,,0,67,45.00,-209,3981856,-832207.90,6,fused
156372,000000156372.jpg,335x500,1,0.658358,0,0,FP,yolov8l_bsz4.ms,230.00,168.25,398.25,0.500,Mid (Meeting),4.35,33.52,349.09,2322.00,11499.37,289.40,,0,67,45.00,-209,3981856,-832207.90,6,fused
581357,000000581357.jpg,612x612,1,0.658239,1,1,TP,yolov8l_bsz4.ms,230.00,168.25,398.25,0.500,Mid (Meeting),4.35,33.52,349.09,2322.00,11499.37,289.40,,0,67,45.00,-209,3981856,-832207.90,6,fused
16451,000000016451.jpg,612x612,1,0.658122,1,1,TP,yolov8l_bsz4.ms,231.75,193.50,425.25,0.500,Mid (Meeting),4.41,33.76,294.35,2375.00,11499.37,337.69,,0,67,45.00,-124,3984127,-494031.75,6,fused
166426,000000166426.jpg,587x640,1,0.657989,0,0,FP,yolov8l_bsz4.ms,231.75,193.50,425.25,0.500,Mid (Meeting),4.41,33.76,294.35,2375.00,11499.37,337.69,,0,67,45.00,-124,3984127,-494031.75,6,fused
263966,000000263966.jpg,640x424,1,0.657365,1,1,TP,yolov8l_bsz4.ms,231.75,193.50,425.25,0.500,Mid (Meeting),4.41,33.76,294.35,2375.00,11499.37,337.69,,0,67,45.00,-124,3984127,-494031.75,6,fused
279145,000000279145.jpg,640x480,1,0.657173,0,0,FP,yolov8l_bsz4.ms,231.75,193.50,425.25,0.500,Mid (Meeting),4.41,33.76,294.35,2375.00,11499.37,337.69,,0,67,45.00,-124,3984127,-494031.75,6,fused
230993,000000230993.jpg,640x408,1,0.656926,1,1,TP,yolov8l_bsz4.ms,228.25,172.25,400.50,0.500,Mid (Meeting),9.91,34.10,371.07,2295.00,11499.37,253.68,,0,67,45.00,-152,3983279,-605458.41,6,fused
183709,000000183709.jpg,480x640,1,0.656836,1,1,TP,yolov8l_bsz4.ms,228.25,172.25,400.50,0.500,Mid (Meeting),9.91,34.10,371.07,2295.00,11499.37,253.68,,0,67,45.00,-152,3983279,-605458.41,6,fused
324818,000000324818.jpg,640x426,1,0.655929,0,0,FP,yolov8l_bsz4.ms,228.25,172.25,400.50,0.500,Mid (Meeting),9.91,34.10,371.07,2295.00,11499.37,253.68,,0,67,45.00,-152,3983279,-605458.41,6,fused
295231,000000295231.jpg,480x640,1,0.655749,0,0,FP,yolov8l_bsz4.ms,228.25,172.25,400.50,0.500,Mid (Meeting),9.91,34.10,371.07,2295.00,11499.37,253.68,,0,67,45.00,-152,3983279,-605458.41,6,fused
377946,000000377946.jpg,640x426,1,0.654857,1,1,TP,yolov8l_bsz4.ms,230.25,156.50,386.75,0.500,Mid (Meeting),4.43,34.10,367.72,2304.00,11499.37,282.35,,0,67,45.00,-218,3981500,-867967.00,6,fused
384513,000000384513.jpg,640x480,1,0.654663,0,0,FP,yolov8l_bsz4.ms,230.25,156.50,386.75,0.500,Mid (Meeting),4.43,34.10,367.72,2304.00,11499.37,282.35,,0,67,45.00,-218,3981500,-867967.00,6,fused
137950,000000137950.jpg,640x415,1,0.654642,0,0,FP,yolov8l_bsz4.ms,230.25,156.50,386.75,0.500,Mid (Meeting),4.43,34.10,367.72,2304.00,11499.37,282.35,,0,67,45.00,-218,3981500,-867967.00,6,fused
379800,000000379800.jpg,640x493,1,0.654369,0,0,FP,yolov8l_bsz4.ms,230.25,156.50,386.75,0.500,Mid (Meeting),4.43,34.10,367.72,2304.00,11499.37,282.35,,0,67,45.00,-218,3981500,-867967.00,6,fused
361268,000000361268.jpg,640x480,1,0.654190,0,0,FP,yolov8l_bsz4.ms,228.75,164.25,393.00,0.500,Mid (Meeting),4.32,31.73,345.48,2330.00,11499.37,302.84,,0,67,45.00,-170,3982769,-677070.73,6,fused
356387,000000356387.jpg,500x335,1,0.653958,1,1,TP,yolov8l_bsz4.ms,228.75,164.25,393.00,0.500,Mid (Meeting),4.32,31.73,345.48,2330.00,11499.37,302.84,,0,67,45.00,-170,3982769,-677070.73,6,fused
117719,000000117719.jpg,640x425,1,0.653814,1,1,TP,yolov8l_bsz4.ms,228.75,164.25,393.00,0.500,Mid (Meeting),4.32,31.73,345.48,2330.00,11499.37,302.84,,0,67,45.00,-170,3982769,-677070.73,6,fused
171611,000000171611.jpg,640x443,1,0.653439,1,1,TP,yolov8l_bsz4.ms,228.75,164.25,393.00,0.500,Mid (Meeting),4.32,31.73,345.48,2330.00,11499.37,302.84,,0,67,45.00,-170,3982769,-677070.73,6,fused
163314,000000163314.jpg,500x331,1,0.653338,1,1,TP,yolov8l_bsz4.ms,228.75,177.50,406.25,0.500,Mid (Meeting),4.35,31.28,289.10,2384.00,11499.37,353.43,,0,67,45.00,-127,3983933,-505959.49,6,fused
140286,000000140286.jpg,640x521,1,0.652846,1,1,TP,yolov8l_bsz4.ms,228.75,177.50,406.25,0.500,Mid (Meeting),4.35,31.28,289.10,2384.00,11499.37,353.43,,0,67,45.00,-127,3983933,-505959.49,6,fused
163117,000000163117.jpg,376x500,1,0.652139,1,1,TP,yolov8l_bsz4.ms,228.75,177.50,406.25,0.500,Mid (Meeting),4.35,31.28,289.10,2384.00,11499.37,353.43,,0,67,45.00,-127,3983933,-505959.49,6,fused
402774,000000402774.jpg,425x640,1,0.651007,1,1,TP,yolov8l_bsz4.ms,228.75,177.50,406.25,0.500,Mid (Meeting),4.35,31.28,289.10,2384.00,11499.37,353.43,,0,67,45.00,-127,3983933,-505959.49,6,fused
38048,000000038048.jpg,299x500,1,0.650883,1,1,TP,yolov8l_bsz4.ms,227.75,193.50,421.25,0.500,Mid (Meeting),4.36,31.28,369.07,2304.00,11499.37,268.78,,0,67,45.00,-148,3983334,-589533.43,6,fused
41633,000000041633.jpg,640x429,1,0.650398,0,0,FP,yolov8l_bsz4.ms,227.75,193.50,421.25,0.500,Mid (Meeting),4.36,31.28,369.07,2304.00,11499.37,268.78,,0,67,45.00,-148,3983334,-589533.43,6,fused
539445,000000539445.jpg,612x612,1,0.650168,0,0,FP,yolov8l_bsz4.ms,227.75,193.50,421.25,0.500,Mid (Meeting),4.36,31.28,369.07,2304.00,11499.37,268.78,,0,67,45.00,-148,3983334,-589533.43,6,fused
74733,000000074733.jpg,612x612,1,0.650118,1,1,TP,yolov8l_bsz4.ms,227.75,193.50,421.25,0.500,Mid (Meeting),4.36,31.28,369.07,2304.00,11499.37,268.78,,0,67,45.00,-148,3983334,-589533.43,6,fused
297022,000000297022.jpg,640x504,1,0.649935,1,1,TP,yolov8l_bsz4.ms,230.75,169.50,400.25,0.500,Mid (Meeting),4.37,30.54,368.61,2303.00,11499.37,264.10,,0,67,45.00,-175,3982681,-696969.18,6,fused
267191,000000267191.jpg,640x480,1,0.649544,1,1,TP,yolov8l_bsz4.ms,230.75,169.50,400.25,0.500,Mid (Meeting),4.37,30.54,368.61,2303.00,11499.37,264.10,,0,67,45.00,-175,3982681,-696969.18,6,fused
50679,000000050679.jpg,640x427,1,0.648795,0,0,FP,yolov8l_bsz4.ms,230.75,169.50,400.25,0.500,Mid (Meeting),4.37,30.54,368.61,2303.00,11499.37,264.10,,0,67,45.00,-175,3982681,-696969.18,6,fused
350405,000000350405.jpg,500x333,1,0.648426,1,1,TP,yolov8l_bsz4.ms,230.75,169.50,400.25,0.500,Mid (Meeting),4.37,30.54,368.61,2303.00,11499.37,264.10,,0,67,45.00,-175,3982681,-696969.18,6,fused
391648,000000391648.jpg,480x640,1,0.648415,0,0,FP,yolov8l_bsz4.ms,229.25,162.50,391.75,0.500,Mid (Meeting),4.36,30.48,345.66,2325.00,11499.37,281.74,,0,67,45.00,-97,3984818,-386527.35,6,fused
395633,000000395633.jpg,640x480,1,0.648353,1,1,TP,yolov8l_bsz4.ms,229.25,162.50,391.75,0.500,Mid (Meeting),4.36,30.48,345.66,2325.00,11499.37,281.74,,0,67,45.00,-97,3984818,-386527.35,6,fused
356094,000000356094.jpg,640x389,1,0.648300,1,1,TP,yolov8l_bsz4.ms,229.25,162.50,391.75,0.500,Mid (Meeting),4.36,30.48,345.66,2325.00,11499.37,281.74,,0,67,45.00,-97,3984818,-386527.35,6,fused
334977,000000334977.jpg,640x320,1,0.648153,0,0,FP,yolov8l_bsz4.ms,229.25,162.50,391.75,0.500,Mid (Meeting),4.36,30.48,345.66,2325.00,11499.37,281.74,,0,67,45.00,-97,3984818,-386527.35,6,fused
205289,000000205289.jpg,640x451,1,0.647772,1,1,TP,yolov8l_bsz4.ms,229.50,168.75,398.25,0.500,Mid (Meeting),4.36,30.48,300.68,2369.00,11499.37,321.88,,0,67,45.00,-182,3982426,-724801.53,6,fused
423519,000000423519.jpg,460x640,1,0.647482,0,0,FP,yolov8l_bsz4.ms,229.50,168.75,398.25,0.500,Mid (Meeting),4.36,30.48,300.68,2369.00,11499.37,321.88,,0,67,45.00,-182,3982426,-724801.53,6,fused
270908,000000270908.jpg,500x299,1,0.647047,1,1,TP,yolov8l_bsz4.ms,229.50,168.75,398.25,0.500,Mid (Meeting),4.36,30.48,300.68,2369.00,11499.37,321.88,,0,67,45.00,-182,3982426,-724801.53,6,fused
455716,000000455716.jpg,640x433,1,0.646299,0,0,FP,yolov8l_bsz4.ms,229.50,168.75,398.25,0.500,Mid (Meeting),4.36,30.48,300.68,2369.00,11499.37,321.88,,0,67,45.00,-182,3982426,-724801.53,6,fused
477623,000000477623.jpg,640x480,1,0.645468,0,0,FP,yolov8l_bsz4.ms,229.00,189.25,418.25,0.500,Mid (Meeting),4.37,29.46,369.13,2299.00,11499.37,256.99,,0,67,45.00,-219,3981424,-871931.86,6,fused
424349,000000424349.jpg,640x426,1,0.644424,1,1,TP,yolov8l_bsz4.ms,229.00,189.25,418.25,0.500,Mid (Meeting),4.37,29.46,369.13,2299.00,11499.37,256.99,,0,67,45.00,-219,3981424,-871931.86,6,fused
362434,000000362434.jpg,500x375,1,0.643597,0,0,FP,yolov8l_bsz4.ms,229.00,189.25,418.25,0.500,Mid (Meeting),4.37,29.46,369.13,2299.00,11499.37,256.99,,0,67,45.00,-219,3981424,-871931.86,6,fused
561465,000000561465.jpg,612x612,1,0.643130,0,0,FP,yolov8l_bsz4.ms,229.00,189.25,418.25,0.500,Mid (Meeting),4.37,29.46,369.13,2299.00,11499.37,256.99,,0,67,45.00,-219,3981424,-871931.86,6,fused
154000,000000154000.jpg,640x480,1,0.642756,0,0,FP,yolov8l_bsz4.ms,229.75,180.00,409.75,0.500,Mid (Meeting),4.35,32.29,368.98,2299.00,11499.37,250.98,,0,67,45.00,-212,3981488,-844075.46,6,fused
359219,000000359219.jpg,640x480,1,0.642462,0,0,FP,yolov8l_bsz4.ms,229.75,180.00,409.75,0.500,Mid (Meeting),4.35,32.29,368.98,2299.00,11499.37,250.98,,0,67,45.00,-212,3981488,-844075.46,6,fused
251119,000000251119.jpg,500x375,1,0.642223,0,0,FP,yolov8l_bsz4.ms,229.75,180.00,409.75,0.500,Mid (Meeting),4.35,32.29,368.98,2299.00,11499.37,250.98,,0,67,45.00,-212,3981488,-844075.46,6,fused
100283,000000100283.jpg,640x480,1,0.641842,0,0,FP,yolov8l_bsz4.ms,229.75,180.00,409.75,0.500,Mid (Meeting),4.35,32.29,368.98,2299.00,11499.37,250.98,,0,67,45.00,-212,3981488,-844075.46,6,fused
453708,000000453708.jpg,640x427,1,0.641254,1,1,TP,yolov8l_bsz4.ms,228.25,193.25,421.50,0.500,Mid (Meeting),4.39,32.29,346.36,2320.00,11499.37,267.67,,0,67,45.00,-168,3982633,-669082.34,6,fused
724,000000000724.jpg,375x500,1,0.640654,0,0,FP,yolov8l_bsz4.ms,228.25,193.25,421.50,0.500,Mid (Meeting),4.39,32.29,346.36,2320.00,11499.37,267.67,,0,67,45.00,-168,3982633,-669082.34,6,fused
23023,000000023023.jpg,612x612,1,0.640523,0,0,FP,yolov8l_bsz4.ms,228.25,193.25,421.50,0.500,Mid (Meeting),4.39,32.29,346.36,2320.00,11499.37,267.67,,0,67,45.00,-168,3982633,-669082.34,6,fused
368212,000000368212.jpg,478x640,1,0.640413,1,1,TP,yolov8l_bsz4.ms,228.25,193.25,421.50,0.500,Mid (Meeting),4.39,32.29,346.36,2320.00,11499.37,267.67,,0,67,45.00,-168,3982633,-669082.34,6,fused
188689,000000188689.jpg,333x500,1,0.640281,0,0,FP,yolov8l_bsz4.ms,226.25,185.50,411.75,0.500,Mid (Meeting),4.39,33.65,300.53,2373.00,11499.37,260.93,,0,67,45.00,-137,3983472,-545735.66,6,fused
344888,000000344888.jpg,640x416,1,0.640026,0,0,FP,yolov8l_bsz4.ms,226.25,185.50,411.75,0.500,Mid (Meeting),4.39,33.65,300.53,2373.00,11499.37,260.93,,0,67,45.00,-137,3983472,-545735.66,6,fused
262938,000000262938.jpg,640x480,1,0.639299,0,0,FP,yolov8l_bsz4.ms,226.25,185.50,411.75,0.500,Mid (Meeting),4.39,33.65,300.53,2373.00,11499.37,260.93,,0,67,45.00,-137,3983472,-545735.66,6,fused
365655,000000365655.jpg,640x427,1,0.639130,1,1,TP,yolov8l_bsz4.ms,226.25,185.50,411.75,0.500,Mid (Meeting),4.39,33.65,300.53,2373.00,11499.37,260.93,,0,67,45.00,-137,3983472,-545735.66,6,fused
509131,000000509131.jpg,640x425,1,0.638338,0,0,FP,yolov8l_bsz4.ms,228.25,180.50,408.75,0.500,Mid (Meeting),4.37,34.54,371.42,2300.00,11499.37,183.41,,0,67,45.00,-141,3983376,-561656.02,6,fused
515577,000000515577.jpg,500x334,1,0.638199,1,1,TP,yolov8l_bsz4.ms,228.25,180.50,408.75,0.500,Mid (Meeting),4.37,34.54,371.42,2300.00,11499.37,183.41,,0,67,45.00,-141,3983376,-561656.02,6,fused
147338,000000147338.jpg,480x640,1,0.638025,0,0,FP,yolov8l_bsz4.ms,228.25,180.50,408.75,0.500,Mid (Meeting),4.37,34.54,371.42,2300.00,11499.37,183.41,,0,67,45.00,-141,3983376,-561656.02,6,fused
257169,000000257169.jpg,480x640,1,0.637956,1,1,TP,yolov8l_bsz4.ms,228.25,180.50,408.75,0.500,Mid (Meeting),4.37,34.54,371.42,2300.00,11499.37,183.41,,0,67,45.00,-141,3983376,-561656.02,6,fused
127624,000000127624.jpg,612x612,1,0.637587,0,0,FP,yolov8l_bsz4.ms,227.75,174.25,402.00,0.500,Mid (Meeting),4.20,34.54,367.79,2375.00,11499.37,271.17,,0,67,45.00,-173,3982354,-688947.24,6,fused
56344,000000056344.jpg,640x480,1,0.636810,0,0,FP,yolov8l_bsz4.ms,227.75,174.25,402.00,0.500,Mid (Meeting),4.20,34.54,367.79,2375.00,11499.37,271.17,,0,67,45.00,-173,3982354,-688947.24,6,fused
573008,000000573008.jpg,640x480,1,0.636364,0,0,FP,yolov8l_bsz4.ms,227.75,174.25,402.00,0.500,Mid (Meeting),4.20,34.54,367.79,2375.00,11499.37,271.17,,0,67,45.00,-173,3982354,-688947.24,6,fused
284725,000000284725.jpg,640x427,1,0.635488,1,1,TP,yolov8l_bsz4.ms,227.75,174.25,402.00,0.500,Mid (Meeting),4.20,34.54,367.79,2375.00,11499.37,271.17,,0,67,45.00,-173,3982354,-688947.24,6,fused
389315,000000389315.jpg,640x640,1,0.635462,0,0,FP,yolov8l_bsz4.ms,225.25,168.00,393.25,0.500,Mid (Meeting),4.20,35.17,350.70,2391.00,11499.37,282.51,,0,67,45.00,-212,3981273,-844029.88,6,fused
241677,000000241677.jpg,640x480,1,0.635403,1,1,TP,yolov8l_bsz4.ms,225.25,168.00,393.25,0.500,Mid (Meeting),4.20,35.17,350.70,2391.00,11499.37,282.51,,0,67,45.00,-212,3981273,-844029.88,6,fused
361621,000000361621.jpg,640x427,1,0.635066,0,0,FP,yolov8l_bsz4.ms,225.25,168.00,393.25,0.500,Mid (Meeting),4.20,35.17,350.70,2391.00,11499.37,282.51,,0,67,45.00,-212,3981273,-844029.88,6,fused
226154,000000226154.jpg,640x507,1,0.635056,1,1,TP,yolov8l_bsz4.ms,225.25,168.00,393.25,0.500,Mid (Meeting),4.20,35.17,350.70,2391.00,11499.37,282.51,,0,67,45.00,-212,3981273,-844029.88,6,fused
152120,000000152120.jpg,640x427,1,0.634705,1,1,TP,yolov8l_bsz4.ms,227.75,164.75,392.50,0.500,Mid (Meeting),4.29,34.06,299.71,2452.00,11499.37,360.81,,0,67,45.00,-158,3982692,-629265.34,6,fused
172856,000000172856.jpg,640x480,1,0.634488,0,0,FP,yolov8l_bsz4.ms,227.75,164.75,392.50,0.500,Mid (Meeting),4.29,34.06,299.71,2452.00,11499.37,360.81,,0,67,45.00,-158,3982692,-629265.34,6,fused
208423,000000208423.jpg,640x480,1,0.634106,1,1,TP,yolov8l_bsz4.ms,227.75,164.75,392.50,0.500,Mid (Meeting),4.29,34.06,299.71,2452.00,11499.37,360.81,,0,67,45.00,-158,3982692,-629265.34,6,fused
230450,000000230450.jpg,640x480,1,0.633932,0,0,FP,yolov8l_bsz4.ms,227.75,164.75,392.50,0.500,Mid (Meeting),4.29,34.06,299.71,2452.00,11499.37,360.81,,0,67,45.00,-158,3982692,-629265.34,6,fused
480944,000000480944.jpg,480x640,1,0.632492,0,0,FP,yolov8l_bsz4.ms,228.50,169.50,398.00,0.500,Mid (Meeting),4.24,34.06,372.20,2378.00,11499.37,283.29,,0,67,45.00,-120,3983638,-478036.56,6,fused
426795,000000426795.jpg,640x480,1,0.632023,1,1,TP,yolov8l_bsz4.ms,228.50,169.50,398.00,0.500,Mid (Meeting),4.24,34.06,372.20,2378.00,11499.37,283.29,,0,67,45.00,-120,3983638,-478036.56,6,fused
451308,000000451308.jpg,441x640,1,0.631805,0,0,FP,yolov8l_bsz4.ms,228.50,169.50,398.00,0.500,Mid (Meeting),4.24,34.06,372.20,2378.00,11499.37,283.29,,0,67,45.00,-120,3983638,-478036.56,6,fused
301981,000000301981.jpg,640x480,1,0.631237,0,0,FP,yolov8l_bsz4.ms,228.50,169.50,398.00,0.500,Mid (Meeting),4.24,34.06,372.20,2378.00,11499.37,283.29,,0,67,45.00,-120,3983638,-478036.56,6,fused
348488,000000348488.jpg,640x480,1,0.630474,0,0,FP,yolov8l_bsz4.ms,225.50,157.00,382.50,0.500,Mid (Meeting),4.24,32.37,367.33,2382.00,11499.37,283.07,,0,67,45.00,-197,3981633,-784381.70,6,fused
345261,000000345261.jpg,585x640,1,0.630366,0,0,FP,yolov8l_bsz4.ms,225.50,157.00,382.50,0.500,Mid (Meeting),4.24,32.37,367.33,2382.00,11499.37,283.07,,0,67,45.00,-197,3981633,-784381.70,6,fused
368038,000000368038.jpg,640x317,1,0.629788,0,0,FP,yolov8l_bsz4.ms,225.50,157.00,382.50,0.500,Mid (Meeting),4.24,32.37,367.33,2382.00,11499.37,283.07,,0,67,45.00,-197,3981633,-784381.70,6,fused
18833,000000018833.jpg,640x426,1,0.629769,0,0,FP,yolov8l_bsz4.ms,225.50,157.00,382.50,0.500,Mid (Meeting),4.24,32.37,367.33,2382.00,11499.37,283.07,,0,67,45.00,-197,3981633,-784381.70,6,fused
51326,000000051326.jpg,640x427,1,0.629735,0,0,FP,yolov8l_bsz4.ms,229.00,185.75,414.75,0.500,Mid (Meeting),4.28,32.14,346.79,2401.00,11499.37,298.19,,0,67,45.00,-124,3983626,-493969.62,6,fused
530162,000000530162.jpg,640x427,1,0.629602,1,1,TP,yolov8l_bsz4.ms,229.00,185.75,414.75,0.500,Mid (Meeting),4.28,32.14,346.79,2401.00,11499.37,298.19,,0,67,45.00,-124,3983626,-493969.62,6,fused
180383,000000180383.jpg,640x480,1,0.629437,1,1,TP,yolov8l_bsz4.ms,229.00,185.75,414.75,0.500,Mid (Meeting),4.28,32.14,346.79,2401.00,11499.37,298.19,,0,67,45.00,-124,3983626,-493969.62,6,fused
491470,000000491470.jpg,375x500,1,0.628284,0,0,FP,yolov8l_bsz4.ms,229.00,185.75,414.75,0.500,Mid (Meeting),4.28,32.14,346.79,2401.00,11499.37,298.19,,0,67,45.00,-124,3983626,-493969.62,6,fused
553776,000000553776.jpg,640x489,1,0.627800,1,1,TP,yolov8l_bsz4.ms,229.00,177.25,406.25,0.500,Mid (Meeting),5.58,32.14,302.28,2446.00,11499.37,339.01,,0,67,45.00,-185,3981819,-736636.52,6,fused
15746,000000015746.jpg,427x640,1,0.627776,0,0,FP,yolov8l_bsz4.ms,229.00,177.25,406.25,0.500,Mid (Meeting),5.58,32.14,302.28,2446.00,11499.37,339.01,,0,67,45.00,-185,3981819,-736636.52,6,fused
438269,000000438269.jpg,429x640,1,0.626647,0,0,FP,yolov8l_bsz4.ms,229.00,177.25,406.25,0.500,Mid (Meeting),5.58,32.14,302.28,2446.00,11499.37,339.01,,0,67,45.00,-185,3981819,-736636.52,6,fused
151662,000000151662.jpg,640x480,1,0.625551,0,0,FP,yolov8l_bsz4.ms,229.00,177.25,406.25,0.500,Mid (Meeting),5.58,32.14,302.28,2446.00,11499.37,339.01,,0,67,45.00,-185,3981819,-736636.52,6,fused
27768,000000027768.jpg,612x612,1,0.625333,1,1,TP,yolov8l_bsz4.ms,228.25,169.75,398.00,0.500,Mid (Meeting),4.75,31.95,369.20,2380.00,11499.37,268.71,,0,67,45.00,-215,3981124,-855941.66,6,fused
455352,000000455352.jpg,640x530,1,0.625328,0,0,FP,yolov8l_bsz4.ms,228.25,169.75,398.00,0.500,Mid (Meeting),4.75,31.95,369.20,2380.00,11499.37,268.71,,0,67,45.00,-215,3981124,-855941.66,6,fused
506310,000000506310.jpg,640x425,1,0.625152,0,0,FP,yolov8l_bsz4.ms,228.25,169.75,398.00,0.500,Mid (Meeting),4.75,31.95,369.20,2380.00,11499.37,268.71,,0,67,45.00,-215,3981124,-855941.66,6,fused
210032,000000210032.jpg,640x401,1,0.624596,1,1,TP,yolov8l_bsz4.ms,228.25,169.75,398.00,0.500,Mid (Meeting),4.75,31.95,369.20,2380.00,11499.37,268.71,,0,67,45.00,-215,3981124,-855941.66,6,fused
531707,000000531707.jpg,640x480,1,0.624395,1,1,TP,yolov8l_bsz4.ms,227.25,198.00,425.25,0.500,Mid (Meeting),4.69,33.26,364.88,2383.00,11499.37,274.48,,0,67,45.00,-137,3983170,-545694.29,6,fused
134886,000000134886.jpg,640x480,1,0.623784,1,1,TP,yolov8l_bsz4.ms,227.25,198.00,425.25,0.500,Mid (Meeting),4.69,33.26,364.88,2383.00,11499.37,274.48,,0,67,45.00,-137,3983170,-545694.29,6,fused
526392,000000526392.jpg,500x333,1,0.623728,0,0,FP,yolov8l_bsz4.ms,227.25,198.00,425.25,0.500,Mid (Meeting),4.69,33.26,364.88,2383.00,11499.37,274.48,,0,67,45.00,-137,3983170,-545694.29,6,fused
319607,000000319607.jpg,640x640,1,0.623286,1,1,TP,yolov8l_bsz4.ms,227.25,198.00,425.25,0.500,Mid (Meeting),4.69,33.26,364.88,2383.00,11499.37,274.48,,0,67,45.00,-137,3983170,-545694.29,6,fused
341058,000000341058.jpg,359x640,1,0.623049,0,0,FP,yolov8l_bsz4.ms,232.00,148.50,380.50,0.500,Mid (Meeting),4.56,33.26,348.77,2397.00,11499.37,284.34,,0,67,45.00,-204,3981149,-812154.40,6,fused
279887,000000279887.jpg,640x427,1,0.623046,0,0,FP,yolov8l_bsz4.ms,232.00,148.50,380.50,0.500,Mid (Meeting),4.56,33.26,348.77,2397.00,11499.37,284.34,,0,67,45.00,-204,3981149,-812154.40,6,fused
494759,000000494759.jpg,640x480,1,0.622712,1,1,TP,yolov8l_bsz4.ms,232.00,148.50,380.50,0.500,Mid (Meeting),4.56,33.26,348.77,2397.00,11499.37,284.34,,0,67,45.00,-204,3981149,-812154.40,6,fused
274272,000000274272.jpg,640x480,1,0.622596,1,1,TP,yolov8l_bsz4.ms,232.00,148.50,380.50,0.500,Mid (Meeting),4.56,33.26,348.77,2397.00,11499.37,284.34,,0,67,45.00,-204,3981149,-812154.40,6,fused
367228,000000367228.jpg,333x500,1,0.622374,1,1,TP,yolov8l_bsz4.ms,228.50,183.00,411.50,0.500,Mid (Meeting),4.51,33.86,301.59,2441.00,11499.37,323.81,,0,67,45.00,-179,3981867,-712754.19,6,fused
154947,000000154947.jpg,640x640,1,0.622368,0,0,FP,yolov8l_bsz4.ms,228.50,183.00,411.50,0.500,Mid (Meeting),4.51,33.86,301.59,2441.00,11499.37,323.81,,0,67,45.00,-179,3981867,-712754.19,6,fused
478474,000000478474.jpg,480x640,1,0.622165,0,0,FP,yolov8l_bsz4.ms,228.50,183.00,411.50,0.500,Mid (Meeting),4.51,33.86,301.59,2441.00,11499.37,323.81,,0,67,45.00,-179,3981867,-712754.19,6,fused
376284,000000376284.jpg,500x333,1,0.622088,0,0,FP,yolov8l_bsz4.ms,228.50,183.00,411.50,0.500,Mid (Meeting),4.51,33.86,301.59,2441.00,11499.37,323.81,,0,67,45.00,-179,3981867,-712754.19,6,fused
50331,000000050331.jpg,640x480,1,0.622082,0,0,FP,yolov8l_bsz4.ms,228.00,179.50,407.50,0.500,Mid (Meeting),4.47,34.73,368.13,2371.00,11499.37,249.43,,0,67,45.00,-190,3981454,-756476.26,6,fused
186929,000000186929.jpg,333x500,1,0.620995,0,0,FP,yolov8l_bsz4.ms,228.00,179.50,407.50,0.500,Mid (Meeting),4.47,34.73,368.13,2371.00,11499.37,249.43,,0,67,45.00,-190,3981454,-756476.26,6,fused
367818,000000367818.jpg,640x427,1,0.620558,1,1,TP,yolov8l_bsz4.ms,228.00,179.50,407.50,0.500,Mid (Meeting),4.47,34.73,368.13,2371.00,11499.37,249.43,,0,67,45.00,-190,3981454,-756476.26,6,fused
493772,000000493772.jpg,640x640,1,0.619774,1,1,TP,yolov8l_bsz4.ms,228.00,179.50,407.50,0.500,Mid (Meeting),4.47,34.73,368.13,2371.00,11499.37,249.43,,0,67,45.00,-190,3981454,-756476.26,6,fused
23751,000000023751.jpg,430x640,1,0.619755,0,0,FP,yolov8l_bsz4.ms,232.00,166.50,398.50,0.500,Mid (Meeting),5.43,34.73,367.93,2371.00,11499.37,245.72,,0,67,45.00,-150,3982518,-597377.70,6,fused
78420,000000078420.jpg,640x480,1,0.619400,0,0,FP,yolov8l_bsz4.ms,232.00,166.50,398.50,0.500,Mid (Meeting),5.43,34.73,367.93,2371.00,11499.37,245.72,,0,67,45.00,-150,3982518,-597377.70,6,fused
179265,000000179265.jpg,640x426,1,0.619330,1,1,TP,yolov8l_bsz4.ms,232.00,166.50,398.50,0.500,Mid (Meeting),5.43,34.73,367.93,2371.00,11499.37,245.72,,0,67,45.00,-150,3982518,-597377.70,6,fused
504000,000000504000.jpg,640x243,1,0.619011,1,1,TP,yolov8l_bsz4.ms,232.00,166.50,398.50,0.500,Mid (Meeting),5.43,34.73,367.93,2371.00,11499.37,245.72,,0,67,45.00,-150,3982518,-597377.70,6,fused
155341,000000155341.jpg,640x480,1,0.618975,1,1,TP,yolov8l_bsz4.ms,230.25,168.00,398.25,0.500,Mid (Meeting),4.77,36.75,346.30,2390.00,11499.37,260.04,,0,67,45.00,-258,3979463,-1026701.45,6,fused
433774,000000433774.jpg,640x427,1,0.618288,0,0,FP,yolov8l_bsz4.ms,230.25,168.00,398.25,0.500,Mid (Meeting),4.77,36.75,346.30,2390.00,11499.37,260.04,,0,67,45.00,-258,3979463,-1026701.45,6,fused
534394,000000534394.jpg,640x359,1,0.616991,0,0,FP,yolov8l_bsz4.ms,230.25,168.00,398.25,0.500,Mid (Meeting),4.77,36.75,346.30,2390.00,11499.37,260.04,,0,67,45.00,-258,3979463,-1026701.45,6,fused
287527,000000287527.jpg,640x640,1,0.616745,1,1,TP,yolov8l_bsz4.ms,230.25,168.00,398.25,0.500,Mid (Meeting),4.77,36.75,346.30,2390.00,11499.37,260.04,,0,67,45.00,-258,3979463,-1026701.45,6,fused
12280,000000012280.jpg,480x640,1,0.616714,1,1,TP,yolov8l_bsz4.ms,225.50,184.00,409.50,0.500,Mid (Meeting),4.63,37.15,292.32,2443.00,11499.37,308.69,,0,67,45.00,-139,3982691,-553594.05,6,fused
556873,000000556873.jpg,427x640,1,0.616482,0,0,FP,yolov8l_bsz4.ms,225.50,184.00,409.50,0.500,Mid (Meeting),4.63,37.15,292.32,2443.00,11499.37,308.69,,0,67,45.00,-139,3982691,-553594.05,6,fused
65485,000000065485.jpg,640x364,1,0.616377,0,0,FP,yolov8l_bsz4.ms,225.50,184.00,409.50,0.500,Mid (Meeting),4.63,37.15,292.32,2443.00,11499.37,308.69,,0,67,45.00,-139,3982691,-553594.05,6,fused
488664,000000488664.jpg,629x489,1,0.616033,0,0,FP,yolov8l_bsz4.ms,225.50,184.00,409.50,0.500,Mid (Meeting),4.63,37.15,292.32,2443.00,11499.37,308.69,,0,67,45.00,-139,3982691,-553594.05,6,fused
494634,000000494634.jpg,640x480,1,0.615722,0,0,FP,yolov8l_bsz4.ms,229.00,156.00,385.00,0.500,Mid (Meeting),4.47,37.15,369.32,2370.00,11499.37,257.69,,0,67,45.00,-199,3981158,-792250.44,6,fused
532493,000000532493.jpg,640x408,1,0.615623,1,1,TP,yolov8l_bsz4.ms,229.00,156.00,385.00,0.500,Mid (Meeting),4.47,37.15,369.32,2370.00,11499.37,257.69,,0,67,45.00,-199,3981158,-792250.44,6,fused
371677,000000371677.jpg,640x480,1,0.615164,0,0,FP,yolov8l_bsz4.ms,229.00,156.00,385.00,0.500,Mid (Meeting),4.47,37.15,369.32,2370.00,11499.37,257.69,,0,67,45.00,-199,3981158,-792250.44,6,fused
11511,000000011511.jpg,640x464,1,0.614234,1,1,TP,yolov8l_bsz4.ms,229.00,156.00,385.00,0.500,Mid (Meeting),4.47,37.15,369.32,2370.00,11499.37,257.69,,0,67,45.00,-199,3981158,-792250.44,6,fused
51961,000000051961.jpg,427x640,1,0.614082,0,0,FP,yolov8l_bsz4.ms,231.00,151.25,382.25,0.500,Mid (Meeting),4.44,35.02,367.90,2371.00,11499.37,254.46,,0,67,45.00,-146,3982540,-581450.84,6,fused
482978,000000482978.jpg,640x360,1,0.613493,0,0,FP,yolov8l_bsz4.ms,231.00,151.25,382.25,0.500,Mid (Meeting),4.44,35.02,367.90,2371.00,11499.37,254.46,,0,67,45.00,-146,3982540,-581450.84,6,fused
112634,000000112634.jpg,640x443,1,0.612835,0,0,FP,yolov8l_bsz4.ms,231.00,151.25,382.25,0.500,Mid (Meeting),4.44,35.02,367.90,2371.00,11499.37,254.46,,0,67,45.00,-146,3982540,-581450.84,6,fused
509719,000000509719.jpg,640x427,1,0.612634,0,0,FP,yolov8l_bsz4.ms,231.00,151.25,382.25,0.500,Mid (Meeting),4.44,35.02,367.90,2371.00,11499.37,254.46,,0,67,45.00,-146,3982540,-581450.84,6,fused
153343,000000153343.jpg,640x480,1,0.612254,0,0,FP,yolov8l_bsz4.ms,232.50,198.75,431.25,0.500,Mid (Meeting),4.45,34.08,347.04,2393.00,11499.37,269.75,,0,67,45.00,-182,3981550,-724642.10,7,fused
379441,000000379441.jpg,640x480,1,0.612105,0,0,FP,yolov8l_bsz4.ms,232.50,198.75,431.25,0.500,Mid (Meeting),4.45,34.08,347.04,2393.00,11499.37,269.75,,0,67,45.00,-182,3981550,-724642.10,7,fused
508602,000000508602.jpg,500x429,1,0.612086,0,0,FP,yolov8l_bsz4.ms,232.50,198.75,431.25,0.500,Mid (Meeting),4.45,34.08,347.04,2393.00,11499.37,269.75,,0,67,45.00,-182,3981550,-724642.10,7,fused
469246,000000469246.jpg,640x480,1,0.611314,1,1,TP,yolov8l_bsz4.ms,232.50,198.75,431.25,0.500,Mid (Meeting),4.45,34.08,347.04,2393.00,11499.37,269.75,,0,67,45.00,-182,3981550,-724642.10,7,fused
407083,000000407083.jpg,480x640,1,0.611242,1,1,TP,yolov8l_bsz4.ms,233.25,294.75,528.00,0.500,Mid (Meeting),7.51,34.61,290.78,2449.00,11499.37,320.21,,0,67,45.00,-46,3987668,-183432.73,7,fused
290768,000000290768.jpg,612x612,1,0.611119,0,0,FP,yolov8l_bsz4.ms,233.25,294.75,528.00,0.500,Mid (Meeting),7.51,34.61,290.78,2449.00,11499.37,320.21,,0,67,45.00,-46,3987668,-183432.73,7,fused
343976,000000343976.jpg,500x375,1,0.609871,1,1,TP,yolov8l_bsz4.ms,233.25,294.75,528.00,0.500,Mid (Meeting),7.51,34.61,290.78,2449.00,11499.37,320.21,,0,67,45.00,-46,3987668,-183432.73,7,fused
95707,000000095707.jpg,640x360,1,0.609793,0,0,FP,yolov8l_bsz4.ms,233.25,294.75,528.00,0.500,Mid (Meeting),7.51,34.61,290.78,2449.00,11499.37,320.21,,0,67,45.00,-46,3987668,-183432.73,7,fused
513181,000000513181.jpg,640x423,1,0.609582,0,0,FP,yolov8l_bsz4.ms,233.75,227.75,461.50,0.500,Mid (Meeting),5.99,34.61,368.46,2370.00,11499.37,236.25,,0,67,45.00,-79,3984589,-314782.53,7,fused
166277,000000166277.jpg,480x640,1,0.608622,0,0,FP,yolov8l_bsz4.ms,233.75,227.75,461.50,0.500,Mid (Meeting),5.99,34.61,368.46,2370.00,11499.37,236.25,,0,67,45.00,-79,3984589,-314782.53,7,fused
560178,000000560178.jpg,640x480,1,0.608615,1,1,TP,yolov8l_bsz4.ms,233.75,227.75,461.50,0.500,Mid (Meeting),5.99,34.61,368.46,2370.00,11499.37,236.25,,0,67,45.00,-79,3984589,-314782.53,7,fused
188439,000000188439.jpg,640x408,1,0.608281,1,1,TP,yolov8l_bsz4.ms,233.75,227.75,461.50,0.500,Mid (Meeting),5.99,34.61,368.46,2370.00,11499.37,236.25,,0,67,45.00,-79,3984589,-314782.53,7,fused
7108,000000007108.jpg,640x426,1,0.607127,0,0,FP,yolov8l_bsz4.ms,230.50,228.00,458.50,0.500,Mid (Meeting),5.56,33.65,369.77,2367.00,11499.37,228.05,,0,67,45.00,-67,3984938,-266990.85,7,fused
554328,000000554328.jpg,640x499,1,0.606398,1,1,TP,yolov8l_bsz4.ms,230.50,228.00,458.50,0.500,Mid (Meeting),5.56,33.65,369.77,2367.00,11499.37,228.05,,0,67,45.00,-67,3984938,-266990.85,7,fused
209757,000000209757.jpg,426x640,1,0.606380,1,1,TP,yolov8l_bsz4.ms,230.50,228.00,458.50,0.500,Mid (Meeting),5.56,33.65,369.77,2367.00,11499.37,228.05,,0,67,45.00,-67,3984938,-266990.85,7,fused
234660,000000234660.jpg,640x480,1,0.606280,0,0,FP,yolov8l_bsz4.ms,230.50,228.00,458.50,0.500,Mid (Meeting),5.56,33.65,369.77,2367.00,11499.37,228.05,,0,67,45.00,-67,3984938,-266990.85,7,fused
41635,000000041635.jpg,640x480,1,0.605360,0,0,FP,yolov8l_bsz4.ms,229.75,275.50,505.25,0.500,Mid (Meeting),5.49,33.53,346.65,2389.00,11499.37,251.89,,0,67,45.00,-87,3984440,-346646.28,7,fused
121153,000000121153.jpg,640x480,1,0.604771,0,0,FP,yolov8l_bsz4.ms,229.75,275.50,505.25,0.500,Mid (Meeting),5.49,33.53,346.65,2389.00,11499.37,251.89,,0,67,45.00,-87,3984440,-346646.28,7,fused
261796,000000261796.jpg,523x640,1,0.604766,0,0,FP,yolov8l_bsz4.ms,229.75,275.50,505.25,0.500,Mid (Meeting),5.49,33.53,346.65,2389.00,11499.37,251.89,,0,67,45.00,-87,3984440,-346646.28,7,fused
19924,000000019924.jpg,458x500,1,0.604754,1,1,TP,yolov8l_bsz4.ms,229.75,275.50,505.25,0.500,Mid (Meeting),5.49,33.53,346.65,2389.00,11499.37,251.89,,0,67,45.00,-87,3984440,-346646.28,7,fused
456303,000000456303.jpg,321x500,1,0.603787,1,1,TP,yolov8l_bsz4.ms,229.00,231.50,460.50,0.500,Mid (Meeting),5.40,34.46,291.57,2441.00,11499.37,299.64,,0,67,45.00,-92,3984143,-366541.16,7,fused
363784,000000363784.jpg,640x480,1,0.603476,0,0,FP,yolov8l_bsz4.ms,229.00,231.50,460.50,0.500,Mid (Meeting),5.40,34.46,291.57,2441.00,11499.37,299.64,,0,67,45.00,-92,3984143,-366541.16,7,fused
231831,000000231831.jpg,481x640,1,0.603439,0,0,FP,yolov8l_bsz4.ms,229.00,231.50,460.50,0.500,Mid (Meeting),5.40,34.46,291.57,2441.00,11499.37,299.64,,0,67,45.00,-92,3984143,-366541.16,7,fused
505573,000000505573.jpg,359x640,1,0.603413,0,0,FP,yolov8l_bsz4.ms,229.00,231.50,460.50,0.500,Mid (Meeting),5.40,34.46,291.57,2441.00,11499.37,299.64,,0,67,45.00,-92,3984143,-366541.16,7,fused
405205,000000405205.jpg,550x410,1,0.602516,0,0,FP,yolov8l_bsz4.ms,227.25,312.00,539.25,0.500,Mid (Meeting),6.91,42.11,368.51,2362.00,11499.37,215.63,,0,67,45.00,-96,3984080,-382471.68,7,fused
404479,000000404479.jpg,640x427,1,0.602023,0,0,FP,yolov8l_bsz4.ms,227.25,312.00,539.25,0.500,Mid (Meeting),6.91,42.11,368.51,2362.00,11499.37,215.63,,0,67,45.00,-96,3984080,-382471.68,7,fused
289938,000000289938.jpg,640x426,1,0.601579,1,1,TP,yolov8l_bsz4.ms,227.25,312.00,539.25,0.500,Mid (Meeting),6.91,42.11,368.51,2362.00,11499.37,215.63,,0,67,45.00,-96,3984080,-382471.68,7,fused
471087,000000471087.jpg,409x500,1,0.600814,1,1,TP,yolov8l_bsz4.ms,227.25,312.00,539.25,0.500,Mid (Meeting),6.91,42.11,368.51,2362.00,11499.37,215.63,,0,67,45.00,-96,3984080,-382471.68,7,fused
410428,000000410428.jpg,640x427,1,0.600386,0,0,FP,yolov8l_bsz4.ms,232.50,289.75,522.25,0.500,Mid (Meeting),5.94,39.59,367.80,2360.00,11499.37,207.79,,0,67,45.00,-62,3985145,-247078.99,7,fused
224200,000000224200.jpg,640x640,1,0.600370,0,0,FP,yolov8l_bsz4.ms,232.50,289.75,522.25,0.500,Mid (Meeting),5.94,39.59,367.80,2360.00,11499.37,207.79,,0,67,45.00,-62,3985145,-247078.99,7,fused
178469,000000178469.jpg,640x427,1,0.599662,0,0,FP,yolov8l_bsz4.ms,232.50,289.75,522.25,0.500,Mid (Meeting),5.94,39.59,367.80,2360.00,11499.37,207.79,,0,67,45.00,-62,3985145,-247078.99,7,fused
419098,000000419098.jpg,640x554,1,0.599481,0,0,FP,yolov8l_bsz4.ms,232.50,289.75,522.25,0.500,Mid (Meeting),5.94,39.59,367.80,2360.00,11499.37,207.79,,0,67,45.00,-62,3985145,-247078.99,7,fused
437392,000000437392.jpg,480x640,1,0.599115,0,0,FP,yolov8l_bsz4.ms,228.25,214.50,442.75,0.500,Mid (Meeting),5.60,39.59,366.84,2359.00,11499.37,201.28,,0,67,45.00,-132,3983014,-525757.85,7,fused
44652,000000044652.jpg,640x427,1,0.599103,0,0,FP,yolov8l_bsz4.ms,228.25,214.50,442.75,0.500,Mid (Meeting),5.60,39.59,366.84,2359.00,11499.37,201.28,,0,67,45.00,-132,3983014,-525757.85,7,fused
134722,000000134722.jpg,640x480,1,0.599012,0,0,FP,yolov8l_bsz4.ms,228.25,214.50,442.75,0.500,Mid (Meeting),5.60,39.59,366.84,2359.00,11499.37,201.28,,0,67,45.00,-132,3983014,-525757.85,7,fused
181499,000000181499.jpg,640x513,1,0.598246,1,1,TP,yolov8l_bsz4.ms,228.25,214.50,442.75,0.500,Mid (Meeting),5.60,39.59,366.84,2359.00,11499.37,201.28,,0,67,45.00,-132,3983014,-525757.85,7,fused
283717,000000283717.jpg,640x480,1,0.598150,0,0,FP,yolov8l_bsz4.ms,233.50,261.25,494.75,0.500,Mid (Meeting),5.51,37.65,365.11,2368.00,11499.37,236.40,,0,67,45.00,-70,3984772,-278934.04,7,fused
70774,000000070774.jpg,640x425,1,0.598107,0,0,FP,yolov8l_bsz4.ms,233.50,261.25,494.75,0.500,Mid (Meeting),5.51,37.65,365.11,2368.00,11499.37,236.40,,0,67,45.00,-70,3984772,-278934.04,7,fused
466567,000000466567.jpg,480x640,1,0.596797,0,0,FP,yolov8l_bsz4.ms,233.50,261.25,494.75,0.500,Mid (Meeting),5.51,37.65,365.11,2368.00,11499.37,236.40,,0,67,45.00,-70,3984772,-278934.04,7,fused
128112,000000128112.jpg,425x640,1,0.596388,1,1,TP,yolov8l_bsz4.ms,233.50,261.25,494.75,0.500,Mid (Meeting),5.51,37.65,365.11,2368.00,11499.37,236.40,,0,67,45.00,-70,3984772,-278934.04,7,fused
42296,000000042296.jpg,640x425,1,0.596166,0,0,FP,yolov8l_bsz4.ms,235.00,262.75,497.75,0.500,Mid (Meeting),5.42,36.83,367.57,2367.00,11499.37,230.77,,0,67,45.00,8,3986969,31895.75,7,fused
8899,000000008899.jpg,640x539,1,0.595897,0,0,FP,yolov8l_bsz4.ms,235.00,262.75,497.75,0.500,Mid (Meeting),5.42,36.83,367.57,2367.00,11499.37,230.77,,0,67,45.00,8,3986969,31895.75,7,fused
190756,000000190756.jpg,640x480,1,0.595474,1,1,TP,yolov8l_bsz4.ms,235.00,262.75,497.75,0.500,Mid (Meeting),5.42,36.83,367.57,2367.00,11499.37,230.77,,0,67,45.00,8,3986969,31895.75,7,fused
384527,000000384527.jpg,640x480,1,0.594982,0,0,FP,yolov8l_bsz4.ms,235.00,262.75,497.75,0.500,Mid (Meeting),5.42,36.83,367.57,2367.00,11499.37,230.77,,0,67,45.00,8,3986969,31895.75,7,fused
527220,000000527220.jpg,500x169,1,0.594801,0,0,FP,yolov8l_bsz4.ms,235.50,147.50,383.00,0.500,Mid (Meeting),4.44,30.77,368.85,2368.00,11499.37,223.79,,0,67,45.00,-146,3982753,-581481.94,7,fused
525083,000000525083.jpg,640x428,1,0.593315,0,0,FP,yolov8l_bsz4.ms,235.50,147.50,383.00,0.500,Mid (Meeting),4.44,30.77,368.85,2368.00,11499.37,223.79,,0,67,45.00,-146,3982753,-581481.94,7,fused
571264,000000571264.jpg,640x426,1,0.592759,1,1,TP,yolov8l_bsz4.ms,235.50,147.50,383.00,0.500,Mid (Meeting),4.44,30.77,368.85,2368.00,11499.37,223.79,,0,67,45.00,-146,3982753,-581481.94,7,fused
426372,000000426372.jpg,640x427,1,0.592235,0,0,FP,yolov8l_bsz4.ms,235.50,147.50,383.00,0.500,Mid (Meeting),4.44,30.77,368.85,2368.00,11499.37,223.79,,0,67,45.00,-146,3982753,-581481.94,7,fused
145620,000000145620.jpg,640x436,1,0.591934,1,1,TP,yolov8l_bsz4.ms,232.25,291.00,523.25,0.500,Mid (Meeting),5.03,33.94,344.93,2391.00,11499.37,242.11,,0,67,45.00,23,3987437,91711.05,7,fused
74200,000000074200.jpg,640x480,1,0.591823,1,1,TP,yolov8l_bsz4.ms,232.25,291.00,523.25,0.500,Mid (Meeting),5.03,33.94,344.93,2391.00,11499.37,242.11,,0,67,45.00,23,3987437,91711.05,7,fused
263068,000000263068.jpg,330x500,1,0.591429,1,1,TP,yolov8l_bsz4.ms,232.25,291.00,523.25,0.500,Mid (Meeting),5.03,33.94,344.93,2391.00,11499.37,242.11,,0,67,45.00,23,3987437,91711.05,7,fused
455872,000000455872.jpg,500x375,1,0.591126,0,0,FP,yolov8l_bsz4.ms,232.25,291.00,523.25,0.500,Mid (Meeting),5.03,33.94,344.93,2391.00,11499.37,242.11,,0,67,45.00,23,3987437,91711.05,7,fused
32570,000000032570.jpg,640x427,1,0.590887,1,1,TP,yolov8l_bsz4.ms,231.00,272.50,503.50,0.500,Mid (Meeting),5.07,34.11,291.96,2444.00,11499.37,290.05,,0,67,45.00,-80,3984626,-318770.08,7,fused
534664,000000534664.jpg,640x404,1,0.590872,0,0,FP,yolov8l_bsz4.ms,231.00,272.50,503.50,0.500,Mid (Meeting),5.07,34.11,291.96,2444.00,11499.37,290.05,,0,67,45.00,-80,3984626,-318770.08,7,fused
66038,000000066038.jpg,640x480,1,0.589916,1,1,TP,yolov8l_bsz4.ms,231.00,272.50,503.50,0.500,Mid (Meeting),5.07,34.11,291.96,2444.00,11499.37,290.05,,0,67,45.00,-80,3984626,-318770.08,7,fused
98392,000000098392.jpg,480x640,1,0.589538,1,1,TP,yolov8l_bsz4.ms,231.00,272.50,503.50,0.500,Mid (Meeting),5.07,34.11,291.96,2444.00,11499.37,290.05,,0,67,45.00,-80,3984626,-318770.08,7,fused
577959,000000577959.jpg,640x427,1,0.589433,1,1,TP,yolov8l_bsz4.ms,230.25,270.75,501.00,0.500,Mid (Meeting),5.08,33.55,369.05,2365.00,11499.37,213.16,,0,67,45.00,-13,3986447,-51823.81,7,fused
146363,000000146363.jpg,500x375,1,0.588810,0,0,FP,yolov8l_bsz4.ms,230.25,270.75,501.00,0.500,Mid (Meeting),5.08,33.55,369.05,2365.00,11499.37,213.16,,0,67,45.00,-13,3986447,-51823.81,7,fused
534827,000000534827.jpg,612x612,1,0.588772,1,1,TP,yolov8l_bsz4.ms,230.25,270.75,501.00,0.500,Mid (Meeting),5.08,33.55,369.05,2365.00,11499.37,213.16,,0,67,45.00,-13,3986447,-51823.81,7,fused
425925,000000425925.jpg,640x468,1,0.588657,1,1,TP,yolov8l_bsz4.ms,230.25,270.75,501.00,0.500,Mid (Meeting),5.08,33.55,369.05,2365.00,11499.37,213.16,,0,67,45.00,-13,3986447,-51823.81,7,fused
424975,000000424975.jpg,640x480,1,0.588629,1,1,TP,yolov8l_bsz4.ms,229.00,282.75,511.75,0.500,Mid (Meeting),5.11,34.22,367.44,2365.00,11499.37,208.17,,0,67,45.00,-101,3984023,-402386.32,7,fused
482100,000000482100.jpg,640x427,1,0.588607,0,0,FP,yolov8l_bsz4.ms,229.00,282.75,511.75,0.500,Mid (Meeting),5.11,34.22,367.44,2365.00,11499.37,208.17,,0,67,45.00,-101,3984023,-402386.32,7,fused
544052,000000544052.jpg,640x640,1,0.588055,0,0,FP,yolov8l_bsz4.ms,229.00,282.75,511.75,0.500,Mid (Meeting),5.11,34.22,367.44,2365.00,11499.37,208.17,,0,67,45.00,-101,3984023,-402386.32,7,fused
333772,000000333772.jpg,500x375,1,0.588036,0,0,FP,yolov8l_bsz4.ms,229.00,282.75,511.75,0.500,Mid (Meeting),5.11,34.22,367.44,2365.00,11499.37,208.17,,0,67,45.00,-101,3984023,-402386.32,7,fused
234526,000000234526.jpg,612x612,1,0.587895,1,1,TP,yolov8l_bsz4.ms,234.25,254.50,488.75,0.500,Mid (Meeting),4.96,39.73,365.88,2363.00,11499.37,201.37,,0,67,45.00,-297,3978327,-1181563.12,7,fused
295138,000000295138.jpg,640x423,1,0.587493,1,1,TP,yolov8l_bsz4.ms,234.25,254.50,488.75,0.500,Mid (Meeting),4.96,39.73,365.88,2363.00,11499.37,201.37,,0,67,45.00,-297,3978327,-1181563.12,7,fused
171050,000000171050.jpg,480x640,1,0.587280,0,0,FP,yolov8l_bsz4.ms,234.25,254.50,488.75,0.500,Mid (Meeting),4.96,39.73,365.88,2363.00,11499.37,201.37,,0,67,45.00,-297,3978327,-1181563.12,7,fused
488270,000000488270.jpg,640x426,1,0.586845,0,0,FP,yolov8l_bsz4.ms,234.25,254.50,488.75,0.500,Mid (Meeting),4.96,39.73,365.88,2363.00,11499.37,201.37,,0,67,45.00,-297,3978327,-1181563.12,7,fused
203580,000000203580.jpg,640x427,1,0.586466,0,0,FP,yolov8l_bsz4.ms,231.00,254.75,485.75,0.500,Mid (Meeting),5.02,38.92,291.78,2439.00,11499.37,293.47,,0,67,45.00,-272,3978444,-1082136.77,7,fused
432468,000000432468.jpg,427x640,1,0.586331,0,0,FP,yolov8l_bsz4.ms,231.00,254.75,485.75,0.500,Mid (Meeting),5.02,38.92,291.78,2439.00,11499.37,293.47,,0,67,45.00,-272,3978444,-1082136.77,7,fused
528862,000000528862.jpg,500x375,1,0.586036,0,0,FP,yolov8l_bsz4.ms,231.00,254.75,485.75,0.500,Mid (Meeting),5.02,38.92,291.78,2439.00,11499.37,293.47,,0,67,45.00,-272,3978444,-1082136.77,7,fused
32735,000000032735.jpg,640x427,1,0.585998,1,1,TP,yolov8l_bsz4.ms,231.00,254.75,485.75,0.500,Mid (Meeting),5.02,38.92,291.78,2439.00,11499.37,293.47,,0,67,45.00,-272,3978444,-1082136.77,7,fused
552371,000000552371.jpg,640x426,1,0.585980,0,0,FP,yolov8l_bsz4.ms,230.75,250.50,481.25,0.500,Mid (Meeting),5.00,38.22,369.25,2366.00,11499.37,211.88,,0,67,45.00,-77,3983825,-306754.53,7,fused
370999,000000370999.jpg,640x480,1,0.585740,0,0,FP,yolov8l_bsz4.ms,230.75,250.50,481.25,0.500,Mid (Meeting),5.00,38.22,369.25,2366.00,11499.37,211.88,,0,67,45.00,-77,3983825,-306754.53,7,fused
307074,000000307074.jpg,500x333,1,0.585602,0,0,FP,yolov8l_bsz4.ms,230.75,250.50,481.25,0.500,Mid (Meeting),5.00,38.22,369.25,2366.00,11499.37,211.88,,0,67,45.00,-77,3983825,-306754.53,7,fused
41872,000000041872.jpg,640x426,1,0.584860,0,0,FP,yolov8l_bsz4.ms,230.75,250.50,481.25,0.500,Mid (Meeting),5.00,38.22,369.25,2366.00,11499.37,211.88,,0,67,45.00,-77,3983825,-306754.53,7,fused
89556,000000089556.jpg,640x480,1,0.583920,0,0,FP,yolov8l_bsz4.ms,229.50,214.00,443.50,0.500,Mid (Meeting),4.93,38.22,368.70,2365.00,11499.37,205.10,,0,67,45.00,-58,3984546,-231103.67,7,fused
385205,000000385205.jpg,640x480,1,0.583285,0,0,FP,yolov8l_bsz4.ms,229.50,214.00,443.50,0.500,Mid (Meeting),4.93,38.22,368.70,2365.00,11499.37,205.10,,0,67,45.00,-58,3984546,-231103.67,7,fused
289702,000000289702.jpg,640x427,1,0.583250,0,0,FP,yolov8l_bsz4.ms,229.50,214.00,443.50,0.500,Mid (Meeting),4.93,38.22,368.70,2365.00,11499.37,205.10,,0,67,45.00,-58,3984546,-231103.67,7,fused
400367,000000400367.jpg,500x333,1,0.583171,0,0,FP,yolov8l_bsz4.ms,229.50,214.00,443.50,0.500,Mid (Meeting),4.93,38.22,368.70,2365.00,11499.37,205.10,,0,67,45.00,-58,3984546,-231103.67,7,fused
553094,000000553094.jpg,640x426,1,0.582906,0,0,FP,yolov8l_bsz4.ms,232.25,172.00,404.25,0.500,Mid (Meeting),4.90,37.00,347.29,2374.00,11499.37,238.81,,0,67,45.00,-153,3981882,-609227.95,7,fused
575357,000000575357.jpg,640x453,1,0.582825,0,0,FP,yolov8l_bsz4.ms,232.25,172.00,404.25,0.500,Mid (Meeting),4.90,37.00,347.29,2374.00,11499.37,238.81,,0,67,45.00,-153,3981882,-609227.95,7,fused
26926,000000026926.jpg,423x640,1,0.582487,0,0,FP,yolov8l_bsz4.ms,232.25,172.00,404.25,0.500,Mid (Meeting),4.90,37.00,347.29,2374.00,11499.37,238.81,,0,67,45.00,-153,3981882,-609227.95,7,fused
258911,000000258911.jpg,640x426,1,0.582376,1,1,TP,yolov8l_bsz4.ms,232.25,172.00,404.25,0.500,Mid (Meeting),4.90,37.00,347.29,2374.00,11499.37,238.81,,0,67,45.00,-153,3981882,-609227.95,7,fused
356169,000000356169.jpg,640x480,1,0.582364,0,0,FP,yolov8l_bsz4.ms,238.50,186.00,424.50,0.500,Mid (Meeting),7.14,35.86,292.78,2432.00,11499.37,287.29,,0,67,45.00,-150,3982015,-597302.25,7,fused
417043,000000417043.jpg,640x480,1,0.582319,0,0,FP,yolov8l_bsz4.ms,238.50,186.00,424.50,0.500,Mid (Meeting),7.14,35.86,292.78,2432.00,11499.37,287.29,,0,67,45.00,-150,3982015,-597302.25,7,fused
377486,000000377486.jpg,640x427,1,0.581644,1,1,TP,yolov8l_bsz4.ms,238.50,186.00,424.50,0.500,Mid (Meeting),7.14,35.86,292.78,2432.00,11499.37,287.29,,0,67,45.00,-150,3982015,-597302.25,7,fused
479030,000000479030.jpg,640x424,1,0.581268,0,0,FP,yolov8l_bsz4.ms,238.50,186.00,424.50,0.500,Mid (Meeting),7.14,35.86,292.78,2432.00,11499.37,287.29,,0,67,45.00,-150,3982015,-597302.25,7,fused
73118,000000073118.jpg,612x612,1,0.581019,0,0,FP,yolov8l_bsz4.ms,231.25,287.00,518.25,0.500,Mid (Meeting),5.69,33.34,369.69,2359.00,11499.37,204.29,,0,67,45.00,-79,3984017,-314737.34,7,fused
210915,000000210915.jpg,640x480,1,0.580876,1,1,TP,yolov8l_bsz4.ms,231.25,287.00,518.25,0.500,Mid (Meeting),5.69,33.34,369.69,2359.00,11499.37,204.29,,0,67,45.00,-79,3984017,-314737.34,7,fused
344611,000000344611.jpg,640x426,1,0.580694,0,0,FP,yolov8l_bsz4.ms,231.25,287.00,518.25,0.500,Mid (Meeting),5.69,33.34,369.69,2359.00,11499.37,204.29,,0,67,45.00,-79,3984017,-314737.34,7,fused
183049,000000183049.jpg,427x640,1,0.580396,0,0,FP,yolov8l_bsz4.ms,231.25,287.00,518.25,0.500,Mid (Meeting),5.69,33.34,369.69,2359.00,11499.37,204.29,,0,67,45.00,-79,3984017,-314737.34,7,fused
115946,000000115946.jpg,480x640,1,0.579757,1,1,TP,yolov8l_bsz4.ms,232.00,274.50,506.50,0.500,Mid (Meeting),5.51,32.55,364.27,2364.00,11499.37,204.63,,0,67,45.00,-56,3984705,-223143.48,7,fused
404534,000000404534.jpg,386x500,1,0.579422,0,0,FP,yolov8l_bsz4.ms,232.00,274.50,506.50,0.500,Mid (Meeting),5.51,32.55,364.27,2364.00,11499.37,204.63,,0,67,45.00,-56,3984705,-223143.48,7,fused
20107,000000020107.jpg,333x500,1,0.579385,0,0,FP,yolov8l_bsz4.ms,232.00,274.50,506.50,0.500,Mid (Meeting),5.51,32.55,364.27,2364.00,11499.37,204.63,,0,67,45.00,-56,3984705,-223143.48,7,fused
415727,000000415727.jpg,640x480,1,0.579333,1,1,TP,yolov8l_bsz4.ms,232.00,274.50,506.50,0.500,Mid (Meeting),5.51,32.55,364.27,2364.00,11499.37,204.63,,0,67,45.00,-56,3984705,-223143.48,7,fused
9914,000000009914.jpg,640x480,1,0.579232,0,0,FP,yolov8l_bsz4.ms,231.00,272.75,503.75,0.500,Mid (Meeting),5.47,32.45,346.89,2378.00,11499.37,218.27,,0,67,45.00,-32,3985527,-127536.86,7,fused
145781,000000145781.jpg,640x480,1,0.578627,0,0,FP,yolov8l_bsz4.ms,231.00,272.75,503.75,0.500,Mid (Meeting),5.47,32.45,346.89,2378.00,11499.37,218.27,,0,67,45.00,-32,3985527,-127536.86,7,fused
567197,000000567197.jpg,500x407,1,0.578253,1,1,TP,yolov8l_bsz4.ms,231.00,272.75,503.75,0.500,Mid (Meeting),5.47,32.45,346.89,2378.00,11499.37,218.27,,0,67,45.00,-32,3985527,-127536.86,7,fused
446522,000000446522.jpg,480x640,1,0.577971,0,0,FP,yolov8l_bsz4.ms,231.00,272.75,503.75,0.500,Mid (Meeting),5.47,32.45,346.89,2378.00,11499.37,218.27,,0,67,45.00,-32,3985527,-127536.86,7,fused
166664,000000166664.jpg,640x427,1,0.577955,0,0,FP,yolov8l_bsz4.ms,231.75,273.50,505.25,0.500,Mid (Meeting),5.42,32.56,292.24,2430.00,11499.37,276.93,,0,67,45.00,-77,3984386,-306797.72,7,fused
566758,000000566758.jpg,640x480,1,0.577383,0,0,FP,yolov8l_bsz4.ms,231.75,273.50,505.25,0.500,Mid (Meeting),5.42,32.56,292.24,2430.00,11499.37,276.93,,0,67,45.00,-77,3984386,-306797.72,7,fused
266082,000000266082.jpg,375x500,1,0.577358,0,0,FP,yolov8l_bsz4.ms,231.75,273.50,505.25,0.500,Mid (Meeting),5.42,32.56,292.24,2430.00,11499.37,276.93,,0,67,45.00,-77,3984386,-306797.72,7,fused
153217,000000153217.jpg,375x500,1,0.577337,0,0,FP,yolov8l_bsz4.ms,231.75,273.50,505.25,0.500,Mid (Meeting),5.42,32.56,292.24,2430.00,11499.37,276.93,,0,67,45.00,-77,3984386,-306797.72,7,fused
338428,000000338428.jpg,640x366,1,0.576975,0,0,FP,yolov8l_bsz4.ms,229.50,201.50,431.00,0.500,Mid (Meeting),5.48,32.56,369.02,2357.00,11499.37,195.48,,0,67,45.00,-109,3983261,-434175.45,7,fused
187990,000000187990.jpg,500x375,1,0.576890,1,1,TP,yolov8l_bsz4.ms,229.50,201.50,431.00,0.500,Mid (Meeting),5.48,32.56,369.02,2357.00,11499.37,195.48,,0,67,45.00,-109,3983261,-434175.45,7,fused
222299,000000222299.jpg,500x375,1,0.576603,0,0,FP,yolov8l_bsz4.ms,229.50,201.50,431.00,0.500,Mid (Meeting),5.48,32.56,369.02,2357.00,11499.37,195.48,,0,67,45.00,-109,3983261,-434175.45,7,fused
276707,000000276707.jpg,640x480,1,0.576533,1,1,TP,yolov8l_bsz4.ms,229.50,201.50,431.00,0.500,Mid (Meeting),5.48,32.56,369.02,2357.00,11499.37,195.48,,0,67,45.00,-109,3983261,-434175.45,7,fused
323151,000000323151.jpg,480x640,1,0.576510,0,0,FP,yolov8l_bsz4.ms,230.75,228.00,458.75,0.500,Mid (Meeting),5.20,35.26,368.71,2365.00,11499.37,226.63,,0,67,45.00,-35,3985298,-139485.43,7,fused
184338,000000184338.jpg,640x427,1,0.575649,0,0,FP,yolov8l_bsz4.ms,230.75,228.00,458.75,0.500,Mid (Meeting),5.20,35.26,368.71,2365.00,11499.37,226.63,,0,67,45.00,-35,3985298,-139485.43,7,fused
540466,000000540466.jpg,640x427,1,0.575244,1,1,TP,yolov8l_bsz4.ms,230.75,228.00,458.75,0.500,Mid (Meeting),5.20,35.26,368.71,2365.00,11499.37,226.63,,0,67,45.00,-35,3985298,-139485.43,7,fused
331569,000000331569.jpg,612x612,1,0.575183,0,0,FP,yolov8l_bsz4.ms,230.75,228.00,458.75,0.500,Mid (Meeting),5.20,35.26,368.71,2365.00,11499.37,226.63,,0,67,45.00,-35,3985298,-139485.43,7,fused
509258,000000509258.jpg,640x428,1,0.575001,0,0,FP,yolov8l_bsz4.ms,232.75,223.50,456.25,0.500,Mid (Meeting),5.08,34.86,366.00,2368.00,11499.37,222.26,,0,67,45.00,-55,3984699,-219158.45,7,fused
173383,000000173383.jpg,640x425,1,0.574836,0,0,FP,yolov8l_bsz4.ms,232.75,223.50,456.25,0.500,Mid (Meeting),5.08,34.86,366.00,2368.00,11499.37,222.26,,0,67,45.00,-55,3984699,-219158.45,7,fused
165518,000000165518.jpg,612x612,1,0.574794,1,1,TP,yolov8l_bsz4.ms,232.75,223.50,456.25,0.500,Mid (Meeting),5.08,34.86,366.00,2368.00,11499.37,222.26,,0,67,45.00,-55,3984699,-219158.45,7,fused
1993,000000001993.jpg,640x419,1,0.574609,0,0,FP,yolov8l_bsz4.ms,232.75,223.50,456.25,0.500,Mid (Meeting),5.08,34.86,366.00,2368.00,11499.37,222.26,,0,67,45.00,-55,3984699,-219158.45,7,fused
279541,000000279541.jpg,478x640,1,0.573784,1,1,TP,yolov8l_bsz4.ms,232.00,174.00,406.00,0.500,Mid (Meeting),4.98,34.95,370.88,2360.00,11499.37,209.54,,0,67,45.00,-201,3980827,-800146.23,7,fused
163155,000000163155.jpg,640x427,1,0.573596,0,0,FP,yolov8l_bsz4.ms,232.00,174.00,406.00,0.500,Mid (Meeting),4.98,34.95,370.88,2360.00,11499.37,209.54,,0,67,45.00,-201,3980827,-800146.23,7,fused
535156,000000535156.jpg,640x505,1,0.573502,0,0,FP,yolov8l_bsz4.ms,232.00,174.00,406.00,0.500,Mid (Meeting),4.98,34.95,370.88,2360.00,11499.37,209.54,,0,67,45.00,-201,3980827,-800146.23,7,fused
511321,000000511321.jpg,427x640,1,0.572998,0,0,FP,yolov8l_bsz4.ms,232.00,174.00,406.00,0.500,Mid (Meeting),4.98,34.95,370.88,2360.00,11499.37,209.54,,0,67,45.00,-201,3980827,-800146.23,7,fused
224724,000000224724.jpg,480x640,1,0.572701,1,1,TP,yolov8l_bsz4.ms,229.00,226.25,455.25,0.500,Mid (Meeting),4.97,34.75,366.96,2363.00,11499.37,239.97,,0,67,45.00,-81,3983970,-322701.57,7,fused
463849,000000463849.jpg,564x640,1,0.571554,1,1,TP,yolov8l_bsz4.ms,229.00,226.25,455.25,0.500,Mid (Meeting),4.97,34.75,366.96,2363.00,11499.37,239.97,,0,67,45.00,-81,3983970,-322701.57,7,fused
109055,000000109055.jpg,640x480,1,0.571466,0,0,FP,yolov8l_bsz4.ms,229.00,226.25,455.25,0.500,Mid (Meeting),4.97,34.75,366.96,2363.00,11499.37,239.97,,0,67,45.00,-81,3983970,-322701.57,7,fused
242678,000000242678.jpg,640x481,1,0.571324,1,1,TP,yolov8l_bsz4.ms,229.00,226.25,455.25,0.500,Mid (Meeting),4.97,34.75,366.96,2363.00,11499.37,239.97,,0,67,45.00,-81,3983970,-322701.57,7,fused
116479,000000116479.jpg,411x640,1,0.571023,0,0,FP,yolov8l_bsz4.ms,228.25,209.25,437.50,0.500,Mid (Meeting),8.35,34.75,366.51,2367.00,11499.37,233.82,,0,67,45.00,-55,3984630,-219154.65,7,fused
523033,000000523033.jpg,640x427,1,0.570269,1,1,TP,yolov8l_bsz4.ms,228.25,209.25,437.50,0.500,Mid (Meeting),8.35,34.75,366.51,2367.00,11499.37,233.82,,0,67,45.00,-55,3984630,-219154.65,7,fused
178618,000000178618.jpg,446x640,1,0.569386,0,0,FP,yolov8l_bsz4.ms,228.25,209.25,437.50,0.500,Mid (Meeting),8.35,34.75,366.51,2367.00,11499.37,233.82,,0,67,45.00,-55,3984630,-219154.65,7,fused
10092,000000010092.jpg,640x426,1,0.569366,0,0,FP,yolov8l_bsz4.ms,228.25,209.25,437.50,0.500,Mid (Meeting),8.35,34.75,366.51,2367.00,11499.37,233.82,,0,67,45.00,-55,3984630,-219154.65,7,fused
447342,000000447342.jpg,640x416,1,0.569179,0,0,FP,yolov8l_bsz4.ms,230.50,290.50,521.00,0.500,Mid (Meeting),5.95,31.41,365.35,2371.00,11499.37,229.93,,0,67,45.00,-18,3985651,-71741.72,7,fused
438017,000000438017.jpg,480x640,1,0.569074,0,0,FP,yolov8l_bsz4.ms,230.50,290.50,521.00,0.500,Mid (Meeting),5.95,31.41,365.35,2371.00,11499.37,229.93,,0,67,45.00,-18,3985651,-71741.72,7,fused
186873,000000186873.jpg,612x612,1,0.568991,1,1,TP,yolov8l_bsz4.ms,230.50,290.50,521.00,0.500,Mid (Meeting),5.95,31.41,365.35,2371.00,11499.37,229.93,,0,67,45.00,-18,3985651,-71741.72,7,fused
125062,000000125062.jpg,427x640,1,0.568820,0,0,FP,yolov8l_bsz4.ms,230.50,290.50,521.00,0.500,Mid (Meeting),5.95,31.41,365.35,2371.00,11499.37,229.93,,0,67,45.00,-18,3985651,-71741.72,7,fused
481159,000000481159.jpg,640x463,1,0.568569,0,0,FP,yolov8l_bsz4.ms,231.00,259.75,490.75,0.500,Mid (Meeting),5.63,31.32,366.66,2372.00,11499.37,223.00,,0,67,45.00,-41,3985270,-163396.07,7,fused
2157,000000002157.jpg,640x427,1,0.568284,0,0,FP,yolov8l_bsz4.ms,231.00,259.75,490.75,0.500,Mid (Meeting),5.63,31.32,366.66,2372.00,11499.37,223.00,,0,67,45.00,-41,3985270,-163396.07,7,fused
521052,000000521052.jpg,640x480,1,0.568217,0,0,FP,yolov8l_bsz4.ms,231.00,259.75,490.75,0.500,Mid (Meeting),5.63,31.32,366.66,2372.00,11499.37,223.00,,0,67,45.00,-41,3985270,-163396.07,7,fused
226408,000000226408.jpg,640x469,1,0.568099,1,1,TP,yolov8l_bsz4.ms,231.00,259.75,490.75,0.500,Mid (Meeting),5.63,31.32,366.66,2372.00,11499.37,223.00,,0,67,45.00,-41,3985270,-163396.07,7,fused
207728,000000207728.jpg,640x373,1,0.567343,0,0,FP,yolov8l_bsz4.ms,233.25,186.75,420.00,0.500,Mid (Meeting),5.35,31.50,365.59,2373.00,11499.37,219.96,,0,67,45.00,-68,3984317,-270933.56,7,fused
477955,000000477955.jpg,480x640,1,0.567148,1,1,TP,yolov8l_bsz4.ms,233.25,186.75,420.00,0.500,Mid (Meeting),5.35,31.50,365.59,2373.00,11499.37,219.96,,0,67,45.00,-68,3984317,-270933.56,7,fused
290293,000000290293.jpg,640x326,1,0.567140,1,1,TP,yolov8l_bsz4.ms,233.25,186.75,420.00,0.500,Mid (Meeting),5.35,31.50,365.59,2373.00,11499.37,219.96,,0,67,45.00,-68,3984317,-270933.56,7,fused
415882,000000415882.jpg,544x640,1,0.565950,1,1,TP,yolov8l_bsz4.ms,233.25,186.75,420.00,0.500,Mid (Meeting),5.35,31.50,365.59,2373.00,11499.37,219.96,,0,67,45.00,-68,3984317,-270933.56,7,fused
500613,000000500613.jpg,640x425,1,0.565512,0,0,FP,yolov8l_bsz4.ms,230.00,273.00,503.00,0.500,Mid (Meeting),5.30,31.66,364.33,2374.00,11499.37,215.57,,0,67,45.00,-69,3984453,-274927.26,7,fused
161128,000000161128.jpg,375x500,1,0.565359,1,1,TP,yolov8l_bsz4.ms,230.00,273.00,503.00,0.500,Mid (Meeting),5.30,31.66,364.33,2374.00,11499.37,215.57,,0,67,45.00,-69,3984453,-274927.26,7,fused
229311,000000229311.jpg,500x375,1,0.564806,0,0,FP,yolov8l_bsz4.ms,230.00,273.00,503.00,0.500,Mid (Meeting),5.30,31.66,364.33,2374.00,11499.37,215.57,,0,67,45.00,-69,3984453,-274927.26,7,fused
519764,000000519764.jpg,500x375,1,0.564075,0,0,FP,yolov8l_bsz4.ms,230.00,273.00,503.00,0.500,Mid (Meeting),5.30,31.66,364.33,2374.00,11499.37,215.57,,0,67,45.00,-69,3984453,-274927.26,7,fused
78170,000000078170.jpg,640x640,1,0.563942,1,1,TP,yolov8l_bsz4.ms,230.75,275.50,506.25,0.500,Mid (Meeting),8.24,42.80,347.24,2385.00,11499.37,227.38,,0,67,45.00,-51,3984841,-203226.89,7,fused
70229,000000070229.jpg,481x640,1,0.563786,1,1,TP,yolov8l_bsz4.ms,230.75,275.50,506.25,0.500,Mid (Meeting),8.24,42.80,347.24,2385.00,11499.37,227.38,,0,67,45.00,-51,3984841,-203226.89,7,fused
409424,000000409424.jpg,480x640,1,0.563749,0,0,FP,yolov8l_bsz4.ms,230.75,275.50,506.25,0.500,Mid (Meeting),8.24,42.80,347.24,2385.00,11499.37,227.38,,0,67,45.00,-51,3984841,-203226.89,7,fused
387098,000000387098.jpg,640x480,1,0.563593,0,0,FP,yolov8l_bsz4.ms,230.75,275.50,506.25,0.500,Mid (Meeting),8.24,42.80,347.24,2385.00,11499.37,227.38,,0,67,45.00,-51,3984841,-203226.89,7,fused
430286,000000430286.jpg,640x473,1,0.563268,0,0,FP,yolov8l_bsz4.ms,233.25,210.50,443.75,0.500,Mid (Meeting),5.98,42.80,293.33,2438.00,11499.37,275.77,,0,67,45.00,-182,3981029,-724547.28,7,fused
554595,000000554595.jpg,500x376,1,0.562608,1,1,TP,yolov8l_bsz4.ms,233.25,210.50,443.75,0.500,Mid (Meeting),5.98,42.80,293.33,2438.00,11499.37,275.77,,0,67,45.00,-182,3981029,-724547.28,7,fused
340451,000000340451.jpg,640x424,1,0.562458,1,1,TP,yolov8l_bsz4.ms,233.25,210.50,443.75,0.500,Mid (Meeting),5.98,42.80,293.33,2438.00,11499.37,275.77,,0,67,45.00,-182,3981029,-724547.28,7,fused
298697,000000298697.jpg,640x480,1,0.562385,0,0,FP,yolov8l_bsz4.ms,233.25,210.50,443.75,0.500,Mid (Meeting),5.98,42.80,293.33,2438.00,11499.37,275.77,,0,67,45.00,-182,3981029,-724547.28,7,fused
516601,000000516601.jpg,640x360,1,0.562247,1,1,TP,yolov8l_bsz4.ms,228.50,178.25,406.75,0.500,Mid (Meeting),5.29,42.10,369.62,2365.00,11499.37,232.41,,0,67,45.00,-171,3981297,-680801.79,7,fused
395575,000000395575.jpg,500x339,1,0.562028,1,1,TP,yolov8l_bsz4.ms,228.50,178.25,406.75,0.500,Mid (Meeting),5.29,42.10,369.62,2365.00,11499.37,232.41,,0,67,45.00,-171,3981297,-680801.79,7,fused
423104,000000423104.jpg,427x640,1,0.561922,1,1,TP,yolov8l_bsz4.ms,228.50,178.25,406.75,0.500,Mid (Meeting),5.29,42.10,369.62,2365.00,11499.37,232.41,,0,67,45.00,-171,3981297,-680801.79,7,fused
463842,000000463842.jpg,640x480,1,0.561804,0,0,FP,yolov8l_bsz4.ms,228.50,178.25,406.75,0.500,Mid (Meeting),5.29,42.10,369.62,2365.00,11499.37,232.41,,0,67,45.00,-171,3981297,-680801.79,7,fused
448410,000000448410.jpg,640x437,1,0.561640,1,1,TP,yolov8l_bsz4.ms,231.25,186.00,417.25,0.500,Mid (Meeting),5.13,39.36,366.02,2365.00,11499.37,228.41,,0,67,45.00,-95,3983307,-378414.16,7,fused
177539,000000177539.jpg,640x427,1,0.561573,1,1,TP,yolov8l_bsz4.ms,231.25,186.00,417.25,0.500,Mid (Meeting),5.13,39.36,366.02,2365.00,11499.37,228.41,,0,67,45.00,-95,3983307,-378414.16,7,fused
555005,000000555005.jpg,640x480,1,0.561154,0,0,FP,yolov8l_bsz4.ms,231.25,186.00,417.25,0.500,Mid (Meeting),5.13,39.36,366.02,2365.00,11499.37,228.41,,0,67,45.00,-95,3983307,-378414.16,7,fused
494913,000000494913.jpg,640x428,1,0.561069,1,1,TP,yolov8l_bsz4.ms,231.25,186.00,417.25,0.500,Mid (Meeting),5.13,39.36,366.02,2365.00,11499.37,228.41,,0,67,45.00,-95,3983307,-378414.16,7,fused
19402,000000019402.jpg,640x480,1,0.560954,1,1,TP,yolov8l_bsz4.ms,230.00,192.25,422.25,0.500,Mid (Meeting),5.02,39.36,346.88,2381.00,11499.37,240.23,,0,67,45.00,-163,3981495,-648983.69,7,fused
476810,000000476810.jpg,640x480,1,0.560515,0,0,FP,yolov8l_bsz4.ms,230.00,192.25,422.25,0.500,Mid (Meeting),5.02,39.36,346.88,2381.00,11499.37,240.23,,0,67,45.00,-163,3981495,-648983.69,7,fused
383339,000000383339.jpg,640x428,1,0.560299,1,1,TP,yolov8l_bsz4.ms,230.00,192.25,422.25,0.500,Mid (Meeting),5.02,39.36,346.88,2381.00,11499.37,240.23,,0,67,45.00,-163,3981495,-648983.69,7,fused
162858,000000162858.jpg,428x640,1,0.559507,1,1,TP,yolov8l_bsz4.ms,230.00,192.25,422.25,0.500,Mid (Meeting),5.02,39.36,346.88,2381.00,11499.37,240.23,,0,67,45.00,-163,3981495,-648983.69,7,fused
355257,000000355257.jpg,640x427,1,0.559415,1,1,TP,yolov8l_bsz4.ms,233.75,273.00,506.75,0.500,Mid (Meeting),8.29,37.74,293.63,2433.00,11499.37,285.83,,0,67,45.00,-97,3983318,-386381.85,7,fused
31118,000000031118.jpg,640x427,1,0.559108,1,1,TP,yolov8l_bsz4.ms,233.75,273.00,506.75,0.500,Mid (Meeting),8.29,37.74,293.63,2433.00,11499.37,285.83,,0,67,45.00,-97,3983318,-386381.85,7,fused
565962,000000565962.jpg,479x322,1,0.559101,1,1,TP,yolov8l_bsz4.ms,233.75,273.00,506.75,0.500,Mid (Meeting),8.29,37.74,293.63,2433.00,11499.37,285.83,,0,67,45.00,-97,3983318,-386381.85,7,fused
578922,000000578922.jpg,598x640,1,0.558933,0,0,FP,yolov8l_bsz4.ms,233.75,273.00,506.75,0.500,Mid (Meeting),8.29,37.74,293.63,2433.00,11499.37,285.83,,0,67,45.00,-97,3983318,-386381.85,7,fused
300913,000000300913.jpg,500x375,1,0.558308,0,0,FP,yolov8l_bsz4.ms,232.00,205.75,437.75,0.500,Mid (Meeting),5.01,31.22,370.79,2357.00,11499.37,236.32,,0,67,45.00,-28,3985163,-111584.56,7,fused
129812,000000129812.jpg,640x426,1,0.557988,1,1,TP,yolov8l_bsz4.ms,232.00,205.75,437.75,0.500,Mid (Meeting),5.01,31.22,370.79,2357.00,11499.37,236.32,,0,67,45.00,-28,3985163,-111584.56,7,fused
371699,000000371699.jpg,480x640,1,0.556719,1,1,TP,yolov8l_bsz4.ms,232.00,205.75,437.75,0.500,Mid (Meeting),5.01,31.22,370.79,2357.00,11499.37,236.32,,0,67,45.00,-28,3985163,-111584.56,7,fused
205542,000000205542.jpg,480x640,1,0.556507,0,0,FP,yolov8l_bsz4.ms,232.00,205.75,437.75,0.500,Mid (Meeting),5.01,31.22,370.79,2357.00,11499.37,236.32,,0,67,45.00,-28,3985163,-111584.56,7,fused
157418,000000157418.jpg,480x640,1,0.556186,0,0,FP,yolov8l_bsz4.ms,232.00,198.25,430.25,0.500,Mid (Meeting),4.83,30.55,369.18,2362.00,11499.37,233.72,,0,67,45.00,-97,3983213,-386371.66,7,fused
549930,000000549930.jpg,640x558,1,0.555325,1,1,TP,yolov8l_bsz4.ms,232.00,198.25,430.25,0.500,Mid (Meeting),4.83,30.55,369.18,2362.00,11499.37,233.72,,0,67,45.00,-97,3983213,-386371.66,7,fused
245576,000000245576.jpg,640x472,1,0.555234,0,0,FP,yolov8l_bsz4.ms,232.00,198.25,430.25,0.500,Mid (Meeting),4.83,30.55,369.18,2362.00,11499.37,233.72,,0,67,45.00,-97,3983213,-386371.66,7,fused
61108,000000061108.jpg,640x480,1,0.554909,0,0,FP,yolov8l_bsz4.ms,232.00,198.25,430.25,0.500,Mid (Meeting),4.83,30.55,369.18,2362.00,11499.37,233.72,,0,67,45.00,-97,3983213,-386371.66,7,fused
342397,000000342397.jpg,640x427,1,0.554458,1,1,TP,yolov8l_bsz4.ms,230.25,248.00,478.25,0.500,Mid (Meeting),4.95,30.89,347.66,2385.00,11499.37,248.81,,0,67,45.00,-27,3985233,-107601.29,7,fused
241319,000000241319.jpg,640x476,1,0.553963,0,0,FP,yolov8l_bsz4.ms,230.25,248.00,478.25,0.500,Mid (Meeting),4.95,30.89,347.66,2385.00,11499.37,248.81,,0,67,45.00,-27,3985233,-107601.29,7,fused
189820,000000189820.jpg,640x427,1,0.553322,0,0,FP,yolov8l_bsz4.ms,230.25,248.00,478.25,0.500,Mid (Meeting),4.95,30.89,347.66,2385.00,11499.37,248.81,,0,67,45.00,-27,3985233,-107601.29,7,fused
103723,000000103723.jpg,480x640,1,0.553291,1,1,TP,yolov8l_bsz4.ms,230.25,248.00,478.25,0.500,Mid (Meeting),4.95,30.89,347.66,2385.00,11499.37,248.81,,0,67,45.00,-27,3985233,-107601.29,7,fused
369751,000000369751.jpg,426x640,1,0.553051,0,0,FP,yolov8l_bsz4.ms,231.75,257.75,489.50,0.500,Mid (Meeting),5.02,31.12,293.02,2442.00,11499.37,297.86,,0,67,45.00,-27,3985182,-107599.91,7,fused
232244,000000232244.jpg,500x375,1,0.552394,0,0,FP,yolov8l_bsz4.ms,231.75,257.75,489.50,0.500,Mid (Meeting),5.02,31.12,293.02,2442.00,11499.37,297.86,,0,67,45.00,-27,3985182,-107599.91,7,fused
235252,000000235252.jpg,640x427,1,0.552272,0,0,FP,yolov8l_bsz4.ms,231.75,257.75,489.50,0.500,Mid (Meeting),5.02,31.12,293.02,2442.00,11499.37,297.86,,0,67,45.00,-27,3985182,-107599.91,7,fused
296224,000000296224.jpg,640x480,1,0.551481,1,1,TP,yolov8l_bsz4.ms,231.75,257.75,489.50,0.500,Mid (Meeting),5.02,31.12,293.02,2442.00,11499.37,297.86,,0,67,45.00,-27,3985182,-107599.91,7,fused
436738,000000436738.jpg,500x486,1,0.551434,1,1,TP,yolov8l_bsz4.ms,230.00,215.00,445.00,0.500,Mid (Meeting),4.92,31.12,369.49,2365.00,11499.37,215.27,,0,67,45.00,-40,3984801,-159392.04,7,fused
417085,000000417085.jpg,640x360,1,0.551107,0,0,FP,yolov8l_bsz4.ms,230.00,215.00,445.00,0.500,Mid (Meeting),4.92,31.12,369.49,2365.00,11499.37,215.27,,0,67,45.00,-40,3984801,-159392.04,7,fused
305309,000000305309.jpg,640x406,1,0.551028,1,1,TP,yolov8l_bsz4.ms,230.00,215.00,445.00,0.500,Mid (Meeting),4.92,31.12,369.49,2365.00,11499.37,215.27,,0,67,45.00,-40,3984801,-159392.04,7,fused
361506,000000361506.jpg,640x480,1,0.550650,1,1,TP,yolov8l_bsz4.ms,230.00,215.00,445.00,0.500,Mid (Meeting),4.92,31.12,369.49,2365.00,11499.37,215.27,,0,67,45.00,-40,3984801,-159392.04,7,fused
538067,000000538067.jpg,500x375,1,0.550447,1,1,TP,yolov8l_bsz4.ms,241.25,250.50,491.75,0.500,Mid (Meeting),5.33,30.32,368.41,2365.00,11499.37,210.57,,0,67,45.00,-39,3984771,-155406.07,7,fused
305695,000000305695.jpg,640x480,1,0.550024,0,0,FP,yolov8l_bsz4.ms,241.25,250.50,491.75,0.500,Mid (Meeting),5.33,30.32,368.41,2365.00,11499.37,210.57,,0,67,45.00,-39,3984771,-155406.07,7,fused
158660,000000158660.jpg,612x612,1,0.549760,1,1,TP,yolov8l_bsz4.ms,241.25,250.50,491.75,0.500,Mid (Meeting),5.33,30.32,368.41,2365.00,11499.37,210.57,,0,67,45.00,-39,3984771,-155406.07,7,fused
505169,000000505169.jpg,480x640,1,0.549210,0,0,FP,yolov8l_bsz4.ms,241.25,250.50,491.75,0.500,Mid (Meeting),5.33,30.32,368.41,2365.00,11499.37,210.57,,0,67,45.00,-39,3984771,-155406.07,7,fused
200162,000000200162.jpg,640x425,1,0.548763,0,0,FP,yolov8l_bsz4.ms,234.25,203.75,438.00,0.500,Mid (Meeting),5.12,31.27,366.17,2366.00,11499.37,213.71,,0,67,45.00,-34,3984813,-135483.64,7,fused
288391,000000288391.jpg,427x640,1,0.548717,0,0,FP,yolov8l_bsz4.ms,234.25,203.75,438.00,0.500,Mid (Meeting),5.12,31.27,366.17,2366.00,11499.37,213.71,,0,67,45.00,-34,3984813,-135483.64,7,fused
480021,000000480021.jpg,640x471,1,0.548717,1,1,TP,yolov8l_bsz4.ms,234.25,203.75,438.00,0.500,Mid (Meeting),5.12,31.27,366.17,2366.00,11499.37,213.71,,0,67,45.00,-34,3984813,-135483.64,7,fused
454404,000000454404.jpg,640x529,1,0.548016,1,1,TP,yolov8l_bsz4.ms,234.25,203.75,438.00,0.500,Mid (Meeting),5.12,31.27,366.17,2366.00,11499.37,213.71,,0,67,45.00,-34,3984813,-135483.64,7,fused
365886,000000365886.jpg,500x375,1,0.547943,1,1,TP,yolov8l_bsz4.ms,232.50,282.50,515.00,0.500,Mid (Meeting),5.14,33.67,290.44,2441.00,11499.37,283.50,,0,67,45.00,-64,3984195,-254988.48,7,fused
87742,000000087742.jpg,400x500,1,0.547809,0,0,FP,yolov8l_bsz4.ms,232.50,282.50,515.00,0.500,Mid (Meeting),5.14,33.67,290.44,2441.00,11499.37,283.50,,0,67,45.00,-64,3984195,-254988.48,7,fused
440475,000000440475.jpg,640x427,1,0.547090,1,1,TP,yolov8l_bsz4.ms,232.50,282.50,515.00,0.500,Mid (Meeting),5.14,33.67,290.44,2441.00,11499.37,283.50,,0,67,45.00,-64,3984195,-254988.48,7,fused
502347,000000502347.jpg,500x375,1,0.546916,0,0,FP,yolov8l_bsz4.ms,232.50,282.50,515.00,0.500,Mid (Meeting),5.14,33.67,290.44,2441.00,11499.37,283.50,,0,67,45.00,-64,3984195,-254988.48,7,fused
222863,000000222863.jpg,640x427,1,0.546630,0,0,FP,yolov8l_bsz4.ms,230.25,274.75,505.00,0.500,Mid (Meeting),5.10,34.42,370.29,2359.00,11499.37,196.21,,0,67,45.00,-85,3983546,-338601.41,7,fused
470773,000000470773.jpg,640x480,1,0.545990,1,1,TP,yolov8l_bsz4.ms,230.25,274.75,505.00,0.500,Mid (Meeting),5.10,34.42,370.29,2359.00,11499.37,196.21,,0,67,45.00,-85,3983546,-338601.41,7,fused
562229,000000562229.jpg,640x640,1,0.545874,1,1,TP,yolov8l_bsz4.ms,230.25,274.75,505.00,0.500,Mid (Meeting),5.10,34.42,370.29,2359.00,11499.37,196.21,,0,67,45.00,-85,3983546,-338601.41,7,fused
309678,000000309678.jpg,640x411,1,0.545542,1,1,TP,yolov8l_bsz4.ms,230.25,274.75,505.00,0.500,Mid (Meeting),5.10,34.42,370.29,2359.00,11499.37,196.21,,0,67,45.00,-85,3983546,-338601.41,7,fused
111086,000000111086.jpg,500x336,1,0.545493,1,1,TP,yolov8l_bsz4.ms,231.50,223.50,455.00,0.500,Mid (Meeting),5.08,34.42,366.89,2369.00,11499.37,219.86,,0,67,46.00,-70,3983893,-278872.51,7,fused
57244,000000057244.jpg,640x425,1,0.545265,0,0,FP,yolov8l_bsz4.ms,231.50,223.50,455.00,0.500,Mid (Meeting),5.08,34.42,366.89,2369.00,11499.37,219.86,,0,67,46.00,-70,3983893,-278872.51,7,fused
1532,000000001532.jpg,640x480,1,0.545023,0,0,FP,yolov8l_bsz4.ms,231.50,223.50,455.00,0.500,Mid (Meeting),5.08,34.42,366.89,2369.00,11499.37,219.86,,0,67,46.00,-70,3983893,-278872.51,7,fused
233139,000000233139.jpg,640x427,1,0.544583,0,0,FP,yolov8l_bsz4.ms,231.50,223.50,455.00,0.500,Mid (Meeting),5.08,34.42,366.89,2369.00,11499.37,219.86,,0,67,46.00,-70,3983893,-278872.51,7,fused
431896,000000431896.jpg,640x428,1,0.543833,0,0,FP,yolov8l_bsz4.ms,229.00,235.75,464.75,0.500,Mid (Meeting),5.39,35.63,346.85,2386.00,11499.37,230.23,,0,67,46.00,-64,3984003,-254976.19,7,fused
232538,000000232538.jpg,640x480,1,0.543798,0,0,FP,yolov8l_bsz4.ms,229.00,235.75,464.75,0.500,Mid (Meeting),5.39,35.63,346.85,2386.00,11499.37,230.23,,0,67,46.00,-64,3984003,-254976.19,7,fused
420069,000000420069.jpg,640x457,1,0.543590,1,1,TP,yolov8l_bsz4.ms,229.00,235.75,464.75,0.500,Mid (Meeting),5.39,35.63,346.85,2386.00,11499.37,230.23,,0,67,46.00,-64,3984003,-254976.19,7,fused
408112,000000408112.jpg,640x480,1,0.542882,1,1,TP,yolov8l_bsz4.ms,229.00,235.75,464.75,0.500,Mid (Meeting),5.39,35.63,346.85,2386.00,11499.37,230.23,,0,67,46.00,-64,3984003,-254976.19,7,fused
537964,000000537964.jpg,640x430,1,0.542527,0,0,FP,yolov8l_bsz4.ms,232.25,252.00,484.25,0.500,Mid (Meeting),5.26,35.42,293.31,2442.00,11499.37,309.46,,0,67,46.00,-33,3984753,-131496.85,7,fused
551350,000000551350.jpg,640x480,1,0.542520,0,0,FP,yolov8l_bsz4.ms,232.25,252.00,484.25,0.500,Mid (Meeting),5.26,35.42,293.31,2442.00,11499.37,309.46,,0,67,46.00,-33,3984753,-131496.85,7,fused
190648,000000190648.jpg,640x480,1,0.542508,0,0,FP,yolov8l_bsz4.ms,232.25,252.00,484.25,0.500,Mid (Meeting),5.26,35.42,293.31,2442.00,11499.37,309.46,,0,67,46.00,-33,3984753,-131496.85,7,fused
95843,000000095843.jpg,640x421,1,0.542488,0,0,FP,yolov8l_bsz4.ms,232.25,252.00,484.25,0.500,Mid (Meeting),5.26,35.42,293.31,2442.00,11499.37,309.46,,0,67,46.00,-33,3984753,-131496.85,7,fused
292082,000000292082.jpg,640x640,1,0.542401,1,1,TP,yolov8l_bsz4.ms,227.00,276.00,503.00,0.500,Mid (Meeting),5.20,34.11,369.42,2370.00,11499.37,228.18,,0,67,46.00,-26,3984994,-103609.84,7,fused
489924,000000489924.jpg,612x612,1,0.542386,1,1,TP,yolov8l_bsz4.ms,227.00,276.00,503.00,0.500,Mid (Meeting),5.20,34.11,369.42,2370.00,11499.37,228.18,,0,67,46.00,-26,3984994,-103609.84,7,fused
127135,000000127135.jpg,427x640,1,0.542217,0,0,FP,yolov8l_bsz4.ms,227.00,276.00,503.00,0.500,Mid (Meeting),5.20,34.11,369.42,2370.00,11499.37,228.18,,0,67,46.00,-26,3984994,-103609.84,7,fused
452515,000000452515.jpg,224x500,1,0.542115,1,1,TP,yolov8l_bsz4.ms,227.00,276.00,503.00,0.500,Mid (Meeting),5.20,34.11,369.42,2370.00,11499.37,228.18,,0,67,46.00,-26,3984994,-103609.84,7,fused
578093,000000578093.jpg,640x480,1,0.542112,1,1,TP,yolov8l_bsz4.ms,230.00,258.25,488.25,0.500,Mid (Meeting),5.18,32.99,368.73,2372.00,11499.37,222.03,,0,67,46.00,-53,3984336,-211169.81,7,fused
470121,000000470121.jpg,640x480,1,0.541761,0,0,FP,yolov8l_bsz4.ms,230.00,258.25,488.25,0.500,Mid (Meeting),5.18,32.99,368.73,2372.00,11499.37,222.03,,0,67,46.00,-53,3984336,-211169.81,7,fused
200839,000000200839.jpg,640x480,1,0.539792,1,1,TP,yolov8l_bsz4.ms,230.00,258.25,488.25,0.500,Mid (Meeting),5.18,32.99,368.73,2372.00,11499.37,222.03,,0,67,46.00,-53,3984336,-211169.81,7,fused
387148,000000387148.jpg,640x425,1,0.539768,0,0,FP,yolov8l_bsz4.ms,230.00,258.25,488.25,0.500,Mid (Meeting),5.18,32.99,368.73,2372.00,11499.37,222.03,,0,67,46.00,-53,3984336,-211169.81,7,fused
476415,000000476415.jpg,426x640,1,0.539746,1,1,TP,yolov8l_bsz4.ms,231.50,214.25,445.75,0.500,Mid (Meeting),5.11,32.73,347.29,2395.00,11499.37,239.98,,0,67,45.00,-45,3984495,-179302.27,7,fused
392818,000000392818.jpg,500x451,1,0.539394,0,0,FP,yolov8l_bsz4.ms,231.50,214.25,445.75,0.500,Mid (Meeting),5.11,32.73,347.29,2395.00,11499.37,239.98,,0,67,45.00,-45,3984495,-179302.27,7,fused
136466,000000136466.jpg,332x500,1,0.539391,0,0,FP,yolov8l_bsz4.ms,231.50,214.25,445.75,0.500,Mid (Meeting),5.11,32.73,347.29,2395.00,11499.37,239.98,,0,67,45.00,-45,3984495,-179302.27,7,fused
508639,000000508639.jpg,640x480,1,0.539078,0,0,FP,yolov8l_bsz4.ms,231.50,214.25,445.75,0.500,Mid (Meeting),5.11,32.73,347.29,2395.00,11499.37,239.98,,0,67,45.00,-45,3984495,-179302.27,7,fused
243867,000000243867.jpg,640x428,1,0.538963,1,1,TP,yolov8l_bsz4.ms,235.25,263.25,498.50,0.500,Mid (Meeting),6.40,33.10,291.72,2451.00,11499.37,289.46,,0,67,45.00,-49,3984346,-195232.95,7,fused
6614,000000006614.jpg,500x396,1,0.538693,0,0,FP,yolov8l_bsz4.ms,235.25,263.25,498.50,0.500,Mid (Meeting),6.40,33.10,291.72,2451.00,11499.37,289.46,,0,67,45.00,-49,3984346,-195232.95,7,fused
231125,000000231125.jpg,375x500,1,0.538306,1,1,TP,yolov8l_bsz4.ms,235.25,263.25,498.50,0.500,Mid (Meeting),6.40,33.10,291.72,2451.00,11499.37,289.46,,0,67,45.00,-49,3984346,-195232.95,7,fused
565012,000000565012.jpg,640x425,1,0.538006,0,0,FP,yolov8l_bsz4.ms,235.25,263.25,498.50,0.500,Mid (Meeting),6.40,33.10,291.72,2451.00,11499.37,289.46,,0,67,45.00,-49,3984346,-195232.95,7,fused
520009,000000520009.jpg,500x412,1,0.537908,1,1,TP,yolov8l_bsz4.ms,232.75,265.75,498.50,0.500,Mid (Meeting),5.65,31.87,369.47,2373.00,11499.37,205.73,,0,67,45.00,-36,3984791,-143452.48,7,fused
248111,000000248111.jpg,640x427,1,0.537836,0,0,FP,yolov8l_bsz4.ms,232.75,265.75,498.50,0.500,Mid (Meeting),5.65,31.87,369.47,2373.00,11499.37,205.73,,0,67,45.00,-36,3984791,-143452.48,7,fused
429530,000000429530.jpg,640x478,1,0.537091,0,0,FP,yolov8l_bsz4.ms,232.75,265.75,498.50,0.500,Mid (Meeting),5.65,31.87,369.47,2373.00,11499.37,205.73,,0,67,45.00,-36,3984791,-143452.48,7,fused
221017,000000221017.jpg,640x480,1,0.537077,0,0,FP,yolov8l_bsz4.ms,232.75,265.75,498.50,0.500,Mid (Meeting),5.65,31.87,369.47,2373.00,11499.37,205.73,,0,67,45.00,-36,3984791,-143452.48,7,fused
245102,000000245102.jpg,640x427,1,0.536477,0,0,FP,yolov8l_bsz4.ms,233.75,229.75,463.50,0.500,Mid (Meeting),5.36,32.60,365.94,2374.00,11499.37,209.09,,0,67,45.00,-73,3983672,-290808.06,7,fused
528524,000000528524.jpg,480x640,1,0.536393,0,0,FP,yolov8l_bsz4.ms,233.75,229.75,463.50,0.500,Mid (Meeting),5.36,32.60,365.94,2374.00,11499.37,209.09,,0,67,45.00,-73,3983672,-290808.06,7,fused
166391,000000166391.jpg,640x427,1,0.535877,0,0,FP,yolov8l_bsz4.ms,233.75,229.75,463.50,0.500,Mid (Meeting),5.36,32.60,365.94,2374.00,11499.37,209.09,,0,67,45.00,-73,3983672,-290808.06,7,fused
437514,000000437514.jpg,640x556,1,0.535496,1,1,TP,yolov8l_bsz4.ms,233.75,229.75,463.50,0.500,Mid (Meeting),5.36,32.60,365.94,2374.00,11499.37,209.09,,0,67,45.00,-73,3983672,-290808.06,7,fused
149770,000000149770.jpg,200x145,1,0.535417,1,1,TP,yolov8l_bsz4.ms,228.25,192.25,420.50,0.500,Mid (Meeting),5.22,32.60,345.30,2393.00,11499.37,223.42,,0,67,45.00,-161,3981261,-640983.02,7,fused
305317,000000305317.jpg,334x500,1,0.535364,1,1,TP,yolov8l_bsz4.ms,228.25,192.25,420.50,0.500,Mid (Meeting),5.22,32.60,345.30,2393.00,11499.37,223.42,,0,67,45.00,-161,3981261,-640983.02,7,fused
459954,000000459954.jpg,500x375,1,0.535061,1,1,TP,yolov8l_bsz4.ms,228.25,192.25,420.50,0.500,Mid (Meeting),5.22,32.60,345.30,2393.00,11499.37,223.42,,0,67,45.00,-161,3981261,-640983.02,7,fused
107087,000000107087.jpg,640x427,1,0.535033,0,0,FP,yolov8l_bsz4.ms,228.25,192.25,420.50,0.500,Mid (Meeting),5.22,32.60,345.30,2393.00,11499.37,223.42,,0,67,45.00,-161,3981261,-640983.02,7,fused
35062,000000035062.jpg,425x640,1,0.534749,1,1,TP,yolov8l_bsz4.ms,230.25,228.75,459.00,0.500,Mid (Meeting),5.17,33.29,294.80,2442.00,11499.37,268.90,,0,67,45.00,-95,3982969,-378382.05,7,fused
312192,000000312192.jpg,640x480,1,0.533587,1,1,TP,yolov8l_bsz4.ms,230.25,228.75,459.00,0.500,Mid (Meeting),5.17,33.29,294.80,2442.00,11499.37,268.90,,0,67,45.00,-95,3982969,-378382.05,7,fused
355610,000000355610.jpg,640x427,1,0.533367,0,0,FP,yolov8l_bsz4.ms,230.25,228.75,459.00,0.500,Mid (Meeting),5.17,33.29,294.80,2442.00,11499.37,268.90,,0,67,45.00,-95,3982969,-378382.05,7,fused
255536,000000255536.jpg,400x400,1,0.533098,1,1,TP,yolov8l_bsz4.ms,230.25,228.75,459.00,0.500,Mid (Meeting),5.17,33.29,294.80,2442.00,11499.37,268.90,,0,67,45.00,-95,3982969,-378382.05,7,fused
412887,000000412887.jpg,483x640,1,0.532680,0,0,FP,yolov8l_bsz4.ms,230.50,192.50,423.00,0.500,Mid (Meeting),7.00,36.65,370.19,2366.00,11499.37,187.25,,0,67,45.00,-72,3983461,-286809.19,7,fused
549738,000000549738.jpg,640x426,1,0.532119,1,1,TP,yolov8l_bsz4.ms,230.50,192.50,423.00,0.500,Mid (Meeting),7.00,36.65,370.19,2366.00,11499.37,187.25,,0,67,45.00,-72,3983461,-286809.19,7,fused
100428,000000100428.jpg,640x491,1,0.531144,1,1,TP,yolov8l_bsz4.ms,230.50,192.50,423.00,0.500,Mid (Meeting),7.00,36.65,370.19,2366.00,11499.37,187.25,,0,67,45.00,-72,3983461,-286809.19,7,fused
15751,000000015751.jpg,640x427,1,0.531124,0,0,FP,yolov8l_bsz4.ms,230.50,192.50,423.00,0.500,Mid (Meeting),7.00,36.65,370.19,2366.00,11499.37,187.25,,0,67,45.00,-72,3983461,-286809.19,7,fused
121506,000000121506.jpg,612x612,1,0.529781,0,0,FP,yolov8l_bsz4.ms,249.75,248.25,498.00,0.500,Mid (Meeting),5.71,36.30,372.09,2372.00,11499.37,207.14,,0,67,45.00,-57,3983921,-227083.50,7,fused
458702,000000458702.jpg,427x640,1,0.529039,0,0,FP,yolov8l_bsz4.ms,249.75,248.25,498.00,0.500,Mid (Meeting),5.71,36.30,372.09,2372.00,11499.37,207.14,,0,67,45.00,-57,3983921,-227083.50,7,fused
96549,000000096549.jpg,640x214,1,0.528482,0,0,FP,yolov8l_bsz4.ms,249.75,248.25,498.00,0.500,Mid (Meeting),5.71,36.30,372.09,2372.00,11499.37,207.14,,0,67,45.00,-57,3983921,-227083.50,7,fused
499622,000000499622.jpg,412x456,1,0.528335,1,1,TP,yolov8l_bsz4.ms,249.75,248.25,498.00,0.500,Mid (Meeting),5.71,36.30,372.09,2372.00,11499.37,207.14,,0,67,45.00,-57,3983921,-227083.50,7,fused
403817,000000403817.jpg,500x375,1,0.528114,0,0,FP,yolov8l_bsz4.ms,232.50,187.25,419.75,0.500,Mid (Meeting),5.41,36.30,348.09,2396.00,11499.37,256.66,,0,67,45.00,-66,3983519,-262912.25,7,fused
565391,000000565391.jpg,480x640,1,0.528074,0,0,FP,yolov8l_bsz4.ms,232.50,187.25,419.75,0.500,Mid (Meeting),5.41,36.30,348.09,2396.00,11499.37,256.66,,0,67,45.00,-66,3983519,-262912.25,7,fused
532901,000000532901.jpg,600x354,1,0.527909,0,0,FP,yolov8l_bsz4.ms,232.50,187.25,419.75,0.500,Mid (Meeting),5.41,36.30,348.09,2396.00,11499.37,256.66,,0,67,45.00,-66,3983519,-262912.25,7,fused
84477,000000084477.jpg,640x427,1,0.527828,1,1,TP,yolov8l_bsz4.ms,232.50,187.25,419.75,0.500,Mid (Meeting),5.41,36.30,348.09,2396.00,11499.37,256.66,,0,67,45.00,-66,3983519,-262912.25,7,fused
95786,000000095786.jpg,500x334,1,0.525588,0,0,FP,yolov8l_bsz4.ms,235.25,299.00,534.25,0.500,Mid (Meeting),5.37,33.96,293.33,2458.00,11499.37,308.53,,0,67,45.00,20,3985811,79716.22,7,fused
366141,000000366141.jpg,640x480,1,0.525428,0,0,FP,yolov8l_bsz4.ms,235.25,299.00,534.25,0.500,Mid (Meeting),5.37,33.96,293.33,2458.00,11499.37,308.53,,0,67,45.00,20,3985811,79716.22,7,fused
554735,000000554735.jpg,640x480,1,0.525418,1,1,TP,yolov8l_bsz4.ms,235.25,299.00,534.25,0.500,Mid (Meeting),5.37,33.96,293.33,2458.00,11499.37,308.53,,0,67,45.00,20,3985811,79716.22,7,fused
326462,000000326462.jpg,612x612,1,0.524299,1,1,TP,yolov8l_bsz4.ms,235.25,299.00,534.25,0.500,Mid (Meeting),5.37,33.96,293.33,2458.00,11499.37,308.53,,0,67,45.00,20,3985811,79716.22,7,fused
287667,000000287667.jpg,640x480,1,0.524201,0,0,FP,yolov8l_bsz4.ms,231.25,215.50,446.75,0.500,Mid (Meeting),5.23,33.53,370.38,2380.00,11499.37,224.73,,0,67,45.00,-65,3983702,-258940.63,7,fused
434996,000000434996.jpg,500x375,1,0.523851,0,0,FP,yolov8l_bsz4.ms,231.25,215.50,446.75,0.500,Mid (Meeting),5.23,33.53,370.38,2380.00,11499.37,224.73,,0,67,45.00,-65,3983702,-258940.63,7,fused
488385,000000488385.jpg,480x640,1,0.523149,0,0,FP,yolov8l_bsz4.ms,231.25,215.50,446.75,0.500,Mid (Meeting),5.23,33.53,370.38,2380.00,11499.37,224.73,,0,67,45.00,-65,3983702,-258940.63,7,fused
151857,000000151857.jpg,640x453,1,0.522960,0,0,FP,yolov8l_bsz4.ms,231.25,215.50,446.75,0.500,Mid (Meeting),5.23,33.53,370.38,2380.00,11499.37,224.73,,0,67,45.00,-65,3983702,-258940.63,7,fused
632,000000000632.jpg,640x483,1,0.522879,0,0,FP,yolov8l_bsz4.ms,241.00,288.00,529.00,0.500,Mid (Meeting),8.69,33.91,370.10,2380.00,11499.37,217.46,,0,67,45.00,-72,3983528,-286814.02,7,fused
312213,000000312213.jpg,640x480,1,0.521967,0,0,FP,yolov8l_bsz4.ms,241.00,288.00,529.00,0.500,Mid (Meeting),8.69,33.91,370.10,2380.00,11499.37,217.46,,0,67,45.00,-72,3983528,-286814.02,7,fused
290081,000000290081.jpg,612x612,1,0.521765,0,0,FP,yolov8l_bsz4.ms,241.00,288.00,529.00,0.500,Mid (Meeting),8.69,33.91,370.10,2380.00,11499.37,217.46,,0,67,45.00,-72,3983528,-286814.02,7,fused
225532,000000225532.jpg,500x375,1,0.521656,0,0,FP,yolov8l_bsz4.ms,241.00,288.00,529.00,0.500,Mid (Meeting),8.69,33.91,370.10,2380.00,11499.37,217.46,,0,67,45.00,-72,3983528,-286814.02,7,fused
328286,000000328286.jpg,640x424,1,0.521571,0,0,FP,yolov8l_bsz4.ms,232.00,213.25,445.25,0.500,Mid (Meeting),6.31,33.91,346.35,2402.00,11499.37,234.92,,0,67,45.00,-66,3983648,-262920.77,7,fused
40471,000000040471.jpg,427x640,1,0.521556,0,0,FP,yolov8l_bsz4.ms,232.00,213.25,445.25,0.500,Mid (Meeting),6.31,33.91,346.35,2402.00,11499.37,234.92,,0,67,45.00,-66,3983648,-262920.77,7,fused
50006,000000050006.jpg,640x480,1,0.521402,1,1,TP,yolov8l_bsz4.ms,232.00,213.25,445.25,0.500,Mid (Meeting),6.31,33.91,346.35,2402.00,11499.37,234.92,,0,67,45.00,-66,3983648,-262920.77,7,fused
390301,000000390301.jpg,500x364,1,0.521098,0,0,FP,yolov8l_bsz4.ms,232.00,213.25,445.25,0.500,Mid (Meeting),6.31,33.91,346.35,2402.00,11499.37,234.92,,0,67,45.00,-66,3983648,-262920.77,7,fused
177213,000000177213.jpg,640x359,1,0.521007,1,1,TP,yolov8l_bsz4.ms,232.25,226.50,458.75,0.500,Mid (Meeting),5.75,32.53,301.09,2447.00,11499.37,275.89,,0,67,45.00,-67,3983615,-266902.21,7,fused
457848,000000457848.jpg,640x427,1,0.520863,1,1,TP,yolov8l_bsz4.ms,232.25,226.50,458.75,0.500,Mid (Meeting),5.75,32.53,301.09,2447.00,11499.37,275.89,,0,67,45.00,-67,3983615,-266902.21,7,fused
117908,000000117908.jpg,500x320,1,0.520493,1,1,TP,yolov8l_bsz4.ms,232.25,226.50,458.75,0.500,Mid (Meeting),5.75,32.53,301.09,2447.00,11499.37,275.89,,0,67,45.00,-67,3983615,-266902.21,7,fused
409542,000000409542.jpg,428x640,1,0.520123,1,1,TP,yolov8l_bsz4.ms,232.25,226.50,458.75,0.500,Mid (Meeting),5.75,32.53,301.09,2447.00,11499.37,275.89,,0,67,45.00,-67,3983615,-266902.21,7,fused
139883,000000139883.jpg,640x427,1,0.519879,0,0,FP,yolov8l_bsz4.ms,233.00,188.25,421.25,0.500,Mid (Meeting),5.43,33.04,370.97,2376.00,11499.37,207.25,,0,67,45.00,-125,3981843,-497730.38,7,fused
25560,000000025560.jpg,640x480,1,0.519613,1,1,TP,yolov8l_bsz4.ms,233.00,188.25,421.25,0.500,Mid (Meeting),5.43,33.04,370.97,2376.00,11499.37,207.25,,0,67,45.00,-125,3981843,-497730.38,7,fused
411665,000000411665.jpg,640x427,1,0.519498,0,0,FP,yolov8l_bsz4.ms,233.00,188.25,421.25,0.500,Mid (Meeting),5.43,33.04,370.97,2376.00,11499.37,207.25,,0,67,45.00,-125,3981843,-497730.38,7,fused
245173,000000245173.jpg,480x640,1,0.518918,0,0,FP,yolov8l_bsz4.ms,233.00,188.25,421.25,0.500,Mid (Meeting),5.43,33.04,370.97,2376.00,11499.37,207.25,,0,67,45.00,-125,3981843,-497730.38,7,fused
39551,000000039551.jpg,640x427,1,0.518362,1,1,TP,yolov8l_bsz4.ms,234.75,232.00,466.75,0.500,Mid (Meeting),5.30,33.73,368.77,2376.00,11499.37,202.30,,0,67,46.00,-49,3983820,-195207.18,7,fused
60932,000000060932.jpg,640x428,1,0.517193,1,1,TP,yolov8l_bsz4.ms,234.75,232.00,466.75,0.500,Mid (Meeting),5.30,33.73,368.77,2376.00,11499.37,202.30,,0,67,46.00,-49,3983820,-195207.18,7,fused
384949,000000384949.jpg,640x457,1,0.516920,0,0,FP,yolov8l_bsz4.ms,234.75,232.00,466.75,0.500,Mid (Meeting),5.30,33.73,368.77,2376.00,11499.37,202.30,,0,67,46.00,-49,3983820,-195207.18,7,fused
348881,000000348881.jpg,640x462,1,0.516892,1,1,TP,yolov8l_bsz4.ms,234.75,232.00,466.75,0.500,Mid (Meeting),5.30,33.73,368.77,2376.00,11499.37,202.30,,0,67,46.00,-49,3983820,-195207.18,7,fused
529528,000000529528.jpg,500x333,1,0.516747,0,0,FP,yolov8l_bsz4.ms,230.25,219.00,449.25,0.500,Mid (Meeting),8.21,33.73,347.64,2397.00,11499.37,235.95,,0,67,46.00,-67,3983343,-266883.98,7,fused
578500,000000578500.jpg,640x290,1,0.516317,0,0,FP,yolov8l_bsz4.ms,230.25,219.00,449.25,0.500,Mid (Meeting),8.21,33.73,347.64,2397.00,11499.37,235.95,,0,67,46.00,-67,3983343,-266883.98,7,fused
39670,000000039670.jpg,640x640,1,0.516136,0,0,FP,yolov8l_bsz4.ms,230.25,219.00,449.25,0.500,Mid (Meeting),8.21,33.73,347.64,2397.00,11499.37,235.95,,0,67,46.00,-67,3983343,-266883.98,7,fused
426329,000000426329.jpg,640x428,1,0.515552,0,0,FP,yolov8l_bsz4.ms,230.25,219.00,449.25,0.500,Mid (Meeting),8.21,33.73,347.64,2397.00,11499.37,235.95,,0,67,46.00,-67,3983343,-266883.98,7,fused
85665,000000085665.jpg,506x640,1,0.515522,0,0,FP,yolov8l_bsz4.ms,231.00,184.75,415.75,0.500,Mid (Meeting),5.54,35.52,292.60,2454.00,11499.37,285.33,,0,67,46.00,-171,3980477,-680661.57,7,fused
473015,000000473015.jpg,640x427,1,0.515031,0,0,FP,yolov8l_bsz4.ms,231.00,184.75,415.75,0.500,Mid (Meeting),5.54,35.52,292.60,2454.00,11499.37,285.33,,0,67,46.00,-171,3980477,-680661.57,7,fused
10363,000000010363.jpg,640x361,1,0.514869,0,0,FP,yolov8l_bsz4.ms,231.00,184.75,415.75,0.500,Mid (Meeting),5.54,35.52,292.60,2454.00,11499.37,285.33,,0,67,46.00,-171,3980477,-680661.57,7,fused
277584,000000277584.jpg,640x480,1,0.514520,0,0,FP,yolov8l_bsz4.ms,231.00,184.75,415.75,0.500,Mid (Meeting),5.54,35.52,292.60,2454.00,11499.37,285.33,,0,67,46.00,-171,3980477,-680661.57,7,fused
497568,000000497568.jpg,640x424,1,0.514256,1,1,TP,yolov8l_bsz4.ms,227.50,225.25,452.75,0.500,Mid (Meeting),5.19,35.62,368.39,2375.00,11499.37,200.89,,0,67,46.00,-75,3983048,-298728.60,7,fused
24027,000000024027.jpg,500x375,1,0.513994,1,1,TP,yolov8l_bsz4.ms,227.50,225.25,452.75,0.500,Mid (Meeting),5.19,35.62,368.39,2375.00,11499.37,200.89,,0,67,46.00,-75,3983048,-298728.60,7,fused
327617,000000327617.jpg,379x640,1,0.513630,1,1,TP,yolov8l_bsz4.ms,227.50,225.25,452.75,0.500,Mid (Meeting),5.19,35.62,368.39,2375.00,11499.37,200.89,,0,67,46.00,-75,3983048,-298728.60,7,fused
475904,000000475904.jpg,640x426,1,0.513566,0,0,FP,yolov8l_bsz4.ms,227.50,225.25,452.75,0.500,Mid (Meeting),5.19,35.62,368.39,2375.00,11499.37,200.89,,0,67,46.00,-75,3983048,-298728.60,7,fused
141597,000000141597.jpg,640x427,1,0.513032,0,0,FP,yolov8l_bsz4.ms,231.50,162.25,393.75,0.500,Mid (Meeting),5.01,35.62,367.27,2381.00,11499.37,232.54,,0,67,46.00,-154,3980772,-613038.89,7,fused
372203,000000372203.jpg,640x360,1,0.512960,0,0,FP,yolov8l_bsz4.ms,231.50,162.25,393.75,0.500,Mid (Meeting),5.01,35.62,367.27,2381.00,11499.37,232.54,,0,67,46.00,-154,3980772,-613038.89,7,fused
277197,000000277197.jpg,600x416,1,0.512673,0,0,FP,yolov8l_bsz4.ms,231.50,162.25,393.75,0.500,Mid (Meeting),5.01,35.62,367.27,2381.00,11499.37,232.54,,0,67,46.00,-154,3980772,-613038.89,7,fused
55022,000000055022.jpg,480x640,1,0.511787,1,1,TP,yolov8l_bsz4.ms,231.50,162.25,393.75,0.500,Mid (Meeting),5.01,35.62,367.27,2381.00,11499.37,232.54,,0,67,46.00,-154,3980772,-613038.89,7,fused
48153,000000048153.jpg,500x375,1,0.511406,1,1,TP,yolov8l_bsz4.ms,230.75,230.75,461.50,0.500,Mid (Meeting),4.99,34.44,348.66,2403.00,11499.37,247.21,,0,67,46.00,-24,3984277,-95622.65,7,fused
402118,000000402118.jpg,640x428,1,0.510455,1,1,TP,yolov8l_bsz4.ms,230.75,230.75,461.50,0.500,Mid (Meeting),4.99,34.44,348.66,2403.00,11499.37,247.21,,0,67,46.00,-24,3984277,-95622.65,7,fused
55299,000000055299.jpg,640x429,1,0.510227,0,0,FP,yolov8l_bsz4.ms,230.75,230.75,461.50,0.500,Mid (Meeting),4.99,34.44,348.66,2403.00,11499.37,247.21,,0,67,46.00,-24,3984277,-95622.65,7,fused
296317,000000296317.jpg,640x480,1,0.510102,0,0,FP,yolov8l_bsz4.ms,230.75,230.75,461.50,0.500,Mid (Meeting),4.99,34.44,348.66,2403.00,11499.37,247.21,,0,67,46.00,-24,3984277,-95622.65,7,fused
1425,000000001425.jpg,640x512,1,0.510046,0,0,FP,yolov8l_bsz4.ms,233.75,239.25,473.00,0.500,Mid (Meeting),4.98,33.77,301.19,2451.00,11499.37,290.43,,0,67,46.00,-59,3983370,-235018.83,7,fused
562059,000000562059.jpg,427x640,1,0.510034,0,0,FP,yolov8l_bsz4.ms,233.75,239.25,473.00,0.500,Mid (Meeting),4.98,33.77,301.19,2451.00,11499.37,290.43,,0,67,46.00,-59,3983370,-235018.83,7,fused
283037,000000283037.jpg,427x640,1,0.509499,0,0,FP,yolov8l_bsz4.ms,233.75,239.25,473.00,0.500,Mid (Meeting),4.98,33.77,301.19,2451.00,11499.37,290.43,,0,67,46.00,-59,3983370,-235018.83,7,fused
474095,000000474095.jpg,333x500,1,0.509407,1,1,TP,yolov8l_bsz4.ms,233.75,239.25,473.00,0.500,Mid (Meeting),4.98,33.77,301.19,2451.00,11499.37,290.43,,0,67,46.00,-59,3983370,-235018.83,7,fused
516871,000000516871.jpg,640x418,1,0.508743,0,0,FP,yolov8l_bsz4.ms,231.00,250.75,481.75,0.500,Mid (Meeting),4.93,30.36,367.07,2386.00,11499.37,217.79,,0,67,46.00,-44,3983819,-175288.04,7,fused
94336,000000094336.jpg,500x336,1,0.508657,0,0,FP,yolov8l_bsz4.ms,231.00,250.75,481.75,0.500,Mid (Meeting),4.93,30.36,367.07,2386.00,11499.37,217.79,,0,67,46.00,-44,3983819,-175288.04,7,fused
579900,000000579900.jpg,375x500,1,0.508448,0,0,FP,yolov8l_bsz4.ms,231.00,250.75,481.75,0.500,Mid (Meeting),4.93,30.36,367.07,2386.00,11499.37,217.79,,0,67,46.00,-44,3983819,-175288.04,7,fused
473821,000000473821.jpg,500x333,1,0.508291,0,0,FP,yolov8l_bsz4.ms,231.00,250.75,481.75,0.500,Mid (Meeting),4.93,30.36,367.07,2386.00,11499.37,217.79,,0,67,46.00,-44,3983819,-175288.04,7,fused
458054,000000458054.jpg,640x426,1,0.508105,0,0,FP,yolov8l_bsz4.ms,234.50,218.50,453.00,0.500,Mid (Meeting),4.86,30.96,365.41,2382.00,11499.37,209.97,,0,67,46.00,-53,3983521,-211126.61,7,fused
32861,000000032861.jpg,426x640,1,0.508028,1,1,TP,yolov8l_bsz4.ms,234.50,218.50,453.00,0.500,Mid (Meeting),4.86,30.96,365.41,2382.00,11499.37,209.97,,0,67,46.00,-53,3983521,-211126.61,7,fused
353518,000000353518.jpg,640x414,1,0.507811,1,1,TP,yolov8l_bsz4.ms,234.50,218.50,453.00,0.500,Mid (Meeting),4.86,30.96,365.41,2382.00,11499.37,209.97,,0,67,46.00,-53,3983521,-211126.61,7,fused
98520,000000098520.jpg,640x480,1,0.507753,0,0,FP,yolov8l_bsz4.ms,234.50,218.50,453.00,0.500,Mid (Meeting),4.86,30.96,365.41,2382.00,11499.37,209.97,,0,67,46.00,-53,3983521,-211126.61,7,fused
88462,000000088462.jpg,640x383,1,0.507487,0,0,FP,yolov8l_bsz4.ms,232.25,193.00,425.25,0.500,Mid (Meeting),4.81,31.39,346.57,2403.00,11499.37,227.33,,0,67,46.00,-76,3982784,-302691.58,7,fused
560256,000000560256.jpg,640x480,1,0.507399,0,0,FP,yolov8l_bsz4.ms,232.25,193.00,425.25,0.500,Mid (Meeting),4.81,31.39,346.57,2403.00,11499.37,227.33,,0,67,46.00,-76,3982784,-302691.58,7,fused
344100,000000344100.jpg,640x427,1,0.507031,0,0,FP,yolov8l_bsz4.ms,232.25,193.00,425.25,0.500,Mid (Meeting),4.81,31.39,346.57,2403.00,11499.37,227.33,,0,67,46.00,-76,3982784,-302691.58,7,fused
134112,000000134112.jpg,500x357,1,0.507005,0,0,FP,yolov8l_bsz4.ms,232.25,193.00,425.25,0.500,Mid (Meeting),4.81,31.39,346.57,2403.00,11499.37,227.33,,0,67,46.00,-76,3982784,-302691.58,7,fused
388258,000000388258.jpg,640x478,1,0.506667,0,0,FP,yolov8l_bsz4.ms,231.50,242.75,474.25,0.500,Mid (Meeting),4.90,31.42,293.40,2456.00,11499.37,274.86,,0,67,46.00,-29,3984037,-115537.07,7,fused
416991,000000416991.jpg,640x329,1,0.505580,0,0,FP,yolov8l_bsz4.ms,231.50,242.75,474.25,0.500,Mid (Meeting),4.90,31.42,293.40,2456.00,11499.37,274.86,,0,67,46.00,-29,3984037,-115537.07,7,fused
480275,000000480275.jpg,640x471,1,0.504823,1,1,TP,yolov8l_bsz4.ms,231.50,242.75,474.25,0.500,Mid (Meeting),4.90,31.42,293.40,2456.00,11499.37,274.86,,0,67,46.00,-29,3984037,-115537.07,7,fused
269314,000000269314.jpg,640x480,1,0.504633,0,0,FP,yolov8l_bsz4.ms,231.50,242.75,474.25,0.500,Mid (Meeting),4.90,31.42,293.40,2456.00,11499.37,274.86,,0,67,46.00,-29,3984037,-115537.07,7,fused
83531,000000083531.jpg,500x275,1,0.504295,1,1,TP,yolov8l_bsz4.ms,231.50,218.50,450.00,0.500,Mid (Meeting),4.84,31.42,368.41,2378.00,11499.37,200.09,,0,67,46.00,-70,3982920,-278804.40,7,fused
513524,000000513524.jpg,640x425,1,0.503912,1,1,TP,yolov8l_bsz4.ms,231.50,218.50,450.00,0.500,Mid (Meeting),4.84,31.42,368.41,2378.00,11499.37,200.09,,0,67,46.00,-70,3982920,-278804.40,7,fused
130465,000000130465.jpg,640x428,1,0.502974,0,0,FP,yolov8l_bsz4.ms,231.50,218.50,450.00,0.500,Mid (Meeting),4.84,31.42,368.41,2378.00,11499.37,200.09,,0,67,46.00,-70,3982920,-278804.40,7,fused
293300,000000293300.jpg,640x427,1,0.502315,1,1,TP,yolov8l_bsz4.ms,231.50,218.50,450.00,0.500,Mid (Meeting),4.84,31.42,368.41,2378.00,11499.37,200.09,,0,67,46.00,-70,3982920,-278804.40,7,fused
503841,000000503841.jpg,640x598,1,0.502042,0,0,FP,yolov8l_bsz4.ms,232.25,194.75,427.00,0.500,Mid (Meeting),5.44,36.65,372.57,2373.00,11499.37,189.39,,0,67,46.00,-44,3983356,-175267.66,7,fused
61268,000000061268.jpg,640x424,1,0.500452,1,1,TP,yolov8l_bsz4.ms,232.25,194.75,427.00,0.500,Mid (Meeting),5.44,36.65,372.57,2373.00,11499.37,189.39,,0,67,46.00,-44,3983356,-175267.66,7,fused
323828,000000323828.jpg,427x640,1,0.500334,0,0,FP,yolov8l_bsz4.ms,232.25,194.75,427.00,0.500,Mid (Meeting),5.44,36.65,372.57,2373.00,11499.37,189.39,,0,67,46.00,-44,3983356,-175267.66,7,fused
290179,000000290179.jpg,640x426,1,0.500319,1,1,TP,yolov8l_bsz4.ms,232.25,194.75,427.00,0.500,Mid (Meeting),5.44,36.65,372.57,2373.00,11499.37,189.39,,0,67,46.00,-44,3983356,-175267.66,7,fused
